camera_x_mm,camera_y_mm,camera_z_mm,robot_x_mm,robot_y_mm,robot_z_mm,u_px,v_px,red,green,blue,color_source
82.67469024658203,-241.01646423339844,-665.0549926757812,303.54248583432997,112.07227994411988,-24.434398667401183,387.9999999735054,88.99999610772227,0.5254902243614197,0.4941176474094391,0.4313725531101227,calibrated_uv_reprojection_plus_stereo_left
84.02027893066406,-240.8015899658203,-664.4229125976562,302.35156392321625,111.17166481446571,-23.99497719000152,389.0000036433189,88.9999885857421,0.5333333611488342,0.545098066329956,0.5215686559677124,calibrated_uv_reprojection_plus_stereo_left
85.41881561279297,-240.74293518066406,-664.2219848632812,301.42253825610084,110.03750989821896,-23.82815324714835,390.00000391542477,88.9999980034543,0.5411764979362488,0.5529412031173706,0.529411792755127,calibrated_uv_reprojection_plus_stereo_left
86.83442687988281,-240.73342895507812,-664.1566162109375,300.575633433791,108.82954321065995,-23.747011093220124,391.0000013142078,88.9999935746824,0.5372549295425415,0.5529412031173706,0.5411764979362488,calibrated_uv_reprojection_plus_stereo_left
88.15058898925781,-240.45278930664062,-663.3433227539062,299.27867768174445,108.03336359643151,-23.193235342116395,392.00000224394466,89.0000035668649,0.5372549295425415,0.5529412031173706,0.545098066329956,calibrated_uv_reprojection_plus_stereo_left
89.55381774902344,-240.4146728515625,-663.1990356445312,298.3853690339615,106.87048977057225,-23.062266271823944,393.00000349945765,88.99998818328342,0.5411764979362488,0.5568627715110779,0.5529412031173706,calibrated_uv_reprojection_plus_stereo_left
90.96822357177734,-240.40713500976562,-663.1392211914062,297.54288968225984,105.66117352858333,-22.984701547122597,393.99999903514447,89.00000183015695,0.545098066329956,0.5607843399047852,0.5568627715110779,calibrated_uv_reprojection_plus_stereo_left
92.29769897460938,-240.17869567871094,-662.4700927734375,296.33600064186373,104.79073628616925,-22.522192951796683,394.999995622301,89.00001136137575,0.5490196347236633,0.5607843399047852,0.5568627715110779,calibrated_uv_reprojection_plus_stereo_left
93.70604705810547,-240.15916442871094,-662.3771362304688,295.47454223284956,103.6010935938441,-22.423711754743636,396.0000041396162,88.99999912434149,0.5490196347236633,0.5607843399047852,0.5568627715110779,calibrated_uv_reprojection_plus_stereo_left
95.08592224121094,-240.0682373046875,-662.0873413085938,294.49593182816085,102.52184017808997,-22.200915808988896,396.9999977234542,89.00000218566336,0.5490196347236633,0.5607843399047852,0.5568627715110779,calibrated_uv_reprojection_plus_stereo_left
96.45977020263672,-239.96484375,-661.76318359375,293.4974746867106,101.46277736224624,-21.956443258844672,397.99999776219494,89.00000230868662,0.5529412031173706,0.5607843399047852,0.5607843399047852,calibrated_uv_reprojection_plus_stereo_left
97.84132385253906,-239.88320922851562,-661.4990234375,292.53528291074167,100.37091421763756,-21.749886323068836,399.00000266046334,88.99999293522754,0.5607843399047852,0.5607843399047852,0.5607843399047852,calibrated_uv_reprojection_plus_stereo_left
99.26144409179688,-239.89698791503906,-661.498046875,291.72940992887055,99.13104216176868,-21.709557720608473,400.00000229403724,88.99999983939131,0.5568627715110779,0.5607843399047852,0.5607843399047852,calibrated_uv_reprojection_plus_stereo_left
100.67745971679688,-239.90049743652344,-661.46875,290.9066884046342,97.90705823405335,-21.65134186336968,400.9999975297156,89.00000677504522,0.5490196347236633,0.5647059082984924,0.5607843399047852,calibrated_uv_reprojection_plus_stereo_left
102.06428527832031,-239.835205078125,-661.2496948242188,289.97204783359604,96.79099594145657,-21.473309186002496,401.99999890276945,88.99999781193142,0.5529412031173706,0.5607843399047852,0.5607843399047852,calibrated_uv_reprojection_plus_stereo_left
103.47167205810547,-239.81922912597656,-661.1666870117188,289.1178500730661,95.59788244255424,-21.381193380128707,402.99999659740377,89.00000556471267,0.5568627715110779,0.5568627715110779,0.5529412031173706,calibrated_uv_reprojection_plus_stereo_left
81.13668823242188,-239.26268005371094,-664.1630859375,302.7705218839877,114.38745435801741,-24.638073685884137,387.0000027635301,89.99999913196638,0.48627451062202454,0.4901960790157318,0.4431372582912445,calibrated_uv_reprojection_plus_stereo_left
82.53343963623047,-239.1995391845703,-663.9487915039062,301.83372162597226,113.26051733480273,-24.462618448752323,387.99999916955466,90.0000015283388,0.5411764979362488,0.545098066329956,0.5058823823928833,calibrated_uv_reprojection_plus_stereo_left
83.92049407958984,-239.11074829101562,-663.663330078125,300.85434174215504,112.17290493664302,-24.242119684818647,388.9999985722893,90.0000056406343,0.5372549295425415,0.5529412031173706,0.5411764979362488,calibrated_uv_reprojection_plus_stereo_left
85.32273864746094,-239.0673370361328,-663.5037841796875,299.9514252284265,111.01742635865361,-24.101362694732188,390.0000018297039,89.99999501317276,0.5411764979362488,0.5568627715110779,0.545098066329956,calibrated_uv_reprojection_plus_stereo_left
86.75094604492188,-239.0967559814453,-663.5464477539062,299.17036783746056,109.75161565362811,-24.088651685545187,391.00000091844265,90.00000387458584,0.5411764979362488,0.5568627715110779,0.5529412031173706,calibrated_uv_reprojection_plus_stereo_left
88.05786895751953,-238.7962188720703,-662.6734008789062,297.8394950318797,108.98873155351015,-23.49623950786645,391.999998701961,89.99999942188197,0.5372549295425415,0.5529412031173706,0.5490196347236633,calibrated_uv_reprojection_plus_stereo_left
89.44548034667969,-238.7203826904297,-662.4240112304688,296.88416599224627,107.88499446121705,-23.298694909533424,393.00000074287493,90.00000494817161,0.5372549295425415,0.5529412031173706,0.5490196347236633,calibrated_uv_reprojection_plus_stereo_left
90.85981750488281,-238.71701049804688,-662.3756713867188,296.04951133525066,106.67074412668654,-23.228414675071065,394.00000336647474,89.99999983815599,0.5411764979362488,0.5568627715110779,0.5529412031173706,calibrated_uv_reprojection_plus_stereo_left
92.24681091308594,-238.6428985595703,-662.131103515625,295.0977894221935,105.56545659300468,-23.033958041235962,394.99999581811716,90.00000597429968,0.545098066329956,0.5607843399047852,0.5568627715110779,calibrated_uv_reprojection_plus_stereo_left
93.61927032470703,-238.53384399414062,-661.78955078125,294.08880783393766,104.51490131471377,-22.77814067459701,396.000001681075,89.99999624757453,0.545098066329956,0.5607843399047852,0.5568627715110779,calibrated_uv_reprojection_plus_stereo_left
94.97000885009766,-238.37339782714844,-661.3055419921875,292.99588588270154,103.54509066054243,-22.432236212108933,396.99999839883725,90.0000074702914,0.545098066329956,0.5607843399047852,0.5568627715110779,calibrated_uv_reprojection_plus_stereo_left
96.30350494384766,-238.17489624023438,-660.7159423828125,291.84142919634496,102.63610723066876,-22.01956483142925,398.00000186156296,90.00000008778389,0.5529412031173706,0.5647059082984924,0.5607843399047852,calibrated_uv_reprojection_plus_stereo_left
97.68223571777344,-238.09228515625,-660.4479370117188,290.87855770232454,101.54819831765167,-21.810416398700852,398.99999495861414,90.00000801267484,0.5607843399047852,0.5607843399047852,0.5607843399047852,calibrated_uv_reprojection_plus_stereo_left
99.14555358886719,-238.2151336669922,-660.749755859375,290.25268809591034,100.13935121182925,-21.961723692564988,400.0000019687394,89.99999167244385,0.5568627715110779,0.5607843399047852,0.5607843399047852,calibrated_uv_reprojection_plus_stereo_left
100.52278137207031,-238.13047790527344,-660.47607421875,289.28684030703715,99.05521253022812,-21.748998665681313,401.0000001856496,89.99999379099071,0.5490196347236633,0.5647059082984924,0.5607843399047852,calibrated_uv_reprojection_plus_stereo_left
101.91765594482422,-238.08926391601562,-660.3229370117188,288.392409658118,97.90340472597234,-21.612544082558088,401.99999902305746,90.0000050232517,0.5490196347236633,0.5647059082984924,0.5607843399047852,calibrated_uv_reprojection_plus_stereo_left
103.29325866699219,-238.00466918945312,-660.0494384765625,287.4276153973986,96.8206012138811,-21.399975196980222,403.0000018655019,89.99999909232179,0.5490196347236633,0.5607843399047852,0.5607843399047852,calibrated_uv_reprojection_plus_stereo_left
104.77297973632812,-238.15892028808594,-660.4383544921875,286.85125974764657,95.35967973675105,-21.60629937110741,403.9999983773126,90.0000046271544,0.545098066329956,0.5607843399047852,0.5568627715110779,calibrated_uv_reprojection_plus_stereo_left
106.16673278808594,-238.1161346435547,-660.2808227539062,285.95450901438073,94.21074956687079,-21.467069034358133,405.0000006209743,90.00000363334888,0.545098066329956,0.5568627715110779,0.5529412031173706,calibrated_uv_reprojection_plus_stereo_left
107.55775451660156,-238.06832885742188,-660.109375,285.04990857306944,93.07023680702025,-21.319052281438076,406.00000078442366,90.00000033331031,0.5411764979362488,0.5529412031173706,0.5490196347236633,calibrated_uv_reprojection_plus_stereo_left
108.9595947265625,-238.0452880859375,-660.006591796875,284.185563032839,91.8905039098301,-21.21445308299593,407.00000346571164,89.99999362037073,0.5490196347236633,0.5490196347236633,0.5490196347236633,calibrated_uv_reprojection_plus_stereo_left
78.83859252929688,-239.49465942382812,-668.844482421875,306.188890722637,114.9533213462899,-28.41576188769102,385.0000021091237,90.99999258584981,0.6196078658103943,0.5647059082984924,0.4745098054409027,calibrated_uv_reprojection_plus_stereo_left
79.70811462402344,-237.82745361328125,-664.1494750976562,302.53140157980647,116.22538982551754,-25.396851635072153,385.99999778997363,90.99999801341298,0.5215686559677124,0.47843137383461,0.4000000059604645,calibrated_uv_reprojection_plus_stereo_left
80.9747085571289,-237.38241577148438,-662.8677978515625,300.9492674205758,115.67381276655937,-24.54402835794218,386.99999974070954,91.00000290693077,0.5372549295425415,0.5411764979362488,0.5176470875740051,calibrated_uv_reprojection_plus_stereo_left
82.468017578125,-237.60574340820312,-663.4525146484375,300.49648176564654,114.11669421259103,-24.875346816572744,387.99999961584393,91.00001084590457,0.5490196347236633,0.5568627715110779,0.5372549295425415,calibrated_uv_reprojection_plus_stereo_left
83.87937927246094,-237.58929443359375,-663.3676147460938,299.6388744854651,112.92086063945379,-24.78182941215897,388.9999990509735,91.00000172750674,0.545098066329956,0.5607843399047852,0.5568627715110779,calibrated_uv_reprojection_plus_stereo_left
85.28633117675781,-237.56094360351562,-663.24951171875,298.76138380668436,111.74324774719236,-24.667260726569623,390.000003711505,90.99999817304567,0.5411764979362488,0.5568627715110779,0.5529412031173706,calibrated_uv_reprojection_plus_stereo_left
86.70845031738281,-237.57496643066406,-663.2496948242188,297.9550197700828,110.50120639827657,-24.62771334688398,391.000003746618,90.99998990633114,0.5411764979362488,0.5607843399047852,0.5529412031173706,calibrated_uv_reprojection_plus_stereo_left
87.992431640625,-237.2159881591797,-662.2086791992188,296.5252225308263,109.83031831510789,-23.92791253782275,392.0000014172306,90.99999974889116,0.5372549295425415,0.5568627715110779,0.5529412031173706,calibrated_uv_reprojection_plus_stereo_left
89.41499328613281,-237.23593139648438,-662.2254638671875,295.72978994106785,108.58071120799207,-23.898946745076216,393.0000012365258,90.99999805160499,0.5372549295425415,0.5568627715110779,0.5529412031173706,calibrated_uv_reprojection_plus_stereo_left
90.81996154785156,-237.20916748046875,-662.1118774414062,294.8564641570298,107.40287876539219,-23.78731716770966,394.0000018195592,90.99999851414091,0.5411764979362488,0.5607843399047852,0.5529412031173706,calibrated_uv_reprojection_plus_stereo_left
92.21223449707031,-237.15045166015625,-661.9091186523438,293.93023680918276,106.27471647994929,-23.61916404123633,395.0000014826619,90.9999992140983,0.545098066329956,0.5647059082984924,0.5568627715110779,calibrated_uv_reprojection_plus_stereo_left
93.55647277832031,-236.9717254638672,-661.3714599609375,292.80552650216595,105.33341109097915,-23.238741847213078,395.9999966695378,91.00000564010574,0.5411764979362488,0.5647059082984924,0.5568627715110779,calibrated_uv_reprojection_plus_stereo_left
94.91851043701172,-236.8426055908203,-660.9722290039062,291.76403849717747,104.31665628582402,-22.946105447520324,397.00000031807025,90.99999459521393,0.545098066329956,0.5647059082984924,0.5568627715110779,calibrated_uv_reprojection_plus_stereo_left
96.25064849853516,-236.6436309814453,-660.378173828125,290.60817919850683,103.41032015711437,-22.5300491985289,397.99999974631965,91.00000168368052,0.545098066329956,0.5647059082984924,0.5607843399047852,calibrated_uv_reprojection_plus_stereo_left
97.59138488769531,-236.47113037109375,-659.8580322265625,289.49726684209077,102.46449052780042,-22.1608937688502,399.0000000511314,91.00000259329079,0.5529412031173706,0.5607843399047852,0.5607843399047852,calibrated_uv_reprojection_plus_stereo_left
99.0303726196289,-236.53811645507812,-660.0061645507812,288.7810465845694,101.14370621790232,-22.215247928735096,399.99999903915875,90.99999972568904,0.5490196347236633,0.5607843399047852,0.5607843399047852,calibrated_uv_reprojection_plus_stereo_left
100.42477416992188,-236.4980926513672,-659.855712890625,287.88886774534285,99.99105201969951,-22.080398089420157,401.0000008476078,90.99999909797302,0.545098066329956,0.5647059082984924,0.5647059082984924,calibrated_uv_reprojection_plus_stereo_left
101.81451416015625,-236.44825744628906,-659.6779174804688,286.9808986130624,98.85430248071907,-21.92824050672948,401.9999949728192,91.00000291267102,0.545098066329956,0.5647059082984924,0.5647059082984924,calibrated_uv_reprojection_plus_stereo_left
103.21305847167969,-236.41981506347656,-659.5597534179688,286.1081441269479,97.6840532378796,-21.813860836445315,403.0000036960233,90.99999033844685,0.5411764979362488,0.5647059082984924,0.5568627715110779,calibrated_uv_reprojection_plus_stereo_left
104.69019317626953,-236.5696258544922,-659.93896484375,285.5260159409503,96.22998195830922,-22.01455582041683,403.99999876254435,91.00000542106707,0.5411764979362488,0.5607843399047852,0.5568627715110779,calibrated_uv_reprojection_plus_stereo_left
106.09573364257812,-236.5557098388672,-659.861328125,284.6766035219088,95.03609047156698,-21.925834688021098,405.00000405707584,90.99999790085278,0.5372549295425415,0.5529412031173706,0.5490196347236633,calibrated_uv_reprojection_plus_stereo_left
107.49101257324219,-236.5194854736328,-659.7214965820312,283.7910851752215,93.87807480082097,-21.79773414788548,406.00000217172874,90.99999703088508,0.5372549295425415,0.5529412031173706,0.5490196347236633,calibrated_uv_reprojection_plus_stereo_left
108.89901733398438,-236.51171875,-659.6610717773438,282.95186254305634,92.67459143805235,-21.71993204357028,407.00000183540214,91.00000234699365,0.5333333611488342,0.5490196347236633,0.545098066329956,calibrated_uv_reprojection_plus_stereo_left
110.39713287353516,-236.697265625,-660.1397705078125,282.4249049414642,91.15914226148158,-21.983487837099858,407.9999981764409,91.00000202745093,0.5333333611488342,0.5490196347236633,0.5411764979362488,calibrated_uv_reprojection_plus_stereo_left
77.21665954589844,-237.48446655273438,-667.2428588867188,304.98451399093125,117.6498127424262,-28.170260588960332,384.0000008223608,92.00000561172445,0.6784313917160034,0.5843137502670288,0.45098039507865906,calibrated_uv_reprojection_plus_stereo_left
78.13280487060547,-235.9485626220703,-662.888671875,301.53704884975105,118.72990218810088,-25.362712737899415,385.0000003314651,91.99999396051766,0.48627451062202454,0.47843137383461,0.41960784792900085,calibrated_uv_reprojection_plus_stereo_left
79.4546890258789,-235.67062377929688,-662.0690307617188,300.23617570336694,117.92944573036681,-24.80220608670396,385.99999955311137,91.99999302834868,0.5411764979362488,0.5333333611488342,0.48235294222831726,calibrated_uv_reprojection_plus_stereo_left
80.79900360107422,-235.4676055908203,-661.4599609375,299.06416960654354,117.01847868296613,-24.37561891294814,387.0000025237194,91.99999693904306,0.5490196347236633,0.5529412031173706,0.5372549295425415,calibrated_uv_reprojection_plus_stereo_left
82.3143539428711,-235.76133728027344,-662.2462768554688,298.7334622004511,115.35561217346259,-24.835818111338483,387.99999856057934,91.99999202360203,0.5529412031173706,0.5568627715110779,0.5490196347236633,calibrated_uv_reprojection_plus_stereo_left
83.6793212890625,-235.62152099609375,-661.8148193359375,297.66916311111595,114.34992194620202,-24.5221454139907,388.99999795285873,92.00000632242936,0.545098066329956,0.5607843399047852,0.5568627715110779,calibrated_uv_reprojection_plus_stereo_left
85.02851104736328,-235.4425506591797,-661.2733764648438,296.5398711913397,113.40549314362215,-24.138627945093447,389.99999633283545,92.00000539317827,0.5372549295425415,0.5529412031173706,0.5490196347236633,calibrated_uv_reprojection_plus_stereo_left
86.44383239746094,-235.44940185546875,-661.2538452148438,295.72402466591853,112.17794669825315,-24.086730755699875,391.0000014432047,91.99999919058635,0.5372549295425415,0.5607843399047852,0.5529412031173706,calibrated_uv_reprojection_plus_stereo_left
87.7833251953125,-235.25270080566406,-660.6627197265625,294.56681775074486,111.26344302992123,-23.671744324759118,391.9999982029314,92.00000486031064,0.5411764979362488,0.5647059082984924,0.5568627715110779,calibrated_uv_reprojection_plus_stereo_left
89.15865325927734,-235.15660095214844,-660.3541259765625,293.5792772588177,110.19564195516546,-23.43627208457633,393.00000110640775,92.00000186972255,0.5411764979362488,0.5647059082984924,0.5607843399047852,calibrated_uv_reprojection_plus_stereo_left
90.57249450683594,-235.1633758544922,-660.3344116210938,292.76414932616547,108.9694658560507,-23.384297542270815,394.00000281861026,91.999993479089,0.5411764979362488,0.5647059082984924,0.5607843399047852,calibrated_uv_reprojection_plus_stereo_left
91.95569610595703,-235.0914764404297,-660.0938720703125,291.8178890570119,107.86541175424941,-23.192098963099625,394.99999882333043,92.00000562684326,0.5411764979362488,0.5647059082984924,0.5568627715110779,calibrated_uv_reprojection_plus_stereo_left
93.26045989990234,-234.82412719726562,-659.3045654296875,290.5471190796497,107.06681029422685,-22.651453942349804,395.999997253819,92.000009159126,0.5411764979362488,0.5647059082984924,0.5568627715110779,calibrated_uv_reprojection_plus_stereo_left
94.63981628417969,-234.7496337890625,-659.0567626953125,289.5981706621324,105.96924202124177,-22.454711314054293,396.9999995509865,92.00000686158512,0.5411764979362488,0.5647059082984924,0.5568627715110779,calibrated_uv_reprojection_plus_stereo_left
96.03044891357422,-234.7047882080078,-658.8922119140625,288.6988082678747,104.82587758792295,-22.310846495719886,397.9999955135528,92.00000392893449,0.5411764979362488,0.5647059082984924,0.5568627715110779,calibrated_uv_reprojection_plus_stereo_left
97.41007995605469,-234.6345977783203,-658.6565551757812,287.7578647529311,103.72282850131182,-22.121861304921538,398.99999541696184,92.00000803633068,0.545098066329956,0.5647059082984924,0.5568627715110779,calibrated_uv_reprojection_plus_stereo_left
98.77693939208984,-234.5359649658203,-658.3410034179688,286.7704619029855,102.66541995752863,-21.882169909835852,400.00000401082264,91.99999216111314,0.5411764979362488,0.5647059082984924,0.5568627715110779,calibrated_uv_reprojection_plus_stereo_left
100.1690673828125,-234.49916076660156,-658.1990966796875,285.8854726301316,101.51097482318187,-21.752735095118,400.99999992796654,91.99999428884792,0.5411764979362488,0.5647059082984924,0.5607843399047852,calibrated_uv_reprojection_plus_stereo_left
101.57636260986328,-234.49826049804688,-658.1580200195312,285.0596690750248,100.29975287899777,-21.687310379764256,401.9999958526647,92.00000884590943,0.5411764979362488,0.5647059082984924,0.5607843399047852,calibrated_uv_reprojection_plus_stereo_left
102.97467041015625,-234.47682189941406,-658.0592041015625,284.20016285207413,99.12129720342261,-21.58522674080689,402.9999980331197,91.99999877344644,0.5411764979362488,0.5647059082984924,0.5607843399047852,calibrated_uv_reprojection_plus_stereo_left
104.4028549194336,-234.52293395996094,-658.1500244140625,283.4512122160906,97.83487416134733,-21.603486774196824,404.000002962439,92.00000412256622,0.5411764979362488,0.5607843399047852,0.5568627715110779,calibrated_uv_reprojection_plus_stereo_left
105.80536651611328,-234.51084899902344,-658.0774536132812,282.6069705156906,96.64141418878091,-21.51805430831007,405.0000017629017,91.99999323469888,0.5372549295425415,0.5529412031173706,0.5490196347236633,calibrated_uv_reprojection_plus_stereo_left
107.20881652832031,-234.50100708007812,-658.01123046875,281.76645155395187,95.44440128455187,-21.43666077292437,406.00000108859797,91.9999952925964,0.5333333611488342,0.5490196347236633,0.545098066329956,calibrated_uv_reprojection_plus_stereo_left
108.60990905761719,-234.48622131347656,-657.93115234375,280.91794934984927,94.25543192126014,-21.346483207255915,406.99999964527063,92.00000109190566,0.5333333611488342,0.5490196347236633,0.545098066329956,calibrated_uv_reprojection_plus_stereo_left
109.98909759521484,-234.42501831054688,-657.7208251953125,279.99429275567473,93.14182982463564,-21.173691655442667,408.000002473089,92.00000166310858,0.5333333611488342,0.5490196347236633,0.545098066329956,calibrated_uv_reprojection_plus_stereo_left
111.5025863647461,-234.64788818359375,-658.3074951171875,279.53038597491025,91.56680113326337,-21.50638809672506,409.00000223172896,92.00000432742738,0.5333333611488342,0.5490196347236633,0.545098066329956,calibrated_uv_reprojection_plus_stereo_left
112.96046447753906,-234.74954223632812,-658.5540161132812,278.86929999006253,90.18721039206093,-21.623297354787326,409.9999990378497,92.00000146682817,0.5372549295425415,0.545098066329956,0.5411764979362488,calibrated_uv_reprojection_plus_stereo_left
114.42192840576172,-234.85594177246094,-658.8137817382812,278.2150947408101,88.79876440775382,-21.748563262611867,411.00000246663427,91.99999044625594,0.5411764979362488,0.5411764979362488,0.5411764979362488,calibrated_uv_reprojection_plus_stereo_left
76.08525848388672,-236.9872283935547,-669.8978271484375,306.36268298725446,118.08075868600264,-30.631810754213006,383.0000002539312,93.00000415492133,0.7215686440467834,0.6627451181411743,0.529411792755127,calibrated_uv_reprojection_plus_stereo_left
76.69181060791016,-234.46876525878906,-662.7401123046875,301.21674788316125,120.63554078532161,-26.033852127284433,383.9999985048168,93.00001167941767,0.5058823823928833,0.4588235318660736,0.3490196168422699,calibrated_uv_reprojection_plus_stereo_left
78.03594207763672,-234.2555694580078,-662.0987548828125,300.024074250183,119.73814750729667,-25.585983137109338,384.9999967801467,93.00000180523352,0.5176470875740051,0.5176470875740051,0.501960813999176,calibrated_uv_reprojection_plus_stereo_left
79.38373565673828,-234.06057739257812,-661.5089111328125,298.863883034763,118.81535722556657,-25.170981652841533,386.00000392641056,92.9999911561799,0.5411764979362488,0.545098066329956,0.5333333611488342,calibrated_uv_reprojection_plus_stereo_left
80.77147674560547,-233.98800659179688,-661.2651977539062,297.91321540766313,117.7085399439303,-24.97641791933188,386.9999976549064,93.00000468382345,0.5411764979362488,0.5529412031173706,0.5490196347236633,calibrated_uv_reprojection_plus_stereo_left
82.16519165039062,-233.93479919433594,-661.0761108398438,296.99583627591676,116.5729492458317,-24.816629338867756,388.0000006913128,92.999989400935,0.545098066329956,0.5568627715110779,0.5529412031173706,calibrated_uv_reprojection_plus_stereo_left
83.53382110595703,-233.81301879882812,-660.693359375,295.9627399313345,115.54273256890099,-24.533604765227324,389.00000044494715,92.99999623615179,0.545098066329956,0.5568627715110779,0.5529412031173706,calibrated_uv_reprojection_plus_stereo_left
84.89380645751953,-233.67135620117188,-660.2544555664062,294.8968791982985,114.54426006902628,-24.21487952372837,390.0000011353361,92.99999989480162,0.5372549295425415,0.5529412031173706,0.5490196347236633,calibrated_uv_reprojection_plus_stereo_left
86.3071517944336,-233.6786651611328,-660.2365112304688,294.08315730113475,113.31778951043225,-24.164095489308977,391.00000052302516,93.00000587153252,0.5411764979362488,0.5568627715110779,0.5529412031173706,calibrated_uv_reprojection_plus_stereo_left
87.63078308105469,-233.44662475585938,-659.5422973632812,292.8666478332279,112.46107771267407,-23.682970273217734,392.0000004130934,93.00000008994922,0.5411764979362488,0.5568627715110779,0.5529412031173706,calibrated_uv_reprojection_plus_stereo_left
89.01052856445312,-233.36891174316406,-659.2841796875,291.91086306963734,111.36744364003465,-23.479402141747187,392.9999995648681,93.00000303099807,0.5372549295425415,0.5607843399047852,0.5568627715110779,calibrated_uv_reprojection_plus_stereo_left
90.39362335205078,-233.30213928222656,-659.0569458007812,290.97390951997886,110.25756934693823,-23.295498735624165,394.0000025870885,92.9999942836877,0.5372549295425415,0.5607843399047852,0.5568627715110779,calibrated_uv_reprojection_plus_stereo_left
91.781494140625,-233.24942016601562,-658.8695068359375,290.0609240564134,109.12638694146801,-23.136946136263646,395.00000021456947,93.00000489892773,0.5372549295425415,0.5607843399047852,0.5568627715110779,calibrated_uv_reprojection_plus_stereo_left
93.09464263916016,-233.0111541748047,-658.1578979492188,288.8386984572062,108.28632098012747,-22.644973934178438,396.0000043598626,92.99999175828776,0.5372549295425415,0.5607843399047852,0.5568627715110779,calibrated_uv_reprojection_plus_stereo_left
94.49394989013672,-232.9923095703125,-658.066162109375,287.98343931483004,107.10390546568937,-22.547349001070188,397.0000002319418,92.99999348168038,0.5372549295425415,0.5607843399047852,0.5568627715110779,calibrated_uv_reprojection_plus_stereo_left
95.8779067993164,-232.93658447265625,-657.8703002929688,287.0670249453321,105.97976954992413,-22.38351325331911,397.999998770401,93.00000247874772,0.5372549295425415,0.5607843399047852,0.5568627715110779,calibrated_uv_reprojection_plus_stereo_left
97.26683807373047,-232.89427185058594,-657.7122802734375,286.17318965491495,104.83497496219888,-22.243749109121268,399.0000000787741,92.9999980918198,0.5372549295425415,0.5607843399047852,0.5568627715110779,calibrated_uv_reprojection_plus_stereo_left
98.61812591552734,-232.76419067382812,-657.3064575195312,285.1344543826942,103.82984260191915,-21.94643900791891,400.0000006051339,93.00000268390355,0.5372549295425415,0.5607843399047852,0.5568627715110779,calibrated_uv_reprojection_plus_stereo_left
100.01422119140625,-232.74192810058594,-657.2051391601562,284.2745830314917,102.65436440723721,-21.842774220508772,400.9999979668195,93.00000975050392,0.5372549295425415,0.5607843399047852,0.5529412031173706,calibrated_uv_reprojection_plus_stereo_left
101.39486694335938,-232.68472290039062,-657.0050659179688,283.35724875750606,101.53491946960946,-21.676316082667938,402.0000033938051,92.9999923060399,0.5411764979362488,0.5647059082984924,0.5568627715110779,calibrated_uv_reprojection_plus_stereo_left
102.7912368774414,-232.66455078125,-656.90966796875,282.5011933183529,100.35665022665279,-21.57643292670076,403.00000143543946,92.99999947859294,0.5411764979362488,0.5647059082984924,0.5568627715110779,calibrated_uv_reprojection_plus_stereo_left
104.20295715332031,-232.67909240722656,-656.9122314453125,281.7021628711098,99.12275484161438,-21.53881138473588,404.00000378906793,92.99999416424208,0.5372549295425415,0.5568627715110779,0.5529412031173706,calibrated_uv_reprojection_plus_stereo_left
105.59627532958984,-232.65260314941406,-656.7990112304688,280.8358803784655,97.9548315928813,-21.427607631406033,404.999996922323,93.00000297797118,0.5333333611488342,0.5568627715110779,0.5490196347236633,calibrated_uv_reprojection_plus_stereo_left
107.0009765625,-232.6514434814453,-656.7572631835938,280.0110995560669,96.74616317797216,-21.361824104894765,405.999997258331,93.0000020803042,0.5333333611488342,0.5529412031173706,0.545098066329956,calibrated_uv_reprojection_plus_stereo_left
108.43275451660156,-232.70831298828125,-656.8793334960938,279.28085629487066,95.44325873269457,-21.400138083087597,406.99999706659503,93.00000546875432,0.5333333611488342,0.5490196347236633,0.545098066329956,calibrated_uv_reprojection_plus_stereo_left
109.79703521728516,-232.62062072753906,-656.5933227539062,278.3151361228439,94.37514625064921,-21.179144179694447,407.9999990511456,93.00000335668017,0.529411792755127,0.545098066329956,0.5411764979362488,calibrated_uv_reprojection_plus_stereo_left
111.2912368774414,-232.80682373046875,-657.0803833007812,277.7943522328194,92.86044207700292,-21.449319037250973,409.00000017525855,92.99999974655384,0.529411792755127,0.545098066329956,0.5411764979362488,calibrated_uv_reprojection_plus_stereo_left
112.76953125,-232.95541381835938,-657.4612426757812,277.2113403800867,91.4053961268238,-21.651967924127064,410.0000004514783,92.99999998654403,0.529411792755127,0.545098066329956,0.545098066329956,calibrated_uv_reprojection_plus_stereo_left
114.26525115966797,-233.1357879638672,-657.9317626953125,276.6785913337174,89.89649809223084,-21.911519482559243,411.000000961042,93.00000362216434,0.529411792755127,0.5490196347236633,0.5490196347236633,calibrated_uv_reprojection_plus_stereo_left
115.68852996826172,-233.16567993164062,-657.9775390625,275.9019939559857,88.6338880716952,-21.901234301220086,412.0000011070829,92.99999912323284,0.5254902243614197,0.5490196347236633,0.545098066329956,calibrated_uv_reprojection_plus_stereo_left
117.16455078125,-233.29977416992188,-658.3173217773438,275.2927239584889,87.1985233463842,-22.07764996893991,413.00000359519305,92.99999041121839,0.5254902243614197,0.5490196347236633,0.5411764979362488,calibrated_uv_reprojection_plus_stereo_left
75.03496551513672,-236.77005004882812,-673.3812255859375,308.24115039461657,118.08920122557726,-33.62793871180435,381.99999923040934,94.00000032923197,0.7960784435272217,0.6941176652908325,0.5607843399047852,calibrated_uv_reprojection_plus_stereo_left
75.30571746826172,-233.1572265625,-663.0675659179688,301.18453992852557,122.28817063900789,-27.00819920642101,382.99999954359464,94.000001946906,0.4941176474094391,0.45490196347236633,0.38823530077934265,calibrated_uv_reprojection_plus_stereo_left
76.64292907714844,-232.91856384277344,-662.3502197265625,299.94584020093527,121.4289885186592,-26.511169535988756,383.9999983613336,94.00000847682577,0.5176470875740051,0.48627451062202454,0.43529412150382996,calibrated_uv_reprojection_plus_stereo_left
77.9936752319336,-232.72879028320312,-661.7719116210938,298.79253685633887,120.4981860026042,-26.10289275168202,385.00000103646096,94.00000068195322,0.529411792755127,0.5333333611488342,0.529411792755127,calibrated_uv_reprojection_plus_stereo_left
79.34752655029297,-232.5547332763672,-661.2384033203125,297.6674439874951,119.54541307474523,-25.723260516451262,385.99999778328635,94.00000535411317,0.5372549295425415,0.5411764979362488,0.5372549295425415,calibrated_uv_reprojection_plus_stereo_left
80.69792175292969,-232.37664794921875,-660.6934814453125,296.53667672722537,118.60056413066167,-25.336403900658922,387.0000006995017,94.00000593646723,0.5372549295425415,0.5411764979362488,0.5372549295425415,calibrated_uv_reprojection_plus_stereo_left
82.02173614501953,-232.12933349609375,-659.9517822265625,295.28928711568307,117.7635482149442,-24.824126310119368,388.0000006071537,94.00000292620248,0.5372549295425415,0.5372549295425415,0.5372549295425415,calibrated_uv_reprojection_plus_stereo_left
83.3929214477539,-232.02203369140625,-659.6082153320312,294.2814962671047,116.71395122789437,-24.56578256421625,389.00000061216105,94.00000199056336,0.5372549295425415,0.5372549295425415,0.5372549295425415,calibrated_uv_reprojection_plus_stereo_left
84.76588439941406,-231.92303466796875,-659.2882690429688,293.28850914044017,115.65264240597804,-24.322531062748965,389.9999996111374,93.99999846738734,0.529411792755127,0.5372549295425415,0.5333333611488342,calibrated_uv_reprojection_plus_stereo_left
86.13866424560547,-231.82664489746094,-658.9757690429688,292.3006102900464,114.5882908904747,-24.08405818005741,390.99999890659416,93.99999441629092,0.5215686559677124,0.5372549295425415,0.5333333611488342,calibrated_uv_reprojection_plus_stereo_left
87.4595718383789,-231.59585571289062,-658.2813110351562,291.0864833423298,113.73350008151715,-23.602151924375107,391.99999827017854,93.99999645459556,0.5176470875740051,0.5372549295425415,0.529411792755127,calibrated_uv_reprojection_plus_stereo_left
88.8517074584961,-231.557861328125,-658.1348876953125,290.1987553561742,112.58082847487498,-23.469619341206965,393.00000072394204,93.99999779748148,0.5137255191802979,0.5372549295425415,0.529411792755127,calibrated_uv_reprojection_plus_stereo_left
90.22526550292969,-231.4732666015625,-657.8560180664062,289.2329231026594,111.50133524424774,-23.25268644306732,394.00000374563695,93.99999474573877,0.5137255191802979,0.5372549295425415,0.5333333611488342,calibrated_uv_reprojection_plus_stereo_left
91.61468505859375,-231.4312286376953,-657.6981201171875,288.3390593615636,110.3559680343609,-23.112870286884004,395.0000013734969,93.99999265452311,0.5176470875740051,0.5411764979362488,0.5411764979362488,calibrated_uv_reprojection_plus_stereo_left
92.93092346191406,-231.208251953125,-657.026123046875,287.1426024001845,109.49560187604527,-22.645502104801608,395.99999672002787,94.00000636950458,0.5254902243614197,0.5490196347236633,0.5490196347236633,calibrated_uv_reprojection_plus_stereo_left
94.33553314208984,-231.2083740234375,-656.988037109375,286.32032376854056,108.28543897843025,-22.58206952399877,397.0000053805248,93.99999367140984,0.529411792755127,0.5529412031173706,0.5529412031173706,calibrated_uv_reprojection_plus_stereo_left
95.72505950927734,-231.17196655273438,-656.8462524414062,285.4371702502491,107.13305680567527,-22.4525905874479,397.9999984921043,94.00000511610551,0.529411792755127,0.5529412031173706,0.5529412031173706,calibrated_uv_reprojection_plus_stereo_left
97.10682678222656,-231.11802673339844,-656.6546020507812,284.52505905119085,106.00888564651098,-22.291346139949496,398.99999806323467,94.00000071271438,0.529411792755127,0.5529412031173706,0.5490196347236633,calibrated_uv_reprojection_plus_stereo_left
98.47997283935547,-231.04527282714844,-656.4095458984375,283.5820859641184,104.91521414337399,-22.096107270088055,399.9999972572986,94.00000366603686,0.529411792755127,0.5529412031173706,0.5490196347236633,calibrated_uv_reprojection_plus_stereo_left
99.8634033203125,-230.9982452392578,-656.237548828125,282.6821904661556,103.78113586795223,-21.947413090224757,400.9999995444347,93.9999943342535,0.529411792755127,0.5529412031173706,0.545098066329956,calibrated_uv_reprojection_plus_stereo_left
101.23377227783203,-230.92259216308594,-655.9843139648438,281.7353146040661,102.69340893543642,-21.74701071368702,402.00000154212194,94.00000125026531,0.5333333611488342,0.5568627715110779,0.5529412031173706,calibrated_uv_reprojection_plus_stereo_left
102.60408782958984,-230.8488006591797,-655.736328125,280.7919984511564,101.60346219044249,-21.549963705750997,403.00000248102225,93.9999924163713,0.5333333611488342,0.5568627715110779,0.5529412031173706,calibrated_uv_reprojection_plus_stereo_left
104.01104736328125,-230.85821533203125,-655.7247314453125,279.9861048164676,100.37986207717114,-21.503456501717665,404.00000263923033,93.99999085463912,0.529411792755127,0.5529412031173706,0.5490196347236633,calibrated_uv_reprojection_plus_stereo_left
105.40074157714844,-230.82945251464844,-655.604736328125,279.11744353462774,99.21796074885333,-21.387940003730648,405.0000006985502,93.99999888649694,0.529411792755127,0.5529412031173706,0.545098066329956,calibrated_uv_reprojection_plus_stereo_left
106.79328918457031,-230.80752563476562,-655.5040893554688,278.2601326948466,98.04523629339099,-21.28473516344974,406.0000003868612,93.99998821655922,0.529411792755127,0.5529412031173706,0.5490196347236633,calibrated_uv_reprojection_plus_stereo_left
108.1998062133789,-230.8158416748047,-655.4894409179688,277.4524294419274,96.82334515048836,-21.23629636965933,406.9999943950139,94.00000423380064,0.529411792755127,0.5490196347236633,0.5490196347236633,calibrated_uv_reprojection_plus_stereo_left
109.63380432128906,-230.8817138671875,-655.6381225585938,276.738483043938,95.50720102704395,-21.29178787004082,408.0000009993805,93.99999299977284,0.5254902243614197,0.5490196347236633,0.545098066329956,calibrated_uv_reprojection_plus_stereo_left
111.11050415039062,-231.03460693359375,-656.0339965820312,276.1657311489004,94.0474803878991,-21.50459263503069,408.99999450790625,94.00001070884457,0.5254902243614197,0.5490196347236633,0.5411764979362488,calibrated_uv_reprojection_plus_stereo_left
112.5959701538086,-231.2015838623047,-656.4697265625,275.6147032938917,92.56295309408779,-21.74269147999695,409.9999970565734,94.00000804808167,0.5254902243614197,0.5490196347236633,0.5411764979362488,calibrated_uv_reprojection_plus_stereo_left
114.0755844116211,-231.3524932861328,-656.8597412109375,275.03640753905336,91.10318983747572,-21.951636996476395,410.9999983791693,93.99999549487504,0.5254902243614197,0.5490196347236633,0.5411764979362488,calibrated_uv_reprojection_plus_stereo_left
115.57615661621094,-231.54159545898438,-657.358154296875,274.5187699244036,89.57851161703206,-22.2294995956276,412.000004222027,93.99998771696806,0.5254902243614197,0.5490196347236633,0.5411764979362488,calibrated_uv_reprojection_plus_stereo_left
116.99989318847656,-231.573974609375,-657.4116821289062,273.74692882038363,88.31226509038515,-22.224291710391356,412.99999664264743,94.0000042342761,0.5254902243614197,0.5490196347236633,0.5411764979362488,calibrated_uv_reprojection_plus_stereo_left
118.5002212524414,-231.75527954101562,-657.8878784179688,273.21455475663043,86.79735724577853,-22.487921149032843,413.99999863258427,94.00000135554345,0.5254902243614197,0.5490196347236633,0.5411764979362488,calibrated_uv_reprojection_plus_stereo_left
120.00935363769531,-231.94924926757812,-658.3999633789062,272.70120666877415,85.25932741824107,-22.774314882073497,414.99999888241973,93.99999861211782,0.5254902243614197,0.5490196347236633,0.5411764979362488,calibrated_uv_reprojection_plus_stereo_left
73.7364730834961,-231.27381896972656,-661.76220703125,300.1650352343931,124.8019904925917,-26.939653000028272,381.9999957358267,95.00000539679769,0.5882353186607361,0.49803921580314636,0.3803921639919281,calibrated_uv_reprojection_plus_stereo_left
75.36985778808594,-231.95252990722656,-663.6655883789062,300.5093511298869,122.55885096193657,-28.116713055001526,383.0000009448023,95.00000086606872,0.47058823704719543,0.47058823704719543,0.42352941632270813,calibrated_uv_reprojection_plus_stereo_left
76.57110595703125,-231.30068969726562,-661.761962890625,298.5567094403588,122.3269164889349,-26.86088008511632,384.00000266398195,94.99999363229401,0.4901960790157318,0.4941176474094391,0.4588235318660736,calibrated_uv_reprojection_plus_stereo_left
77.90705108642578,-231.0718231201172,-661.0686645507812,297.335835802165,121.45792970929722,-26.378594860999783,385.00000408300315,94.99999495971727,0.47843137383461,0.501960813999176,0.4941176474094391,calibrated_uv_reprojection_plus_stereo_left
79.28583526611328,-230.97576904296875,-660.7554321289062,296.3444334464988,120.38842932997477,-26.139210868026055,385.99999787161414,95.00000925784434,0.47843137383461,0.49803921580314636,0.4901960790157318,calibrated_uv_reprojection_plus_stereo_left
80.6397476196289,-230.81173706054688,-660.2476806640625,295.23727624611627,119.42411558647734,-25.775578578680324,387.00000068546876,94.99999989476748,0.47843137383461,0.4941176474094391,0.4901960790157318,calibrated_uv_reprojection_plus_stereo_left
81.92390441894531,-230.45697021484375,-659.1944580078125,293.805442998981,118.75482103093583,-25.06358585021553,388.0000007061314,95.00000282647386,0.4745098054409027,0.4901960790157318,0.48627451062202454,calibrated_uv_reprojection_plus_stereo_left
83.27212524414062,-230.29124450683594,-658.6820068359375,292.69837497519615,117.7974949515824,-24.697094327876584,388.9999995575714,94.9999949686661,0.48235294222831726,0.49803921580314636,0.4941176474094391,calibrated_uv_reprojection_plus_stereo_left
84.61038208007812,-230.103759765625,-658.107421875,291.5554586697448,116.87554194912366,-24.2909845227573,390.0000031014758,94.99999814568386,0.48627451062202454,0.5058823823928833,0.49803921580314636,calibrated_uv_reprojection_plus_stereo_left
85.97099304199219,-229.9821014404297,-657.7211303710938,290.5255989798083,115.85325544660043,-24.005173379242592,391.00000052455164,94.99999546114717,0.48235294222831726,0.5058823823928833,0.49803921580314636,calibrated_uv_reprojection_plus_stereo_left
87.30126190185547,-229.7843475341797,-657.1172485351562,289.3676621539862,114.95084496508235,-23.58046309873879,392.0000035612598,94.9999883358289,0.4745098054409027,0.49803921580314636,0.4901960790157318,calibrated_uv_reprojection_plus_stereo_left
88.70085144042969,-229.7722930908203,-657.0445556640625,288.52507075219046,113.75994729004236,-23.494981477066517,392.99999681036354,95.0000081044744,0.47058823704719543,0.4941176474094391,0.48627451062202454,calibrated_uv_reprojection_plus_stereo_left
90.07032012939453,-229.68368530273438,-656.7528076171875,287.5533356416316,112.68934026775491,-23.26962790166192,394.0000033167627,94.99998739741713,0.47058823704719543,0.4941176474094391,0.4901960790157318,calibrated_uv_reprojection_plus_stereo_left
91.45526123046875,-229.63650512695312,-656.5797119140625,286.6520080166107,111.55432537256968,-23.12007539922513,394.99999761224876,95.00000994437511,0.48235294222831726,0.5058823823928833,0.5058823823928833,calibrated_uv_reprojection_plus_stereo_left
92.78519439697266,-229.45460510253906,-656.0213012695312,285.5246351663019,110.63268722445486,-22.72456907937203,396.0000045472922,94.99999291356764,0.4941176474094391,0.5176470875740051,0.5137255191802979,calibrated_uv_reprojection_plus_stereo_left
94.18321990966797,-229.4438934326172,-655.9524536132812,284.68551185067696,109.44149759644915,-22.64159105824973,396.99999883947595,94.99999994029494,0.49803921580314636,0.5215686559677124,0.5215686559677124,calibrated_uv_reprojection_plus_stereo_left
95.5898666381836,-229.45407104492188,-655.9432983398438,283.88136370544686,108.2171577956833,-22.596703937084897,397.999995624026,95.00000042408678,0.49803921580314636,0.5215686559677124,0.5176470875740051,calibrated_uv_reprojection_plus_stereo_left
96.98689270019531,-229.4410400390625,-655.8677978515625,283.0383709805724,107.02969273456574,-22.509476964540454,399.00000314707586,95.00000162170326,0.5058823823928833,0.529411792755127,0.5215686559677124,calibrated_uv_reprojection_plus_stereo_left
98.33467102050781,-229.31346130371094,-655.4649047851562,282.00469562208775,106.02574233955244,-22.21336733499396,399.9999953536467,95.0000090013871,0.5137255191802979,0.5372549295425415,0.529411792755127,calibrated_uv_reprojection_plus_stereo_left
99.71452331542969,-229.26309204101562,-655.2826538085938,281.1001777263742,104.89907985066202,-22.058051132725723,400.99999799816936,94.99999643216327,0.5215686559677124,0.545098066329956,0.5372549295425415,calibrated_uv_reprojection_plus_stereo_left
101.08348846435547,-229.18930053710938,-655.0335693359375,280.1571846131171,103.81062051710688,-21.860132784984444,401.9999971371888,95.00000706410108,0.5254902243614197,0.5490196347236633,0.545098066329956,calibrated_uv_reprojection_plus_stereo_left
102.43910217285156,-229.08758544921875,-654.70458984375,279.16844614905403,102.76809167826622,-21.611254960828205,402.9999999012153,94.99998869706718,0.529411792755127,0.5529412031173706,0.5490196347236633,calibrated_uv_reprojection_plus_stereo_left
103.81096649169922,-229.02432250976562,-654.485595703125,278.24391341069605,101.66417986807551,-21.43257168700086,404.0000059820768,94.99998727600087,0.529411792755127,0.5529412031173706,0.545098066329956,calibrated_uv_reprojection_plus_stereo_left
105.2081527709961,-229.0177764892578,-654.4287109375,277.41325845069116,100.46858662304322,-21.35729673832475,405.00000325332576,94.99999039324854,0.5254902243614197,0.5490196347236633,0.5411764979362488,calibrated_uv_reprojection_plus_stereo_left
106.59959411621094,-228.9989471435547,-654.3367309570312,276.56242742343295,99.29307206995264,-21.25964320583006,406.00000250585845,94.99999404930551,0.5254902243614197,0.5490196347236633,0.545098066329956,calibrated_uv_reprojection_plus_stereo_left
108.00198364257812,-229.0037078857422,-654.3121948242188,275.75041121327786,98.0790578505356,-21.20500541639268,406.9999995923058,95.00000696206249,0.5254902243614197,0.5490196347236633,0.5490196347236633,calibrated_uv_reprojection_plus_stereo_left
109.4804458618164,-229.16749572753906,-654.741943359375,275.1986001297624,96.60364178253377,-21.439990657809915,407.9999982356875,95.00000485690902,0.5254902243614197,0.5490196347236633,0.545098066329956,calibrated_uv_reprojection_plus_stereo_left
110.94784545898438,-229.30418395996094,-655.0941772460938,274.6013147284267,95.17114724729902,-21.625495584142186,408.9999990482623,94.99999318071926,0.5254902243614197,0.5490196347236633,0.5411764979362488,calibrated_uv_reprojection_plus_stereo_left
112.44232177734375,-229.4925994873047,-655.5941772460938,274.0873274293482,93.65159842103037,-21.905153386097595,410.000002475407,94.99999231785847,0.5254902243614197,0.5490196347236633,0.5411764979362488,calibrated_uv_reprojection_plus_stereo_left
113.94903564453125,-229.70094299316406,-656.1510620117188,273.60437605700014,92.0969538287979,-22.22100769648705,411.00000121781596,94.999997358764,0.5254902243614197,0.5490196347236633,0.5411764979362488,calibrated_uv_reprojection_plus_stereo_left
115.43423461914062,-229.8612823486328,-656.5707397460938,273.04201558400035,90.61997891577863,-22.449340468250625,411.99999806574704,94.99999784222723,0.5254902243614197,0.5490196347236633,0.5411764979362488,calibrated_uv_reprojection_plus_stereo_left
116.90709686279297,-229.99337768554688,-656.9097290039062,272.43276487860857,89.18841112081589,-22.62620360904424,412.99999643946757,95.00000763370005,0.5254902243614197,0.5490196347236633,0.5411764979362488,calibrated_uv_reprojection_plus_stereo_left
118.38175964355469,-230.12574768066406,-657.2493896484375,271.8229583360323,87.75497322693315,-22.803435851766153,413.9999986545971,95.00000059712511,0.5254902243614197,0.5490196347236633,0.5411764979362488,calibrated_uv_reprojection_plus_stereo_left
119.88985443115234,-230.31912231445312,-657.7632446289062,271.31049818856906,86.21758574826578,-23.0916125440894,415.00000397602105,94.99999810191068,0.5254902243614197,0.5490196347236633,0.5411764979362488,calibrated_uv_reprojection_plus_stereo_left
121.48963928222656,-230.68203735351562,-658.7611694335938,271.0692624514326,84.39238181308804,-23.688113973492932,416.0000019369946,94.99998990471425,0.5215686559677124,0.5411764979362488,0.5372549295425415,calibrated_uv_reprojection_plus_stereo_left
72.86917114257812,-231.6088409423828,-666.8271484375,302.9953306425092,123.972130734622,-30.946679739678757,380.9999988765306,95.99999535426454,0.6000000238418579,0.5686274766921997,0.43921568989753723,calibrated_uv_reprojection_plus_stereo_left
73.61043548583984,-229.48182678222656,-660.6648559570312,298.4694887027828,125.96418948664933,-26.96198419202824,382.00000029352987,95.99999860369226,0.4627451002597809,0.43921568989753723,0.34117648005485535,calibrated_uv_reprojection_plus_stereo_left
74.93663024902344,-229.22390747070312,-659.8839721679688,297.1968048193335,125.14066368665539,-26.422921920280373,382.99999682262,96.00000071440309,0.4745098054409027,0.4745098054409027,0.45490196347236633,calibrated_uv_reprojection_plus_stereo_left
76.2830581665039,-229.03607177734375,-659.304931640625,296.0471028794078,124.21302426014944,-26.01314680639797,384.00000004649354,96.00000662416122,0.47843137383461,0.48235294222831726,0.46666666865348816,calibrated_uv_reprojection_plus_stereo_left
77.5977554321289,-228.76138305664062,-658.4758911132812,294.74887248622645,123.42015658206805,-25.443415914353068,385.00000068438663,95.99999761203244,0.46666666865348816,0.48235294222831726,0.48627451062202454,calibrated_uv_reprojection_plus_stereo_left
78.9416275024414,-228.580810546875,-657.9178466796875,293.614620082086,122.48574948349471,-25.047209858232293,385.9999988580695,95.9999918808615,0.46666666865348816,0.48627451062202454,0.48627451062202454,calibrated_uv_reprojection_plus_stereo_left
80.2967529296875,-228.43838500976562,-657.4697265625,292.5471941305986,121.49444671441239,-24.72141918908136,387.00000088542555,96.00000457569104,0.46666666865348816,0.4901960790157318,0.48235294222831726,calibrated_uv_reprojection_plus_stereo_left
81.66648864746094,-228.3415985107422,-657.1529541015625,291.55899245442754,120.4341244290427,-24.479711135125797,387.9999983909914,96.00000609456222,0.4627451002597809,0.48627451062202454,0.47843137383461,calibrated_uv_reprojection_plus_stereo_left
83.0173110961914,-228.19595336914062,-656.695556640625,290.4878522341755,119.45053840316768,-24.148054244649074,389.0000013616218,95.99999475124355,0.4627451002597809,0.48627451062202454,0.47843137383461,calibrated_uv_reprojection_plus_stereo_left
84.38798522949219,-228.10865783691406,-656.4061889648438,289.51736891825635,118.37766267495624,-23.923953741467074,390.0000019381232,96.00000208162155,0.4627451002597809,0.48627451062202454,0.47843137383461,calibrated_uv_reprojection_plus_stereo_left
85.73992919921875,-227.97430419921875,-655.9814453125,288.4673261155406,117.37912298791088,-23.613285721721354,390.9999960007844,96.00001006382456,0.4627451002597809,0.48627451062202454,0.48235294222831726,calibrated_uv_reprojection_plus_stereo_left
87.0948257446289,-227.8518524169922,-655.5909423828125,287.43843097469505,116.36333319973102,-23.32455435195567,391.99999805922425,96.00000627363792,0.4627451002597809,0.48627451062202454,0.47843137383461,calibrated_uv_reprojection_plus_stereo_left
88.49525451660156,-227.8503875732422,-655.548583984375,286.61562836870297,115.1586788214941,-23.25852400387197,392.9999971355846,96.00000574666251,0.4627451002597809,0.48627451062202454,0.47843137383461,calibrated_uv_reprojection_plus_stereo_left
89.88957977294922,-227.8333740234375,-655.46142578125,285.7664605284208,113.97853196560811,-23.16383138845447,394.0000018782249,95.99998878849675,0.45490196347236633,0.47843137383461,0.4745098054409027,calibrated_uv_reprojection_plus_stereo_left
91.28199005126953,-227.8119659423828,-655.3617553710938,284.9100117690746,112.8054340960548,-23.061165116423638,394.9999979814686,96.00000293686216,0.45098039507865906,0.4745098054409027,0.46666666865348816,calibrated_uv_reprojection_plus_stereo_left
92.58037567138672,-227.55996704101562,-654.5986938476562,283.6649873228119,111.99855240293766,-22.53433238939965,396.0000032258269,95.99999737059986,0.4470588266849518,0.47058823704719543,0.46666666865348816,calibrated_uv_reprojection_plus_stereo_left
93.99392700195312,-227.59422302246094,-654.6591186523438,282.9032147121509,110.73841672386715,-22.534056827678285,397.0000037309036,95.99999444815589,0.4431372582912445,0.46666666865348816,0.4588235318660736,calibrated_uv_reprojection_plus_stereo_left
95.40430450439453,-227.61978149414062,-654.694580078125,282.12659581376676,109.49175346834733,-22.517822049815265,397.99999761672234,96.0000078307747,0.4431372582912445,0.46666666865348816,0.4588235318660736,calibrated_uv_reprojection_plus_stereo_left
96.80036926269531,-227.61082458496094,-654.6306762695312,281.29192348228247,108.3001331972003,-22.43804724028024,399.000001557824,95.99999997547644,0.4588235318660736,0.48235294222831726,0.4745098054409027,calibrated_uv_reprojection_plus_stereo_left
98.13381958007812,-227.45689392089844,-654.1498413085938,280.21502222953563,107.34175623597389,-22.091796949018885,400.000000430368,95.99999242323653,0.47058823704719543,0.4941176474094391,0.48627451062202454,calibrated_uv_reprojection_plus_stereo_left
99.51664733886719,-227.41998291015625,-654.0056762695312,279.3343655754243,106.19608408910233,-21.960774994236715,400.9999988293093,96.00000954778588,0.48235294222831726,0.5058823823928833,0.501960813999176,calibrated_uv_reprojection_plus_stereo_left
100.88822174072266,-227.358642578125,-653.7911987304688,278.413271524758,105.09034190526779,-21.78481967431196,401.9999986724778,96.00000809072776,0.49803921580314636,0.5254902243614197,0.5176470875740051,calibrated_uv_reprojection_plus_stereo_left
102.2589111328125,-227.29690551757812,-653.5755615234375,277.49191675695715,103.9858637086424,-21.608136068861427,403.00000130660516,95.99999716912865,0.5058823823928833,0.5372549295425415,0.529411792755127,calibrated_uv_reprojection_plus_stereo_left
103.52896881103516,-227.01605224609375,-652.72998046875,276.2079835942253,103.23906422184695,-21.02900898773146,404.0000010037107,95.99999935630788,0.5215686559677124,0.5490196347236633,0.5411764979362488,calibrated_uv_reprojection_plus_stereo_left
104.94610595703125,-227.060791015625,-652.8206176757812,275.4642936741773,101.96286323769073,-21.04807657125656,404.9999971302129,96.00000614960075,0.5254902243614197,0.5490196347236633,0.5411764979362488,calibrated_uv_reprojection_plus_stereo_left
106.3603286743164,-227.0980224609375,-652.8895874023438,274.7078400334444,100.69847741808974,-21.053274166872086,406.00000185419714,95.99999602473915,0.5254902243614197,0.5490196347236633,0.545098066329956,calibrated_uv_reprojection_plus_stereo_left
107.78268432617188,-227.1513214111328,-653.0047607421875,273.9775452987027,99.40720524140812,-21.08797394389427,407.0000040986847,95.99999268295787,0.5254902243614197,0.5490196347236633,0.545098066329956,calibrated_uv_reprojection_plus_stereo_left
109.18036651611328,-227.15182495117188,-652.9682006835938,273.1601538117633,98.2024712927552,-21.025756726108796,407.99999804989017,96.00000196474701,0.5254902243614197,0.5490196347236633,0.5411764979362488,calibrated_uv_reprojection_plus_stereo_left
110.6678237915039,-227.3366241455078,-653.4613647460938,272.64472634710626,96.69246712863708,-21.301819053556528,408.99999645579555,96.00000684831537,0.5254902243614197,0.5490196347236633,0.5411764979362488,calibrated_uv_reprojection_plus_stereo_left
112.13394165039062,-227.47341918945312,-653.8164672851562,272.04943705186844,95.26022397981131,-21.489654125710445,409.9999977808968,96.00000624525282,0.5254902243614197,0.5490196347236633,0.5411764979362488,calibrated_uv_reprojection_plus_stereo_left
113.6126708984375,-227.63201904296875,-654.234130859375,271.4886852023039,93.7901656288326,-21.71737432757294,411.0000030359717,95.9999905744277,0.5254902243614197,0.5490196347236633,0.5411764979362488,calibrated_uv_reprojection_plus_stereo_left
115.15838623046875,-227.91921997070312,-655.0214233398438,271.1361452493268,92.10331997431632,-22.181036695862247,412.0000019464935,95.99999832247764,0.5254902243614197,0.5490196347236633,0.5411764979362488,calibrated_uv_reprojection_plus_stereo_left
116.63207244873047,-228.05857849121094,-655.3837280273438,270.5413583136299,90.6613845986023,-22.37329630315213,413.000000594731,95.9999991377361,0.5254902243614197,0.5490196347236633,0.5411764979362488,calibrated_uv_reprojection_plus_stereo_left
118.10720825195312,-228.19732666015625,-655.7442626953125,269.9445616113942,89.21894616604715,-22.564382806373033,413.9999953126621,96.00000784515328,0.5254902243614197,0.5490196347236633,0.5411764979362488,calibrated_uv_reprojection_plus_stereo_left
119.56959533691406,-228.30836486816406,-656.0250854492188,269.3019057014171,87.82177389259493,-22.70453668366605,414.99999930772884,96.00000625945648,0.5215686559677124,0.545098066329956,0.5372549295425415,calibrated_uv_reprojection_plus_stereo_left
121.11502075195312,-228.57345581054688,-656.7484741210938,268.90697478557325,86.16254193491915,-23.127086484330107,416.00000187873036,95.99999786743695,0.5176470875740051,0.5411764979362488,0.5333333611488342,calibrated_uv_reprojection_plus_stereo_left
122.62596130371094,-228.76803588867188,-657.2692260742188,268.3966062630028,84.62021491120566,-23.420242665241688,416.999998152646,95.99999858349503,0.5137255191802979,0.5372549295425415,0.529411792755127,calibrated_uv_reprojection_plus_stereo_left
124.12983703613281,-228.94505310058594,-657.739501953125,267.85660752564695,83.10568217717986,-23.681131930027902,417.9999966911091,96.00001098060827,0.5098039507865906,0.529411792755127,0.5215686559677124,calibrated_uv_reprojection_plus_stereo_left
72.08296203613281,-232.25296020507812,-672.8501586914062,306.40065307694607,122.67079985756692,-35.579826312159526,380.0000040962489,96.99998988630145,0.6235294342041016,0.545098066329956,0.41960784792900085,calibrated_uv_reprojection_plus_stereo_left
72.21703338623047,-228.13919067382812,-660.89404296875,298.37816746698365,127.66405020540174,-27.87177750476127,380.9999988197624,97.00000140036894,0.41960784792900085,0.41960784792900085,0.35686275362968445,calibrated_uv_reprojection_plus_stereo_left
73.52648162841797,-227.8248748779297,-659.9451904296875,297.0045027693069,126.9262915236439,-27.22413464609582,381.9999993327224,96.99999419264586,0.45098039507865906,0.45490196347236633,0.40784314274787903,calibrated_uv_reprojection_plus_stereo_left
74.75128173828125,-227.26486206054688,-658.2847900390625,295.2059490928699,126.56657570686923,-26.120325329829427,383.00000011662206,96.99999247318641,0.46666666865348816,0.47843137383461,0.47058823704719543,calibrated_uv_reprojection_plus_stereo_left
76.12596893310547,-227.1726531982422,-657.9795532226562,294.22301667656245,125.4967680570141,-25.88562553459502,383.9999990267029,96.99999965029664,0.47058823704719543,0.48627451062202454,0.47843137383461,calibrated_uv_reprojection_plus_stereo_left
77.43546295166016,-226.8926239013672,-657.13037109375,292.9155566908763,124.71637555900861,-25.30221688440554,384.9999965402871,97.00000531527914,0.47843137383461,0.4941176474094391,0.4901960790157318,calibrated_uv_reprojection_plus_stereo_left
78.76203918457031,-226.67156982421875,-656.4520263671875,291.71195997515713,123.84804132300809,-24.82841211772245,386.0000006980161,96.99999860053879,0.48235294222831726,0.49803921580314636,0.49803921580314636,calibrated_uv_reprojection_plus_stereo_left
80.09983825683594,-226.48983764648438,-655.8876953125,290.57775438887495,122.9211860171149,-24.42777801465604,386.9999992828249,97.00000890087489,0.4901960790157318,0.5058823823928833,0.501960813999176,calibrated_uv_reprojection_plus_stereo_left
81.5204849243164,-226.54446411132812,-656.0077514648438,289.8514271567435,121.62945806163657,-24.465844616282936,388.0000016877655,96.99999471927771,0.4901960790157318,0.5058823823928833,0.501960813999176,calibrated_uv_reprojection_plus_stereo_left
82.868408203125,-226.39840698242188,-655.5467529296875,288.7801661882603,120.64958994099356,-24.13150842264298,389.0000040076255,96.99999372055515,0.48627451062202454,0.5098039507865906,0.501960813999176,calibrated_uv_reprojection_plus_stereo_left
84.21263122558594,-226.2471466064453,-655.0707397460938,287.70102500608385,119.67937059977277,-23.787599822992718,390.0000011078572,96.99999340833236,0.48627451062202454,0.5098039507865906,0.5058823823928833,calibrated_uv_reprojection_plus_stereo_left
85.57032775878906,-226.13629150390625,-654.7117919921875,286.692034918346,118.64735573346638,-23.518760000957116,390.9999986908778,97.00000156914223,0.48627451062202454,0.5098039507865906,0.5098039507865906,calibrated_uv_reprojection_plus_stereo_left
86.9155044555664,-225.99630737304688,-654.2684936523438,285.6341014838779,117.66231751185495,-23.195902067937823,392.0000043804245,96.99999577039287,0.48235294222831726,0.5058823823928833,0.5058823823928833,calibrated_uv_reprojection_plus_stereo_left
88.32498168945312,-226.0251922607422,-654.3141479492188,284.86464065935706,116.41215516291163,-23.18634935710776,392.99999972963565,97.00000289992298,0.47843137383461,0.501960813999176,0.501960813999176,calibrated_uv_reprojection_plus_stereo_left
89.73213195800781,-226.04718017578125,-654.3397827148438,284.08320570474564,115.17257513326831,-23.16395297424708,394.0000014188513,96.99999926347209,0.47843137383461,0.501960813999176,0.501960813999176,calibrated_uv_reprojection_plus_stereo_left
91.12914276123047,-226.04322814941406,-654.2903442382812,283.25762343408667,113.97393885910873,-23.093464308867453,394.9999981670162,97.00000043591518,0.47058823704719543,0.4941176474094391,0.4941176474094391,calibrated_uv_reprojection_plus_stereo_left
92.41268157958984,-225.7620391845703,-653.4384765625,281.9631120394403,113.2173533702877,-22.509039092811804,396.0000021917618,97.00000084351376,0.46666666865348816,0.4901960790157318,0.4901960790157318,calibrated_uv_reprojection_plus_stereo_left
93.82865905761719,-225.80784606933594,-653.5330810546875,281.2225065625212,111.94058743501245,-22.530842380836873,397.0000027269748,96.99999813703255,0.46666666865348816,0.4901960790157318,0.4901960790157318,calibrated_uv_reprojection_plus_stereo_left
95.24039459228516,-225.84214782714844,-653.5943603515625,280.46216234958274,110.68176740804381,-22.531286498743782,397.9999993298428,96.99999236812945,0.4627451002597809,0.48627451062202454,0.48627451062202454,calibrated_uv_reprojection_plus_stereo_left
96.6419448852539,-225.8515167236328,-653.58349609375,279.6596433529622,109.46267923097349,-22.485527869747557,398.99999990339774,96.9999919994795,0.43921568989753723,0.4627451002597809,0.4627451002597809,calibrated_uv_reprojection_plus_stereo_left
97.98892974853516,-225.7347869873047,-653.207763671875,278.64557769914137,108.4471901482778,-22.206167217457903,400.0000020160577,96.99999843558493,0.4156862795352936,0.43921568989753723,0.43921568989753723,calibrated_uv_reprojection_plus_stereo_left
99.35736083984375,-225.66995239257812,-652.982177734375,277.719147492261,107.34879256392708,-22.02295661990979,401.00000416585317,96.99999213053619,0.4274509847164154,0.45098039507865906,0.45098039507865906,calibrated_uv_reprojection_plus_stereo_left
100.72271728515625,-225.59991455078125,-652.7416381835938,276.7845029169118,106.25948251652704,-21.830209443792626,401.9999979607028,97.00000578202454,0.4431372582912445,0.47058823704719543,0.46666666865348816,calibrated_uv_reprojection_plus_stereo_left
102.0885238647461,-225.53268432617188,-652.5091552734375,275.8549800052029,105.16632327251551,-21.642625732106296,402.9999984440916,96.99999754700465,0.45490196347236633,0.4901960790157318,0.47843137383461,calibrated_uv_reprojection_plus_stereo_left
103.36495971679688,-225.27235412597656,-651.7181396484375,274.60492957351136,104.38993776322013,-21.097618690810236,403.9999990311141,97.00001132838935,0.47058823704719543,0.49803921580314636,0.4901960790157318,calibrated_uv_reprojection_plus_stereo_left
104.78520965576172,-225.328125,-651.841552734375,273.88105325277445,103.09712436968596,-21.137863150942962,405.00000187207456,97.00000228625987,0.4901960790157318,0.5137255191802979,0.5058823823928833,calibrated_uv_reprojection_plus_stereo_left
106.20421600341797,-225.3796844482422,-651.9528198242188,273.14979572907606,101.81059627362691,-21.170325279563997,405.9999984825533,97.00000720705773,0.5098039507865906,0.5333333611488342,0.5254902243614197,calibrated_uv_reprojection_plus_stereo_left
107.62788391113281,-225.4395751953125,-652.0880737304688,272.43185891581817,100.50973234166332,-21.218098812427968,407.0000027172562,96.99998913709973,0.5215686559677124,0.545098066329956,0.5372549295425415,calibrated_uv_reprojection_plus_stereo_left
109.04296112060547,-225.48004150390625,-652.167236328125,271.68148834073776,99.24035984997505,-21.229985413799454,408.0000018731112,96.99999894001868,0.5254902243614197,0.5490196347236633,0.5411764979362488,calibrated_uv_reprojection_plus_stereo_left
110.5133285522461,-225.63229370117188,-652.5696411132812,271.11459250321786,97.78454433466277,-21.448627146649017,408.9999973050624,96.99999680499397,0.5215686559677124,0.545098066329956,0.5372549295425415,calibrated_uv_reprojection_plus_stereo_left
111.98504638671875,-225.78334045410156,-652.968505859375,270.5445778101952,96.32906270288368,-21.66495022013015,410.00000211923253,96.99999444168913,0.5215686559677124,0.545098066329956,0.5411764979362488,calibrated_uv_reprojection_plus_stereo_left
113.44894409179688,-225.91500854492188,-653.311279296875,269.9417204258891,94.90438379119769,-21.84534523894206,411.00000029082196,96.9999922599371,0.5215686559677124,0.545098066329956,0.545098066329956,calibrated_uv_reprojection_plus_stereo_left
115.0167007446289,-226.24766540527344,-654.2352294921875,269.6661897024806,93.1406191318489,-22.397375106977506,411.99999667825085,96.9999969398987,0.5215686559677124,0.545098066329956,0.5411764979362488,calibrated_uv_reprojection_plus_stereo_left
116.47132873535156,-226.35235595703125,-654.4998779296875,269.0166665635051,91.7574270582021,-22.52768491454418,412.999998308357,96.99999626514355,0.5215686559677124,0.545098066329956,0.5372549295425415,calibrated_uv_reprojection_plus_stereo_left
117.93222045898438,-226.4664764404297,-654.7918090820312,268.38170830218905,90.35711243837011,-22.675411706762645,413.9999974744836,97.00000895513594,0.5176470875740051,0.5411764979362488,0.5333333611488342,calibrated_uv_reprojection_plus_stereo_left
119.4340591430664,-226.65554809570312,-655.30029296875,267.8674689342651,88.82847169720515,-22.96153116691812,415.0000016762235,96.99999592486051,0.5176470875740051,0.5411764979362488,0.5333333611488342,calibrated_uv_reprojection_plus_stereo_left
120.96159362792969,-226.88833618164062,-655.9351196289062,267.42261402219,87.22339690500411,-23.32835764544967,416.0000009749833,96.99998864032776,0.5137255191802979,0.5372549295425415,0.529411792755127,calibrated_uv_reprojection_plus_stereo_left
122.49700927734375,-227.13027954101562,-656.596435546875,266.99086657273887,85.60013337352433,-23.712053666012082,416.99999395203827,97.0000065913984,0.5137255191802979,0.5372549295425415,0.529411792755127,calibrated_uv_reprojection_plus_stereo_left
123.99244689941406,-227.29335021972656,-657.0296020507812,266.43018750774894,84.10928157693655,-23.949826292865907,417.99999720214,97.00000690349782,0.5098039507865906,0.529411792755127,0.5215686559677124,calibrated_uv_reprojection_plus_stereo_left
125.51813507080078,-227.50750732421875,-657.6103515625,265.9504377436306,82.52893329117273,-24.28185814249133,419.00000061368917,97.00000081114226,0.501960813999176,0.5176470875740051,0.5137255191802979,calibrated_uv_reprojection_plus_stereo_left
71.01045989990234,-227.3965606689453,-662.8745727539062,299.3415143820682,128.45408515077543,-29.907262068826356,379.9999998114669,98.00000130664611,0.4117647111415863,0.3607843220233917,0.250980406999588,calibrated_uv_reprojection_plus_stereo_left
72.13702392578125,-226.49093627929688,-660.1963500976562,296.92635344292296,128.61286353935873,-28.147413593006775,381.0000042420353,97.99998889442637,0.3960784375667572,0.4000000059604645,0.364705890417099,calibrated_uv_reprojection_plus_stereo_left
73.39582061767578,-226.027099609375,-658.8062133789062,295.29021960151806,128.10677589784314,-27.21535923312166,381.99999771687067,97.99999907987251,0.4588235318660736,0.46666666865348816,0.4431372582912445,calibrated_uv_reprojection_plus_stereo_left
74.57679748535156,-225.3453826904297,-656.7811279296875,293.27725246445004,127.93945570032099,-25.875595225264874,383.0000033662388,97.99998976368579,0.47843137383461,0.4941176474094391,0.4901960790157318,calibrated_uv_reprojection_plus_stereo_left
75.9760513305664,-225.33607482910156,-656.7160034179688,292.43998809815224,126.74555646459947,-25.794925403128275,384.0000005869261,97.9999983874487,0.4901960790157318,0.5098039507865906,0.5058823823928833,calibrated_uv_reprojection_plus_stereo_left
77.32539367675781,-225.18161010742188,-656.2278442382812,291.3505509768653,125.7756757768712,-25.442571722705054,384.9999985608477,98.00000261104344,0.4941176474094391,0.5176470875740051,0.5098039507865906,calibrated_uv_reprojection_plus_stereo_left
78.65017700195312,-224.96224975585938,-655.5505981445312,290.14968024285963,124.90788760294066,-24.96884000532151,385.9999998556336,97.99999981563306,0.49803921580314636,0.5215686559677124,0.5137255191802979,calibrated_uv_reprojection_plus_stereo_left
79.99006652832031,-224.79287719726562,-655.0191040039062,289.03687539473765,123.96474336371904,-24.58877428070076,386.99999821956135,98.0000021293794,0.501960813999176,0.5254902243614197,0.5176470875740051,calibrated_uv_reprojection_plus_stereo_left
81.35283660888672,-224.6923828125,-654.6883544921875,288.04419433431195,122.91599516686222,-24.33765229744091,387.99999671226476,98.00000391408875,0.501960813999176,0.5254902243614197,0.5176470875740051,calibrated_uv_reprojection_plus_stereo_left
82.71220397949219,-224.5858917236328,-654.3401489257812,287.04187392343204,121.87766129379554,-24.075353851636407,389.0000010562524,98.00000158343147,0.501960813999176,0.5254902243614197,0.5176470875740051,calibrated_uv_reprojection_plus_stereo_left
84.06280517578125,-224.4594268798828,-653.9337768554688,286.0059623967554,120.87179032899553,-23.775750536014073,389.9999987017205,97.99999670116671,0.49803921580314636,0.5215686559677124,0.5176470875740051,calibrated_uv_reprojection_plus_stereo_left
85.40859985351562,-224.32432556152344,-653.5023193359375,284.95613679490305,119.88082068632116,-23.46009371015282,390.99999725344753,97.99999995341255,0.49803921580314636,0.5215686559677124,0.5215686559677124,calibrated_uv_reprojection_plus_stereo_left
86.7542953491211,-224.19317626953125,-653.0823974609375,283.9140216797205,118.88501420991867,-23.151881937583084,391.99999981709755,97.99999807690742,0.49803921580314636,0.5215686559677124,0.5176470875740051,calibrated_uv_reprojection_plus_stereo_left
88.15853118896484,-224.21495056152344,-653.1079711914062,283.1340784969167,117.64807316956905,-23.12961176806124,392.9999981421963,97.9999978540092,0.501960813999176,0.5254902243614197,0.5176470875740051,calibrated_uv_reprojection_plus_stereo_left
89.56761932373047,-224.24806213378906,-653.1665649414062,282.37327456377017,116.39281201984028,-23.128522440356335,393.99999747104914,97.9999992877465,0.5058823823928833,0.529411792755127,0.5254902243614197,calibrated_uv_reprojection_plus_stereo_left
90.97110748291016,-224.26622009277344,-653.1815795898438,281.58675600350506,115.16102673143598,-23.099456063979062,395.00000019613867,97.99999737018416,0.5058823823928833,0.529411792755127,0.529411792755127,calibrated_uv_reprojection_plus_stereo_left
92.27344512939453,-224.03811645507812,-652.4794311523438,280.38209852012255,114.32346485391434,-22.61027910938151,395.9999977545724,98.00000688289472,0.501960813999176,0.5254902243614197,0.5254902243614197,calibrated_uv_reprojection_plus_stereo_left
93.67826843261719,-224.06182861328125,-652.5106201171875,279.6055538521324,113.08361091532043,-22.591611202763147,396.9999980748463,97.99999824912652,0.49803921580314636,0.5215686559677124,0.5215686559677124,calibrated_uv_reprojection_plus_stereo_left
95.08631896972656,-224.09231567382812,-652.5615234375,278.8402509415335,111.83252955144673,-22.58557849906032,398.00000376062513,97.99998845306021,0.4901960790157318,0.5137255191802979,0.5137255191802979,calibrated_uv_reprojection_plus_stereo_left
96.49293518066406,-224.11846923828125,-652.5999145507812,278.0674358898991,110.58805417283804,-22.571529801005738,398.99999803126707,98.00000763076218,0.47843137383461,0.501960813999176,0.501960813999176,calibrated_uv_reprojection_plus_stereo_left
97.84593963623047,-224.02102661132812,-652.2783203125,277.0863752995814,109.5439227193126,-22.32658147447944,399.999999504185,98.00000169170423,0.46666666865348816,0.4901960790157318,0.4901960790157318,calibrated_uv_reprojection_plus_stereo_left
99.20013427734375,-223.92889404296875,-651.9722290039062,276.114916034096,108.49214098011868,-22.091609009957438,401.00000042972306,97.99999847508028,0.45490196347236633,0.48235294222831726,0.47843137383461,calibrated_uv_reprojection_plus_stereo_left
100.55892181396484,-223.8494110107422,-651.7030639648438,275.1653175734046,107.42060828202881,-21.880356978165025,401.99999900416236,98.00001235170066,0.43529412150382996,0.4627451002597809,0.4588235318660736,calibrated_uv_reprojection_plus_stereo_left
101.91764831542969,-223.77188110351562,-651.4395141601562,274.21950127194975,106.34672010826824,-21.672714187905854,403.0000000954295,98.00000252403905,0.4156862795352936,0.43921568989753723,0.4313725531101227,calibrated_uv_reprojection_plus_stereo_left
103.21854400634766,-223.57107543945312,-650.817138671875,273.06857543757945,105.47638015492339,-21.23505587115352,403.9999994715017,97.99999420051003,0.40392157435417175,0.4274509847164154,0.41960784792900085,calibrated_uv_reprojection_plus_stereo_left
104.63699340820312,-223.62672424316406,-650.94140625,272.3459954931231,104.1849384104442,-21.276105889550934,404.9999949463814,98.00000534879698,0.4274509847164154,0.45098039507865906,0.4431372582912445,calibrated_uv_reprojection_plus_stereo_left
106.0566177368164,-223.6832733154297,-651.0682373046875,271.6244577454232,102.89137223385029,-21.31877169208468,405.9999976714454,98.00000748334202,0.45098039507865906,0.4745098054409027,0.46666666865348816,calibrated_uv_reprojection_plus_stereo_left
107.47395324707031,-223.73350524902344,-651.1766357421875,270.8920033860577,101.60766304678401,-21.349598245481104,406.99999683745864,98.00000313615234,0.47843137383461,0.501960813999176,0.4941176474094391,calibrated_uv_reprojection_plus_stereo_left
108.90314483642578,-223.80670166015625,-651.3518676757812,270.197131617711,100.28509733529006,-21.423239970618567,407.9999978217176,98.000003148492,0.5058823823928833,0.529411792755127,0.5215686559677124,calibrated_uv_reprojection_plus_stereo_left
110.35308837890625,-223.92005920410156,-651.6439208984375,269.5679510198153,98.89457960252219,-21.571709102741124,409.00000016693195,97.99999624596211,0.5176470875740051,0.5411764979362488,0.5333333611488342,calibrated_uv_reprojection_plus_stereo_left
111.81319427490234,-224.05084228515625,-651.9866943359375,268.9666214023336,97.47356198311178,-21.752645413138453,409.9999986444625,98.00000206166638,0.5215686559677124,0.545098066329956,0.5372549295425415,calibrated_uv_reprojection_plus_stereo_left
113.27349090576172,-224.17868041992188,-652.3208618164062,268.35947496108355,96.05604991605122,-21.92802306804208,410.9999950806791,98.00001004258246,0.5176470875740051,0.5411764979362488,0.5372549295425415,calibrated_uv_reprojection_plus_stereo_left
114.87423706054688,-224.57789611816406,-653.4445190429688,268.19613178209687,94.17914710450248,-22.60910513037527,411.99999677162396,97.99999806457947,0.5176470875740051,0.5411764979362488,0.5372549295425415,calibrated_uv_reprojection_plus_stereo_left
116.32736206054688,-224.6822509765625,-653.710205078125,267.54765267987705,92.79710392438835,-22.740473807251362,413.0000024178189,98.0000006653629,0.5176470875740051,0.5411764979362488,0.5333333611488342,calibrated_uv_reprojection_plus_stereo_left
117.7858657836914,-224.7943115234375,-653.998291015625,266.9109693717574,91.40081256062581,-22.88615572401011,413.99999869043563,98.00000766184272,0.5176470875740051,0.5411764979362488,0.5333333611488342,calibrated_uv_reprojection_plus_stereo_left
119.26329803466797,-224.93934631347656,-654.3822021484375,266.32709878431336,89.94711212680971,-23.093156857300414,415.00000180210253,97.99999933741375,0.5176470875740051,0.5411764979362488,0.5333333611488342,calibrated_uv_reprojection_plus_stereo_left
120.84223175048828,-225.27012634277344,-655.3064575195312,266.0438964096898,88.17431897037261,-23.646146129345368,415.9999990455934,98.0000070089907,0.5098039507865906,0.5333333611488342,0.5254902243614197,calibrated_uv_reprojection_plus_stereo_left
122.3541030883789,-225.4696502685547,-655.8487548828125,265.5454980661074,86.62299374123916,-23.954434304086647,416.99999697541244,98.00000350214327,0.5098039507865906,0.5333333611488342,0.5254902243614197,calibrated_uv_reprojection_plus_stereo_left
123.86463928222656,-225.662109375,-656.3704223632812,265.0341813269853,85.08163212798507,-24.24944115260888,418.0000003145344,97.99999710331383,0.5058823823928833,0.5254902243614197,0.5215686559677124,calibrated_uv_reprojection_plus_stereo_left
125.40946960449219,-225.9119415283203,-657.0588989257812,264.61400712617376,83.43917781917156,-24.651173641676166,418.9999994778945,97.99999251804698,0.501960813999176,0.5215686559677124,0.5137255191802979,calibrated_uv_reprojection_plus_stereo_left
126.95867156982422,-226.16390991210938,-657.7535400390625,264.19543007206494,81.79028251725754,-25.056771121867428,419.9999991228781,97.99999713176905,0.501960813999176,0.5176470875740051,0.5137255191802979,calibrated_uv_reprojection_plus_stereo_left
70.77360534667969,-225.24180603027344,-660.6989135742188,296.9990779696307,130.17005434756936,-29.23298157302429,380.0000028230884,98.99999402035138,0.3686274588108063,0.33725491166114807,0.24705882370471954,calibrated_uv_reprojection_plus_stereo_left
72.01972961425781,-224.72927856445312,-659.157470703125,295.2721452598339,129.73825713571375,-28.201978212518554,380.99999936917413,99.00000250545202,0.41960784792900085,0.4313725531101227,0.4156862795352936,calibrated_uv_reprojection_plus_stereo_left
73.24107360839844,-224.160400390625,-657.4508666992188,293.4500356299466,129.39839034352616,-27.06485992039569,381.99999960176245,98.99999653134122,0.48627451062202454,0.501960813999176,0.4901960790157318,calibrated_uv_reprojection_plus_stereo_left
74.4554672241211,-223.5918731689453,-655.7455444335938,291.63270332130395,129.06405466682395,-25.928772704166533,382.99999937961496,99.00000540275397,0.5176470875740051,0.5333333611488342,0.529411792755127,calibrated_uv_reprojection_plus_stereo_left
75.87722778320312,-223.65542602539062,-655.8939819335938,290.9239813072972,127.7595749907066,-25.98553483548136,384.00000318531505,98.99999589887582,0.5254902243614197,0.5411764979362488,0.5372549295425415,calibrated_uv_reprojection_plus_stereo_left
77.2098159790039,-223.4584503173828,-655.2784423828125,289.76048229886413,126.85815437415567,-25.550798488132557,385.0000038187027,98.99999373058284,0.5254902243614197,0.5411764979362488,0.5372549295425415,calibrated_uv_reprojection_plus_stereo_left
78.56214141845703,-223.324462890625,-654.8477172851562,288.7080256752511,125.86083907563062,-25.235021669335254,385.9999966732948,99.00000379264276,0.5254902243614197,0.545098066329956,0.5372549295425415,calibrated_uv_reprojection_plus_stereo_left
79.89441680908203,-223.13900756835938,-654.2660522460938,287.56711870038106,124.94526877671638,-24.822191821729746,386.99999956255635,98.99999565124261,0.5215686559677124,0.545098066329956,0.5372549295425415,calibrated_uv_reprojection_plus_stereo_left
81.20167541503906,-222.89111328125,-653.5014038085938,286.3193590072407,124.12943324121755,-24.291744537218392,388.00000240196323,98.99999284035303,0.5176470875740051,0.5411764979362488,0.5333333611488342,calibrated_uv_reprojection_plus_stereo_left
82.56866455078125,-222.81265258789062,-653.2335815429688,285.36635410906973,123.04996606633335,-24.080882588221186,389.00000281900043,98.99999112590328,0.5176470875740051,0.5411764979362488,0.5333333611488342,calibrated_uv_reprojection_plus_stereo_left
83.92455291748047,-222.70721435546875,-652.88671875,284.3673579573514,122.01383869795615,-23.819225436372108,389.99999942267425,98.99999461240213,0.5215686559677124,0.545098066329956,0.5372549295425415,calibrated_uv_reprojection_plus_stereo_left
85.2680892944336,-222.5728302001953,-652.455078125,283.3192805502073,121.02458844905595,-23.503101418684878,390.99999739203986,99.00000804692783,0.5215686559677124,0.545098066329956,0.5372549295425415,calibrated_uv_reprojection_plus_stereo_left
86.58351135253906,-222.37045288085938,-651.8240966796875,282.1553132722915,120.14472586134826,-23.058851397160538,391.9999974395002,99.00000194095577,0.5176470875740051,0.5411764979362488,0.5372549295425415,calibrated_uv_reprojection_plus_stereo_left
88.00373840332031,-222.4392547607422,-651.988037109375,281.4577120063315,118.83498870524653,-23.125682979244345,392.9999990912842,98.99999724687356,0.5176470875740051,0.5411764979362488,0.5372549295425415,calibrated_uv_reprojection_plus_stereo_left
89.41661071777344,-222.48748779296875,-652.0916748046875,280.7243921348167,117.55734278055644,-23.153728888541877,393.999999300362,98.99999437968833,0.5176470875740051,0.5411764979362488,0.5372549295425415,calibrated_uv_reprojection_plus_stereo_left
90.82472229003906,-222.52244567871094,-652.1564331054688,279.968043975354,116.30040929417538,-23.156775690571237,394.99999690545224,99.00000237425857,0.5176470875740051,0.5411764979362488,0.5333333611488342,calibrated_uv_reprojection_plus_stereo_left
92.12767028808594,-222.30245971679688,-651.4739990234375,278.7771172161594,115.45334067598537,-22.679603913490837,396.0000010096121,98.99999887650154,0.5137255191802979,0.5372549295425415,0.5333333611488342,calibrated_uv_reprojection_plus_stereo_left
93.53684997558594,-222.3414306640625,-651.5504760742188,278.02792939242164,114.19047821759818,-22.69018810781955,397.0000039301924,98.99999271602701,0.5137255191802979,0.5372549295425415,0.5372549295425415,calibrated_uv_reprojection_plus_stereo_left
94.94363403320312,-222.37353515625,-651.6068725585938,277.2668041444527,112.93826259292632,-22.68786439939356,397.99999906289037,98.99999982182572,0.5058823823928833,0.529411792755127,0.5254902243614197,calibrated_uv_reprojection_plus_stereo_left
96.34492492675781,-222.3918914794922,-651.6229858398438,276.4821456744291,111.70799191390512,-22.65964851814772,398.99999975865757,99.00000994818711,0.49803921580314636,0.5215686559677124,0.5137255191802979,calibrated_uv_reprojection_plus_stereo_left
97.69646453857422,-222.2964324951172,-651.3055419921875,275.505092528343,110.66313074366275,-22.417122904252437,400.0000006946117,98.99999984757983,0.48235294222831726,0.5176470875740051,0.5098039507865906,calibrated_uv_reprojection_plus_stereo_left
99.0508804321289,-222.20999145507812,-651.0145874023438,274.54392035108276,109.60448808662562,-22.191651738014627,400.9999990439706,98.99999907945585,0.46666666865348816,0.5098039507865906,0.501960813999176,calibrated_uv_reprojection_plus_stereo_left
100.40658569335938,-222.12867736816406,-650.7387084960938,273.5919820977786,108.53830642135517,-21.975897380088952,401.99999747185063,99.00000519820492,0.4627451002597809,0.4941176474094391,0.4901960790157318,calibrated_uv_reprojection_plus_stereo_left
101.75716400146484,-222.03829956054688,-650.436279296875,272.6253967032159,107.48789898824424,-21.743113394441878,402.9999951687941,99.0000050852127,0.45490196347236633,0.47843137383461,0.47843137383461,calibrated_uv_reprojection_plus_stereo_left
103.09139251708984,-221.9150390625,-650.0375366210938,271.6043837108508,106.4927605897102,-21.448503262389693,404.00000105872994,98.9999995913926,0.4431372582912445,0.47058823704719543,0.4627451002597809,calibrated_uv_reprojection_plus_stereo_left
104.51091766357422,-221.9761199951172,-650.1788330078125,270.8921889443,105.19328218242117,-21.500722095520473,405.0000002282006,99.00000722234643,0.40784314274787903,0.43921568989753723,0.4313725531101227,calibrated_uv_reprojection_plus_stereo_left
105.92184448242188,-222.01748657226562,-650.2623291015625,270.1466479925294,103.92590922354077,-21.515799695048145,405.999997012535,99.0000056748845,0.4000000059604645,0.4274509847164154,0.41960784792900085,calibrated_uv_reprojection_plus_stereo_left
107.35196685791016,-222.0973663330078,-650.4586181640625,269.46482269041684,102.59376686685505,-21.603278810249435,406.9999997670444,99.00000773720583,0.42352941632270813,0.4470588266849518,0.4431372582912445,calibrated_uv_reprojection_plus_stereo_left
108.75550842285156,-222.12081909179688,-650.4896240234375,268.68874822918036,101.35518640019296,-21.58462308444217,407.99999965869,99.00000829447558,0.45098039507865906,0.4745098054409027,0.46666666865348816,calibrated_uv_reprojection_plus_stereo_left
110.21024322509766,-222.246826171875,-650.8209228515625,268.08226981256774,99.94408333904619,-21.758712750811185,408.9999960513527,99.00000521003054,0.47843137383461,0.501960813999176,0.4941176474094391,calibrated_uv_reprojection_plus_stereo_left
111.67268371582031,-222.38491821289062,-651.1875610351562,267.4947962715802,98.51120934108076,-21.955438592683265,409.9999976574668,99.00000126962038,0.501960813999176,0.5254902243614197,0.5176470875740051,calibrated_uv_reprojection_plus_stereo_left
113.13433837890625,-222.5179443359375,-651.5393676757812,266.8979449975489,97.0853417766541,-22.142605253316276,410.99999867736506,99.00000955875669,0.5098039507865906,0.5333333611488342,0.5254902243614197,calibrated_uv_reprojection_plus_stereo_left
114.71992492675781,-222.88844299316406,-652.5863647460938,266.69064463149704,95.25534542738643,-22.775833236819437,411.99999643514604,99.00000564585778,0.5058823823928833,0.5372549295425415,0.5254902243614197,calibrated_uv_reprojection_plus_stereo_left
116.17324829101562,-222.99603271484375,-652.863525390625,266.0491533441227,93.8685201184735,-22.91495847209916,412.9999984601331,99.0000034638748,0.5058823823928833,0.5372549295425415,0.5254902243614197,calibrated_uv_reprojection_plus_stereo_left
117.63627624511719,-223.11936950683594,-653.186767578125,265.4326327555962,92.45360932709343,-23.0836143500336,413.9999995761991,99.00000605902017,0.5098039507865906,0.5372549295425415,0.5254902243614197,calibrated_uv_reprojection_plus_stereo_left
119.13321685791016,-223.30328369140625,-653.687255859375,264.914125743426,90.93363646543725,-23.365929280099408,415.0000038358677,98.99999840865081,0.5098039507865906,0.5333333611488342,0.5254902243614197,calibrated_uv_reprojection_plus_stereo_left
120.70182800292969,-223.61561584472656,-654.5635986328125,264.60357006310215,89.19110303632533,-23.889285846680707,416.00000380653125,98.99999452507535,0.5058823823928833,0.529411792755127,0.5215686559677124,calibrated_uv_reprojection_plus_stereo_left
122.21920013427734,-223.82684326171875,-655.1439208984375,264.12626889174254,87.61931447197787,-24.222661913024808,417.00000162336323,98.99999592081431,0.5058823823928833,0.529411792755127,0.5215686559677124,calibrated_uv_reprojection_plus_stereo_left
123.72651672363281,-224.0149688720703,-655.6565551757812,263.6098982631871,86.08511782262241,-24.512550509709342,418.000002128477,98.99999744722555,0.501960813999176,0.5254902243614197,0.5176470875740051,calibrated_uv_reprojection_plus_stereo_left
125.29676055908203,-224.31143188476562,-656.4862060546875,263.2675197348196,84.36103930681827,-25.00567888063108,419.0000016735827,99.00000229823573,0.49803921580314636,0.5215686559677124,0.5137255191802979,calibrated_uv_reprojection_plus_stereo_left
126.93582153320312,-224.72305297851562,-657.6527709960938,263.1089549069696,82.43346578771167,-25.714748239206244,420.0000006456778,99.00000848626917,0.501960813999176,0.5176470875740051,0.5137255191802979,calibrated_uv_reprojection_plus_stereo_left
128.37985229492188,-224.78408813476562,-657.793212890625,262.38230075461166,81.1129481945477,-25.76572895545604,420.99999557402566,99.00000235406065,0.501960813999176,0.5176470875740051,0.5137255191802979,calibrated_uv_reprojection_plus_stereo_left
69.49010467529297,-224.25494384765625,-661.9815063476562,297.5397834941266,131.32693159692946,-30.82254792917439,378.99999939967205,100.00000731157974,0.3450980484485626,0.30980393290519714,0.2235294133424759,calibrated_uv_reprojection_plus_stereo_left
70.40025329589844,-222.66452026367188,-657.248779296875,293.89981096500475,132.5427662087891,-27.73228898077349,379.99999960575315,99.99999925143032,0.38823530077934265,0.3686274588108063,0.30588236451148987,calibrated_uv_reprojection_plus_stereo_left
71.63294982910156,-222.13632202148438,-655.65185546875,292.1462303465092,132.14494199750288,-26.664082073551526,380.99999783955917,99.99999743883612,0.45490196347236633,0.47058823704719543,0.4588235318660736,calibrated_uv_reprojection_plus_stereo_left
72.88275146484375,-221.68020629882812,-654.2678833007812,290.5234714150408,131.64172810668396,-25.733329102205516,382.0000019815566,100.00000261727584,0.5254902243614197,0.545098066329956,0.5333333611488342,calibrated_uv_reprojection_plus_stereo_left
74.24024963378906,-221.56253051757812,-653.8828735351562,289.49885194154825,130.62013827476432,-25.446595705159325,382.99999989643226,100.00000606719212,0.5529412031173706,0.572549045085907,0.5686274766921997,calibrated_uv_reprojection_plus_stereo_left
75.63256072998047,-221.55104064941406,-653.8112182617188,288.66128258762086,129.43503841810133,-25.361842423683584,383.99999813587357,99.99999844216342,0.5529412031173706,0.572549045085907,0.5686274766921997,calibrated_uv_reprojection_plus_stereo_left
76.96869659423828,-221.3782196044922,-653.2634887695312,287.5414140164144,128.50121367898538,-24.97030160736199,385.00000400654784,99.99998950762773,0.5529412031173706,0.572549045085907,0.572549045085907,calibrated_uv_reprojection_plus_stereo_left
78.32806396484375,-221.27703857421875,-652.9273071289062,286.5479455171483,127.45725701712814,-24.71514926710313,386.00000094045646,100.00000495184946,0.5490196347236633,0.572549045085907,0.5686274766921997,calibrated_uv_reprojection_plus_stereo_left
79.68174743652344,-221.1634979248047,-652.5546264648438,285.5336316637752,126.43375812009805,-24.43650333791794,386.99999842254977,100.0000047402628,0.5490196347236633,0.572549045085907,0.5647059082984924,calibrated_uv_reprojection_plus_stereo_left
81.03852844238281,-221.06216430664062,-652.2179565429688,284.5413353709425,125.39225202214391,-24.181087506106962,388.0000014814926,99.99999435910186,0.545098066329956,0.5686274766921997,0.5607843399047852,calibrated_uv_reprojection_plus_stereo_left
82.39220428466797,-220.95578002929688,-651.866455078125,283.541004567966,124.35976218578179,-23.916157648471483,389.00000460187346,99.99999270655411,0.5411764979362488,0.5647059082984924,0.5568627715110779,calibrated_uv_reprojection_plus_stereo_left
83.74736785888672,-220.8567352294922,-651.5366821289062,282.5541587330515,123.31674920822701,-23.665266726415553,390.00000005945896,100.00000120110417,0.5411764979362488,0.5647059082984924,0.5568627715110779,calibrated_uv_reprojection_plus_stereo_left
85.09796142578125,-220.74893188476562,-651.1810913085938,281.55287167653023,122.28869136572416,-23.397778137508737,390.99999945559665,100.00000641375249,0.5372549295425415,0.5607843399047852,0.5529412031173706,calibrated_uv_reprojection_plus_stereo_left
86.45405578613281,-220.6585235595703,-650.8767700195312,280.58231662501885,121.23404159970545,-23.163330013558607,392.00000124161403,99.99999312023084,0.5333333611488342,0.5568627715110779,0.5490196347236633,calibrated_uv_reprojection_plus_stereo_left
87.85880279541016,-220.6930389404297,-650.9410400390625,279.8273746984789,119.98035477256929,-23.166280043038114,393.0000002972089,100.00000311523934,0.529411792755127,0.5529412031173706,0.545098066329956,calibrated_uv_reprojection_plus_stereo_left
89.25496673583984,-220.70513916015625,-650.9391479492188,279.033650383002,118.76226106109448,-23.12660925913366,393.9999998062306,100.00000369872504,0.5254902243614197,0.5490196347236633,0.545098066329956,calibrated_uv_reprojection_plus_stereo_left
90.65848541259766,-220.7346649169922,-650.9885864257812,278.26964088479764,117.51593384058867,-23.119971023901314,395.0000006184375,99.99999083045938,0.5254902243614197,0.5490196347236633,0.5490196347236633,calibrated_uv_reprojection_plus_stereo_left
92.04271697998047,-220.71690368652344,-650.898681640625,277.42458961580746,116.34565350512776,-23.023637653915443,395.99999610753457,100.00000682707477,0.5215686559677124,0.545098066329956,0.5411764979362488,calibrated_uv_reprojection_plus_stereo_left
93.42698669433594,-220.69964599609375,-650.8101806640625,276.5804644204563,115.17473158038149,-22.928197535206493,396.99999861032006,100.00000196498758,0.5098039507865906,0.5333333611488342,0.5254902243614197,calibrated_uv_reprojection_plus_stereo_left
94.80729675292969,-220.67355346679688,-650.6956787109375,275.7214160277618,114.01831797209474,-22.816034632172716,397.99999826767436,100.00000821775208,0.49803921580314636,0.5215686559677124,0.5137255191802979,calibrated_uv_reprojection_plus_stereo_left
96.18125915527344,-220.63356018066406,-650.5401000976562,274.83888629063085,112.88488150905079,-22.677425883669855,399.0000010143835,99.99999065352074,0.4941176474094391,0.5176470875740051,0.5098039507865906,calibrated_uv_reprojection_plus_stereo_left
97.55525207519531,-220.59463500976562,-650.3878173828125,273.9584809273404,111.75003711825178,-22.540974303846724,399.99999779636926,100.00000587726834,0.47843137383461,0.5137255191802979,0.501960813999176,calibrated_uv_reprojection_plus_stereo_left
98.89496612548828,-220.4802703857422,-650.0130615234375,272.9507300242897,110.7396136604728,-22.26136671190585,401.00000185173315,100.00000241576097,0.4627451002597809,0.5058823823928833,0.4901960790157318,calibrated_uv_reprojection_plus_stereo_left
100.2254409790039,-220.34866333007812,-649.5875244140625,271.9147072867702,109.75882948076594,-21.949126660508853,402.0000009161058,100.00000179732439,0.4588235318660736,0.501960813999176,0.4941176474094391,calibrated_uv_reprojection_plus_stereo_left
101.5384750366211,-220.18272399902344,-649.0608520507812,270.8218330067179,108.83623700637918,-21.571870447419712,402.99999736849026,100.0000077461228,0.45490196347236633,0.49803921580314636,0.4901960790157318,calibrated_uv_reprojection_plus_stereo_left
102.90867614746094,-220.14344787597656,-648.9075317382812,269.942920224706,107.70512966222935,-21.43483372657613,403.9999999704347,99.99999835655106,0.45098039507865906,0.4941176474094391,0.48627451062202454,calibrated_uv_reprojection_plus_stereo_left
104.31708526611328,-220.1857452392578,-648.9947509765625,269.20104224204226,106.43849859187645,-21.452548121950542,404.99999620488,100.000011114536,0.4431372582912445,0.48627451062202454,0.47843137383461,calibrated_uv_reprojection_plus_stereo_left
105.73143005371094,-220.2392120361328,-649.11474609375,268.47745750063586,105.15274460837009,-21.491304344746652,405.99999927020616,99.99999255954256,0.43529412150382996,0.46666666865348816,0.4627451002597809,calibrated_uv_reprojection_plus_stereo_left
107.14390563964844,-220.28732299804688,-649.2190551757812,267.7445523658696,103.87530230509861,-21.51997337100073,406.9999960944803,100.00000282328836,0.4274509847164154,0.45098039507865906,0.45098039507865906,calibrated_uv_reprojection_plus_stereo_left
108.60267639160156,-220.4280548095703,-649.5962524414062,267.16547403166373,102.44151544920885,-21.72409803888098,408.0000009957611,100.0000020289454,0.4117647111415863,0.43529412150382996,0.4313725531101227,calibrated_uv_reprojection_plus_stereo_left
110.06684875488281,-220.57595825195312,-649.9945678710938,266.59725823314517,100.9940466971139,-21.94175722235957,408.99999935860563,100.00000950758607,0.4274509847164154,0.45098039507865906,0.4470588266849518,calibrated_uv_reprojection_plus_stereo_left
111.56229400634766,-220.781982421875,-650.5640258789062,266.12425406110833,99.44656621245247,-22.26938563314195,409.99999657399997,100.00000079000421,0.45098039507865906,0.48235294222831726,0.47058823704719543,calibrated_uv_reprojection_plus_stereo_left
113.02458190917969,-220.91798400878906,-650.9271240234375,265.533874940378,98.01569779374836,-22.46428181026539,411.0000021090764,99.99999968358722,0.4745098054409027,0.5058823823928833,0.4941176474094391,calibrated_uv_reprojection_plus_stereo_left
114.42131805419922,-220.9240264892578,-650.9072875976562,264.72798250489063,96.80472768117511,-22.41297412123265,411.9999990292667,100.00000117910523,0.48235294222831726,0.5254902243614197,0.5098039507865906,calibrated_uv_reprojection_plus_stereo_left
115.91793823242188,-221.120361328125,-651.4480590820312,264.23537266202015,95.26841124009167,-22.721996037829626,412.9999973867108,99.99999937420677,0.4901960790157318,0.5333333611488342,0.5176470875740051,calibrated_uv_reprojection_plus_stereo_left
117.39315032958984,-221.27157592773438,-651.8558349609375,263.66714479697436,93.80727966201636,-22.945470848004334,413.99999750944505,99.99999633027565,0.4941176474094391,0.529411792755127,0.5176470875740051,calibrated_uv_reprojection_plus_stereo_left
118.85403442382812,-221.39242553710938,-652.1741333007812,263.04799269112385,92.39666975309939,-23.111393564750017,415.00000461726955,99.99999921546521,0.4941176474094391,0.5254902243614197,0.5137255191802979,calibrated_uv_reprojection_plus_stereo_left
120.36321258544922,-221.5993194580078,-652.745849609375,262.56867043371784,90.83624827323956,-23.440115891612038,415.9999981201451,100.0000037493908,0.4941176474094391,0.5215686559677124,0.5137255191802979,calibrated_uv_reprojection_plus_stereo_left
121.85267639160156,-221.76547241210938,-653.1974487304688,262.02127777207386,89.34405677767768,-23.69157839455403,417.00000419059177,99.9999974268527,0.49803921580314636,0.5215686559677124,0.5137255191802979,calibrated_uv_reprojection_plus_stereo_left
123.36621856689453,-221.97109985351562,-653.7653198242188,261.5369353942018,87.7814618287664,-24.01769395002532,417.9999952192014,100.0000072262444,0.49803921580314636,0.5215686559677124,0.5137255191802979,calibrated_uv_reprojection_plus_stereo_left
124.88672637939453,-222.1844024658203,-654.3556518554688,261.0634801588312,86.20323441608156,-24.358152285782865,418.99999947469166,99.99999971944123,0.501960813999176,0.5254902243614197,0.5176470875740051,calibrated_uv_reprojection_plus_stereo_left
126.3351058959961,-222.2659912109375,-654.5580444335938,260.3749385367843,84.85277456720598,-24.44934848953352,419.9999964102834,99.9999977182284,0.49803921580314636,0.5176470875740051,0.5137255191802979,calibrated_uv_reprojection_plus_stereo_left
127.8952407836914,-222.54013061523438,-655.3274536132812,259.99715970510147,83.16388810278602,-24.90470570734368,420.9999991836054,100.00000309044961,0.49803921580314636,0.5137255191802979,0.5098039507865906,calibrated_uv_reprojection_plus_stereo_left
129.4796142578125,-222.84994506835938,-656.2017822265625,259.6748730886518,81.40926674010899,-25.42734150720281,422.00000612068857,100.0000002316641,0.49803921580314636,0.5137255191802979,0.5098039507865906,calibrated_uv_reprojection_plus_stereo_left
69.32135772705078,-222.31491088867188,-660.41015625,295.5648187032675,132.7226237823475,-30.532660418957562,379.0000002272163,100.99999903383926,0.38823530077934265,0.3607843220233917,0.3019607961177826,calibrated_uv_reprojection_plus_stereo_left
70.13484191894531,-220.44105529785156,-654.8059692382812,291.41328224076864,134.38815662559597,-26.87457553634033,380.0000026330725,100.99999491882801,0.40784314274787903,0.3960784375667572,0.35686275362968445,calibrated_uv_reprojection_plus_stereo_left
71.41886138916016,-220.09033203125,-653.7265625,289.9737124409619,133.72478581624858,-26.13900633753815,380.9999983917027,100.99999911780932,0.48627451062202454,0.501960813999176,0.4901960790157318,calibrated_uv_reprojection_plus_stereo_left
72.71714782714844,-219.79600524902344,-652.8147583007812,288.6363966506772,132.97790780141656,-25.511773649028044,381.99999932429034,100.99999882101909,0.5490196347236633,0.5686274766921997,0.5568627715110779,calibrated_uv_reprojection_plus_stereo_left
74.09344482421875,-219.74395751953125,-652.6226196289062,287.7286154253891,131.85785037374688,-25.349281199072834,382.99999904641163,101.00000242845607,0.5607843399047852,0.5843137502670288,0.5764706134796143,calibrated_uv_reprojection_plus_stereo_left
75.4471664428711,-219.6279754638672,-652.2406005859375,286.70864048210666,130.83799091902995,-25.06421995566666,383.99999824985724,100.99999933084518,0.5607843399047852,0.5843137502670288,0.5803921818733215,calibrated_uv_reprojection_plus_stereo_left
76.79264068603516,-219.49246215820312,-651.8006591796875,285.6552019828669,129.84989112270324,-24.74181514977198,384.9999982014169,101.00000568285716,0.5568627715110779,0.5803921818733215,0.5803921818733215,calibrated_uv_reprojection_plus_stereo_left
78.1478271484375,-219.38890075683594,-651.4556274414062,284.6587413756279,128.8130768516795,-24.48071351621877,385.9999979336433,101.0000087460676,0.5568627715110779,0.5803921818733215,0.5764706134796143,calibrated_uv_reprojection_plus_stereo_left
79.52523803710938,-219.35012817382812,-651.302978515625,283.7763342552032,127.67530288204637,-24.343804719483046,386.99999799896307,101.00000582338853,0.5568627715110779,0.5803921818733215,0.572549045085907,calibrated_uv_reprojection_plus_stereo_left
80.85498046875,-219.18331909179688,-650.7702026367188,282.6707115441005,126.74028719194303,-23.96160135811874,387.9999997908298,101.00000540294616,0.5529412031173706,0.5764706134796143,0.5686274766921997,calibrated_uv_reprojection_plus_stereo_left
82.21965026855469,-219.1151123046875,-650.5302124023438,281.7380322056716,125.65066167498583,-23.76838030733188,388.9999975178391,101.00000249707728,0.5490196347236633,0.572549045085907,0.5647059082984924,calibrated_uv_reprojection_plus_stereo_left
83.58831787109375,-219.0594940185547,-650.32763671875,280.8277117341503,124.54168832470526,-23.59932561742346,389.9999992816668,101.00000467549074,0.5490196347236633,0.572549045085907,0.5647059082984924,calibrated_uv_reprojection_plus_stereo_left
84.94393157958984,-218.97193908691406,-650.0302124023438,279.8623688723188,123.48431054421746,-23.36908639184486,390.99999897228975,100.99999212229832,0.5490196347236633,0.572549045085907,0.5647059082984924,calibrated_uv_reprojection_plus_stereo_left
86.31565856933594,-218.9279022216797,-649.862060546875,278.97297482704886,122.35807421212968,-23.222280892949072,392.000003457867,100.99999553550711,0.545098066329956,0.5686274766921997,0.5607843399047852,calibrated_uv_reprojection_plus_stereo_left
87.70336151123047,-218.92503356933594,-649.816162109375,278.1549918168554,121.16607159001899,-23.154355416806197,392.9999972334877,101.00000947458446,0.5372549295425415,0.5607843399047852,0.5529412031173706,calibrated_uv_reprojection_plus_stereo_left
89.0916748046875,-218.92361450195312,-649.7744750976562,277.33945740002963,119.97173830659312,-23.089129718860363,394.00000364463483,101.00000151603905,0.529411792755127,0.5529412031173706,0.545098066329956,calibrated_uv_reprojection_plus_stereo_left
90.4822006225586,-218.927490234375,-649.74853515625,276.53302652120055,118.76880266982778,-23.034064850232483,395.0000002713381,101.0000016530231,0.5215686559677124,0.545098066329956,0.5411764979362488,calibrated_uv_reprojection_plus_stereo_left
91.89762115478516,-218.99044799804688,-649.89794921875,275.82791087238706,117.4698010269812,-23.092079510178337,395.9999956300268,101.00000638795356,0.5176470875740051,0.5411764979362488,0.5333333611488342,calibrated_uv_reprojection_plus_stereo_left
93.2933120727539,-219.0050811767578,-649.9038696289062,275.03953614563414,116.2488436032312,-23.057533895223116,397.0000018448596,100.99999515715967,0.5058823823928833,0.529411792755127,0.5215686559677124,calibrated_uv_reprojection_plus_stereo_left
94.67711639404297,-218.99166870117188,-649.82666015625,274.2031527607123,115.07351693300296,-22.969401581446334,397.999999027868,101.00000765015187,0.4901960790157318,0.5254902243614197,0.5176470875740051,calibrated_uv_reprojection_plus_stereo_left
96.05484771728516,-218.96469116210938,-649.7091674804688,273.3437036215952,113.92056368217237,-22.855296277287607,398.9999974052966,101.0000113300346,0.47843137383461,0.5215686559677124,0.5137255191802979,calibrated_uv_reprojection_plus_stereo_left
97.40453338623047,-218.87535095214844,-649.4066162109375,272.37834255923616,112.87053887206827,-22.621899402181953,399.99999821764993,101.00000642760148,0.47058823704719543,0.501960813999176,0.49803921580314636,calibrated_uv_reprojection_plus_stereo_left
98.75111389160156,-218.7815399169922,-649.0908203125,271.40602641334283,111.82883815372634,-22.379993795761152,400.9999967892279,100.99999917338215,0.46666666865348816,0.4901960790157318,0.4901960790157318,calibrated_uv_reprojection_plus_stereo_left
100.0836181640625,-218.65943908691406,-648.691162109375,270.3864781810735,110.83498134575825,-22.084075479441537,402.0000001790078,101.00000012330568,0.4588235318660736,0.4941176474094391,0.4901960790157318,calibrated_uv_reprojection_plus_stereo_left
101.39041137695312,-218.48516845703125,-648.1367797851562,269.2796566830486,109.92916011322853,-21.688486508353833,403.00000195700665,101.0000004071527,0.45098039507865906,0.4941176474094391,0.48627451062202454,calibrated_uv_reprojection_plus_stereo_left
102.7347640991211,-218.3953399658203,-647.8329467773438,268.3164718872314,108.88433835714386,-21.45440976733181,404.0000014444625,101.00000254809635,0.45098039507865906,0.4941176474094391,0.48627451062202454,calibrated_uv_reprojection_plus_stereo_left
104.14071655273438,-218.43701171875,-647.919189453125,267.5751431436562,107.62037965210635,-21.47169973625779,404.9999981465572,101.000003574607,0.45098039507865906,0.4941176474094391,0.48627451062202454,calibrated_uv_reprojection_plus_stereo_left
105.55879211425781,-218.5025634765625,-648.0762329101562,266.87355001525157,106.31582225415627,-21.534586371421767,406.0000007965504,101.00000187496164,0.4470588266849518,0.47843137383461,0.47843137383461,calibrated_uv_reprojection_plus_stereo_left
106.98591613769531,-218.58480834960938,-648.2827758789062,266.19940694344757,104.98238385770316,-21.62933946165157,406.99999792383323,101.00000367688443,0.4431372582912445,0.47058823704719543,0.47058823704719543,calibrated_uv_reprojection_plus_stereo_left
108.46733856201172,-218.77435302734375,-648.8074340820312,265.7039021536335,103.4666789827865,-21.928964722078604,408.00000629194676,100.9999888960252,0.43529412150382996,0.4627451002597809,0.4627451002597809,calibrated_uv_reprojection_plus_stereo_left
109.93036651611328,-218.92237854003906,-649.2090454101562,265.13779077317747,102.0192140089523,-22.14929392833392,408.9999950061259,101.00000883292,0.42352941632270813,0.45490196347236633,0.45098039507865906,calibrated_uv_reprojection_plus_stereo_left
111.42916870117188,-219.13694763183594,-649.8078002929688,264.68120057755107,100.45692811901046,-22.496514418054346,410.00000378496657,100.9999982208958,0.40784314274787903,0.4470588266849518,0.43529412150382996,calibrated_uv_reprojection_plus_stereo_left
112.9229736328125,-219.33642578125,-650.36181640625,264.19797110837624,98.91798180022715,-22.814862320202735,411.0000000140067,101.00000758703985,0.4274509847164154,0.47058823704719543,0.45490196347236633,calibrated_uv_reprojection_plus_stereo_left
114.29145050048828,-219.29049682617188,-650.1880493164062,263.30674135542813,97.79695404102256,-22.66449188067503,412.0000009716648,100.99999497978689,0.45098039507865906,0.4901960790157318,0.4745098054409027,calibrated_uv_reprojection_plus_stereo_left
115.77845001220703,-219.47023010253906,-650.6834106445312,262.78876165350954,96.28881111806322,-22.944971553717835,412.99999959797304,100.99999999243036,0.4745098054409027,0.5098039507865906,0.49803921580314636,calibrated_uv_reprojection_plus_stereo_left
117.25000762939453,-219.61666870117188,-651.0800170898438,262.21452481827777,94.83601480376444,-23.161811106866423,413.9999963465257,101.00000839829309,0.48235294222831726,0.5215686559677124,0.5058823823928833,calibrated_uv_reprojection_plus_stereo_left
118.70466613769531,-219.72830200195312,-651.373291015625,261.58187296021504,93.44176161244866,-23.312060735504986,415.0000011842423,100.99999204166335,0.48235294222831726,0.5254902243614197,0.5098039507865906,calibrated_uv_reprojection_plus_stereo_left
120.23934936523438,-219.98362731933594,-652.0925903320312,261.18425566170384,91.79706432224043,-23.73651467301778,416.00000164136605,101.00000519009825,0.4901960790157318,0.5176470875740051,0.5137255191802979,calibrated_uv_reprojection_plus_stereo_left
121.70001220703125,-220.09915161132812,-652.3973388671875,260.5557390202053,90.39271131161149,-23.894051129803188,417.00000227567125,100.99999973389129,0.4941176474094391,0.5176470875740051,0.5137255191802979,calibrated_uv_reprojection_plus_stereo_left
123.18367004394531,-220.25308227539062,-652.8158569335938,259.98907976735995,88.92005153740081,-24.124759112330935,418.0000034557376,100.99998860058207,0.4941176474094391,0.5176470875740051,0.5137255191802979,calibrated_uv_reprojection_plus_stereo_left
124.69561767578125,-220.45346069335938,-653.3720703125,259.49699689782614,87.36433576059005,-24.44403437210542,419.00000044397956,100.99999899672929,0.49803921580314636,0.5215686559677124,0.5137255191802979,calibrated_uv_reprojection_plus_stereo_left
126.18608856201172,-220.61175537109375,-653.803466796875,258.9349339792829,85.88027733983972,-24.68292050509956,419.9999995567345,101.00000268213356,0.49803921580314636,0.5137255191802979,0.5098039507865906,calibrated_uv_reprojection_plus_stereo_left
127.76385498046875,-220.9174346923828,-654.6715087890625,258.6108158641079,84.13489981643534,-25.202669035197005,421.0000042150432,100.99999152115907,0.49803921580314636,0.5137255191802979,0.5098039507865906,calibrated_uv_reprojection_plus_stereo_left
129.3429718017578,-221.2186737060547,-655.5263671875,258.2772313394847,82.39394329120256,-25.713841473477032,422.00000650537544,100.99999967743767,0.49803921580314636,0.5137255191802979,0.5098039507865906,calibrated_uv_reprojection_plus_stereo_left
131.00230407714844,-221.6490936279297,-656.7638549804688,258.1500414566004,80.42074999389314,-26.47103189999882,423.0000049463887,100.99999831982205,0.4941176474094391,0.5098039507865906,0.5058823823928833,calibrated_uv_reprojection_plus_stereo_left
69.21814727783203,-225.1693572998047,-673.1907958984375,302.9844057773969,127.98688032552099,-39.56404907287299,377.9999987674662,101.99999804772631,0.615686297416687,0.5176470875740051,0.40784314274787903,calibrated_uv_reprojection_plus_stereo_left
69.1916732788086,-220.5059814453125,-659.2108154296875,293.816920705714,133.9240897674045,-30.48002228361611,378.9999995726867,102.00000033989554,0.4431372582912445,0.4156862795352936,0.3607843220233917,calibrated_uv_reprojection_plus_stereo_left
69.99700164794922,-218.62637329101562,-653.5541381835938,289.6442238936322,135.61406666449687,-26.781974123727764,379.99999626920015,102.00000374875586,0.4431372582912445,0.43529412150382996,0.3960784375667572,calibrated_uv_reprojection_plus_stereo_left
71.25039672851562,-218.19216918945312,-652.2186889648438,288.0554778664618,135.08483897230843,-25.8797294128139,381.000000098843,102.00000513629459,0.5058823823928833,0.5215686559677124,0.5098039507865906,calibrated_uv_reprojection_plus_stereo_left
72.59272003173828,-218.0415802001953,-651.7310791015625,286.97314424930215,134.11930364141256,-25.525996140911104,382.0000029492227,101.99999684005596,0.5490196347236633,0.572549045085907,0.5607843399047852,calibrated_uv_reprojection_plus_stereo_left
73.9400863647461,-217.91136169433594,-651.304443359375,285.92798773886295,133.12357681187592,-25.211754608098545,383.00000374318756,101.99999802461329,0.5607843399047852,0.5843137502670288,0.5764706134796143,calibrated_uv_reprojection_plus_stereo_left
75.27888488769531,-217.76101684570312,-650.8177490234375,284.8482348142803,132.16074342526213,-24.858728281199717,384.00000061712564,102.00001104936345,0.5568627715110779,0.5803921818733215,0.5764706134796143,calibrated_uv_reprojection_plus_stereo_left
76.65081024169922,-217.7100830078125,-650.6281127929688,283.9448129703449,131.04331229025138,-24.697818482601235,384.99999987868114,102.00000417663287,0.5568627715110779,0.5803921818733215,0.5764706134796143,calibrated_uv_reprojection_plus_stereo_left
78.01949310302734,-217.65176391601562,-650.4164428710938,283.028754621723,129.9380356402075,-24.52268274956873,385.9999999348377,102.00000208867885,0.5568627715110779,0.5803921818733215,0.572549045085907,calibrated_uv_reprojection_plus_stereo_left
79.37762451171875,-217.56642150878906,-650.1240234375,282.0656520212725,128.87612792647275,-24.295359364476496,387.0000020570796,101.99999565810336,0.5568627715110779,0.5803921818733215,0.572549045085907,calibrated_uv_reprojection_plus_stereo_left
80.68314361572266,-217.34214782714844,-649.4165649414062,280.8597927905746,128.0357355903862,-23.79978155804082,387.99999944898485,102.00000331089873,0.5529412031173706,0.5764706134796143,0.5686274766921997,calibrated_uv_reprojection_plus_stereo_left
82.05885314941406,-217.3112030029297,-649.2868041992188,279.993538381169,126.88967819551641,-23.677686037945932,388.99999703717936,102.00000862252543,0.5490196347236633,0.572549045085907,0.5647059082984924,calibrated_uv_reprojection_plus_stereo_left
83.43362426757812,-217.27870178222656,-649.15234375,279.1247442361764,125.74642006792686,-23.55255213189747,390.0000019253761,101.99999974685645,0.5490196347236633,0.572549045085907,0.5647059082984924,calibrated_uv_reprojection_plus_stereo_left
84.80509948730469,-217.2386932373047,-648.9955444335938,278.2431289184081,124.61550031788573,-23.41300561270225,390.99999822264573,102.00000996261653,0.5490196347236633,0.572549045085907,0.5647059082984924,calibrated_uv_reprojection_plus_stereo_left
86.17431640625,-217.19415283203125,-648.8251342773438,277.35387649756774,123.49229821116899,-23.264661636018502,392.00000176519234,101.99999966043274,0.5490196347236633,0.572549045085907,0.5647059082984924,calibrated_uv_reprojection_plus_stereo_left
87.55530548095703,-217.1800994873047,-648.745849609375,276.5177845733045,122.3202754556392,-23.17521873281345,393.00000030214864,101.99999962790133,0.545098066329956,0.5686274766921997,0.5607843399047852,calibrated_uv_reprojection_plus_stereo_left
88.92991638183594,-217.15077209472656,-648.6209716796875,275.65536003603114,121.17311209037769,-23.056327153431823,393.9999997897994,102.00000596182417,0.5333333611488342,0.5568627715110779,0.5490196347236633,calibrated_uv_reprojection_plus_stereo_left
90.30704498291016,-217.1282958984375,-648.5164794921875,274.8049173087541,120.0151149789566,-22.950599136203664,395.0000013700669,101.99999150668836,0.5215686559677124,0.545098066329956,0.5372549295425415,calibrated_uv_reprojection_plus_stereo_left
91.7271728515625,-217.20819091796875,-648.7178344726562,274.13092973048026,118.6902084192746,-23.042458897435722,395.99999569292004,102.00000048442601,0.5058823823928833,0.529411792755127,0.5215686559677124,calibrated_uv_reprojection_plus_stereo_left
93.11335754394531,-217.20639038085938,-648.6751098632812,273.3159102875169,117.49817900190317,-22.976625733695528,397.00000202839715,101.9999923039872,0.49803921580314636,0.5215686559677124,0.5137255191802979,calibrated_uv_reprojection_plus_stereo_left
94.51341247558594,-217.2364044189453,-648.7274780273438,272.55545531520767,116.25382508589473,-22.97222165157325,397.9999994944343,102.00000496107972,0.4901960790157318,0.5176470875740051,0.5137255191802979,calibrated_uv_reprojection_plus_stereo_left
95.90467071533203,-217.24551391601562,-648.7173461914062,271.75895833022685,115.04358146793464,-22.927432908288722,399.0000014276151,102.00000189183777,0.48627451062202454,0.5137255191802979,0.5098039507865906,calibrated_uv_reprojection_plus_stereo_left
97.2444839477539,-217.13938903808594,-648.3630981445312,270.7656481761715,114.02381878873138,-22.660431048058115,400.0000023107691,101.99999159000046,0.46666666865348816,0.5058823823928833,0.49803921580314636,calibrated_uv_reprojection_plus_stereo_left
98.5889892578125,-217.0464630126953,-648.04833984375,269.7956011128422,112.98326064720328,-22.41897027767692,400.99999879117155,101.99999239168443,0.45490196347236633,0.49803921580314636,0.4901960790157318,calibrated_uv_reprojection_plus_stereo_left
99.91585540771484,-216.9176788330078,-647.6265869140625,268.7652825136676,112.00336855138659,-22.10847005564972,402.0000010753215,102.00000110767016,0.4470588266849518,0.4901960790157318,0.48235294222831726,calibrated_uv_reprojection_plus_stereo_left
101.23756408691406,-216.78128051757812,-647.18212890625,267.7229825874084,111.0375816299395,-21.783353895576795,402.99999923326754,102.00000577653304,0.4470588266849518,0.4901960790157318,0.48235294222831726,calibrated_uv_reprojection_plus_stereo_left
102.60589599609375,-216.7469482421875,-647.0423583984375,266.85435477734933,109.9021919635531,-21.654947170352727,404.00000083189985,101.99999837042591,0.4470588266849518,0.48627451062202454,0.4941176474094391,calibrated_uv_reprojection_plus_stereo_left
103.99683380126953,-216.7605438232422,-647.045654296875,266.0668668544963,108.68654346196928,-21.618887956500487,405.0000026676018,101.9999880368828,0.4470588266849518,0.48627451062202454,0.4941176474094391,calibrated_uv_reprojection_plus_stereo_left
105.38732147216797,-216.77273559570312,-647.0448608398438,265.27692221866255,107.47303262176706,-21.58020203102251,405.9999973327001,102.00000355867112,0.43921568989753723,0.47843137383461,0.4901960790157318,calibrated_uv_reprojection_plus_stereo_left
106.82804107666016,-216.88650512695312,-647.34716796875,264.6575649899029,106.08743649720975,-21.737090757938233,406.9999951935373,102.00000073708577,0.43529412150382996,0.4745098054409027,0.48627451062202454,calibrated_uv_reprojection_plus_stereo_left
108.34172058105469,-217.14346313476562,-648.0768432617188,264.2774830098117,104.45736205075639,-22.169706581673267,407.99999541353594,102.00001116536367,0.4313725531101227,0.4745098054409027,0.47058823704719543,calibrated_uv_reprojection_plus_stereo_left
109.8243179321289,-217.33233642578125,-648.6031494140625,263.78148918035777,102.940442569119,-22.471003197978348,408.99999793297286,102.00000019988315,0.4274509847164154,0.47058823704719543,0.4627451002597809,calibrated_uv_reprojection_plus_stereo_left
111.32091522216797,-217.54373168945312,-649.1966552734375,263.3216725852981,101.38288105479364,-22.81559405934445,410.0000011170504,102.00000270934177,0.42352941632270813,0.4627451002597809,0.45098039507865906,calibrated_uv_reprojection_plus_stereo_left
112.81411743164062,-217.7432861328125,-649.7546997070312,262.84050449548664,99.84327749944885,-23.137224587196044,411.0000016212725,101.99999218442031,0.4156862795352936,0.45098039507865906,0.4431372582912445,calibrated_uv_reprojection_plus_stereo_left
114.17135620117188,-217.6786346435547,-649.5244140625,261.9187008758226,98.75587477981634,-22.950316265896845,411.99999721133076,102.00000470324227,0.41960784792900085,0.45098039507865906,0.43921568989753723,calibrated_uv_reprojection_plus_stereo_left
115.63774871826172,-217.821044921875,-649.9119262695312,261.3407264348741,97.31182607693285,-23.161875120805405,412.99999841552665,102.00000943443831,0.4470588266849518,0.47843137383461,0.46666666865348816,calibrated_uv_reprojection_plus_stereo_left
117.11083984375,-217.9724578857422,-650.326171875,260.77652711518044,95.85060987980751,-23.390609414063817,414.0000022398024,101.9999958600987,0.47058823704719543,0.5058823823928833,0.4901960790157318,calibrated_uv_reprojection_plus_stereo_left
118.56624603271484,-218.08767700195312,-650.6324462890625,260.1514338019482,94.45051675282991,-23.549675805056722,415.0000022969769,101.9999970341436,0.47843137383461,0.5098039507865906,0.49803921580314636,calibrated_uv_reprojection_plus_stereo_left
120.09842681884766,-218.33970642089844,-651.3468017578125,259.750797042781,92.81076576029818,-23.971820233298217,416.0000014934001,101.9999963216132,0.4901960790157318,0.5137255191802979,0.5098039507865906,calibrated_uv_reprojection_plus_stereo_left
121.55158233642578,-218.44383239746094,-651.619873046875,259.1051742079776,91.42668274969907,-24.109370550918413,417.00000180214323,101.99999589464133,0.4941176474094391,0.5176470875740051,0.5137255191802979,calibrated_uv_reprojection_plus_stereo_left
123.02047729492188,-218.57347106933594,-651.9690551757812,258.5005961903129,89.99666827455252,-24.295956758513682,417.999993813331,102.00000689707528,0.4901960790157318,0.5137255191802979,0.5098039507865906,calibrated_uv_reprojection_plus_stereo_left
124.49874114990234,-218.716552734375,-652.3582153320312,257.9169757201636,88.54155282964223,-24.50825274988506,419.00000108608987,102.00000073107776,0.4901960790157318,0.5137255191802979,0.5058823823928833,calibrated_uv_reprojection_plus_stereo_left
126.03180694580078,-218.9515838623047,-653.0216064453125,257.48235656064884,86.92259198152948,-24.897257604420986,419.99999805696245,102.00000478735447,0.4901960790157318,0.5137255191802979,0.5058823823928833,calibrated_uv_reprojection_plus_stereo_left
127.6025390625,-219.24607849121094,-653.8622436523438,257.1427772261188,85.19576576552117,-25.40040797966867,420.9999979154672,102.00000623502075,0.4941176474094391,0.5137255191802979,0.5058823823928833,calibrated_uv_reprojection_plus_stereo_left
129.16554260253906,-219.5209503173828,-654.6442260742188,256.76906747921197,83.50049504435879,-25.865648508169045,422.0000031680223,101.9999995885947,0.4941176474094391,0.5098039507865906,0.5058823823928833,calibrated_uv_reprojection_plus_stereo_left
130.84169006347656,-219.9800567626953,-655.9755249023438,256.6919257426788,81.47407388045656,-26.684755129693144,423.00000256842134,101.9999998179629,0.48627451062202454,0.501960813999176,0.49803921580314636,calibrated_uv_reprojection_plus_stereo_left
132.4408416748047,-220.30123901367188,-656.8953857421875,256.38825386384946,79.68892061833583,-27.23860429795576,424.0000043852158,101.9999963457216,0.4745098054409027,0.4901960790157318,0.48627451062202454,calibrated_uv_reprojection_plus_stereo_left
68.59878540039062,-221.7449188232422,-667.2045288085938,298.3597238984982,131.64682470848368,-36.42151523662113,377.9999985144133,103.0000015298487,0.6549019813537598,0.572549045085907,0.45490196347236633,calibrated_uv_reprojection_plus_stereo_left
68.9753646850586,-218.42779541015625,-657.18603515625,291.5810573974929,135.54754264746902,-29.88983846546688,378.99999651247776,103.00000220464793,0.4588235318660736,0.4470588266849518,0.37254902720451355,calibrated_uv_reprojection_plus_stereo_left
69.86395263671875,-216.83181762695312,-652.3468017578125,287.9055203114945,136.8148080456853,-26.71546269914893,379.9999982461928,102.99999943158875,0.4745098054409027,0.47843137383461,0.4274509847164154,calibrated_uv_reprojection_plus_stereo_left
71.10057830810547,-216.35711669921875,-650.88134765625,286.24311926218036,136.35397159234816,-25.727645698915353,381.0000021693783,103.00000130672314,0.5215686559677124,0.545098066329956,0.5254902243614197,calibrated_uv_reprojection_plus_stereo_left
72.4287338256836,-216.17367553710938,-650.2921752929688,285.10296531706416,135.443294024142,-25.307710259185228,382.00000208493043,102.99999206006433,0.5490196347236633,0.572549045085907,0.5607843399047852,calibrated_uv_reprojection_plus_stereo_left
73.7580337524414,-216.00033569335938,-649.7335205078125,283.9821417514054,134.51874370129548,-24.90762032895526,382.999996107819,102.9999997177328,0.5568627715110779,0.5803921818733215,0.572549045085907,calibrated_uv_reprojection_plus_stereo_left
75.15644073486328,-216.0318603515625,-649.7910766601562,283.2258793893109,133.2737182961274,-24.906738220451643,384.000001641715,102.99999576975148,0.5568627715110779,0.5803921818733215,0.572549045085907,calibrated_uv_reprojection_plus_stereo_left
76.49867248535156,-215.903564453125,-649.3679809570312,282.1865416748047,132.2806511162841,-24.59453338566118,384.9999997190961,103.00000348076779,0.5568627715110779,0.5803921818733215,0.572549045085907,calibrated_uv_reprojection_plus_stereo_left
77.85978698730469,-215.83204650878906,-649.1156616210938,281.248394463037,131.19900115711732,-24.392969965672535,385.9999977203026,103.00000486036512,0.5529412031173706,0.5764706134796143,0.5686274766921997,calibrated_uv_reprojection_plus_stereo_left
79.2285385131836,-215.78367614746094,-648.9329833984375,280.3515437655767,130.0812853126754,-24.23652966152099,386.99999880836816,103.00000756335675,0.5529412031173706,0.5764706134796143,0.5686274766921997,calibrated_uv_reprojection_plus_stereo_left
80.52375030517578,-215.5399932861328,-648.1629638671875,279.1115830650877,129.27571677585064,-23.699783381273733,387.9999994264838,103.00000523675874,0.5490196347236633,0.572549045085907,0.5647059082984924,calibrated_uv_reprojection_plus_stereo_left
81.90826416015625,-215.53941345214844,-648.1240234375,278.2999782694586,128.0835560443532,-23.636468847414335,388.9999999232257,103.00000025634455,0.545098066329956,0.5686274766921997,0.5607843399047852,calibrated_uv_reprojection_plus_stereo_left
83.29718017578125,-215.55010986328125,-648.1190185546875,277.5081035106401,126.87323038536061,-23.59512862499662,389.9999977632403,103.00000274924795,0.545098066329956,0.5686274766921997,0.5607843399047852,calibrated_uv_reprojection_plus_stereo_left
84.68582153320312,-215.5596160888672,-648.1104125976562,276.714029250814,125.66466234641695,-23.55144891326688,390.99999983650247,103.00000106316676,0.545098066329956,0.5686274766921997,0.5607843399047852,calibrated_uv_reprojection_plus_stereo_left
86.04603576660156,-215.4975128173828,-647.886474609375,275.7950025785246,124.57181002523066,-23.368376201291426,391.99999945687847,102.9999907767648,0.5490196347236633,0.572549045085907,0.5647059082984924,calibrated_uv_reprojection_plus_stereo_left
87.41912078857422,-215.4689483642578,-647.763427734375,274.93476881648775,123.4251356527979,-23.25063120271733,393.0000020791587,102.99999097150683,0.5568627715110779,0.5803921818733215,0.572549045085907,calibrated_uv_reprojection_plus_stereo_left
88.79017639160156,-215.4362335205078,-647.6279296875,274.0675242839972,122.28549158393884,-23.124839862821148,394.0000004459664,102.99999520802882,0.5529412031173706,0.5764706134796143,0.5686274766921997,calibrated_uv_reprojection_plus_stereo_left
90.16321563720703,-215.4091339111328,-647.5093383789062,273.2102276991823,121.13698092709177,-23.010002283178096,394.99999837336975,103.00000370834056,0.5176470875740051,0.5411764979362488,0.5333333611488342,calibrated_uv_reprojection_plus_stereo_left
91.55875396728516,-215.4356689453125,-647.5519409179688,272.4457895384556,119.90077584491036,-22.99946914556415,395.9999998789341,103.00000550679002,0.48235294222831726,0.5058823823928833,0.49803921580314636,calibrated_uv_reprojection_plus_stereo_left
92.95275115966797,-215.45774841308594,-647.5811157226562,271.673433845576,118.67158125864813,-22.98023333569546,396.99999550577195,103.00000111249528,0.4745098054409027,0.49803921580314636,0.4901960790157318,calibrated_uv_reprojection_plus_stereo_left
94.35298156738281,-215.49325561523438,-647.6506958007812,270.9240013238224,117.4198958104331,-22.987137648906696,397.99999830929863,103.0000107705657,0.47843137383461,0.5098039507865906,0.5058823823928833,calibrated_uv_reprojection_plus_stereo_left
95.75506591796875,-215.53182983398438,-647.7293701171875,270.1795021050461,116.16273771004433,-22.999892163800098,399.00000040092834,102.99999411844937,0.47843137383461,0.5176470875740051,0.5098039507865906,calibrated_uv_reprojection_plus_stereo_left
97.08145904541016,-215.40122985839844,-647.2997436523438,269.1448787492095,115.18625317942593,-22.683869841294722,399.99999802260123,103.00000084948957,0.4745098054409027,0.5176470875740051,0.5098039507865906,calibrated_uv_reprojection_plus_stereo_left
98.43406677246094,-215.33154296875,-647.0531616210938,268.2153248052989,114.10960488860326,-22.486271593284187,400.99999717205026,102.99999846122881,0.4627451002597809,0.5058823823928833,0.49803921580314636,calibrated_uv_reprojection_plus_stereo_left
99.76692962646484,-215.2210693359375,-646.68408203125,267.21670392933714,113.10191135657459,-22.20948297931244,401.9999970231935,103.00000414431176,0.4588235318660736,0.501960813999176,0.4941176474094391,calibrated_uv_reprojection_plus_stereo_left
101.10193634033203,-215.11807250976562,-646.3374633789062,266.23159372164145,112.08285863132545,-21.947249222871733,403.000000099215,103.000000121948,0.45098039507865906,0.4941176474094391,0.48627451062202454,calibrated_uv_reprojection_plus_stereo_left
102.47257232666016,-215.09254455566406,-646.2236328125,265.3787923741042,110.93442980229389,-21.835568665853486,403.9999985689614,102.9999976450622,0.4431372582912445,0.48627451062202454,0.47843137383461,calibrated_uv_reprojection_plus_stereo_left
103.85892486572266,-215.10011291503906,-646.2092895507812,264.5822464255916,109.73028843385868,-21.78822532140748,405.00000038679053,103.00000751974423,0.43529412150382996,0.47843137383461,0.47058823704719543,calibrated_uv_reprojection_plus_stereo_left
105.25791931152344,-215.1332550048828,-646.2716674804688,263.82882045443,108.4827088082576,-21.790458506240498,405.9999996041064,102.99999334030124,0.43529412150382996,0.47843137383461,0.47058823704719543,calibrated_uv_reprojection_plus_stereo_left
106.69158935546875,-215.2353515625,-646.541259765625,263.19146506834136,107.1173942305486,-21.92663966071825,406.9999999843832,103.00000237161751,0.43529412150382996,0.47843137383461,0.47058823704719543,calibrated_uv_reprojection_plus_stereo_left
108.2225341796875,-215.52847290039062,-647.3845825195312,262.87483362996386,105.42495406058589,-22.43360999309442,407.9999961031448,103.00000761195932,0.4274509847164154,0.47058823704719543,0.4627451002597809,calibrated_uv_reprojection_plus_stereo_left
109.71643829345703,-215.74124145507812,-647.9863891601562,262.4209911936594,103.86679791737652,-22.784373479164344,409.0000023543083,102.99999583011518,0.42352941632270813,0.46666666865348816,0.4588235318660736,calibrated_uv_reprojection_plus_stereo_left
111.18930053710938,-215.90774536132812,-648.44921875,261.8880163540415,102.38568763804392,-23.045257453952047,409.9999999835141,102.99999535881634,0.4313725531101227,0.4627451002597809,0.4588235318660736,calibrated_uv_reprojection_plus_stereo_left
112.72268676757812,-216.18609619140625,-649.2479248046875,261.5407591361023,100.70995378621785,-23.523120861786765,411.00000169738973,103.00000399673522,0.4313725531101227,0.4588235318660736,0.4588235318660736,calibrated_uv_reprojection_plus_stereo_left
114.09712219238281,-216.15646362304688,-649.12158203125,260.6776079239495,99.5634869516233,-23.403187142030333,412.00000165438144,102.99999536643557,0.42352941632270813,0.4627451002597809,0.45098039507865906,calibrated_uv_reprojection_plus_stereo_left
115.5282211303711,-216.23348999023438,-649.3156127929688,259.99219622385573,98.23231765459019,-23.490255295691952,412.99999625236137,103.00000696596709,0.41960784792900085,0.4627451002597809,0.4470588266849518,calibrated_uv_reprojection_plus_stereo_left
116.98883056640625,-216.3631591796875,-649.6676025390625,259.39355548905706,96.80869163294398,-23.679320750097816,414.00000377272147,102.99999896563904,0.4470588266849518,0.4745098054409027,0.4627451002597809,calibrated_uv_reprojection_plus_stereo_left
118.4283676147461,-216.45118713378906,-649.8945922851562,258.7249520135012,95.45624113321645,-23.78761014628401,414.99999554460254,103.00000856253473,0.4627451002597809,0.48627451062202454,0.47843137383461,calibrated_uv_reprojection_plus_stereo_left
119.9652099609375,-216.71286010742188,-650.642822265625,258.34267221022304,93.7987908649531,-24.23251159332881,415.9999936662274,103.00000213682739,0.48235294222831726,0.5058823823928833,0.49803921580314636,calibrated_uv_reprojection_plus_stereo_left
121.41194915771484,-216.80751037597656,-650.8895263671875,257.6829156063631,92.43172063842383,-24.35342375847239,417.0000008936057,102.99999431441748,0.48627451062202454,0.5098039507865906,0.501960813999176,calibrated_uv_reprojection_plus_stereo_left
122.86265563964844,-216.90692138671875,-651.1505737304688,257.0302843716177,91.05514372344135,-24.483578213388455,417.99999743846934,103.00000690633249,0.48627451062202454,0.5098039507865906,0.501960813999176,calibrated_uv_reprojection_plus_stereo_left
124.3355941772461,-217.04283142089844,-651.5210571289062,256.4367631273575,89.61294707823856,-24.684342823740394,419.000000616352,102.99999770599587,0.48235294222831726,0.5058823823928833,0.49803921580314636,calibrated_uv_reprojection_plus_stereo_left
125.8338623046875,-217.2193603515625,-652.013427734375,255.90872680429675,88.09718451374948,-24.96375520328752,420.00000130954794,102.99999146011407,0.47843137383461,0.501960813999176,0.4941176474094391,calibrated_uv_reprojection_plus_stereo_left
127.41458892822266,-217.53268432617188,-652.9163818359375,255.60290222793043,86.33611535270018,-25.50817858788554,421.0000014255871,102.99999967733257,0.48235294222831726,0.5058823823928833,0.49803921580314636,calibrated_uv_reprojection_plus_stereo_left
129.00975036621094,-217.86349487304688,-653.8717041015625,255.32319850158973,84.54033688144676,-26.086293466902703,421.9999997901957,103.00000678295646,0.48235294222831726,0.49803921580314636,0.4941176474094391,calibrated_uv_reprojection_plus_stereo_left
130.67782592773438,-218.30892944335938,-655.1708374023438,255.22740410937575,82.53575401082645,-26.886193861357413,423.00000330554866,102.99999642568324,0.4745098054409027,0.4901960790157318,0.48627451062202454,calibrated_uv_reprojection_plus_stereo_left
132.29408264160156,-218.65914916992188,-656.1841430664062,254.97372075962892,80.6970805647336,-27.50147157525896,424.00000169886357,103.00000081688057,0.45490196347236633,0.47058823704719543,0.46666666865348816,calibrated_uv_reprojection_plus_stereo_left
133.88629150390625,-218.9626007080078,-657.0569458007812,254.64163311077914,78.93870925415666,-28.02594409444299,424.9999988835041,102.99999573702917,0.4431372582912445,0.4588235318660736,0.45490196347236633,calibrated_uv_reprojection_plus_stereo_left
68.84754943847656,-225.8221893310547,-683.8975830078125,308.0866129106705,124.98392809108242,-48.02953136682106,377.0000011392295,103.99999996729048,0.8392156958580017,0.7176470756530762,0.5843137502670288,calibrated_uv_reprojection_plus_stereo_left
67.54844665527344,-216.9615020751953,-657.0255737304688,291.2576867982788,137.43876965525794,-30.543945072340307,377.99999973103303,103.99998991685743,0.6705882549285889,0.5960784554481506,0.48627451062202454,calibrated_uv_reprojection_plus_stereo_left
68.51866149902344,-215.60169982910156,-652.870361328125,287.990443828184,138.34240359591797,-27.808091236885787,379.0000013575887,103.99999410908512,0.4627451002597809,0.47058823704719543,0.40392157435417175,calibrated_uv_reprojection_plus_stereo_left
69.61056518554688,-214.67123413085938,-650.015625,285.50424317104086,138.5919386749913,-25.916843683560614,380.00000058813674,103.9999967127207,0.5137255191802979,0.5254902243614197,0.48627451062202454,calibrated_uv_reprojection_plus_stereo_left
70.91939544677734,-214.43287658691406,-649.2567749023438,284.26497241334005,137.76914682528536,-25.386222795835636,381.00000071226896,104.00000180497906,0.545098066329956,0.5647059082984924,0.5568627715110779,calibrated_uv_reprojection_plus_stereo_left
72.26658630371094,-214.31727600097656,-648.86962890625,283.2469165697436,136.75627017239913,-25.096904558604137,382.000001622916,103.99999794919796,0.5568627715110779,0.5803921818733215,0.572549045085907,calibrated_uv_reprojection_plus_stereo_left
73.65730285644531,-214.33253479003906,-648.8787231445312,282.46316533837506,135.53847284117262,-25.06475755094249,382.99999784895186,104.00000187926409,0.5686274766921997,0.5921568870544434,0.5843137502670288,calibrated_uv_reprojection_plus_stereo_left
75.0470962524414,-214.34442138671875,-648.8776245117188,281.6732696284938,134.32577853796363,-25.025993656028845,383.9999979784268,104.00001117579166,0.6235294342041016,0.6470588445663452,0.6392157077789307,calibrated_uv_reprojection_plus_stereo_left
76.3631591796875,-214.14898681640625,-648.2488403320312,280.51493771928324,133.441866880342,-24.57996670741369,385.00000067401743,103.9999967099861,0.6313725709915161,0.6549019813537598,0.6470588445663452,calibrated_uv_reprojection_plus_stereo_left
77.69715881347656,-214.009765625,-647.7903442382812,279.4577239245383,132.4705671338757,-24.244491851341195,385.9999999322869,103.99999854746247,0.5960784554481506,0.6196078658103943,0.6117647290229797,calibrated_uv_reprojection_plus_stereo_left
79.02879333496094,-213.86886596679688,-647.3268432617188,278.3985744207558,131.50344430519965,-23.905823308781805,386.9999990185124,104.00000722393045,0.5960784554481506,0.6196078658103943,0.615686297416687,calibrated_uv_reprojection_plus_stereo_left
80.36341094970703,-213.74061584472656,-646.901611328125,277.362763315019,130.51758664006235,-23.59201466394734,388.0000014419404,104.0000008277849,0.5647059082984924,0.5882353186607361,0.5843137502670288,calibrated_uv_reprojection_plus_stereo_left
81.74347686767578,-213.73541259765625,-646.8488159179688,276.5446111565801,129.3351543889367,-23.519799248645427,389.00000014085197,103.99999545523306,0.5568627715110779,0.5803921818733215,0.5764706134796143,calibrated_uv_reprojection_plus_stereo_left
83.1312026977539,-213.7499237060547,-646.855712890625,275.7611234476049,128.12089242211204,-23.486300289006238,390.0000016581815,103.99999773802077,0.545098066329956,0.5647059082984924,0.5607843399047852,calibrated_uv_reprojection_plus_stereo_left
84.52407836914062,-213.77685546875,-646.9002075195312,274.999285138546,126.88629819438597,-23.477177960558095,391.0000008188547,104.0000044326911,0.5333333611488342,0.5529412031173706,0.545098066329956,calibrated_uv_reprojection_plus_stereo_left
85.86383056640625,-213.6706085205078,-646.5416259765625,274.0041354944287,125.86787572116407,-23.206681547549636,392.0000035633488,103.99999137282154,0.545098066329956,0.5647059082984924,0.5568627715110779,calibrated_uv_reprojection_plus_stereo_left
87.22150421142578,-213.6114959716797,-646.3257446289062,273.0920825508933,124.77369838547645,-23.02874656858006,393.00000002022296,103.99999020422445,0.5803921818733215,0.6000000238418579,0.5921568870544434,calibrated_uv_reprojection_plus_stereo_left
88.59292602539062,-213.58721923828125,-646.21533203125,272.2411565374989,123.62309466562021,-22.919212100006746,393.99999947170613,104.00000170013482,0.5843137502670288,0.6078431606292725,0.6000000238418579,calibrated_uv_reprojection_plus_stereo_left
89.94465637207031,-213.51683044433594,-645.96533203125,271.310183229457,122.54847417734902,-22.719187657049872,395.0000043012328,103.99999195580514,0.6000000238418579,0.6235294342041016,0.615686297416687,calibrated_uv_reprojection_plus_stereo_left
91.35364532470703,-213.5823211669922,-646.12646484375,270.61544815248396,121.25067356265828,-22.785671436876555,396.0000032678426,103.99999387177482,0.615686297416687,0.6392157077789307,0.6352941393852234,calibrated_uv_reprojection_plus_stereo_left
92.71358489990234,-213.53277587890625,-645.9395751953125,269.72106081648775,120.1423044310921,-22.626577652798233,397.0000026563225,103.99999270872962,0.572549045085907,0.5960784554481506,0.5921568870544434,calibrated_uv_reprojection_plus_stereo_left
94.09552764892578,-213.5345001220703,-645.9078369140625,268.9155910859182,118.94937242503067,-22.568052589978777,397.9999963231917,104.00000430714556,0.4901960790157318,0.5254902243614197,0.529411792755127,calibrated_uv_reprojection_plus_stereo_left
95.53165435791016,-213.65724182128906,-646.2420654296875,268.31860824355505,117.55495609179263,-22.74665079664453,398.99999684030786,103.99999948326627,0.4470588266849518,0.48627451062202454,0.4941176474094391,calibrated_uv_reprojection_plus_stereo_left
96.84833526611328,-213.5130157470703,-645.7688598632812,267.26160682293727,116.60497427330239,-22.402063406263096,399.9999985101909,104.00000720413362,0.4588235318660736,0.48627451062202454,0.49803921580314636,calibrated_uv_reprojection_plus_stereo_left
98.2503662109375,-213.5582733154297,-645.8687133789062,266.5307695804501,115.33906021540656,-22.428778042806073,400.9999978030694,104.0000031989297,0.47058823704719543,0.4941176474094391,0.5098039507865906,calibrated_uv_reprojection_plus_stereo_left
99.65503692626953,-213.60781860351562,-645.9815063476562,265.8068945406475,114.06538927150154,-22.463855500780824,401.9999995765791,103.99999678126065,0.46666666865348816,0.5058823823928833,0.501960813999176,calibrated_uv_reprojection_plus_stereo_left
101.02507781982422,-213.58267211914062,-645.8684692382812,264.9550419058199,112.91709387396816,-22.352644155164967,402.99999996530795,104.00000340992793,0.46666666865348816,0.5098039507865906,0.501960813999176,calibrated_uv_reprojection_plus_stereo_left
102.4033203125,-213.57522583007812,-645.8088989257812,264.1334993024575,111.73910580107753,-22.27605917723855,403.9999988345051,103.99999506756257,0.45490196347236633,0.49803921580314636,0.4901960790157318,calibrated_uv_reprojection_plus_stereo_left
103.76803588867188,-213.54000854492188,-645.6654052734375,263.264764975208,110.60828747556599,-22.14513229550397,405.00000165550966,103.99999745737938,0.4470588266849518,0.4901960790157318,0.48235294222831726,calibrated_uv_reprojection_plus_stereo_left
105.11224365234375,-213.46397399902344,-645.3984985351562,262.32700237729,109.5473609918239,-21.934296328638595,406.00000240053294,103.99999628177633,0.43529412150382996,0.47843137383461,0.47058823704719543,calibrated_uv_reprojection_plus_stereo_left
106.5302734375,-213.5377960205078,-645.5846557617188,261.6435003218145,108.23112164977402,-22.016843524250362,407.0000004865318,103.99999041596405,0.4274509847164154,0.47058823704719543,0.4627451002597809,calibrated_uv_reprojection_plus_stereo_left
108.11563873291016,-213.9407196044922,-646.7658081054688,261.515394768381,106.34964980087875,-22.743587055578814,407.9999963606823,104.00001155127467,0.4274509847164154,0.47058823704719543,0.4627451002597809,calibrated_uv_reprojection_plus_stereo_left
109.57420349121094,-214.08563232421875,-647.166748046875,260.9492842328078,104.9075406293124,-22.965066023672875,408.99999878351093,104.00000363867943,0.42352941632270813,0.46666666865348816,0.4588235318660736,calibrated_uv_reprojection_plus_stereo_left
111.06491088867188,-214.28883361816406,-647.743896484375,260.4800956495165,103.36314860608968,-23.300568240399002,409.9999960701389,104.00001188157981,0.42352941632270813,0.46666666865348816,0.4588235318660736,calibrated_uv_reprojection_plus_stereo_left
112.5291976928711,-214.43658447265625,-648.1533203125,259.9162774532153,101.91247300506069,-23.527425391508814,410.9999962741069,104.00000844524928,0.42352941632270813,0.46666666865348816,0.4588235318660736,calibrated_uv_reprojection_plus_stereo_left
113.97422790527344,-214.5443878173828,-648.44189453125,259.28440695605707,100.52951108669782,-23.676003176079803,412.0000042294078,103.99999098006305,0.42352941632270813,0.46666666865348816,0.45098039507865906,calibrated_uv_reprojection_plus_stereo_left
115.39543914794922,-214.60519409179688,-648.5885009765625,258.5732292846019,99.22716485688676,-23.732685192208464,413.00000174957256,103.99999908308607,0.42352941632270813,0.46666666865348816,0.45098039507865906,calibrated_uv_reprojection_plus_stereo_left
116.84706115722656,-214.72035217285156,-648.8992919921875,257.9521247613093,97.82909734525981,-23.895578426843997,414.000001032413,103.99999580431071,0.4274509847164154,0.4588235318660736,0.4470588266849518,calibrated_uv_reprojection_plus_stereo_left
118.2725601196289,-214.78526306152344,-649.0582275390625,257.2465770010297,96.51781147145692,-23.960178457263112,414.9999987710268,103.99999908294834,0.43529412150382996,0.46666666865348816,0.45490196347236633,calibrated_uv_reprojection_plus_stereo_left
119.73990631103516,-214.92367553710938,-649.439208984375,256.66242914900437,95.07644731687873,-24.168406250724047,416.00000403516725,103.99999493542953,0.4588235318660736,0.48235294222831726,0.4745098054409027,calibrated_uv_reprojection_plus_stereo_left
121.20294189453125,-215.05117797851562,-649.7872314453125,256.0591698386165,93.65273868053208,-24.35527145973583,416.99999770843755,104.00000393659326,0.47058823704719543,0.4941176474094391,0.48627451062202454,calibrated_uv_reprojection_plus_stereo_left
122.70658874511719,-215.24693298339844,-650.3413696289062,255.5676042464836,92.10673859112404,-24.67540740673195,417.9999980852191,103.99999985931419,0.4745098054409027,0.49803921580314636,0.4901960790157318,calibrated_uv_reprojection_plus_stereo_left
124.20486450195312,-215.4288787841797,-650.853759765625,255.05178715818658,90.58302058731135,-24.96847682042562,418.9999955169618,104.00000566259746,0.4745098054409027,0.49803921580314636,0.4901960790157318,calibrated_uv_reprojection_plus_stereo_left
125.644775390625,-215.50657653808594,-651.0510864257812,254.36316523039437,89.24297365142274,-25.057705306683317,420.00000553855364,103.99999663346472,0.4745098054409027,0.49803921580314636,0.4901960790157318,calibrated_uv_reprojection_plus_stereo_left
127.22874450683594,-215.82687377929688,-651.9813232421875,254.07183660852013,87.46842193979029,-25.620876761794307,420.9999963210367,104.00000670505753,0.4745098054409027,0.49803921580314636,0.4901960790157318,calibrated_uv_reprojection_plus_stereo_left
128.9165802001953,-216.31439208984375,-653.41650390625,254.05163379216185,85.39046873810082,-26.51042794368476,422.0000019124649,104.00000148428418,0.47058823704719543,0.4941176474094391,0.4901960790157318,calibrated_uv_reprojection_plus_stereo_left
130.62710571289062,-216.82901000976562,-654.933349609375,254.07193716152386,83.2583023329417,-27.452602064353528,423.00000912351527,103.99999181829958,0.4588235318660736,0.47843137383461,0.47843137383461,calibrated_uv_reprojection_plus_stereo_left
132.1365203857422,-217.00234985351562,-655.4193115234375,253.5325177196758,81.73599542954861,-27.728135271797044,423.9999943093291,103.99999839300531,0.4431372582912445,0.4588235318660736,0.45490196347236633,calibrated_uv_reprojection_plus_stereo_left
133.7286376953125,-217.30630493164062,-656.2996215820312,253.20394457715503,79.97535333195844,-28.258516200280496,425.00000732873207,103.99998889966608,0.42352941632270813,0.43921568989753723,0.43529412150382996,calibrated_uv_reprojection_plus_stereo_left
67.89749908447266,-221.28115844726562,-674.4989624023438,301.42638304470984,130.36596924465675,-42.665958758995146,377.0000026678298,104.9999979089873,0.7921568751335144,0.6784313917160034,0.5490196347236633,calibrated_uv_reprojection_plus_stereo_left
67.09880065917969,-214.1381072998047,-652.6885986328125,287.6562298832636,140.23246091896914,-28.44315656051117,377.9999997809986,104.99999649345295,0.6000000238418579,0.5333333611488342,0.43921568989753723,calibrated_uv_reprojection_plus_stereo_left
68.174072265625,-213.14434814453125,-649.6226196289062,285.04609402807216,140.5828599964991,-26.41133250365698,378.9999999549336,105.00000786793808,0.4901960790157318,0.4941176474094391,0.45490196347236633,calibrated_uv_reprojection_plus_stereo_left
69.45248413085938,-212.81253051757812,-648.57421875,283.6363989231436,139.90771333639464,-25.691641053040655,380.00000202554236,104.99999076777846,0.5490196347236633,0.5568627715110779,0.5372549295425415,calibrated_uv_reprojection_plus_stereo_left
70.7851791381836,-212.65660095214844,-648.0620727539062,282.5455670225688,138.95975393680277,-25.320722350400217,380.9999956392216,105.00000428854557,0.5607843399047852,0.5764706134796143,0.572549045085907,calibrated_uv_reprojection_plus_stereo_left
72.16963958740234,-212.65902709960938,-648.0324096679688,281.74002153633114,137.7637514778013,-25.263483320239004,381.999999881589,104.99998827845491,0.5686274766921997,0.5882353186607361,0.5843137502670288,calibrated_uv_reprojection_plus_stereo_left
73.5306625366211,-212.59341430664062,-647.7955322265625,280.8126236311762,136.67533726496816,-25.07156921169843,383.0000036325012,104.9999983959433,0.5921568870544434,0.615686297416687,0.6078431606292725,calibrated_uv_reprojection_plus_stereo_left
74.89617156982422,-212.5428466796875,-647.6044921875,279.91257746345207,135.5637331640744,-24.909465081932126,383.9999991942169,105.00000234459583,0.7176470756530762,0.7450980544090271,0.7372549176216125,calibrated_uv_reprojection_plus_stereo_left
76.20623016357422,-212.33944702148438,-646.9478149414062,278.7403560140923,134.69628830015574,-24.444761473209383,384.9999991375757,105.00000383028808,0.7647058963775635,0.7960784435272217,0.7882353067398071,calibrated_uv_reprojection_plus_stereo_left
77.54376220703125,-212.2183380126953,-646.5418701171875,277.71605926363117,133.69944594241736,-24.14305619267202,386.000002408179,104.99999518991055,0.7137255072593689,0.7411764860153198,0.7372549176216125,calibrated_uv_reprojection_plus_stereo_left
78.86302185058594,-212.0522003173828,-645.9988403320312,276.61272652690644,132.7761920225546,-23.752326955472483,386.99999982715974,104.99999847528903,0.6705882549285889,0.6941176652908325,0.6941176652908325,calibrated_uv_reprojection_plus_stereo_left
80.21025848388672,-211.96556091308594,-645.6980590820312,275.65148434997747,131.7266764463812,-23.519052099164412,387.9999981788964,105.00000683343634,0.6235294342041016,0.6470588445663452,0.6470588445663452,calibrated_uv_reprojection_plus_stereo_left
81.58560180664062,-211.95474243164062,-645.6282348632812,274.82490697260585,130.55552650594262,-23.435845261754366,388.9999968137559,105.0000086949351,0.6470588445663452,0.6705882549285889,0.6705882549285889,calibrated_uv_reprojection_plus_stereo_left
82.96176147460938,-211.94622802734375,-645.5654296875,274.00244379517267,129.3807129462959,-23.35720013003936,389.99999770362643,105.00001026791728,0.6352941393852234,0.658823549747467,0.6549019813537598,calibrated_uv_reprojection_plus_stereo_left
84.33139038085938,-211.9214630126953,-645.4530639648438,273.1513844348723,128.23242665136763,-23.246353568178108,391.00000090947884,104.99999581048223,0.6352941393852234,0.6549019813537598,0.6509804129600525,calibrated_uv_reprojection_plus_stereo_left
85.6630859375,-211.80355834960938,-645.05712890625,272.1369156166864,127.23647872659114,-22.951355486711577,392.0000010944623,105.00000144022235,0.6705882549285889,0.6901960968971252,0.686274528503418,calibrated_uv_reprojection_plus_stereo_left
87.01063537597656,-211.7278594970703,-644.7897338867188,271.197279262562,126.17264826535211,-22.739869736148535,392.9999983829505,104.99999943279681,0.6549019813537598,0.6745098233222961,0.6745098233222961,calibrated_uv_reprojection_plus_stereo_left
88.37792205810547,-211.70164489746094,-644.673095703125,270.3447408010174,125.02821551254186,-22.626312845515656,394.00000058374206,105.00000764119591,0.615686297416687,0.6470588445663452,0.6392157077789307,calibrated_uv_reprojection_plus_stereo_left
89.73526000976562,-211.6526641845703,-644.4871215820312,269.4526392905841,123.9216136292381,-22.467740297610078,394.99999933069745,105.0000109668903,0.686274528503418,0.7215686440467834,0.7058823704719543,calibrated_uv_reprojection_plus_stereo_left
91.10226440429688,-211.6275177001953,-644.3736572265625,268.60235457109474,122.77607969903158,-22.35624747901835,395.9999998766438,104.99999580423466,0.6705882549285889,0.7058823704719543,0.6980392336845398,calibrated_uv_reprojection_plus_stereo_left
92.44532012939453,-211.5481719970703,-644.0952758789062,267.6580958365013,121.72079582489067,-22.137715938371173,396.99999899114107,105.00000322103205,0.6352941393852234,0.6745098233222961,0.6666666865348816,calibrated_uv_reprojection_plus_stereo_left
93.83045959472656,-211.56593322753906,-644.1124877929688,266.8827287955973,120.50449707750937,-22.111077009306257,398.0000038997818,104.99999276614136,0.5960784554481506,0.6392157077789307,0.6352941393852234,calibrated_uv_reprojection_plus_stereo_left
95.22454071044922,-211.60293579101562,-644.1883544921875,266.1405153546055,119.25574576031693,-22.122516180694163,398.9999993269071,105.00000264423116,0.5882353186607361,0.6313725709915161,0.6274510025978088,calibrated_uv_reprojection_plus_stereo_left
96.57502746582031,-211.5432891845703,-643.9699096679688,265.2311418710887,118.16876774891858,-21.94291465203122,399.9999994995223,104.99999286222217,0.572549045085907,0.6117647290229797,0.6117647290229797,calibrated_uv_reprojection_plus_stereo_left
97.98810577392578,-211.62034606933594,-644.167724609375,264.5576606536993,116.85217061205555,-22.03348644005513,400.99999936076233,105.00001125969936,0.49803921580314636,0.5372549295425415,0.5333333611488342,calibrated_uv_reprojection_plus_stereo_left
99.4323501586914,-211.76156616210938,-644.5606689453125,263.99376950307874,115.42631536675788,-22.250623638221157,402.0000022257182,104.99999562407058,0.45098039507865906,0.4941176474094391,0.48627451062202454,calibrated_uv_reprojection_plus_stereo_left
100.8607406616211,-211.86549377441406,-644.8401489257812,263.36486343495335,114.06201260601927,-22.394104518234315,403.00000101496727,105.00000161116472,0.45490196347236633,0.49803921580314636,0.4901960790157318,calibrated_uv_reprojection_plus_stereo_left
102.2346420288086,-211.85360717773438,-644.76708984375,262.53699742601293,112.89348009179128,-22.30882288388534,403.99999818780003,105.0000013653121,0.47058823704719543,0.49803921580314636,0.49803921580314636,calibrated_uv_reprojection_plus_stereo_left
103.6849365234375,-211.99810791015625,-645.1699829101562,261.97613850439836,111.4581725785605,-22.532306369382525,404.9999997341451,105.00000561930449,0.46666666865348816,0.4901960790157318,0.4901960790157318,calibrated_uv_reprojection_plus_stereo_left
105.0667953491211,-212.00064086914062,-645.1407470703125,261.1723415694938,110.26426561658985,-22.475422765148664,405.99999936612784,104.99999698466303,0.45098039507865906,0.4901960790157318,0.49803921580314636,calibrated_uv_reprojection_plus_stereo_left
106.43949890136719,-211.98475646972656,-645.0555419921875,260.33722494180296,109.10189045763138,-22.38224800953418,406.99999510972935,105.00000640073847,0.43529412150382996,0.4745098054409027,0.48627451062202454,calibrated_uv_reprojection_plus_stereo_left
108.01757049560547,-212.37295532226562,-646.1997680664062,260.18728576385973,107.24337360851251,-23.08639890132173,408.0000006353295,104.99999181096007,0.42352941632270813,0.46666666865348816,0.4627451002597809,calibrated_uv_reprojection_plus_stereo_left
109.4756851196289,-212.5183563232422,-646.605224609375,259.6236526332781,105.80016520119102,-23.311346335431722,408.99999967804735,105.00000103203126,0.42352941632270813,0.46666666865348816,0.4588235318660736,calibrated_uv_reprojection_plus_stereo_left
110.96163177490234,-212.71339416503906,-647.16162109375,259.14265594977144,104.26920273978112,-23.63410964993369,409.99999611308556,105.00000458269056,0.41960784792900085,0.4627451002597809,0.45490196347236633,calibrated_uv_reprojection_plus_stereo_left
112.45178985595703,-212.91148376464844,-647.7272338867188,258.6652777170551,102.73068979937125,-23.96277738297755,410.9999968550729,105.00000851259759,0.41960784792900085,0.4627451002597809,0.45490196347236633,calibrated_uv_reprojection_plus_stereo_left
113.83040618896484,-212.8960418701172,-647.6431884765625,257.8275679236582,101.56266128344322,-23.870192517355974,411.9999955641335,105.00000968056278,0.41960784792900085,0.4627451002597809,0.45098039507865906,calibrated_uv_reprojection_plus_stereo_left
115.25884246826172,-212.97293090820312,-647.8399658203125,257.1447158424321,100.23307934473786,-23.959647546953533,412.9999995083782,105.00000100293173,0.41960784792900085,0.4627451002597809,0.45098039507865906,calibrated_uv_reprojection_plus_stereo_left
116.70022583007812,-213.071533203125,-648.102783203125,256.49757413170033,98.86443526840179,-24.091884019982217,414.0000008411647,104.99999769486405,0.41960784792900085,0.4588235318660736,0.4470588266849518,calibrated_uv_reprojection_plus_stereo_left
118.13121795654297,-213.1489715576172,-648.3012084960938,255.814336357601,97.53193461720309,-24.182351745443896,415.00000095421933,104.99999785204719,0.42352941632270813,0.4588235318660736,0.4470588266849518,calibrated_uv_reprojection_plus_stereo_left
119.62637329101562,-213.3389434814453,-648.8418579101562,255.31784490500695,95.99955197563827,-24.49457568611092,416.00000162650997,104.99999723246825,0.43529412150382996,0.4588235318660736,0.45490196347236633,calibrated_uv_reprojection_plus_stereo_left
121.11442565917969,-213.51193237304688,-649.330810546875,254.79166815778433,94.49510590697844,-24.77323326729521,417.00000158257086,105.00000121871699,0.45098039507865906,0.4745098054409027,0.47058823704719543,calibrated_uv_reprojection_plus_stereo_left
122.59363555908203,-213.66551208496094,-649.7606201171875,254.23195647561278,93.02323480853215,-25.01349573354537,417.9999999092364,104.99999151921537,0.4627451002597809,0.48627451062202454,0.48235294222831726,calibrated_uv_reprojection_plus_stereo_left
124.07110595703125,-213.81253051757812,-650.1704711914062,253.660204933096,91.56127942499631,-25.240778772256817,419.000001665327,104.9999932739724,0.46666666865348816,0.4901960790157318,0.48627451062202454,calibrated_uv_reprojection_plus_stereo_left
125.51243591308594,-213.8946075439453,-650.3828125,252.98016824287095,90.21390668244698,-25.3400550847374,420.00000098183625,104.99999694761735,0.47058823704719543,0.4941176474094391,0.48627451062202454,calibrated_uv_reprojection_plus_stereo_left
127.12203979492188,-214.25840759277344,-651.4517211914062,252.76318042453158,88.35954340406596,-25.994169329570752,420.9999988229671,105.00000528902319,0.47058823704719543,0.4941176474094391,0.48627451062202454,calibrated_uv_reprojection_plus_stereo_left
128.7657012939453,-214.67098999023438,-652.6687622070312,252.62346972680564,86.41316826319138,-26.744090572824575,422.0000057839078,105.0000010684237,0.46666666865348816,0.4901960790157318,0.48235294222831726,calibrated_uv_reprojection_plus_stereo_left
130.47366333007812,-215.18067932128906,-654.180908203125,252.63969028058227,84.2866052539124,-27.6849958228853,423.000001376,105.00000400466178,0.4470588266849518,0.47058823704719543,0.46666666865348816,calibrated_uv_reprojection_plus_stereo_left
132.13076782226562,-215.59646606445312,-655.4073486328125,252.49848372424668,82.32453970523545,-28.44068253098328,424.00000308627955,104.99999167406182,0.43529412150382996,0.45490196347236633,0.45098039507865906,calibrated_uv_reprojection_plus_stereo_left
133.73085021972656,-215.91134643554688,-656.3269653320312,252.1895489439679,80.54124745128485,-28.99754738655912,424.99999989219873,104.99999283575386,0.40392157435417175,0.4274509847164154,0.41960784792900085,calibrated_uv_reprojection_plus_stereo_left
135.40728759765625,-216.34156799316406,-657.5971069335938,252.06583936746915,78.54394770240725,-29.781264126118515,425.9999946561177,105.00000384143902,0.3686274588108063,0.3843137323856354,0.3803921639919281,calibrated_uv_reprojection_plus_stereo_left
66.29878234863281,-214.67941284179688,-658.655029296875,290.9706775808451,139.0017072070297,-33.08297374488393,377.00000152766154,105.9999958711737,0.6666666865348816,0.5803921818733215,0.46666666865348816,calibrated_uv_reprojection_plus_stereo_left
66.79219818115234,-211.78659057617188,-649.7426147460938,284.8920732249099,142.31010289481424,-27.238962548200504,378.00000163616033,105.99999752542445,0.5215686559677124,0.47058823704719543,0.4000000059604645,calibrated_uv_reprojection_plus_stereo_left
67.91802215576172,-210.97576904296875,-647.21826171875,282.6103323090553,142.38649040761425,-25.556785668682892,378.99999740383646,106.00000414856288,0.5333333611488342,0.5372549295425415,0.5215686559677124,calibrated_uv_reprojection_plus_stereo_left
69.33585357666016,-211.08609008789062,-647.5198364257812,282.00128592246125,141.02242227880697,-25.715367480631073,379.9999976286825,106.00000687148099,0.5647059082984924,0.5764706134796143,0.5647059082984924,calibrated_uv_reprojection_plus_stereo_left
70.67086029052734,-210.94473266601562,-647.04931640625,280.9369725399439,140.05456023742568,-25.37109302881879,380.99999894617383,105.9999956049565,0.572549045085907,0.5882353186607361,0.5843137502670288,calibrated_uv_reprojection_plus_stereo_left
72.02914428710938,-210.87677001953125,-646.8040161132812,280.00595278416205,138.97190044079758,-25.17353185582465,382.00000086227476,105.99999717323843,0.5803921818733215,0.6000000238418579,0.5960784554481506,calibrated_uv_reprojection_plus_stereo_left
73.42423248291016,-210.91696166992188,-646.8904418945312,279.2698519969128,137.7179441846007,-25.19198079470749,382.9999971391399,105.99999640939569,0.5882353186607361,0.6117647290229797,0.6039215922355652,calibrated_uv_reprojection_plus_stereo_left
74.76468658447266,-210.8014373779297,-646.4993286132812,278.25408710096156,136.7120243573072,-24.899519364215678,384.00000077631387,106.00000421687193,0.686274528503418,0.7215686440467834,0.7098039388656616,calibrated_uv_reprojection_plus_stereo_left
76.0709228515625,-210.5952606201172,-645.8302001953125,277.07689304173755,135.85260163392007,-24.42610488417705,385.0000000715538,105.9999998878688,0.7647058963775635,0.8078431487083435,0.800000011920929,calibrated_uv_reprojection_plus_stereo_left
77.40089416503906,-210.4608154296875,-645.381103515625,276.0293714815076,134.88015019913234,-24.09598729219897,386.0000017810368,105.99999443790122,0.7215686440467834,0.7529411911964417,0.7490196228027344,calibrated_uv_reprojection_plus_stereo_left
78.71086883544922,-210.2775115966797,-644.7822875976562,274.8957877917878,133.98797225908805,-23.66847744775032,386.99999952328864,106.00000136328265,0.6431372761726379,0.6666666865348816,0.6666666865348816,calibrated_uv_reprojection_plus_stereo_left
80.064453125,-210.21487426757812,-644.553466796875,273.9781654209766,132.9024970648133,-23.48182082656598,388.00000194509835,105.99999625313211,0.6549019813537598,0.6784313917160034,0.6784313917160034,calibrated_uv_reprojection_plus_stereo_left
81.4228744506836,-210.16671752929688,-644.3690795898438,273.08670042932414,131.79416052614283,-23.324103397770443,388.9999994225693,105.99999483516496,0.7098039388656616,0.7333333492279053,0.7333333492279053,calibrated_uv_reprojection_plus_stereo_left
82.78852844238281,-210.13836669921875,-644.2454223632812,272.2306398611557,130.65403175437916,-23.20591722674419,390.00000341131965,105.99999188190341,0.7098039388656616,0.7333333492279053,0.7254902124404907,calibrated_uv_reprojection_plus_stereo_left
84.15158081054688,-210.10433959960938,-644.1044311523438,271.36476546060624,129.52345388337125,-23.076471917404206,390.9999952329026,106.0000028038339,0.7333333492279053,0.7568627595901489,0.7490196228027344,calibrated_uv_reprojection_plus_stereo_left
85.44097900390625,-209.89031982421875,-643.41162109375,270.1817280498641,128.68866306610198,-22.58802401970172,392.00000032541584,105.99999772008348,0.772549033164978,0.7960784435272217,0.7921568751335144,calibrated_uv_reprojection_plus_stereo_left
86.80093383789062,-209.85354614257812,-643.2622680664062,269.3121715375811,127.56429760299591,-22.453193770985877,392.99999473948503,106.00000982421565,0.7098039388656616,0.7333333492279053,0.729411780834198,calibrated_uv_reprojection_plus_stereo_left
88.1860580444336,-209.87770080566406,-643.299560546875,268.54977915423393,126.33964292015662,-22.439760834973413,393.99999924587576,105.9999938754772,0.686274528503418,0.7254902124404907,0.7137255072593689,calibrated_uv_reprojection_plus_stereo_left
89.56107330322266,-209.87728881835938,-643.2616577148438,267.74418012531686,125.15537362334021,-22.377429179308365,394.9999968451954,106.00000397866691,0.6705882549285889,0.7137255072593689,0.6980392336845398,calibrated_uv_reprojection_plus_stereo_left
90.9125747680664,-209.822509765625,-643.0570678710938,266.84350502581486,124.06155078321996,-22.206681556034084,395.999997477305,105.99999904739417,0.5921568870544434,0.6352941393852234,0.6274510025978088,calibrated_uv_reprojection_plus_stereo_left
92.2762680053711,-209.7969512939453,-642.9420776367188,265.9941909077394,122.91950062550296,-22.09422299387245,396.9999983727947,106.00000189045323,0.6117647290229797,0.658823549747467,0.6509804129600525,calibrated_uv_reprojection_plus_stereo_left
93.63629150390625,-209.76380920410156,-642.8038330078125,265.1318371989258,121.79040658624132,-21.966647725442158,398.0000001546457,105.99999937763292,0.6431372761726379,0.6901960968971252,0.6941176652908325,calibrated_uv_reprojection_plus_stereo_left
95.00275421142578,-209.7457275390625,-642.7117309570312,264.29585043103253,120.63633147634027,-21.869080579924628,399.00000343804953,105.99999297624811,0.6509804129600525,0.6941176652908325,0.7019608020782471,calibrated_uv_reprojection_plus_stereo_left
96.38546752929688,-209.76341247558594,-642.729248046875,263.52194642145975,119.4220860864636,-21.84278688958915,400.00000471238616,105.99999201170618,0.5960784554481506,0.6352941393852234,0.6431372761726379,calibrated_uv_reprojection_plus_stereo_left
97.77216339111328,-209.78903198242188,-642.7711181640625,262.76161258721305,118.19415429881917,-21.832324659875894,401.00000079262566,106.00000287722204,0.6274510025978088,0.6705882549285889,0.6745098233222961,calibrated_uv_reprojection_plus_stereo_left
99.18582153320312,-209.8708953857422,-642.9852294921875,262.0980402639338,116.87041876575819,-21.93379652289866,401.9999986834951,105.99999857067178,0.6000000238418579,0.6431372761726379,0.6470588445663452,calibrated_uv_reprojection_plus_stereo_left
100.6181640625,-209.9893798828125,-643.3115234375,261.496836309782,115.48331313185031,-22.108152378440423,403.00000242846266,105.99999962727045,0.5098039507865906,0.5490196347236633,0.5568627715110779,calibrated_uv_reprojection_plus_stereo_left
102.04987335205078,-210.103271484375,-643.6237182617188,260.8868160271614,114.10267706883349,-22.273304025461414,403.9999987310826,106.00000380991756,0.4431372582912445,0.48235294222831726,0.47843137383461,calibrated_uv_reprojection_plus_stereo_left
103.49398803710938,-210.2392120361328,-644.00341796875,260.31366707435734,112.68289315154078,-22.482279964983206,404.9999984856796,106.00000942057935,0.45490196347236633,0.4941176474094391,0.48627451062202454,calibrated_uv_reprojection_plus_stereo_left
104.91810607910156,-210.33140563964844,-644.2490234375,259.6646454624022,111.33681404852354,-22.604068857322034,405.99999691926536,106.00000372862408,0.46666666865348816,0.4941176474094391,0.4941176474094391,calibrated_uv_reprojection_plus_stereo_left
106.31031036376953,-210.35794067382812,-644.2935180664062,258.90290139990003,110.10296714343781,-22.595165679258287,406.99999778385825,106.00000393118401,0.4588235318660736,0.48235294222831726,0.48235294222831726,calibrated_uv_reprojection_plus_stereo_left
107.90851593017578,-210.7860870361328,-645.5679931640625,258.82438210966154,108.17329134301667,-23.385294669987218,408.0000017039231,106.00000146324078,0.4274509847164154,0.47058823704719543,0.4627451002597809,calibrated_uv_reprojection_plus_stereo_left
109.37765502929688,-210.9543914794922,-646.0465087890625,258.301328571127,106.690197703443,-23.658220070863024,409.00000559178517,105.99998859338157,0.41960784792900085,0.4627451002597809,0.45490196347236633,calibrated_uv_reprojection_plus_stereo_left
110.85102844238281,-211.12644958496094,-646.5365600585938,257.78335108076936,105.19858211450457,-23.938593414412594,410.0000000386659,105.99999953634003,0.41960784792900085,0.4627451002597809,0.4470588266849518,calibrated_uv_reprojection_plus_stereo_left
112.34195709228516,-211.3271942138672,-647.1143188476562,257.3124827731224,103.65483729762195,-24.275853849084626,411.00000091112565,105.99999323914525,0.4117647111415863,0.45490196347236633,0.43921568989753723,calibrated_uv_reprojection_plus_stereo_left
113.71582794189453,-211.305419921875,-647.0106811523438,256.4647784003236,102.49913853685513,-24.170541388285756,412.0000045321947,105.9999919838514,0.4117647111415863,0.45490196347236633,0.43921568989753723,calibrated_uv_reprojection_plus_stereo_left
115.13646697998047,-211.36993408203125,-647.1712646484375,255.76240917036165,101.19177062316055,-24.236809565058877,413.0000046388364,105.99999482965151,0.4117647111415863,0.45490196347236633,0.43921568989753723,calibrated_uv_reprojection_plus_stereo_left
116.57536315917969,-211.4659423828125,-647.4282836914062,255.1124027266685,99.82801381572148,-24.365673886117065,413.99999739453955,106.00000621335599,0.41960784792900085,0.4470588266849518,0.4431372582912445,calibrated_uv_reprojection_plus_stereo_left
118.01373291015625,-211.55865478515625,-647.6751098632812,254.45607998578492,98.46898369065741,-24.48787306089639,414.99999888067356,106.00000170014968,0.4274509847164154,0.45490196347236633,0.45098039507865906,calibrated_uv_reprojection_plus_stereo_left
119.52568817138672,-211.7794952392578,-648.3141479492188,254.01313325765102,96.88117959823563,-24.864651736431654,416.0000009303136,105.99999984649858,0.4313725531101227,0.45490196347236633,0.45490196347236633,calibrated_uv_reprojection_plus_stereo_left
121.00177001953125,-211.93234252929688,-648.7449951171875,253.45510756340212,95.4120337145236,-25.106214012778082,416.9999984010292,106.00000296705758,0.4313725531101227,0.45490196347236633,0.45098039507865906,calibrated_uv_reprojection_plus_stereo_left
122.46730041503906,-212.0633544921875,-649.10888671875,252.8595289306445,93.98017918687151,-25.304250989774573,418.00000502318164,105.99999098306716,0.4431372582912445,0.46666666865348816,0.46666666865348816,calibrated_uv_reprojection_plus_stereo_left
123.94770050048828,-212.21678161621094,-649.5414428710938,252.30015293542755,92.50655258901298,-25.546820137579004,419.00000210446865,106.00000356495954,0.45490196347236633,0.47843137383461,0.47843137383461,calibrated_uv_reprojection_plus_stereo_left
125.3722152709961,-212.27210998535156,-649.6736450195312,251.5771224069241,91.20770611510346,-25.59441203762526,419.9999989216393,106.00000183445948,0.4588235318660736,0.48235294222831726,0.4745098054409027,calibrated_uv_reprojection_plus_stereo_left
126.96080780029297,-212.6008758544922,-650.6426391601562,251.30532099783568,89.41457956096707,-26.184954729757465,421.00000317903397,105.99999688616089,0.4588235318660736,0.48235294222831726,0.4745098054409027,calibrated_uv_reprojection_plus_stereo_left
128.5859832763672,-212.98301696777344,-651.77490234375,251.1189537625097,87.52103071023981,-26.88131746974244,421.9999956372782,106.00000252099855,0.4588235318660736,0.48235294222831726,0.47843137383461,calibrated_uv_reprojection_plus_stereo_left
130.3009490966797,-213.50396728515625,-653.331787109375,251.15784869204015,85.37096432532627,-27.853017010185283,422.9999952493953,106.00000686233966,0.43921568989753723,0.4627451002597809,0.4588235318660736,calibrated_uv_reprojection_plus_stereo_left
132.00521850585938,-213.9964141845703,-654.8012084960938,251.14593036855462,83.26691977566361,-28.767779164586443,424.00000258067075,105.99999657703111,0.4274509847164154,0.4470588266849518,0.4470588266849518,calibrated_uv_reprojection_plus_stereo_left
133.65097045898438,-214.38455200195312,-655.9513549804688,250.95951539520382,81.34790605914503,-29.475276819167448,424.9999998671434,105.99999855310995,0.3921568691730499,0.4117647111415863,0.4117647111415863,calibrated_uv_reprojection_plus_stereo_left
135.3939208984375,-214.91880798339844,-657.5484008789062,251.0086512490132,79.15656106233678,-30.472481710163436,426.0000002307904,105.9999971152775,0.3529411852359772,0.3607843220233917,0.3490196168422699,calibrated_uv_reprojection_plus_stereo_left
66.53753662109375,-218.69297790527344,-675.4240112304688,300.68780669718706,132.3521296770855,-44.78629746031805,376.00000179875144,106.99999393904733,0.7333333492279053,0.6431372761726379,0.5254902243614197,calibrated_uv_reprojection_plus_stereo_left
65.33747100830078,-210.19515991210938,-649.1420288085938,284.31149856093754,144.40275207619453,-27.596561574559473,377.00000105715077,107.00000384752877,0.529411792755127,0.4901960790157318,0.40784314274787903,calibrated_uv_reprojection_plus_stereo_left
66.39784240722656,-209.1710662841797,-645.942626953125,281.6326890952694,144.8166996081551,-25.471095020229882,378.00000184213326,107.00000001966075,0.5254902243614197,0.5098039507865906,0.4588235318660736,calibrated_uv_reprojection_plus_stereo_left
67.6756362915039,-208.85948181152344,-644.9437866210938,280.2586203471409,144.1195964835694,-24.781722402360174,379.00000040815365,107.00000183021064,0.5568627715110779,0.572549045085907,0.5686274766921997,calibrated_uv_reprojection_plus_stereo_left
69.2394027709961,-209.4251251220703,-646.6536865234375,280.48019544273166,142.03885007559865,-25.859572423407656,380.00000254714786,106.99999588332301,0.5647059082984924,0.5843137502670288,0.5803921818733215,calibrated_uv_reprojection_plus_stereo_left
70.57665252685547,-209.29676818847656,-646.2206420898438,279.43957638583,141.05297813473044,-25.539342899974372,380.99999876339484,106.99999864445797,0.5764706134796143,0.6000000238418579,0.5921568870544434,calibrated_uv_reprojection_plus_stereo_left
71.94232177734375,-209.25582885742188,-646.0574951171875,278.55799746850096,139.92930103046461,-25.39519452791717,382.0000014130653,106.9999921230382,0.5960784554481506,0.615686297416687,0.6117647290229797,calibrated_uv_reprojection_plus_stereo_left
73.3389892578125,-209.30474853515625,-646.171875,277.8389129746419,138.66239229206457,-25.432079414125212,382.9999954317614,107.00000868458488,0.615686297416687,0.6392157077789307,0.6313725709915161,calibrated_uv_reprojection_plus_stereo_left
74.64716339111328,-209.1038055419922,-645.5148315429688,276.6694270042725,137.79567631763575,-24.965856077699357,383.99999907524995,107.00001002374361,0.6431372761726379,0.6784313917160034,0.6627451181411743,calibrated_uv_reprojection_plus_stereo_left
75.94981384277344,-208.89483642578125,-644.8330078125,275.48701274135846,136.9441461172463,-24.483532673387856,385.0000025081401,106.99999399988232,0.6274510025978088,0.6705882549285889,0.6549019813537598,calibrated_uv_reprojection_plus_stereo_left
77.2788314819336,-208.76438903808594,-644.3937377929688,274.4470221224314,135.96806948572583,-24.159452727902362,385.9999991523945,107.0000034673848,0.5529412031173706,0.5843137502670288,0.5764706134796143,calibrated_uv_reprojection_plus_stereo_left
78.59647369384766,-208.60818481445312,-643.8749389648438,273.3618932963378,135.03520705176493,-23.783555772127386,386.9999994113265,106.99999552495319,0.5372549295425415,0.5647059082984924,0.5607843399047852,calibrated_uv_reprojection_plus_stereo_left
79.93428039550781,-208.50979614257812,-643.53466796875,272.38117352754864,134.01000724019087,-23.524103390519144,388.0000020026505,106.99999591359193,0.6196078658103943,0.6470588445663452,0.6470588445663452,calibrated_uv_reprojection_plus_stereo_left
81.28660583496094,-208.45184326171875,-643.3192138671875,271.47321968949745,132.9198784624656,-23.346045713607168,389.0000019842749,106.99999433681819,0.6745098233222961,0.6980392336845398,0.6980392336845398,calibrated_uv_reprojection_plus_stereo_left
82.63568878173828,-208.38751220703125,-643.0841064453125,270.55434933426613,131.8408092469286,-23.155199494430235,389.9999997318477,106.99999528899039,0.6823529601097107,0.7058823704719543,0.7019608020782471,calibrated_uv_reprojection_plus_stereo_left
83.98179626464844,-208.31776428222656,-642.8323364257812,269.6263468706925,130.77131724639565,-22.953520759829075,390.9999973638269,107.00000374018347,0.7019608020782471,0.7254902124404907,0.7176470756530762,calibrated_uv_reprojection_plus_stereo_left
85.23828887939453,-208.0314178466797,-641.9122314453125,268.3154750878673,130.05984526259647,-22.316326713998762,391.9999965254976,107.00000966876223,0.7215686440467834,0.7529411911964417,0.7411764860153198,calibrated_uv_reprojection_plus_stereo_left
86.63261413574219,-208.0850830078125,-642.041259765625,267.60725406877873,128.78883368959703,-22.362856503851503,393.0000009437927,107.00000073270436,0.6980392336845398,0.729411780834198,0.7176470756530762,calibrated_uv_reprojection_plus_stereo_left
88.02392578125,-208.1298370361328,-642.142822265625,266.8829071561663,127.531957614693,-22.391478160833117,393.99999680109676,107.00000306258886,0.729411780834198,0.7686274647712708,0.7568627595901489,calibrated_uv_reprojection_plus_stereo_left
89.43095397949219,-208.2096710205078,-642.3526000976562,266.2198672711763,126.2160594857288,-22.4905854188558,394.99999619940036,107.0000069456162,0.6470588445663452,0.6901960968971252,0.6784313917160034,calibrated_uv_reprojection_plus_stereo_left
90.76688385009766,-208.1239471435547,-642.0515747070312,265.26569043959233,125.17606440726905,-22.2568980911434,395.99999837473536,107.0000022520639,0.5882353186607361,0.6431372761726379,0.6392157077789307,calibrated_uv_reprojection_plus_stereo_left
92.13709259033203,-208.1180877685547,-641.9969482421875,264.45196334515975,124.00299401500632,-22.183741313369183,396.99999976695784,106.9999990651373,0.5803921818733215,0.6431372761726379,0.6392157077789307,calibrated_uv_reprojection_plus_stereo_left
93.51227569580078,-208.1233673095703,-641.9766845703125,263.65771279331983,122.81119602823804,-22.13296717600724,397.99999658469295,106.99999656539234,0.5960784554481506,0.6549019813537598,0.6627451181411743,calibrated_uv_reprojection_plus_stereo_left
94.88251495361328,-208.1175079345703,-641.922119140625,262.8439933117884,121.63808168860601,-22.059859822885414,398.99999595356167,107.00000795209999,0.6196078658103943,0.6784313917160034,0.686274528503418,calibrated_uv_reprojection_plus_stereo_left
96.25167083740234,-208.109375,-641.8604736328125,262.02631025873677,120.46886791429819,-21.982131065748263,399.999997305768,107.0000031484569,0.5764706134796143,0.6196078658103943,0.6313725709915161,calibrated_uv_reprojection_plus_stereo_left
97.63550567626953,-208.1326446533203,-641.8956909179688,261.26315372406344,119.24629149163025,-21.967478097166065,400.99999904122325,107.0000015543558,0.6509804129600525,0.6901960968971252,0.7019608020782471,calibrated_uv_reprojection_plus_stereo_left
99.0190658569336,-208.1545867919922,-641.9267578125,260.4974705857526,118.02568613178295,-21.95010509135932,402.00000388249737,106.99998889353895,0.6313725709915161,0.6745098233222961,0.6901960968971252,calibrated_uv_reprojection_plus_stereo_left
100.4371337890625,-208.2473602294922,-642.1763305664062,259.8539834769502,116.6834946686119,-22.074992272385828,403.00000130701864,106.99999773014454,0.6000000238418579,0.6470588445663452,0.6627451181411743,calibrated_uv_reprojection_plus_stereo_left
101.86727142333984,-208.36221313476562,-642.4939575195312,259.2478091556009,115.30227779102432,-22.244146835954496,403.9999967089272,107.00000776785569,0.5960784554481506,0.6352941393852234,0.6431372761726379,calibrated_uv_reprojection_plus_stereo_left
103.31819152832031,-208.51583862304688,-642.9310302734375,258.7073697932358,113.85290630613582,-22.490996687656434,405.0000010402477,107.0000030883281,0.47058823704719543,0.5098039507865906,0.5176470875740051,calibrated_uv_reprojection_plus_stereo_left
104.77959442138672,-208.68621826171875,-643.419677734375,258.1944563021431,112.37278956299417,-22.771353012422992,406.0000016215532,106.99999220221804,0.4313725531101227,0.47058823704719543,0.4627451002597809,calibrated_uv_reprojection_plus_stereo_left
106.20467376708984,-208.78065490722656,-643.6741943359375,257.55020014078104,111.02240601690522,-22.899285433994805,406.9999994668171,106.99999637461033,0.45098039507865906,0.4901960790157318,0.48627451062202454,calibrated_uv_reprojection_plus_stereo_left
107.79267120361328,-209.18873596191406,-644.8955688476562,257.44093720662454,109.12503853779305,-23.65634965651566,408.00000099017404,106.9999950843366,0.43921568989753723,0.48235294222831726,0.4745098054409027,calibrated_uv_reprojection_plus_stereo_left
109.27017211914062,-209.37466430664062,-645.4320068359375,256.9498808384906,107.61087281602619,-23.967595860517974,409.00000130187215,107.0000009979147,0.41960784792900085,0.4627451002597809,0.45490196347236633,calibrated_uv_reprojection_plus_stereo_left
110.75078582763672,-209.56175231933594,-645.971923828125,256.4593213129712,106.09252980621864,-24.281032139392153,409.9999999471566,107.00000008690952,0.4117647111415863,0.45490196347236633,0.4470588266849518,calibrated_uv_reprojection_plus_stereo_left
112.23974609375,-209.7597198486328,-646.5453491210938,255.98575920436576,104.55287877442623,-24.61620556092805,410.9999953024081,107.00000885939446,0.4117647111415863,0.45490196347236633,0.4470588266849518,calibrated_uv_reprojection_plus_stereo_left
113.60432434082031,-209.72314453125,-646.395751953125,255.11359253108265,103.42448215012917,-24.480967279589947,411.9999982319388,107.00000407742135,0.4000000059604645,0.45098039507865906,0.43529412150382996,calibrated_uv_reprojection_plus_stereo_left
115.031494140625,-209.801513671875,-646.6004028320312,254.4357977033908,102.09314326146182,-24.576156609925192,413.0000024834665,106.99999510002581,0.4000000059604645,0.45098039507865906,0.43529412150382996,calibrated_uv_reprojection_plus_stereo_left
116.46422576904297,-209.88795471191406,-646.8299560546875,253.77099315482053,100.74653171063738,-24.68752186388889,413.9999961969226,106.99999904494342,0.40784314274787903,0.45098039507865906,0.43529412150382996,calibrated_uv_reprojection_plus_stereo_left
117.89501953125,-209.9687957763672,-647.042236328125,253.09607473734945,99.40884517591371,-24.787623741144557,414.99999650083464,107.00000674786853,0.40784314274787903,0.45098039507865906,0.43529412150382996,calibrated_uv_reprojection_plus_stereo_left
119.4279556274414,-210.22747802734375,-647.8024291992188,252.71876942763276,97.75261038420115,-25.243974756354532,415.9999994974728,106.99999951995014,0.4274509847164154,0.45490196347236633,0.4470588266849518,calibrated_uv_reprojection_plus_stereo_left
120.889404296875,-210.35572814941406,-648.16064453125,252.1211688447509,96.3270636331402,-25.43886248610653,417.0000028150471,106.9999946642001,0.4274509847164154,0.45490196347236633,0.4470588266849518,calibrated_uv_reprojection_plus_stereo_left
122.34796905517578,-210.47601318359375,-648.4943237304688,251.5092693019102,94.9143131246467,-25.61775896454475,417.9999989359279,107.00000179702238,0.4313725531101227,0.45490196347236633,0.45490196347236633,calibrated_uv_reprojection_plus_stereo_left
123.82535552978516,-210.62551879882812,-648.91796875,250.94507393473816,93.44746758406552,-25.855093748890113,418.9999983468833,107.0000051072609,0.43921568989753723,0.4627451002597809,0.4627451002597809,calibrated_uv_reprojection_plus_stereo_left
125.24620819091797,-210.67652893066406,-649.0380859375,250.21599788459696,92.15703540370504,-25.89506357173758,419.9999982051618,107.00000009334309,0.4470588266849518,0.47058823704719543,0.4627451002597809,calibrated_uv_reprojection_plus_stereo_left
126.83053588867188,-210.99827575683594,-649.9922485351562,249.93538249201515,90.37474541522857,-26.477129946036484,420.9999982472864,107.000005581343,0.4470588266849518,0.47058823704719543,0.4627451002597809,calibrated_uv_reprojection_plus_stereo_left
128.42881774902344,-211.33592224121094,-650.9951782226562,249.67851541515842,88.55984650793931,-27.09075684211058,422.0000043605657,106.99998885727439,0.4470588266849518,0.47058823704719543,0.46666666865348816,calibrated_uv_reprojection_plus_stereo_left
130.12518310546875,-211.82586669921875,-652.4672241210938,249.67037979653634,86.46295628099892,-28.009140409411543,423.00000276976306,107.00000173858939,0.43529412150382996,0.4588235318660736,0.45490196347236633,calibrated_uv_reprojection_plus_stereo_left
131.88096618652344,-212.40101623535156,-654.2014770507812,249.79868938954735,84.20442295273978,-29.09771812010979,424.00000130069895,107.00000214016129,0.4117647111415863,0.4274509847164154,0.4274509847164154,calibrated_uv_reprojection_plus_stereo_left
133.60182189941406,-212.9083251953125,-655.7265625,249.8110865151723,82.06394121278072,-30.05017747597668,424.99999900324286,106.99999679042949,0.3764705955982208,0.38823530077934265,0.38823530077934265,calibrated_uv_reprojection_plus_stereo_left
135.3102569580078,-213.38539123535156,-657.1583251953125,249.76996984781272,79.97337019643686,-30.941820764306215,425.999999471903,106.99999044225484,0.3450980484485626,0.3490196168422699,0.3176470696926117,calibrated_uv_reprojection_plus_stereo_left
64.43651580810547,-210.40573120117188,-654.1350708007812,287.0401167696967,143.67401992219368,-31.609247213166952,375.9999956486903,108.00000385353158,0.6078431606292725,0.5372549295425415,0.45490196347236633,calibrated_uv_reprojection_plus_stereo_left
64.98160552978516,-207.68617248535156,-645.6435546875,281.2324332704758,146.74587669460317,-26.020686187574427,376.9999978817955,107.9999976564728,0.48235294222831726,0.48627451062202454,0.4588235318660736,calibrated_uv_reprojection_plus_stereo_left
66.27169799804688,-207.41102600097656,-644.7516479492188,279.9221038655057,145.99252807063385,-25.400127049590708,377.99999983685234,107.99999755412,0.545098066329956,0.5607843399047852,0.5411764979362488,calibrated_uv_reprojection_plus_stereo_left
67.57929992675781,-207.2006072998047,-644.06103515625,278.73216133729034,145.13980026809855,-24.91121763955988,378.9999992067525,107.9999971878774,0.5607843399047852,0.5843137502670288,0.5764706134796143,calibrated_uv_reprojection_plus_stereo_left
68.99343872070312,-207.3185272216797,-644.3910522460938,278.1425308794464,143.76768894297948,-25.08933690618761,380.00000402406357,107.99999905342875,0.572549045085907,0.5921568870544434,0.5882353186607361,calibrated_uv_reprojection_plus_stereo_left
70.3508071899414,-207.26446533203125,-644.1865234375,277.2390380891687,142.66845275122887,-24.918136924640464,380.9999971902075,108.00000635286852,0.6000000238418579,0.615686297416687,0.6117647290229797,calibrated_uv_reprojection_plus_stereo_left
71.691162109375,-207.1631317138672,-643.8350830078125,276.25009171397244,141.64544082300444,-24.650966899962327,381.99999850193564,108.00001018713411,0.6235294342041016,0.6470588445663452,0.6392157077789307,calibrated_uv_reprojection_plus_stereo_left
73.04141998291016,-207.0935516357422,-643.5823364257812,275.3194266669257,140.5725504704472,-24.448305155122966,382.9999980679909,108.00000918407699,0.6470588445663452,0.6705882549285889,0.6627451181411743,calibrated_uv_reprojection_plus_stereo_left
74.45391082763672,-207.19960021972656,-643.8753051757812,274.7067652832438,139.21734387663906,-24.602136675329632,383.9999996062894,107.99999036908724,0.6431372761726379,0.6784313917160034,0.6666666865348816,calibrated_uv_reprojection_plus_stereo_left
75.78565979003906,-207.08099365234375,-643.4702758789062,273.68800457250455,138.2242346574431,-24.30002979057315,385.0000018361582,107.99999964913994,0.6078431606292725,0.6509804129600525,0.6392157077789307,calibrated_uv_reprojection_plus_stereo_left
77.11660766601562,-206.96434020996094,-643.0713500976562,272.6736521553684,137.22927391013752,-24.001950032264403,385.99999891088027,108.00000759309012,0.5568627715110779,0.6000000238418579,0.5843137502670288,calibrated_uv_reprojection_plus_stereo_left
78.45132446289062,-206.861572265625,-642.715576171875,271.6851056118999,136.21299166602643,-23.73208702565597,386.9999972772389,108.00000854362264,0.5411764979362488,0.5843137502670288,0.5686274766921997,calibrated_uv_reprojection_plus_stereo_left
79.84073638916016,-206.90394592285156,-642.8107299804688,270.9574620598324,134.96057824078406,-23.75671214451188,387.9999976615461,108.00000150274937,0.6117647290229797,0.6470588445663452,0.6392157077789307,calibrated_uv_reprojection_plus_stereo_left
81.17330932617188,-206.7999267578125,-642.4511108398438,269.9676441374456,133.94777331735634,-23.484383225374586,389.00000077368253,108.00000197702406,0.6627451181411743,0.6901960968971252,0.6901960968971252,calibrated_uv_reprojection_plus_stereo_left
82.48841094970703,-206.6554718017578,-641.9659423828125,268.90645430441015,133.00267297260984,-23.13012560128334,389.9999990767119,108.00000884648367,0.6666666865348816,0.6980392336845398,0.6901960968971252,calibrated_uv_reprojection_plus_stereo_left
83.80785369873047,-206.52630615234375,-641.5282592773438,267.87355750962763,132.0339376801992,-22.80690913912781,391.0000038112269,108.00000237089569,0.6549019813537598,0.6823529601097107,0.6745098233222961,calibrated_uv_reprojection_plus_stereo_left
85.15528106689453,-206.4690399169922,-641.31396484375,266.96939856993936,130.94745233002533,-22.629562946707495,392.0000015863402,107.9999999691758,0.6392157077789307,0.6705882549285889,0.658823549747467,calibrated_uv_reprojection_plus_stereo_left
86.51077270507812,-206.4326934814453,-641.1646728515625,266.1027442027452,129.82677286022187,-22.494665311390975,393.0000019702478,107.99999954305073,0.7019608020782471,0.7372549176216125,0.7254902124404907,calibrated_uv_reprojection_plus_stereo_left
87.87435150146484,-206.41635131835938,-641.0775756835938,265.2717525312159,128.6730584548199,-22.400380431359338,393.9999973863024,108.00001205320729,0.686274528503418,0.729411780834198,0.7254902124404907,calibrated_uv_reprojection_plus_stereo_left
89.24298095703125,-206.41207885742188,-641.0278930664062,264.46213408091165,127.4992950809214,-22.330504376294243,394.9999972982316,108.00000738779022,0.6235294342041016,0.6627451181411743,0.6627451181411743,calibrated_uv_reprojection_plus_stereo_left
90.59191131591797,-206.36293029785156,-640.8388061523438,263.5734557642729,126.40095930004662,-22.169653940649482,396.00000559536187,107.99999189701202,0.5882353186607361,0.6392157077789307,0.6470588445663452,calibrated_uv_reprojection_plus_stereo_left
91.954833984375,-206.34654235839844,-640.7515869140625,262.74275701875405,125.24786897383012,-22.075307325055746,396.9999961120152,108.00000515914104,0.5764706134796143,0.6352941393852234,0.6431372761726379,calibrated_uv_reprojection_plus_stereo_left
93.33179473876953,-206.36154174804688,-640.7617797851562,261.96716789886113,124.04182260799695,-22.044510077518794,397.9999970094037,108.00000642973149,0.5803921818733215,0.6470588445663452,0.6509804129600525,calibrated_uv_reprojection_plus_stereo_left
94.70855712890625,-206.3755645751953,-640.7688598632812,261.1896934512132,122.83724003673052,-22.011662829185354,399.00000405269014,107.99999033220371,0.5921568870544434,0.658823549747467,0.6627451181411743,calibrated_uv_reprojection_plus_stereo_left
96.01771545410156,-206.24386596679688,-640.3236083984375,260.1577257335037,121.8806498827065,-21.683767481600285,399.99999952120186,107.99999648534754,0.5529412031173706,0.5960784554481506,0.6117647290229797,calibrated_uv_reprojection_plus_stereo_left
97.42893981933594,-206.33189392089844,-640.560546875,259.5094802425406,120.54997132757273,-21.80087366833169,401.00000097493347,108.00000279128747,0.5686274766921997,0.6117647290229797,0.6313725709915161,calibrated_uv_reprojection_plus_stereo_left
98.84688568115234,-206.43142700195312,-640.8331298828125,258.8805047546582,119.19852953009041,-21.941187004055678,401.99999957565456,107.9999999281944,0.6196078658103943,0.6627451181411743,0.6745098233222961,calibrated_uv_reprojection_plus_stereo_left
100.26790618896484,-206.53445434570312,-641.1165161132812,258.25677916047874,117.8398899180973,-22.088506576585587,403.0000013149436,107.99999544284344,0.6313725709915161,0.6705882549285889,0.686274528503418,calibrated_uv_reprojection_plus_stereo_left
101.61650848388672,-206.4874267578125,-640.9341430664062,257.37261212861114,116.73904797074306,-21.932087451518896,404.0000015008204,108.00000198366382,0.6627451181411743,0.7019608020782471,0.7137255072593689,calibrated_uv_reprojection_plus_stereo_left
103.07024383544922,-206.65235900878906,-641.4096069335938,256.85467177385397,115.27160680175064,-22.20459109820945,404.9999994952102,107.99999408347966,0.6039215922355652,0.6431372761726379,0.6549019813537598,calibrated_uv_reprojection_plus_stereo_left
104.53132629394531,-206.82736206054688,-641.9163208007812,256.35277879057736,113.78470463138706,-22.497415670654448,406.0000008872142,107.99999880037026,0.5529412031173706,0.5921568870544434,0.6000000238418579,calibrated_uv_reprojection_plus_stereo_left
105.99037170410156,-206.99375915527344,-642.396240234375,255.83469970395163,112.31077152205938,-22.77270436137644,406.9999988762238,107.99999806514299,0.41960784792900085,0.4588235318660736,0.46666666865348816,calibrated_uv_reprojection_plus_stereo_left
107.56043243408203,-207.36981201171875,-643.5267333984375,255.67478545952173,110.46814960206763,-23.47200057459355,407.99999919316434,108.00000044095856,0.43529412150382996,0.47843137383461,0.47058823704719543,calibrated_uv_reprojection_plus_stereo_left
109.0433120727539,-207.57029724121094,-644.1123046875,255.2115671383126,108.92927888750137,-23.815993789603112,408.999997987924,108.00000674782584,0.4431372582912445,0.48627451062202454,0.47843137383461,calibrated_uv_reprojection_plus_stereo_left
110.50556945800781,-207.7269287109375,-644.5616455078125,254.67187713445827,107.46531056494052,-24.071114855756207,409.9999996142255,107.9999935876294,0.41960784792900085,0.4627451002597809,0.45490196347236633,calibrated_uv_reprojection_plus_stereo_left
111.92622375488281,-207.8023223876953,-644.7589721679688,253.9926224596619,106.14295353168154,-24.16196699924575,411.0000019701896,108.00000458484058,0.40784314274787903,0.45098039507865906,0.4431372582912445,calibrated_uv_reprojection_plus_stereo_left
113.3427505493164,-207.8682403564453,-644.9268188476562,253.29663741286447,104.8365080761265,-24.23357247408387,411.99999936261383,108.0000031709533,0.40784314274787903,0.45098039507865906,0.4431372582912445,calibrated_uv_reprojection_plus_stereo_left
114.76759338378906,-207.94752502441406,-645.1361083984375,252.622761899799,103.50549028149277,-24.33215391020849,413.00000381755024,108.00000151949033,0.40392157435417175,0.4470588266849518,0.43921568989753723,calibrated_uv_reprojection_plus_stereo_left
116.20903015136719,-208.0545654296875,-645.4314575195312,251.99518536800844,102.12403329701834,-24.486769279135956,413.9999987291842,107.99999616707214,0.3960784375667572,0.4470588266849518,0.43921568989753723,calibrated_uv_reprojection_plus_stereo_left
117.63417053222656,-208.130126953125,-645.629150390625,251.31362838558601,100.7976028771044,-24.577733424961707,415.0000035273185,107.99999834796418,0.3960784375667572,0.4470588266849518,0.43921568989753723,calibrated_uv_reprojection_plus_stereo_left
119.18061828613281,-208.41598510742188,-646.4791259765625,250.98549994386565,99.09278489959837,-25.093544114284725,416.00000398114133,108.00000006028301,0.40392157435417175,0.4470588266849518,0.43921568989753723,calibrated_uv_reprojection_plus_stereo_left
120.6619873046875,-208.58270263671875,-646.95947265625,250.45501147491467,97.5991924306258,-25.368508973163785,416.9999955953559,108.00000426044357,0.4117647111415863,0.45490196347236633,0.4470588266849518,calibrated_uv_reprojection_plus_stereo_left
122.1662368774414,-208.7846221923828,-647.5488891601562,249.98215727113978,96.04005622699975,-25.714434740064178,418.00000347600695,107.99999704917357,0.4274509847164154,0.45490196347236633,0.4470588266849518,calibrated_uv_reprojection_plus_stereo_left
123.66841888427734,-208.97842407226562,-648.1130981445312,249.49414668544455,94.49326122122301,-26.043877650107277,419.00000510252625,107.99999930040025,0.4274509847164154,0.45490196347236633,0.4470588266849518,calibrated_uv_reprojection_plus_stereo_left
125.04338073730469,-208.95526123046875,-648.00439453125,248.64270948312497,93.33863287435952,-25.93509347442415,419.99999709770185,108.00000152868654,0.4313725531101227,0.45490196347236633,0.4470588266849518,calibrated_uv_reprojection_plus_stereo_left
126.5884017944336,-209.2135467529297,-648.7684936523438,248.25978124781216,91.67094187794919,-26.39457997609452,420.99999801349884,108.00001041116687,0.4313725531101227,0.45490196347236633,0.45098039507865906,calibrated_uv_reprojection_plus_stereo_left
128.16372680664062,-209.51568603515625,-649.6683959960938,247.94758842180198,89.92005443204533,-26.942366556839772,422.0000044733809,107.99999927090045,0.4313725531101227,0.45490196347236633,0.4470588266849518,calibrated_uv_reprojection_plus_stereo_left
129.87791442871094,-210.0358123779297,-651.244140625,247.99409328236766,87.7656219188259,-27.92999485691189,423.00000205486845,108.00000021269142,0.42352941632270813,0.4470588266849518,0.43921568989753723,calibrated_uv_reprojection_plus_stereo_left
131.5492706298828,-210.47625732421875,-652.5726318359375,247.90484273190117,85.75186749294448,-28.756492250013537,424.0000037029418,107.9999966560006,0.3960784375667572,0.4117647111415863,0.40784314274787903,calibrated_uv_reprojection_plus_stereo_left
133.14840698242188,-210.7930145263672,-653.5175170898438,247.60823725675618,83.9614115044954,-29.33316502921491,425.0000019351715,107.99999716573774,0.35686275362968445,0.37254902720451355,0.364705890417099,calibrated_uv_reprojection_plus_stereo_left
135.00067138671875,-211.4996337890625,-655.6709594726562,247.95033916460943,81.44512330768896,-30.69623628969009,426.0000010021686,108.00001087777076,0.3333333432674408,0.33725491166114807,0.29411765933036804,calibrated_uv_reprojection_plus_stereo_left
137.22898864746094,-212.77471923828125,-659.5862426757812,249.21959852023184,77.86454137792782,-33.20549910193523,426.99999648671576,107.99999872451181,0.32549020648002625,0.32156863808631897,0.2705882489681244,calibrated_uv_reprojection_plus_stereo_left
64.38472747802734,-213.48098754882812,-668.16064453125,295.10509266801466,138.44715714677113,-41.548362336470404,374.9999988025053,108.99999493705727,0.686274528503418,0.5882353186607361,0.4901960790157318,calibrated_uv_reprojection_plus_stereo_left
63.68920135498047,-206.59963989257812,-646.5866088867188,281.56520847108334,148.04852608158376,-27.38283092563728,375.9999990850328,108.99999931850056,0.5176470875740051,0.4627451002597809,0.4000000059604645,calibrated_uv_reprojection_plus_stereo_left
64.90333557128906,-206.07330322265625,-644.9028930664062,279.787907124306,147.69083974020504,-26.24281840166691,377.0000001925921,109.00000091796201,0.5411764979362488,0.5411764979362488,0.5254902243614197,calibrated_uv_reprojection_plus_stereo_left
66.20838928222656,-205.85134887695312,-644.171875,278.5743145500666,146.85661878960502,-25.726712653798927,377.9999992028622,109.00000423918831,0.5686274766921997,0.5764706134796143,0.5686274766921997,calibrated_uv_reprojection_plus_stereo_left
67.53681182861328,-205.70944213867188,-643.69140625,277.50928139968187,145.89754619112426,-25.374700964224246,378.999998601106,109.00000591078157,0.5686274766921997,0.5843137502670288,0.5803921818733215,calibrated_uv_reprojection_plus_stereo_left
68.92486572265625,-205.7510528564453,-643.78515625,276.7812793072593,144.64702872879548,-25.398596250066305,379.99999936707604,108.99999655803217,0.6000000238418579,0.6196078658103943,0.6117647290229797,calibrated_uv_reprojection_plus_stereo_left
70.28091430664062,-205.69720458984375,-643.5802612304688,275.8785505775026,143.54895623727106,-25.227015950949863,380.9999977156103,108.99999668790923,0.6235294342041016,0.6470588445663452,0.6392157077789307,calibrated_uv_reprojection_plus_stereo_left
71.60626983642578,-205.55712890625,-643.1056518554688,274.81903686677595,142.59012186050938,-24.878945384788892,382.00000050310916,109.00000592712979,0.6000000238418579,0.6274510025978088,0.6196078658103943,calibrated_uv_reprojection_plus_stereo_left
72.94542694091797,-205.46109008789062,-642.768798828125,273.8406749717384,141.5618030466922,-24.621061794947252,382.999997113257,109.00000167316671,0.5921568870544434,0.6196078658103943,0.6117647290229797,calibrated_uv_reprojection_plus_stereo_left
74.31884765625,-205.46315002441406,-642.7388305664062,273.04107508991194,140.37563528687093,-24.56401253301067,384.0000029211997,108.99999174323074,0.5764706134796143,0.6117647290229797,0.6039215922355652,calibrated_uv_reprojection_plus_stereo_left
75.64579010009766,-205.33883666992188,-642.3135986328125,272.01256287518873,139.39482491852135,-24.248356835610366,385.0000023869091,108.99999168679761,0.572549045085907,0.615686297416687,0.6078431606292725,calibrated_uv_reprojection_plus_stereo_left
76.96009826660156,-205.1851348876953,-641.7965087890625,270.93189039621035,138.46334030239802,-23.872653903151615,385.9999972148404,108.99999702179491,0.5921568870544434,0.6352941393852234,0.6196078658103943,calibrated_uv_reprojection_plus_stereo_left
78.28250885009766,-205.05787658691406,-641.3621826171875,269.90007247535925,137.49028004259702,-23.551146480767898,386.99999750857967,109.00000312341467,0.5921568870544434,0.6352941393852234,0.6235294342041016,calibrated_uv_reprojection_plus_stereo_left
79.68265533447266,-205.13497924804688,-641.5670166015625,269.23694278494,136.18290200412014,-23.64775425382294,388.0000012782862,109.0000023079912,0.6196078658103943,0.658823549747467,0.6470588445663452,calibrated_uv_reprojection_plus_stereo_left
80.9936294555664,-204.98367309570312,-641.0574951171875,268.1630616031293,135.25116701710084,-23.27711192333436,389.00000113515597,108.99999902186559,0.6431372761726379,0.6823529601097107,0.6745098233222961,calibrated_uv_reprojection_plus_stereo_left
82.31334686279297,-204.85902404785156,-640.6314086914062,267.13810032991506,134.27701953552736,-22.961092057353994,389.99999992045343,109.0000007009746,0.6431372761726379,0.6823529601097107,0.6705882549285889,calibrated_uv_reprojection_plus_stereo_left
83.64910888671875,-204.77760314941406,-640.3405151367188,266.1913529340389,133.23250313947977,-22.733518253691273,391.00000036664903,108.99999666530582,0.6000000238418579,0.6392157077789307,0.6274510025978088,calibrated_uv_reprojection_plus_stereo_left
84.98824310302734,-204.706787109375,-640.0828247070312,265.2641323898955,132.17120321108774,-22.527685740892537,392.0000024869782,108.99999641933445,0.6431372761726379,0.6745098233222961,0.6666666865348816,calibrated_uv_reprojection_plus_stereo_left
86.34028625488281,-204.66868591308594,-639.927490234375,264.39568110903406,131.05597001374178,-22.388806294135918,393.0000012557058,109.00000654443949,0.7411764860153198,0.772549033164978,0.7647058963775635,calibrated_uv_reprojection_plus_stereo_left
87.6966323852539,-204.64170837402344,-639.806884765625,263.54723158621454,129.92249461683372,-22.272633398750315,394.00000019369395,109.00000241022207,0.6549019813537598,0.6980392336845398,0.6980392336845398,calibrated_uv_reprojection_plus_stereo_left
89.06236267089844,-204.63699340820312,-639.7559204101562,262.73842527615113,128.75179980328136,-22.201998352130374,394.9999975425122,109.00000612419447,0.6078431606292725,0.6509804129600525,0.6549019813537598,calibrated_uv_reprojection_plus_stereo_left
90.4256362915039,-204.62673950195312,-639.6875610351562,261.9197975907496,127.59049063408503,-22.119980183515224,396.0000036083361,108.99999119727934,0.5803921818733215,0.6274510025978088,0.6392157077789307,calibrated_uv_reprojection_plus_stereo_left
91.79959869384766,-204.6405029296875,-639.6943969726562,261.1436401561461,126.38851871987555,-22.087129684368165,396.9999968343352,109.00000340440894,0.5686274766921997,0.615686297416687,0.6274510025978088,calibrated_uv_reprojection_plus_stereo_left
93.18135070800781,-204.6708526611328,-639.7529907226562,260.3965074708117,125.15815964203455,-22.08808378750058,397.9999991794638,108.99999676314226,0.5647059082984924,0.6196078658103943,0.6392157077789307,calibrated_uv_reprojection_plus_stereo_left
94.56963348388672,-204.71432495117188,-639.8526611328125,259.6721795009392,123.90498537008494,-22.115879333383248,399.00000082080726,109.00000724001254,0.5764706134796143,0.6313725709915161,0.6549019813537598,calibrated_uv_reprojection_plus_stereo_left
95.91456604003906,-204.66397094726562,-639.6589965820312,258.78302648562476,122.81192862673623,-21.951980365876693,400.00000030254535,109.000000734818,0.6078431606292725,0.6549019813537598,0.6745098233222961,calibrated_uv_reprojection_plus_stereo_left
97.31172180175781,-204.7247772216797,-639.8128051757812,258.08863057019425,121.52843756563027,-22.015126412657025,400.99999778942686,109.00000706225956,0.5921568870544434,0.6392157077789307,0.658823549747467,calibrated_uv_reprojection_plus_stereo_left
98.72230529785156,-204.8116455078125,-640.0479736328125,257.43917249082875,120.19929979063693,-22.13138945826148,402.0000015280709,108.99999881916398,0.5882353186607361,0.6313725709915161,0.6431372761726379,calibrated_uv_reprojection_plus_stereo_left
100.13213348388672,-204.8944854736328,-640.2705688476562,256.78201127105723,118.87606924438427,-22.239414095924644,402.9999989459759,109.00000151858487,0.5960784554481506,0.6392157077789307,0.6509804129600525,calibrated_uv_reprojection_plus_stereo_left
101.48384094238281,-204.85765075683594,-640.1192016601562,255.91631688528582,117.7594729873357,-22.103149621789726,403.99999702138797,109.00000799584743,0.6000000238418579,0.6470588445663452,0.6627451181411743,calibrated_uv_reprojection_plus_stereo_left
102.91160583496094,-204.97317504882812,-640.44384765625,255.31488932227234,116.37803838168622,-22.27777751445518,405.00000150307113,109.00000328906222,0.47058823704719543,0.5176470875740051,0.5333333611488342,calibrated_uv_reprojection_plus_stereo_left
104.3492660522461,-205.1050262451172,-640.8194580078125,254.74075987402017,114.96671967560025,-22.485643571249284,405.99999969366246,108.99999754548568,0.5568627715110779,0.6039215922355652,0.615686297416687,calibrated_uv_reprojection_plus_stereo_left
105.79747772216797,-205.25379943847656,-641.2479248046875,254.19476804889808,113.52416095471278,-22.72798086576711,407.0000024620181,109.00000058007024,0.6039215922355652,0.6509804129600525,0.658823549747467,calibrated_uv_reprojection_plus_stereo_left
107.3096694946289,-205.52120971679688,-642.0469360351562,253.85177452394208,111.87127822319525,-23.212199604299997,408.0000024874789,108.99999823522569,0.4627451002597809,0.5058823823928833,0.49803921580314636,calibrated_uv_reprojection_plus_stereo_left
108.83808898925781,-205.8124542236328,-642.9202880859375,253.54758376567116,110.17323735221271,-23.744851812536865,408.99999998524964,108.99999197086348,0.4156862795352936,0.4588235318660736,0.45098039507865906,calibrated_uv_reprojection_plus_stereo_left
110.32037353515625,-206.01014709472656,-643.5013427734375,253.08079632523106,108.63732521950249,-24.086584109239027,410.00000399244306,108.99999248368806,0.4274509847164154,0.4745098054409027,0.46666666865348816,calibrated_uv_reprojection_plus_stereo_left
111.7748794555664,-206.15164184570312,-643.9068603515625,252.51639229460773,107.19884821406015,-24.313670864212895,410.9999952358914,109.00000848922647,0.4156862795352936,0.4627451002597809,0.45490196347236633,calibrated_uv_reprojection_plus_stereo_left
113.1833267211914,-206.20567321777344,-644.0390625,251.80163704389366,105.91450390600994,-24.36229619068871,411.9999994626874,109.00000346950932,0.40392157435417175,0.4470588266849518,0.43921568989753723,calibrated_uv_reprojection_plus_stereo_left
114.63526916503906,-206.33660888671875,-644.4114379882812,251.2173004633409,104.49207113337201,-24.56764978195099,412.9999967452562,109.00000153632604,0.4000000059604645,0.4431372582912445,0.43529412150382996,calibrated_uv_reprojection_plus_stereo_left
116.0723648071289,-206.4379119873047,-644.6912231445312,250.5815933352365,103.12119716577786,-24.712530650047142,414.00000094716114,108.99999918735611,0.3921568691730499,0.4431372582912445,0.43529412150382996,calibrated_uv_reprojection_plus_stereo_left
117.50018310546875,-206.5204315185547,-644.912353515625,249.91326155788357,101.78287868204256,-24.81910592259544,415.0000005295935,109.00000585922035,0.3921568691730499,0.4431372582912445,0.43529412150382996,calibrated_uv_reprojection_plus_stereo_left
119.05245971679688,-206.81716918945312,-645.8023071289062,249.6062412548028,100.0570947807297,-25.36202420744189,415.99999895878534,108.99999893711055,0.4000000059604645,0.43921568989753723,0.45098039507865906,calibrated_uv_reprojection_plus_stereo_left
120.5627212524414,-207.03482055664062,-646.4452514648438,249.16353426957113,98.47096410484528,-25.743687705602724,417.00000372827395,109.00000049819067,0.40392157435417175,0.4431372582912445,0.45490196347236633,calibrated_uv_reprojection_plus_stereo_left
122.06573486328125,-207.2351531982422,-647.0340576171875,248.68997314652978,96.91373130812036,-26.08995573317651,417.999997485103,109.00000504100731,0.40784314274787903,0.45098039507865906,0.4431372582912445,calibrated_uv_reprojection_plus_stereo_left
123.58281707763672,-207.45449829101562,-647.68212890625,248.24670447858244,95.31950949788796,-26.474803518111173,418.99999987197765,109.0000049931017,0.40784314274787903,0.45098039507865906,0.4431372582912445,calibrated_uv_reprojection_plus_stereo_left
124.95948791503906,-207.43580627441406,-647.5869750976562,247.40314989658953,94.15768361607951,-26.374810584618672,420.00000106460914,108.99999898972183,0.4117647111415863,0.43921568989753723,0.43529412150382996,calibrated_uv_reprojection_plus_stereo_left
126.44873046875,-207.6022491455078,-648.06982421875,246.86896860058658,92.65664607502327,-26.651791640882323,420.99999608643566,109.00000774760048,0.40784314274787903,0.43529412150382996,0.43529412150382996,calibrated_uv_reprojection_plus_stereo_left
128.0808868408203,-207.9970703125,-649.2654418945312,246.71399850954396,90.73371525327144,-27.393507375046852,421.999999831707,109.00000347344621,0.4117647111415863,0.43529412150382996,0.4274509847164154,calibrated_uv_reprojection_plus_stereo_left
129.84275817871094,-208.5917205810547,-651.0846557617188,246.888126026917,88.43759491127383,-28.541697681150367,422.9999952273174,109.00000007205057,0.40784314274787903,0.4313725531101227,0.4274509847164154,calibrated_uv_reprojection_plus_stereo_left
131.54611206054688,-209.08059692382812,-652.5735473632812,246.88213094657198,86.33026277562021,-29.474303944351902,424.00000069590413,109.00000300125859,0.3843137323856354,0.4000000059604645,0.3960784375667572,calibrated_uv_reprojection_plus_stereo_left
133.1691436767578,-209.43280029296875,-653.6356811523438,246.64612494962284,84.470946053224,-30.12850536575155,424.99999967583,108.99999914411512,0.3490196168422699,0.3607843220233917,0.3490196168422699,calibrated_uv_reprojection_plus_stereo_left
135.0854949951172,-210.23406982421875,-656.09912109375,247.1486107689048,81.77141907451181,-31.69605732259805,426.00000423621685,108.9999920192385,0.34117648005485535,0.3294117748737335,0.27450981736183167,calibrated_uv_reprojection_plus_stereo_left
63.42393493652344,-213.63629150390625,-673.1747436523438,297.83616361137445,137.78723571558635,-45.60809955577747,374.00000024434456,109.99999542397191,0.7333333492279053,0.6549019813537598,0.5254902243614197,calibrated_uv_reprojection_plus_stereo_left
62.63182830810547,-206.29608154296875,-650.0088500976562,283.3591191744192,148.11622155386704,-30.373274161274992,375.0000022122931,109.99999686623093,0.529411792755127,0.501960813999176,0.40392157435417175,calibrated_uv_reprojection_plus_stereo_left
63.55840301513672,-204.81210327148438,-645.296630859375,279.7963279251124,149.2680005483433,-27.244797093612817,376.0000027161128,109.9999927994356,0.529411792755127,0.5176470875740051,0.46666666865348816,calibrated_uv_reprojection_plus_stereo_left
64.85368347167969,-204.55381774902344,-644.446533203125,278.5126213726456,148.491252297448,-26.649791025855905,377.0000015733419,110.00000076863208,0.5686274766921997,0.5686274766921997,0.5686274766921997,calibrated_uv_reprojection_plus_stereo_left
66.18779754638672,-204.42604064941406,-644.0076293945312,277.47181558237855,147.5095391026892,-26.324523566451035,378.00000185897204,109.99999952517777,0.572549045085907,0.5803921818733215,0.5764706134796143,calibrated_uv_reprojection_plus_stereo_left
67.4953384399414,-204.222900390625,-643.3313598632812,276.2931608000756,146.64976738767172,-25.84365507961013,379.00000168958616,109.99999712186508,0.5843137502670288,0.6000000238418579,0.5960784554481506,calibrated_uv_reprojection_plus_stereo_left
68.83857727050781,-204.13356018066406,-643.013671875,275.32526763762075,145.60966662284267,-25.597975265195487,379.9999982876323,110.00000500084897,0.6509804129600525,0.6705882549285889,0.6666666865348816,calibrated_uv_reprojection_plus_stereo_left
70.17549133300781,-204.0291748046875,-642.6485595703125,274.3304250865591,144.5948069600991,-25.32122431332499,380.99999836456135,109.99999772275771,0.7058823704719543,0.729411780834198,0.729411780834198,calibrated_uv_reprojection_plus_stereo_left
71.49982452392578,-203.89273071289062,-642.1825561523438,273.277710035982,143.63290657756426,-24.97837865591339,382.00000327341183,110.00000105795152,0.686274528503418,0.7215686440467834,0.7098039388656616,calibrated_uv_reprojection_plus_stereo_left
72.80004119873047,-203.69383239746094,-641.5198974609375,272.1119827922013,142.77386662928325,-24.5066755145578,382.9999986566827,110.00000268657152,0.6705882549285889,0.7098039388656616,0.6941176652908325,calibrated_uv_reprojection_plus_stereo_left
74.15271759033203,-203.64617919921875,-641.3336181640625,271.22340762471765,141.6708561970313,-24.34727688899403,384.0000007665547,110.00000454808833,0.6509804129600525,0.6941176652908325,0.6784313917160034,calibrated_uv_reprojection_plus_stereo_left
75.47354125976562,-203.51425170898438,-640.8818969726562,270.1819075233416,140.70606663735117,-24.013919657666293,385.0000000961827,109.99998984168008,0.6196078658103943,0.6627451181411743,0.6470588445663452,calibrated_uv_reprojection_plus_stereo_left
76.79747772216797,-203.39508056640625,-640.4705200195312,269.164604510454,139.7217931621471,-23.707068634800976,386.00000100540933,110.00000541865165,0.5960784554481506,0.6392157077789307,0.6274510025978088,calibrated_uv_reprojection_plus_stereo_left
78.11717224121094,-203.26893615722656,-640.037109375,268.13554153008806,138.75037295830083,-23.385802865058224,387.0000030246245,109.99999362688817,0.5568627715110779,0.6000000238418579,0.5921568870544434,calibrated_uv_reprojection_plus_stereo_left
79.47065734863281,-203.23341369628906,-639.88916015625,267.271197686817,137.63071446613094,-23.25163046197423,387.99999563003087,110.00000289241913,0.5764706134796143,0.6078431606292725,0.6000000238418579,calibrated_uv_reprojection_plus_stereo_left
80.793212890625,-203.1211700439453,-639.4996337890625,266.2687748735792,136.63854664267762,-22.959195812894393,389.00000020270267,110.00000248099548,0.6078431606292725,0.6352941393852234,0.6274510025978088,calibrated_uv_reprojection_plus_stereo_left
82.1295166015625,-203.04653930664062,-639.2285766601562,265.33487305546174,135.58509614602042,-22.744410978966812,389.99999646687866,110.00000624423151,0.6352941393852234,0.6627451181411743,0.6549019813537598,calibrated_uv_reprojection_plus_stereo_left
83.46743774414062,-202.9781494140625,-638.9771728515625,264.4127201955878,134.52205536875726,-22.542522367744823,390.99999566936253,110.0000058301541,0.6274510025978088,0.6549019813537598,0.6470588445663452,calibrated_uv_reprojection_plus_stereo_left
84.82845306396484,-202.96707153320312,-638.9061889648438,263.5937033928585,133.36379831121576,-22.45882385272563,392.000001690511,110.00000277921404,0.7411764860153198,0.7843137383460999,0.7764706015586853,calibrated_uv_reprojection_plus_stereo_left
86.18206787109375,-202.93881225585938,-638.7811279296875,262.7440460720981,132.23449768515457,-22.339712925933952,393.0000013898884,110.00000000402503,0.7254902124404907,0.7686274647712708,0.7607843279838562,calibrated_uv_reprojection_plus_stereo_left
87.53813934326172,-202.91700744628906,-638.6763916015625,261.9060891374917,131.09459749591014,-22.233920643877354,394.00000030960496,109.99999740481886,0.6705882549285889,0.7176470756530762,0.7176470756530762,calibrated_uv_reprojection_plus_stereo_left
88.8985595703125,-202.90567016601562,-638.6046142578125,261.0868967997105,129.93719122548947,-22.149717401126736,395.0000003120557,109.99999672730996,0.6431372761726379,0.6901960968971252,0.6901960968971252,calibrated_uv_reprojection_plus_stereo_left
90.28227233886719,-202.9468994140625,-638.6983032226562,260.36108258702393,128.6906221952325,-22.17385772603228,396.00000233548246,110.00000317741407,0.6274510025978088,0.6745098233222961,0.686274528503418,calibrated_uv_reprojection_plus_stereo_left
91.66744232177734,-202.9900360107422,-638.7979125976562,259.63827066921374,127.44030971586295,-22.20184672840861,397.0000019927246,109.99999426719893,0.5960784554481506,0.6431372761726379,0.6549019813537598,calibrated_uv_reprojection_plus_stereo_left
93.04302978515625,-203.0108642578125,-638.8273315429688,258.87566959030465,126.227564748921,-22.183874833447078,398.00000465118364,109.99999131454072,0.5764706134796143,0.6235294342041016,0.6470588445663452,calibrated_uv_reprojection_plus_stereo_left
94.42462158203125,-203.0438995361328,-638.8952026367188,258.13442224622946,124.99358901682695,-22.191071496524444,398.99999729532544,110.00000004251945,0.5960784554481506,0.6392157077789307,0.6666666865348816,calibrated_uv_reprojection_plus_stereo_left
95.81128692626953,-203.08660888671875,-638.9934692382812,257.4098847116559,123.74253619539962,-22.218143136382707,400.0000013464483,110.00000189745305,0.6313725709915161,0.6784313917160034,0.6980392336845398,calibrated_uv_reprojection_plus_stereo_left
97.20187377929688,-203.13621520996094,-639.1134033203125,256.6970843101778,122.47904464486408,-22.259375307241385,401.000001826152,110.00000014113331,0.6117647290229797,0.658823549747467,0.6784313917160034,calibrated_uv_reprojection_plus_stereo_left
98.61248779296875,-203.22560119628906,-639.3585205078125,256.0535553069161,121.14600206326702,-22.382514123391218,401.9999987669713,110.00001075281759,0.6039215922355652,0.6509804129600525,0.6666666865348816,calibrated_uv_reprojection_plus_stereo_left
100.0245132446289,-203.31532287597656,-639.6045532226562,255.40983930889746,119.81133275070886,-22.50620006435912,403.000000003573,109.99999642411458,0.6235294342041016,0.6705882549285889,0.686274528503418,calibrated_uv_reprojection_plus_stereo_left
101.40006256103516,-203.329345703125,-639.612548828125,254.6334386332431,118.60754337438271,-22.474132362596663,403.99999711894833,110.00001042754064,0.5568627715110779,0.6039215922355652,0.6235294342041016,calibrated_uv_reprojection_plus_stereo_left
102.80393981933594,-203.39895629882812,-639.7952880859375,253.95356404556316,117.30631967794432,-22.5563596197577,404.99999851696293,110.0000006572011,0.4274509847164154,0.4745098054409027,0.4941176474094391,calibrated_uv_reprojection_plus_stereo_left
104.21075439453125,-203.47235107421875,-639.9899291992188,253.27968363159783,115.99758436079634,-22.646349508523656,406.0000031182951,109.99999685256336,0.43921568989753723,0.501960813999176,0.5058823823928833,calibrated_uv_reprojection_plus_stereo_left
105.64616394042969,-203.59886169433594,-640.3516235351562,252.69719312112812,114.59439747487721,-22.845582782505915,406.99999897784073,109.99999826990313,0.5137255191802979,0.5764706134796143,0.5803921818733215,calibrated_uv_reprojection_plus_stereo_left
107.09904479980469,-203.7552490234375,-640.8072509765625,252.16529822760123,113.13688640956508,-23.106206073760745,408.00000012258397,110.0000038513914,0.6117647290229797,0.658823549747467,0.6666666865348816,calibrated_uv_reprojection_plus_stereo_left
108.56627655029297,-203.93455505371094,-641.3348388671875,251.6716312276539,111.63690581804616,-23.413821292999046,409.0000012705276,109.99999611292631,0.49803921580314636,0.545098066329956,0.5529412031173706,calibrated_uv_reprojection_plus_stereo_left
110.07125091552734,-204.17929077148438,-642.0681762695312,251.28908162645183,110.0183967605468,-23.855922250200194,409.99999610047763,110.00000285852772,0.3960784375667572,0.4470588266849518,0.45490196347236633,calibrated_uv_reprojection_plus_stereo_left
111.57535552978516,-204.41629028320312,-642.7770385742188,250.89126953192334,108.4108212345148,-24.281918474044744,411.00000087317403,109.99999568077632,0.4156862795352936,0.46666666865348816,0.47058823704719543,calibrated_uv_reprojection_plus_stereo_left
113.01265716552734,-204.52650451660156,-643.0872192382812,250.27450743324943,107.0274162086547,-24.44717747932998,412.0000047711516,110.00000047007111,0.4000000059604645,0.45098039507865906,0.4431372582912445,calibrated_uv_reprojection_plus_stereo_left
114.46166229248047,-204.65492248535156,-643.45458984375,249.6879474755836,105.61000405759467,-24.649781594760668,412.99999757272815,110.00000431072561,0.38823530077934265,0.43529412150382996,0.4274509847164154,calibrated_uv_reprojection_plus_stereo_left
115.90418243408203,-204.7687225341797,-643.77587890625,249.0753969596202,104.21741275269187,-24.82220142869039,414.0000043523025,109.99999049779197,0.3921568691730499,0.43529412150382996,0.4274509847164154,calibrated_uv_reprojection_plus_stereo_left
117.34764862060547,-204.8813934326172,-644.0936889648438,248.46004098079754,102.82545792505601,-24.992322770108046,415.0000009433792,110.00000264796392,0.3843137323856354,0.4274509847164154,0.42352941632270813,calibrated_uv_reprojection_plus_stereo_left
118.94503021240234,-205.25697326660156,-645.2378540039062,248.28971996726074,100.95538009513882,-25.702465051781473,415.9999998341188,109.99999776407395,0.3921568691730499,0.4313725531101227,0.4431372582912445,calibrated_uv_reprojection_plus_stereo_left
120.45056915283203,-205.46714782714844,-645.8619995117188,247.83649167394674,99.38180505966562,-26.072639930375885,416.9999993678963,110.00000390519801,0.3921568691730499,0.4313725531101227,0.43921568989753723,calibrated_uv_reprojection_plus_stereo_left
121.96078491210938,-205.68035888671875,-646.4955444335938,247.3866787646312,97.8002290320967,-26.448866798475592,418.00000169063605,109.99999425582689,0.3960784375667572,0.43529412150382996,0.42352941632270813,calibrated_uv_reprojection_plus_stereo_left
123.50601196289062,-205.9470672607422,-647.2971801757812,247.0252783050217,96.11817039216999,-26.934846547936957,419.00000278591386,109.99999028818212,0.3921568691730499,0.43529412150382996,0.42352941632270813,calibrated_uv_reprojection_plus_stereo_left
124.87833404541016,-205.92263793945312,-647.1837768554688,246.17249137261211,94.96770061350452,-26.822913922344185,419.99999830713887,109.99999987137022,0.38823530077934265,0.4274509847164154,0.42352941632270813,calibrated_uv_reprojection_plus_stereo_left
126.3808822631836,-206.1110382080078,-647.7391967773438,245.67668371578202,93.42532461074785,-27.147905855490194,420.9999991687123,110.00000089984937,0.3843137323856354,0.41960784792900085,0.4156862795352936,calibrated_uv_reprojection_plus_stereo_left
128.01834106445312,-206.5128936767578,-648.96533203125,245.53640374920303,91.4861721867153,-27.910947700622785,421.999996952,110.00000244672128,0.38823530077934265,0.4117647111415863,0.4117647111415863,calibrated_uv_reprojection_plus_stereo_left
129.76019287109375,-207.07260131835938,-650.6873168945312,245.65632143050038,89.2496221774951,-28.99770212453558,423.0000042484098,109.99999787334602,0.3843137323856354,0.40784314274787903,0.40392157435417175,calibrated_uv_reprojection_plus_stereo_left
131.5330352783203,-207.66925048828125,-652.5252075195312,245.83330871805094,86.93780986024473,-30.15995218055565,424.0000051422692,110.00000038572401,0.37254902720451355,0.38823530077934265,0.3764705955982208,calibrated_uv_reprojection_plus_stereo_left
133.2183837890625,-208.11659240722656,-653.8937377929688,245.75757851403466,84.89761923643448,-31.01546670353747,425.00000040226644,109.9999962001798,0.34117648005485535,0.3490196168422699,0.3294117748737335,calibrated_uv_reprojection_plus_stereo_left
135.3519287109375,-209.24740600585938,-657.4094848632812,246.81075773395747,81.57298027810111,-33.27291297400876,425.99999393644646,110.00000549647672,0.37254902720451355,0.3450980484485626,0.2666666805744171,calibrated_uv_reprojection_plus_stereo_left
62.127872467041016,-212.69540405273438,-674.7788696289062,298.5502796492088,138.84429585566699,-47.43837690618682,373.00000188977293,110.99999046275909,0.8039215803146362,0.6784313917160034,0.5686274766921997,calibrated_uv_reprojection_plus_stereo_left
61.66840362548828,-206.34085083007812,-654.5822143554688,285.828998717469,147.62998522748222,-34.12792554038896,373.99999829389816,111.0000081569996,0.6000000238418579,0.529411792755127,0.4431372582912445,calibrated_uv_reprojection_plus_stereo_left
62.41947555541992,-204.22833251953125,-647.8441162109375,281.0710036487759,149.7718716966665,-29.6627085667933,374.99999828888133,111.00000222136575,0.48627451062202454,0.48627451062202454,0.4274509847164154,calibrated_uv_reprojection_plus_stereo_left
63.47269821166992,-203.17434692382812,-644.4644775390625,278.3001118258129,150.25580767730497,-27.404751544097053,375.9999976564899,111.00001106302227,0.545098066329956,0.5529412031173706,0.5176470875740051,calibrated_uv_reprojection_plus_stereo_left
64.7777328491211,-202.953857421875,-643.7288208007812,277.08569531522045,149.42232272321382,-26.884084435182444,376.9999999672885,111.00000273072797,0.5607843399047852,0.5764706134796143,0.572549045085907,calibrated_uv_reprojection_plus_stereo_left
66.12574768066406,-202.8742218017578,-643.4400024414062,276.1340767704658,148.36582640908938,-26.657017669834488,378.0000010209643,111.00000036080215,0.5686274766921997,0.5882353186607361,0.5843137502670288,calibrated_uv_reprojection_plus_stereo_left
67.44230651855469,-202.70310974121094,-642.8611450195312,275.0138853529538,147.45719805205835,-26.23948402428482,379.0000012784242,111.00000859525636,0.5803921818733215,0.6039215922355652,0.5960784554481506,calibrated_uv_reprojection_plus_stereo_left
68.75408935546875,-202.52462768554688,-642.2589111328125,273.8813962771865,146.56243414036982,-25.806648961628184,379.9999982366879,111.0000020920491,0.5882353186607361,0.6117647290229797,0.6039215922355652,calibrated_uv_reprojection_plus_stereo_left
70.04339599609375,-202.28802490234375,-641.4724731445312,272.64326370560667,145.76376303339617,-25.25291758070705,381.00000032528914,111.00000468763358,0.5960784554481506,0.6196078658103943,0.6117647290229797,calibrated_uv_reprojection_plus_stereo_left
71.33184051513672,-202.05792236328125,-640.7067260742188,271.4189219847799,144.95725387239645,-24.712857890261205,381.99999764624215,111.00000636869771,0.6078431606292725,0.6313725709915161,0.6235294342041016,calibrated_uv_reprojection_plus_stereo_left
72.6329574584961,-201.8715362548828,-640.0796508789062,270.2765223425815,144.0821127428202,-24.263927420871994,383.0000007115662,111.00000307017888,0.6196078658103943,0.6431372761726379,0.6352941393852234,calibrated_uv_reprojection_plus_stereo_left
73.9894790649414,-201.84303283691406,-639.9532470703125,269.42446326569103,142.95076929945202,-24.14377281564009,384.00000115759906,111.00000700984222,0.6235294342041016,0.6627451181411743,0.6509804129600525,calibrated_uv_reprojection_plus_stereo_left
75.31224822998047,-201.72503662109375,-639.5430908203125,268.409196239397,141.9666773036696,-23.837347312153156,384.9999980549675,111.00000262829047,0.6549019813537598,0.6980392336845398,0.6823529601097107,calibrated_uv_reprojection_plus_stereo_left
76.62903594970703,-201.59535217285156,-639.095947265625,267.3735466599185,141.00316403186747,-23.50668913365206,385.9999968669881,111.00000425249627,0.6431372761726379,0.686274528503418,0.6705882549285889,calibrated_uv_reprojection_plus_stereo_left
77.95636749267578,-201.49729919433594,-638.7491455078125,266.39639947390015,139.9887952960711,-23.241940595112965,386.9999998215688,111.0000116354077,0.5921568870544434,0.6352941393852234,0.6196078658103943,calibrated_uv_reprojection_plus_stereo_left
79.28112030029297,-201.39596557617188,-638.3919067382812,265.4140252985059,138.981000628767,-22.970365476615882,387.9999996221643,111.00000243051662,0.5921568870544434,0.6352941393852234,0.6196078658103943,calibrated_uv_reprojection_plus_stereo_left
80.61307525634766,-201.31590270996094,-638.1021728515625,264.4709392595919,137.93890224219604,-22.74313332009325,388.99999758171884,111.00000458828524,0.5960784554481506,0.6392157077789307,0.6235294342041016,calibrated_uv_reprojection_plus_stereo_left
81.96048736572266,-201.2763214111328,-637.9407348632812,263.60154677451555,136.8300473588714,-22.600107860860078,390.00000159562705,110.99999829139117,0.5882353186607361,0.6313725709915161,0.615686297416687,calibrated_uv_reprojection_plus_stereo_left
83.31892395019531,-201.26454162597656,-637.867431640625,262.78254022275485,135.67498348783926,-22.51492421998728,391.0000029852523,110.99999446092875,0.6745098233222961,0.7176470756530762,0.7058823704719543,calibrated_uv_reprojection_plus_stereo_left
84.69287872314453,-201.28990173339844,-637.911865234375,262.0303890890456,134.45750254515104,-22.506991492097256,391.99999928251407,110.99999829538345,0.7568627595901489,0.800000011920929,0.7921568751335144,calibrated_uv_reprojection_plus_stereo_left
86.05016326904297,-201.27532958984375,-637.8297119140625,261.20634837669354,133.30711816962253,-22.416001000397273,393.00000205137934,110.99999442459944,0.6784313917160034,0.7215686440467834,0.7137255072593689,calibrated_uv_reprojection_plus_stereo_left
87.4037857055664,-201.25267028808594,-637.7219848632812,260.3679386184135,132.17055300113356,-22.308247676033204,393.99999546161837,111.00000178164305,0.6627451181411743,0.7098039388656616,0.7215686440467834,calibrated_uv_reprojection_plus_stereo_left
88.76851654052734,-201.25575256347656,-637.69580078125,259.57563882110765,130.99043721042477,-22.253979326309377,394.9999972317507,111.00000270284158,0.6470588445663452,0.6941176652908325,0.7058823704719543,calibrated_uv_reprojection_plus_stereo_left
90.16867065429688,-201.3377227783203,-637.9195556640625,258.92387246500783,129.6756439542351,-22.36362413687607,395.9999982463331,111.00000187893167,0.6196078658103943,0.6666666865348816,0.6784313917160034,calibrated_uv_reprojection_plus_stereo_left
91.55235290527344,-201.38088989257812,-638.0203247070312,258.2024150264895,128.42628115083386,-22.39258377155255,397.0000043921858,110.99999690285819,0.615686297416687,0.6627451181411743,0.6745098233222961,calibrated_uv_reprojection_plus_stereo_left
92.93214416503906,-201.4142608642578,-638.0900268554688,257.4632024485138,127.1932094637038,-22.401152778702283,398.0000050600541,110.99998831471996,0.615686297416687,0.6705882549285889,0.6784313917160034,calibrated_uv_reprojection_plus_stereo_left
94.30956268310547,-201.44146728515625,-638.1403198242188,256.71283127858044,125.97028346413799,-22.397004114706817,398.9999969375969,111.00001038908078,0.6235294342041016,0.6784313917160034,0.686274528503418,calibrated_uv_reprojection_plus_stereo_left
95.70018005371094,-201.49559020996094,-638.2756958007812,256.0096903963145,124.70049452490599,-22.448596142636063,400.0000013236159,110.9999934116949,0.615686297416687,0.6627451181411743,0.6823529601097107,calibrated_uv_reprojection_plus_stereo_left
97.10503387451172,-201.57762145996094,-638.4995727539062,255.35532005194534,123.38155593918225,-22.55820245861497,400.9999961272375,111.00000456316891,0.6000000238418579,0.6470588445663452,0.6666666865348816,calibrated_uv_reprojection_plus_stereo_left
98.51042175292969,-201.65835571289062,-638.71923828125,254.69795592155663,122.06389025201804,-22.665004459475085,402.0000003926874,110.99999896669246,0.6117647290229797,0.6705882549285889,0.686274528503418,calibrated_uv_reprojection_plus_stereo_left
99.92168426513672,-201.74862670898438,-638.9691162109375,254.05666526285881,120.72856004300871,-22.791583316937306,403.000002711802,111.00000222857744,0.6078431606292725,0.6627451181411743,0.6784313917160034,calibrated_uv_reprojection_plus_stereo_left
101.30305480957031,-201.77682495117188,-639.0223999023438,253.30598458172574,119.50093585292092,-22.78929080398018,403.99999843983426,111.0000106093087,0.5764706134796143,0.6235294342041016,0.6392157077789307,calibrated_uv_reprojection_plus_stereo_left
102.72103118896484,-201.87611389160156,-639.3007202148438,252.67917539085875,118.14793084561552,-22.934440326769675,405.00000098616437,111.00000014598993,0.47843137383461,0.5254902243614197,0.5372549295425415,calibrated_uv_reprojection_plus_stereo_left
104.12496948242188,-201.94546508789062,-639.4842529296875,251.9994020730195,116.8465346804893,-23.01745103497973,405.9999964549785,111.00000135892626,0.41960784792900085,0.4745098054409027,0.48627451062202454,calibrated_uv_reprojection_plus_stereo_left
105.53996276855469,-202.0340576171875,-639.7286376953125,251.352473661827,115.51022178578825,-23.140295946140952,407.00000458479576,110.99999152603289,0.4313725531101227,0.48627451062202454,0.4941176474094391,calibrated_uv_reprojection_plus_stereo_left
106.985107421875,-202.17727661132812,-640.14599609375,250.79958915023838,114.07579136500613,-23.376434463728515,408.0000001273654,110.99999201101522,0.4901960790157318,0.5372549295425415,0.5490196347236633,calibrated_uv_reprojection_plus_stereo_left
108.39295196533203,-202.24716186523438,-640.3311157226562,250.11861824506133,112.77032634128716,-23.460384729491636,409.00000144896,110.99999127390652,0.5764706134796143,0.6235294342041016,0.6352941393852234,calibrated_uv_reprojection_plus_stereo_left
109.8358154296875,-202.3797149658203,-640.7146606445312,249.5452840920275,111.35193045844119,-23.674287163917597,410.00000094121555,111.00000237101958,0.5215686559677124,0.572549045085907,0.5686274766921997,calibrated_uv_reprojection_plus_stereo_left
111.30950164794922,-202.56500244140625,-641.2650756835938,249.06170485397337,109.83735613563545,-23.99742768644137,410.9999989100161,111.00000800310164,0.3960784375667572,0.4470588266849518,0.4431372582912445,calibrated_uv_reprojection_plus_stereo_left
112.81649780273438,-202.80555725097656,-641.9903564453125,248.67160546285902,108.22111419081403,-24.435014194439077,411.99999879711874,111.00000951936156,0.4000000059604645,0.45098039507865906,0.4588235318660736,calibrated_uv_reprojection_plus_stereo_left
114.29151153564453,-202.98342895507812,-642.51708984375,248.17206394393753,106.71520470897889,-24.742486748086094,413.00000157376826,111.00000073654812,0.3921568691730499,0.43529412150382996,0.4470588266849518,calibrated_uv_reprojection_plus_stereo_left
115.7439193725586,-203.1173095703125,-642.904541015625,247.5958321479361,105.28684957495665,-24.95869692924458,413.99999851178995,110.99999718062097,0.3843137323856354,0.42352941632270813,0.43529412150382996,calibrated_uv_reprojection_plus_stereo_left
117.18397521972656,-203.2265167236328,-643.2138671875,246.9763967770574,103.90170983864658,-25.12370866031074,414.9999973645249,110.99999733242518,0.3843137323856354,0.42352941632270813,0.43529412150382996,calibrated_uv_reprojection_plus_stereo_left
118.84269714355469,-203.70790100097656,-644.7009887695312,246.98980343203522,101.83677155477551,-26.059730050279825,416.00000435654505,110.99998798954934,0.3843137323856354,0.42352941632270813,0.43529412150382996,calibrated_uv_reprojection_plus_stereo_left
120.357177734375,-203.93373107910156,-645.3792724609375,246.56523517674827,100.23351265155105,-26.46611613369089,417.00000050800986,110.99999593185407,0.3803921639919281,0.41960784792900085,0.4313725531101227,calibrated_uv_reprojection_plus_stereo_left
121.8726806640625,-204.1560516357422,-646.0463256835938,246.13287690732483,98.634018417373,-26.865059353954507,418.00000254905933,110.99999418851246,0.3764705955982208,0.4156862795352936,0.4274509847164154,calibrated_uv_reprojection_plus_stereo_left
123.40713500976562,-204.40467834472656,-646.7965698242188,245.74321763693177,96.98345258400911,-27.31837159988794,419.0000001308259,110.9999996008116,0.37254902720451355,0.40784314274787903,0.41960784792900085,calibrated_uv_reprojection_plus_stereo_left
124.77481842041016,-204.37454223632812,-646.6646728515625,244.8812867090885,95.84464800881409,-27.194289741008276,419.9999943224776,111.0000020107083,0.3764705955982208,0.40392157435417175,0.4000000059604645,calibrated_uv_reprojection_plus_stereo_left
126.3597640991211,-204.69691467285156,-647.6480712890625,244.61281761662258,94.05321877495459,-27.800029014314987,421.0000011906223,110.99999798287814,0.3764705955982208,0.4000000059604645,0.3960784375667572,calibrated_uv_reprojection_plus_stereo_left
127.9513931274414,-205.0229034423828,-648.642822265625,244.3478418009566,92.2512476497044,-28.413080456301486,422.000003657876,111.00000033022303,0.37254902720451355,0.3960784375667572,0.38823530077934265,calibrated_uv_reprojection_plus_stereo_left
129.69334411621094,-205.58009338378906,-650.368896484375,244.4675379915082,90.01448323775952,-29.504484193588098,422.9999954624555,111.00000669577105,0.3607843220233917,0.3843137323856354,0.37254902720451355,calibrated_uv_reprojection_plus_stereo_left
131.5379180908203,-206.28628540039062,-652.5660400390625,244.83174268649242,87.49258408453119,-30.90383797231567,423.9999986642571,110.99999429784492,0.3607843220233917,0.37254902720451355,0.3529411852359772,calibrated_uv_reprojection_plus_stereo_left
133.34962463378906,-206.92649841308594,-654.5543212890625,245.08034461451518,85.08609061895379,-32.16632059971448,424.99999994252846,111.00000407737579,0.3450980484485626,0.34117648005485535,0.30588236451148987,calibrated_uv_reprojection_plus_stereo_left
135.92962646484375,-208.7331085205078,-660.231689453125,247.26372892158508,80.47757155089977,-35.84151008093198,425.99999564684754,111.00000336226782,0.4470588266849518,0.4000000059604645,0.3019607961177826,calibrated_uv_reprojection_plus_stereo_left
60.923988342285156,-207.17697143554688,-661.7453002929688,289.8208944452949,145.8877188510241,-39.59770881343911,373.00000089055897,111.99999793748961,0.6901960968971252,0.5921568870544434,0.4941176474094391,calibrated_uv_reprojection_plus_stereo_left
60.680904388427734,-201.67652893066406,-644.14013671875,278.66995337508604,153.3932571223337,-27.971661680253533,374.00000078722013,111.9999966716808,0.5176470875740051,0.4627451002597809,0.4000000059604645,calibrated_uv_reprojection_plus_stereo_left
61.901451110839844,-201.17628479003906,-642.50634765625,276.92869437401714,153.00498058647992,-26.85909796580114,374.999998066324,112.00000240403651,0.5254902243614197,0.5254902243614197,0.5058823823928833,calibrated_uv_reprojection_plus_stereo_left
63.23847961425781,-201.06790161132812,-642.1241455078125,275.9238112673225,151.99654854962643,-26.570364031504084,375.9999975702192,112.00000224103471,0.5568627715110779,0.5647059082984924,0.5529412031173706,calibrated_uv_reprojection_plus_stereo_left
64.51832580566406,-200.78598022460938,-641.1878051757812,274.59608973419637,151.26758364355425,-25.917030680128676,376.99999966811777,112.00000197101468,0.5607843399047852,0.5764706134796143,0.572549045085907,calibrated_uv_reprojection_plus_stereo_left
65.81971740722656,-200.58126831054688,-640.4981079101562,273.414281727854,150.41763811679584,-25.426083270761808,378.0000007145704,112.00000107895548,0.5686274766921997,0.5882353186607361,0.5843137502670288,calibrated_uv_reprojection_plus_stereo_left
67.1341552734375,-200.42369079589844,-639.958984375,272.321613276934,149.49392846364117,-25.034274418911423,378.99999773740745,112.00000018799719,0.5764706134796143,0.6000000238418579,0.5921568870544434,calibrated_uv_reprojection_plus_stereo_left
68.49960327148438,-200.4214630126953,-639.9159545898438,271.51806367770564,148.3201881886152,-24.968883943582455,379.9999990347908,112.00000623395059,0.6039215922355652,0.6274510025978088,0.6196078658103943,calibrated_uv_reprojection_plus_stereo_left
69.8249282836914,-200.3040771484375,-639.5052490234375,270.50155075953984,147.33377939349828,-24.661635390554068,380.9999988254667,112.0000092481763,0.6470588445663452,0.6705882549285889,0.6627451181411743,calibrated_uv_reprojection_plus_stereo_left
71.16121673583984,-200.22190856933594,-639.2069702148438,269.5509100983212,146.29122166546034,-24.428368906561275,381.99999709159874,112.00000194626645,0.658823549747467,0.6823529601097107,0.6784313917160034,calibrated_uv_reprojection_plus_stereo_left
72.46929931640625,-200.06480407714844,-638.6694946289062,268.4629176799651,145.37237094461113,-24.037815554314022,382.9999990293003,111.99999330507652,0.6392157077789307,0.6627451181411743,0.6627451181411743,calibrated_uv_reprojection_plus_stereo_left
73.80416870117188,-199.9859161376953,-638.3818359375,267.519875404194,144.32666205180448,-23.811617361481638,384.0000007414815,112.00000404014045,0.5843137502670288,0.6235294342041016,0.615686297416687,calibrated_uv_reprojection_plus_stereo_left
75.14339447021484,-199.92137145996094,-638.139892578125,266.6036936315341,143.25820049018904,-23.61549245384674,385.00000073785657,111.99999299885522,0.5686274766921997,0.6117647290229797,0.6039215922355652,calibrated_uv_reprojection_plus_stereo_left
76.45488739013672,-199.7864990234375,-637.673583984375,265.55938132325167,142.30690030719757,-23.27188217176524,385.99999829393516,112.0000011392867,0.5921568870544434,0.6352941393852234,0.6196078658103943,calibrated_uv_reprojection_plus_stereo_left
77.77020263671875,-199.666015625,-637.253173828125,264.542345266872,141.33324054700114,-22.95848422681064,387.00000428661565,111.99999264569442,0.615686297416687,0.658823549747467,0.6431372761726379,calibrated_uv_reprojection_plus_stereo_left
79.17606353759766,-199.77801513671875,-637.5748291015625,263.94967712882703,139.97315441119417,-23.13296739905752,388.0000015068362,112.00000110300775,0.6705882549285889,0.7098039388656616,0.6980392336845398,calibrated_uv_reprojection_plus_stereo_left
80.48954010009766,-199.65695190429688,-637.1526489257812,262.9325422019804,139.00183738829992,-22.818455805653457,388.99999517766383,112.00000137318602,0.6784313917160034,0.7215686440467834,0.7058823704719543,calibrated_uv_reprojection_plus_stereo_left
81.81231689453125,-199.56243896484375,-636.8152465820312,261.96448195509174,137.98728458369192,-22.559711505866005,389.99999701637614,112.00000454858551,0.6509804129600525,0.6941176652908325,0.686274528503418,calibrated_uv_reprojection_plus_stereo_left
83.15997314453125,-199.5305938720703,-636.6777954101562,261.110510141977,136.86817934727878,-22.432404098931272,391.00000023376947,111.99999694499002,0.7607843279838562,0.8039215803146362,0.7960784435272217,calibrated_uv_reprojection_plus_stereo_left
84.53701782226562,-199.56903076171875,-636.7646484375,260.3836592939689,135.6305098994991,-22.452517632890988,391.9999972695384,111.99999979980228,0.7098039388656616,0.7529411911964417,0.7490196228027344,calibrated_uv_reprojection_plus_stereo_left
85.90377807617188,-199.58221435546875,-636.7709350585938,259.61098606859844,134.43519462219467,-22.419678473422834,392.99999722318836,112.00000727617831,0.6823529601097107,0.7254902124404907,0.7254902124404907,calibrated_uv_reprojection_plus_stereo_left
87.27873229980469,-199.61361694335938,-636.8352661132812,258.8708936947703,133.20867276613365,-22.42495848117079,394.00000010226967,111.99999766503285,0.6549019813537598,0.7058823704719543,0.7176470756530762,calibrated_uv_reprojection_plus_stereo_left
88.65316772460938,-199.64276123046875,-636.8923950195312,258.12647443468364,131.98558925063105,-22.425496102250804,395.0000027578082,111.99999148658407,0.6509804129600525,0.7019608020782471,0.7137255072593689,calibrated_uv_reprojection_plus_stereo_left
90.0406265258789,-199.6997833251953,-637.0385131835938,257.4317010977707,130.7142838123806,-22.48449238202221,395.99999973561813,112.00000173892673,0.6078431606292725,0.6627451181411743,0.6784313917160034,calibrated_uv_reprojection_plus_stereo_left
91.41600036621094,-199.7285919189453,-637.0946044921875,256.68606900938437,129.49081921421424,-22.484328942842183,396.99999491866487,112.00000978360958,0.5764706134796143,0.6313725709915161,0.6470588445663452,calibrated_uv_reprojection_plus_stereo_left
92.79598236083984,-199.766357421875,-637.17919921875,255.95610803890446,128.25151801295294,-22.502865759518613,397.9999959439291,112.00000543527861,0.5960784554481506,0.658823549747467,0.6627451181411743,calibrated_uv_reprojection_plus_stereo_left
94.17233276367188,-199.7952117919922,-637.2353515625,255.20997385630994,127.02716821149988,-22.502706612380166,398.99999710455313,111.99999973978211,0.5960784554481506,0.6549019813537598,0.6627451181411743,calibrated_uv_reprojection_plus_stereo_left
95.56253051757812,-199.85206604003906,-637.3807983398438,254.51322771965351,125.75374276387976,-22.56117519600076,400.00000553663523,111.99999577398259,0.5921568870544434,0.6470588445663452,0.6627451181411743,calibrated_uv_reprojection_plus_stereo_left
96.95760345458984,-199.9172821044922,-637.5529174804688,253.8308081539207,124.46501673750663,-22.63713999071865,401.0000035839441,111.99999809639212,0.6039215922355652,0.658823549747467,0.6745098233222961,calibrated_uv_reprojection_plus_stereo_left
98.3607177734375,-199.99693298339844,-637.7710571289062,253.17332568965685,123.15020991611777,-22.743297449182307,401.9999986591123,112.00000364031601,0.6078431606292725,0.6666666865348816,0.6823529601097107,calibrated_uv_reprojection_plus_stereo_left
99.77368927001953,-200.09405517578125,-638.0447998046875,252.5459142430367,121.8037560450556,-22.885915297940073,403.0000056811011,111.99999129152894,0.5843137502670288,0.6392157077789307,0.6549019813537598,calibrated_uv_reprojection_plus_stereo_left
101.17362213134766,-200.16265869140625,-638.2276611328125,251.86761569151173,120.50634181341741,-22.968850287792577,404.00000038693753,111.99999910177056,0.545098066329956,0.5921568870544434,0.6039215922355652,calibrated_uv_reprojection_plus_stereo_left
102.5931396484375,-200.26754760742188,-638.5261840820312,251.25235490819762,119.1439205214773,-23.127678105470807,404.99999969368747,112.00000615220782,0.4470588266849518,0.4941176474094391,0.5058823823928833,calibrated_uv_reprojection_plus_stereo_left
104.00969696044922,-200.36387634277344,-638.79736328125,250.6212455604234,117.79540864657395,-23.268516520496348,405.9999987961897,112.00001015748421,0.4000000059604645,0.4470588266849518,0.4588235318660736,calibrated_uv_reprojection_plus_stereo_left
105.43146514892578,-200.467529296875,-639.091796875,250.00210022284085,116.43270803115934,-23.424569688846532,406.99999757009147,112.00000054510735,0.40784314274787903,0.45490196347236633,0.46666666865348816,calibrated_uv_reprojection_plus_stereo_left
106.84100341796875,-200.5454559326172,-639.30419921875,249.33729911460466,115.11466599914718,-23.526754693663577,407.9999992006776,111.99999520153463,0.4313725531101227,0.48235294222831726,0.48235294222831726,calibrated_uv_reprojection_plus_stereo_left
108.26261901855469,-200.64369201660156,-639.5813598632812,248.7071490685475,113.75926295714805,-23.671409627545927,408.9999956064137,112.00000091855719,0.48627451062202454,0.5372549295425415,0.5333333611488342,calibrated_uv_reprojection_plus_stereo_left
109.70426940917969,-200.77603149414062,-639.9671630859375,248.13528488134466,112.34136519238001,-23.88730403515342,409.99999886661413,112.00000113724772,0.5607843399047852,0.6117647290229797,0.6039215922355652,calibrated_uv_reprojection_plus_stereo_left
111.17676544189453,-200.9607696533203,-640.5199584960938,247.65296622677164,110.82737277471642,-24.212708706345268,410.9999956201405,112.00000850667809,0.5411764979362488,0.5921568870544434,0.5843137502670288,calibrated_uv_reprojection_plus_stereo_left
112.6298599243164,-201.1062774658203,-640.9475708007812,247.10142027012694,109.38216089292291,-24.455910239361856,411.99999802834964,111.9999966857603,0.3921568691730499,0.4431372582912445,0.43921568989753723,calibrated_uv_reprojection_plus_stereo_left
114.14178466796875,-201.35194396972656,-641.6943969726562,246.7211183384432,107.75337631978186,-24.908451168539727,413.0000002779663,112.00000064938169,0.3803921639919281,0.4274509847164154,0.4274509847164154,calibrated_uv_reprojection_plus_stereo_left
115.66045379638672,-201.6034393310547,-642.4596557617188,246.34881557326963,106.11106316217649,-25.372980385099652,414.0000035797702,111.99999254210033,0.3921568691730499,0.4313725531101227,0.4431372582912445,calibrated_uv_reprojection_plus_stereo_left
117.11788940429688,-201.74343872070312,-642.86962890625,245.78346605560733,104.66938490775817,-25.604427308664185,414.99999806650794,112.00000625913182,0.3803921639919281,0.41960784792900085,0.4274509847164154,calibrated_uv_reprojection_plus_stereo_left
118.69398498535156,-202.08212280273438,-643.9125366210938,245.55656907723989,102.8619339474883,-26.25085796943091,416.00000242512067,111.99999706000071,0.3764705955982208,0.41960784792900085,0.4117647111415863,calibrated_uv_reprojection_plus_stereo_left
120.22871398925781,-202.3433074951172,-644.7084350585938,245.1947783275416,101.19291766301279,-26.73520378627387,417.0000034869976,111.99999769853451,0.37254902720451355,0.4156862795352936,0.4117647111415863,calibrated_uv_reprojection_plus_stereo_left
121.77570343017578,-202.61888122558594,-645.5501098632812,244.8553674604583,99.49424166089159,-27.24946889487319,417.99999469451643,112.00000455378924,0.3686274588108063,0.40784314274787903,0.41960784792900085,calibrated_uv_reprojection_plus_stereo_left
123.3583984375,-202.9468994140625,-646.5587158203125,244.60271949972696,97.69524495927658,-27.873059584689486,418.99999986145644,112.00000045339115,0.3607843220233917,0.4000000059604645,0.40784314274787903,calibrated_uv_reprojection_plus_stereo_left
124.74307250976562,-202.9453887939453,-646.5173950195312,243.78935872865708,96.50400839655833,-27.808264803654026,420.0000060578677,111.99998802143236,0.3490196168422699,0.3921568691730499,0.3843137323856354,calibrated_uv_reprojection_plus_stereo_left
126.29805755615234,-203.2178497314453,-647.3489379882812,243.43889687889202,94.80255816887365,-28.315626102757733,420.9999983200338,112.0000050639699,0.3450980484485626,0.3843137323856354,0.3764705955982208,calibrated_uv_reprojection_plus_stereo_left
127.89754486083984,-203.55514526367188,-648.3867797851562,243.19545954640023,92.97679232014701,-28.95807550187169,421.9999999051846,111.99999490011538,0.3529411852359772,0.3764705955982208,0.3686274588108063,calibrated_uv_reprojection_plus_stereo_left
129.6475830078125,-204.1221160888672,-650.1561279296875,243.33551766056263,90.71661161164457,-30.079806216814063,422.99999834296284,112.00000340740499,0.3490196168422699,0.3686274588108063,0.35686275362968445,calibrated_uv_reprojection_plus_stereo_left
131.73886108398438,-205.20848083496094,-653.5794677734375,244.34226901955583,87.47342841794472,-32.285168165021844,424.0000059505046,112.00000099850539,0.3529411852359772,0.3529411852359772,0.3294117748737335,calibrated_uv_reprojection_plus_stereo_left
133.94638061523438,-206.45108032226562,-657.5,245.60177865168788,83.9228323573019,-34.81590556829957,424.99999992241413,112.0000011538387,0.37254902720451355,0.3529411852359772,0.30588236451148987,calibrated_uv_reprojection_plus_stereo_left
60.0306396484375,-207.5730743408203,-667.5916137695312,293.0328387510681,144.8322926646831,-44.21561294390881,372.00000298530364,112.99999674799065,0.7490196228027344,0.6470588445663452,0.5372549295425415,calibrated_uv_reprojection_plus_stereo_left
59.46683120727539,-200.85809326171875,-645.9588623046875,279.51529488998386,154.26727093704955,-29.913387703562364,373.00000223494663,112.99999268612245,0.545098066329956,0.4941176474094391,0.41960784792900085,calibrated_uv_reprojection_plus_stereo_left
60.481300354003906,-199.65724182128906,-642.0609741210938,276.44534963597005,154.99340567261305,-27.30617959075437,374.0000019250431,112.9999928645376,0.5254902243614197,0.501960813999176,0.45490196347236633,calibrated_uv_reprojection_plus_stereo_left
61.78091049194336,-199.42984008789062,-641.2938232421875,275.2160005182301,154.1764767716781,-26.76332449816772,375.00000109432284,113.00000357122565,0.5568627715110779,0.5568627715110779,0.5411764979362488,calibrated_uv_reprojection_plus_stereo_left
63.13623809814453,-199.3881072998047,-641.1236572265625,274.33688719812346,153.06411997588043,-26.614056017408984,376.0000015487262,112.99999018887058,0.5568627715110779,0.5686274766921997,0.5568627715110779,calibrated_uv_reprojection_plus_stereo_left
64.42263793945312,-199.1348876953125,-640.2736206054688,273.0620261660601,152.29298351937268,-26.0167004876522,377.00000112705703,113.00000053030186,0.5607843399047852,0.5843137502670288,0.5764706134796143,calibrated_uv_reprojection_plus_stereo_left
65.71310424804688,-198.90435791015625,-639.49658203125,271.83155876539837,151.4881157738069,-25.46754152930589,377.99999724884793,113.00000136041567,0.572549045085907,0.5960784554481506,0.5882353186607361,calibrated_uv_reprojection_plus_stereo_left
67.02000427246094,-198.7317657470703,-638.9058837890625,270.71095053420487,150.59187363625335,-25.041265287424835,378.9999971502689,113.000000886225,0.5882353186607361,0.6117647290229797,0.6039215922355652,calibrated_uv_reprojection_plus_stereo_left
68.41558837890625,-198.8236083984375,-639.1653442382812,270.0837651773997,149.2667887812239,-25.175264123589557,380.00000075587053,113.00000270840764,0.6235294342041016,0.6549019813537598,0.6431372761726379,calibrated_uv_reprojection_plus_stereo_left
69.73931884765625,-198.70700073242188,-638.7546997070312,269.0687646304801,148.28142753342837,-24.867702345020746,380.9999966284772,113.00000553178086,0.6784313917160034,0.7215686440467834,0.7058823704719543,calibrated_uv_reprojection_plus_stereo_left
71.03790283203125,-198.5244140625,-638.1319580078125,267.9323947092978,147.4056836299426,-24.42043653692599,382.00000357985687,112.99999554281445,0.7019608020782471,0.729411780834198,0.7254902124404907,calibrated_uv_reprojection_plus_stereo_left
72.35289001464844,-198.3935546875,-637.6755981445312,266.8931203322019,146.4468506656491,-24.082854675947203,382.99999924094107,112.99999822563683,0.7058823704719543,0.729411780834198,0.729411780834198,calibrated_uv_reprojection_plus_stereo_left
73.64667510986328,-198.21029663085938,-637.0508422851562,265.7581838261398,145.57613016735064,-23.634389402094143,384.00000421977273,112.99999375987781,0.686274528503418,0.7254902124404907,0.7176470756530762,calibrated_uv_reprojection_plus_stereo_left
74.97850036621094,-198.1340789794922,-636.7702026367188,264.8217417854817,144.5299623267557,-23.41265299025207,385.0000021946073,112.99999872360746,0.6666666865348816,0.7098039388656616,0.7019608020782471,calibrated_uv_reprojection_plus_stereo_left
76.30934143066406,-198.05789184570312,-636.4896850585938,263.88593766545455,143.48460258094912,-23.191023632307974,385.9999974294946,113.00000320175246,0.6274510025978088,0.6705882549285889,0.6627451181411743,calibrated_uv_reprojection_plus_stereo_left
77.63287353515625,-197.96559143066406,-636.1573486328125,262.92115497751496,142.46703441302031,-22.935285563615707,386.99999959090445,112.9999927772293,0.6039215922355652,0.6470588445663452,0.6392157077789307,calibrated_uv_reprojection_plus_stereo_left
79.01828002929688,-198.03138732910156,-636.3331298828125,262.2462211135735,141.18542668611497,-23.01418066650058,387.9999979526071,112.99999971420013,0.6235294342041016,0.6509804129600525,0.6431372761726379,calibrated_uv_reprojection_plus_stereo_left
80.33406829833984,-197.9232940673828,-635.9501342773438,261.2534225715962,140.1955649251047,-22.725131524722144,389.00000074201574,113.00000072522909,0.615686297416687,0.6431372761726379,0.6352941393852234,calibrated_uv_reprojection_plus_stereo_left
81.66474151611328,-197.854736328125,-635.6942138671875,260.3334486893924,139.14018283457227,-22.519785723890266,389.99999985282926,113.00000460832857,0.7411764860153198,0.7803921699523926,0.7764706015586853,calibrated_uv_reprojection_plus_stereo_left
83.01714324951172,-197.840087890625,-635.6114501953125,259.51190480371775,137.99424860807238,-22.428444773816977,391.0000008661025,112.9999938540536,0.6705882549285889,0.7137255072593689,0.7098039388656616,calibrated_uv_reprojection_plus_stereo_left
84.39767456054688,-197.8917236328125,-635.74169921875,258.81061826977526,136.73571670956886,-22.477334745192422,392.00000096695345,112.99999824802009,0.6274510025978088,0.6705882549285889,0.6823529601097107,calibrated_uv_reprojection_plus_stereo_left
85.76017761230469,-197.89999389648438,-635.7326049804688,258.0304467539846,135.55051923082283,-22.434486235603288,393.00000313654493,112.99999892868263,0.6627451181411743,0.7098039388656616,0.7215686440467834,calibrated_uv_reprojection_plus_stereo_left
87.13468933105469,-197.9351806640625,-635.8099975585938,257.2987672685334,134.31909275606284,-22.448558417102447,393.9999961685753,113.00000634296131,0.6078431606292725,0.6705882549285889,0.6745098233222961,calibrated_uv_reprojection_plus_stereo_left
88.50701141357422,-197.96426391601562,-635.86767578125,256.55574315574836,133.09771471242715,-22.44962677859712,394.99999990150405,112.99999192573128,0.6196078658103943,0.6784313917160034,0.686274528503418,calibrated_uv_reprojection_plus_stereo_left
89.89437103271484,-198.02545166015625,-636.028564453125,255.8701695703151,131.8205610611617,-22.518614830945296,395.99999990462976,113.00000212780452,0.6352941393852234,0.7019608020782471,0.7058823704719543,calibrated_uv_reprojection_plus_stereo_left
91.27108764648438,-198.06161499023438,-636.1090087890625,255.13919790267056,130.58594399827712,-22.53464104428906,397.0000006101228,113.00000072262449,0.6274510025978088,0.6941176652908325,0.7019608020782471,calibrated_uv_reprojection_plus_stereo_left
92.65515899658203,-198.11233520507812,-636.2361450195312,254.43392386005337,129.32560103418683,-22.581364241115295,398.0000025687025,112.99998948048037,0.615686297416687,0.6705882549285889,0.6784313917160034,calibrated_uv_reprojection_plus_stereo_left
94.0348129272461,-198.15216064453125,-636.328369140625,253.70880644492195,128.0835575610089,-22.60511555292453,398.9999957432849,112.99999974287965,0.5882353186607361,0.6392157077789307,0.6509804129600525,calibrated_uv_reprojection_plus_stereo_left
95.44542694091797,-198.25503540039062,-636.6229858398438,253.09557100911616,126.73082177338063,-22.761973728694954,399.99999793596714,112.99999832487188,0.5490196347236633,0.615686297416687,0.6274510025978088,calibrated_uv_reprojection_plus_stereo_left
96.84564971923828,-198.3336181640625,-636.839599609375,252.43833632885253,125.41940471238667,-22.867492926098976,400.999998134096,113.00000513410018,0.572549045085907,0.6392157077789307,0.6509804129600525,calibrated_uv_reprojection_plus_stereo_left
98.24394226074219,-198.40603637695312,-637.0363159179688,251.7694878061031,124.11788803894711,-22.95988336604887,401.99999794102155,112.99999482690879,0.6078431606292725,0.6627451181411743,0.686274528503418,calibrated_uv_reprojection_plus_stereo_left
99.65196990966797,-198.4957275390625,-637.28857421875,251.13060959899445,122.78492970089195,-23.088788768489565,402.9999952437804,113.0000104028519,0.6078431606292725,0.6627451181411743,0.686274528503418,calibrated_uv_reprojection_plus_stereo_left
101.0460205078125,-198.55545043945312,-637.4444580078125,250.43805617557803,121.50399264680289,-23.154266468875676,403.9999979195908,112.9999962008761,0.545098066329956,0.6000000238418579,0.6078431606292725,calibrated_uv_reprojection_plus_stereo_left
102.45638275146484,-198.64508056640625,-637.6964111328125,249.79766666918852,120.1691172031388,-23.282899274060583,404.9999991333351,113.00000102890172,0.4901960790157318,0.5490196347236633,0.5568627715110779,calibrated_uv_reprojection_plus_stereo_left
103.8659439086914,-198.73072814941406,-637.9354858398438,249.14950823083524,118.84025698787838,-23.40302059098542,406.0000031928679,112.99999204759615,0.4470588266849518,0.5058823823928833,0.5137255191802979,calibrated_uv_reprojection_plus_stereo_left
105.29009246826172,-198.8415985107422,-638.2555541992188,248.54485449220772,117.46519281762261,-23.576362814347533,406.9999996701612,112.99999766912043,0.3803921639919281,0.43921568989753723,0.4431372582912445,calibrated_uv_reprojection_plus_stereo_left
106.72220611572266,-198.96437072753906,-638.61376953125,247.96007860473196,116.06740648721308,-23.77473496183279,407.99999970429144,113.00000037676432,0.42352941632270813,0.4745098054409027,0.47843137383461,calibrated_uv_reprojection_plus_stereo_left
108.11817169189453,-199.0174102783203,-638.7481079101562,247.25264324893573,114.79371170193104,-23.8259092740322,408.99999750844705,112.99999766838633,0.5137255191802979,0.5607843399047852,0.5686274766921997,calibrated_uv_reprojection_plus_stereo_left
109.54362487792969,-199.1226043701172,-639.0498657226562,246.63553004866606,113.42508156496876,-23.987101154468064,409.9999968511513,113.00000842555127,0.4941176474094391,0.5411764979362488,0.545098066329956,calibrated_uv_reprojection_plus_stereo_left
110.97803497314453,-199.24119567871094,-639.39453125,246.04078408197353,112.03089134303036,-24.176441602038892,410.9999976287986,113.00000856578612,0.5607843399047852,0.6078431606292725,0.6117647290229797,calibrated_uv_reprojection_plus_stereo_left
112.46021270751953,-199.4415283203125,-640.0014038085938,245.58663048604933,110.48661435993989,-24.538021802125456,411.99999872381875,112.99999639140077,0.5333333611488342,0.5843137502670288,0.5764706134796143,calibrated_uv_reprojection_plus_stereo_left
114.01295471191406,-199.76055908203125,-640.9891357421875,245.3359872256334,108.72332089316916,-25.149772258665678,412.99999945991885,112.99999699768188,0.3843137323856354,0.43529412150382996,0.4313725531101227,calibrated_uv_reprojection_plus_stereo_left
115.5401382446289,-200.02764892578125,-641.8101196289062,244.99319867466443,107.05126754016243,-25.65185696809533,413.99999936712703,113.00000360819678,0.37254902720451355,0.41960784792900085,0.4313725531101227,calibrated_uv_reprojection_plus_stereo_left
117.0282211303711,-200.2214813232422,-642.3959350585938,244.52220712931688,105.51054938319714,-25.999349518387305,414.9999969273539,113.00000348574014,0.3764705955982208,0.42352941632270813,0.4274509847164154,calibrated_uv_reprojection_plus_stereo_left
118.61235046386719,-200.5731201171875,-643.4879760742188,244.32044683299677,103.67674662519352,-26.67928960428975,415.99999637842313,113.00000681812307,0.3764705955982208,0.41960784792900085,0.4117647111415863,calibrated_uv_reprojection_plus_stereo_left
120.14312744140625,-200.82740783691406,-644.267578125,243.94914874823002,102.01866268923197,-27.153886318609636,416.9999945601049,113.000009680631,0.3764705955982208,0.41960784792900085,0.4156862795352936,calibrated_uv_reprojection_plus_stereo_left
121.72445678710938,-201.15936279296875,-645.2962036132812,243.70842180396238,100.21351506169674,-27.791925788609262,417.9999996056086,113.00000559337258,0.3803921639919281,0.41960784792900085,0.4313725531101227,calibrated_uv_reprojection_plus_stereo_left
123.33447265625,-201.53065490722656,-646.4508666992188,243.53202009897916,98.33122782134558,-28.512603080753536,419.0000032555507,112.99999628151437,0.3764705955982208,0.4156862795352936,0.42352941632270813,calibrated_uv_reprojection_plus_stereo_left
124.72309875488281,-201.53585815429688,-646.4312133789062,242.73024447100084,97.12760155894341,-28.462062199552292,420.000005447157,113.0000000589421,0.3607843220233917,0.4000000059604645,0.3921568691730499,calibrated_uv_reprojection_plus_stereo_left
126.29159545898438,-201.8283233642578,-647.3328857421875,242.41559810140012,95.38613652785097,-29.016428163018418,421.00000519026764,112.99999954264987,0.3333333432674408,0.3686274588108063,0.3607843220233917,calibrated_uv_reprojection_plus_stereo_left
127.96379089355469,-202.2782745361328,-648.7395629882812,242.36505009901384,93.34541562498197,-29.902228992722655,421.9999968508415,113.00000539280481,0.33725491166114807,0.3607843220233917,0.3529411852359772,calibrated_uv_reprojection_plus_stereo_left
129.8135986328125,-202.99620056152344,-651.0054321289062,242.76317287674902,90.79451069733346,-31.351872425152692,422.9999956683256,113.00000339242052,0.34117648005485535,0.35686275362968445,0.33725491166114807,calibrated_uv_reprojection_plus_stereo_left
132.00326538085938,-204.22454833984375,-654.9078979492188,244.01502852337052,87.27047051931044,-33.87550312915448,423.99999891077096,113.00000930015943,0.33725491166114807,0.33725491166114807,0.27843138575553894,calibrated_uv_reprojection_plus_stereo_left
134.59153747558594,-206.0371856689453,-660.6834106445312,246.23851345823033,82.62426485885658,-37.62800338867248,425.0000007828324,112.99999207698406,0.4156862795352936,0.38823530077934265,0.3137255012989044,calibrated_uv_reprojection_plus_stereo_left
58.452796936035156,-200.7451629638672,-650.0870361328125,281.7150662312075,154.01715891378376,-33.38462043850677,371.9999987511456,114.00000576798047,0.6117647290229797,0.5372549295425415,0.4470588266849518,calibrated_uv_reprojection_plus_stereo_left
59.11483383178711,-198.3133544921875,-642.176025390625,276.2906294286043,156.70294277140124,-28.122272202892987,373.00000123177915,113.99999538546535,0.49803921580314636,0.4901960790157318,0.43921568989753723,calibrated_uv_reprojection_plus_stereo_left
60.38020324707031,-197.96969604492188,-641.0274047851562,274.838450453763,156.0726222193814,-27.326661466532585,373.99999969831896,113.99999977870007,0.545098066329956,0.545098066329956,0.5176470875740051,calibrated_uv_reprojection_plus_stereo_left
61.69963836669922,-197.81442260742188,-640.4888305664062,273.7448302842157,155.14346107534942,-26.93400586505379,375.00000123720326,113.9999963942305,0.5529412031173706,0.5647059082984924,0.5607843399047852,calibrated_uv_reprojection_plus_stereo_left
63.035438537597656,-197.717041015625,-640.1377563476562,272.7615527525284,154.12267314767968,-26.66521038244116,376.00000117974923,113.99999570184943,0.5607843399047852,0.5764706134796143,0.5686274766921997,calibrated_uv_reprojection_plus_stereo_left
64.30783081054688,-197.428955078125,-639.1693725585938,271.4203869317409,153.41187665247867,-25.988900216511695,376.99999735105155,114.00000750748873,0.5764706134796143,0.5921568870544434,0.5882353186607361,calibrated_uv_reprojection_plus_stereo_left
65.61974334716797,-197.271484375,-638.6238403320312,270.3266075975385,152.49214715098606,-25.59183138948532,377.999999582769,113.99999899646437,0.5764706134796143,0.6000000238418579,0.5921568870544434,calibrated_uv_reprojection_plus_stereo_left
66.93659973144531,-197.1348114013672,-638.1456909179688,269.273015721507,151.54030702754477,-25.239299884376237,379.0000043062598,113.99999114512181,0.6352941393852234,0.658823549747467,0.6509804129600525,calibrated_uv_reprojection_plus_stereo_left
68.26634216308594,-197.04063415527344,-637.8052368164062,268.2999445840509,150.5204316663499,-24.977717875660517,379.99999996174034,114.00000409595356,0.6666666865348816,0.6901960968971252,0.686274528503418,calibrated_uv_reprojection_plus_stereo_left
69.57984161376953,-196.90402221679688,-637.327392578125,267.24845114664237,149.57139733497536,-24.625482327118505,381.00000049229965,114.00000058533911,0.7411764860153198,0.7647058963775635,0.7647058963775635,calibrated_uv_reprojection_plus_stereo_left
70.91295623779297,-196.8269500732422,-637.0422973632812,266.3088059334717,148.52573290674292,-24.40049652790509,381.9999996164572,113.99999634916858,0.7647058963775635,0.8039215803146362,0.7960784435272217,calibrated_uv_reprojection_plus_stereo_left
72.22396850585938,-196.6924285888672,-636.5713500976562,265.26311679184147,147.57602959628235,-24.052907666935766,382.9999970778603,114.00000332761647,0.8039215803146362,0.843137264251709,0.8352941274642944,calibrated_uv_reprojection_plus_stereo_left
73.4786605834961,-196.41217041015625,-635.6287841796875,263.9484986681471,146.87002082377552,-23.39418218681027,384.00000117957774,114.00000284865013,0.6901960968971252,0.7333333492279053,0.7215686440467834,calibrated_uv_reprojection_plus_stereo_left
74.8187255859375,-196.36602783203125,-635.4439086914062,263.06885387726123,145.77694907357585,-23.23544847672332,384.99999945203547,113.99999963703794,0.6941176652908325,0.7372549176216125,0.7215686440467834,calibrated_uv_reprojection_plus_stereo_left
76.15811920166016,-196.3196563720703,-635.25830078125,262.1891249177169,144.6847644180703,-23.076246226394687,385.9999988729126,113.99999482121186,0.6823529601097107,0.7254902124404907,0.7176470756530762,calibrated_uv_reprojection_plus_stereo_left
77.48825073242188,-196.2512969970703,-635.0015869140625,261.2692809876438,143.62999779729336,-22.870159312252156,387.0000007226972,113.99999549907443,0.6196078658103943,0.6627451181411743,0.6549019813537598,calibrated_uv_reprojection_plus_stereo_left
78.86872863769531,-196.31048583984375,-635.1575927734375,260.58418059005527,142.3610445875865,-22.93632173707124,387.9999963844162,114.00000009696905,0.6039215922355652,0.6470588445663452,0.6392157077789307,calibrated_uv_reprojection_plus_stereo_left
80.18814086914062,-196.2180938720703,-634.8231201171875,259.62081687360126,141.34770515166844,-22.67897056789576,389.0000019197359,113.99999399782479,0.6470588445663452,0.6901960968971252,0.6823529601097107,calibrated_uv_reprojection_plus_stereo_left
81.53380584716797,-196.1918182373047,-634.70263671875,258.7790673645619,140.22319006320055,-22.56278138208802,390.00000075477817,114.00000232632092,0.772549033164978,0.7960784435272217,0.8117647171020508,calibrated_uv_reprojection_plus_stereo_left
82.90274810791016,-196.2213897705078,-634.7627563476562,258.0393484640773,139.0038517275114,-22.565681003575264,390.99999907744575,113.9999954003502,0.5176470875740051,0.5411764979362488,0.5568627715110779,calibrated_uv_reprojection_plus_stereo_left
84.25448608398438,-196.2097930908203,-634.6897583007812,257.22444915019776,137.8544480879196,-22.480806962088195,391.9999988590766,114.00000294667336,0.5686274766921997,0.6039215922355652,0.615686297416687,calibrated_uv_reprojection_plus_stereo_left
85.62669372558594,-196.245361328125,-634.769287109375,256.4952529319874,136.62425738294286,-22.496490086186895,392.99999909391835,114.00000270970415,0.6039215922355652,0.6431372761726379,0.6549019813537598,calibrated_uv_reprojection_plus_stereo_left
86.9813003540039,-196.239990234375,-634.7163696289062,255.6915487587553,135.4640601771735,-22.424842370858414,393.9999999754858,113.99999830732739,0.5803921818733215,0.6196078658103943,0.6313725709915161,calibrated_uv_reprojection_plus_stereo_left
88.35320281982422,-196.27308654785156,-634.787841796875,254.95739414214052,134.23745413916657,-22.435186263819503,395.00000260820775,113.9999887985835,0.6392157077789307,0.6823529601097107,0.6941176652908325,calibrated_uv_reprojection_plus_stereo_left
89.75773620605469,-196.37644958496094,-635.0866088867188,254.34971892265276,132.8886180397817,-22.595340824469645,396.0000000527515,113.99999382992618,0.6274510025978088,0.6901960968971252,0.7019608020782471,calibrated_uv_reprojection_plus_stereo_left
91.13909149169922,-196.42665100097656,-635.21337890625,253.6454729262805,131.63095465932486,-22.642091869382398,397.0000045990622,113.99998939433388,0.6274510025978088,0.686274528503418,0.6980392336845398,calibrated_uv_reprojection_plus_stereo_left
92.51798248291016,-196.47003173828125,-635.3181762695312,252.92858323336554,130.38451891301014,-22.674359283614137,397.99999719833926,114.00000828623425,0.5843137502670288,0.6470588445663452,0.6509804129600525,calibrated_uv_reprojection_plus_stereo_left
93.9021224975586,-196.52304077148438,-635.4539794921875,252.2285203509261,129.12069823681833,-22.72702240117718,398.9999967580667,114.00000216932492,0.5882353186607361,0.6509804129600525,0.6549019813537598,calibrated_uv_reprojection_plus_stereo_left
95.32234191894531,-196.64883422851562,-635.8251342773438,251.65812364548725,127.72831156367562,-22.93474007986896,399.99999981134283,114.000004775912,0.5764706134796143,0.6392157077789307,0.6509804129600525,calibrated_uv_reprojection_plus_stereo_left
96.717529296875,-196.72007751464844,-636.0198364257812,250.9893660399655,126.4305537767687,-23.026151036154317,401.00000171107587,113.99999864246232,0.5843137502670288,0.6431372761726379,0.6627451181411743,calibrated_uv_reprojection_plus_stereo_left
98.11589813232422,-196.79562377929688,-636.2284545898438,250.32767297737587,125.12428322557628,-23.126706549203504,401.99999700992237,113.99999973965524,0.5882353186607361,0.6509804129600525,0.6823529601097107,calibrated_uv_reprojection_plus_stereo_left
99.52091979980469,-196.8821258544922,-636.4724731445312,249.6847854044355,123.79760546972813,-23.250552490753137,403.0000018517662,114.00000357403954,0.6000000238418579,0.6627451181411743,0.6901960968971252,calibrated_uv_reprojection_plus_stereo_left
100.92111206054688,-196.95680236816406,-636.6781616210938,249.02019973567945,122.49094490276889,-23.349107301281492,403.99999898098184,113.99999136063474,0.5803921818733215,0.6470588445663452,0.6509804129600525,calibrated_uv_reprojection_plus_stereo_left
102.32425689697266,-197.0350341796875,-636.8953857421875,248.36128056135203,121.17695841433806,-23.45524124575502,405.00000115538535,113.99999556792662,0.5882353186607361,0.6549019813537598,0.658823549747467,calibrated_uv_reprojection_plus_stereo_left
103.73259735107422,-197.12098693847656,-637.1375122070312,247.7153042630918,119.84816241750622,-23.577739774780923,406.00000259690523,113.99999439120461,0.5254902243614197,0.5843137502670288,0.5921568870544434,calibrated_uv_reprojection_plus_stereo_left
105.14374542236328,-197.20986938476562,-637.3890991210938,247.07376355229843,118.51301692148104,-23.706437996353316,407.00000219348993,113.99999869237772,0.37254902720451355,0.4274509847164154,0.43529412150382996,calibrated_uv_reprojection_plus_stereo_left
106.59796142578125,-197.37612915039062,-637.8906860351562,246.5672816984901,117.03715463646279,-23.999700873841505,408.0000016823334,113.99999424441569,0.40784314274787903,0.47058823704719543,0.46666666865348816,calibrated_uv_reprojection_plus_stereo_left
107.98601531982422,-197.41712951660156,-637.9874267578125,245.8400632275293,115.78603548071112,-24.026365688757835,408.9999985033128,113.99999268179727,0.5568627715110779,0.615686297416687,0.615686297416687,calibrated_uv_reprojection_plus_stereo_left
109.40058898925781,-197.50486755371094,-638.2352294921875,245.1941561193591,114.449464459218,-24.152465991889585,409.9999960194823,114.00000155017884,0.5372549295425415,0.5843137502670288,0.5960784554481506,calibrated_uv_reprojection_plus_stereo_left
110.8334732055664,-197.6230010986328,-638.5811767578125,244.6004782498232,113.05642372070207,-24.34312903027177,410.99999439725576,114.00000144903831,0.5137255191802979,0.5647059082984924,0.572549045085907,calibrated_uv_reprojection_plus_stereo_left
112.32354736328125,-197.8388671875,-639.2428588867188,244.17577186780943,111.48323021030058,-24.741558369605173,412.00000248340837,113.99999976572721,0.545098066329956,0.6078431606292725,0.6078431606292725,calibrated_uv_reprojection_plus_stereo_left
113.85017395019531,-198.11306762695312,-640.0929565429688,243.85051635755048,109.80041778648587,-25.26391107127398,412.9999982551351,114.00000250051585,0.5098039507865906,0.5686274766921997,0.5686274766921997,calibrated_uv_reprojection_plus_stereo_left
115.39427185058594,-198.41067504882812,-641.0185546875,243.56351330862412,108.07121154074042,-25.835840632551424,414.0000023434302,114.0000005048544,0.38823530077934265,0.4313725531101227,0.4274509847164154,calibrated_uv_reprojection_plus_stereo_left
116.94490814208984,-198.71231079101562,-641.9570922851562,243.2810429560397,106.33096650248598,-26.416177196441993,414.9999969327189,114.0000063116268,0.3803921639919281,0.42352941632270813,0.42352941632270813,calibrated_uv_reprojection_plus_stereo_left
118.54046630859375,-199.08229064941406,-643.1162109375,243.11381597792587,104.46051675755217,-27.14151787366586,416.0000008222453,113.9999925173197,0.3803921639919281,0.42352941632270813,0.4313725531101227,calibrated_uv_reprojection_plus_stereo_left
120.09234619140625,-199.3711395263672,-644.0132446289062,242.80414656209382,102.73631233118067,-27.69431205126358,416.9999991400495,114.0000060844381,0.3843137323856354,0.42352941632270813,0.43529412150382996,calibrated_uv_reprojection_plus_stereo_left
121.67619323730469,-199.70582580566406,-645.0581665039062,242.57069165699676,100.9231980993253,-28.34427340093373,417.99999525197757,114.00000558458427,0.4000000059604645,0.43921568989753723,0.45098039507865906,calibrated_uv_reprojection_plus_stereo_left
123.30333709716797,-200.1031494140625,-646.3052368164062,242.44163052381725,98.98890730939172,-29.12707089492409,419.0000045307358,113.99999653513603,0.4156862795352936,0.45098039507865906,0.4588235318660736,calibrated_uv_reprojection_plus_stereo_left
124.69335174560547,-200.11102294921875,-646.29443359375,241.64466358338285,97.7804463314281,-29.082394171281294,419.9999962637416,114.00000320277482,0.4000000059604645,0.42352941632270813,0.42352941632270813,calibrated_uv_reprojection_plus_stereo_left
126.306640625,-200.47299194335938,-647.4271240234375,241.4504855236857,95.90543208737773,-29.789742312082183,421.00000529456565,113.99999822680371,0.33725491166114807,0.35686275362968445,0.35686275362968445,calibrated_uv_reprojection_plus_stereo_left
128.02809143066406,-200.99684143066406,-649.0824584960938,241.52833499723374,93.72043467017488,-30.84065099518284,421.999999812703,113.99999612493178,0.32549020648002625,0.34117648005485535,0.33725491166114807,calibrated_uv_reprojection_plus_stereo_left
130.02081298828125,-201.93060302734375,-652.061279296875,242.29653365151648,90.75275988400176,-32.76162300102811,423.00000928027,113.99999769935056,0.3294117748737335,0.3333333432674408,0.30588236451148987,calibrated_uv_reprojection_plus_stereo_left
132.40985107421875,-203.45339965820312,-656.9417114257812,244.0529261916376,86.65479873018569,-35.93253604929515,424.00000707845163,113.99999565699014,0.3607843220233917,0.33725491166114807,0.2666666805744171,calibrated_uv_reprojection_plus_stereo_left
57.74881362915039,-201.7591094970703,-657.9471435546875,286.1014204044177,151.967437784065,-39.33451861402415,370.9999993019233,115.00000169790889,0.6901960968971252,0.5882353186607361,0.48235294222831726,calibrated_uv_reprojection_plus_stereo_left
57.75651931762695,-196.9980010986328,-642.3851318359375,276.19092122118246,158.3667759133491,-29.00075783026898,371.9999993651945,115.00000250107891,0.5215686559677124,0.46666666865348816,0.3960784375667572,calibrated_uv_reprojection_plus_stereo_left
58.98603057861328,-196.52821350097656,-640.8175048828125,274.494130713997,157.93925643421022,-27.926675142308966,372.9999975151164,115.0000012875984,0.5215686559677124,0.5215686559677124,0.49803921580314636,calibrated_uv_reprojection_plus_stereo_left
60.283302307128906,-196.30015563964844,-640.0382080078125,273.2606399902984,157.1280974486694,-27.374236282965853,374.0000009953381,114.99999991017239,0.5529412031173706,0.5607843399047852,0.545098066329956,calibrated_uv_reprojection_plus_stereo_left
61.61092758178711,-196.17869567871094,-639.6065673828125,272.2311913658292,156.14734512014604,-27.051836315575656,374.9999979306522,115.00000542913696,0.5529412031173706,0.5686274766921997,0.5647059082984924,calibrated_uv_reprojection_plus_stereo_left
62.95390319824219,-196.11013793945312,-639.3473510742188,271.3027945639285,155.08220959659877,-26.843502833508467,376.00000311950134,114.99999137736077,0.572549045085907,0.5882353186607361,0.5843137502670288,calibrated_uv_reprojection_plus_stereo_left
64.23037719726562,-195.841552734375,-638.4361572265625,269.9971605888758,154.34349613460404,-26.204045624889318,377.0000028520695,114.99999552487779,0.5843137502670288,0.6039215922355652,0.5960784554481506,calibrated_uv_reprojection_plus_stereo_left
65.52715301513672,-195.64459228515625,-637.758544921875,268.8286733699934,153.4909153209656,-25.719145693538167,377.9999986188462,115.00000063421348,0.6117647290229797,0.6352941393852234,0.6274510025978088,calibrated_uv_reprojection_plus_stereo_left
66.80191040039062,-195.39108276367188,-636.8966064453125,267.5553836228551,152.73341569739915,-25.112431339718057,379.0000002772193,114.99999021556192,0.686274528503418,0.7098039388656616,0.7019608020782471,calibrated_uv_reprojection_plus_stereo_left
68.11820983886719,-195.2666015625,-636.4553833007812,266.52627399787156,151.76649010073942,-24.783973100828007,379.999999781099,114.99999501453115,0.6901960968971252,0.7254902124404907,0.7176470756530762,calibrated_uv_reprojection_plus_stereo_left
69.43042755126953,-195.13536071777344,-635.9921875,265.4854944045161,150.81217293398925,-24.441036832403768,380.9999986783728,115.00000316592659,0.6784313917160034,0.7176470756530762,0.7137255072593689,calibrated_uv_reprojection_plus_stereo_left
70.75485229492188,-195.0426483154297,-635.654541015625,264.5177093902538,149.7955143166413,-24.18112940744078,382.00000397585234,114.9999970654008,0.6901960968971252,0.729411780834198,0.7333333492279053,calibrated_uv_reprojection_plus_stereo_left
72.07059478759766,-194.9298095703125,-635.2513427734375,263.51313113602447,148.81341636942244,-23.87792882816484,383.00000485423857,114.99999209137809,0.7215686440467834,0.7607843279838562,0.7686274647712708,calibrated_uv_reprojection_plus_stereo_left
73.31765747070312,-194.638671875,-634.2672119140625,262.17778531433015,148.13039157480483,-23.190833722218372,384.0000006518738,114.99999815655778,0.7058823704719543,0.7490196228027344,0.7450980544090271,calibrated_uv_reprojection_plus_stereo_left
74.66329956054688,-194.61489868164062,-634.1544189453125,261.3410541879654,147.00266891846775,-23.07967485408716,384.99999713264555,115.00000965900668,0.729411780834198,0.772549033164978,0.7647058963775635,calibrated_uv_reprojection_plus_stereo_left
76.0083236694336,-194.5902557373047,-634.0386962890625,260.5028325792362,145.8766784826811,-22.96657106686513,386.0000008393499,114.99999785917788,0.6705882549285889,0.7137255072593689,0.6980392336845398,calibrated_uv_reprojection_plus_stereo_left
77.35478973388672,-194.56996154785156,-633.9371948242188,259.6728338397553,144.74358138956376,-22.86287867529552,387.0000015851029,114.99999619736371,0.6235294342041016,0.6666666865348816,0.6509804129600525,calibrated_uv_reprojection_plus_stereo_left
78.73384857177734,-194.63079833984375,-634.1000366210938,258.99257421598026,143.47323073879505,-22.93384058696421,388.00000134335664,114.99999805474559,0.5843137502670288,0.6274510025978088,0.6196078658103943,calibrated_uv_reprojection_plus_stereo_left
80.06608581542969,-194.57565307617188,-633.885009765625,258.0983949769746,142.39928350439203,-22.755150409428268,389.0000026273896,114.99999972480057,0.7921568751335144,0.8352941274642944,0.8274509906768799,calibrated_uv_reprojection_plus_stereo_left
81.41814422607422,-194.569580078125,-633.8298950195312,257.2947338070608,141.2422181183474,-22.68211711484389,390.00000026699934,115.00000946546058,0.5843137502670288,0.6274510025978088,0.6196078658103943,calibrated_uv_reprojection_plus_stereo_left
82.78861999511719,-194.6068878173828,-633.916015625,256.5705246837098,140.01093378280905,-22.702359352199664,390.999999152923,115.0000022783774,0.4901960790157318,0.5333333611488342,0.529411792755127,calibrated_uv_reprojection_plus_stereo_left
84.1380844116211,-194.59425354003906,-633.8394775390625,255.75471105001435,138.86494496035368,-22.6151632275903,392.0000011825374,115.00000175832827,0.5686274766921997,0.6078431606292725,0.6196078658103943,calibrated_uv_reprojection_plus_stereo_left
85.50135803222656,-194.6133270263672,-633.8662109375,254.99678718916846,137.6643945686534,-22.596168791759226,393.00000356407816,114.99999997229901,0.5803921818733215,0.6196078658103943,0.6313725709915161,calibrated_uv_reprojection_plus_stereo_left
86.8567886352539,-194.6141357421875,-633.8334350585938,254.20544395885247,136.4951826395514,-22.53786775968888,393.99999866598273,114.99999475202509,0.5960784554481506,0.6431372761726379,0.6549019813537598,calibrated_uv_reprojection_plus_stereo_left
88.22440338134766,-194.6416473388672,-633.8876342773438,253.4625362227843,135.2795379736524,-22.536994128649496,395.00000304392677,114.99999273893803,0.6117647290229797,0.658823549747467,0.6705882549285889,calibrated_uv_reprojection_plus_stereo_left
89.63450622558594,-194.76052856445312,-634.2394409179688,252.88490436715745,133.90431956293895,-22.732605299559054,395.99999919618256,115.00000718609937,0.6274510025978088,0.6745098233222961,0.686274528503418,calibrated_uv_reprojection_plus_stereo_left
91.02093505859375,-194.82508850097656,-634.4141845703125,252.20804836491692,132.62262929194003,-22.811259916418066,397.0000042849419,114.99999212214982,0.6196078658103943,0.6666666865348816,0.6784313917160034,calibrated_uv_reprojection_plus_stereo_left
92.39775085449219,-194.8673553466797,-634.5164184570312,251.4904766343651,131.3791887026568,-22.842041860467702,398.0000007914031,115.00000072895773,0.47843137383461,0.529411792755127,0.5372549295425415,calibrated_uv_reprojection_plus_stereo_left
93.77969360351562,-194.9189453125,-634.64892578125,250.78927604133486,130.11880425726002,-22.892777610554617,399.0000025220055,114.99999453167499,0.43529412150382996,0.48627451062202454,0.49803921580314636,calibrated_uv_reprojection_plus_stereo_left
95.20305633544922,-195.05380249023438,-635.0526123046875,250.23712936870947,128.71066056626404,-23.122482191642007,399.99999694293615,115.00001083141998,0.5176470875740051,0.5686274766921997,0.5882353186607361,calibrated_uv_reprojection_plus_stereo_left
96.60285186767578,-195.1371612548828,-635.2884521484375,249.59156624158248,127.39215699251389,-23.24134600577088,401.0000017120114,114.99999596317312,0.5921568870544434,0.6470588445663452,0.6666666865348816,calibrated_uv_reprojection_plus_stereo_left
97.99755096435547,-195.20794677734375,-635.4833984375,248.92285345997482,126.09494286865498,-23.33320377184009,401.9999983149839,114.99999673885264,0.6000000238418579,0.6627451181411743,0.686274528503418,calibrated_uv_reprojection_plus_stereo_left
99.3980712890625,-195.28811645507812,-635.7088623046875,248.27025846587918,124.78008651427581,-23.4451686129392,402.99999789461884,114.99999688887226,0.5960784554481506,0.658823549747467,0.6823529601097107,calibrated_uv_reprojection_plus_stereo_left
100.79237365722656,-195.3539581298828,-635.8876953125,247.5915062016299,123.4898560286789,-23.526343035683226,403.9999949005174,115.00000565093498,0.5607843399047852,0.6274510025978088,0.6352941393852234,calibrated_uv_reprojection_plus_stereo_left
102.1938705444336,-195.43170166015625,-636.1051635742188,246.93327544944646,122.17743385844312,-23.632965964757602,404.99999977600925,114.99999675188366,0.5803921818733215,0.6431372761726379,0.6509804129600525,calibrated_uv_reprojection_plus_stereo_left
103.5942611694336,-195.5052032470703,-636.3088989257812,246.26690858859718,120.87164310758453,-23.730515931613013,405.99999482354445,115.00001106620724,0.5686274766921997,0.6235294342041016,0.6313725709915161,calibrated_uv_reprojection_plus_stereo_left
105.00048065185547,-195.5875701904297,-636.5413208007812,245.61551997037117,119.54894015591549,-23.846935661509008,406.9999990228373,114.99999434050028,0.4901960790157318,0.5490196347236633,0.5529412031173706,calibrated_uv_reprojection_plus_stereo_left
106.46086120605469,-195.76730346679688,-637.0906372070312,245.1350510721204,118.04853747765759,-24.172331347887734,408.0000022581145,114.99999210776488,0.5058823823928833,0.572549045085907,0.5686274766921997,calibrated_uv_reprojection_plus_stereo_left
107.8796157836914,-195.86680603027344,-637.3788452148438,244.5120244190021,116.69194591196913,-24.325473101029445,409.0000032792135,114.99999905435118,0.5568627715110779,0.6235294342041016,0.6196078658103943,calibrated_uv_reprojection_plus_stereo_left
109.2854995727539,-195.94065856933594,-637.5835571289062,243.84316273240114,115.38095660044314,-24.42351921288224,409.9999987983755,115.00000725315579,0.572549045085907,0.6313725709915161,0.6392157077789307,calibrated_uv_reprojection_plus_stereo_left
110.71199798583984,-196.04910278320312,-637.9006958007812,243.23417111528357,114.00568704493065,-24.59564826749829,411.0000034477121,114.99999328209447,0.5529412031173706,0.6117647290229797,0.6196078658103943,calibrated_uv_reprojection_plus_stereo_left
112.23530578613281,-196.3241424560547,-638.7598876953125,242.91518368575538,112.3228177385759,-25.125113833199748,412.0000027656414,114.99999267526775,0.5411764979362488,0.5960784554481506,0.6039215922355652,calibrated_uv_reprojection_plus_stereo_left
113.72205352783203,-196.52928161621094,-639.3916015625,242.4721669106608,110.76549511116139,-25.504520009580574,412.999996694566,115.00000079411689,0.5529412031173706,0.6039215922355652,0.6117647290229797,calibrated_uv_reprojection_plus_stereo_left
115.26311492919922,-196.82217407226562,-640.3087158203125,242.17995093585296,109.04329529805773,-26.071974203867853,413.99999775796255,115.0000077046613,0.501960813999176,0.5490196347236633,0.5529412031173706,calibrated_uv_reprojection_plus_stereo_left
116.83503723144531,-197.16017150878906,-641.3723754882812,241.96349388743278,107.23383277445191,-26.735894428804897,415.0000045386651,114.99999773325203,0.364705890417099,0.4117647111415863,0.41960784792900085,calibrated_uv_reprojection_plus_stereo_left
118.46209716796875,-197.58218383789062,-642.7092895507812,241.88961637667194,105.26378590385696,-27.579790094383725,415.999998880018,115.00000768110911,0.3843137323856354,0.4313725531101227,0.4431372582912445,calibrated_uv_reprojection_plus_stereo_left
120.0405502319336,-197.91427612304688,-643.7534790039062,241.6570527165016,103.45663991704208,-28.230605830687693,417.0000005460163,114.99999807759812,0.3921568691730499,0.43921568989753723,0.4431372582912445,calibrated_uv_reprojection_plus_stereo_left
121.60584259033203,-198.21726989746094,-644.7029418945312,241.37166247140777,101.69997636966377,-28.818881690773367,418.0000014875124,114.99999716883823,0.4117647111415863,0.45490196347236633,0.4470588266849518,calibrated_uv_reprojection_plus_stereo_left
123.26268768310547,-198.66091918945312,-646.1098022460938,241.32537795681685,99.67514720249812,-29.708421067156735,418.9999959548669,115.00000774963755,0.4156862795352936,0.4588235318660736,0.45098039507865906,calibrated_uv_reprojection_plus_stereo_left
124.66266632080078,-198.68524169921875,-646.1527099609375,240.55689061390444,98.43590819092651,-29.699173715520033,419.99999714588273,115.00000074517635,0.3764705955982208,0.41960784792900085,0.4117647111415863,calibrated_uv_reprojection_plus_stereo_left
126.3335952758789,-199.13601684570312,-647.5824584960938,240.51717776037634,96.38936365095276,-30.603526280623498,420.9999993611222,115.00000354374222,0.2980392277240753,0.3333333432674408,0.32549020648002625,calibrated_uv_reprojection_plus_stereo_left
128.07203674316406,-199.6821746826172,-649.3222045898438,240.6364193171426,94.15630033672721,-31.711905006466225,421.9999981699841,115.00000624936763,0.2705882489681244,0.29411765933036804,0.2862745225429535,calibrated_uv_reprojection_plus_stereo_left
130.2631072998047,-200.9146270751953,-653.2932739257812,241.91873970531833,90.6097667054351,-34.28973205248133,423.000000135519,115.000002489716,0.2980392277240753,0.30588236451148987,0.2666666805744171,calibrated_uv_reprojection_plus_stereo_left
56.48088836669922,-195.97128295898438,-643.5443725585938,276.64703204922483,159.56846322763357,-30.50932298085604,370.99999806274974,116.0000031058049,0.5490196347236633,0.501960813999176,0.40784314274787903,calibrated_uv_reprojection_plus_stereo_left
57.593421936035156,-195.0894012451172,-640.61279296875,274.1530105172087,159.80194856266178,-28.529541649493126,372.00000047287665,116.00000430235849,0.5098039507865906,0.4941176474094391,0.43921568989753723,calibrated_uv_reprojection_plus_stereo_left
58.915077209472656,-194.94020080566406,-640.0872802734375,273.0679548379709,158.86462376871805,-28.14444155637841,372.99999691257955,116.00000171521799,0.5372549295425415,0.545098066329956,0.5372549295425415,calibrated_uv_reprojection_plus_stereo_left
60.24273681640625,-194.81695556640625,-639.6470947265625,272.0336559546283,157.88701699883046,-27.815940876930142,373.999999219063,116.00001142129645,0.5490196347236633,0.5647059082984924,0.5568627715110779,calibrated_uv_reprojection_plus_stereo_left
61.60812759399414,-194.81834411621094,-639.6160278320312,271.23772220287066,156.7084200000927,-27.758517804297526,375.000001398735,115.99999539780649,0.5647059082984924,0.5843137502670288,0.5803921818733215,calibrated_uv_reprojection_plus_stereo_left
62.740394592285156,-194.09828186035156,-637.216552734375,269.07036535975624,156.7061154009947,-26.132117765395606,375.9999998509726,115.99999869680471,0.572549045085907,0.5960784554481506,0.5882353186607361,calibrated_uv_reprojection_plus_stereo_left
64.04935455322266,-193.9436492919922,-636.6735229492188,267.98139661999386,155.78706714365558,-25.73571337624753,376.99999529057783,116.00000312527357,0.5960784554481506,0.6196078658103943,0.6117647290229797,calibrated_uv_reprojection_plus_stereo_left
65.36890411376953,-193.82666015625,-636.2540893554688,266.9648969972816,154.8080060325645,-25.42122553777989,377.99999689713684,116.00000157016788,0.6431372761726379,0.6666666865348816,0.6627451181411743,calibrated_uv_reprojection_plus_stereo_left
66.66690826416016,-193.6516876220703,-635.6443481445312,265.8398062217864,153.92591389709082,-24.980737369492317,379.0000004687062,115.99999473409554,0.7019608020782471,0.7254902124404907,0.7215686440467834,calibrated_uv_reprojection_plus_stereo_left
67.85090637207031,-193.1589813232422,-633.9918212890625,264.11735505375265,153.57164521719977,-23.849748924337064,380.00000287902037,115.99999385852189,0.7372549176216125,0.772549033164978,0.7803921699523926,calibrated_uv_reprojection_plus_stereo_left
69.16158294677734,-193.0389862060547,-633.562744140625,263.09977180010804,152.60428977663952,-23.52908880866562,381.00000014708434,115.99999659741485,0.729411780834198,0.7686274647712708,0.7764706015586853,calibrated_uv_reprojection_plus_stereo_left
70.48455810546875,-192.95709228515625,-633.2587890625,262.1546408217088,151.57481153807635,-23.29132407858873,381.99999984533713,116.00000766048805,0.7529411911964417,0.7921568751335144,0.8039215803146362,calibrated_uv_reprojection_plus_stereo_left
71.79511260986328,-192.84478759765625,-632.85498046875,261.1531828711534,150.597177161498,-22.987466460112614,383.00000176643084,115.99999988931805,0.7215686440467834,0.7607843279838562,0.772549033164978,calibrated_uv_reprojection_plus_stereo_left
73.16067504882812,-192.8815155029297,-632.9403076171875,260.43104290817655,149.37062954397862,-23.007467252400488,383.9999987016166,116.00000246513193,0.729411780834198,0.7686274647712708,0.7647058963775635,calibrated_uv_reprojection_plus_stereo_left
74.49226379394531,-192.82882690429688,-632.732177734375,259.5418809173735,148.2942639065065,-22.833193618288135,384.9999981818107,115.99999638403455,0.7098039388656616,0.7529411911964417,0.7450980544090271,calibrated_uv_reprojection_plus_stereo_left
75.81768798828125,-192.76217651367188,-632.4783325195312,258.62717700360076,147.24206530791065,-22.628692042483863,385.9999986081293,116.00000778096205,0.6235294342041016,0.6666666865348816,0.658823549747467,calibrated_uv_reprojection_plus_stereo_left
77.1463851928711,-192.70591735839844,-632.258544921875,257.7322519810888,146.17301367128107,-22.44674547479383,386.99999840818566,116.00000598176865,0.6039215922355652,0.6470588445663452,0.6352941393852234,calibrated_uv_reprojection_plus_stereo_left
78.498779296875,-192.70962524414062,-632.2355346679688,256.94880395875765,145.00245784198995,-22.395043954269738,387.9999988789108,116.00000877485792,0.7058823704719543,0.7490196228027344,0.7411764860153198,calibrated_uv_reprojection_plus_stereo_left
79.8287582397461,-192.65899658203125,-632.0341796875,256.0648696860182,143.92470797848233,-22.225312394357047,389.00000153341756,115.99999208797087,0.7529411911964417,0.7960784435272217,0.7882353067398071,calibrated_uv_reprojection_plus_stereo_left
81.14952850341797,-192.58804321289062,-631.7662963867188,255.14389660633418,142.88233695678144,-22.01159966227965,389.9999998491394,116.00000426316126,0.43921568989753723,0.47843137383461,0.48627451062202454,calibrated_uv_reprojection_plus_stereo_left
82.47933959960938,-192.5404052734375,-631.5748291015625,254.26632755673774,141.8006769478921,-21.8484552792101,391.00000116677035,115.99999652071983,0.5411764979362488,0.5803921818733215,0.5921568870544434,calibrated_uv_reprojection_plus_stereo_left
83.98436737060547,-192.8966064453125,-632.7080078125,254.13029044109862,140.02201132262866,-22.561641125038932,392.0000032404134,115.99999393903519,0.5607843399047852,0.6000000238418579,0.6117647290229797,calibrated_uv_reprojection_plus_stereo_left
85.34278106689453,-192.9099884033203,-632.7166748046875,253.3635368337171,138.8331902297096,-22.530845526067367,393.00000216581327,115.99999515806545,0.5882353186607361,0.6274510025978088,0.6392157077789307,calibrated_uv_reprojection_plus_stereo_left
86.71253204345703,-192.94805908203125,-632.8063354492188,252.64176231829168,137.60121078457945,-22.55361945476045,393.99999746643823,116.00000291228591,0.5960784554481506,0.6352941393852234,0.6470588445663452,calibrated_uv_reprojection_plus_stereo_left
88.0839614868164,-192.98851013183594,-632.9037475585938,251.92396457766085,136.3645777903168,-22.581497659748663,394.99999880865005,116.00000177630017,0.5843137502670288,0.6274510025978088,0.6392157077789307,calibrated_uv_reprojection_plus_stereo_left
89.46229553222656,-193.04251098632812,-633.0455932617188,251.2304532700242,135.10367026611726,-22.638745985010814,396.0000004470925,116.0000042187263,0.5803921818733215,0.6274510025978088,0.6392157077789307,calibrated_uv_reprojection_plus_stereo_left
90.8497085571289,-193.11410522460938,-633.2450561523438,250.5683791511022,133.81116694277932,-22.734063794978283,396.99999991562845,115.99999479285307,0.5803921818733215,0.6313725709915161,0.6431372761726379,calibrated_uv_reprojection_plus_stereo_left
92.2330093383789,-193.1748504638672,-633.4089965820312,249.88606861556843,132.53685313562283,-22.805878011015636,397.99999723712034,116.00000302733139,0.4901960790157318,0.5568627715110779,0.5607843399047852,calibrated_uv_reprojection_plus_stereo_left
93.61971282958984,-193.24075317382812,-633.5897216796875,249.2125046057124,131.25266292289547,-22.888748484613586,399.0000030271514,115.99998837501823,0.42352941632270813,0.4901960790157318,0.4941176474094391,calibrated_uv_reprojection_plus_stereo_left
95.05964660644531,-193.4129638671875,-634.1190795898438,248.73003368760334,129.77883427156507,-23.202086031151225,399.9999971820731,116.00000057999364,0.3764705955982208,0.43529412150382996,0.4470588266849518,calibrated_uv_reprojection_plus_stereo_left
96.45388793945312,-193.48855590820312,-634.33154296875,248.07232849169424,128.47503531363657,-23.30587001908259,401.00000024396866,115.99999567587619,0.4156862795352936,0.47843137383461,0.4901960790157318,calibrated_uv_reprojection_plus_stereo_left
97.8512191772461,-193.56805419921875,-634.5568237304688,247.42099657079575,127.16328043241339,-23.41810227058255,401.99999834069814,115.99999995016935,0.5215686559677124,0.5882353186607361,0.6000000238418579,calibrated_uv_reprojection_plus_stereo_left
99.24907684326172,-193.6462860107422,-634.7778930664062,246.76669765609068,125.85279248884171,-23.527514703599252,403.00000328299535,115.99999766600266,0.572549045085907,0.6392157077789307,0.6509804129600525,calibrated_uv_reprojection_plus_stereo_left
100.64988708496094,-193.72799682617188,-635.0103759765625,246.1179589304769,124.53504494487004,-23.644445220889963,403.9999978380054,116.00000429087041,0.572549045085907,0.6392157077789307,0.6509804129600525,calibrated_uv_reprojection_plus_stereo_left
102.04640197753906,-193.79925537109375,-635.2085571289062,245.4498830739978,123.2351339888441,-23.738674956972204,404.99999840281794,116.00000838725151,0.5764706134796143,0.6431372761726379,0.6549019813537598,calibrated_uv_reprojection_plus_stereo_left
103.44701385498047,-193.876220703125,-635.4253540039062,244.7913125880682,121.9239938616999,-23.845166547180384,406.0000036933122,115.99999888287721,0.5764706134796143,0.6431372761726379,0.6470588445663452,calibrated_uv_reprojection_plus_stereo_left
104.84194946289062,-193.9405975341797,-635.6008911132812,244.1097634100811,120.63475802851241,-23.924372445065785,407.0000012160081,115.99999517923956,0.572549045085907,0.6392157077789307,0.6431372761726379,calibrated_uv_reprojection_plus_stereo_left
106.30242919921875,-194.12290954589844,-636.1629028320312,243.63636024954275,119.12958179627202,-24.258866465242875,407.9999998376048,115.99999430665466,0.5843137502670288,0.6509804129600525,0.6549019813537598,calibrated_uv_reprojection_plus_stereo_left
107.72545623779297,-194.23297119140625,-636.4880981445312,243.03386844495623,117.75436300919182,-24.436860016247692,409.0000007350824,115.99999595721854,0.5803921818733215,0.6470588445663452,0.6509804129600525,calibrated_uv_reprojection_plus_stereo_left
109.14994049072266,-194.3427734375,-636.8124389648438,242.42999730554823,116.37822842374368,-24.614251824630003,409.99999902256116,116.00000592123095,0.5607843399047852,0.6274510025978088,0.6313725709915161,calibrated_uv_reprojection_plus_stereo_left
110.57715606689453,-194.45458984375,-637.1432495117188,241.8287014197112,114.99704199722964,-24.7958594241058,411.0000005650594,115.99999612920604,0.5647059082984924,0.6235294342041016,0.6313725709915161,calibrated_uv_reprojection_plus_stereo_left
112.01988983154297,-194.59051513671875,-637.5531005859375,241.2687532255182,113.56985957513297,-25.029634995941308,412.00000096964527,116.00000714883134,0.5568627715110779,0.6039215922355652,0.615686297416687,calibrated_uv_reprojection_plus_stereo_left
113.52118682861328,-194.8236083984375,-638.2811889648438,240.87760394594562,111.96084939577742,-25.47349052752901,412.9999945026573,116.00000617028857,0.6000000238418579,0.6470588445663452,0.658823549747467,calibrated_uv_reprojection_plus_stereo_left
115.03562927246094,-195.07333374023438,-639.0636596679688,240.51351811870683,110.31802847266613,-25.953160013611864,413.99999781334265,116.00000125081982,0.572549045085907,0.6196078658103943,0.6313725709915161,calibrated_uv_reprojection_plus_stereo_left
116.61774444580078,-195.4304962158203,-640.197998046875,240.33439252669035,108.47162559055914,-26.66504296743301,415.00000055031114,115.99999949446135,0.364705890417099,0.40784314274787903,0.41960784792900085,calibrated_uv_reprojection_plus_stereo_left
118.322998046875,-195.9832305908203,-641.9728393554688,240.49197886599217,106.25468149328816,-27.799621576095205,415.999998157933,115.99999982019816,0.3921568691730499,0.4313725531101227,0.4431372582912445,calibrated_uv_reprojection_plus_stereo_left
119.93510437011719,-196.3706512451172,-643.2059936523438,240.35854991288767,104.34152037424337,-28.576422267311898,416.99999977958436,115.99999940402785,0.3921568691730499,0.43529412150382996,0.4431372582912445,calibrated_uv_reprojection_plus_stereo_left
121.51261138916016,-196.69317626953125,-644.2264404296875,240.10972461458,102.5459207795804,-29.21267713810164,418.0000011003966,115.99999618659089,0.38823530077934265,0.4274509847164154,0.43529412150382996,calibrated_uv_reprojection_plus_stereo_left
123.2010269165039,-197.1858673095703,-645.8041381835938,240.15168799901284,100.42465471605027,-30.216592445572076,418.9999983485701,116.00000601340938,0.35686275362968445,0.3921568691730499,0.3921568691730499,calibrated_uv_reprojection_plus_stereo_left
124.73323059082031,-197.4202880859375,-646.5357666015625,239.7452216565137,98.78722023423478,-30.66196688720794,420.0000014677869,115.99999971713402,0.3019607961177826,0.32549020648002625,0.3176470696926117,calibrated_uv_reprojection_plus_stereo_left
126.51862335205078,-198.04580688476562,-648.548095703125,240.0080501005295,96.40280072693946,-31.952347608495074,420.99999441299406,116.00000314595593,0.2549019753932953,0.27843138575553894,0.26274511218070984,calibrated_uv_reprojection_plus_stereo_left
128.5036163330078,-198.9666748046875,-651.52734375,240.77139486073003,93.44704270792613,-33.880470880465964,421.9999919624087,116.0000092660533,0.22745098173618317,0.24705882370471954,0.21960784494876862,calibrated_uv_reprojection_plus_stereo_left
55.8106575012207,-197.0946044921875,-651.8300170898438,281.2695936013077,157.3228210765369,-36.75171131991863,370.00000154440556,116.99999745504962,0.6313725709915161,0.5529412031173706,0.45490196347236633,calibrated_uv_reprojection_plus_stereo_left
56.162025451660156,-193.51434326171875,-639.9539794921875,273.5470770477136,161.8841791565389,-28.830380180158727,371.0000003531971,117.00000784797871,0.4901960790157318,0.48627451062202454,0.42352941632270813,calibrated_uv_reprojection_plus_stereo_left
57.53565216064453,-193.54258728027344,-640.0119018554688,272.80278794197494,160.66194366986065,-28.832050356578122,371.99999891965166,117.00000632100316,0.5254902243614197,0.5333333611488342,0.49803921580314636,calibrated_uv_reprojection_plus_stereo_left
58.84152603149414,-193.34671020507812,-639.3286743164062,271.6275583672877,159.80260974833413,-28.341774767906657,373.0000005519818,116.99999384490599,0.5333333611488342,0.5490196347236633,0.545098066329956,calibrated_uv_reprojection_plus_stereo_left
60.15449523925781,-193.1822967529297,-638.7496337890625,270.5142722130265,158.89438985937636,-27.920731523127472,374.00000095810947,116.99999987164674,0.5529412031173706,0.572549045085907,0.5686274766921997,calibrated_uv_reprojection_plus_stereo_left
61.514244079589844,-193.17190551757812,-638.6798706054688,269.6969897889534,157.7366019834492,-27.83771163669303,375.0000001540458,117.00000109137505,0.572549045085907,0.5960784554481506,0.5882353186607361,calibrated_uv_reprojection_plus_stereo_left
62.61151885986328,-192.3554229736328,-635.945068359375,267.340806977571,157.90020452349472,-25.986274818425898,376.0000002714205,116.99999610777263,0.5686274766921997,0.6039215922355652,0.5921568870544434,calibrated_uv_reprojection_plus_stereo_left
63.93484115600586,-192.25314331054688,-635.5716552734375,266.35189767734715,156.89865987888118,-25.701936078355004,377.00000206423994,116.99999121980383,0.6470588445663452,0.6823529601097107,0.6705882549285889,calibrated_uv_reprojection_plus_stereo_left
65.2206039428711,-192.0443572998047,-634.8462524414062,265.1613670648035,156.07417149017886,-25.184117403433277,377.9999991002996,116.99999860400743,0.7058823704719543,0.7411764860153198,0.7450980544090271,calibrated_uv_reprojection_plus_stereo_left
66.5162124633789,-191.872314453125,-634.2423706054688,264.04221692565886,155.19128061716697,-24.746990621355963,378.99999610036326,117.00000370944187,0.6980392336845398,0.7333333492279053,0.7411764860153198,calibrated_uv_reprojection_plus_stereo_left
67.7271957397461,-191.4677276611328,-632.869873046875,262.4843182366533,154.6972723281542,-23.800075756439128,379.99999898128254,117.00000085856036,0.6941176652908325,0.7333333492279053,0.7450980544090271,calibrated_uv_reprojection_plus_stereo_left
69.04242706298828,-191.36776733398438,-632.50439453125,261.50502699444405,153.69953932321806,-23.521246234756404,380.9999988203335,117.00000418500181,0.6980392336845398,0.7372549176216125,0.7490196228027344,calibrated_uv_reprojection_plus_stereo_left
70.36360168457031,-191.28765869140625,-632.2045288085938,260.5639254441063,152.66972244867338,-23.28596367055752,381.99999862718755,117.00000030640695,0.7058823704719543,0.7450980544090271,0.7568627595901489,calibrated_uv_reprojection_plus_stereo_left
71.68684387207031,-191.21591186523438,-631.932373046875,259.63919027769117,151.62674943708004,-23.069093541470124,383.00000044036926,117.00000717354632,0.6941176652908325,0.7333333492279053,0.7450980544090271,calibrated_uv_reprojection_plus_stereo_left
73.06324005126953,-191.28585815429688,-632.12841796875,258.9808252621952,150.34547820878674,-23.16270284037023,384.0000007871916,116.99999896644775,0.7372549176216125,0.7686274647712708,0.7686274647712708,calibrated_uv_reprojection_plus_stereo_left
74.38387298583984,-191.20977783203125,-631.8419189453125,258.04849854336544,149.3106550911457,-22.936339904348472,385.00000001587335,116.99999520881545,0.6627451181411743,0.686274528503418,0.686274528503418,calibrated_uv_reprojection_plus_stereo_left
75.70931243896484,-191.1483917236328,-631.6040649414062,257.1442382262297,148.25170706713095,-22.742265528418102,385.99999732623934,117.00000604484174,0.6196078658103943,0.658823549747467,0.6509804129600525,calibrated_uv_reprojection_plus_stereo_left
77.0372543334961,-191.09523010253906,-631.393310546875,256.25574229763583,147.17945574491063,-22.566162981317973,387.0000016200176,116.99999541674839,0.6274510025978088,0.6705882549285889,0.6627451181411743,calibrated_uv_reprojection_plus_stereo_left
78.40345001220703,-191.1370086669922,-631.496337890625,255.5442380492379,145.94522191755027,-22.59809001158135,388.00000135866435,117.00000529112788,0.7960784435272217,0.8392156958580017,0.8313725590705872,calibrated_uv_reprojection_plus_stereo_left
79.71904754638672,-191.05599975585938,-631.193603515625,254.60449680938098,144.92144322955642,-22.3610416380169,389.00000209766864,116.99999478674727,0.5372549295425415,0.5803921818733215,0.572549045085907,calibrated_uv_reprojection_plus_stereo_left
81.0448989868164,-191.001708984375,-630.979248046875,253.7148890305093,143.85250275485316,-22.182609735155324,389.99999879898485,117.00000370026436,0.5098039507865906,0.5490196347236633,0.5607843399047852,calibrated_uv_reprojection_plus_stereo_left
82.39993286132812,-191.0167236328125,-630.9937744140625,252.95368884115362,142.6642736490079,-22.155864311819983,391.0000004261798,116.99999551667864,0.6039215922355652,0.6431372761726379,0.6549019813537598,calibrated_uv_reprojection_plus_stereo_left
83.87928009033203,-191.3146514892578,-631.94287109375,252.71378674320897,140.98451438927697,-22.748405687465663,392.0000001463345,117.00000299179459,0.5686274766921997,0.6078431606292725,0.6274510025978088,calibrated_uv_reprojection_plus_stereo_left
85.24447631835938,-191.34678649902344,-632.013916015625,251.98260167612654,139.76425648129754,-22.759045804084337,393.00000025239,117.00000293550599,0.5960784554481506,0.6352941393852234,0.6549019813537598,calibrated_uv_reprojection_plus_stereo_left
86.61666870117188,-191.39324951171875,-632.1322631835938,251.27740348617078,138.51850462814116,-22.801009899487838,394.0000029070595,117.00000134049964,0.5921568870544434,0.6392157077789307,0.6509804129600525,calibrated_uv_reprojection_plus_stereo_left
87.99446868896484,-191.45037841796875,-632.2858276367188,250.59132275129855,137.25342604351403,-22.866286877870948,394.9999997736832,117.00000205539448,0.5686274766921997,0.615686297416687,0.6274510025978088,calibrated_uv_reprojection_plus_stereo_left
89.35802459716797,-191.47512817382812,-632.3323974609375,249.84557545783935,136.04462667953106,-22.860659574368526,396.00000414799393,116.9999933014509,0.5372549295425415,0.6000000238418579,0.6117647290229797,calibrated_uv_reprojection_plus_stereo_left
90.74314880371094,-191.5445556640625,-632.5265502929688,249.18103754705083,134.75652253751736,-22.952782187895025,397.0000006801487,116.99999723313434,0.5490196347236633,0.6117647290229797,0.6235294342041016,calibrated_uv_reprojection_plus_stereo_left
92.12255096435547,-191.59991455078125,-632.6741943359375,248.49029832850522,133.49247130658398,-23.014070035601605,398.0000043738791,116.99999527603322,0.5843137502670288,0.6470588445663452,0.658823549747467,calibrated_uv_reprojection_plus_stereo_left
93.49697875976562,-191.64337158203125,-632.7825317382812,247.7774860076264,132.24887346520705,-23.04930730752301,399.0000026344409,116.99999631724091,0.5843137502670288,0.6470588445663452,0.658823549747467,calibrated_uv_reprojection_plus_stereo_left
94.91470336914062,-191.77294921875,-633.1752319335938,247.22017523424518,130.85094487953972,-23.272831003305384,399.9999993628718,117.0000055176333,0.501960813999176,0.5490196347236633,0.5607843399047852,calibrated_uv_reprojection_plus_stereo_left
96.3107681274414,-191.8556365966797,-633.4130249023438,246.57706615723606,129.53540397059214,-23.393728872868394,400.99999611456366,117.00000359581404,0.42352941632270813,0.4745098054409027,0.48627451062202454,calibrated_uv_reprojection_plus_stereo_left
97.7070541381836,-191.93634033203125,-633.6442260742188,245.92965826486164,128.22237056909853,-23.510227566673848,401.99999945222385,116.99999918658358,0.364705890417099,0.42352941632270813,0.43921568989753723,calibrated_uv_reprojection_plus_stereo_left
99.10977935791016,-192.02720642089844,-633.908935546875,245.2998165500842,126.88998307580812,-23.648875409608706,403.0000024879247,116.9999929898822,0.43921568989753723,0.501960813999176,0.5176470875740051,calibrated_uv_reprojection_plus_stereo_left
100.50450897216797,-192.10023498535156,-634.11474609375,244.63720824112534,125.5887161901831,-23.748501874592478,404.00000161349294,116.99999052238118,0.529411792755127,0.5960784554481506,0.6039215922355652,calibrated_uv_reprojection_plus_stereo_left
101.90857696533203,-192.18881225585938,-634.3718872070312,244.00179727342248,124.2582659416475,-23.882079742010035,405.0000009615322,116.99999611893588,0.5843137502670288,0.6509804129600525,0.658823549747467,calibrated_uv_reprojection_plus_stereo_left
103.30120849609375,-192.25367736816406,-634.5507202148438,243.32328744921642,122.96989083421477,-23.963794027547976,405.9999992959341,116.9999994663535,0.5921568870544434,0.658823549747467,0.6627451181411743,calibrated_uv_reprojection_plus_stereo_left
104.6965103149414,-192.3216552734375,-634.7398071289062,242.64975335822953,121.67498359360394,-24.05226866261222,406.9999993406523,117.00000409528542,0.5372549295425415,0.6039215922355652,0.6117647290229797,calibrated_uv_reprojection_plus_stereo_left
106.20796966552734,-192.59844970703125,-635.6179809570312,242.34667758742506,119.99627223566847,-24.596691410206347,407.9999951696854,117.00000244609629,0.49803921580314636,0.5647059082984924,0.5686274766921997,calibrated_uv_reprojection_plus_stereo_left
107.638671875,-192.72352600097656,-635.995361328125,241.77229808813456,118.59329236304114,-24.80965043287671,409.00000164536397,116.99999766803319,0.572549045085907,0.6392157077789307,0.6431372761726379,calibrated_uv_reprojection_plus_stereo_left
109.05633544921875,-192.82232666015625,-636.2860717773438,241.15041328323485,117.23722461229573,-24.965232700814056,409.9999968970746,117.0000113659386,0.5921568870544434,0.658823549747467,0.6666666865348816,calibrated_uv_reprojection_plus_stereo_left
110.48761749267578,-192.9423828125,-636.6467895507812,240.5651511703041,115.84056774038231,-25.167074163499137,410.999999281551,117.00000480925848,0.5490196347236633,0.6117647290229797,0.6196078658103943,calibrated_uv_reprojection_plus_stereo_left
111.94361114501953,-193.10205078125,-637.1381225585938,240.0485842833046,114.36880672944028,-25.455262317431675,412.0000032013648,116.99998981692974,0.5372549295425415,0.5960784554481506,0.6039215922355652,calibrated_uv_reprojection_plus_stereo_left
113.44828033447266,-193.34071350097656,-637.89013671875,239.66944291422385,112.7477385967739,-25.915827422685254,413.00000018280525,117.00000001060593,0.6039215922355652,0.6549019813537598,0.6666666865348816,calibrated_uv_reprojection_plus_stereo_left
114.99320983886719,-193.6414031982422,-638.8466796875,239.39697143551484,111.00770593817913,-26.511566362521705,413.9999965587257,117.00000647157341,0.5215686559677124,0.5686274766921997,0.5803921818733215,calibrated_uv_reprojection_plus_stereo_left
116.62306213378906,-194.0762481689453,-640.24560546875,239.3564555726955,109.01223832089647,-27.399729654492262,415.0000032377445,116.99999630662901,0.3607843220233917,0.40784314274787903,0.4156862795352936,calibrated_uv_reprojection_plus_stereo_left
118.3075942993164,-194.59083557128906,-641.907470703125,239.45139609828215,106.86129116261839,-28.46160311403537,415.9999997321182,116.99999712644205,0.3764705955982208,0.42352941632270813,0.42352941632270813,calibrated_uv_reprojection_plus_stereo_left
119.87024688720703,-194.89532470703125,-642.8761596679688,239.1765389440946,105.10081811550845,-29.064959496015945,416.9999987279142,117.00000640621107,0.3529411852359772,0.4000000059604645,0.3921568691730499,calibrated_uv_reprojection_plus_stereo_left
121.5941162109375,-195.45196533203125,-644.6763305664062,239.3367355143232,102.85885101822197,-30.217906619278438,418.00000210097073,116.9999940898787,0.3137255012989044,0.35686275362968445,0.3450980484485626,calibrated_uv_reprojection_plus_stereo_left
123.38789367675781,-196.1071014404297,-646.80126953125,239.66288028619175,100.42278272835762,-31.58535555239291,418.99999709985605,117.00000716459098,0.2862745225429535,0.3176470696926117,0.30980393290519714,calibrated_uv_reprojection_plus_stereo_left
124.89629364013672,-196.299072265625,-647.3983764648438,239.1835041946871,98.86194916088533,-31.942612778784337,419.9999966429851,117.0000067975036,0.25882354378700256,0.2823529541492462,0.27450981736183167,calibrated_uv_reprojection_plus_stereo_left
126.74996185302734,-197.02342224121094,-649.7510986328125,239.61990072582148,96.28024981436647,-33.46019137851778,421.0000012031637,117.00000377083455,0.24313725531101227,0.25882354378700256,0.239215686917305,calibrated_uv_reprojection_plus_stereo_left
128.93983459472656,-198.24887084960938,-653.7559814453125,240.91169305832432,92.72799711890093,-36.06941138030811,422.00000479095536,116.99999614988448,0.22745098173618317,0.23137255012989044,0.20392157137393951,calibrated_uv_reprojection_plus_stereo_left
55.13594436645508,-198.29348754882812,-660.4852905273438,286.10246245227836,154.94440322802313,-43.25892261952572,368.99999960958013,118.00000533946451,0.6941176652908325,0.6039215922355652,0.48235294222831726,calibrated_uv_reprojection_plus_stereo_left
54.83884048461914,-192.3112335205078,-640.5238647460938,273.65821897285946,163.36819247058207,-29.946671419147663,370.0000007641141,117.99999439124213,0.5215686559677124,0.47058823704719543,0.3921568691730499,calibrated_uv_reprojection_plus_stereo_left
56.14045715332031,-192.0897979736328,-639.7509765625,272.42973564406725,162.54869487046966,-29.39599402873688,371.00000029417936,117.99999484169541,0.5098039507865906,0.5137255191802979,0.48627451062202454,calibrated_uv_reprojection_plus_stereo_left
57.457218170166016,-191.92926025390625,-639.1810302734375,271.32086373728106,161.632984092507,-28.980341248815932,371.9999989631847,118.00000721779537,0.5372549295425415,0.545098066329956,0.529411792755127,calibrated_uv_reprojection_plus_stereo_left
58.74895477294922,-191.6943359375,-638.3633422851562,270.06969679833867,160.8404268285422,-28.40002963713937,373.0000014847899,118.00000116555847,0.5411764979362488,0.5568627715110779,0.5529412031173706,calibrated_uv_reprojection_plus_stereo_left
60.052005767822266,-191.5059814453125,-637.7008056640625,268.9101349093809,159.9745374120028,-27.92294533746974,373.9999996993996,117.99999334916629,0.5647059082984924,0.5882353186607361,0.5803921818733215,calibrated_uv_reprojection_plus_stereo_left
61.34989929199219,-191.3096923828125,-637.011962890625,267.73687315482056,159.12391314074904,-27.428452520704695,375.0000003107408,117.99999571435521,0.5764706134796143,0.6000000238418579,0.5921568870544434,calibrated_uv_reprojection_plus_stereo_left
62.46550750732422,-190.56564331054688,-634.4993896484375,265.5148855047441,159.17826568167726,-25.72187981454806,375.9999998653403,117.99999752391369,0.6000000238418579,0.6352941393852234,0.6235294342041016,calibrated_uv_reprojection_plus_stereo_left
63.77677536010742,-190.43724060058594,-634.0368041992188,264.47698700323974,158.2234288639766,-25.378008443853616,377.00000010309435,117.99999895534248,0.7215686440467834,0.7647058963775635,0.7490196228027344,calibrated_uv_reprojection_plus_stereo_left
65.081298828125,-190.29429626464844,-633.5258178710938,263.41234764648397,157.29426883558318,-25.002014890507553,378.0000014041254,117.99999263951119,0.7529411911964417,0.7921568751335144,0.7960784435272217,calibrated_uv_reprojection_plus_stereo_left
66.38943481445312,-190.16734313964844,-633.0681762695312,262.3793486046211,156.34014531393854,-24.66153026689227,379.0000024508779,117.9999993758276,0.7411764860153198,0.7803921699523926,0.7921568751335144,calibrated_uv_reprojection_plus_stereo_left
67.58830261230469,-189.73858642578125,-631.6058959960938,260.77367864981136,155.89226615653075,-23.65357957446679,379.99999741980645,117.99999857122475,0.7372549176216125,0.7764706015586853,0.7882353067398071,calibrated_uv_reprojection_plus_stereo_left
68.92140197753906,-189.6958770751953,-631.4287719726562,259.90374819318026,154.80162044523377,-23.499606768653393,381.000000474065,117.99999516928708,0.7411764860153198,0.7803921699523926,0.7921568751335144,calibrated_uv_reprojection_plus_stereo_left
70.25117492675781,-189.64569091796875,-631.226806640625,259.02000578350317,153.72404124257093,-23.32915136954199,381.9999970572409,117.99999854583487,0.7490196228027344,0.7921568751335144,0.7882353067398071,calibrated_uv_reprojection_plus_stereo_left
71.58059692382812,-189.59629821777344,-631.0274658203125,258.1381286003911,152.64569066121368,-23.16045161306323,383.00000164943935,117.9999945375261,0.729411780834198,0.772549033164978,0.7686274647712708,calibrated_uv_reprojection_plus_stereo_left
72.95002746582031,-189.65260314941406,-631.179931640625,257.45579692554867,151.38854092563986,-23.225440926572503,384.0000033922525,117.999994796122,0.6941176652908325,0.7333333492279053,0.7254902124404907,calibrated_uv_reprojection_plus_stereo_left
74.27943420410156,-189.6045684814453,-630.9851684570312,256.57681123499214,150.308336768221,-23.05980300752975,384.99999994241523,118.00000059414995,0.6274510025978088,0.6666666865348816,0.6627451181411743,calibrated_uv_reprojection_plus_stereo_left
75.60952758789062,-189.559814453125,-630.8013305664062,255.70434029534715,149.2230639201332,-22.901435876165408,386.0000009969043,118.00000464491188,0.6000000238418579,0.6431372761726379,0.6352941393852234,calibrated_uv_reprojection_plus_stereo_left
76.94294738769531,-189.5247039794922,-630.6495361328125,254.8502389145865,148.12177497675947,-22.76435261180933,387.0000014426703,117.99999510651625,0.7490196228027344,0.7921568751335144,0.7843137383460999,calibrated_uv_reprojection_plus_stereo_left
78.30911254882812,-189.56993103027344,-630.76513671875,254.14646331424825,146.8825562805045,-22.804833881373384,387.9999971145658,118.00000175231219,0.6470588445663452,0.6901960968971252,0.6823529601097107,calibrated_uv_reprojection_plus_stereo_left
79.64112091064453,-189.53219604492188,-630.6046142578125,253.2876502856157,145.78606822048238,-22.661963709787358,389.0000033386766,117.9999913583803,0.4627451002597809,0.5058823823928833,0.49803921580314636,calibrated_uv_reprojection_plus_stereo_left
80.97621154785156,-189.5028076171875,-630.471923828125,252.44465995680986,144.6755134265598,-22.537590871059137,390.0000023479562,117.99999224171225,0.5764706134796143,0.615686297416687,0.6313725709915161,calibrated_uv_reprojection_plus_stereo_left
82.322998046875,-189.50115966796875,-630.4315795898438,251.65335977807757,143.51698927607794,-22.474534279847717,391.00000172386706,118.00000428159382,0.6078431606292725,0.6470588445663452,0.6666666865348816,calibrated_uv_reprojection_plus_stereo_left
83.7894287109375,-189.7704315185547,-631.2924194335938,251.3634806177369,141.88547117713006,-23.009615800658707,392.00000118830025,118.00000294258689,0.5921568870544434,0.6313725709915161,0.6509804129600525,calibrated_uv_reprojection_plus_stereo_left
85.15873718261719,-189.8145751953125,-631.4042358398438,250.65554556173856,140.6450471531886,-23.047474246365653,393.0000013490434,117.99999037647655,0.5960784554481506,0.6352941393852234,0.6549019813537598,calibrated_uv_reprojection_plus_stereo_left
86.53453063964844,-189.87142944335938,-631.5584106445312,249.97066689666792,139.381651923449,-23.113439390398128,393.9999980284006,117.99999957207234,0.5843137502670288,0.6313725709915161,0.6509804129600525,calibrated_uv_reprojection_plus_stereo_left
87.91435241699219,-189.9351043701172,-631.7352294921875,249.2978102265143,138.105477888358,-23.194403770249778,395.0000014993153,118.00000446167425,0.5686274766921997,0.615686297416687,0.6313725709915161,calibrated_uv_reprojection_plus_stereo_left
89.26339721679688,-189.9312744140625,-631.6875,248.5005688537929,136.9479988106287,-23.126351778663377,395.99999651415135,118.00000690144745,0.5568627715110779,0.6039215922355652,0.615686297416687,calibrated_uv_reprojection_plus_stereo_left
90.64441680908203,-189.99444580078125,-631.862548828125,247.82592544813377,135.67149649917934,-23.206093935205047,397.00000212610405,117.99999887566457,0.5647059082984924,0.6117647290229797,0.6235294342041016,calibrated_uv_reprojection_plus_stereo_left
92.02215576171875,-190.0488739013672,-632.008544921875,247.13477913874556,134.4097454492907,-23.266544662328158,398.00000147733766,118.00000146698946,0.5686274766921997,0.615686297416687,0.6274510025978088,calibrated_uv_reprojection_plus_stereo_left
93.39371490478516,-190.0890350341797,-632.1070556640625,246.4171465198906,133.17280579426358,-23.295471036870595,399.00000276262205,117.9999992621565,0.5686274766921997,0.615686297416687,0.6313725709915161,calibrated_uv_reprojection_plus_stereo_left
94.78936767578125,-190.17628479003906,-632.3621826171875,245.78476403580436,131.85079326073253,-23.42826913802287,399.9999948999142,118.00000953868184,0.5882353186607361,0.6392157077789307,0.6549019813537598,calibrated_uv_reprojection_plus_stereo_left
96.18141174316406,-190.25381469726562,-632.5848388671875,245.13394211081788,130.5451956242099,-23.53947816272847,401.0000058638473,117.99999345091962,0.572549045085907,0.6235294342041016,0.6392157077789307,calibrated_uv_reprojection_plus_stereo_left
97.57452392578125,-190.3311767578125,-632.8070068359375,244.48218238291065,129.2388781255512,-23.65034803390398,402.00000213337853,117.99999947058774,0.3921568691730499,0.4431372582912445,0.4627451002597809,calibrated_uv_reprojection_plus_stereo_left
98.97731018066406,-190.4249267578125,-633.0836181640625,243.8593256069584,127.90185076165602,-23.797286720086845,402.99999891577875,118.00000332235189,0.3529411852359772,0.40784314274787903,0.42352941632270813,calibrated_uv_reprojection_plus_stereo_left
100.36680603027344,-190.49081420898438,-633.267578125,243.18547910349326,126.61431630857697,-23.88275769333029,403.99999430913317,118.00000958236174,0.364705890417099,0.4313725531101227,0.43529412150382996,calibrated_uv_reprojection_plus_stereo_left
101.76348114013672,-190.5682830810547,-633.4899291992188,242.53182700652468,125.3048053379095,-23.99364164949128,405.00000008990264,117.99999763107462,0.47058823704719543,0.5372549295425415,0.5411764979362488,calibrated_uv_reprojection_plus_stereo_left
103.16173553466797,-190.6465301513672,-633.7149047851562,241.87892037670218,123.9928513919075,-24.10624498335443,405.9999977131888,118.00000068492693,0.5607843399047852,0.6274510025978088,0.6392157077789307,calibrated_uv_reprojection_plus_stereo_left
104.55551147460938,-190.7144775390625,-633.9055786132812,241.2068938281799,122.69883023709298,-24.196073331327455,406.99999860639747,117.9999955683951,0.545098066329956,0.6117647290229797,0.6196078658103943,calibrated_uv_reprojection_plus_stereo_left
106.102783203125,-191.0569610595703,-635.0087280273438,241.0241534264668,120.89767415081963,-24.8906810730752,408.000002389722,117.99999865689315,0.4588235318660736,0.5254902243614197,0.529411792755127,calibrated_uv_reprojection_plus_stereo_left
107.53137969970703,-191.17970275878906,-635.3814697265625,240.4473582517913,119.49881193915428,-25.10107828422815,408.9999960697147,118.00000764830455,0.47058823704719543,0.5372549295425415,0.5411764979362488,calibrated_uv_reprojection_plus_stereo_left
108.968505859375,-191.3142547607422,-635.7933349609375,239.89045168658834,118.07649586823072,-25.33734150377387,409.999999110792,117.99999924210087,0.5411764979362488,0.6078431606292725,0.615686297416687,calibrated_uv_reprojection_plus_stereo_left
110.39741516113281,-191.43113708496094,-636.146484375,239.30110427118768,116.68537121346276,-25.53465253929494,410.9999967460952,118.00000265010206,0.5764706134796143,0.6431372761726379,0.6509804129600525,calibrated_uv_reprojection_plus_stereo_left
111.89593505859375,-191.664306640625,-636.885986328125,238.9163070107739,115.07548616501185,-25.987905134081757,411.99999690681693,118.00000241069287,0.6000000238418579,0.6666666865348816,0.6705882549285889,calibrated_uv_reprojection_plus_stereo_left
113.40442657470703,-191.9086456298828,-637.6624755859375,238.5492197276629,113.4417679418384,-26.46556575353162,412.9999989671902,117.99999371839678,0.5647059082984924,0.6235294342041016,0.6313725709915161,calibrated_uv_reprojection_plus_stereo_left
114.97032165527344,-192.2430419921875,-638.7381591796875,238.33853219578452,111.63559902609643,-27.141347684189554,414.0000001775627,117.99999944364617,0.4156862795352936,0.4627451002597809,0.4745098054409027,calibrated_uv_reprojection_plus_stereo_left
116.62837982177734,-192.72178649902344,-640.2932739257812,238.37838688411688,109.55292178209316,-28.134576207311284,414.99999827121167,118.00000025717236,0.37254902720451355,0.41960784792900085,0.4274509847164154,calibrated_uv_reprojection_plus_stereo_left
118.31737518310547,-193.2398223876953,-641.978759765625,238.48302551384234,107.38993059952583,-29.213973301874546,415.9999997603686,118.00000457139635,0.3686274588108063,0.4117647111415863,0.4156862795352936,calibrated_uv_reprojection_plus_stereo_left
119.94635009765625,-193.6489715576172,-643.3023071289062,238.393096615167,105.427341857604,-30.053456651709837,416.9999987071458,118.00000359726005,0.32156863808631897,0.35686275362968445,0.35686275362968445,calibrated_uv_reprojection_plus_stereo_left
121.67022705078125,-194.2001953125,-645.09765625,238.54732491006712,103.18897950124898,-31.205226756553543,418.0000018443543,118.00000447156881,0.27843138575553894,0.3019607961177826,0.29411765933036804,calibrated_uv_reprojection_plus_stereo_left
123.57791137695312,-195.029052734375,-647.81494140625,239.17960239645504,100.41315513480055,-32.96726128523176,419.0000001490099,117.99999305615631,0.27450981736183167,0.29019609093666077,0.27843138575553894,calibrated_uv_reprojection_plus_stereo_left
125.19725799560547,-195.38937377929688,-648.975830078125,238.99234957123468,98.5255073384144,-33.69847394725548,419.9999961909291,118.00000994848557,0.2705882489681244,0.27450981736183167,0.25882354378700256,calibrated_uv_reprojection_plus_stereo_left
127.15430450439453,-196.26295471191406,-651.8411254882812,239.69008372913987,95.64607703460956,-35.557950670561866,420.99999748780317,117.99999856097472,0.25882354378700256,0.250980406999588,0.22745098173618317,calibrated_uv_reprojection_plus_stereo_left
53.945613861083984,-192.64935302734375,-646.2716674804688,276.7869380078478,162.36470161189874,-34.51346354755384,369.0000014325808,118.99999344775526,0.5568627715110779,0.5137255191802979,0.40392157435417175,calibrated_uv_reprojection_plus_stereo_left
54.74557876586914,-190.6348419189453,-639.4784545898438,272.05013386208924,164.43937462811124,-29.95152041271183,370.00000220718795,118.99999836742055,0.5098039507865906,0.4901960790157318,0.4274509847164154,calibrated_uv_reprojection_plus_stereo_left
56.15886688232422,-190.80189514160156,-640.0036010742188,271.5774438014787,162.9920383357341,-30.264657898102143,370.9999969638545,119.0000102293157,0.5333333611488342,0.5411764979362488,0.529411792755127,calibrated_uv_reprojection_plus_stereo_left
57.33958435058594,-190.1894073486328,-637.9139404296875,269.58886649519434,162.81480638176737,-28.836305964396843,371.99999932071864,119.00000317236533,0.5333333611488342,0.545098066329956,0.5411764979362488,calibrated_uv_reprojection_plus_stereo_left
58.59251022338867,-189.83909606933594,-636.703857421875,268.11363303975503,162.2155892056195,-27.993924486248034,372.9999985386192,119.00000380996278,0.5411764979362488,0.5607843399047852,0.5568627715110779,calibrated_uv_reprojection_plus_stereo_left
59.87201690673828,-189.58865356445312,-635.8287963867188,266.8344630050962,161.45644075742405,-27.37474979036739,374.0000001200851,118.99999591545034,0.5647059082984924,0.5764706134796143,0.572549045085907,calibrated_uv_reprojection_plus_stereo_left
61.1230354309082,-189.2609100341797,-634.6946411132812,265.40817105396656,160.8278993788569,-26.583169942833933,375.00000207628204,118.99999833956238,0.5607843399047852,0.5686274766921997,0.5686274766921997,calibrated_uv_reprojection_plus_stereo_left
62.333778381347656,-188.82521057128906,-633.1986083984375,263.77668056020605,160.38219535196453,-25.550797154550196,376.00000052210396,119.00000465765052,0.6039215922355652,0.6274510025978088,0.6274510025978088,calibrated_uv_reprojection_plus_stereo_left
63.62876892089844,-188.6576385498047,-632.601806640625,262.664084659082,159.49597615852173,-25.1172018570457,376.99999675542966,119.0000095246626,0.7019608020782471,0.729411780834198,0.7372549176216125,calibrated_uv_reprojection_plus_stereo_left
64.91001892089844,-188.45697021484375,-631.89404296875,261.48937229863844,158.66702666954382,-24.60980127154312,377.99999771822473,119.00000317232443,0.7215686440467834,0.7607843279838562,0.7607843279838562,calibrated_uv_reprojection_plus_stereo_left
66.22174835205078,-188.3509979248047,-631.50390625,260.497521007028,157.68185599170442,-24.313891002818707,378.9999958890107,119.00000940110311,0.7411764860153198,0.7803921699523926,0.7803921699523926,calibrated_uv_reprojection_plus_stereo_left
67.46563720703125,-188.0599822998047,-630.4933471679688,259.1532022073233,157.009082339548,-23.605102902274837,380.0000030859256,118.99999787849418,0.7607843279838562,0.800000011920929,0.800000011920929,calibrated_uv_reprojection_plus_stereo_left
68.80016326904297,-188.02792358398438,-630.35107421875,258.3046283008068,155.90285503941362,-23.474245615737118,381.0000026098681,118.99999606968515,0.7764706015586853,0.8196078538894653,0.8156862854957581,calibrated_uv_reprojection_plus_stereo_left
70.14583587646484,-188.02682495117188,-630.3126220703125,257.5151505543357,154.74453248524145,-23.412486057639228,381.9999996796534,118.99999967935696,0.7843137383460999,0.8274509906768799,0.8196078538894653,calibrated_uv_reprojection_plus_stereo_left
71.48853302001953,-188.0177764892578,-630.2474975585938,256.71055775213426,153.59968914058663,-23.33297523317748,383.00000367754245,118.99999824103512,0.7490196228027344,0.7921568751335144,0.7843137383460999,calibrated_uv_reprojection_plus_stereo_left
72.85708618164062,-188.07568359375,-630.4067993164062,256.0327221390227,152.34068998211268,-23.402775173119437,384.00000204693015,118.99999619593106,0.6470588445663452,0.6901960968971252,0.6784313917160034,calibrated_uv_reprojection_plus_stereo_left
74.18614196777344,-188.03123474121094,-630.2230834960938,255.16112148665133,151.25615831666516,-23.244375216725587,384.9999949997792,119.00000988254502,0.6117647290229797,0.6549019813537598,0.6431372761726379,calibrated_uv_reprojection_plus_stereo_left
75.51947021484375,-187.99887084960938,-630.0797729492188,254.31258402073792,150.1513942977483,-23.112850002741368,385.99999640202293,118.99999865142479,0.6705882549285889,0.7137255072593689,0.7058823704719543,calibrated_uv_reprojection_plus_stereo_left
76.85814666748047,-187.9805450439453,-629.9835815429688,253.49069154669905,149.02274073393028,-23.012684993555354,387.0000041299783,119.00000133014692,0.7607843279838562,0.8039215803146362,0.7960784435272217,calibrated_uv_reprojection_plus_stereo_left
78.22147369384766,-188.0220184326172,-630.0877685546875,252.78108833753186,147.79079549431555,-23.045786663187073,387.99999833753884,118.99999895851107,0.48627451062202454,0.5254902243614197,0.5372549295425415,calibrated_uv_reprojection_plus_stereo_left
79.5698471069336,-188.02659606933594,-630.0682983398438,252.00204622727523,146.62236549932345,-22.99663726972358,389.0000003641659,118.99999565103806,0.572549045085907,0.6117647290229797,0.6235294342041016,calibrated_uv_reprojection_plus_stereo_left
80.91385650634766,-188.020751953125,-630.0139770507812,251.20350257642366,145.47197596201505,-22.92432188876529,389.9999949660929,119.00000847940046,0.6196078658103943,0.658823549747467,0.6784313917160034,calibrated_uv_reprojection_plus_stereo_left
82.26676940917969,-188.0353240966797,-630.0279541015625,250.44296927373045,144.28592992070594,-22.89740115625017,390.9999989371216,118.9999972404016,0.6117647290229797,0.6549019813537598,0.6745098233222961,calibrated_uv_reprojection_plus_stereo_left
83.69802856445312,-188.22547912597656,-630.6302490234375,250.0086993365893,142.79142101590213,-23.261614152478558,392.0000017458406,118.99999757697725,0.5921568870544434,0.6392157077789307,0.658823549747467,calibrated_uv_reprojection_plus_stereo_left
85.07528686523438,-188.28997802734375,-630.8114624023438,249.3397300222827,141.51588112283844,-23.34582258742165,393.0000039126038,118.9999901640928,0.5921568870544434,0.6392157077789307,0.658823549747467,calibrated_uv_reprojection_plus_stereo_left
86.45126342773438,-188.3495330810547,-630.9761962890625,248.66107865852086,140.24819869519365,-23.419067168861147,394.0000007007959,119.00000661989077,0.5921568870544434,0.6392157077789307,0.658823549747467,calibrated_uv_reprojection_plus_stereo_left
87.82347869873047,-188.3990936279297,-631.1073608398438,247.96342128133648,138.99749068987046,-23.469965064493465,394.9999953347211,119.00000846900866,0.5647059082984924,0.6117647290229797,0.6313725709915161,calibrated_uv_reprojection_plus_stereo_left
89.17635345458984,-188.40615844726562,-631.0960693359375,247.186989153385,137.82178729895946,-23.42615142944385,396.00000465011095,118.99999046499181,0.5647059082984924,0.6117647290229797,0.6313725709915161,calibrated_uv_reprojection_plus_stereo_left
90.55899810791016,-188.474853515625,-631.2913208007812,246.52378993083295,136.53582723324303,-23.51960915753824,397.0000018347365,118.99999856251753,0.5686274766921997,0.6196078658103943,0.6352941393852234,calibrated_uv_reprojection_plus_stereo_left
91.9271011352539,-188.51161193847656,-631.3795166015625,245.80139484743637,135.30623985813952,-23.541891953934567,397.99999956164254,118.99999253616411,0.5529412031173706,0.6000000238418579,0.6117647290229797,calibrated_uv_reprojection_plus_stereo_left
93.2937240600586,-188.54417419433594,-631.4536743164062,245.07098627420214,134.08367707758129,-23.554836203691536,399.00000382223163,118.99999328752523,0.49803921580314636,0.5490196347236633,0.5568627715110779,calibrated_uv_reprojection_plus_stereo_left
94.66523742675781,-188.58544921875,-631.5570678710938,244.3562090870849,132.8449240205411,-23.587201144191397,399.99999578964434,119.00000966635216,0.5254902243614197,0.5921568870544434,0.5960784554481506,calibrated_uv_reprojection_plus_stereo_left
96.0589599609375,-188.6690673828125,-631.8021240234375,243.71812028955503,131.52896213829706,-23.713638872993272,401.0000025711791,119.0000003688678,0.545098066329956,0.6078431606292725,0.615686297416687,calibrated_uv_reprojection_plus_stereo_left
97.44412231445312,-188.7336883544922,-631.9835815429688,243.04480179953828,130.24643145590954,-23.797804486111602,401.9999994479293,119.0000013501253,0.41960784792900085,0.48627451062202454,0.4941176474094391,calibrated_uv_reprojection_plus_stereo_left
98.84197998046875,-188.8206787109375,-632.2398681640625,242.41144018202095,128.92227834843266,-23.931637785160035,403.0000039442729,118.99999215072395,0.3607843220233917,0.4274509847164154,0.43921568989753723,calibrated_uv_reprojection_plus_stereo_left
100.23475646972656,-188.89564514160156,-632.4559326171875,241.7556000710531,127.6189831411665,-24.038733830520357,403.99999757843005,118.9999982892401,0.34117648005485535,0.40784314274787903,0.4156862795352936,calibrated_uv_reprojection_plus_stereo_left
101.63013458251953,-188.97332763671875,-632.6810302734375,241.10398100157505,126.30972758457835,-24.151793165351535,405.00000217852215,118.99999767224364,0.3294117748737335,0.3960784375667572,0.40392157435417175,calibrated_uv_reprojection_plus_stereo_left
103.02470397949219,-189.04739379882812,-632.89404296875,240.445193121515,125.00611632122639,-24.256804639281142,405.9999948706659,119.00000846198722,0.38823530077934265,0.45490196347236633,0.4588235318660736,calibrated_uv_reprojection_plus_stereo_left
104.42185974121094,-189.12411499023438,-633.1158447265625,239.79048966727186,123.69665283598346,-24.36761061892247,406.9999975948059,119.00000384714639,0.501960813999176,0.5686274766921997,0.572549045085907,calibrated_uv_reprojection_plus_stereo_left
105.98289489746094,-189.4917755126953,-634.3115234375,239.65644492199482,121.8467356693206,-25.124954658204274,408.00000007006975,119.0000005903052,0.529411792755127,0.5960784554481506,0.6000000238418579,calibrated_uv_reprojection_plus_stereo_left
107.4121322631836,-189.61737060546875,-634.6968383789062,239.08655580510037,120.44255053525302,-25.34419648312644,408.9999976219678,119.00000335992243,0.46666666865348816,0.5333333611488342,0.5372549295425415,calibrated_uv_reprojection_plus_stereo_left
108.85186004638672,-189.7580108642578,-635.1324462890625,238.5424052571613,119.00868452086348,-25.596769996455066,409.9999993217551,119.00000259337659,0.43921568989753723,0.5058823823928833,0.5098039507865906,calibrated_uv_reprojection_plus_stereo_left
110.30033874511719,-189.91015625,-635.6065063476562,238.01751561152963,117.55148986208201,-25.874809898282763,410.9999980906923,119.00000168099137,0.5529412031173706,0.615686297416687,0.6235294342041016,calibrated_uv_reprojection_plus_stereo_left
111.86335754394531,-190.2532958984375,-636.7196655273438,237.8303362082545,115.73351782017738,-26.576940765645134,412.0000046374416,118.99999148945801,0.6352941393852234,0.6901960968971252,0.7019608020782471,calibrated_uv_reprojection_plus_stereo_left
113.3885726928711,-190.52455139160156,-637.5922241210938,237.51297999732537,114.04673718389682,-27.1192834898427,413.0000006933735,119.00000076249643,0.4901960790157318,0.5411764979362488,0.5529412031173706,calibrated_uv_reprojection_plus_stereo_left
114.95701599121094,-190.86102294921875,-638.682861328125,237.30851208281496,112.23322911029027,-27.80622099036941,414.00000514868043,118.99999835895812,0.3686274588108063,0.4156862795352936,0.4274509847164154,calibrated_uv_reprojection_plus_stereo_left
116.59428405761719,-191.30242919921875,-640.12451171875,237.2861531568405,110.21641413674445,-28.72592949899257,414.99999942469924,118.99999878252987,0.3803921639919281,0.42352941632270813,0.4313725531101227,calibrated_uv_reprojection_plus_stereo_left
118.27700805664062,-191.8071746826172,-641.7779541015625,237.37143547567916,108.07350384813947,-29.785983498999997,415.99999883690646,119.00000509802783,0.3529411852359772,0.3960784375667572,0.3960784375667572,calibrated_uv_reprojection_plus_stereo_left
119.98226165771484,-192.3363494873047,-643.5128784179688,237.4952796508619,105.87767376450336,-30.89988553041843,417.0000035692345,118.99999743039598,0.30980393290519714,0.33725491166114807,0.33725491166114807,calibrated_uv_reprojection_plus_stereo_left
121.79023742675781,-193.01620483398438,-645.7517700195312,237.8783581136929,103.38654104957334,-32.34788879275277,418.00000127238195,119.00000070493556,0.29411765933036804,0.30980393290519714,0.30588236451148987,calibrated_uv_reprojection_plus_stereo_left
123.7745132446289,-193.9569549560547,-648.8632202148438,238.71116728379423,100.38547171189157,-34.3743785709878,418.9999984289826,119.00000721905818,0.2980392277240753,0.30588236451148987,0.29019609093666077,calibrated_uv_reprojection_plus_stereo_left
125.53186798095703,-194.52508544921875,-650.727783203125,238.88709254994166,98.09127810846059,-35.57353659246098,419.99999522409973,119.00000398410853,0.2823529541492462,0.2823529541492462,0.25882354378700256,calibrated_uv_reprojection_plus_stereo_left
52.69995880126953,-191.7694854736328,-647.9866943359375,277.56259289579265,163.32111363004248,-36.40231318230565,368.0000024536364,120.00000130502315,0.6235294342041016,0.545098066329956,0.4470588266849518,calibrated_uv_reprojection_plus_stereo_left
53.33424377441406,-189.11810302734375,-638.9925537109375,271.54672554722737,166.430752179639,-30.363935970093678,369.00000054284624,119.99999519174872,0.49803921580314636,0.48627451062202454,0.4274509847164154,calibrated_uv_reprojection_plus_stereo_left
54.620262145996094,-188.85203552246094,-638.0584716796875,270.2280317237243,165.6892354668351,-29.704171544406677,370.00000195902516,119.99999166906451,0.529411792755127,0.5333333611488342,0.501960813999176,calibrated_uv_reprojection_plus_stereo_left
55.932273864746094,-188.6864013671875,-637.4638061523438,269.107963343,164.78681097861107,-29.270946066711588,371.0000026010848,119.99999076691003,0.5333333611488342,0.5529412031173706,0.545098066329956,calibrated_uv_reprojection_plus_stereo_left
57.12618637084961,-188.13949584960938,-635.5812377929688,267.24526647287615,164.51194279001567,-27.978665050282757,371.9999986503342,120.00000401202135,0.5254902243614197,0.545098066329956,0.5411764979362488,calibrated_uv_reprojection_plus_stereo_left
58.39405822753906,-187.85569763183594,-634.5875854492188,265.89943772614333,163.81051808399616,-27.279504970381993,373.00000018358224,120.00000036418578,0.6313725709915161,0.6549019813537598,0.6509804129600525,calibrated_uv_reprojection_plus_stereo_left
59.62820816040039,-187.4785614013672,-633.2787475585938,264.3746129548316,163.26687600144453,-26.370235881775898,374.000001384031,119.99999547961792,0.7529411911964417,0.7686274647712708,0.7686274647712708,calibrated_uv_reprojection_plus_stereo_left
60.8487663269043,-187.07618713378906,-631.8848266601562,262.8040161318348,162.76974579666484,-25.404372806062725,374.9999990854105,119.99999593868893,0.7647058963775635,0.7803921699523926,0.7803921699523926,calibrated_uv_reprojection_plus_stereo_left
62.11268615722656,-186.8214874267578,-630.9898681640625,261.52247604571085,162.03158193939873,-24.77140153580308,376.0000000858307,120.00000596299216,0.7372549176216125,0.7568627595901489,0.7647058963775635,calibrated_uv_reprojection_plus_stereo_left
63.41459655761719,-186.68930053710938,-630.5087280273438,260.4795303180267,161.09173627699312,-24.41445093445708,376.99999725642573,120.00000732355156,0.7254902124404907,0.7490196228027344,0.7568627595901489,calibrated_uv_reprojection_plus_stereo_left
64.72050476074219,-186.57394409179688,-630.08447265625,259.470078011435,160.125235575178,-24.09547639593137,378.0000011273558,120.00000840758273,0.7058823704719543,0.729411780834198,0.7333333492279053,calibrated_uv_reprojection_plus_stereo_left
66.03074645996094,-186.47540283203125,-629.7169799804688,258.49386484972786,159.1318291617386,-23.814377844957676,378.9999995124794,119.9999956312839,0.6823529601097107,0.7098039388656616,0.7098039388656616,calibrated_uv_reprojection_plus_stereo_left
67.3327865600586,-186.35791015625,-629.2855834960938,257.48212397722125,158.17161045242864,-23.490724858851195,380.0000012767563,119.9999950862589,0.6980392336845398,0.7254902124404907,0.7333333492279053,calibrated_uv_reprojection_plus_stereo_left
68.6676254272461,-186.3338623046875,-629.1697998046875,256.6501637205128,157.05424557921356,-23.377497956269224,380.99999953251626,120.00000497225713,0.7098039388656616,0.7372549176216125,0.7490196228027344,calibrated_uv_reprojection_plus_stereo_left
69.99845886230469,-186.29994201660156,-629.0205688476562,255.79947758396355,155.95398214153556,-23.24196747936253,382.0000033854323,119.99998806090886,0.6627451181411743,0.6941176652908325,0.6901960968971252,calibrated_uv_reprojection_plus_stereo_left
71.30733489990234,-186.20980834960938,-628.6817016601562,254.84201325036906,154.9501238052942,-22.980088121596282,382.9999970598376,120.00000204042459,0.6627451181411743,0.6941176652908325,0.6901960968971252,calibrated_uv_reprojection_plus_stereo_left
72.66357421875,-186.24424743652344,-628.7633666992188,254.122038487539,153.73367010985993,-22.998470446724582,383.9999989159035,120.00000299052218,0.6235294342041016,0.6666666865348816,0.6509804129600525,calibrated_uv_reprojection_plus_stereo_left
73.98841857910156,-186.1982879638672,-628.5736083984375,253.24925836979685,152.65514717254786,-22.835980689710254,385.00000006219403,120.00000453469733,0.6078431606292725,0.6509804129600525,0.6352941393852234,calibrated_uv_reprojection_plus_stereo_left
75.3089599609375,-186.1431884765625,-628.35302734375,252.3595421061687,151.59293305395175,-22.652973136116827,386.0000008458029,120.00000940198578,0.7843137383460999,0.8274509906768799,0.8196078538894653,calibrated_uv_reprojection_plus_stereo_left
76.63971710205078,-186.11471557617188,-628.2222290039062,251.52049218730053,150.4852274407255,-22.529782762647017,387.000004046213,119.99998926251126,0.5647059082984924,0.6078431606292725,0.6000000238418579,calibrated_uv_reprojection_plus_stereo_left
78.04935455322266,-186.27532958984375,-628.7297973632812,251.0379299471843,149.04873844759277,-22.831876533579646,388.0000002689165,119.99999955133072,0.4901960790157318,0.529411792755127,0.5254902243614197,calibrated_uv_reprojection_plus_stereo_left
79.39706420898438,-186.2850799560547,-628.7280883789062,250.27038321152924,147.8736818898024,-22.794670424232947,388.9999991002345,120.0000013564796,0.5960784554481506,0.6392157077789307,0.6352941393852234,calibrated_uv_reprojection_plus_stereo_left
80.74032592773438,-186.2841033935547,-628.690185546875,249.48260595965445,146.71724789767,-22.73335433902855,389.99999980497205,120.0000061665391,0.6235294342041016,0.6627451181411743,0.6823529601097107,calibrated_uv_reprojection_plus_stereo_left
82.0923080444336,-186.30282592773438,-628.71875,248.731663383227,145.52613508478566,-22.71630185332907,390.99999984810864,120.00000866603335,0.6235294342041016,0.6627451181411743,0.6823529601097107,calibrated_uv_reprojection_plus_stereo_left
83.522216796875,-186.4948272705078,-629.33203125,248.30404993641866,144.0289026769551,-23.088619154806395,391.9999982749588,120.00000916708598,0.6078431606292725,0.6549019813537598,0.6666666865348816,calibrated_uv_reprojection_plus_stereo_left
84.87361907958984,-186.5081024169922,-629.3421020507812,247.5418228236332,142.8458198100446,-23.059191435521598,393.00000151549887,119.99999773315415,0.6000000238418579,0.6470588445663452,0.658823549747467,calibrated_uv_reprojection_plus_stereo_left
86.22904968261719,-186.52955627441406,-629.3798217773438,246.79467641118697,141.64796936183683,-23.048175294462396,393.99999851305495,119.99999928424018,0.6000000238418579,0.6470588445663452,0.6666666865348816,calibrated_uv_reprojection_plus_stereo_left
87.58397674560547,-186.5491485595703,-629.4112548828125,246.04386277842661,140.45311899132753,-23.03296443732677,394.99999834512533,120.00000167353713,0.5882353186607361,0.6352941393852234,0.6549019813537598,calibrated_uv_reprojection_plus_stereo_left
88.98828887939453,-186.67161560058594,-629.7897338867188,245.48317576693057,139.07384231005722,-23.248769081331375,396.00000371892645,119.99999912509514,0.5568627715110779,0.6235294342041016,0.6274510025978088,calibrated_uv_reprojection_plus_stereo_left
90.3607406616211,-186.72450256347656,-629.9334716796875,244.79300403821082,137.81796768782777,-23.308277825702874,396.99999550378357,120.00000551456898,0.5647059082984924,0.6274510025978088,0.6352941393852234,calibrated_uv_reprojection_plus_stereo_left
91.73436737060547,-186.77809143066406,-630.0794677734375,244.10360314026002,136.56013758438672,-23.36925364945489,398.0000043490627,119.99999255698575,0.5176470875740051,0.5647059082984924,0.5764706134796143,calibrated_uv_reprojection_plus_stereo_left
93.1070785522461,-186.82818603515625,-630.2137451171875,243.40733525363953,135.30788973394328,-23.422422073750965,399.0000006037703,119.99999924214572,0.4000000059604645,0.4470588266849518,0.4588235318660736,calibrated_uv_reprojection_plus_stereo_left
94.51555633544922,-186.94747924804688,-630.5814208984375,242.83747548608903,133.92938488469343,-23.63089043249329,399.99999731998446,120.00000787007912,0.38823530077934265,0.43529412150382996,0.4470588266849518,calibrated_uv_reprojection_plus_stereo_left
95.90008544921875,-187.01661682128906,-630.77978515625,242.17480106446027,132.64071573064052,-23.726633995488953,400.99999911847175,119.999994957697,0.4588235318660736,0.5098039507865906,0.5215686559677124,calibrated_uv_reprojection_plus_stereo_left
97.28874206542969,-187.0916290283203,-630.998046875,241.52226567342302,131.34035580886348,-23.835605048885782,402.0000018280033,120.00000657976108,0.47843137383461,0.545098066329956,0.5490196347236633,calibrated_uv_reprojection_plus_stereo_left
98.66919708251953,-187.14895629882812,-631.1565551757812,240.83684209299963,130.07147646577374,-23.904779335385626,403.0000011319855,120.0000001524223,0.45098039507865906,0.5176470875740051,0.5254902243614197,calibrated_uv_reprojection_plus_stereo_left
100.04265594482422,-187.1915283203125,-631.2653198242188,240.12411230943957,128.8289641450233,-23.940844252918453,404.00000007363934,120.00000212715995,0.3843137323856354,0.45098039507865906,0.45490196347236633,calibrated_uv_reprojection_plus_stereo_left
101.43810272216797,-187.27345275878906,-631.5067749023438,239.48230624753427,127.51323008463396,-24.065155501573372,404.9999989564847,120.00000564663813,0.34117648005485535,0.40784314274787903,0.4117647111415863,calibrated_uv_reprojection_plus_stereo_left
102.84149932861328,-187.3675994873047,-631.7893676757812,238.86185394408602,126.1738013513048,-24.216788382594757,406.0000043146942,119.99999976494865,0.32549020648002625,0.3921568691730499,0.3960784375667572,calibrated_uv_reprojection_plus_stereo_left
104.24632263183594,-187.46177673339844,-632.0720825195312,238.2406549640143,124.8330850044008,-24.36847323137698,406.99999845148136,120.00000602678074,0.34117648005485535,0.40784314274787903,0.4117647111415863,calibrated_uv_reprojection_plus_stereo_left
105.78226470947266,-187.7862091064453,-633.1309814453125,238.03293933707585,123.06185519536109,-25.036274785101455,408.0000019467299,119.99999115907394,0.45098039507865906,0.5176470875740051,0.5215686559677124,calibrated_uv_reprojection_plus_stereo_left
107.2356185913086,-187.9575653076172,-633.6737670898438,237.54766430226204,121.57288120600259,-25.36077150031622,408.9999992937435,119.99999483595496,0.5215686559677124,0.5882353186607361,0.5921568870544434,calibrated_uv_reprojection_plus_stereo_left
108.68609619140625,-188.1195526123047,-634.1848754882812,237.04411372386414,120.09931417204962,-25.66413369593448,410.00000413872795,119.99999248416691,0.4941176474094391,0.5607843399047852,0.5647059082984924,calibrated_uv_reprojection_plus_stereo_left
110.17828369140625,-188.3487548828125,-634.9225463867188,236.6592856637156,118.49709333303707,-26.118065420046264,411.000000098016,119.9999994695255,0.572549045085907,0.6352941393852234,0.6431372761726379,calibrated_uv_reprojection_plus_stereo_left
111.72242736816406,-188.66000366210938,-635.9366455078125,236.4187260529792,116.7369601184567,-26.755662829598577,412.0000039324343,119.99999600953478,0.5490196347236633,0.6039215922355652,0.615686297416687,calibrated_uv_reprojection_plus_stereo_left
113.25987243652344,-188.95249938964844,-636.887451171875,236.14217261220847,115.00845205829319,-27.351070776826077,412.9999966085478,119.9999997296897,0.3960784375667572,0.4431372582912445,0.45490196347236633,calibrated_uv_reprojection_plus_stereo_left
114.87389373779297,-189.36415100097656,-638.23974609375,236.0745100693618,113.04962485169358,-28.213217665997945,413.9999987647978,120.00000183805142,0.3803921639919281,0.42352941632270813,0.43529412150382996,calibrated_uv_reprojection_plus_stereo_left
116.53854370117188,-189.8485107421875,-639.8369140625,236.13202364952951,110.94689849954091,-29.23794489960312,414.99999922164386,120.00000027198078,0.3686274588108063,0.4117647111415863,0.4117647111415863,calibrated_uv_reprojection_plus_stereo_left
118.27276611328125,-190.43353271484375,-641.7731323242188,236.36315200523956,108.64539252347481,-30.487797032644437,416.0000016117096,119.99999741256909,0.3176470696926117,0.3607843220233917,0.3529411852359772,calibrated_uv_reprojection_plus_stereo_left
120.18437957763672,-191.287353515625,-644.614990234375,237.06281441450204,105.82029866703283,-32.33921632657109,416.9999987324508,120.00000308898157,0.3176470696926117,0.33725491166114807,0.3294117748737335,calibrated_uv_reprojection_plus_stereo_left
122.14393615722656,-192.19712829589844,-647.64501953125,237.853537328929,102.87673626193975,-34.315321090133466,417.99999916931074,119.99999653204435,0.3294117748737335,0.33725491166114807,0.32549020648002625,calibrated_uv_reprojection_plus_stereo_left
124.20600128173828,-193.24583435058594,-651.1428833007812,238.88010659146624,99.65321748021194,-36.60189568385357,419.00000352274753,119.99999965082387,0.32549020648002625,0.3137255012989044,0.2823529541492462,calibrated_uv_reprojection_plus_stereo_left
52.01457214355469,-192.98779296875,-656.8675537109375,282.5087713905582,160.87957639584454,-43.085040221569216,366.99999995564536,120.9999925408587,0.6980392336845398,0.6078431606292725,0.4901960790157318,calibrated_uv_reprojection_plus_stereo_left
52.08613586425781,-188.18515014648438,-640.48583984375,272.1934743175062,167.4744864612207,-32.09801996046332,367.99999990746613,120.99999748813241,0.529411792755127,0.4745098054409027,0.3960784375667572,calibrated_uv_reprojection_plus_stereo_left
53.23664855957031,-187.4263458251953,-637.8683471679688,269.89739045297966,167.5345302951451,-30.312070263690885,368.9999989603616,121.00000920744645,0.5215686559677124,0.5215686559677124,0.49803921580314636,calibrated_uv_reprojection_plus_stereo_left
54.499847412109375,-187.09202575683594,-636.6956176757812,268.44338560789475,166.90912378660744,-29.491913581440087,369.99999817078844,121.00000212530108,0.5411764979362488,0.5490196347236633,0.5372549295425415,calibrated_uv_reprojection_plus_stereo_left
55.76660919189453,-186.7856903076172,-635.6182250976562,267.0471528553901,166.24186332672036,-28.735589529073707,371.00000173931335,120.99999157906211,0.5254902243614197,0.545098066329956,0.5411764979362488,calibrated_uv_reprojection_plus_stereo_left
56.9563102722168,-186.24172973632812,-633.7324829101562,265.1877300180852,165.9703465908671,-27.439285501036295,371.9999980712173,121.0000058146477,0.5803921818733215,0.6000000238418579,0.5960784554481506,calibrated_uv_reprojection_plus_stereo_left
58.22482681274414,-185.9745635986328,-632.7886352539062,263.8742585770686,165.24728411038387,-26.77246585832893,373.00000048073707,120.99999503736717,0.7843137383460999,0.8039215803146362,0.800000011920929,calibrated_uv_reprojection_plus_stereo_left
59.468994140625,-185.643310546875,-631.6268920898438,262.4379610888308,164.63402001629248,-25.960190367875327,374.00000139116656,120.99999590066005,0.9176470637321472,0.9372549057006836,0.9372549057006836,calibrated_uv_reprojection_plus_stereo_left
60.696651458740234,-185.2761688232422,-630.3432006835938,260.9345620069988,164.0847207832661,-25.066585427034113,375.00000051188573,121.00000318029748,0.929411768913269,0.9529411792755127,0.9529411792755127,calibrated_uv_reprojection_plus_stereo_left
62.011348724365234,-185.18472290039062,-629.9974975585938,259.969975211447,163.0782947088668,-24.79963354335547,376.0000000874099,120.99999668079707,0.9098039269447327,0.9333333373069763,0.9333333373069763,calibrated_uv_reprojection_plus_stereo_left
63.31430435180664,-185.0626678466797,-629.5477294921875,258.9467911873566,162.12440604296035,-24.463216747257547,376.99999882983843,120.99999647225943,0.8823529481887817,0.9058823585510254,0.9058823585510254,calibrated_uv_reprojection_plus_stereo_left
64.63459014892578,-184.9951171875,-629.2833862304688,258.03005320886524,161.08004171849234,-24.2506740953429,378.00000145464486,120.99999133563153,0.8666666746139526,0.886274516582489,0.8901960849761963,calibrated_uv_reprojection_plus_stereo_left
65.95160675048828,-184.92098999023438,-628.9967651367188,257.10118738388735,160.04759105685775,-24.02329017261826,378.9999993229826,121.000001082833,0.8470588326454163,0.8666666746139526,0.8666666746139526,calibrated_uv_reprojection_plus_stereo_left
67.2298355102539,-184.7430877685547,-628.357177734375,255.97300920550634,159.19241604769957,-23.560249276900038,379.9999968416031,121.00000472661404,0.8274509906768799,0.8470588326454163,0.8549019694328308,calibrated_uv_reprojection_plus_stereo_left
68.5576171875,-184.7054901123047,-628.19482421875,255.11597026783932,158.1000680237275,-23.415901472423855,380.9999977880112,121.00000497906703,0.7843137383460999,0.8078431487083435,0.8156862854957581,calibrated_uv_reprojection_plus_stereo_left
69.87476348876953,-184.64108276367188,-627.9412841796875,254.2077933046658,157.05405245768338,-23.210687336986382,382.0000004060429,121.00000026483787,0.7058823704719543,0.729411780834198,0.7254902124404907,calibrated_uv_reprojection_plus_stereo_left
71.19269561767578,-184.58099365234375,-627.7025146484375,253.30841987597404,156.00135640347725,-23.015366364193426,382.9999971927329,121.00000932758147,0.6549019813537598,0.6784313917160034,0.6745098233222961,calibrated_uv_reprojection_plus_stereo_left
72.5328140258789,-184.57943725585938,-627.6627197265625,252.5212427346417,154.84843405750973,-22.9528661959194,384.00000224025445,120.99999934944262,0.5882353186607361,0.6313725709915161,0.615686297416687,calibrated_uv_reprojection_plus_stereo_left
73.85034942626953,-184.52137756347656,-627.4308471679688,251.62642821207066,153.79327704516373,-22.762175501512672,385.0000006547823,121.00000079913607,0.7176470756530762,0.7607843279838562,0.7450980544090271,calibrated_uv_reprojection_plus_stereo_left
75.1767578125,-184.48703002929688,-627.2796020507812,250.77714007504284,152.6976113020658,-22.625311595507583,385.99999855291395,120.99999847333459,0.8117647171020508,0.8549019694328308,0.8470588326454163,calibrated_uv_reprojection_plus_stereo_left
76.52778625488281,-184.51309204101562,-627.3338012695312,250.04269351519167,151.49698274172545,-22.625561633315556,386.999997871384,121.00000583388254,0.5333333611488342,0.5764706134796143,0.5686274766921997,calibrated_uv_reprojection_plus_stereo_left
77.93283081054688,-184.66612243652344,-627.819580078125,249.54822520916707,150.07383427168776,-22.913762717775626,388.0000017103921,120.99999770888044,0.5529412031173706,0.5960784554481506,0.6039215922355652,calibrated_uv_reprojection_plus_stereo_left
79.2737045288086,-184.66436767578125,-627.7791137695312,248.7601920831042,148.92052882625467,-22.850795855075432,389.00000107769307,120.99999311367421,0.6039215922355652,0.6431372761726379,0.6509804129600525,calibrated_uv_reprojection_plus_stereo_left
80.61955261230469,-184.67393493652344,-627.7771606445312,247.99347944559725,147.74723570869577,-22.813525858939727,389.9999983741199,120.9999942376217,0.6117647290229797,0.6509804129600525,0.6705882549285889,calibrated_uv_reprojection_plus_stereo_left
81.97692108154297,-184.70899963378906,-627.8618774414062,247.27457258974943,146.52867135382263,-22.834067088896006,391.00000148877257,120.99999632770542,0.615686297416687,0.658823549747467,0.6745098233222961,calibrated_uv_reprojection_plus_stereo_left
83.41919708251953,-184.93104553222656,-628.5821533203125,246.90598917513267,144.97775455109075,-23.278530898886004,392.0000002402567,121.00000343035225,0.6117647290229797,0.658823549747467,0.6705882549285889,calibrated_uv_reprojection_plus_stereo_left
84.7583236694336,-184.9208984375,-628.5131225585938,246.1010312735413,143.83758316390055,-23.196458249953025,392.99999712478217,121.00000180318648,0.6000000238418579,0.6470588445663452,0.658823549747467,calibrated_uv_reprojection_plus_stereo_left
86.10437774658203,-184.92581176757812,-628.4953002929688,245.3242464623462,142.67056044733584,-23.148542688704993,393.9999961280833,121.00000486001454,0.5921568870544434,0.6392157077789307,0.6509804129600525,calibrated_uv_reprojection_plus_stereo_left
87.45149230957031,-184.9326934814453,-628.484130859375,244.55103828568087,141.49990492628348,-23.10505497770282,394.9999995398798,121.00000064234555,0.5607843399047852,0.6078431606292725,0.6235294342041016,calibrated_uv_reprojection_plus_stereo_left
88.83656311035156,-185.01829528808594,-628.740478515625,243.92402574981446,140.18742258888852,-23.239943899205343,396.00000339528106,120.99999855362569,0.43529412150382996,0.48235294222831726,0.501960813999176,calibrated_uv_reprojection_plus_stereo_left
90.21273803710938,-185.08299255371094,-628.92578125,243.25750863974758,138.9115754835375,-23.32743335340848,396.9999990320649,121.00000159844774,0.3764705955982208,0.42352941632270813,0.43921568989753723,calibrated_uv_reprojection_plus_stereo_left
91.58377838134766,-185.13528442382812,-629.0689086914062,242.56745911313146,137.65734753481178,-23.386778843034392,397.999997953797,121.00000520946907,0.4901960790157318,0.5372549295425415,0.5490196347236633,calibrated_uv_reprojection_plus_stereo_left
92.96063995361328,-185.19754028320312,-629.245849609375,241.89531070519848,136.38429744210697,-23.468640116667416,399.00000101261855,121.00000442973536,0.572549045085907,0.6196078658103943,0.6313725709915161,calibrated_uv_reprojection_plus_stereo_left
94.37619018554688,-185.33389282226562,-629.6744995117188,241.35903098145604,134.9752033145361,-23.718254873648107,400.00000156752435,121.00000126643519,0.4901960790157318,0.5372549295425415,0.5568627715110779,calibrated_uv_reprojection_plus_stereo_left
95.75865173339844,-185.4022216796875,-629.8720092773438,240.6965981508758,133.6889090129332,-23.813759429728464,401.00000517759673,121.00000053122267,0.3921568691730499,0.4470588266849518,0.4627451002597809,calibrated_uv_reprojection_plus_stereo_left
97.14430236816406,-185.4746551513672,-630.0834350585938,240.04107981284642,132.39417716888295,-23.918510273219965,402.0000006612348,120.99999952941329,0.38823530077934265,0.45490196347236633,0.4627451002597809,calibrated_uv_reprojection_plus_stereo_left
98.52633666992188,-185.53817749023438,-630.2645263671875,239.36860017652123,131.11492346253885,-24.0030110239465,403.0000043439569,120.99999088531007,0.48627451062202454,0.5529412031173706,0.5607843399047852,calibrated_uv_reprojection_plus_stereo_left
99.91046142578125,-185.603759765625,-630.45263671875,238.69932372216675,129.83099933807972,-24.09216978989275,404.00000335298284,120.99999251174876,0.4941176474094391,0.5607843399047852,0.5686274766921997,calibrated_uv_reprojection_plus_stereo_left
101.30912017822266,-185.6941375732422,-630.7249755859375,238.0746012817089,128.50017075408215,-24.237426633267432,404.9999950488708,121.00000161704173,0.40392157435417175,0.47058823704719543,0.47843137383461,calibrated_uv_reprojection_plus_stereo_left
102.71559143066406,-185.796142578125,-631.0367431640625,237.47017055837722,127.14650017804627,-24.408910547270466,405.9999995548118,121.00000500627272,0.3607843220233917,0.4274509847164154,0.4313725531101227,calibrated_uv_reprojection_plus_stereo_left
104.1214599609375,-185.89434814453125,-631.3355102539062,236.85794116508197,125.79863168016556,-24.57168413059253,406.9999998332661,120.99999587019997,0.34117648005485535,0.40784314274787903,0.4117647111415863,calibrated_uv_reprojection_plus_stereo_left
105.6944808959961,-186.28453063964844,-632.6258544921875,236.77254315821955,123.90198458888148,-25.394923311640127,407.9999968215274,120.9999989453897,0.32549020648002625,0.3921568691730499,0.3960784375667572,calibrated_uv_reprojection_plus_stereo_left
107.16185760498047,-186.48089599609375,-633.2578735351562,236.33433401579344,122.36503394088231,-25.779530039637336,408.99999610266235,121.00000042293502,0.3921568691730499,0.4588235318660736,0.4627451002597809,calibrated_uv_reprojection_plus_stereo_left
108.62410736083984,-186.66343688964844,-633.8428955078125,235.86955996695286,120.85165752101261,-26.132762007539043,409.999996221648,121.00000641986986,0.5764706134796143,0.6431372761726379,0.6470588445663452,calibrated_uv_reprojection_plus_stereo_left
110.14326477050781,-186.93795776367188,-634.7401123046875,235.56823704459202,119.1617577998901,-26.69381489767187,411.0000033356239,121.00000166554454,0.6274510025978088,0.6901960968971252,0.6980392336845398,calibrated_uv_reprojection_plus_stereo_left
111.65621948242188,-187.1953125,-635.5789794921875,235.23383713109365,117.50098635067911,-27.215911632273503,411.9999954799584,121.00000508911108,0.4470588266849518,0.5058823823928833,0.5176470875740051,calibrated_uv_reprojection_plus_stereo_left
113.21796417236328,-187.52716064453125,-636.670654296875,235.03024846211923,115.69491285671074,-27.906229431355086,412.9999989067266,121.00000725606714,0.3686274588108063,0.4156862795352936,0.4274509847164154,calibrated_uv_reprojection_plus_stereo_left
114.87010955810547,-187.9989776611328,-638.2373657226562,235.0731882135098,113.61692430235792,-28.912675059700803,413.99999958101057,121.0000055281862,0.3803921639919281,0.41960784792900085,0.4313725531101227,calibrated_uv_reprojection_plus_stereo_left
116.60237121582031,-188.5891876220703,-640.2057495117188,235.32250093725605,111.3058019230728,-30.18632105204773,415.000004074703,120.99999100904947,0.3294117748737335,0.364705890417099,0.364705890417099,calibrated_uv_reprojection_plus_stereo_left
118.41918182373047,-189.30072021484375,-642.5858764648438,235.78194032665533,108.75360941196027,-31.733831189549505,415.9999987809765,121.00000497486224,0.30588236451148987,0.3333333432674408,0.32549020648002625,calibrated_uv_reprojection_plus_stereo_left
120.42694091796875,-190.2975616455078,-645.93408203125,236.73996937846437,105.64141115810048,-33.92539183650587,416.9999950107657,120.99999999539631,0.3450980484485626,0.3490196168422699,0.32549020648002625,calibrated_uv_reprojection_plus_stereo_left
122.5340576171875,-191.42684936523438,-649.7315063476562,237.92322461517153,102.25998445100919,-36.41553862445329,417.99999675143124,121.0000057903483,0.364705890417099,0.3490196168422699,0.3176470696926117,calibrated_uv_reprojection_plus_stereo_left
50.81063461303711,-192.3484649658203,-659.5092163085938,283.8187747576148,161.4360059281408,-45.61031649506839,365.9999987890955,121.99999909493144,0.7529411911964417,0.658823549747467,0.5333333611488342,calibrated_uv_reprojection_plus_stereo_left
51.07403564453125,-188.13821411132812,-645.0382080078125,274.61531695248317,167.07439615393747,-35.883653024323394,366.9999997774803,122.0000032711529,0.5568627715110779,0.5176470875740051,0.4117647111415863,calibrated_uv_reprojection_plus_stereo_left
51.87437057495117,-186.07461547851562,-637.9281616210938,269.7117540079092,169.25942737749062,-31.086735977665967,368.0000010312213,121.99999006432549,0.5215686559677124,0.501960813999176,0.43921568989753723,calibrated_uv_reprojection_plus_stereo_left
53.1373176574707,-185.7332763671875,-636.72314453125,268.23944055602306,168.6463509614486,-30.24367640721937,368.9999997340249,121.9999935696658,0.545098066329956,0.5490196347236633,0.5411764979362488,calibrated_uv_reprojection_plus_stereo_left
54.39303207397461,-185.38409423828125,-635.4913940429688,266.75451029935385,168.05042774878,-29.38285784891258,369.99999869319134,122.00000264689908,0.5411764979362488,0.5529412031173706,0.545098066329956,calibrated_uv_reprojection_plus_stereo_left
55.59932327270508,-184.88735961914062,-633.7539672851562,264.98132881926875,167.70267306755403,-28.183709860217846,370.9999977103716,122.00000580786337,0.5411764979362488,0.5607843399047852,0.5568627715110779,calibrated_uv_reprojection_plus_stereo_left
56.7964973449707,-184.38442993164062,-631.9954223632812,263.20013579909124,167.3714270882441,-26.970610565323284,372.00000024690723,121.9999941353918,0.6901960968971252,0.7098039388656616,0.7058823704719543,calibrated_uv_reprojection_plus_stereo_left
58.0686149597168,-184.1422882080078,-631.1309814453125,261.93567932050047,166.61224547481794,-26.356061588881573,372.99999956555956,122.00000189757193,0.8549019694328308,0.8745098114013672,0.8705882430076599,calibrated_uv_reprojection_plus_stereo_left
59.32698440551758,-183.86834716796875,-630.1575927734375,260.6108928155143,165.90923015904292,-25.668695221228404,374.00000000239595,121.99999801580006,0.886274516582489,0.9058823585510254,0.9058823585510254,calibrated_uv_reprojection_plus_stereo_left
60.61886215209961,-183.70791625976562,-629.5733642578125,259.51050742345257,165.01918167959263,-25.241827589383377,374.9999985597494,122.00000624774586,0.8823529481887817,0.9058823585510254,0.9058823585510254,calibrated_uv_reprojection_plus_stereo_left
61.90751647949219,-183.5447235107422,-628.9796752929688,258.4060485013024,164.13577488177822,-24.808683538324544,375.99999925417035,122.0000026017249,0.8901960849761963,0.9137254953384399,0.9137254953384399,calibrated_uv_reprojection_plus_stereo_left
63.23577880859375,-183.50323486328125,-628.8031005859375,257.5400186805338,163.04867336059118,-24.654645243428092,376.9999977178145,122.00000242383501,0.9098039269447327,0.9333333373069763,0.9333333373069763,calibrated_uv_reprojection_plus_stereo_left
64.55106353759766,-183.4264373779297,-628.5054931640625,256.6056614609696,162.02196553353633,-24.419650739605004,377.99999938305507,121.99998875381692,0.929411768913269,0.9490196108818054,0.9490196108818054,calibrated_uv_reprojection_plus_stereo_left
65.86316680908203,-183.34371948242188,-628.187744140625,255.660487714182,161.0062146746386,-24.171230158052254,379.0000009945017,122.00000036375928,0.9450980424880981,0.9647058844566345,0.9647058844566345,calibrated_uv_reprojection_plus_stereo_left
67.13558959960938,-183.1559295654297,-627.5099487304688,254.5126456399829,160.1710712611448,-23.682025155401107,379.9999995168124,121.99999255547428,0.9450980424880981,0.9686274528503418,0.9686274528503418,calibrated_uv_reprojection_plus_stereo_left
68.44898986816406,-183.0849151611328,-627.2323608398438,253.59186322804163,159.13790161315546,-23.460542785629457,380.9999992775572,122.00000138400324,0.9254902005195618,0.9490196108818054,0.9490196108818054,calibrated_uv_reprojection_plus_stereo_left
69.77379608154297,-183.04640197753906,-627.0661010742188,252.73425188676418,158.04963269416737,-23.313525493344287,382.0000013029461,122.00000211769,0.8745098114013672,0.8980392217636108,0.8901960849761963,calibrated_uv_reprojection_plus_stereo_left
71.08082580566406,-182.96343994140625,-626.7476196289062,251.7915109705105,157.03860188377132,-23.064744794891,382.9999998013525,122.00000859551363,0.8196078538894653,0.843137264251709,0.8352941274642944,calibrated_uv_reprojection_plus_stereo_left
72.39257049560547,-182.89532470703125,-626.4799194335938,250.87788096917586,156.0028531068453,-22.849930628053528,384.00000361928585,121.99999243063522,0.6352941393852234,0.6784313917160034,0.6666666865348816,calibrated_uv_reprojection_plus_stereo_left
73.72181701660156,-182.87294006347656,-626.3690185546875,250.0523649845868,154.88826961511523,-22.739986826029053,385.00000000800384,122.00000693883447,0.7764706015586853,0.8196078538894653,0.8078431487083435,calibrated_uv_reprojection_plus_stereo_left
75.06737518310547,-182.89097595214844,-626.396484375,249.30415499837665,153.7033378261852,-22.72253167343996,385.99999700702654,122.00000409800404,0.7333333492279053,0.7764706015586853,0.7803921699523926,calibrated_uv_reprojection_plus_stereo_left
76.4320297241211,-182.9539337158203,-626.5778198242188,248.64134269300416,152.43935508054625,-22.80792005746406,386.99999767675644,122.00000786297196,0.658823549747467,0.6980392336845398,0.7058823704719543,calibrated_uv_reprojection_plus_stereo_left
77.82662200927734,-183.08502197265625,-626.992431640625,248.10745142821963,151.05465776551262,-23.049190034055357,387.9999984747808,122.00000768652976,0.6627451181411743,0.7058823704719543,0.7176470756530762,calibrated_uv_reprojection_plus_stereo_left
79.17725372314453,-183.10987854003906,-627.043212890625,247.37093968660878,149.85584697523927,-23.047261576402548,388.99999811791514,122.00000769303188,0.6470588445663452,0.6901960968971252,0.7058823704719543,calibrated_uv_reprojection_plus_stereo_left
80.521240234375,-183.11868286132812,-627.0389404296875,246.6037806050515,148.6851488230643,-23.008521423406194,389.9999993476582,121.9999910221824,0.6039215922355652,0.6431372761726379,0.6627451181411743,calibrated_uv_reprojection_plus_stereo_left
81.87615966796875,-183.1514892578125,-627.116943359375,245.8818565326651,147.47156134651527,-23.024765346031018,391.0000041887974,121.99999538129643,0.5803921818733215,0.6196078658103943,0.6392157077789307,calibrated_uv_reprojection_plus_stereo_left
83.31767272949219,-183.37371826171875,-627.843505859375,245.5164351084017,145.919437985476,-23.474315082579835,391.9999997905296,122.00000389533753,0.5764706134796143,0.6235294342041016,0.6431372761726379,calibrated_uv_reprojection_plus_stereo_left
84.64533233642578,-183.3421630859375,-627.7010498046875,244.67209903123728,144.81902395043926,-23.343205639254847,393.00000387388656,121.99999868925624,0.5882353186607361,0.6352941393852234,0.6509804129600525,calibrated_uv_reprojection_plus_stereo_left
85.99273681640625,-183.35357666015625,-627.7057495117188,243.90858857955868,143.6417173207264,-23.310414873106936,394.0000016679683,122.00000283102838,0.5803921818733215,0.6274510025978088,0.6470588445663452,calibrated_uv_reprojection_plus_stereo_left
87.3350601196289,-183.35386657714844,-627.6723022460938,243.1241154876766,142.48430484065972,-23.25212850762074,395.00000050193665,121.99999351077463,0.6078431606292725,0.6549019813537598,0.6745098233222961,calibrated_uv_reprojection_plus_stereo_left
88.69549560546875,-183.39146423339844,-627.7666015625,242.4092541850502,141.259294367807,-23.279167556965717,396.00000062300126,121.9999929595281,0.6196078658103943,0.6666666865348816,0.686274528503418,calibrated_uv_reprojection_plus_stereo_left
90.06786346435547,-183.45211791992188,-627.9398193359375,241.73697649963083,139.99187422771877,-23.35889714692121,397.0000028688338,121.99999576929963,0.5372549295425415,0.5882353186607361,0.6039215922355652,calibrated_uv_reprojection_plus_stereo_left
91.44612121582031,-183.522705078125,-628.1470336914062,241.08261350593244,138.70553259040543,-23.461306995498376,397.99999898017694,122.00000317261316,0.38823530077934265,0.45490196347236633,0.4588235318660736,calibrated_uv_reprojection_plus_stereo_left
92.82234954833984,-183.58712768554688,-628.3330688476562,240.41616570260646,137.4295433642186,-23.54953779197234,398.999998178327,121.99999908313583,0.37254902720451355,0.4313725531101227,0.43921568989753723,calibrated_uv_reprojection_plus_stereo_left
94.24382019042969,-183.73779296875,-628.8142700195312,239.90864145408517,135.9943986285786,-23.83481943344958,399.99999721002666,122.00000357144614,0.48627451062202454,0.5333333611488342,0.545098066329956,calibrated_uv_reprojection_plus_stereo_left
95.62006378173828,-183.79718017578125,-628.9830322265625,239.2313726784738,134.72540366085553,-23.911452189247598,400.99999501776574,122.00000523169638,0.5254902243614197,0.5803921818733215,0.5921568870544434,calibrated_uv_reprojection_plus_stereo_left
96.99906921386719,-183.8600311279297,-629.1636352539062,238.55993840372815,133.4491992529857,-23.995966079860978,401.99999694233003,122.00000947584869,0.43921568989753723,0.5058823823928833,0.5098039507865906,calibrated_uv_reprojection_plus_stereo_left
98.37918853759766,-183.92315673828125,-629.3450927734375,237.88841805746313,132.1716693669141,-24.081015127328328,402.9999976885707,122.00000060695285,0.37254902720451355,0.43921568989753723,0.4431372582912445,calibrated_uv_reprojection_plus_stereo_left
99.80038452148438,-184.06021118164062,-629.779541015625,237.35179961329783,130.7557230867871,-24.334901883109524,403.9999982999713,122.00000507403584,0.41960784792900085,0.48627451062202454,0.4901960790157318,calibrated_uv_reprojection_plus_stereo_left
101.1993179321289,-184.1529998779297,-630.0624389648438,236.73303899403373,129.4206473535382,-24.487585010046587,405.0000030974556,121.99999953250327,0.4941176474094391,0.5607843399047852,0.5647059082984924,calibrated_uv_reprojection_plus_stereo_left
102.6031494140625,-184.25205993652344,-630.3667602539062,236.12489468374065,128.07261182869138,-24.654527259430495,405.999999529177,121.99999478757073,0.4745098054409027,0.5411764979362488,0.545098066329956,calibrated_uv_reprojection_plus_stereo_left
104.01589965820312,-184.36422729492188,-630.7159423828125,235.53973107709277,126.69861159003636,-24.851371787848223,407.00000014279937,122.00000287793355,0.3960784375667572,0.4627451002597809,0.46666666865348816,calibrated_uv_reprojection_plus_stereo_left
105.58547973632812,-184.7478485107422,-631.99365234375,235.44628704874538,124.81126881725771,-25.667685048868236,407.99999713490223,122.00000442721057,0.34117648005485535,0.40784314274787903,0.4117647111415863,calibrated_uv_reprojection_plus_stereo_left
107.06791687011719,-184.97109985351562,-632.7225952148438,235.05909371704598,123.22247025072437,-26.11772926899647,409.00000602410546,121.99999496818711,0.3529411852359772,0.4156862795352936,0.42352941632270813,calibrated_uv_reprojection_plus_stereo_left
108.5733642578125,-185.2279510498047,-633.5664672851562,234.73069699452145,121.56700406892287,-26.6443662190066,409.99999458782054,122.00000421747035,0.545098066329956,0.6078431606292725,0.6117647290229797,calibrated_uv_reprojection_plus_stereo_left
110.1363754272461,-185.57533264160156,-634.7198486328125,234.5632039396025,119.73580885171111,-27.377348424028526,410.9999977425617,122.00000660199646,0.5215686559677124,0.572549045085907,0.5882353186607361,calibrated_uv_reprojection_plus_stereo_left
111.62295532226562,-185.78695678710938,-635.4087524414062,234.14860147129792,118.15963414540346,-27.800391189591778,411.99999604013135,121.99999980485941,0.3843137323856354,0.4313725531101227,0.4470588266849518,calibrated_uv_reprojection_plus_stereo_left
113.2457275390625,-186.21731567382812,-636.8456420898438,234.12449414987253,116.16133729287998,-28.72219672357619,413.00000197206174,121.99999622374011,0.3843137323856354,0.42352941632270813,0.43921568989753723,calibrated_uv_reprojection_plus_stereo_left
114.89143371582031,-186.6746063232422,-638.37451171875,234.1448781104375,114.10574039299581,-29.70517645403072,413.9999982714882,122.00000202322647,0.3529411852359772,0.3921568691730499,0.40392157435417175,calibrated_uv_reprojection_plus_stereo_left
116.68510437011719,-187.35862731933594,-640.678466796875,234.56602983829248,111.60675462939616,-31.204796561684134,415.00000157974637,121.99999660742611,0.30980393290519714,0.3294117748737335,0.3333333432674408,calibrated_uv_reprojection_plus_stereo_left
118.66123962402344,-188.31622314453125,-643.9176635742188,235.46850171891253,108.56935150835744,-33.327723490604285,415.9999968906227,122.00000266395142,0.3294117748737335,0.33725491166114807,0.33725491166114807,calibrated_uv_reprojection_plus_stereo_left
120.81864929199219,-189.5360870361328,-648.0531616210938,236.8286352009963,105.01034487517273,-36.04781521744934,417.000003155033,121.99999338987396,0.3921568691730499,0.3607843220233917,0.32156863808631897,calibrated_uv_reprojection_plus_stereo_left
50.23506164550781,-188.79519653320312,-652.088623046875,278.48356118419827,165.52040318534284,-41.35509977564658,366.0000014095233,122.99999199115243,0.6274510025978088,0.5529412031173706,0.45490196347236633,calibrated_uv_reprojection_plus_stereo_left
50.63224411010742,-185.1624298095703,-639.5064086914062,270.40531208437267,170.26514488797244,-32.87978437992297,367.00000199434527,122.99999624044179,0.4941176474094391,0.48627451062202454,0.43921568989753723,calibrated_uv_reprojection_plus_stereo_left
51.738861083984375,-184.2463836669922,-636.3079833984375,267.77969020245064,170.59402876137392,-30.698556262933835,367.9999996794472,123.00000831356218,0.545098066329956,0.5490196347236633,0.5215686559677124,calibrated_uv_reprojection_plus_stereo_left
52.94538497924805,-183.72366333007812,-634.4680786132812,265.9450833426788,170.28604185410205,-29.428597762406127,369.00000140445457,122.9999932120129,0.5529412031173706,0.5686274766921997,0.5647059082984924,calibrated_uv_reprojection_plus_stereo_left
54.166141510009766,-183.2749481201172,-632.884033203125,264.26203275489877,169.8621230095203,-28.33040686364626,369.9999991013275,123.00000161960327,0.5372549295425415,0.5568627715110779,0.5490196347236633,calibrated_uv_reprojection_plus_stereo_left
55.33039474487305,-182.6613311767578,-630.730712890625,262.255861384768,169.71783727406523,-26.85073400497032,370.99999931091435,123.00000241426864,0.6235294342041016,0.6470588445663452,0.6392157077789307,calibrated_uv_reprojection_plus_stereo_left
56.6758918762207,-182.66079711914062,-630.6944580078125,261.4678040317529,168.5588071880935,-26.790492809112436,372.0000012923349,122.99999725074062,0.7803921699523926,0.8039215803146362,0.7960784435272217,calibrated_uv_reprojection_plus_stereo_left
57.950401306152344,-182.43663024902344,-629.8861083984375,260.23827689258803,167.77412078761984,-26.21271709194815,373.0000004633808,122.9999980596443,0.8078431487083435,0.8313725590705872,0.8274509906768799,calibrated_uv_reprojection_plus_stereo_left
59.23955535888672,-182.2675018310547,-629.2678833007812,259.11906605782985,166.89973151786688,-25.762461910990453,373.99999919792873,123.00000416951767,0.8039215803146362,0.8274509906768799,0.8235294222831726,calibrated_uv_reprojection_plus_stereo_left
60.535526275634766,-182.12620544433594,-628.7457885742188,258.055973307474,165.98049626575568,-25.376694984791868,374.9999993160739,123.00000704552568,0.7921568751335144,0.8117647171020508,0.8117647171020508,calibrated_uv_reprojection_plus_stereo_left
61.8284797668457,-181.98199462890625,-628.2136840820312,256.98835041491594,165.06794337081095,-24.984274223583952,375.9999974500972,123.0000097592876,0.8039215803146362,0.8235294222831726,0.8235294222831726,calibrated_uv_reprojection_plus_stereo_left
63.1547966003418,-181.93984985351562,-628.033935546875,256.1216488328381,163.98370956355836,-24.828011110241164,376.9999981781043,123.00000897479339,0.8509804010391235,0.8745098114013672,0.8745098114013672,calibrated_uv_reprojection_plus_stereo_left
64.4742202758789,-181.87985229492188,-627.7925415039062,255.2204050295731,162.93042821177187,-24.630453780548578,378.00000102758787,123.00000005344342,0.8823529481887817,0.9058823585510254,0.9058823585510254,calibrated_uv_reprojection_plus_stereo_left
65.78436279296875,-181.79647827148438,-627.4705200195312,254.2741157746746,161.91787188026137,-24.378906534180942,379.0000046243592,122.99999877401086,0.8980392217636108,0.9215686321258545,0.9215686321258545,calibrated_uv_reprojection_plus_stereo_left
67.06105041503906,-181.62570190429688,-626.8468627929688,253.15861695254506,161.05654962407198,-23.925321939373305,380.00000010403477,122.99999462416628,0.9098039269447327,0.9333333373069763,0.9333333373069763,calibrated_uv_reprojection_plus_stereo_left
68.3609619140625,-181.52310180664062,-626.4585571289062,252.17678336857654,160.0797377988947,-23.629452971173237,381.00000172784996,122.9999913829138,0.9450980424880981,0.9686274528503418,0.9686274528503418,calibrated_uv_reprojection_plus_stereo_left
69.67265319824219,-181.4549560546875,-626.1892700195312,251.26250800245958,159.04450094358288,-23.413352531708824,382.00000066587046,123.00000584138061,0.9647058844566345,0.9843137264251709,0.9803921580314636,calibrated_uv_reprojection_plus_stereo_left
70.96952056884766,-181.3513641357422,-625.797607421875,250.28031167821013,158.07170261878906,-23.115305936335687,383.0000024018536,123.00000210963458,0.8078431487083435,0.8313725590705872,0.8274509906768799,calibrated_uv_reprojection_plus_stereo_left
72.26639556884766,-181.25149536132812,-625.4188232421875,249.30614948626362,157.09368583201405,-22.825922219183497,383.9999993931386,122.99999702061658,0.7490196228027344,0.7921568751335144,0.7803921699523926,calibrated_uv_reprojection_plus_stereo_left
73.60911560058594,-181.26797485351562,-625.4415893554688,248.55649079204989,155.9132046754985,-22.805472087122325,385.0000003444611,123.0000070758326,0.7686274647712708,0.8117647171020508,0.800000011920929,calibrated_uv_reprojection_plus_stereo_left
74.9588851928711,-181.30081176757812,-625.5206909179688,247.83799924520963,154.70376764880888,-22.822720195247086,385.9999991562433,122.99999692412842,0.7019608020782471,0.7490196228027344,0.7450980544090271,calibrated_uv_reprojection_plus_stereo_left
76.34307861328125,-181.4141387939453,-625.8775634765625,247.2732552778254,153.35191756668337,-23.025936828442127,386.999997266848,123.00000728881258,0.686274528503418,0.7333333492279053,0.7333333492279053,calibrated_uv_reprojection_plus_stereo_left
77.73700714111328,-181.54617309570312,-626.298828125,246.74318014320806,151.96550813859022,-23.27219925486753,388.0000018080289,122.9999959537792,0.658823549747467,0.7058823704719543,0.7176470756530762,calibrated_uv_reprojection_plus_stereo_left
79.0904541015625,-181.58067321777344,-626.3836669921875,246.0261611319574,150.75055075555423,-23.29322036807281,388.99999658294297,123.00000210690592,0.6352941393852234,0.6784313917160034,0.6941176652908325,calibrated_uv_reprojection_plus_stereo_left
80.44230651855469,-181.6102752685547,-626.4515380859375,245.2994722186387,149.54384321544325,-23.302860282932613,390.0000033231135,122.99999582140313,0.6470588445663452,0.686274528503418,0.7058823704719543,calibrated_uv_reprojection_plus_stereo_left
81.79348754882812,-181.63729858398438,-626.5105590820312,244.5676299756375,148.34130920528634,-23.30657262078796,391.0000015426175,123.00000187708636,0.6352941393852234,0.6784313917160034,0.6980392336845398,calibrated_uv_reprojection_plus_stereo_left
83.21599578857422,-181.81918334960938,-627.1036376953125,244.1285164531448,146.86045019791771,-23.667665805400418,392.00000022109504,122.9999958434203,0.6078431606292725,0.6549019813537598,0.6745098233222961,calibrated_uv_reprojection_plus_stereo_left
84.54303741455078,-181.78988647460938,-626.9683837890625,243.28916012613422,145.7575859886078,-23.541324722903028,392.99999571929317,123.00000581322291,0.5882353186607361,0.6352941393852234,0.6549019813537598,calibrated_uv_reprojection_plus_stereo_left
85.87555694580078,-181.77297973632812,-626.8757934570312,242.47332895231426,144.63267112431612,-23.44352857484415,393.9999978977945,122.99999946659966,0.572549045085907,0.615686297416687,0.6352941393852234,calibrated_uv_reprojection_plus_stereo_left
87.21295928955078,-181.7666473388672,-626.8197021484375,241.67749218577455,143.48873153842771,-23.37016146438475,394.99999792923575,122.99999931313937,0.5764706134796143,0.6196078658103943,0.6392157077789307,calibrated_uv_reprojection_plus_stereo_left
88.56385040283203,-181.78807067871094,-626.8593139648438,240.93370975960414,142.29429971439367,-23.360818503632174,396.00000064809933,122.99999748383627,0.5686274766921997,0.615686297416687,0.6352941393852234,calibrated_uv_reprojection_plus_stereo_left
89.94210815429688,-181.86407470703125,-627.087158203125,240.2918217767927,140.999835075592,-23.477386780131894,396.9999988387398,123.00000467845817,0.5647059082984924,0.615686297416687,0.6313725709915161,calibrated_uv_reprojection_plus_stereo_left
91.30963134765625,-181.91635131835938,-627.2330932617188,239.60493739412777,139.74786947690416,-23.53912608108834,398.00000159647806,122.9999970016294,0.545098066329956,0.6117647290229797,0.6235294342041016,calibrated_uv_reprojection_plus_stereo_left
92.69005584716797,-181.99232482910156,-627.4607543945312,238.96170719752018,138.45158620451332,-23.655510161645907,399.0000020136836,122.99999942018684,0.5058823823928833,0.5647059082984924,0.5764706134796143,calibrated_uv_reprojection_plus_stereo_left
94.10670471191406,-182.13613891601562,-627.9222412109375,238.44380092727567,137.02908646198875,-23.928232227979777,400.00000092415075,122.99999586781104,0.3960784375667572,0.4431372582912445,0.45490196347236633,calibrated_uv_reprojection_plus_stereo_left
95.4892807006836,-182.2107696533203,-628.1452026367188,237.79641330617665,135.73282835126435,-24.041397577865666,400.9999995591584,122.99999877288144,0.40784314274787903,0.4627451002597809,0.4745098054409027,calibrated_uv_reprojection_plus_stereo_left
96.86431884765625,-182.26902770996094,-628.3117065429688,237.11807747827913,134.46599169325629,-24.11678343920488,402.0000001599699,123.0000041647697,0.5137255191802979,0.5803921818733215,0.5843137502670288,calibrated_uv_reprojection_plus_stereo_left
98.24507141113281,-182.33621215820312,-628.5089111328125,236.455660040515,133.18174228776678,-24.21266434725169,402.9999966185982,122.9999998088224,0.5058823823928833,0.572549045085907,0.5764706134796143,calibrated_uv_reprojection_plus_stereo_left
99.69416809082031,-182.52658081054688,-629.1307373046875,236.01934733394,131.66606543069247,-24.592399054468956,403.99999606556236,123.00000808068631,0.3764705955982208,0.4431372582912445,0.4470588266849518,calibrated_uv_reprojection_plus_stereo_left
101.09785461425781,-182.62974548339844,-629.4518432617188,235.4212138456005,130.31167182984876,-24.77101950193861,405.0000033803866,122.9999970620091,0.3529411852359772,0.41960784792900085,0.42352941632270813,calibrated_uv_reprojection_plus_stereo_left
102.50519561767578,-182.7366180419922,-629.7857666015625,234.8289837223981,128.94891339238853,-24.958177218029334,405.9999973303229,123.00000295998149,0.4470588266849518,0.5137255191802979,0.5215686559677124,calibrated_uv_reprojection_plus_stereo_left
103.91349792480469,-182.84230041503906,-630.115478515625,234.23359287852702,127.5870123869949,-25.142465984993805,407.0000015200411,122.9999942722113,0.4941176474094391,0.5607843399047852,0.5647059082984924,calibrated_uv_reprojection_plus_stereo_left
105.45881652832031,-183.18316650390625,-631.2556762695312,234.06604606064343,125.77764792818357,-25.86837329172164,407.999998931369,123.00000186233507,0.4000000059604645,0.46666666865348816,0.4745098054409027,calibrated_uv_reprojection_plus_stereo_left
106.96521759033203,-183.4485626220703,-632.1356811523438,233.7582591483935,124.1075144429604,-26.420270890354857,408.9999963001152,123.00000837780215,0.46666666865348816,0.5254902243614197,0.5333333611488342,calibrated_uv_reprojection_plus_stereo_left
108.51605224609375,-183.78248596191406,-633.2516479492188,233.57246563988593,122.30313544828181,-27.129720423090646,409.9999981096102,123.00000248649056,0.5607843399047852,0.615686297416687,0.6235294342041016,calibrated_uv_reprojection_plus_stereo_left
110.09964752197266,-184.16285705566406,-634.5275268554688,233.4678316347791,120.40547343856991,-27.94587946774817,411.00000370395264,122.99999775886448,0.42352941632270813,0.4745098054409027,0.48627451062202454,calibrated_uv_reprojection_plus_stereo_left
111.62651824951172,-184.4401397705078,-635.4481201171875,233.17373544349,118.7010574838909,-28.52453399140387,412.00000151494,122.9999989175881,0.3686274588108063,0.4156862795352936,0.4274509847164154,calibrated_uv_reprojection_plus_stereo_left
113.24715423583984,-184.8636932373047,-636.87255859375,233.14072897441037,116.71097936476599,-29.43965958342835,413.00000137276595,123.00000755417256,0.3803921639919281,0.41960784792900085,0.4274509847164154,calibrated_uv_reprojection_plus_stereo_left
114.93750762939453,-185.38954162597656,-638.649169921875,233.28785797704677,114.51757671969511,-30.589844224686146,413.999999310401,123.00000293238762,0.32549020648002625,0.3607843220233917,0.364705890417099,calibrated_uv_reprojection_plus_stereo_left
116.85577392578125,-186.26620483398438,-641.634033203125,234.0593756432679,111.63646029624005,-32.546812477246874,415.0000018898533,122.99999723693577,0.3294117748737335,0.3294117748737335,0.32156863808631897,calibrated_uv_reprojection_plus_stereo_left
119.00792694091797,-187.49085998535156,-645.8172607421875,235.44570558243265,108.06642403561057,-35.303758277015106,416.0000024451979,122.99999767483084,0.37254902720451355,0.35686275362968445,0.34117648005485535,calibrated_uv_reprojection_plus_stereo_left
48.91534423828125,-187.692626953125,-653.1209716796875,278.8570249004701,166.8279280535598,-42.799435621703765,365.000000678393,123.99999961632162,0.7137255072593689,0.6117647290229797,0.5098039507865906,calibrated_uv_reprojection_plus_stereo_left
49.17909240722656,-183.48089599609375,-638.4305419921875,269.5619045000942,172.52925007743795,-32.89333619383609,366.0000019793319,123.9999939385383,0.529411792755127,0.47058823704719543,0.40784314274787903,calibrated_uv_reprojection_plus_stereo_left
50.301109313964844,-182.6116943359375,-635.37158203125,267.0192821584934,172.78561382209796,-30.802219599643877,367.0000010904312,123.99999240117327,0.5215686559677124,0.5215686559677124,0.5137255191802979,calibrated_uv_reprojection_plus_stereo_left
51.64602279663086,-182.5758514404297,-635.21240234375,266.1550001146617,171.67674376682942,-30.659185226486784,367.9999980125713,124.0000028647328,0.5607843399047852,0.5686274766921997,0.5607843399047852,calibrated_uv_reprojection_plus_stereo_left
52.90153121948242,-182.23365783691406,-633.9873657226562,264.6780855234543,171.076199708891,-29.800294598385335,369.00000000158815,123.99999620225336,0.5529412031173706,0.5686274766921997,0.5647059082984924,calibrated_uv_reprojection_plus_stereo_left
54.06031799316406,-181.5834503173828,-631.6909790039062,262.58925644786837,170.99259578547822,-28.222058350215377,369.9999992175467,123.99999763998514,0.5686274766921997,0.5843137502670288,0.5803921818733215,calibrated_uv_reprojection_plus_stereo_left
55.248069763183594,-181.05960083007812,-629.8343505859375,260.7577132054037,170.7061657428539,-26.93937543340934,371.0000012976394,123.99999151083145,0.7647058963775635,0.7803921699523926,0.7764706015586853,calibrated_uv_reprojection_plus_stereo_left
56.45830535888672,-180.6323699951172,-628.3140869140625,259.1227526642447,170.26432372233052,-25.882765266984848,371.99999925462834,124.00000432240955,0.8509804010391235,0.8705882430076599,0.8705882430076599,calibrated_uv_reprojection_plus_stereo_left
57.74589920043945,-180.466552734375,-627.703125,258.0098610161177,169.38785145454221,-25.436809217489042,373.00000065181746,123.99999282475233,0.8039215803146362,0.8274509906768799,0.8274509906768799,calibrated_uv_reprojection_plus_stereo_left
59.05685043334961,-180.37940979003906,-627.3659057617188,257.054079878858,168.38048478937117,-25.174699322927154,374.00000077749934,123.99999192381065,0.7921568751335144,0.8117647171020508,0.8156862854957581,calibrated_uv_reprojection_plus_stereo_left
60.374046325683594,-180.31460571289062,-627.1064453125,256.1431445710389,167.33627950634116,-24.964826035637998,374.99999891180414,123.99999878661421,0.7803921699523926,0.800000011920929,0.800000011920929,calibrated_uv_reprojection_plus_stereo_left
61.68105697631836,-180.22268676757812,-626.752685546875,255.17930650349672,166.33902971306338,-24.691676689986252,375.99999808394074,124.00000003681257,0.7960784435272217,0.8156862854957581,0.8156862854957581,calibrated_uv_reprojection_plus_stereo_left
62.99573516845703,-180.1564178466797,-626.4881591796875,254.26665485396137,165.29906325673403,-24.478453336914754,377.0000009220187,124.00000195391686,0.8352941274642944,0.8588235378265381,0.8588235378265381,calibrated_uv_reprojection_plus_stereo_left
64.30526733398438,-180.07835388183594,-626.1826171875,253.3314032213773,164.28014307819376,-24.23772504395555,377.9999996266445,123.99999855112742,0.8235294222831726,0.8470588326454163,0.8470588326454163,calibrated_uv_reprojection_plus_stereo_left
65.60847473144531,-179.98594665527344,-625.8272094726562,252.36871206549046,163.28687114173488,-23.963560148910346,379.0000036548214,123.99999066309061,0.8313725590705872,0.8549019694328308,0.8549019694328308,calibrated_uv_reprojection_plus_stereo_left
66.96321105957031,-180.03562927246094,-625.9659423828125,251.6842999523352,162.04914664295973,-24.021009829500258,379.9999971805365,123.99999884282565,0.8470588326454163,0.8784313797950745,0.8745098114013672,calibrated_uv_reprojection_plus_stereo_left
68.23954010009766,-179.8765106201172,-625.378662109375,250.5925510185761,161.17294363227597,-23.591317230536617,381.0000020886602,123.99999606824912,0.9254902005195618,0.9607843160629272,0.9529411792755127,calibrated_uv_reprojection_plus_stereo_left
69.50526428222656,-179.69593811035156,-624.7169189453125,249.4604677977855,160.33606357845122,-23.111739582119128,382.0000006548745,124.00000688231731,0.9058823585510254,0.9411764740943909,0.9333333373069763,calibrated_uv_reprojection_plus_stereo_left
70.765380859375,-179.50782775878906,-624.0289306640625,248.31525970490577,159.51465883016476,-22.61461001368025,382.99999900444107,123.99999439356864,0.7372549176216125,0.772549033164978,0.7647058963775635,calibrated_uv_reprojection_plus_stereo_left
72.15336608886719,-179.64486694335938,-624.4713745117188,247.8009965885667,158.12530594898135,-22.875829412108203,383.9999968382435,124.00000262349101,0.7490196228027344,0.7921568751335144,0.7803921699523926,calibrated_uv_reprojection_plus_stereo_left
73.50157165527344,-179.67953491210938,-624.557861328125,247.08778978513476,156.91436515689503,-22.898237350604518,385.0000036400322,123.9999966570094,0.7098039388656616,0.7529411911964417,0.7411764860153198,calibrated_uv_reprojection_plus_stereo_left
74.85808563232422,-179.73280334472656,-624.708984375,246.41009330134472,155.670079598165,-22.963979040461368,386.0000021484838,123.99999062700701,0.6784313917160034,0.7254902124404907,0.729411780834198,calibrated_uv_reprojection_plus_stereo_left
76.21694946289062,-179.7895965576172,-624.8724365234375,245.73871386355307,154.4187781855514,-23.03798089877415,386.9999966969346,124.00000617181743,0.6745098233222961,0.7254902124404907,0.729411780834198,calibrated_uv_reprojection_plus_stereo_left
77.58357238769531,-179.86228942871094,-625.0910034179688,245.09725513329153,153.1384414095864,-23.148897511624682,388.0000016378613,123.99999594817862,0.658823549747467,0.7058823704719543,0.7215686440467834,calibrated_uv_reprojection_plus_stereo_left
78.94926452636719,-179.93026733398438,-625.293212890625,244.446131156496,151.86552774201607,-23.248824913335852,389.00000174368864,123.99999798866284,0.6352941393852234,0.6823529601097107,0.7019608020782471,calibrated_uv_reprojection_plus_stereo_left
80.30062103271484,-179.96372985839844,-625.37548828125,243.72849489732238,150.65354729774754,-23.268321710785983,389.99999682915285,124.00000739842065,0.6470588445663452,0.6901960968971252,0.7098039388656616,calibrated_uv_reprojection_plus_stereo_left
81.65058135986328,-179.99288940429688,-625.4427490234375,243.0023162821111,149.4488412819333,-23.277730964824116,390.9999971165069,124.00000640085008,0.6235294342041016,0.6666666865348816,0.6901960968971252,calibrated_uv_reprojection_plus_stereo_left
83.04641723632812,-180.1204833984375,-625.8519897460938,242.4629325280772,148.06603774796076,-23.516356890797454,392.000000668425,123.99999879433778,0.6117647290229797,0.6549019813537598,0.6901960968971252,calibrated_uv_reprojection_plus_stereo_left
84.38321685791016,-180.11788940429688,-625.8088989257812,241.67554190897624,146.91736912389166,-23.45175900946316,393.0000008690547,124.00000164935872,0.6235294342041016,0.6666666865348816,0.7019608020782471,calibrated_uv_reprojection_plus_stereo_left
85.7215805053711,-180.11856079101562,-625.777099609375,240.89430178394923,145.76277091043335,-23.394720439152763,393.9999994029633,123.99999312499756,0.5921568870544434,0.6313725709915161,0.6666666865348816,calibrated_uv_reprojection_plus_stereo_left
87.0569839477539,-180.11294555664062,-625.7235107421875,240.10117037220357,144.6195587764363,-23.32308557547026,395.00000053220884,123.99999588601142,0.5803921818733215,0.6235294342041016,0.6509804129600525,calibrated_uv_reprojection_plus_stereo_left
88.40943908691406,-180.1421356201172,-625.7908325195312,239.37360651175686,143.41265408807368,-23.332472270073367,395.99999828596276,123.99999879980652,0.5764706134796143,0.6235294342041016,0.6392157077789307,calibrated_uv_reprojection_plus_stereo_left
89.7883529663086,-180.2234344482422,-626.0391235351562,238.7436516584105,142.10959872660493,-23.463096327614096,397.0000035515716,123.99999582714253,0.572549045085907,0.6235294342041016,0.6352941393852234,calibrated_uv_reprojection_plus_stereo_left
91.16500091552734,-180.29776000976562,-626.26318359375,238.09989697348288,140.81830605042643,-23.57745609853373,398.00000192119205,123.99999773593734,0.5803921818733215,0.6274510025978088,0.6470588445663452,calibrated_uv_reprojection_plus_stereo_left
92.5383071899414,-180.36331176757812,-626.4567260742188,237.43904868057797,139.54224835058068,-23.671338585621754,398.9999998469567,123.99999665595874,0.6000000238418579,0.6470588445663452,0.6666666865348816,calibrated_uv_reprojection_plus_stereo_left
93.96648406982422,-180.53228759765625,-627.0094604492188,236.97058275266642,138.0733028044645,-24.005803304185918,400.00000105715776,123.99999871154773,0.5843137502670288,0.6313725709915161,0.6509804129600525,calibrated_uv_reprojection_plus_stereo_left
95.33099365234375,-180.5758056640625,-627.12646484375,236.2670811825908,136.83582780535767,-24.04835315714564,400.9999946906587,124.00000952625285,0.4431372582912445,0.49803921580314636,0.5137255191802979,calibrated_uv_reprojection_plus_stereo_left
96.70015716552734,-180.626708984375,-627.2689819335938,235.57683846295066,135.58397849673986,-24.10795364562472,401.99999795262124,123.99999539250209,0.364705890417099,0.4313725531101227,0.4431372582912445,calibrated_uv_reprojection_plus_stereo_left
98.06134033203125,-180.66139221191406,-627.355224609375,234.85608914267732,134.3618200734429,-24.12985673370082,402.99999994691115,123.99999659377968,0.43921568989753723,0.5058823823928833,0.5137255191802979,calibrated_uv_reprojection_plus_stereo_left
99.43267822265625,-180.71348571777344,-627.5018920898438,234.1671811514991,133.10640500490388,-24.192204402517916,404.00000488370864,123.99999452979014,0.40784314274787903,0.4745098054409027,0.48627451062202454,calibrated_uv_reprojection_plus_stereo_left
100.82491302490234,-180.80157470703125,-627.7735595703125,233.5441907221561,131.78229663601388,-24.338232511228455,404.9999988735399,124.00000072410938,0.34117648005485535,0.40784314274787903,0.41960784792900085,calibrated_uv_reprojection_plus_stereo_left
102.23236083984375,-180.91415405273438,-628.1301879882812,232.9654419086503,130.41061045658978,-24.541101422822123,406.00000150255545,123.99999963002412,0.3333333432674408,0.4000000059604645,0.4117647111415863,calibrated_uv_reprojection_plus_stereo_left
103.65044403076172,-181.04229736328125,-628.5408325195312,232.41426289915847,129.00784072548913,-24.780089628650728,406.99999583486266,124.0000039281424,0.40784314274787903,0.47058823704719543,0.48235294222831726,calibrated_uv_reprojection_plus_stereo_left
105.17151641845703,-181.34461975097656,-629.5560913085938,232.18087591437848,127.27111509740985,-25.423752232253207,407.9999995592652,124.00000487972318,0.4588235318660736,0.5215686559677124,0.5333333611488342,calibrated_uv_reprojection_plus_stereo_left
106.70769500732422,-181.6649169921875,-630.6336059570312,231.97765535547364,125.4960731125147,-26.108959901962123,409.0000028957019,124.0000002159189,0.5882353186607361,0.6509804129600525,0.658823549747467,calibrated_uv_reprojection_plus_stereo_left
108.28298950195312,-182.04287719726562,-631.9111938476562,231.87672204034675,123.60613380146725,-26.927950562084277,409.99999914941213,124.00000301165673,0.48235294222831726,0.5411764979362488,0.5490196347236633,calibrated_uv_reprojection_plus_stereo_left
109.88457489013672,-182.45506286621094,-633.3074340820312,231.83469415371138,121.64535438138972,-27.826195039166635,410.9999956806288,124.00000565389715,0.37254902720451355,0.42352941632270813,0.4313725531101227,calibrated_uv_reprojection_plus_stereo_left
111.53614807128906,-182.93907165527344,-634.9527587890625,231.9192951628384,119.54039615713054,-28.890947571002584,412.00000563456456,123.9999989041674,0.3803921639919281,0.42352941632270813,0.43529412150382996,calibrated_uv_reprojection_plus_stereo_left
113.22522735595703,-183.4721221923828,-636.7681274414062,232.0884083446635,117.33406780185976,-30.06928882517269,413.000002168432,123.99999673028489,0.364705890417099,0.3921568691730499,0.3921568691730499,calibrated_uv_reprojection_plus_stereo_left
114.9625015258789,-184.06954956054688,-638.8067016601562,232.36905280014116,114.99557765851893,-31.396752751073848,414.00000142567694,123.99999280978867,0.32156863808631897,0.34117648005485535,0.33725491166114807,calibrated_uv_reprojection_plus_stereo_left
116.95269775390625,-185.05300903320312,-642.1846923828125,233.33960939338226,111.89566755255657,-33.62004886546799,415.00000565086486,123.99999044433656,0.364705890417099,0.3450980484485626,0.3137255012989044,calibrated_uv_reprojection_plus_stereo_left
119.69279479980469,-187.18626403808594,-649.55224609375,236.36708264442592,106.5308163223765,-38.511751125717524,416.00000370698797,123.99999827207566,0.40784314274787903,0.3686274588108063,0.32156863808631897,calibrated_uv_reprojection_plus_stereo_left
48.144195556640625,-183.37899780273438,-642.8756103515625,271.91228286790397,172.20227929030392,-36.61961127137147,365.0000012744856,124.9999967258907,0.5686274766921997,0.5137255191802979,0.4431372582912445,calibrated_uv_reprojection_plus_stereo_left
48.98161697387695,-181.4036102294922,-635.916015625,267.11416729741273,174.2757337920125,-31.900081078122525,365.9999996857211,124.99999900746158,0.5215686559677124,0.4901960790157318,0.4470588266849518,calibrated_uv_reprojection_plus_stereo_left
50.216487884521484,-180.96673583984375,-634.3501586914062,265.4391975406039,173.82946873915597,-30.81042107824112,367.000000869054,124.99999611355418,0.5607843399047852,0.5607843399047852,0.5607843399047852,calibrated_uv_reprojection_plus_stereo_left
51.4886474609375,-180.6834259033203,-633.32275390625,264.077362768068,173.13374830593511,-30.08319474994829,368.00000159154797,124.99999765938776,0.5647059082984924,0.5764706134796143,0.572549045085907,calibrated_uv_reprojection_plus_stereo_left
52.70071029663086,-180.2089080810547,-631.6253051757812,262.33364781790357,172.7603991798066,-28.90533140318996,368.99999905367275,125.00000474317798,0.5568627715110779,0.572549045085907,0.572549045085907,calibrated_uv_reprojection_plus_stereo_left
53.89643859863281,-179.70338439941406,-629.8193359375,260.53184686736427,172.44501524421423,-27.65465299452603,369.99999936994004,125.00000533767945,0.6745098233222961,0.6941176652908325,0.6901960968971252,calibrated_uv_reprojection_plus_stereo_left
55.107540130615234,-179.27227783203125,-628.2742919921875,258.88333625111613,172.0110920734595,-26.579664598981708,371.00000285677186,124.99999186810834,0.8666666746139526,0.886274516582489,0.8823529481887817,calibrated_uv_reprojection_plus_stereo_left
56.38978576660156,-179.08741760253906,-627.5924072265625,257.73031989167555,171.16736815755615,-26.085371926825644,372.00000019165157,124.9999896842082,0.9058823585510254,0.9254902005195618,0.9254902005195618,calibrated_uv_reprojection_plus_stereo_left
57.69440841674805,-178.9803466796875,-627.1832275390625,256.73389980610915,170.19426337884698,-25.77455039001302,373.0000001765267,124.99999753474239,0.8745098114013672,0.8980392217636108,0.8980392217636108,calibrated_uv_reprojection_plus_stereo_left
59.00539779663086,-178.8972625732422,-626.8580932617188,255.78605497810918,169.18173965427962,-25.520278636525006,374.0000017424743,124.99999603500024,0.8627451062202454,0.886274516582489,0.886274516582489,calibrated_uv_reprojection_plus_stereo_left
60.318077087402344,-178.8227081298828,-626.5628662109375,254.85582170337653,168.1556917162123,-25.286146109895014,375.0000018518088,124.99999254072151,0.8705882430076599,0.8941176533699036,0.8941176533699036,calibrated_uv_reprojection_plus_stereo_left
61.59920883178711,-178.6597137451172,-625.9578857421875,253.75117794593882,167.28196479705832,-24.843799476682932,375.9999976666455,125.00000627324442,0.8509804010391235,0.8745098114013672,0.8745098114013672,calibrated_uv_reprojection_plus_stereo_left
62.90312194824219,-178.56814575195312,-625.6030883789062,252.78894917396826,166.28755890286004,-24.56968853977878,377.00000202024097,124.99999535631375,0.8627451062202454,0.886274516582489,0.886274516582489,calibrated_uv_reprojection_plus_stereo_left
64.20489501953125,-178.4742889404297,-625.2403564453125,251.82300052961682,165.2982222726548,-24.29028647423513,377.99999884038533,124.99999516880604,0.8313725590705872,0.8627451062202454,0.8588235378265381,calibrated_uv_reprojection_plus_stereo_left
65.50920104980469,-178.39097595214844,-624.9146118164062,250.87857454171802,164.29177681088197,-24.035783791092342,378.9999994183649,124.99999874743133,0.8313725590705872,0.8666666746139526,0.8627451062202454,calibrated_uv_reprojection_plus_stereo_left
66.85749816894531,-178.42823791503906,-625.01123046875,250.17139320608084,163.07679441579705,-24.06517727716465,380.0000016160896,124.99999687791419,0.8666666746139526,0.9019607901573181,0.8941176533699036,calibrated_uv_reprojection_plus_stereo_left
68.13060760498047,-178.2671661376953,-624.4132080078125,249.07563450325904,162.20726186672232,-23.627740152248464,380.999995139931,125.00001091395549,0.9450980424880981,0.9764705896377563,0.9686274528503418,calibrated_uv_reprojection_plus_stereo_left
69.40160369873047,-178.10670471191406,-623.8172607421875,247.9823924666278,161.33872226041092,-23.191741907247774,381.9999988990336,124.99999880685397,0.7607843279838562,0.8039215803146362,0.7921568751335144,calibrated_uv_reprojection_plus_stereo_left
70.69942474365234,-178.01968383789062,-623.4786376953125,247.03366356142624,160.3431195224003,-22.92871650745292,382.99999916673625,124.99999819474306,0.7450980544090271,0.7882353067398071,0.7764706015586853,calibrated_uv_reprojection_plus_stereo_left
72.09976959228516,-178.18910217285156,-624.0381469726562,246.58429727700792,158.8962513182019,-23.269153366572255,384.0000020906838,125.00000231835017,0.6705882549285889,0.7137255072593689,0.7176470756530762,calibrated_uv_reprojection_plus_stereo_left
73.44313049316406,-178.21397399902344,-624.0913696289062,245.85297801857803,157.70305773989975,-23.269388077914186,385.00000129427775,124.99999993418402,0.6627451181411743,0.7019608020782471,0.7058823704719543,calibrated_uv_reprojection_plus_stereo_left
74.79638671875,-178.26141357421875,-624.2236328125,245.1651039840828,156.46939188280078,-23.32271096106109,385.99999522091684,125.00000292876902,0.686274528503418,0.729411780834198,0.7411764860153198,calibrated_uv_reprojection_plus_stereo_left
76.15525817871094,-178.3201904296875,-624.3955078125,244.49864609600894,155.21486142061883,-23.402610423793135,386.99999919079636,124.99999171066742,0.6745098233222961,0.7176470756530762,0.729411780834198,calibrated_uv_reprojection_plus_stereo_left
77.50333404541016,-178.35195922851562,-624.472900390625,243.7796389978327,154.007825190377,-23.41904253627706,387.9999958817542,125.0000031841733,0.6627451181411743,0.7098039388656616,0.729411780834198,calibrated_uv_reprojection_plus_stereo_left
78.86087799072266,-178.40394592285156,-624.6209716796875,243.09915277643785,152.7640441856152,-23.482913058122392,388.99999930777585,124.99999459132124,0.6509804129600525,0.6980392336845398,0.7176470756530762,calibrated_uv_reprojection_plus_stereo_left
80.20867919921875,-178.43240356445312,-624.6867065429688,242.37307023499892,151.5619401445441,-23.491479183818512,389.99999556875537,124.99999866592842,0.6549019813537598,0.7019608020782471,0.7215686440467834,calibrated_uv_reprojection_plus_stereo_left
81.55984497070312,-178.46714782714844,-624.7744140625,241.65872217186984,150.34804627037573,-23.514782729591957,390.9999995808804,124.9999978406367,0.6235294342041016,0.6705882549285889,0.6901960968971252,calibrated_uv_reprojection_plus_stereo_left
82.95301055908203,-178.59107971191406,-625.17431640625,241.1143363859772,148.9717402504864,-23.74768233359822,392.0000000171129,124.99999701767416,0.5764706134796143,0.6235294342041016,0.6470588445663452,calibrated_uv_reprojection_plus_stereo_left
84.2918930053711,-178.59593200683594,-625.1574096679688,240.34200258402768,147.81071549766642,-23.700713820730527,392.9999980547775,125.0000102676515,0.5568627715110779,0.6039215922355652,0.6274510025978088,calibrated_uv_reprojection_plus_stereo_left
85.6246566772461,-178.5877685546875,-625.0948486328125,239.54482043659362,146.6734101925884,-23.623080433855705,393.99999848851166,125.00000360130451,0.5803921818733215,0.6274510025978088,0.6509804129600525,calibrated_uv_reprojection_plus_stereo_left
86.96337890625,-178.5919647216797,-625.0755615234375,238.77111638313687,145.51347481599674,-23.5744978961971,395.0000007139866,124.99999981168207,0.6078431606292725,0.6549019813537598,0.6745098233222961,calibrated_uv_reprojection_plus_stereo_left
88.31852722167969,-178.62913513183594,-625.1716918945312,238.05973199026317,144.29271402925838,-23.603380897520026,396.0000025958134,124.99999950828624,0.5882353186607361,0.6352941393852234,0.6470588445663452,calibrated_uv_reprojection_plus_stereo_left
89.69552612304688,-178.70863342285156,-625.4159545898438,237.42789550017716,142.9932159591993,-23.731665645379508,396.9999961912408,125.00000247890426,0.5529412031173706,0.6000000238418579,0.615686297416687,calibrated_uv_reprojection_plus_stereo_left
91.06572723388672,-178.77230834960938,-625.6047973632812,236.76551654551093,141.72197323677733,-23.82272387002979,398.00000185568626,125.00000229856556,0.5686274766921997,0.615686297416687,0.6352941393852234,calibrated_uv_reprojection_plus_stereo_left
92.43605041503906,-178.83428955078125,-625.7876586914062,236.0993600317177,140.4530304109909,-23.909737466543277,399.00000017146954,124.99999587222149,0.5647059082984924,0.6196078658103943,0.6352941393852234,calibrated_uv_reprojection_plus_stereo_left
93.85253143310547,-178.98239135742188,-626.2719116210938,235.5940758577596,139.02240982835497,-24.198956138443236,399.99999970653323,125.00000541332497,0.5647059082984924,0.6313725709915161,0.6431372761726379,calibrated_uv_reprojection_plus_stereo_left
95.20586395263672,-179.00750732421875,-626.3257446289062,234.85746047902086,137.8202733037703,-24.19933880728871,400.99999431368866,125.00000434811216,0.5215686559677124,0.5882353186607361,0.5960784554481506,calibrated_uv_reprojection_plus_stereo_left
96.55919647216797,-179.03179931640625,-626.3766479492188,234.1190333211943,136.6193129193237,-24.19773892033095,402.0000003836861,124.99999571480839,0.3960784375667572,0.4627451002597809,0.46666666865348816,calibrated_uv_reprojection_plus_stereo_left
97.9225082397461,-179.0735626220703,-626.4887084960938,233.41289476464675,135.3850142065936,-24.237157731515993,403.0000038430159,124.9999965858259,0.32549020648002625,0.3921568691730499,0.3960784375667572,calibrated_uv_reprojection_plus_stereo_left
99.2952880859375,-179.13119506835938,-626.65625,232.73582385508365,134.12010264149455,-24.31376865819726,404.00000012897345,124.99999381123976,0.3333333432674408,0.4000000059604645,0.40392157435417175,calibrated_uv_reprojection_plus_stereo_left
100.71035766601562,-179.26243591308594,-627.081298828125,232.1945831755063,132.71456338484825,-24.563063215472937,405.00000263539,124.99999958159339,0.34117648005485535,0.40784314274787903,0.4117647111415863,calibrated_uv_reprojection_plus_stereo_left
102.12527465820312,-179.38987731933594,-627.4929809570312,231.64513447269758,131.314539435528,-24.803336425325995,405.99999797581063,124.99999993606863,0.33725491166114807,0.40392157435417175,0.40784314274787903,calibrated_uv_reprojection_plus_stereo_left
103.5751953125,-179.5745849609375,-628.1049194335938,231.200118796803,129.80330425125942,-25.177840761584264,406.99999752992534,125.00000117563309,0.3176470696926117,0.3764705955982208,0.3843137323856354,calibrated_uv_reprojection_plus_stereo_left
105.1042251586914,-179.88986206054688,-629.1734008789062,230.99359665349738,128.03912604450466,-25.85837270388828,408.0000014820043,124.99999006141317,0.501960813999176,0.5529412031173706,0.5607843399047852,calibrated_uv_reprojection_plus_stereo_left
106.63190460205078,-180.19476318359375,-630.20556640625,230.7652724921257,126.29076783660264,-26.514443357807636,409.0000002750109,124.99999891060901,0.5607843399047852,0.6078431606292725,0.6196078658103943,calibrated_uv_reprojection_plus_stereo_left
108.23464965820312,-180.61721801757812,-631.648681640625,230.74942685207532,124.31136473367133,-27.44587944979537,410.00000057975416,124.99999972838131,0.40392157435417175,0.45098039507865906,0.4627451002597809,calibrated_uv_reprojection_plus_stereo_left
109.90629577636719,-181.1427001953125,-633.451904296875,230.91799150103463,122.12677997405734,-28.61853283198019,411.0000050868638,124.99999748732236,0.3803921639919281,0.42352941632270813,0.4313725531101227,calibrated_uv_reprojection_plus_stereo_left
111.60224151611328,-181.69483947753906,-635.3482055664062,231.1305139338735,119.88350782773455,-29.853372500983937,411.999997565354,125.00000904175644,0.3764705955982208,0.4156862795352936,0.42352941632270813,calibrated_uv_reprojection_plus_stereo_left
113.32518768310547,-182.27700805664062,-637.3492431640625,231.3927210544785,117.57448194739914,-31.158177653435303,412.99999651526605,125.00000957526805,0.3294117748737335,0.3490196168422699,0.3490196168422699,calibrated_uv_reprojection_plus_stereo_left
115.17096710205078,-183.0404510498047,-639.9838256835938,231.9784501198513,114.90306571674557,-32.88731652862083,413.99999514136476,125.00000151456726,0.32156863808631897,0.33725491166114807,0.3333333432674408,calibrated_uv_reprojection_plus_stereo_left
117.35130310058594,-184.31126403808594,-644.3920288085938,233.4751542963133,111.22527616995995,-35.8046553659421,415.00000012145495,125.0000013699356,0.4000000059604645,0.35686275362968445,0.3019607961177826,calibrated_uv_reprojection_plus_stereo_left
47.08171844482422,-183.22425842285156,-647.2007446289062,274.19029792404035,171.9553168927756,-40.27517282126689,363.9999998750689,126.00000285849677,0.6509804129600525,0.5568627715110779,0.4627451002597809,calibrated_uv_reprojection_plus_stereo_left
47.71385192871094,-180.3970489501953,-637.1798095703125,267.6236267188195,175.43242645964915,-33.48397028095172,365.0000011893562,126.00000081942983,0.4901960790157318,0.47843137383461,0.43529412150382996,calibrated_uv_reprojection_plus_stereo_left
48.888973236083984,-179.72227478027344,-634.7621459960938,265.4574239605175,175.3793731087166,-31.81838904016803,366.0000010372216,125.99999779461606,0.5529412031173706,0.5490196347236633,0.5254902243614197,calibrated_uv_reprojection_plus_stereo_left
50.14732360839844,-179.38136291503906,-633.5238647460938,263.97436319341324,174.7796097465416,-30.947898551655385,367.0000002078331,125.99999891697584,0.572549045085907,0.5764706134796143,0.5764706134796143,calibrated_uv_reprojection_plus_stereo_left
51.33723068237305,-178.81971740722656,-631.5061645507812,262.047483635149,174.5528723063843,-29.55231139127028,368.00000302354425,125.99999559231483,0.5607843399047852,0.5764706134796143,0.5764706134796143,calibrated_uv_reprojection_plus_stereo_left
52.53963088989258,-178.32901000976562,-629.7391967773438,260.26879538550685,174.21444383926746,-28.32589694256569,369.00000151355135,125.99999506749336,0.6078431606292725,0.6313725709915161,0.6313725709915161,calibrated_uv_reprojection_plus_stereo_left
53.77843475341797,-177.98304748535156,-628.4835205078125,258.7860866788953,173.63872028932678,-27.44416297306344,370.00000213574043,125.99999264596534,0.7803921699523926,0.8078431487083435,0.8039215803146362,calibrated_uv_reprojection_plus_stereo_left
55.0398063659668,-177.7266082763672,-627.5441284179688,257.4864311380513,172.91617064566555,-26.775654778800288,370.9999971972133,126.00000100806508,0.8588235378265381,0.8901960849761963,0.886274516582489,calibrated_uv_reprojection_plus_stereo_left
56.31782531738281,-177.5346221923828,-626.8323364257812,256.31829100610497,172.08759680620153,-26.26055966861844,372.00000118697903,125.99999570443262,0.8470588326454163,0.8745098114013672,0.8745098114013672,calibrated_uv_reprojection_plus_stereo_left
57.634761810302734,-177.47120666503906,-626.5745849609375,255.409228259712,171.04255629036538,-26.051382387992362,373.00000064395493,125.99999913335805,0.8470588326454163,0.8705882430076599,0.8705882430076599,calibrated_uv_reprojection_plus_stereo_left
58.93513488769531,-177.3606414794922,-626.150390625,254.4064984305669,170.07887259205194,-25.73012304592538,374.000001303408,126.00000058043591,0.8666666746139526,0.8901960849761963,0.8901960849761963,calibrated_uv_reprojection_plus_stereo_left
60.250606536865234,-177.2992401123047,-625.8997802734375,253.50269737196453,169.0322362152516,-25.525808775561188,375.0000021684715,125.99999899744807,0.8941176533699036,0.9176470637321472,0.9176470637321472,calibrated_uv_reprojection_plus_stereo_left
61.51049041748047,-177.08030700683594,-625.0931396484375,252.28611714905594,168.25761591135557,-24.94708192702052,375.9999997898222,126.00000471909718,0.8901960849761963,0.9137254953384399,0.9137254953384399,calibrated_uv_reprojection_plus_stereo_left
62.8112678527832,-176.98573303222656,-624.7255249023438,251.31820250388967,167.27083424193938,-24.664061280697524,376.99999878230335,126.000006216511,0.9019607901573181,0.9254902005195618,0.9254902005195618,calibrated_uv_reprojection_plus_stereo_left
64.11669921875,-176.90777587890625,-624.4165649414062,250.38397662902202,166.25641016933383,-24.420564985625617,377.9999987995967,126.00000116110166,0.9098039269447327,0.9490196108818054,0.9529411792755127,calibrated_uv_reprojection_plus_stereo_left
65.424072265625,-176.8380889892578,-624.1368408203125,249.4667506895732,165.22854168079596,-24.196784083693615,378.9999962515806,125.99999997578456,0.886274516582489,0.929411768913269,0.929411768913269,calibrated_uv_reprojection_plus_stereo_left
66.7386245727539,-176.7900390625,-623.9334716796875,248.5927401784793,164.16371243897828,-24.024426216517554,379.9999985800301,125.99999199824117,0.9176470637321472,0.9490196108818054,0.9411764740943909,calibrated_uv_reprojection_plus_stereo_left
68.02783203125,-176.67787170410156,-623.50390625,247.59303404818735,163.21192869143073,-23.699834343905422,381.000002601641,125.99999682197796,0.8705882430076599,0.9058823585510254,0.8980392217636108,calibrated_uv_reprojection_plus_stereo_left
69.3352279663086,-176.61622619628906,-623.252685546875,246.69344027312894,162.17258721177274,-23.495328796717843,381.9999953152893,126.00000566651175,0.7215686440467834,0.7647058963775635,0.7568627595901489,calibrated_uv_reprojection_plus_stereo_left
70.65202331542969,-176.58023071289062,-623.0919189453125,245.844541073478,161.08867521936924,-23.351712109645405,382.9999999783739,125.99999792345798,0.729411780834198,0.772549033164978,0.7647058963775635,calibrated_uv_reprojection_plus_stereo_left
72.03813171386719,-176.7154541015625,-623.5353393554688,245.3304246417145,159.70142437404485,-23.614709165132638,384.00000168700063,125.99999739413641,0.658823549747467,0.7058823704719543,0.7176470756530762,calibrated_uv_reprojection_plus_stereo_left
73.38673400878906,-176.7552947998047,-623.6421508789062,244.6291600222001,158.48220355731638,-23.651141278519958,385.00000404447627,125.99999283570136,0.6549019813537598,0.7019608020782471,0.7137255072593689,calibrated_uv_reprojection_plus_stereo_left
74.72864532470703,-176.7777557373047,-623.6876831054688,243.8937352687418,157.29345974197304,-23.646332283503284,385.99999917589867,125.9999998867371,0.6392157077789307,0.6823529601097107,0.6941176652908325,calibrated_uv_reprojection_plus_stereo_left
76.08177185058594,-176.82534790039062,-623.8218383789062,243.20682709786144,156.0593036623215,-23.70113352200957,387.00000039967244,126.00000116506627,0.6313725709915161,0.6745098233222961,0.686274528503418,calibrated_uv_reprojection_plus_stereo_left
77.42698669433594,-176.8531036376953,-623.885986328125,242.48106086241154,154.86019040676433,-23.70881615951862,388.0000001024963,126.00000018256162,0.6470588445663452,0.6941176652908325,0.7098039388656616,calibrated_uv_reprojection_plus_stereo_left
78.78146362304688,-176.9005889892578,-624.0197143554688,241.79312272864655,153.62502647619442,-23.76329056110552,388.99999917913965,125.99999826402379,0.6392157077789307,0.686274528503418,0.7019608020782471,calibrated_uv_reprojection_plus_stereo_left
80.1325912475586,-176.93894958496094,-624.1212768554688,241.08715888180353,152.40571929646802,-23.796114854070936,390.00000085933675,126.0000048943603,0.6313725709915161,0.6784313917160034,0.6980392336845398,calibrated_uv_reprojection_plus_stereo_left
81.48206329345703,-176.97235107421875,-624.2052612304688,240.37126397034916,151.19491439552058,-23.817089479199524,391.0000023136092,125.99999650565641,0.6352941393852234,0.6823529601097107,0.7019608020782471,calibrated_uv_reprojection_plus_stereo_left
82.86431121826172,-177.0745849609375,-624.5321044921875,239.7871224672473,149.8579033406371,-24.00138940724753,391.9999954710315,126.00001042989135,0.615686297416687,0.6627451181411743,0.6823529601097107,calibrated_uv_reprojection_plus_stereo_left
84.20282745361328,-177.08148193359375,-624.5225830078125,239.01954236574812,148.69424544995258,-23.959443612191535,392.99999857809223,126.00000432123204,0.6039215922355652,0.6509804129600525,0.6705882549285889,calibrated_uv_reprojection_plus_stereo_left
85.53754425048828,-177.08018493652344,-624.4841918945312,238.23623612054263,147.54551086566516,-23.898086409151688,393.999995606681,126.00000476883875,0.5764706134796143,0.6235294342041016,0.6431372761726379,calibrated_uv_reprojection_plus_stereo_left
86.87422180175781,-177.08279418945312,-624.4595336914062,237.46032872433562,146.38954060114986,-23.84595509869598,395.00000083701644,125.99999655749824,0.5647059082984924,0.6117647290229797,0.6313725709915161,calibrated_uv_reprojection_plus_stereo_left
88.23737335205078,-177.1383514404297,-624.6216430664062,236.78502611041665,145.1354052504451,-23.919391250918864,396.00000016033323,126.00000232298947,0.5960784554481506,0.6431372761726379,0.6627451181411743,calibrated_uv_reprojection_plus_stereo_left
89.60527801513672,-177.2015380859375,-624.8106079101562,236.123657738132,143.86632540407072,-24.01085303375305,397.0000007309487,126.00000320879343,0.6313725709915161,0.6784313917160034,0.6980392336845398,calibrated_uv_reprojection_plus_stereo_left
90.9725341796875,-177.26148986816406,-624.9881591796875,235.45558520702656,142.60240155440073,-24.09461866519888,397.9999992981976,126.00000780376027,0.6078431606292725,0.6549019813537598,0.6745098233222961,calibrated_uv_reprojection_plus_stereo_left
92.33795166015625,-177.3160858154297,-625.146728515625,234.77681722578757,141.34770350543909,-24.165589817764783,398.9999965578632,125.99999645777612,0.572549045085907,0.6196078658103943,0.6392157077789307,calibrated_uv_reprojection_plus_stereo_left
93.73990631103516,-177.43814086914062,-625.5431518554688,234.22457259520849,139.96552480460917,-24.396395828340758,400.000000127511,125.99999684070644,0.5607843399047852,0.6078431606292725,0.6274510025978088,calibrated_uv_reprojection_plus_stereo_left
95.08168029785156,-177.4443359375,-625.5311279296875,233.45357537411792,138.80003888748405,-24.352681184332937,401.0000011149359,126.00000427451465,0.529411792755127,0.5764706134796143,0.5921568870544434,calibrated_uv_reprojection_plus_stereo_left
96.42892456054688,-177.46034240722656,-625.5536499023438,232.70087044751028,137.61588982934853,-24.332170194982496,401.9999961602012,126.00000407225792,0.4274509847164154,0.4745098054409027,0.48627451062202454,calibrated_uv_reprojection_plus_stereo_left
97.78370666503906,-177.48947143554688,-625.6223754882812,231.97250357398121,136.40658692373648,-24.34268788112081,403.00000220945645,125.99999466583128,0.33725491166114807,0.3960784375667572,0.40392157435417175,calibrated_uv_reprojection_plus_stereo_left
99.16596984863281,-177.56690979003906,-625.8614501953125,231.33399418742988,135.1048434524272,-24.467650224535987,404.0000005889139,126.00000392887509,0.3294117748737335,0.3960784375667572,0.4000000059604645,calibrated_uv_reprojection_plus_stereo_left
100.60328674316406,-177.7394561767578,-626.4356079101562,230.87172504240255,133.62036520044256,-24.817664617205992,405.0000049668009,125.99999406034337,0.3333333432674408,0.4000000059604645,0.40392157435417175,calibrated_uv_reprojection_plus_stereo_left
102.05603790283203,-177.9342803955078,-627.0882568359375,230.449280897424,132.09087625327015,-25.220338463550547,405.99999960961543,125.99999379187827,0.32549020648002625,0.3921568691730499,0.3960784375667572,calibrated_uv_reprojection_plus_stereo_left
103.51082611083984,-178.12742614746094,-627.7349853515625,230.021995747198,130.56199885775834,-25.618966209731752,406.9999957200661,126.00000846676082,0.38823530077934265,0.45490196347236633,0.4588235318660736,calibrated_uv_reprojection_plus_stereo_left
105.01551055908203,-178.40029907226562,-628.6624755859375,229.74024378541452,128.87672000520922,-26.206056871008684,407.99999882797096,125.999999386099,0.5960784554481506,0.6627451181411743,0.6666666865348816,calibrated_uv_reprojection_plus_stereo_left
106.59571075439453,-178.79283142089844,-630.0115356445312,229.676632422186,126.95610508219278,-27.07614214330539,408.9999966047079,125.99999708887611,0.45098039507865906,0.501960813999176,0.5137255191802979,calibrated_uv_reprojection_plus_stereo_left
108.24906921386719,-179.29660034179688,-631.75244140625,229.81408735283424,124.81416226781886,-28.20919354697412,409.9999997851106,126.00000633139376,0.3686274588108063,0.4156862795352936,0.4274509847164154,calibrated_uv_reprojection_plus_stereo_left
109.940185546875,-179.84962463378906,-633.6666259765625,230.03739912697324,122.56961908752629,-29.458374639596116,411.00000126860334,126.00000099714035,0.38823530077934265,0.43529412150382996,0.4313725531101227,calibrated_uv_reprojection_plus_stereo_left
111.67928314208984,-180.4665985107422,-635.805908203125,230.37283043544028,120.19273611351588,-30.858456552931784,412.0000020048765,125.9999974346234,0.33725491166114807,0.3803921639919281,0.3686274588108063,calibrated_uv_reprojection_plus_stereo_left
113.4977035522461,-181.19525146484375,-638.33837890625,230.90666569640683,117.58860077731214,-32.52223910080198,413.0000017443474,125.99999142388862,0.30588236451148987,0.32549020648002625,0.30588236451148987,calibrated_uv_reprojection_plus_stereo_left
115.40436553955078,-182.04563903808594,-641.2994995117188,231.65577308082345,114.73519024470568,-34.47347355144598,413.9999980745239,126.00000419379413,0.34117648005485535,0.3529411852359772,0.3294117748737335,calibrated_uv_reprojection_plus_stereo_left
46.45305252075195,-179.432373046875,-638.6112670898438,268.2289022867779,176.51792923760632,-35.18386768387904,363.99999943301066,126.99999531165517,0.545098066329956,0.4745098054409027,0.4000000059604645,calibrated_uv_reprojection_plus_stereo_left
47.55402374267578,-178.45425415039062,-635.0958862304688,265.43039054771253,176.96779375751908,-32.7743737211934,365.00000214664146,126.99999481809445,0.529411792755127,0.529411792755127,0.5058823823928833,calibrated_uv_reprojection_plus_stereo_left
48.78462600708008,-178.00308227539062,-633.4561767578125,263.71695422901377,176.5522165667225,-31.631508698092773,365.9999998895965,127.00000718315383,0.5686274766921997,0.5764706134796143,0.5647059082984924,calibrated_uv_reprojection_plus_stereo_left
49.98273468017578,-177.46066284179688,-631.4918212890625,261.8214549521202,176.29519164521895,-30.269663777117387,367.00000025662575,126.99999584121505,0.5647059082984924,0.5803921818733215,0.5764706134796143,calibrated_uv_reprojection_plus_stereo_left
51.20443344116211,-177.02804565429688,-629.91845703125,260.15408421456476,175.86076259953063,-29.171952709558468,367.99999921507447,127.0000002975143,0.5803921818733215,0.6000000238418579,0.5960784554481506,calibrated_uv_reprojection_plus_stereo_left
52.419986724853516,-176.59664916992188,-628.3495483398438,258.49297448830936,175.4299002873979,-28.077413853846338,369.0000009880948,126.99999385416575,0.7137255072593689,0.7372549176216125,0.7372549176216125,calibrated_uv_reprojection_plus_stereo_left
53.69161605834961,-176.3707733154297,-627.5120849609375,257.25185490781115,174.65673172588623,-27.476673726315482,369.99999912642113,126.99999928382903,0.7843137383460999,0.8156862854957581,0.8117647171020508,calibrated_uv_reprojection_plus_stereo_left
54.97077941894531,-176.17984008789062,-626.7990112304688,256.0833027667853,173.8270944409448,-26.959959026571482,370.99999877290054,127.00000229558387,0.7686274647712708,0.8039215803146362,0.800000011920929,calibrated_uv_reprojection_plus_stereo_left
56.26346969604492,-176.0401153564453,-626.2681274414062,255.01962818435237,172.91257080552708,-26.566242098316195,372.000002085536,126.99999321638975,0.7843137383460999,0.8117647171020508,0.8078431487083435,calibrated_uv_reprojection_plus_stereo_left
57.557552337646484,-175.91094970703125,-625.77490234375,253.97841905230882,171.98173191080457,-26.197994116337156,373.0000022614901,126.9999934560258,0.800000011920929,0.8235294222831726,0.8235294222831726,calibrated_uv_reprojection_plus_stereo_left
58.8637580871582,-175.82366943359375,-625.4307861328125,253.02242168790167,170.98051540444027,-25.930399420596018,373.99999943798326,127.00000809974208,0.8274509906768799,0.8509804010391235,0.8509804010391235,calibrated_uv_reprojection_plus_stereo_left
60.17338943481445,-175.75010681152344,-625.1353759765625,252.09459180247893,169.9567599348884,-25.695676645403182,375.00000123118434,126.99999768569609,0.8509804010391235,0.8745098114013672,0.8745098114013672,calibrated_uv_reprojection_plus_stereo_left
61.422786712646484,-175.5074462890625,-624.2386474609375,250.8295040904016,169.22675733313338,-25.055398815147385,375.9999987765932,127.00000756416452,0.8549019694328308,0.886274516582489,0.8823529481887817,calibrated_uv_reprojection_plus_stereo_left
62.72384262084961,-175.41940307617188,-623.891845703125,249.87479793074806,168.2310986956847,-24.786108364181246,377.00000058473734,127.00000216751761,0.8745098114013672,0.9058823585510254,0.9019607901573181,calibrated_uv_reprojection_plus_stereo_left
64.0354232788086,-175.3636932373047,-623.6600952148438,248.98517916901625,167.1801134585034,-24.594446790978168,377.9999972644504,127.00000290552475,0.9098039269447327,0.9490196108818054,0.9607843160629272,calibrated_uv_reprojection_plus_stereo_left
65.34480285644531,-175.30416870117188,-623.414794921875,248.08844222992178,166.13648277225224,-24.39366814914473,379.0000002035527,127.00000286517465,0.8784313797950745,0.9215686321258545,0.9333333373069763,calibrated_uv_reprojection_plus_stereo_left
66.63270568847656,-175.1904296875,-622.9766845703125,247.08481169206135,165.18892034704595,-24.06289641438491,379.9999981196594,126.99999329550766,0.8980392217636108,0.9411764740943909,0.9333333373069763,calibrated_uv_reprojection_plus_stereo_left
67.95448303222656,-175.16827392578125,-622.8643188476562,246.2631500625322,164.0811531912937,-23.951802765446587,381.0000029005317,126.99999440912418,0.7490196228027344,0.7921568751335144,0.7843137383460999,calibrated_uv_reprojection_plus_stereo_left
69.28787994384766,-175.1762237548828,-622.8590087890625,245.50101782620965,162.92030897030406,-23.91289147526612,381.99999938970126,126.99999648000573,0.7450980544090271,0.7882353067398071,0.7803921699523926,calibrated_uv_reprojection_plus_stereo_left
70.62165832519531,-175.1846466064453,-622.8554077148438,244.73971777653355,161.75845021636678,-23.8751318792319,383.00000155552334,127.00000530733251,0.6901960968971252,0.7333333492279053,0.7254902124404907,calibrated_uv_reprojection_plus_stereo_left
71.99493408203125,-175.28880310058594,-623.1920776367188,244.16618839592496,160.42564050160956,-24.06671875024466,384.00000344350605,126.99999731449543,0.6627451181411743,0.7058823704719543,0.7176470756530762,calibrated_uv_reprojection_plus_stereo_left
73.33787536621094,-175.31651306152344,-623.2570190429688,243.44202108523376,159.22829601556816,-24.075128437893227,385.00000069047843,127.00000691582272,0.6470588445663452,0.6901960968971252,0.7019608020782471,calibrated_uv_reprojection_plus_stereo_left
74.67505645751953,-175.32957458496094,-623.2698364257812,242.68893574475072,158.05687945179068,-24.048390888440224,386.00000045754786,127.00000829301518,0.6196078658103943,0.6666666865348816,0.6784313917160034,calibrated_uv_reprojection_plus_stereo_left
76.01841735839844,-175.3563232421875,-623.3312377929688,241.96236342286477,156.86057720870724,-24.054377762650745,386.99999763720655,126.9999964182835,0.615686297416687,0.6627451181411743,0.6745098233222961,calibrated_uv_reprojection_plus_stereo_left
77.36267852783203,-175.384033203125,-623.3961181640625,241.23741294954448,155.66210280807218,-24.062707170437136,387.9999963699583,127.00000017295139,0.6078431606292725,0.6549019813537598,0.6666666865348816,calibrated_uv_reprojection_plus_stereo_left
78.70880126953125,-175.41482543945312,-623.471923828125,240.5181567863117,154.4576202443671,-24.07838242509689,388.9999956912984,127.00000015960958,0.5764706134796143,0.6235294342041016,0.6352941393852234,calibrated_uv_reprojection_plus_stereo_left
80.05685424804688,-175.44866943359375,-623.55859375,239.80450794840976,153.24709984200717,-24.101367513463515,390.0000001965601,127.00000681529446,0.6039215922355652,0.6509804129600525,0.6666666865348816,calibrated_uv_reprojection_plus_stereo_left
81.40278625488281,-175.4767303466797,-623.6246337890625,239.07933326776111,152.0466972486929,-24.110430768015817,391.0000021695748,127.00000013512263,0.6549019813537598,0.7019608020782471,0.7176470756530762,calibrated_uv_reprojection_plus_stereo_left
82.77803802490234,-175.56594848632812,-623.9080810546875,238.47177746701533,150.73352380186088,-24.265940381202086,391.99999525614743,127.00001141646672,0.6352941393852234,0.6823529601097107,0.7019608020782471,calibrated_uv_reprojection_plus_stereo_left
84.11790466308594,-175.57835388183594,-623.9183959960938,237.7156372455711,149.56075772143504,-24.23742354050694,393.0000027148903,126.99999275485823,0.6274510025978088,0.6745098233222961,0.6941176652908325,calibrated_uv_reprojection_plus_stereo_left
85.45643615722656,-175.58750915527344,-623.917236328125,236.9531508678886,148.39376823254145,-24.20118395441176,394.00000161960253,126.99999100847128,0.6117647290229797,0.658823549747467,0.6784313917160034,calibrated_uv_reprojection_plus_stereo_left
86.79559326171875,-175.59751892089844,-623.919189453125,236.19221480399165,147.22499392931115,-24.16704731776383,394.9999959063836,127.00000648774619,0.5764706134796143,0.6235294342041016,0.6431372761726379,calibrated_uv_reprojection_plus_stereo_left
88.15769958496094,-175.65283203125,-624.08203125,235.5176348631005,145.97165887121696,-24.241234237113247,395.99999754330327,127.00000816662575,0.5607843399047852,0.6078431606292725,0.6274510025978088,calibrated_uv_reprojection_plus_stereo_left
89.5230484008789,-175.71275329589844,-624.2611694335938,234.85128895630362,144.70895270676783,-24.326362297628748,397.0000010021868,126.9999987804054,0.572549045085907,0.6196078658103943,0.6392157077789307,calibrated_uv_reprojection_plus_stereo_left
90.88796997070312,-175.7699737548828,-624.4307250976562,234.17925819175622,143.4504672532105,-24.405018450204636,398.0000002532587,126.99999711725175,0.6117647290229797,0.658823549747467,0.6784313917160034,calibrated_uv_reprojection_plus_stereo_left
92.24998474121094,-175.8198699951172,-624.5742797851562,233.49280888749058,142.2049515533294,-24.466151716306285,399.0000004993768,127.00000404855231,0.615686297416687,0.6627451181411743,0.6823529601097107,calibrated_uv_reprojection_plus_stereo_left
93.62776184082031,-175.89785766601562,-624.8175659179688,232.85901391574987,140.90567907946075,-24.594392777618225,399.9999984656704,127.00000395382057,0.5803921818733215,0.6274510025978088,0.6470588445663452,calibrated_uv_reprojection_plus_stereo_left
94.96424102783203,-175.8970489501953,-624.7809448242188,232.07578312565198,139.75470585644524,-24.53419799932334,400.9999945584535,127.00000522844334,0.5098039507865906,0.5647059082984924,0.5764706134796143,calibrated_uv_reprojection_plus_stereo_left
96.30570220947266,-175.90524291992188,-624.7762451171875,231.3094501782408,138.58657668629598,-24.495478247451103,402.0000013648584,126.99999540539196,0.5176470875740051,0.5843137502670288,0.5882353186607361,calibrated_uv_reprojection_plus_stereo_left
97.64704132080078,-175.9128875732422,-624.7696533203125,230.54200462374325,137.41932030197262,-24.455489702826867,403.0000003002959,126.99999892119843,0.5137255191802979,0.5803921818733215,0.5843137502670288,calibrated_uv_reprojection_plus_stereo_left
99.04512786865234,-176.0210723876953,-625.1201171875,229.96286587142697,136.05934431045523,-24.655767779577616,403.9999982999253,127.00000293730903,0.3686274588108063,0.43529412150382996,0.43921568989753723,calibrated_uv_reprojection_plus_stereo_left
100.50318908691406,-176.23143005371094,-625.8333740234375,229.57374256288148,134.50153223561477,-25.100111445541586,404.9999980914341,127.00000687209376,0.32156863808631897,0.38823530077934265,0.3921568691730499,calibrated_uv_reprojection_plus_stereo_left
101.97102355957031,-176.4530792236328,-626.5866088867188,229.20376462948474,132.9191554948162,-25.57126093313974,405.99999500570476,127.0000032119774,0.30588236451148987,0.37254902720451355,0.3764705955982208,calibrated_uv_reprojection_plus_stereo_left
103.46910095214844,-176.7205047607422,-627.5023193359375,228.91695496382886,131.24522972346358,-26.15162749015468,406.9999982803299,127.00000352059166,0.5372549295425415,0.6039215922355652,0.6078431606292725,calibrated_uv_reprojection_plus_stereo_left
104.97314453125,-176.9910430908203,-628.428955078125,228.63350469819437,129.5617151863362,-26.739230430463465,408.0000000662771,126.99999901503318,0.529411792755127,0.5921568870544434,0.5960784554481506,calibrated_uv_reprojection_plus_stereo_left
106.56430053710938,-177.39964294433594,-629.845703125,228.60328012122898,127.60562843630402,-27.65639630931372,409.00000086118234,127.00000275873847,0.3843137323856354,0.43529412150382996,0.4470588266849518,calibrated_uv_reprojection_plus_stereo_left
108.23947143554688,-177.93605041503906,-631.7160034179688,228.8054716942221,125.39432750366001,-28.878440559805654,410.00000305804065,126.99999870628338,0.3803921639919281,0.4274509847164154,0.43921568989753723,calibrated_uv_reprojection_plus_stereo_left
109.95327758789062,-178.5218505859375,-633.761474609375,229.09389639296444,123.0790668565121,-30.21807768278933,410.9999987255375,127.00000124977606,0.3686274588108063,0.4117647111415863,0.40392157435417175,calibrated_uv_reprojection_plus_stereo_left
111.73921203613281,-179.2089385986328,-636.166259765625,229.56327373264838,120.55676346904323,-31.799100400163468,412.0000001565057,127.00000028897455,0.30980393290519714,0.3490196168422699,0.33725491166114807,calibrated_uv_reprojection_plus_stereo_left
113.57369995117188,-179.95631408691406,-638.7847900390625,230.13707677732236,117.90637404753659,-33.523569504722104,412.9999965197619,127.00000138000749,0.33725491166114807,0.34117648005485535,0.3137255012989044,calibrated_uv_reprojection_plus_stereo_left
45.028297424316406,-177.837646484375,-637.8045043945312,267.5437729626294,178.6447274699667,-35.373163140605016,363.0000001080803,128.00000523277228,0.572549045085907,0.5098039507865906,0.4156862795352936,calibrated_uv_reprojection_plus_stereo_left
46.12540054321289,-176.8306427001953,-634.1588745117188,264.6726235198487,179.14704661677638,-32.871636260054345,364.00000019535935,127.99999728672375,0.5254902243614197,0.48627451062202454,0.4274509847164154,calibrated_uv_reprojection_plus_stereo_left
47.49103927612305,-176.88092041015625,-634.3051147460938,263.985479206005,177.8974568568829,-32.93469611712197,365.00000270026686,127.99999176299593,0.5647059082984924,0.5647059082984924,0.5647059082984924,calibrated_uv_reprojection_plus_stereo_left
48.759586334228516,-176.57659912109375,-633.1798095703125,262.56996578131464,177.24148762155482,-32.13795081868574,366.00000239027565,127.99999025085339,0.572549045085907,0.5803921818733215,0.5764706134796143,calibrated_uv_reprojection_plus_stereo_left
49.950008392333984,-176.01316833496094,-631.1255493164062,260.6264209141318,177.02547343639117,-30.713245990997166,367.0000019756511,127.99999102120222,0.5647059082984924,0.5843137502670288,0.5764706134796143,calibrated_uv_reprojection_plus_stereo_left
51.04924774169922,-175.16622924804688,-628.0549926757812,258.108451969432,177.2957601536856,-28.601689795934703,368.00000038270457,127.99999210911511,0.6627451181411743,0.686274528503418,0.6823529601097107,calibrated_uv_reprojection_plus_stereo_left
52.28025817871094,-174.802978515625,-626.7189331054688,256.58441485971264,176.75688642577364,-27.663004705798244,369.00000083475396,127.99999546736211,0.7843137383460999,0.8156862854957581,0.8117647171020508,calibrated_uv_reprojection_plus_stereo_left
53.560813903808594,-174.6191864013672,-626.0263671875,255.4287539994928,175.91723914162878,-27.159430586739177,370.00000018758936,127.99999446095723,0.7607843279838562,0.7921568751335144,0.7882353067398071,calibrated_uv_reprojection_plus_stereo_left
54.87417221069336,-174.54847717285156,-625.7392578125,254.50429803832856,174.88669746940252,-26.929973375404074,371.000002603468,127.99999267224501,0.7411764860153198,0.772549033164978,0.7686274647712708,calibrated_uv_reprojection_plus_stereo_left
56.16975021362305,-174.4257354736328,-625.2656860351562,253.475042434175,173.94629884851156,-26.574530339175453,372.00000113528114,127.99999780068376,0.7411764860153198,0.7647058963775635,0.7647058963775635,calibrated_uv_reprojection_plus_stereo_left
57.456886291503906,-174.28289794921875,-624.7201538085938,252.4062383369626,173.04206843582472,-26.17051017551057,372.9999987869247,128.00000871889142,0.7333333492279053,0.7568627595901489,0.7568627595901489,calibrated_uv_reprojection_plus_stereo_left
58.755069732666016,-174.1791229248047,-624.3146362304688,251.4174450620556,172.0721558576726,-25.861149893930815,373.99999719156403,128.0000088485776,0.7568627595901489,0.7882353067398071,0.7843137383460999,calibrated_uv_reprojection_plus_stereo_left
60.046775817871094,-174.06100463867188,-623.857666015625,250.40064627091914,171.1284770661701,-25.517053326152336,375.00000081176717,127.99999161288474,0.7882353067398071,0.8196078538894653,0.8156862854957581,calibrated_uv_reprojection_plus_stereo_left
61.28780746459961,-173.8041229248047,-622.9035034179688,249.10626347407884,170.42800639933228,-24.83710769330611,376.0000023514904,127.99999184491898,0.7960784435272217,0.8392156958580017,0.8313725590705872,calibrated_uv_reprojection_plus_stereo_left
62.589515686035156,-173.72640991210938,-622.591552734375,248.17312328963476,169.41757154529017,-24.59111507114409,377.0000006440182,127.99999608029054,0.8196078538894653,0.8627451062202454,0.8549019694328308,calibrated_uv_reprojection_plus_stereo_left
63.87849807739258,-173.61717224121094,-622.1666870117188,247.17763357047664,168.4634332283697,-24.26888267282618,377.9999989512195,128.0000059708736,0.8745098114013672,0.9176470637321472,0.929411768913269,calibrated_uv_reprojection_plus_stereo_left
65.17095184326172,-173.521484375,-621.7903442382812,246.2100863639675,167.48683767550688,-23.97945701056426,378.9999987392538,128.00000083667706,0.8784313797950745,0.9215686321258545,0.9333333373069763,calibrated_uv_reprojection_plus_stereo_left
66.50736236572266,-173.54415893554688,-621.838134765625,245.47890780433227,166.30214285522413,-23.976518470749113,380.000001154234,127.99999261910119,0.8039215803146362,0.8470588326454163,0.8392156958580017,calibrated_uv_reprojection_plus_stereo_left
67.82167053222656,-173.50924682617188,-621.6796264648438,244.63316275335387,165.21930132487995,-23.834256567105,381.0000009821617,127.99999345548574,0.7411764860153198,0.7843137383460999,0.7764706015586853,calibrated_uv_reprojection_plus_stereo_left
69.13700866699219,-173.4781036376953,-621.53466796875,243.7951748451353,164.1301421431836,-23.701162007236917,382.00000021563227,128.00000157625746,0.7098039388656616,0.7529411911964417,0.7450980544090271,calibrated_uv_reprojection_plus_stereo_left
70.47296142578125,-173.49874877929688,-621.5752563476562,243.05980242546684,162.94873816082833,-23.693362103509628,382.999996586648,128.00000965980792,0.6705882549285889,0.7137255072593689,0.7098039388656616,calibrated_uv_reprojection_plus_stereo_left
71.858642578125,-173.63865661621094,-622.0430297851562,242.5594020287968,161.5529753505499,-23.97396105218843,383.9999954765038,128.000006789118,0.6352941393852234,0.6745098233222961,0.686274528503418,calibrated_uv_reprojection_plus_stereo_left
73.19158935546875,-173.64822387695312,-622.0438232421875,241.80123001444423,160.39011305184027,-23.939241324153215,384.9999979254515,128.00000022481757,0.615686297416687,0.6549019813537598,0.6666666865348816,calibrated_uv_reprojection_plus_stereo_left
74.5277099609375,-173.66470336914062,-622.0693969726562,241.0565178507697,159.21456727226496,-23.921247591159045,385.99999950814015,127.99999906939951,0.6274510025978088,0.6745098233222961,0.686274528503418,calibrated_uv_reprojection_plus_stereo_left
75.86068725585938,-173.67327880859375,-622.066650390625,240.2961418781273,158.05309804082282,-23.884129617857752,386.99999950719535,127.99999757326822,0.6235294342041016,0.6705882549285889,0.6823529601097107,calibrated_uv_reprojection_plus_stereo_left
77.22604370117188,-173.75425720214844,-622.3232421875,239.6771568474839,156.7595909078314,-24.02204464803782,388.0000039724441,128.00000087759443,0.6078431606292725,0.6549019813537598,0.6666666865348816,calibrated_uv_reprojection_plus_stereo_left
78.5722885131836,-173.7901153564453,-622.418212890625,238.96944452055624,155.5474421150983,-24.050852908171407,388.9999992701214,128.00000555608275,0.572549045085907,0.6196078658103943,0.6313725709915161,calibrated_uv_reprojection_plus_stereo_left
79.9157485961914,-173.81858825683594,-622.4866333007812,238.24697247153046,154.34833892475632,-24.061715750527355,390.0000046290148,127.99999210377999,0.5764706134796143,0.6235294342041016,0.6352941393852234,calibrated_uv_reprojection_plus_stereo_left
81.25785827636719,-173.84310913085938,-622.5409545898438,237.5165665899998,153.15606426139948,-24.063061539301657,391.00000500209416,127.99999243788324,0.6313725709915161,0.6784313917160034,0.6901960968971252,calibrated_uv_reprojection_plus_stereo_left
82.6386947631836,-173.9482421875,-622.8839111328125,236.94200150888463,151.81448507358465,-24.25913653035917,392.00000313437215,127.99998969600955,0.6117647290229797,0.658823549747467,0.6784313917160034,calibrated_uv_reprojection_plus_stereo_left
83.9889907836914,-173.98663330078125,-622.9879150390625,236.237543248983,150.5951914110945,-24.293969024678802,393.00000094487876,128.0000016370073,0.6431372761726379,0.6901960968971252,0.7098039388656616,calibrated_uv_reprojection_plus_stereo_left
85.33040618896484,-174.005615234375,-623.0223388671875,235.4952731166009,149.41148459878036,-24.28183642303793,393.99999833546815,127.999998925223,0.6431372761726379,0.6901960968971252,0.7098039388656616,calibrated_uv_reprojection_plus_stereo_left
86.67374420166016,-174.02774047851562,-623.0679931640625,234.7588327596065,148.22160428461888,-24.277267528035452,395.00000253755354,127.99999318543692,0.6274510025978088,0.6745098233222961,0.6901960968971252,calibrated_uv_reprojection_plus_stereo_left
88.00093078613281,-174.0171356201172,-622.9965209960938,233.95939038314805,147.09269762947628,-24.1936979824456,396.0000020277925,128.0000000481253,0.6078431606292725,0.6549019813537598,0.6705882549285889,calibrated_uv_reprojection_plus_stereo_left
89.36094665527344,-174.07069396972656,-623.1547241210938,233.28281180454326,145.84322770333569,-24.265024865563362,396.9999991645914,128.00000168391526,0.5803921818733215,0.6274510025978088,0.6431372761726379,calibrated_uv_reprojection_plus_stereo_left
90.7195816040039,-174.1199188232422,-623.29736328125,232.59743344101327,144.60118830930674,-24.325828436802965,397.9999973603661,127.99999719781138,0.5607843399047852,0.6078431606292725,0.6274510025978088,calibrated_uv_reprojection_plus_stereo_left
92.08186340332031,-174.1744842529297,-623.4591064453125,231.9217511532852,143.3483227909146,-24.39949325505404,399.0000022656846,127.99999440538073,0.5764706134796143,0.6235294342041016,0.6431372761726379,calibrated_uv_reprojection_plus_stereo_left
93.4639892578125,-174.26437377929688,-623.747314453125,231.31270140737593,142.0275381643362,-24.558410405620634,400.0000039619269,128.00000234423064,0.615686297416687,0.6627451181411743,0.6823529601097107,calibrated_uv_reprojection_plus_stereo_left
94.80680847167969,-174.27938842773438,-623.7674560546875,230.56082904794096,140.84832428585594,-24.536555292724188,401.00000183797584,128.00000106345755,0.48627451062202454,0.545098066329956,0.5568627715110779,calibrated_uv_reprojection_plus_stereo_left
96.16061401367188,-174.31378173828125,-623.8569946289062,229.84546140028522,139.6317579795184,-24.561482474431784,401.9999989549061,128.00001012896809,0.3764705955982208,0.4431372582912445,0.45490196347236633,calibrated_uv_reprojection_plus_stereo_left
97.52147674560547,-174.35975646972656,-623.9879150390625,229.15159009829904,138.39246771605752,-24.61428140354701,402.9999966751071,128.00000865565488,0.47843137383461,0.545098066329956,0.5529412031173706,calibrated_uv_reprojection_plus_stereo_left
98.94227600097656,-174.5100860595703,-624.4922485351562,228.65373276851773,136.951443158858,-24.918747057293388,403.99999994292006,128.0000059066336,0.545098066329956,0.6117647290229797,0.615686297416687,calibrated_uv_reprojection_plus_stereo_left
100.35973358154297,-174.65049743652344,-624.9609985351562,228.13585485992076,135.52757162307768,-25.199163219041907,405.00000346445216,127.9999962220773,0.42352941632270813,0.4901960790157318,0.4941176474094391,calibrated_uv_reprojection_plus_stereo_left
101.81494903564453,-174.85194396972656,-625.648193359375,227.73108746915852,133.98334849603327,-25.62674772176524,405.99999923301533,128.00000885893974,0.4313725531101227,0.49803921580314636,0.501960813999176,calibrated_uv_reprojection_plus_stereo_left
103.33256530761719,-175.15383911132812,-626.6946411132812,227.51221787607125,132.24090213806045,-26.296321095451844,406.9999993592243,128.0000069473068,0.6039215922355652,0.658823549747467,0.6666666865348816,calibrated_uv_reprojection_plus_stereo_left
104.79144287109375,-175.349609375,-627.3612670898438,227.09270693827125,130.70170827823262,-26.70984687739906,407.9999993056882,128.00000232738012,0.4117647111415863,0.4588235318660736,0.47058823704719543,calibrated_uv_reprojection_plus_stereo_left
106.36798095703125,-175.73471069335938,-628.7052001953125,227.02363007179127,128.78880631085042,-27.579623098412412,408.99999720405674,128.00000538961464,0.3764705955982208,0.42352941632270813,0.43529412150382996,calibrated_uv_reprojection_plus_stereo_left
108.03981018066406,-176.2655487060547,-630.5703125,227.22151401847464,126.58418904305938,-28.800344515145866,410.00000037809355,128.00000276488862,0.38823530077934265,0.43529412150382996,0.4470588266849518,calibrated_uv_reprojection_plus_stereo_left
109.78522491455078,-176.90176391601562,-632.8121948242188,227.6097066129551,124.16459292424696,-30.274652296721683,410.9999961378269,128.00000453649093,0.33725491166114807,0.364705890417099,0.3607843220233917,calibrated_uv_reprojection_plus_stereo_left
111.75142669677734,-177.873779296875,-636.2549438476562,228.6123124431639,121.07178075857985,-32.557555174497054,412.00000204327097,127.99999721946133,0.3137255012989044,0.33725491166114807,0.32549020648002625,calibrated_uv_reprojection_plus_stereo_left
114.18896484375,-179.56346130371094,-642.2642822265625,230.92838239466278,116.54060629421093,-36.56868211428309,413.0000043385354,127.99999180789987,0.3764705955982208,0.3529411852359772,0.30588236451148987,calibrated_uv_reprojection_plus_stereo_left
44.18899917602539,-178.5980987548828,-645.4967041015625,271.7525277743788,176.8651549935562,-41.31849435483531,361.9999975971253,129.00000869420032,0.6705882549285889,0.5764706134796143,0.4627451002597809,calibrated_uv_reprojection_plus_stereo_left
44.60142517089844,-174.82101440429688,-631.8115844726562,263.105274713143,181.97096662508517,-32.01126689567286,362.9999992799616,129.00000234424107,0.4901960790157318,0.47058823704719543,0.4156862795352936,calibrated_uv_reprojection_plus_stereo_left
46.012393951416016,-175.0643310546875,-632.6571044921875,262.82187766556865,180.40274229810154,-32.54836892431706,363.9999988030579,129.00000299964768,0.5607843399047852,0.5490196347236633,0.5176470875740051,calibrated_uv_reprojection_plus_stereo_left
47.296512603759766,-174.82467651367188,-631.7572021484375,261.5377493144579,179.64222292602483,-31.9031471556915,365.000000936169,128.99999703272422,0.5803921818733215,0.5843137502670288,0.5843137502670288,calibrated_uv_reprojection_plus_stereo_left
48.5529670715332,-174.4986572265625,-630.5453491210938,260.07759912649067,179.03041967271645,-31.04675207716633,366.00000053084545,128.9999981226955,0.5647059082984924,0.5764706134796143,0.572549045085907,calibrated_uv_reprojection_plus_stereo_left
49.73442077636719,-173.92770385742188,-628.4486083984375,258.1161836102171,178.83742945204898,-29.59123184254645,367.0000015375365,128.99999962587728,0.6039215922355652,0.6235294342041016,0.6196078658103943,calibrated_uv_reprojection_plus_stereo_left
50.93315124511719,-173.4453582763672,-626.6721801757812,256.34184681121616,178.50144052716013,-28.352836655339672,368.0000030442541,128.99998996270136,0.7568627595901489,0.7921568751335144,0.7843137383460999,calibrated_uv_reprojection_plus_stereo_left
52.20725631713867,-173.23757934570312,-625.8880615234375,255.13456673925396,177.7034277288314,-27.786549671242255,368.9999995364774,129.00001052961903,0.8039215803146362,0.8509804010391235,0.843137264251709,calibrated_uv_reprojection_plus_stereo_left
53.50056457519531,-173.1021270751953,-625.3651123046875,254.07694285320332,176.78433937285922,-27.397139599402806,370.0000026275654,128.99998889714263,0.7764706015586853,0.8156862854957581,0.8078431487083435,calibrated_uv_reprojection_plus_stereo_left
54.81133270263672,-173.02818298339844,-625.0645751953125,253.14606825799962,175.7612163791141,-27.15837657774432,370.9999981218675,129.0000010276696,0.7803921699523926,0.8156862854957581,0.8117647171020508,calibrated_uv_reprojection_plus_stereo_left
56.08946228027344,-172.85696411132812,-624.41259765625,252.01775164898214,174.906905882807,-26.681729779712214,372.0000030459965,128.99999638327955,0.7764706015586853,0.8039215803146362,0.800000011920929,calibrated_uv_reprojection_plus_stereo_left
57.377647399902344,-172.7238006591797,-623.898193359375,250.96827034810963,173.98888772173223,-26.298278011669424,372.999999897242,129.00000166354968,0.7803921699523926,0.8039215803146362,0.7960784435272217,calibrated_uv_reprojection_plus_stereo_left
58.663963317871094,-172.59100341796875,-623.3851318359375,249.9206845430556,173.0719600559441,-25.915783503358,373.99999837763227,129.00000072211196,0.7882353067398071,0.8274509906768799,0.8196078538894653,calibrated_uv_reprojection_plus_stereo_left
59.95502471923828,-172.47755432128906,-622.9420166015625,248.91339147321116,172.12296074704312,-25.58068066123883,375.00000135313843,129.0000031856308,0.7843137383460999,0.8274509906768799,0.8196078538894653,calibrated_uv_reprojection_plus_stereo_left
61.21055221557617,-172.2688751220703,-622.1549682617188,247.71491288152663,171.3423044630697,-25.012874792595426,376.00000239197044,128.99999547828946,0.772549033164978,0.8156862854957581,0.8117647171020508,calibrated_uv_reprojection_plus_stereo_left
62.504486083984375,-172.1746826171875,-621.781494140625,246.7487953097749,170.36298653999626,-24.72500283635577,377.0000019335827,128.99999704153677,0.7960784435272217,0.8352941274642944,0.8352941274642944,calibrated_uv_reprojection_plus_stereo_left
63.80150604248047,-172.0925750732422,-621.4517211914062,245.80777979924216,169.36352688923643,-24.466739314831273,377.9999983675932,129.0000039455636,0.8705882430076599,0.9098039269447327,0.9215686321258545,calibrated_uv_reprojection_plus_stereo_left
65.10562896728516,-172.03240966796875,-621.201171875,244.9114291932794,168.3262281635977,-24.262099525845144,379.00000185599174,129.0000028146098,0.8627451062202454,0.9019607901573181,0.9137254953384399,calibrated_uv_reprojection_plus_stereo_left
66.42854309082031,-172.02316284179688,-621.134521484375,244.11742382055064,167.1990989043104,-24.18188957782843,380.0000010928933,129.0000063223645,0.729411780834198,0.772549033164978,0.772549033164978,calibrated_uv_reprojection_plus_stereo_left
67.75386047363281,-172.02023315429688,-621.0906372070312,243.336054235787,166.06077639718018,-24.117074922215522,381.0000024998507,129.00000055684612,0.7490196228027344,0.7882353067398071,0.7882353067398071,calibrated_uv_reprojection_plus_stereo_left
69.07292938232422,-172.001708984375,-620.990478515625,242.5236428356273,164.95038115960733,-24.014201902229388,382.00000138574,129.00000059855478,0.686274528503418,0.729411780834198,0.729411780834198,calibrated_uv_reprojection_plus_stereo_left
70.40113067626953,-172.0060577392578,-620.972900390625,241.7567970168716,163.7990405870342,-23.967184782318384,382.9999978666806,129.00000052069626,0.6705882549285889,0.7137255072593689,0.7137255072593689,calibrated_uv_reprojection_plus_stereo_left
71.78345489501953,-172.13986206054688,-621.4226684570312,241.24642628787217,162.4138531584902,-24.236209996912976,384.0000022853242,129.0000039389377,0.6235294342041016,0.6666666865348816,0.6784313917160034,calibrated_uv_reprojection_plus_stereo_left
73.11162567138672,-172.14120483398438,-621.3941650390625,240.4728905926176,161.2668975895083,-24.181765998336687,384.99999834355924,128.99999488994473,0.6039215922355652,0.6509804129600525,0.6627451181411743,calibrated_uv_reprojection_plus_stereo_left
74.44135284423828,-172.14593505859375,-621.3779296875,239.70600164655622,160.11368998089495,-24.13562072548075,385.99999913586015,128.99999480480747,0.6196078658103943,0.6666666865348816,0.6784313917160034,calibrated_uv_reprojection_plus_stereo_left
75.77286529541016,-172.15440368652344,-621.375244140625,238.9464136506274,158.95352074696518,-24.09864121608996,386.9999999234607,129.00000719802432,0.6039215922355652,0.6549019813537598,0.6666666865348816,calibrated_uv_reprojection_plus_stereo_left
77.13336944580078,-172.2272186279297,-621.6046752929688,238.31303345730504,157.67535179825728,-24.21855663167031,387.99999898072105,128.99999490828066,0.5921568870544434,0.6509804129600525,0.658823549747467,calibrated_uv_reprojection_plus_stereo_left
78.48094940185547,-172.26902770996094,-621.7222900390625,237.61825114169585,156.4531241896574,-24.26287247782119,389.0000011437456,129.00000645859828,0.572549045085907,0.6274510025978088,0.6392157077789307,calibrated_uv_reprojection_plus_stereo_left
79.82225036621094,-172.29580688476562,-621.7855224609375,236.89363845580277,155.25807740811058,-24.270394399971337,389.99999960490385,128.99999201888176,0.572549045085907,0.6196078658103943,0.6392157077789307,calibrated_uv_reprojection_plus_stereo_left
81.17027282714844,-172.33583068847656,-621.8966064453125,236.1946010655518,154.03806570605656,-24.31025423196604,390.9999994225849,128.99999188019643,0.6078431606292725,0.6509804129600525,0.6705882549285889,calibrated_uv_reprojection_plus_stereo_left
82.5351333618164,-172.40960693359375,-622.1295166015625,235.56085783928796,152.7547203090104,-24.432433212704154,391.9999965869116,129.00000206432514,0.6039215922355652,0.6431372761726379,0.6627451181411743,calibrated_uv_reprojection_plus_stereo_left
83.88150024414062,-172.44290161132812,-622.2162475585938,234.8477990922164,151.5458748288268,-24.455789146827442,393.00000157637174,128.99999524658574,0.615686297416687,0.6549019813537598,0.6745098233222961,calibrated_uv_reprojection_plus_stereo_left
85.22496795654297,-172.46917724609375,-622.2776489257812,234.12081806348522,150.34967492779862,-24.462016584673563,394.0000024643329,128.99999046087024,0.6352941393852234,0.6745098233222961,0.6941176652908325,calibrated_uv_reprojection_plus_stereo_left
86.56201171875,-172.48171997070312,-622.28955078125,233.36705352094367,149.17885311028243,-24.43479686455163,394.9999994703656,128.99999786308936,0.6470588445663452,0.6901960968971252,0.7098039388656616,calibrated_uv_reprojection_plus_stereo_left
87.8911361694336,-172.4782257080078,-622.2435302734375,232.58220302301726,148.03806388901455,-24.36843099079175,396.0000022444805,128.9999928004384,0.6352941393852234,0.6823529601097107,0.6941176652908325,calibrated_uv_reprojection_plus_stereo_left
89.24382019042969,-172.520263671875,-622.36181640625,231.88493400558997,146.8111134198225,-24.413063973448914,396.9999997796323,128.99999826001172,0.6352941393852234,0.6784313917160034,0.7019608020782471,calibrated_uv_reprojection_plus_stereo_left
90.5963363647461,-172.56063842773438,-622.4740600585938,231.18405120236463,145.5867196893475,-24.45359315261851,397.99999751492766,128.99999849456867,0.6117647290229797,0.658823549747467,0.6941176652908325,calibrated_uv_reprojection_plus_stereo_left
91.95194244384766,-172.6055145263672,-622.6025390625,230.49138648950628,144.3531489868401,-24.505071709380502,399.0000001907594,129.0000020507422,0.5607843399047852,0.6078431606292725,0.6352941393852234,calibrated_uv_reprojection_plus_stereo_left
93.33329772949219,-172.6966552734375,-622.8978271484375,229.88661429858138,143.03049723016989,-24.66917782704536,400.0000025288472,128.9999965284218,0.5529412031173706,0.6000000238418579,0.6196078658103943,calibrated_uv_reprojection_plus_stereo_left
94.68782043457031,-172.7361602783203,-623.0068969726562,229.18263317210995,141.80562399386554,-24.707501632155754,401.0000031464329,129.0000020355122,0.6000000238418579,0.6470588445663452,0.6666666865348816,calibrated_uv_reprojection_plus_stereo_left
96.04853057861328,-172.7855987548828,-623.1517333984375,228.49712489753142,140.56106544974062,-24.76995243369538,402.00000537805204,128.9999988673567,0.5490196347236633,0.5960784554481506,0.615686297416687,calibrated_uv_reprojection_plus_stereo_left
97.41425323486328,-172.8424835205078,-623.3234252929688,227.8252674254769,139.30141247971568,-24.8505170049836,402.99999956878185,129.00000033007228,0.3960784375667572,0.4588235318660736,0.46666666865348816,calibrated_uv_reprojection_plus_stereo_left
98.8374252319336,-172.99826049804688,-623.8517456054688,227.3399274977633,137.8492317118679,-25.17182790143397,403.99999862250195,129.00000915236168,0.3843137323856354,0.45098039507865906,0.45490196347236633,calibrated_uv_reprojection_plus_stereo_left
100.27128601074219,-173.1682586669922,-624.4312133789062,226.8799590831734,136.36729376838554,-25.527590958691064,404.9999979809816,129.00000316001965,0.40784314274787903,0.4745098054409027,0.47843137383461,calibrated_uv_reprojection_plus_stereo_left
101.74882507324219,-173.40811157226562,-625.2625122070312,226.54992897107945,134.74669004333163,-26.05327293440314,405.9999991097881,129.0000015975499,0.6078431606292725,0.6745098233222961,0.6784313917160034,calibrated_uv_reprojection_plus_stereo_left
103.33179473876953,-173.81898498535156,-626.7103271484375,226.53887145775667,132.78791476377052,-26.99496994447378,407.0000007318389,128.9999980131565,0.5058823823928833,0.5568627715110779,0.5686274766921997,calibrated_uv_reprojection_plus_stereo_left
104.7973403930664,-174.02423095703125,-627.4166259765625,226.13883009479764,131.22769183171238,-27.436054710301903,408.0000025242133,128.99999476163046,0.37254902720451355,0.41960784792900085,0.4313725531101227,calibrated_uv_reprojection_plus_stereo_left
106.36627197265625,-174.39369201660156,-628.7149047851562,226.04383199248412,129.34088553891752,-28.27654833148506,408.99999785000045,129.00000003998562,0.40784314274787903,0.4470588266849518,0.4588235318660736,calibrated_uv_reprojection_plus_stereo_left
108.11241912841797,-175.0407257080078,-631.013671875,226.46297846515938,126.899953672359,-29.791995290711952,410.00000059755155,129.0000046286927,0.3686274588108063,0.40392157435417175,0.4156862795352936,calibrated_uv_reprojection_plus_stereo_left
109.99907684326172,-175.89639282226562,-634.064208984375,227.26428082337986,124.0362341990542,-31.81440322668135,410.99999976509815,128.9999986853861,0.3176470696926117,0.3333333432674408,0.32156863808631897,calibrated_uv_reprojection_plus_stereo_left
112.12583923339844,-177.11033630371094,-638.4058837890625,228.72258874653505,120.44746850058101,-34.70754861247457,412.00000133119,129.0000009556551,0.3333333432674408,0.3490196168422699,0.3294117748737335,calibrated_uv_reprojection_plus_stereo_left
43.17018127441406,-178.71815490722656,-650.9757080078125,274.6825262219147,176.13753425966587,-45.77944397595263,360.9999977542816,130.00000341624175,0.7529411911964417,0.6470588445663452,0.529411792755127,calibrated_uv_reprojection_plus_stereo_left
43.37608337402344,-173.97836303710938,-633.6773071289062,263.9586624890602,182.8513554002912,-34.00428453749504,362.00000237833854,129.99998980951892,0.545098066329956,0.4745098054409027,0.38823530077934265,calibrated_uv_reprojection_plus_stereo_left
44.46860122680664,-172.973388671875,-629.9833984375,261.0717514094858,183.3706017020939,-31.462173400246627,362.9999991009589,130.0000043852474,0.5215686559677124,0.5215686559677124,0.49803921580314636,calibrated_uv_reprojection_plus_stereo_left
45.839908599853516,-173.07974243164062,-630.337158203125,260.5080050982851,182.03371891553707,-31.66671059780731,363.99999998173865,130.00000812105637,0.572549045085907,0.5764706134796143,0.5647059082984924,calibrated_uv_reprojection_plus_stereo_left
47.079681396484375,-172.69732666015625,-628.910888671875,258.9277057317689,181.52088258362278,-30.663590650260687,365.00000154472446,130.00000425292612,0.5686274766921997,0.5843137502670288,0.5803921818733215,calibrated_uv_reprojection_plus_stereo_left
48.327232360839844,-172.3636474609375,-627.6622314453125,257.4518847719278,180.93048358531718,-29.781110573562728,365.999997765808,129.9999984962665,0.572549045085907,0.5843137502670288,0.5803921818733215,calibrated_uv_reprojection_plus_stereo_left
49.53565979003906,-171.9119415283203,-625.9839477539062,255.73490336420844,180.54541171524102,-28.607349511018185,366.9999985983034,129.99999622195915,0.7215686440467834,0.7333333492279053,0.729411780834198,calibrated_uv_reprojection_plus_stereo_left
50.8311882019043,-171.778076171875,-625.463134765625,254.67804965248234,179.6231289404692,-28.218827739442077,368.0000021194366,129.99999473402767,0.8274509906768799,0.8470588326454163,0.843137264251709,calibrated_uv_reprojection_plus_stereo_left
52.12678527832031,-171.65110778808594,-624.967529296875,253.6366038884973,178.69074626468853,-27.84746160491801,368.9999977365019,130.00000261988288,0.800000011920929,0.8235294222831726,0.8156862854957581,calibrated_uv_reprojection_plus_stereo_left
53.4266242980957,-171.54388427734375,-624.5438232421875,252.63683584760093,177.726008528092,-27.524898734226383,369.99999872925963,130.00000353350927,0.7960784435272217,0.8196078538894653,0.8117647171020508,calibrated_uv_reprojection_plus_stereo_left
54.750450134277344,-171.51683044433594,-624.4119873046875,251.80238136699916,176.62403863678838,-27.400285647849273,371.0000023900262,129.99999825872948,0.7882353067398071,0.8117647171020508,0.8039215803146362,calibrated_uv_reprojection_plus_stereo_left
55.99931335449219,-171.2616424560547,-623.44970703125,250.50140106020353,175.91837811025238,-26.712624741825095,371.9999987467354,129.99999940481587,0.7843137383460999,0.8117647171020508,0.8078431487083435,calibrated_uv_reprojection_plus_stereo_left
57.288658142089844,-171.13902282714844,-622.9700927734375,249.47332609027166,174.9850719744901,-26.352299344332664,373.0000016180796,130.00000079046643,0.8117647171020508,0.843137264251709,0.8392156958580017,calibrated_uv_reprojection_plus_stereo_left
58.58269500732422,-171.03550720214844,-622.56005859375,248.48524440570736,174.01994587919756,-26.039191523125623,373.9999998826399,130.0000014000809,0.8196078538894653,0.8588235378265381,0.8509804010391235,calibrated_uv_reprojection_plus_stereo_left
59.87327575683594,-170.92654418945312,-622.1302490234375,247.48700213346808,173.0657157972617,-25.71272162733584,374.9999973950013,130.0000047054405,0.8156862854957581,0.8588235378265381,0.8509804010391235,calibrated_uv_reprojection_plus_stereo_left
61.13103485107422,-170.73046875,-621.3833618164062,246.3130392381056,172.26645681516305,-25.171370124089606,376.0000016546233,129.99999401043087,0.8235294222831726,0.8666666746139526,0.8745098114013672,calibrated_uv_reprojection_plus_stereo_left
62.42864990234375,-170.65150451660156,-621.0628051757812,245.37778630597307,171.26255246925894,-24.91904661724942,377.00000299482144,129.99999275229413,0.8392156958580017,0.8823529481887817,0.8941176533699036,calibrated_uv_reprojection_plus_stereo_left
63.73191833496094,-170.59080505371094,-620.8087768554688,244.480101309688,170.2272098086915,-24.711843761119155,377.9999996059239,129.99999780255874,0.8980392217636108,0.9372549057006836,0.9490196108818054,calibrated_uv_reprojection_plus_stereo_left
65.04033660888672,-170.54592895507812,-620.6123046875,243.61478509225157,169.1644346304647,-24.543659350098096,378.9999987776753,129.9999931647609,0.7686274647712708,0.8078431487083435,0.8196078538894653,calibrated_uv_reprojection_plus_stereo_left
66.36006927490234,-170.53173828125,-620.5275268554688,242.811509932538,168.04728452594435,-24.451175662536855,380.00000464469406,129.99999290665434,0.7568627595901489,0.7960784435272217,0.8078431487083435,calibrated_uv_reprojection_plus_stereo_left
67.69192504882812,-170.5485382080078,-620.5555419921875,242.07048799287384,166.8746170259106,-24.43511963831139,380.99999573520137,129.99999815133097,0.6901960968971252,0.729411780834198,0.7411764860153198,calibrated_uv_reprojection_plus_stereo_left
69.0184555053711,-170.5513458251953,-620.5326538085938,241.30128288647342,165.7268802892179,-24.384571809179135,381.9999975793192,130.00000642122933,0.658823549747467,0.6980392336845398,0.7019608020782471,calibrated_uv_reprojection_plus_stereo_left
70.34607696533203,-170.55654907226562,-620.5184326171875,240.53678023792486,164.5747330788284,-24.33988566956515,383.00000267571716,130.00000512164175,0.6627451181411743,0.7058823704719543,0.7098039388656616,calibrated_uv_reprojection_plus_stereo_left
71.71755981445312,-170.66583251953125,-620.8828125,239.9794588284389,163.23345786021667,-24.551635018143088,383.99999894481533,129.99999556201377,0.6392157077789307,0.686274528503418,0.6980392336845398,calibrated_uv_reprojection_plus_stereo_left
73.04045867919922,-170.65745544433594,-620.8191528320312,239.1873327533844,162.10512941600842,-24.4734345799896,385.00000413808226,129.9999924814178,0.615686297416687,0.6627451181411743,0.6745098233222961,calibrated_uv_reprojection_plus_stereo_left
74.36203002929688,-170.64620971679688,-620.7451171875,238.38958878273075,160.98209997066317,-24.38821744603058,385.9999987831442,130.00000122524696,0.5843137502670288,0.6313725709915161,0.6431372761726379,calibrated_uv_reprojection_plus_stereo_left
75.69083404541016,-170.65151977539062,-620.7312622070312,237.62463625417365,159.82877621042826,-24.343750146082073,387.000000390795,130.00000118483808,0.5921568870544434,0.6431372761726379,0.6509804129600525,calibrated_uv_reprojection_plus_stereo_left
77.0459213256836,-170.71475219726562,-620.9281005859375,236.97390563658678,158.56857211079813,-24.441947006333066,387.9999997490086,130.00000532418568,0.5843137502670288,0.6431372761726379,0.6509804129600525,calibrated_uv_reprojection_plus_stereo_left
78.38835144042969,-170.74815368652344,-621.016357421875,236.26381473737786,157.36266917615558,-24.466591067961986,389.00000064809234,129.99999714490824,0.5843137502670288,0.6392157077789307,0.6509804129600525,calibrated_uv_reprojection_plus_stereo_left
79.73460388183594,-170.7884979248047,-621.1298828125,235.56703477587712,156.14336709340654,-24.50833160503288,389.9999996791404,129.9999958834122,0.6000000238418579,0.6470588445663452,0.6666666865348816,calibrated_uv_reprojection_plus_stereo_left
81.07821655273438,-170.8218231201172,-621.2178955078125,234.85610813871688,154.93653736045013,-24.532787353001197,390.9999990208228,130.0000008965111,0.6039215922355652,0.6509804129600525,0.6745098233222961,calibrated_uv_reprojection_plus_stereo_left
82.4341812133789,-170.8795623779297,-621.3945922851562,234.19254371115068,153.68358571055023,-24.617245907941196,392.00000344285905,129.99998895705164,0.5921568870544434,0.6352941393852234,0.6666666865348816,calibrated_uv_reprojection_plus_stereo_left
83.7777099609375,-170.9099578857422,-621.4719848632812,233.47513959263313,152.48106882578685,-24.634487413013687,393.00000032048865,130.0000077658684,0.5960784554481506,0.6392157077789307,0.6666666865348816,calibrated_uv_reprojection_plus_stereo_left
85.11739349365234,-170.93157958984375,-621.517333984375,232.74030256795675,151.29466011397977,-24.630010090955068,394.0000032147574,130.00000006793238,0.5960784554481506,0.6392157077789307,0.658823549747467,calibrated_uv_reprojection_plus_stereo_left
86.45885467529297,-170.9559326171875,-621.5726318359375,232.01054809857078,150.10273971992962,-24.632258875610205,395.00000324797514,129.9999981386841,0.5843137502670288,0.6313725709915161,0.6509804129600525,calibrated_uv_reprojection_plus_stereo_left
87.78814697265625,-170.95574951171875,-621.5386962890625,231.2330103629638,148.9569892214227,-24.574112282780163,395.9999989914576,129.9999926285723,0.5137255191802979,0.5607843399047852,0.5764706134796143,calibrated_uv_reprojection_plus_stereo_left
89.13233184814453,-170.98399353027344,-621.608154296875,230.5103813497406,147.75705430883653,-24.585928220158394,397.000001917732,129.99999729652595,0.46666666865348816,0.5215686559677124,0.5411764979362488,calibrated_uv_reprojection_plus_stereo_left
90.47969055175781,-171.01730346679688,-621.6959838867188,229.79721670523787,146.54702682422504,-24.610155848434374,398.0000038274787,129.9999953333969,0.572549045085907,0.6313725709915161,0.6509804129600525,calibrated_uv_reprojection_plus_stereo_left
91.83118438720703,-171.0572509765625,-621.8079833984375,229.09650673549527,145.32376775841863,-24.65072738676315,398.9999946717274,130.00000494286633,0.615686297416687,0.6784313917160034,0.6941176652908325,calibrated_uv_reprojection_plus_stereo_left
93.2135238647461,-171.15257263183594,-622.1211547851562,228.50160542078112,143.9934313597381,-24.827348903472966,399.9999999398002,129.99999598081,0.5686274766921997,0.6313725709915161,0.6470588445663452,calibrated_uv_reprojection_plus_stereo_left
94.57813262939453,-171.21299743652344,-622.3074951171875,227.839020762205,142.72910522437417,-24.918149581035095,401.0000024496728,129.9999967425769,0.5529412031173706,0.615686297416687,0.6235294342041016,calibrated_uv_reprojection_plus_stereo_left
95.94429779052734,-171.2744140625,-622.4974365234375,227.1777538208962,141.46198914872133,-25.01136236657902,402.00000287700016,130.0000018988042,0.5529412031173706,0.615686297416687,0.6235294342041016,calibrated_uv_reprojection_plus_stereo_left
97.31218719482422,-171.33709716796875,-622.69189453125,226.51828698775722,140.19156260173537,-25.107594154983076,403.00000217565616,129.99999447322278,0.6078431606292725,0.6627451181411743,0.6705882549285889,calibrated_uv_reprojection_plus_stereo_left
98.74015808105469,-171.5023193359375,-623.259033203125,226.05311577306355,138.72023406354862,-25.45582071495693,404.00000137971324,130.00000108862335,0.4470588266849518,0.4941176474094391,0.5058823823928833,calibrated_uv_reprojection_plus_stereo_left
100.19497680664062,-171.70904541015625,-623.9769287109375,225.66509839973793,137.16541526292303,-25.905913380976074,404.999999363086,130.00000783909425,0.46666666865348816,0.5137255191802979,0.5254902243614197,calibrated_uv_reprojection_plus_stereo_left
101.7094497680664,-172.01112365722656,-625.0411987304688,225.45550922350213,135.42053925755624,-26.59010011772324,405.99999748017666,130.0000089751753,0.5921568870544434,0.6392157077789307,0.6509804129600525,calibrated_uv_reprojection_plus_stereo_left
103.33711242675781,-172.4941864013672,-626.762939453125,225.58462214444262,133.31494695703367,-27.718637662335937,407.0000023506924,130.00000542530577,0.3803921639919281,0.4274509847164154,0.43921568989753723,calibrated_uv_reprojection_plus_stereo_left
104.80896759033203,-172.70803833007812,-627.50634765625,225.20256173499797,131.73509716919506,-28.185631297636462,407.9999990164629,129.99999985860185,0.3843137323856354,0.4313725531101227,0.4431372582912445,calibrated_uv_reprojection_plus_stereo_left
106.42440795898438,-173.1499786376953,-629.078369140625,225.24682871949665,129.69982806790807,-29.212624660565837,408.99999685575546,129.99999855032635,0.40784314274787903,0.43529412150382996,0.43921568989753723,calibrated_uv_reprojection_plus_stereo_left
108.20939636230469,-173.8531494140625,-631.5993041992188,225.77640012647913,127.13856144325592,-30.880788914421487,409.99999933811506,130.00000761158958,0.30980393290519714,0.3333333432674408,0.3333333432674408,calibrated_uv_reprojection_plus_stereo_left
110.22892761230469,-174.9110565185547,-635.4085693359375,226.9624152702233,123.85934538213189,-33.41933070202748,410.99999769880185,130.0000035744573,0.32156863808631897,0.32549020648002625,0.3019607961177826,calibrated_uv_reprojection_plus_stereo_left
112.62847900390625,-176.53871154785156,-641.2870483398438,229.20085291805714,119.42413387682728,-37.35572904686177,412.000001731418,129.99999659149503,0.3686274588108063,0.3686274588108063,0.34117648005485535,calibrated_uv_reprojection_plus_stereo_left
42.40070724487305,-174.1868438720703,-639.4304809570312,267.0415729435637,181.9712361930105,-38.64396324004326,360.9999990062016,131.00000121903233,0.5921568870544434,0.5254902243614197,0.43529412150382996,calibrated_uv_reprojection_plus_stereo_left
43.11112594604492,-171.58935546875,-629.8617553710938,260.7848955484652,185.15644145026698,-32.104311666962076,362.0000002958485,130.99999683375452,0.5254902243614197,0.48627451062202454,0.4274509847164154,calibrated_uv_reprojection_plus_stereo_left
44.39495849609375,-171.3618927001953,-628.9933471679688,259.522856489365,184.38215149734413,-31.47869612295159,363.00000114483635,130.999991272138,0.5607843399047852,0.5607843399047852,0.5607843399047852,calibrated_uv_reprojection_plus_stereo_left
45.6381950378418,-170.99542236328125,-627.6148681640625,257.9719615739714,183.8460850520931,-30.50655092394993,364.0000021231635,130.99999585818034,0.5803921818733215,0.5803921818733215,0.5803921818733215,calibrated_uv_reprojection_plus_stereo_left
46.88872146606445,-170.67616271972656,-626.4097900390625,256.52297033925504,183.234711972191,-29.652382222647816,364.9999999119839,130.99999806817195,0.5764706134796143,0.5803921818733215,0.5803921818733215,calibrated_uv_reprojection_plus_stereo_left
48.13003921508789,-170.34178161621094,-625.1492919921875,255.04533668046219,182.65340031167233,-28.76068149745464,366.00000055556734,130.99999055953944,0.6392157077789307,0.6431372761726379,0.6431372761726379,calibrated_uv_reprojection_plus_stereo_left
49.374813079833984,-170.037109375,-623.9979858398438,253.63250930955218,182.02566184171883,-27.943307734889345,367.00000114361205,130.9999908326511,0.7843137383460999,0.7882353067398071,0.7882353067398071,calibrated_uv_reprojection_plus_stereo_left
50.75720977783203,-170.20973205566406,-624.5983276367188,253.21262222751648,180.5814195474747,-28.316040113554607,367.9999984147916,131.00000307958388,0.800000011920929,0.8156862854957581,0.8117647171020508,calibrated_uv_reprojection_plus_stereo_left
52.04972457885742,-170.07962036132812,-624.0877075195312,252.1644540511345,179.65729843954205,-27.934029208914183,368.9999991354724,131.00000634632303,0.772549033164978,0.800000011920929,0.7921568751335144,calibrated_uv_reprojection_plus_stereo_left
53.36414337158203,-170.02560424804688,-623.8562622070312,251.27457480469712,178.60306009981565,-27.741683285528097,370.0000028160961,130.99999249217916,0.7803921699523926,0.8196078538894653,0.8039215803146362,calibrated_uv_reprojection_plus_stereo_left
54.67408752441406,-169.9601287841797,-623.5828857421875,250.36157941577255,177.56940719226066,-27.520892798066257,370.99999812592705,130.99999776315178,0.7960784435272217,0.8392156958580017,0.8235294222831726,calibrated_uv_reprojection_plus_stereo_left
55.91130065917969,-169.6768341064453,-622.5103759765625,249.00124788372062,176.916931233799,-26.757417000872977,372.0000011727909,130.9999985368269,0.8274509906768799,0.8705882430076599,0.8588235378265381,calibrated_uv_reprojection_plus_stereo_left
57.202171325683594,-169.56558227539062,-622.069091796875,247.99643209973317,175.96666845361045,-26.422693381672275,373.0000031060736,130.9999909397428,0.8274509906768799,0.8705882430076599,0.8627451062202454,calibrated_uv_reprojection_plus_stereo_left
58.503047943115234,-169.48818969726562,-621.7521362304688,247.06194338996994,174.95825265295815,-26.17244514550663,373.99999979819677,130.99999915536353,0.8039215803146362,0.843137264251709,0.8392156958580017,calibrated_uv_reprojection_plus_stereo_left
59.79828643798828,-169.39808654785156,-621.3885498046875,246.1021521661811,173.97329126645405,-25.890562324968755,374.99999893699055,131.0000003064288,0.8274509906768799,0.8627451062202454,0.8588235378265381,calibrated_uv_reprojection_plus_stereo_left
61.04904556274414,-169.18844604492188,-620.5865478515625,244.89954699948703,173.20144440827795,-25.31107937890914,376.0000001368334,131.00000480391986,0.8470588326454163,0.8901960849761963,0.8941176533699036,calibrated_uv_reprojection_plus_stereo_left
62.35212326049805,-169.12948608398438,-620.3372192382812,244.00518468450372,172.16420845734865,-25.10684664244218,376.99999993980094,130.9999934757771,0.8823529481887817,0.929411768913269,0.9333333373069763,calibrated_uv_reprojection_plus_stereo_left
63.660282135009766,-169.08628845214844,-620.1458129882812,243.1433365986406,171.09952034595733,-24.941966007040605,378.0000002820769,131.00000079981098,0.8313725590705872,0.8705882430076599,0.8823529481887817,calibrated_uv_reprojection_plus_stereo_left
64.98063659667969,-169.07644653320312,-620.0767211914062,242.3493586809072,169.97555845690135,-24.860115381564412,378.99999708246975,131.00000175522362,0.729411780834198,0.7686274647712708,0.7803921699523926,calibrated_uv_reprojection_plus_stereo_left
66.3048095703125,-169.07656860351562,-620.0441284179688,241.57553819727792,168.8337488665711,-24.8030316655325,380.0000009748126,130.99999375936497,0.7254902124404907,0.7686274647712708,0.772549033164978,calibrated_uv_reprojection_plus_stereo_left
67.63957977294922,-169.10302734375,-620.108154296875,240.8547676943387,167.64428484018578,-24.811519009368283,381.00000190098973,130.9999945055302,0.6509804129600525,0.6980392336845398,0.6980392336845398,calibrated_uv_reprojection_plus_stereo_left
68.97804260253906,-169.1373748779297,-620.2011108398438,240.1495857117102,166.4400988647908,-24.83962710053612,382.00000192535344,130.99999843842434,0.615686297416687,0.6627451181411743,0.6627451181411743,calibrated_uv_reprojection_plus_stereo_left
70.29949951171875,-169.12937927246094,-620.1387939453125,239.35912096609678,165.31248322806545,-24.76236632116985,382.9999987617175,131.00000216083004,0.6431372761726379,0.6901960968971252,0.6901960968971252,calibrated_uv_reprojection_plus_stereo_left
71.65106201171875,-169.19261169433594,-620.3375854492188,238.7112191271052,164.05478568582794,-24.86224762099681,384.0000043250968,130.99999609174088,0.6392157077789307,0.686274528503418,0.6980392336845398,calibrated_uv_reprojection_plus_stereo_left
72.9669418334961,-169.1707000732422,-620.2242431640625,237.8927215563155,162.95232302465342,-24.75036135127999,384.99999833330725,131.00000083550657,0.615686297416687,0.6627451181411743,0.6745098233222961,calibrated_uv_reprojection_plus_stereo_left
74.28681945800781,-169.1585235595703,-620.1466064453125,237.0937835590106,161.8321777095972,-24.662703891781405,385.9999955360078,131.00000744855848,0.5647059082984924,0.6117647290229797,0.6235294342041016,calibrated_uv_reprojection_plus_stereo_left
75.60884094238281,-169.15142822265625,-620.0875244140625,236.30498807503903,160.70277658626782,-24.587624183807122,387.00000173980527,130.99999855702296,0.5921568870544434,0.6392157077789307,0.6509804129600525,calibrated_uv_reprojection_plus_stereo_left
76.95046997070312,-169.18756103515625,-620.1869506835938,235.60196351335895,159.49325519318597,-24.620055712303326,388.0000015620268,130.9999992296656,0.5843137502670288,0.6313725709915161,0.6431372761726379,calibrated_uv_reprojection_plus_stereo_left
78.29814910888672,-169.2354278564453,-620.329345703125,234.92177935196133,158.26136939618124,-24.681606781010373,388.99999983005,130.9999944454485,0.6000000238418579,0.6470588445663452,0.658823549747467,calibrated_uv_reprojection_plus_stereo_left
79.63774871826172,-169.26437377929688,-620.4024658203125,234.20380751267083,157.064085507142,-24.696174216540783,389.99999804934373,131.0000094042719,0.6039215922355652,0.6509804129600525,0.6666666865348816,calibrated_uv_reprojection_plus_stereo_left
80.9829330444336,-169.30393981933594,-620.514404296875,233.50641588497967,155.8464859264381,-24.737035769323484,390.99999807137084,131.00000530875906,0.5960784554481506,0.6431372761726379,0.6627451181411743,calibrated_uv_reprojection_plus_stereo_left
82.33012390136719,-169.34622192382812,-620.6362915039062,232.81396415818443,154.62318200028466,-24.784626037967314,392.00000113715953,131.00000362463473,0.6000000238418579,0.6431372761726379,0.6666666865348816,calibrated_uv_reprojection_plus_stereo_left
83.67318725585938,-169.3787078857422,-620.7222290039062,232.10188196678473,153.41776833527132,-24.80782132748203,392.9999988688052,130.99999536614067,0.6000000238418579,0.6509804129600525,0.6666666865348816,calibrated_uv_reprojection_plus_stereo_left
85.0150375366211,-169.40760803222656,-620.7951049804688,231.3824833709557,152.21861657663305,-24.82216036641347,393.9999997756763,131.0000062628923,0.5764706134796143,0.6352941393852234,0.6431372761726379,calibrated_uv_reprojection_plus_stereo_left
86.35529327392578,-169.43240356445312,-620.8528442382812,230.65475173149497,151.02686466315402,-24.826214245475455,394.99999710575844,130.99999997478204,0.5529412031173706,0.6117647290229797,0.6235294342041016,calibrated_uv_reprojection_plus_stereo_left
87.6822738647461,-169.4306640625,-620.8133544921875,229.8751110026588,149.88535106167018,-24.764358937637326,395.99999936964826,130.99999569717764,0.47843137383461,0.5411764979362488,0.5568627715110779,calibrated_uv_reprojection_plus_stereo_left
89.02197265625,-169.45306396484375,-620.8623657226562,229.14234505131589,148.6975628021088,-24.76248880261045,396.99999804831657,131.0000031257416,0.3960784375667572,0.4588235318660736,0.4745098054409027,calibrated_uv_reprojection_plus_stereo_left
90.36326599121094,-169.47769165039062,-620.91943359375,228.41361771713605,147.50516981269362,-24.766053859599424,398.00000317478396,130.99999102528864,0.3960784375667572,0.4627451002597809,0.4745098054409027,calibrated_uv_reprojection_plus_stereo_left
91.7035903930664,-169.49969482421875,-620.9669799804688,227.67959778731307,146.31741950369673,-24.763170313323144,399.0000001837459,131.0000004053103,0.4941176474094391,0.5490196347236633,0.5647059082984924,calibrated_uv_reprojection_plus_stereo_left
93.08857727050781,-169.6023406982422,-621.3098754882812,227.10079749433748,144.9732762546139,-24.960378082158627,400.00000024621795,130.99999707624832,0.6274510025978088,0.6784313917160034,0.6941176652908325,calibrated_uv_reprojection_plus_stereo_left
94.4696273803711,-169.69491577148438,-621.6158447265625,226.5016532694728,143.64724951367157,-25.132525661850025,400.99999948584997,130.99999499545967,0.615686297416687,0.6745098233222961,0.6901960968971252,calibrated_uv_reprojection_plus_stereo_left
95.85517120361328,-169.79275512695312,-621.9411010742188,225.91173815062194,142.30963972163863,-25.31770469873095,402.00000116496693,131.0000015709292,0.41960784792900085,0.48627451062202454,0.4941176474094391,calibrated_uv_reprojection_plus_stereo_left
97.22713470458984,-169.86410522460938,-622.1692504882812,225.2701731026322,141.02247979296533,-25.437058248999392,402.9999980036585,130.99999912425739,0.4313725531101227,0.48235294222831726,0.4941176474094391,calibrated_uv_reprojection_plus_stereo_left
98.67687225341797,-170.06744384765625,-622.8807983398438,224.87997182286978,139.47528732736794,-25.883794555317195,404.00000221548447,130.99999940777735,0.5843137502670288,0.6313725709915161,0.6431372761726379,calibrated_uv_reprojection_plus_stereo_left
100.15255737304688,-170.3094024658203,-623.7337036132812,224.561452143101,137.84925979264233,-26.426180299742782,404.9999971388439,130.99999926368946,0.6941176652908325,0.7529411911964417,0.7607843279838562,calibrated_uv_reprojection_plus_stereo_left
101.69275665283203,-170.65313720703125,-624.959228515625,224.43409694689956,136.01880932322763,-27.22080135419725,406.0000003134753,130.99999819097275,0.45490196347236633,0.5215686559677124,0.5254902243614197,calibrated_uv_reprojection_plus_stereo_left
103.35345458984375,-171.1874237060547,-626.8824462890625,224.66483885198323,133.8058618459666,-28.48772162169206,407.0000011675255,131.0000042022558,0.37254902720451355,0.41960784792900085,0.4274509847164154,calibrated_uv_reprojection_plus_stereo_left
104.82855224609375,-171.40444946289062,-627.6436767578125,224.29058766577396,132.2167973325204,-28.967646298116335,408.0000007695722,131.00000182300505,0.40392157435417175,0.4431372582912445,0.45490196347236633,calibrated_uv_reprojection_plus_stereo_left
106.44538116455078,-171.84469604492188,-629.22216796875,224.3354781869441,130.17917365705358,-30.000790972091295,408.9999972838814,131.00000093470277,0.35686275362968445,0.3803921639919281,0.3843137323856354,calibrated_uv_reprojection_plus_stereo_left
108.22587585449219,-172.5347442626953,-631.715087890625,224.84645482342438,127.63522373070401,-31.652793335186686,410.0000004970679,130.9999968302456,0.2823529541492462,0.3019607961177826,0.3019607961177826,calibrated_uv_reprojection_plus_stereo_left
110.48629760742188,-173.9633026123047,-636.91162109375,226.73770634368822,123.59773635097798,-35.13463937874178,410.9999993004562,131.00000547314627,0.35686275362968445,0.34117648005485535,0.30588236451148987,calibrated_uv_reprojection_plus_stereo_left
41.18696594238281,-173.46986389160156,-641.8499145507812,268.208650270776,182.63165454657377,-41.026861392684054,359.99999933671455,132.00000194854508,0.686274528503418,0.5843137502670288,0.47843137383461,calibrated_uv_reprojection_plus_stereo_left
41.816322326660156,-170.45860290527344,-630.6746826171875,261.0329785446873,186.51656189796597,-33.382368211941525,361.00000023110636,132.00000663779872,0.48235294222831726,0.47058823704719543,0.42352941632270813,calibrated_uv_reprojection_plus_stereo_left
42.9910888671875,-169.7887420654297,-628.1629638671875,258.8318477449052,186.48863279719052,-31.637033051781486,362.000001819333,131.9999947239046,0.5490196347236633,0.545098066329956,0.5137255191802979,calibrated_uv_reprojection_plus_stereo_left
44.25481033325195,-169.49981689453125,-627.0608520507812,257.4399648316417,185.82388580053134,-30.85153495850051,363.00000007882517,131.9999994999324,0.5647059082984924,0.5803921818733215,0.5764706134796143,calibrated_uv_reprojection_plus_stereo_left
45.5063591003418,-169.18234252929688,-625.8532104492188,255.99064161943994,185.21161896517606,-29.994320631450137,364.0000018841631,131.99999824548007,0.5647059082984924,0.5803921818733215,0.5803921818733215,calibrated_uv_reprojection_plus_stereo_left
46.734893798828125,-168.79962158203125,-624.4043579101562,254.40727070229576,184.7151226649425,-28.97306911912989,365.0000007772033,132.00000081023202,0.6000000238418579,0.615686297416687,0.615686297416687,calibrated_uv_reprojection_plus_stereo_left
47.97556686401367,-168.4805145263672,-623.1909790039062,252.96063143947788,184.11462087417874,-28.112230583268115,365.99999877208717,132.0000083426316,0.7058823704719543,0.7215686440467834,0.7254902124404907,calibrated_uv_reprojection_plus_stereo_left
49.27617645263672,-168.3832244873047,-622.798095703125,251.98041091732097,183.13631751423156,-27.809858600923576,366.9999978223345,132.00000340559532,0.7411764860153198,0.7568627595901489,0.7607843279838562,calibrated_uv_reprojection_plus_stereo_left
50.60186004638672,-168.37425231933594,-622.7318725585938,251.1851926817293,182.00654557114711,-27.72979512800532,368.00000237282677,131.99999443332268,0.7176470756530762,0.7450980544090271,0.7411764860153198,calibrated_uv_reprojection_plus_stereo_left
51.89175033569336,-168.24949645996094,-622.2374877929688,250.14915193786794,181.07786224946312,-27.358425193790254,369.00000264485095,131.99999347295875,0.7254902124404907,0.7607843279838562,0.7490196228027344,calibrated_uv_reprojection_plus_stereo_left
53.187374114990234,-168.14889526367188,-621.83251953125,249.164385657082,180.10870826748726,-27.04794401562856,370.00000068319144,132.00000119164545,0.7568627595901489,0.7960784435272217,0.7843137383460999,calibrated_uv_reprojection_plus_stereo_left
54.499183654785156,-168.10292053222656,-621.6295776367188,248.29365023975902,179.0452849726703,-26.87493358849747,371.00000131547506,132.0000058064242,0.7686274647712708,0.8078431487083435,0.7921568751335144,calibrated_uv_reprojection_plus_stereo_left
55.758758544921875,-167.9016876220703,-620.8524780273438,247.10241310039333,178.25519838738524,-26.311379762647846,371.99999917966903,131.99999533117077,0.7686274647712708,0.8039215803146362,0.7960784435272217,calibrated_uv_reprojection_plus_stereo_left
57.057037353515625,-167.82342529296875,-620.5302124023438,246.16659050453973,177.2509151654944,-26.057277088400838,373.0000005509902,131.9999993047629,0.7843137383460999,0.8196078538894653,0.8156862854957581,calibrated_uv_reprojection_plus_stereo_left
58.35849380493164,-167.75767517089844,-620.2542724609375,245.25721213461838,176.22548529664704,-25.83471651300829,373.99999883228134,132.00001039055292,0.8235294222831726,0.8509804010391235,0.8509804010391235,calibrated_uv_reprojection_plus_stereo_left
59.659786224365234,-167.69422912597656,-619.9867553710938,244.35308921229324,175.19684337256024,-25.61789284858571,375.000000378412,131.99999697548802,0.8823529481887817,0.9058823585510254,0.9058823585510254,calibrated_uv_reprojection_plus_stereo_left
60.977516174316406,-167.67855834960938,-619.8959350585938,243.5473885139079,174.08376944261073,-25.521253216144373,376.0000015600134,131.9999941065897,0.8941176533699036,0.929411768913269,0.929411768913269,calibrated_uv_reprojection_plus_stereo_left
62.27710723876953,-167.6145782470703,-619.6265258789062,242.6430711886187,173.0573668295193,-25.303189005032152,377.00000098373283,131.99998984001704,0.8980392217636108,0.9333333373069763,0.9333333373069763,calibrated_uv_reprojection_plus_stereo_left
63.57634353637695,-167.55213928222656,-619.3629150390625,241.7424775911552,172.02898181816937,-25.089102761518006,378.0000017002318,132.0000015334084,0.7411764860153198,0.7803921699523926,0.7921568751335144,calibrated_uv_reprojection_plus_stereo_left
64.88337707519531,-167.51223754882812,-619.1825561523438,240.88824637914814,170.96075897809692,-24.931626720606005,379.000002657435,131.99999759471464,0.7568627595901489,0.7960784435272217,0.8078431487083435,calibrated_uv_reprojection_plus_stereo_left
66.20367431640625,-167.50733947753906,-619.131591796875,240.1053982532556,169.82963321338855,-24.862123834880776,380.00000230896717,131.9999940032582,0.6666666865348816,0.7137255072593689,0.7098039388656616,calibrated_uv_reprojection_plus_stereo_left
67.52877807617188,-167.51438903808594,-619.1248168945312,239.3467643974621,168.67678752030025,-24.822661599142066,381.0000045196231,131.9999968202061,0.6509804129600525,0.6941176652908325,0.6980392336845398,calibrated_uv_reprojection_plus_stereo_left
68.8621597290039,-167.5411834716797,-619.1910400390625,238.62794288892258,167.48776489500847,-24.83281260526809,381.99999688560905,132.00000574294856,0.6117647290229797,0.6549019813537598,0.6666666865348816,calibrated_uv_reprojection_plus_stereo_left
70.19024658203125,-167.55416870117188,-619.2061157226562,237.88095459276104,166.3236406253866,-24.808176555286593,383.0000024852058,131.9999937085546,0.6274510025978088,0.6705882549285889,0.6823529601097107,calibrated_uv_reprojection_plus_stereo_left
71.55223083496094,-167.6459503173828,-619.512451171875,237.2923282401767,165.0144101224983,-24.981468120255897,384.00000151417225,131.99999908588538,0.6274510025978088,0.6745098233222961,0.6901960968971252,calibrated_uv_reprojection_plus_stereo_left
72.8719482421875,-167.6370391845703,-619.4466552734375,236.50075724191862,163.88967727271404,-24.90186046633613,384.9999976867784,132.00000087024534,0.5921568870544434,0.6392157077789307,0.6549019813537598,calibrated_uv_reprojection_plus_stereo_left
74.19136047363281,-167.6276092529297,-619.37890625,235.7081760669866,162.76598120299843,-24.82092240378853,386.0000004907721,131.9999948842066,0.5803921818733215,0.6274510025978088,0.6431372761726379,calibrated_uv_reprojection_plus_stereo_left
75.51161193847656,-167.6202392578125,-619.31884765625,234.91979319640888,161.63851074771173,-24.74522228686658,386.9999958092455,132.00000466684725,0.5843137502670288,0.6313725709915161,0.6470588445663452,calibrated_uv_reprojection_plus_stereo_left
76.84991455078125,-167.65235900878906,-619.4046630859375,234.21012594061307,160.4374213971043,-24.768614242432648,387.9999971107039,132.00000931125493,0.5764706134796143,0.6235294342041016,0.6392157077789307,calibrated_uv_reprojection_plus_stereo_left
78.1892318725586,-167.68545532226562,-619.4940185546875,233.5020511535664,159.23403669325438,-24.794388399827653,388.9999967900696,132.0000029603235,0.5960784554481506,0.6470588445663452,0.6627451181411743,calibrated_uv_reprojection_plus_stereo_left
79.53009796142578,-167.72056579589844,-619.5908203125,232.79763300498553,158.02634939590956,-24.825207319539572,390.0000022273388,132.00000076580943,0.5960784554481506,0.6549019813537598,0.6666666865348816,calibrated_uv_reprojection_plus_stereo_left
80.87163543701172,-167.7558135986328,-619.6881103515625,232.09313123554034,156.8178824602212,-24.85634132477537,391.00000032951584,131.99999776059784,0.5921568870544434,0.6470588445663452,0.658823549747467,calibrated_uv_reprojection_plus_stereo_left
82.23170471191406,-167.82760620117188,-619.92041015625,231.46043159530802,155.53969468436628,-24.97914761074793,392.0000009134722,132.00000217827642,0.5960784554481506,0.6549019813537598,0.6627451181411743,calibrated_uv_reprojection_plus_stereo_left
83.57095336914062,-167.8551788330078,-619.9893188476562,230.739918213436,154.34448448679245,-24.990970146872485,393.00000484762387,132.00000033727136,0.5882353186607361,0.6431372761726379,0.6509804129600525,calibrated_uv_reprojection_plus_stereo_left
84.9113540649414,-167.8840789794922,-620.0631103515625,230.02172922034384,153.14633151473777,-25.006094136394665,393.9999976618594,131.9999968066082,0.5764706134796143,0.6274510025978088,0.6392157077789307,calibrated_uv_reprojection_plus_stereo_left
86.2536392211914,-167.9156036376953,-620.1466064453125,229.30838244481504,151.94268776539974,-25.027796176231675,395.0000020971321,131.9999983832479,0.5607843399047852,0.615686297416687,0.6274510025978088,calibrated_uv_reprojection_plus_stereo_left
87.5802993774414,-167.91612243652344,-620.1155395507812,228.53405337126702,150.7981169537852,-24.971704869521147,396.00000197250716,131.99999088649759,0.5333333611488342,0.5843137502670288,0.6039215922355652,calibrated_uv_reprojection_plus_stereo_left
88.92682647705078,-167.9540252685547,-620.2225952148438,227.83265804319927,149.5814300091859,-25.00938041977929,396.9999972222555,131.99999809921667,0.49803921580314636,0.5607843399047852,0.5686274766921997,calibrated_uv_reprojection_plus_stereo_left
90.26976776123047,-167.9840087890625,-620.3003540039062,227.1154396046366,148.37948927514572,-25.027147728196383,398.0000038920586,131.99999771778513,0.43921568989753723,0.5058823823928833,0.5137255191802979,calibrated_uv_reprojection_plus_stereo_left
91.6125259399414,-168.0126953125,-620.373291015625,226.395387859435,147.17961904073644,-25.041625888424562,399.00000469659415,131.99999332401293,0.3843137323856354,0.4470588266849518,0.45490196347236633,calibrated_uv_reprojection_plus_stereo_left
92.95923614501953,-168.04759216308594,-620.46923828125,225.68710455068987,145.96718366229652,-25.071719313131382,399.9999968901635,132.00000790354954,0.41960784792900085,0.48235294222831726,0.4901960790157318,calibrated_uv_reprojection_plus_stereo_left
94.33808135986328,-168.138671875,-620.7724609375,225.0869972254688,144.6444744916409,-25.242429991396932,401.0000043858679,131.99999437988896,0.5607843399047852,0.6274510025978088,0.6313725709915161,calibrated_uv_reprojection_plus_stereo_left
95.71905517578125,-168.23085021972656,-621.079833984375,224.4881836868027,143.31827713168417,-25.415935929003126,401.9999992852798,132.0000076710008,0.5647059082984924,0.6313725709915161,0.6352941393852234,calibrated_uv_reprojection_plus_stereo_left
97.11036682128906,-168.3383331298828,-621.4435424804688,223.91787564514044,141.96069996943913,-25.62760585371643,403.000001994938,131.99999535074028,0.4117647111415863,0.4745098054409027,0.48235294222831726,calibrated_uv_reprojection_plus_stereo_left
98.5025863647461,-168.44435119628906,-621.8018798828125,223.3437582095592,140.6044709681388,-25.83559683179584,403.9999989533661,131.99999931893493,0.5333333611488342,0.6000000238418579,0.6039215922355652,calibrated_uv_reprojection_plus_stereo_left
99.95162200927734,-168.64329528808594,-622.503173828125,222.9465094900679,139.06262848433715,-26.276186276083763,405.0000002506803,132.00000071490064,0.5764706134796143,0.6431372761726379,0.6470588445663452,calibrated_uv_reprojection_plus_stereo_left
101.51619720458984,-169.02928161621094,-623.894775390625,222.90458684630374,137.1461557175474,-27.184926422220485,406.0000003685835,132.00000328599648,0.3607843220233917,0.4274509847164154,0.4313725531101227,calibrated_uv_reprojection_plus_stereo_left
103.1833724975586,-169.57376098632812,-625.8711547851562,223.16099033383506,134.90819934391698,-28.49011855592022,407.00000335116704,131.99999714709557,0.3960784375667572,0.4431372582912445,0.43529412150382996,calibrated_uv_reprojection_plus_stereo_left
104.68392944335938,-169.8338623046875,-626.7978515625,222.87190319869308,133.23200497668063,-29.083213053106817,407.9999984162542,132.00000581430191,0.38823530077934265,0.4313725531101227,0.42352941632270813,calibrated_uv_reprojection_plus_stereo_left
106.53388977050781,-170.64695739746094,-629.76513671875,223.6287282687827,130.44151254098432,-31.05996352485596,409.0000062616289,131.99999286859335,0.3176470696926117,0.3333333432674408,0.3294117748737335,calibrated_uv_reprojection_plus_stereo_left
108.83490753173828,-172.15309143066406,-635.2897338867188,225.68875731992415,126.24309585051293,-34.770434768089444,409.99999959208697,132.00000773162358,0.3176470696926117,0.3333333432674408,0.3294117748737335,calibrated_uv_reprojection_plus_stereo_left
40.317867279052734,-174.27639770507812,-649.989501953125,272.6526318844895,180.73128702934838,-47.316594063742116,358.99999906816214,133.0000038052666,0.772549033164978,0.6509804129600525,0.545098066329956,calibrated_uv_reprojection_plus_stereo_left
40.50160217285156,-169.25511169433594,-631.2285766601562,261.13239237597156,187.99793831879737,-34.48553006075366,359.999998800455,133.0000044201902,0.5607843399047852,0.4745098054409027,0.3921568691730499,calibrated_uv_reprojection_plus_stereo_left
41.58628463745117,-168.20042419433594,-627.2620849609375,258.10120163149554,188.62230460983062,-31.745292299237576,360.99999998996697,133.00000636362768,0.5137255191802979,0.5176470875740051,0.4941176474094391,calibrated_uv_reprojection_plus_stereo_left
42.854557037353516,-167.93063354492188,-626.222900390625,256.7466752745572,187.9277464688019,-31.00153603749851,362.0000003849436,133.00000196705378,0.5686274766921997,0.5764706134796143,0.5607843399047852,calibrated_uv_reprojection_plus_stereo_left
44.117713928222656,-167.657470703125,-625.1712646484375,255.38748198897298,187.24258015183347,-30.249404167140938,362.9999995453499,133.00000129644675,0.5647059082984924,0.5803921818733215,0.5843137502670288,calibrated_uv_reprojection_plus_stereo_left
45.35841369628906,-167.31724548339844,-623.8696899414062,253.88899276852447,186.6759404885533,-29.326987770166852,364.00000171539125,133.00000227486797,0.5607843399047852,0.5764706134796143,0.5764706134796143,calibrated_uv_reprojection_plus_stereo_left
46.59951400756836,-166.99765014648438,-622.6451416015625,252.43714904572494,186.07845654578028,-28.45721799922353,364.9999993528446,132.99999840465085,0.7058823704719543,0.7215686440467834,0.7176470756530762,calibrated_uv_reprojection_plus_stereo_left
47.89043426513672,-166.86911010742188,-622.133056640625,251.39044742935084,185.15549105524588,-28.073233200528364,366.0000017734582,133.00000132092646,0.8352941274642944,0.8509804010391235,0.8509804010391235,calibrated_uv_reprojection_plus_stereo_left
49.21733474731445,-166.8693084716797,-622.1009521484375,250.61531765256575,184.01113969146644,-28.01644894528846,366.9999990456173,133.0000012173806,0.7882353067398071,0.8039215803146362,0.8078431487083435,calibrated_uv_reprojection_plus_stereo_left
50.51124954223633,-166.7603759765625,-621.6620483398438,249.61143723773944,183.0565943305465,-27.682419022717852,367.9999984351098,133.00000692086564,0.729411780834198,0.7411764860153198,0.7450980544090271,calibrated_uv_reprojection_plus_stereo_left
51.80801773071289,-166.66600036621094,-621.2774047851562,248.63895690533064,182.07807593413082,-27.385404055543233,369.00000006247467,133.00000362756256,0.6941176652908325,0.7058823704719543,0.7098039388656616,calibrated_uv_reprojection_plus_stereo_left
53.10133743286133,-166.56532287597656,-620.8693237304688,247.6541757405625,181.1118446851017,-27.072458498003925,370.0000007874055,133.00000377357998,0.6941176652908325,0.7098039388656616,0.7058823704719543,calibrated_uv_reprojection_plus_stereo_left
54.412193298339844,-166.52304077148438,-620.6788940429688,246.79185329452167,180.04415566824179,-26.907847859835442,371.0000006649428,132.99999518615917,0.7176470756530762,0.7333333492279053,0.7333333492279053,calibrated_uv_reprojection_plus_stereo_left
55.685325622558594,-166.36985778808594,-620.0751953125,245.69953661197678,179.17296796510936,-26.461696188747112,372.000002424,132.9999974047576,0.7450980544090271,0.7647058963775635,0.7647058963775635,calibrated_uv_reprojection_plus_stereo_left
56.98381805419922,-166.29762268066406,-619.7732543945312,244.77638885545537,178.16021128520123,-26.221182897890458,373.0000014021201,133.00000266442612,0.7803921699523926,0.8039215803146362,0.8039215803146362,calibrated_uv_reprojection_plus_stereo_left
58.28300476074219,-166.23048400878906,-619.4902954101562,243.86440330470322,177.1393306424779,-25.99362349474268,373.99999933025543,133.0000002302288,0.8078431487083435,0.8352941274642944,0.8352941274642944,calibrated_uv_reprojection_plus_stereo_left
59.582664489746094,-166.16746520996094,-619.2227172851562,242.96150666128676,176.111949082794,-25.776567525914686,374.99999899397585,132.9999984640026,0.8666666746139526,0.8980392217636108,0.8941176533699036,calibrated_uv_reprojection_plus_stereo_left
60.90797805786133,-166.177001953125,-619.2255249023438,242.20852566586257,174.95515984076076,-25.74369191014182,376.00000011700564,132.9999964323905,0.929411768913269,0.95686274766922,0.9647058844566345,calibrated_uv_reprojection_plus_stereo_left
62.20589828491211,-166.11282348632812,-618.9536743164062,241.30401667236077,173.93098826358835,-25.523762902974056,376.99999883948965,132.9999979655848,0.8039215803146362,0.8313725590705872,0.8392156958580017,calibrated_uv_reprojection_plus_stereo_left
63.508277893066406,-166.06280517578125,-618.734619140625,240.4290907424571,172.88202939096357,-25.339813039419198,377.99999955456894,133.00000199945578,0.7529411911964417,0.7921568751335144,0.800000011920929,calibrated_uv_reprojection_plus_stereo_left
64.8184814453125,-166.0347137451172,-618.5972290039062,239.59941002509527,171.79391424038278,-25.211483151513562,379.000002729842,132.99999662143426,0.7450980544090271,0.7843137383460999,0.7882353067398071,calibrated_uv_reprojection_plus_stereo_left
66.13098907470703,-166.0133819580078,-618.4850463867188,238.78375258827606,170.69381268419886,-25.10032837355186,380.00000266357296,132.99999423746843,0.6784313917160034,0.7215686440467834,0.7254902124404907,calibrated_uv_reprojection_plus_stereo_left
67.45634460449219,-166.0243682861328,-618.4932861328125,238.03404940713978,169.53483847568663,-25.07116796196135,380.999997322603,132.99999594406654,0.6666666865348816,0.7098039388656616,0.7137255072593689,calibrated_uv_reprojection_plus_stereo_left
68.78111267089844,-166.03334045410156,-618.4940185546875,237.2801123618421,168.37934864953468,-25.036890701383186,382.0000000375945,132.9999980105565,0.6235294342041016,0.6627451181411743,0.6745098233222961,calibrated_uv_reprojection_plus_stereo_left
70.11045837402344,-166.0526885986328,-618.5333862304688,236.54707920125776,167.20457155561598,-25.028905624388585,382.9999980075843,132.99999813184434,0.6000000238418579,0.6392157077789307,0.6549019813537598,calibrated_uv_reprojection_plus_stereo_left
71.4595718383789,-166.1171112060547,-618.7406616210938,235.90495226353084,165.94609045999516,-25.13519840253889,384.00000017850675,133.000003742762,0.5960784554481506,0.6431372761726379,0.6627451181411743,calibrated_uv_reprojection_plus_stereo_left
72.7823257446289,-166.11891174316406,-618.7146606445312,235.13589440649656,164.80294051336796,-25.082698007887586,384.99999627918265,133.0000069162062,0.5764706134796143,0.6235294342041016,0.6431372761726379,calibrated_uv_reprojection_plus_stereo_left
74.10191345214844,-166.1134033203125,-618.661376953125,234.35205026226487,163.67334531929941,-25.011620254056766,386.00000094705405,132.9999980446397,0.5882353186607361,0.6352941393852234,0.6509804129600525,calibrated_uv_reprojection_plus_stereo_left
75.4223861694336,-166.1099090576172,-618.6156616210938,233.57229423780478,162.53998967590405,-24.94570267255341,386.9999973077304,133.00000268537644,0.5803921818733215,0.6274510025978088,0.6431372761726379,calibrated_uv_reprojection_plus_stereo_left
76.75631713867188,-166.13552856445312,-618.6783447265625,232.85083635621112,161.3519847000406,-24.953537645561198,387.99999669787,133.00000342378442,0.5921568870544434,0.6352941393852234,0.6549019813537598,calibrated_uv_reprojection_plus_stereo_left
78.0978775024414,-166.1763916015625,-618.7977294921875,232.15954546825378,160.13487494710415,-24.99993057746599,388.9999979692825,132.99999407197492,0.6000000238418579,0.6470588445663452,0.6627451181411743,calibrated_uv_reprojection_plus_stereo_left
79.43543243408203,-166.2073516845703,-618.8803100585938,231.4481236202048,158.93583729044383,-25.021278905743486,390.00000277027345,133.0000025373353,0.5960784554481506,0.6549019813537598,0.6705882549285889,calibrated_uv_reprojection_plus_stereo_left
80.77568817138672,-166.2427520751953,-618.9793701171875,230.74519906264624,157.72791640129572,-25.05381734525423,391.0000030869031,133.0000029214412,0.5921568870544434,0.6549019813537598,0.6666666865348816,calibrated_uv_reprojection_plus_stereo_left
82.138916015625,-166.32342529296875,-619.2469482421875,230.13173750368566,156.43325002729932,-25.20095973864011,391.99999760537946,132.99999839708653,0.5803921818733215,0.6470588445663452,0.6549019813537598,calibrated_uv_reprojection_plus_stereo_left
83.47856140136719,-166.35440063476562,-619.3294677734375,229.4191011529707,155.2324063287595,-25.222202341566515,393.00000048822477,132.9999934313122,0.572549045085907,0.6352941393852234,0.6470588445663452,calibrated_uv_reprojection_plus_stereo_left
84.81646728515625,-166.380859375,-619.395263671875,228.6972588412836,154.03971139205993,-25.23207157497245,393.9999990371087,133.00000962391672,0.572549045085907,0.6352941393852234,0.6470588445663452,calibrated_uv_reprojection_plus_stereo_left
86.15968322753906,-166.4166717529297,-619.4957275390625,227.99351495871042,152.8286466407235,-25.26548353303059,395.00000030315186,132.99999748874916,0.5686274766921997,0.6196078658103943,0.6392157077789307,calibrated_uv_reprojection_plus_stereo_left
87.49030303955078,-166.42730712890625,-619.5025634765625,227.23995251918296,151.66564182501315,-25.23523032708721,395.99999634991525,133.0000067667766,0.5607843399047852,0.6078431606292725,0.6274510025978088,calibrated_uv_reprojection_plus_stereo_left
88.83959197998047,-166.47250366210938,-619.637939453125,226.5539918704061,150.43546178963305,-25.292352387569053,396.99999843406823,132.99999647931952,0.5529412031173706,0.6039215922355652,0.6235294342041016,calibrated_uv_reprojection_plus_stereo_left
90.1836166381836,-166.50653076171875,-619.7317504882812,225.84573231572352,149.2263294482255,-25.321199720065977,398.0000008654918,132.99999160988267,0.5607843399047852,0.615686297416687,0.6313725709915161,calibrated_uv_reprojection_plus_stereo_left
91.52581024169922,-166.53611755371094,-619.80908203125,225.12847596394607,148.02532429261782,-25.338837068482746,399.00000103154974,132.99999915795138,0.5058823823928833,0.5568627715110779,0.5686274766921997,calibrated_uv_reprojection_plus_stereo_left
92.87727355957031,-166.58139038085938,-619.9447631835938,224.4414482723414,146.79313556120007,-25.396120862354223,399.9999960830532,133.00000384365848,0.40392157435417175,0.4588235318660736,0.46666666865348816,calibrated_uv_reprojection_plus_stereo_left
94.26493072509766,-166.68927001953125,-620.3134155273438,223.87556666757303,145.43716044114825,-25.611730355515647,400.99999498566257,133.00000999105316,0.3921568691730499,0.45490196347236633,0.4588235318660736,calibrated_uv_reprojection_plus_stereo_left
95.64163970947266,-166.77496337890625,-620.599365234375,223.26561627004241,144.12346056801942,-25.771072445662412,402.0000016805681,132.99999602112982,0.46666666865348816,0.5333333611488342,0.5372549295425415,calibrated_uv_reprojection_plus_stereo_left
97.04550170898438,-166.9049072265625,-621.0499877929688,222.74039319453743,142.72090016554347,-26.042290480548616,403.0000004159354,132.9999927371039,0.5921568870544434,0.658823549747467,0.6627451181411743,calibrated_uv_reprojection_plus_stereo_left
98.42962646484375,-166.9977264404297,-621.3624877929688,222.14235237562156,141.3902361126286,-26.21960543462535,404.00000125140144,133.00000221344527,0.6784313917160034,0.7450980544090271,0.7490196228027344,calibrated_uv_reprojection_plus_stereo_left
99.8834228515625,-167.20462036132812,-622.0993041992188,221.76283862888187,139.83083671878092,-26.685173035709113,405.0000000340574,132.9999974389134,0.43529412150382996,0.48627451062202454,0.49803921580314636,calibrated_uv_reprojection_plus_stereo_left
101.44457244873047,-167.5832977294922,-623.4751586914062,221.71103002936536,137.92485192266258,-27.584814797313356,406.00000268733135,132.99999671073942,0.3803921639919281,0.4274509847164154,0.43921568989753723,calibrated_uv_reprojection_plus_stereo_left
103.22606658935547,-168.3113250732422,-626.1505126953125,222.32446444527204,135.31229471386382,-29.367097936057405,406.9999990133945,132.9999961966873,0.4156862795352936,0.4431372582912445,0.4431372582912445,calibrated_uv_reprojection_plus_stereo_left
104.80862426757812,-168.7003631591797,-627.5645751953125,222.28370665808063,133.37252071572243,-30.29230430945148,407.9999954845946,133.00000281610966,0.35686275362968445,0.3803921639919281,0.3803921639919281,calibrated_uv_reprojection_plus_stereo_left
106.83123779296875,-169.77879333496094,-631.5428466796875,223.55263386618037,130.0339222473978,-32.959020091917694,408.9999986730117,133.00000235588476,0.3294117748737335,0.3294117748737335,0.3294117748737335,calibrated_uv_reprojection_plus_stereo_left
39.243988037109375,-168.30369567871094,-632.7384033203125,261.77785505786994,189.05283409880377,-36.24289930613247,358.99999842166613,134.00000834608966,0.5921568870544434,0.5254902243614197,0.4274509847164154,calibrated_uv_reprojection_plus_stereo_left
40.214237213134766,-166.73521423339844,-626.8087158203125,257.6264696613034,190.54898308269884,-32.15705340021691,359.9999998173027,134.0000039442583,0.529411792755127,0.48235294222831726,0.4156862795352936,calibrated_uv_reprojection_plus_stereo_left
41.46754455566406,-166.40321350097656,-625.5277099609375,256.1352514303442,189.96211992989572,-31.247014892825064,361.0000025461933,133.99999910590606,0.5529412031173706,0.5529412031173706,0.5529412031173706,calibrated_uv_reprojection_plus_stereo_left
42.75603485107422,-166.22845458984375,-624.8379516601562,254.9828236129173,189.11104658728323,-30.740924491517603,361.9999999697923,134.0000061898894,0.5686274766921997,0.5764706134796143,0.5764706134796143,calibrated_uv_reprojection_plus_stereo_left
44.00731658935547,-165.92373657226562,-623.6597290039062,253.55513859303744,188.48535188264827,-29.901321769910794,362.99999904089947,134.00000271227233,0.5607843399047852,0.5764706134796143,0.572549045085907,calibrated_uv_reprojection_plus_stereo_left
45.220848083496094,-165.4984893798828,-622.0286254882812,251.87408863347594,188.07145996305604,-28.752595793525416,364.0000013561972,134.0000014436901,0.6274510025978088,0.6431372761726379,0.6431372761726379,calibrated_uv_reprojection_plus_stereo_left
46.49846649169922,-165.32513427734375,-621.3443603515625,250.73119808548,187.22769018343064,-28.250543604241784,365.0000011477102,133.9999963888844,0.8352941274642944,0.8509804010391235,0.8549019694328308,calibrated_uv_reprojection_plus_stereo_left
47.81980895996094,-165.31231689453125,-621.2635498046875,249.92964094046795,186.10744178700503,-28.160575564974238,365.9999988527325,134.00000489989142,0.9215686321258545,0.9372549057006836,0.9411764740943909,calibrated_uv_reprojection_plus_stereo_left
49.14560317993164,-165.31495666503906,-621.2407836914062,249.16078568275555,184.96037945930124,-28.110231029205977,366.99999925492114,134.00000420351498,0.8666666746139526,0.886274516582489,0.886274516582489,calibrated_uv_reprojection_plus_stereo_left
50.405704498291016,-165.10208129882812,-620.4081420898438,247.93781967742603,184.19049112472675,-27.507035242740415,368.0000010607982,133.99999820863565,0.8549019694328308,0.8588235378265381,0.8627451062202454,calibrated_uv_reprojection_plus_stereo_left
51.70542907714844,-165.0263671875,-620.0910034179688,247.005149758169,183.1824364032811,-27.25580069071691,369.00000038981193,133.99999886980368,0.8705882430076599,0.8705882430076599,0.8705882430076599,calibrated_uv_reprojection_plus_stereo_left
53.014503479003906,-164.98333740234375,-619.896728515625,246.14171757996286,182.11770190486078,-27.088457177818213,369.9999973433857,134.00000547558682,0.8588235378265381,0.8745098114013672,0.8745098114013672,calibrated_uv_reprojection_plus_stereo_left
54.321773529052734,-164.9367218017578,-619.68896484375,245.27113259804514,181.0598652278308,-26.91192007076876,370.9999998743516,134.00000569683704,0.8235294222831726,0.8470588326454163,0.8470588326454163,calibrated_uv_reprojection_plus_stereo_left
55.61115646362305,-164.83914184570312,-619.2896728515625,244.29450711198012,180.09326951007313,-26.604690738820466,372.0000015967439,133.99999068381535,0.7843137383460999,0.8078431487083435,0.8078431487083435,calibrated_uv_reprojection_plus_stereo_left
56.91112518310547,-164.77655029296875,-619.02197265625,243.39169648143752,179.06547789313652,-26.387307978382637,372.99999904488374,133.9999983313554,0.7490196228027344,0.772549033164978,0.772549033164978,calibrated_uv_reprojection_plus_stereo_left
58.214908599853516,-164.7274169921875,-618.8048095703125,242.51739355996085,178.014393538759,-26.204425166713406,373.999999746357,133.99999741710124,0.7803921699523926,0.8196078538894653,0.8117647171020508,calibrated_uv_reprojection_plus_stereo_left
59.5118408203125,-164.6613311767578,-618.5239868164062,241.60835582848296,176.99442851417302,-25.97813066393303,375.00000183178105,133.99999688126516,0.9058823585510254,0.9450980424880981,0.9411764740943909,calibrated_uv_reprojection_plus_stereo_left
60.84111404418945,-164.6855010986328,-618.5822143554688,240.88667325409256,175.81234214718063,-25.9831578494302,375.99999940840416,133.9999987914701,0.8823529481887817,0.9215686321258545,0.9137254953384399,calibrated_uv_reprojection_plus_stereo_left
62.13998794555664,-164.6279296875,-618.3334350585938,239.99597115727897,174.77803067038633,-25.77875892777024,376.99999937615524,134.0000047922025,0.729411780834198,0.7647058963775635,0.7568627595901489,calibrated_uv_reprojection_plus_stereo_left
63.446434020996094,-164.5922393798828,-618.1668090820312,239.1508263667493,173.70466130527825,-25.630410226519587,378.00000232830865,134.00000115614398,0.7686274647712708,0.8117647171020508,0.8039215803146362,calibrated_uv_reprojection_plus_stereo_left
64.75102233886719,-164.55313110351562,-617.9873657226562,238.29895923606955,172.63797531098123,-25.47333426549602,379.0000033120892,133.9999987918871,0.7529411911964417,0.7960784435272217,0.7882353067398071,calibrated_uv_reprojection_plus_stereo_left
66.05751037597656,-164.52017211914062,-617.8310546875,237.46004465991257,171.56049852451997,-25.332052061163154,379.9999994950532,134.0000015725206,0.7019608020782471,0.7529411911964417,0.7450980544090271,calibrated_uv_reprojection_plus_stereo_left
67.37984466552734,-164.52703857421875,-617.8242797851562,236.7028668748506,170.41013580063236,-25.29274717087958,381.0000002713949,133.99999912419,0.6784313917160034,0.729411780834198,0.7215686440467834,calibrated_uv_reprojection_plus_stereo_left
68.70494079589844,-164.54010009765625,-617.8407592773438,235.95823041410517,169.24817914170575,-25.269293066121804,382.000003843123,133.9999959720036,0.6470588445663452,0.6901960968971252,0.7019608020782471,calibrated_uv_reprojection_plus_stereo_left
70.02751159667969,-164.54660034179688,-617.8326416015625,235.20009480351735,168.0981451680687,-25.229068221275668,383.0000004341385,134.00000197557551,0.6039215922355652,0.6470588445663452,0.6627451181411743,calibrated_uv_reprojection_plus_stereo_left
71.37100219726562,-164.60096740722656,-618.0042114257812,234.53910626991274,166.85889156529038,-25.311333935774996,383.99999838416613,134.00000247938243,0.5960784554481506,0.6431372761726379,0.6627451181411743,calibrated_uv_reprojection_plus_stereo_left
72.69294738769531,-164.60443115234375,-617.984619140625,233.7743738848891,165.71392925798108,-25.26326038965493,384.9999994641045,133.99999702918785,0.5921568870544434,0.6392157077789307,0.6549019813537598,calibrated_uv_reprojection_plus_stereo_left
74.01300811767578,-164.6034393310547,-617.9483642578125,233.0005887505949,164.57719911508525,-25.20383555272531,385.99999586802636,134.00000512844434,0.5843137502670288,0.6313725709915161,0.6431372761726379,calibrated_uv_reprojection_plus_stereo_left
75.33531951904297,-164.6072540283203,-617.9301147460938,232.2364568364955,163.43139042688279,-25.156676028477364,386.99999938305103,134.00000579808423,0.5960784554481506,0.6431372761726379,0.6549019813537598,calibrated_uv_reprojection_plus_stereo_left
76.66925811767578,-164.63580322265625,-618.004638671875,231.52202304160056,162.2387905344048,-25.172729426518742,387.99999869544035,133.99999207630714,0.6000000238418579,0.6431372761726379,0.658823549747467,calibrated_uv_reprojection_plus_stereo_left
78.00798034667969,-164.67330932617188,-618.1129150390625,230.82532157954614,161.02870343337884,-25.211789558276394,389.0000001967599,134.0000076320139,0.5882353186607361,0.6313725709915161,0.6470588445663452,calibrated_uv_reprojection_plus_stereo_left
79.34620666503906,-164.7084503173828,-618.212158203125,230.1234474658474,159.82260143454272,-25.24465799394534,389.99999969767896,133.99999496338916,0.5960784554481506,0.6431372761726379,0.658823549747467,calibrated_uv_reprojection_plus_stereo_left
80.68502044677734,-164.74349975585938,-618.3110961914062,229.42104303713745,158.61611364835858,-25.277309430063326,390.99999911256253,133.9999931743823,0.5921568870544434,0.6431372761726379,0.658823549747467,calibrated_uv_reprojection_plus_stereo_left
82.04724884033203,-164.82432556152344,-618.5818481445312,228.80957477681744,157.32134729077586,-25.427002612506442,391.99999804447106,133.99999778636607,0.5843137502670288,0.6392157077789307,0.6549019813537598,calibrated_uv_reprojection_plus_stereo_left
83.3869857788086,-164.8579864501953,-618.675537109375,228.10345849625213,156.11612808048778,-25.456035803015197,393.00000449702384,133.99999639845294,0.572549045085907,0.6352941393852234,0.6549019813537598,calibrated_uv_reprojection_plus_stereo_left
84.73100280761719,-164.89883422851562,-618.7962036132812,227.41127344435228,154.89652331598353,-25.50343300253826,393.99999740118704,133.99999956251787,0.5647059082984924,0.6274510025978088,0.6509804129600525,calibrated_uv_reprojection_plus_stereo_left
86.07242584228516,-164.93331909179688,-618.8929443359375,226.70605088002122,153.68862745727023,-25.534510467309417,395.00000042868874,133.9999963403882,0.5686274766921997,0.6313725709915161,0.6470588445663452,calibrated_uv_reprojection_plus_stereo_left
87.40525817871094,-164.95042419433594,-618.9244995117188,225.9661502846174,152.513974807657,-25.5211824256603,396.0000015253755,134.00000151682156,0.5529412031173706,0.6117647290229797,0.6274510025978088,calibrated_uv_reprojection_plus_stereo_left
88.75205993652344,-164.99288940429688,-619.0511474609375,225.27601736175268,151.28957484114318,-25.57259703039324,397.0000014088763,133.99999665949764,0.5529412031173706,0.6117647290229797,0.6274510025978088,calibrated_uv_reprojection_plus_stereo_left
90.10050201416016,-165.0369873046875,-619.1839599609375,224.58868043708907,150.06131591619913,-25.62819771581087,397.9999991613743,134.00000335662884,0.5764706134796143,0.6392157077789307,0.6509804129600525,calibrated_uv_reprojection_plus_stereo_left
91.4434814453125,-165.06983947753906,-619.2744750976562,223.87880082925506,148.85451763215343,-25.65496593652341,399.00000459540513,133.99999216483212,0.5686274766921997,0.6274510025978088,0.6392157077789307,calibrated_uv_reprojection_plus_stereo_left
92.79515838623047,-165.11712646484375,-619.419189453125,223.19685018823463,147.61873400042845,-25.718628169852195,400.00000000781614,133.99999362473224,0.5411764979362488,0.6039215922355652,0.615686297416687,calibrated_uv_reprojection_plus_stereo_left
94.18911743164062,-165.2371368408203,-619.8367309570312,222.65639425373757,146.23832222989415,-25.96800946930898,400.99999513063005,134.00000470752704,0.43921568989753723,0.5058823823928833,0.5137255191802979,calibrated_uv_reprojection_plus_stereo_left
95.579833984375,-165.3480987548828,-620.22021484375,222.09712796677871,144.87418288199854,-26.194145245096195,401.99999719859125,134.00000217831138,0.3686274588108063,0.43529412150382996,0.43921568989753723,calibrated_uv_reprojection_plus_stereo_left
96.98579406738281,-165.48191833496094,-620.6893920898438,221.58118847667413,143.4629038825879,-26.478561346113395,403.0000012967877,134.00000053634398,0.6039215922355652,0.6705882549285889,0.6784313917160034,calibrated_uv_reprojection_plus_stereo_left
98.38178253173828,-165.59524536132812,-621.0816650390625,221.02425137887747,142.09069748536803,-26.710579203873294,403.99999848906,134.00000078551471,0.5647059082984924,0.6313725709915161,0.6431372761726379,calibrated_uv_reprojection_plus_stereo_left
99.85775756835938,-165.83827209472656,-621.9603271484375,220.71695841439134,140.45662619044015,-27.273561065851425,404.9999999896398,134.0000029565038,0.3843137323856354,0.43529412150382996,0.4470588266849518,calibrated_uv_reprojection_plus_stereo_left
101.44863891601562,-166.26312255859375,-623.520751953125,220.7580034701797,138.4530671709971,-28.300371910777415,406.0000018625304,134.00000197434704,0.3921568691730499,0.43921568989753723,0.45098039507865906,calibrated_uv_reprojection_plus_stereo_left
103.2572250366211,-167.0290069580078,-626.35986328125,221.451128153794,135.75460199178298,-30.197065035257936,407.00000084782795,133.99999636356932,0.3921568691730499,0.4156862795352936,0.41960784792900085,calibrated_uv_reprojection_plus_stereo_left
104.9822769165039,-167.64173889160156,-628.6244506835938,221.84312227372646,133.35591686152725,-31.702547429896526,407.9999990702545,134.00000536986275,0.3137255012989044,0.33725491166114807,0.33725491166114807,calibrated_uv_reprojection_plus_stereo_left
107.30673217773438,-169.1839141845703,-634.373779296875,224.0087212765485,129.05811620455643,-35.57851680544388,408.9999975283241,134.00000144564424,0.33725491166114807,0.34117648005485535,0.32549020648002625,calibrated_uv_reprojection_plus_stereo_left
38.07744598388672,-167.77493286132812,-635.8739013671875,263.3509786276724,189.3901923865128,-39.11605753078226,357.9999979161831,135.00000832676625,0.7058823704719543,0.5960784554481506,0.4941176474094391,calibrated_uv_reprojection_plus_stereo_left
38.73444366455078,-164.80465698242188,-624.5836791992188,256.1421669135851,193.26697796221413,-31.35544789742295,358.9999993085787,135.00000064092393,0.4941176474094391,0.47058823704719543,0.4117647111415863,calibrated_uv_reprojection_plus_stereo_left
40.099395751953125,-164.9435577392578,-625.0773315429688,255.66359100153073,191.88226399815085,-31.65828955078183,360.00000204031056,134.99999768891058,0.5647059082984924,0.5490196347236633,0.5098039507865906,calibrated_uv_reprojection_plus_stereo_left
41.376739501953125,-164.72451782226562,-624.2145385742188,254.41377667286315,191.1085363258262,-31.033106445806595,361.0000008505351,134.99999629274953,0.572549045085907,0.572549045085907,0.5803921818733215,calibrated_uv_reprojection_plus_stereo_left
42.640892028808594,-164.46800231933594,-623.2098388671875,253.08556878890096,190.40223957899548,-30.31094342350235,361.99999984645257,134.99999729293256,0.572549045085907,0.5764706134796143,0.5803921818733215,calibrated_uv_reprojection_plus_stereo_left
43.88776397705078,-164.162109375,-622.0181884765625,251.65402286926155,189.7846952615904,-29.461018223734527,362.99999813561703,135.0000067576999,0.5647059082984924,0.5803921818733215,0.5764706134796143,calibrated_uv_reprojection_plus_stereo_left
45.14181900024414,-163.9000244140625,-620.9925537109375,250.31890132070117,189.09544901457485,-28.724755269000354,363.99999893157485,134.99999907595358,0.686274528503418,0.7019608020782471,0.7019608020782471,calibrated_uv_reprojection_plus_stereo_left
46.42719650268555,-163.7631378173828,-620.44140625,249.2531644238465,188.19189424664853,-28.313106918754272,364.99999766105884,135.0000017128617,0.8823529481887817,0.8980392217636108,0.9019607901573181,calibrated_uv_reprojection_plus_stereo_left
47.74274826049805,-163.73709106445312,-620.3101806640625,248.42445277193843,187.0965269871296,-28.18866674166395,366.0000025802647,134.99999591347034,0.9333333373069763,0.9529411792755127,0.9529411792755127,calibrated_uv_reprojection_plus_stereo_left
49.0610237121582,-163.7213592529297,-620.2180786132812,247.6178660369427,185.9833698635175,-28.090993439637145,366.9999987379485,134.99999786680843,0.9372549057006836,0.9607843160629272,0.95686274766922,calibrated_uv_reprojection_plus_stereo_left
50.311458587646484,-163.48577880859375,-619.293212890625,246.3457923900756,185.25757410982834,-27.423948461085104,367.99999909551116,135.00000593042478,0.9607843160629272,0.9764705896377563,0.9725490212440491,calibrated_uv_reprojection_plus_stereo_left
51.61435317993164,-163.4281768798828,-619.0425415039062,245.45197943714203,184.2203201698705,-27.21791956847295,368.99999903530926,135.00000302608112,0.9647058844566345,0.9803921580314636,0.9764705896377563,calibrated_uv_reprojection_plus_stereo_left
52.92414855957031,-163.39456176757812,-618.8827514648438,244.6092506454399,183.14123207034402,-27.074041914431177,369.99999873689814,135.00000134590675,0.9333333373069763,0.9529411792755127,0.9490196108818054,calibrated_uv_reprojection_plus_stereo_left
54.23422622680664,-163.3632354736328,-618.731689453125,243.77163546753155,182.05846314362293,-26.9361494220214,370.99999805422664,135.00000915186536,0.9058823585510254,0.9215686321258545,0.9176470637321472,calibrated_uv_reprojection_plus_stereo_left
55.53553009033203,-163.30743408203125,-618.4878540039062,242.88287392812157,181.01989801786237,-26.734845550092302,371.9999984879723,134.99999878966304,0.8941176533699036,0.9137254953384399,0.9098039269447327,calibrated_uv_reprojection_plus_stereo_left
56.83928680419922,-163.26107788085938,-618.2798461914062,242.01439662208958,179.96507800957465,-26.558054970757837,372.99999979548477,134.99999593372695,0.8588235378265381,0.8823529481887817,0.8745098114013672,calibrated_uv_reprojection_plus_stereo_left
58.14622497558594,-163.22557067871094,-618.1129760742188,241.1690031216429,178.8912750014918,-26.409400471751837,374.00000148511975,135.0000005191307,0.8823529481887817,0.9215686321258545,0.9137254953384399,calibrated_uv_reprojection_plus_stereo_left
59.45221710205078,-163.1888885498047,-617.941650390625,240.32145495724131,177.82005080381145,-26.25771227779927,374.99999984959493,135.0000012578843,0.9411764740943909,0.9764705896377563,0.9725490212440491,calibrated_uv_reprojection_plus_stereo_left
60.77890396118164,-163.20919799804688,-617.9861450195312,239.59276644394072,176.64572505075859,-26.2535043486846,375.999998970888,135.00000412167708,0.7254902124404907,0.7529411911964417,0.7450980544090271,calibrated_uv_reprojection_plus_stereo_left
62.0854606628418,-163.17556762695312,-617.826416015625,238.7519115912553,175.56944110737953,-26.10975865563836,376.99999871247303,135.000010310111,0.772549033164978,0.800000011920929,0.7921568751335144,calibrated_uv_reprojection_plus_stereo_left
63.39324188232422,-163.14634704589844,-617.6832885742188,237.92042974411788,174.48553497535147,-25.977352726946606,378.00000096219594,134.9999952528476,0.7490196228027344,0.7921568751335144,0.7843137383460999,calibrated_uv_reprojection_plus_stereo_left
64.69824981689453,-163.1111602783203,-617.5176391601562,237.07688289782334,173.41292924663838,-25.829580154898736,379.0000018105113,134.9999912411344,0.7215686440467834,0.7686274647712708,0.7607843279838562,calibrated_uv_reprojection_plus_stereo_left
65.9862289428711,-163.03515625,-617.197509765625,236.14951377508942,172.4160576553416,-25.576306936185915,379.9999991408849,134.99999288110945,0.6823529601097107,0.7333333492279053,0.729411780834198,calibrated_uv_reprojection_plus_stereo_left
67.30611419677734,-163.03924560546875,-617.1806030273438,235.3875299845726,171.27186137627479,-25.53016443032766,381.00000287293426,134.99999509906178,0.686274528503418,0.7372549176216125,0.7372549176216125,calibrated_uv_reprojection_plus_stereo_left
68.6270980834961,-163.045654296875,-617.1724853515625,234.6302385227279,170.1232446349331,-25.490022877774436,382.00000110282923,134.99999986824895,0.658823549747467,0.7058823704719543,0.7176470756530762,calibrated_uv_reprojection_plus_stereo_left
69.94607543945312,-163.0469970703125,-617.1452026367188,233.86248548888773,168.98393222377678,-25.436791377582324,382.99999881773874,135.0000074265892,0.6431372761726379,0.686274528503418,0.6980392336845398,calibrated_uv_reprojection_plus_stereo_left
71.27825927734375,-163.078369140625,-617.2315063476562,233.15598436234632,167.7883308985784,-25.461108219282778,384.0000004651104,135.00000122439792,0.6470588445663452,0.6901960968971252,0.7019608020782471,calibrated_uv_reprojection_plus_stereo_left
72.60359191894531,-163.09307861328125,-617.2547607421875,232.41521272076255,166.6235550765026,-25.4423656512908,384.9999974893834,135.00000045974105,0.6078431606292725,0.6549019813537598,0.6666666865348816,calibrated_uv_reprojection_plus_stereo_left
73.92578887939453,-163.10018920898438,-617.2492065429688,231.65879587874548,165.47286259693033,-25.403940916228464,386.0000048677131,134.99999104937035,0.5647059082984924,0.6117647290229797,0.6274510025978088,calibrated_uv_reprojection_plus_stereo_left
75.25045776367188,-163.11228942871094,-617.2625732421875,230.91241674463947,164.31256239577698,-25.378434201526943,387.0000030550787,134.99999023003505,0.6000000238418579,0.6470588445663452,0.6627451181411743,calibrated_uv_reprojection_plus_stereo_left
76.58280181884766,-163.1401824951172,-617.3357543945312,230.1978638165977,163.12200256330317,-25.393758420612244,387.99999850438775,135.00000130343915,0.572549045085907,0.6196078658103943,0.6352941393852234,calibrated_uv_reprojection_plus_stereo_left
77.92115020751953,-163.1795654296875,-617.4523315429688,229.5061742701916,161.9090969261013,-25.43867950096677,389.00000348819225,134.99999885757853,0.5764706134796143,0.6235294342041016,0.6431372761726379,calibrated_uv_reprojection_plus_stereo_left
79.2591552734375,-163.21681213378906,-617.5608520507812,228.80979474990204,160.6996705939515,-25.47808976723428,390.0000003834633,135.00000505548695,0.5882353186607361,0.6352941393852234,0.658823549747467,calibrated_uv_reprojection_plus_stereo_left
80.59666442871094,-163.25172424316406,-617.6604614257812,228.10831526744147,159.4941819322646,-25.511392903615786,390.9999971369776,134.99999884287305,0.5803921818733215,0.6313725709915161,0.6509804129600525,calibrated_uv_reprojection_plus_stereo_left
81.96215057373047,-163.34112548828125,-617.9662475585938,227.51570346355874,158.18304636731523,-25.68537621636716,391.9999957196945,135.0000014969056,0.5803921818733215,0.6392157077789307,0.6549019813537598,calibrated_uv_reprojection_plus_stereo_left
83.30587005615234,-163.38487243652344,-618.0992431640625,226.83089646884588,156.9589852033099,-25.741415467102513,393.00000020682137,134.99999632531348,0.5686274766921997,0.6274510025978088,0.6470588445663452,calibrated_uv_reprojection_plus_stereo_left
84.64344024658203,-163.41525268554688,-618.1817016601562,226.11898977768084,155.7602083865347,-25.762961078910905,394.00000308369556,135.00000046884907,0.5568627715110779,0.6235294342041016,0.6431372761726379,calibrated_uv_reprojection_plus_stereo_left
85.98301696777344,-163.4484100341797,-618.274658203125,225.41229406360156,154.55554526377927,-25.791655148712323,394.99999897858174,135.00000591790393,0.5647059082984924,0.6313725709915161,0.6470588445663452,calibrated_uv_reprojection_plus_stereo_left
87.32475280761719,-163.4844970703125,-618.3786010742188,224.71103486233972,153.34466087546923,-25.827816777165708,395.99999983888375,134.99999528575626,0.5490196347236633,0.615686297416687,0.6274510025978088,calibrated_uv_reprojection_plus_stereo_left
88.67192077636719,-163.52938842773438,-618.5159301757812,224.02687266521144,152.11589304056332,-25.886747978629103,396.9999988368327,135.00000498337002,0.5568627715110779,0.615686297416687,0.6313725709915161,calibrated_uv_reprojection_plus_stereo_left
90.02274322509766,-163.57949829101562,-618.6729125976562,223.3525387749816,150.8761860461534,-25.95905406103941,397.9999999741847,135.00000184899713,0.5764706134796143,0.6274510025978088,0.6470588445663452,calibrated_uv_reprojection_plus_stereo_left
91.36994171142578,-163.62155151367188,-618.7993774414062,222.66180004587636,149.65166347858525,-26.010520883914182,399.00000540667475,134.99999339240233,0.5529412031173706,0.615686297416687,0.6274510025978088,calibrated_uv_reprojection_plus_stereo_left
92.71623992919922,-163.66070556640625,-618.9149780273438,221.96497452334165,148.43222046674356,-26.0545759510087,399.999997123105,135.00000840902237,0.4941176474094391,0.5607843399047852,0.572549045085907,calibrated_uv_reprojection_plus_stereo_left
94.10492706298828,-163.7724151611328,-619.3048706054688,221.41006245301276,147.0677076632162,-26.285636797675636,400.9999967180337,135.00001158139025,0.545098066329956,0.6039215922355652,0.6117647290229797,calibrated_uv_reprojection_plus_stereo_left
95.5033950805664,-163.89772033691406,-619.7460327148438,220.88063417268455,145.67445020623006,-26.55159218610237,401.99999810264706,134.9999960974818,0.5176470875740051,0.5686274766921997,0.5803921818733215,calibrated_uv_reprojection_plus_stereo_left
96.9134521484375,-164.03907775878906,-620.2479248046875,220.38135190032648,144.24716257697827,-26.85890764933771,403.000000658785,134.99999785788347,0.6509804129600525,0.7176470756530762,0.7215686440467834,calibrated_uv_reprojection_plus_stereo_left
98.36308288574219,-164.2425994873047,-620.9848022460938,220.00177929811838,142.69275834448274,-27.32635293734421,403.9999974593188,135.00000079786764,0.3921568691730499,0.4588235318660736,0.46666666865348816,calibrated_uv_reprojection_plus_stereo_left
99.83935546875,-164.48448181152344,-621.8665771484375,219.69475716507196,141.05801224543694,-27.89247213321778,405.00000037579935,134.99999382556302,0.38823530077934265,0.4313725531101227,0.4431372582912445,calibrated_uv_reprojection_plus_stereo_left
101.45055389404297,-164.93923950195312,-623.5531005859375,219.79803438725094,138.98846269012256,-29.007006560329444,406.000003942286,135.0000009111111,0.40392157435417175,0.4431372582912445,0.45490196347236633,calibrated_uv_reprojection_plus_stereo_left
103.3524398803711,-165.84857177734375,-626.9578247070312,220.77588421665365,135.98827629237076,-31.292354981636095,407.00000057448545,134.99999872628126,0.3490196168422699,0.364705890417099,0.364705890417099,calibrated_uv_reprojection_plus_stereo_left
105.32327270507812,-166.84368896484375,-630.6865234375,221.9105735161843,132.8002957263372,-33.79810534919301,407.99999508458336,135.0000087468876,0.3176470696926117,0.3333333432674408,0.3294117748737335,calibrated_uv_reprojection_plus_stereo_left
36.93131637573242,-167.38540649414062,-639.592041015625,265.25460855787964,189.48606596056294,-42.39568399277539,356.999999410996,136.0000041127135,0.7843137383460999,0.6745098233222961,0.5647059082984924,calibrated_uv_reprojection_plus_stereo_left
37.39836883544922,-163.4695587158203,-624.5966796875,255.9344135434966,194.97559504310493,-32.08252702643364,358.0000014018306,135.99999955800516,0.5568627715110779,0.46666666865348816,0.3764705955982208,calibrated_uv_reprojection_plus_stereo_left
38.643123626708984,-163.1051483154297,-623.1718139648438,254.36505341528806,194.4505975672825,-31.071196214775,358.9999992488459,136.0000041196333,0.5372549295425415,0.5215686559677124,0.501960813999176,calibrated_uv_reprojection_plus_stereo_left
39.978271484375,-163.13356018066406,-623.247802734375,253.65042763012235,193.25658510669462,-31.08849545886784,359.999998191553,135.99999739877364,0.5843137502670288,0.5686274766921997,0.5568627715110779,calibrated_uv_reprojection_plus_stereo_left
41.265167236328125,-162.96929931640625,-622.5877685546875,252.51886772444976,192.39408263805626,-30.601457753866327,361.00000097665566,136.00000115675311,0.572549045085907,0.572549045085907,0.572549045085907,calibrated_uv_reprojection_plus_stereo_left
42.50922775268555,-162.65115356445312,-621.3399658203125,251.0568102989746,191.80006411840776,-29.71177919419364,361.9999991824601,136.0000087718686,0.5686274766921997,0.572549045085907,0.572549045085907,calibrated_uv_reprojection_plus_stereo_left
43.807029724121094,-162.55142211914062,-620.926513671875,250.067937378917,190.8310791049002,-29.393834482257546,363.0000010879851,135.99999847267748,0.5607843399047852,0.5764706134796143,0.572549045085907,calibrated_uv_reprojection_plus_stereo_left
45.07008743286133,-162.33216857910156,-620.056640625,248.82325461523584,190.07187863347758,-28.763273395671774,364.00000026645773,136.00000335307578,0.5607843399047852,0.5764706134796143,0.572549045085907,calibrated_uv_reprojection_plus_stereo_left
46.37029266357422,-162.25518798828125,-619.730224609375,247.88555741775718,189.06657645308616,-28.50505994964624,364.99999897732914,136.00000082429239,0.5764706134796143,0.5921568870544434,0.5882353186607361,calibrated_uv_reprojection_plus_stereo_left
47.66773223876953,-162.17283630371094,-619.3833618164062,246.93708258697092,188.07173022242068,-28.23287811716915,365.9999988883131,136.00000579200648,0.6274510025978088,0.6470588445663452,0.6470588445663452,calibrated_uv_reprojection_plus_stereo_left
48.963356018066406,-162.08871459960938,-619.0297241210938,245.98556029355314,187.0811263481075,-27.956083543583645,366.99999981056317,136.0000015652668,0.7058823704719543,0.729411780834198,0.729411780834198,calibrated_uv_reprojection_plus_stereo_left
50.21547317504883,-161.86856079101562,-618.1566772460938,244.74519243383708,186.33271344822168,-27.32362858712878,367.9999990369381,136.00000708268266,0.800000011920929,0.8196078538894653,0.8156862854957581,calibrated_uv_reprojection_plus_stereo_left
51.52616500854492,-161.8434600830078,-618.0285034179688,243.92122358491156,185.2403094148175,-27.20131954287143,369.0000017731441,136.00000093761423,0.886274516582489,0.9019607901573181,0.8980392217636108,calibrated_uv_reprojection_plus_stereo_left
52.84098815917969,-161.8320770263672,-617.9527587890625,243.12655041992542,184.12369037495557,-27.114923732926627,370.000001026535,136.00000274697987,0.929411768913269,0.9490196108818054,0.9490196108818054,calibrated_uv_reprojection_plus_stereo_left
54.15938186645508,-161.8317413330078,-617.919189453125,242.35531063641469,182.9873721199985,-27.057405280925195,370.99999808122493,136.0000026209576,0.9411764740943909,0.9647058844566345,0.9607843160629272,calibrated_uv_reprojection_plus_stereo_left
55.459136962890625,-161.77685546875,-617.6773071289062,241.46891534892944,181.94921807971963,-26.857270368224988,372.00000106889274,135.99999565983572,0.95686274766922,0.9803921580314636,0.9725490212440491,calibrated_uv_reprojection_plus_stereo_left
56.76915740966797,-161.75360107421875,-617.5562744140625,240.64962923939055,180.85459771947825,-26.7398924318976,372.9999965702877,136.00000138170384,0.9411764740943909,0.9647058844566345,0.95686274766922,calibrated_uv_reprojection_plus_stereo_left
58.08173370361328,-161.7383270263672,-617.4656372070312,239.84725509255298,179.7457877318555,-26.64331711068519,374.00000241174956,135.99999151581454,0.9529411792755127,0.9882352948188782,0.9764705896377563,calibrated_uv_reprojection_plus_stereo_left
59.389713287353516,-161.71104431152344,-617.3292846679688,239.0198728732342,178.65897596410508,-26.515474652341368,374.9999994776157,136.00000606940114,0.8313725590705872,0.8705882430076599,0.8588235378265381,calibrated_uv_reprojection_plus_stereo_left
60.691566467285156,-161.66847229003906,-617.1344604492188,238.16069781793914,177.6004865240838,-26.347609873545025,376.0000015197278,135.99999728727855,0.6313725709915161,0.6745098233222961,0.6666666865348816,calibrated_uv_reprojection_plus_stereo_left
61.9957275390625,-161.63356018066406,-616.9689331054688,237.31788930742016,176.5284687711951,-26.199815796074972,377.0000013873177,135.99999702642646,0.7333333492279053,0.7764706015586853,0.7686274647712708,calibrated_uv_reprojection_plus_stereo_left
63.29835891723633,-161.59603881835938,-616.79345703125,236.46994548071626,175.46169678933785,-26.045227235635423,378.00000057177914,135.99999637934883,0.729411780834198,0.772549033164978,0.7647058963775635,calibrated_uv_reprojection_plus_stereo_left
64.59864807128906,-161.5540313720703,-616.6008911132812,235.61301341623823,174.40368942000714,-25.878962667850203,378.9999988003192,135.9999994478324,0.7098039388656616,0.7568627595901489,0.7490196228027344,calibrated_uv_reprojection_plus_stereo_left
65.90682983398438,-161.53289794921875,-616.4879760742188,234.7996843628914,173.30747538045512,-25.767203362839666,379.9999979277063,135.9999965908509,0.6901960968971252,0.7372549176216125,0.7529411911964417,calibrated_uv_reprojection_plus_stereo_left
67.21719360351562,-161.51766967773438,-616.3976440429688,233.99874020385664,172.2004826830737,-25.670905688555422,380.9999987366977,136.00000178695694,0.6784313917160034,0.7254902124404907,0.7372549176216125,calibrated_uv_reprojection_plus_stereo_left
68.53154754638672,-161.51229858398438,-616.3448486328125,233.21820382570667,171.07524100975377,-25.600277946419908,382.0000014850218,135.99999029951726,0.658823549747467,0.7058823704719543,0.7176470756530762,calibrated_uv_reprojection_plus_stereo_left
69.84819030761719,-161.5122528076172,-616.3125,232.44868531730532,169.93997677533332,-25.54365300246883,383.0000019604983,136.00000378291864,0.6509804129600525,0.6980392336845398,0.7098039388656616,calibrated_uv_reprojection_plus_stereo_left
71.16596221923828,-161.5146484375,-616.2893676757812,231.68410722947317,168.80009324319116,-25.493316457395736,384.0000044031117,135.99999778113613,0.6509804129600525,0.6941176652908325,0.7058823704719543,calibrated_uv_reprojection_plus_stereo_left
72.49557495117188,-161.543212890625,-616.3661499023438,230.97309918757725,167.6106028733726,-25.51131536983354,384.99999730806934,136.00000571348215,0.615686297416687,0.6627451181411743,0.6745098233222961,calibrated_uv_reprojection_plus_stereo_left
73.82515716552734,-161.57054138183594,-616.4381713867188,230.25924016690539,166.423007758207,-25.52604041418772,385.9999974699112,136.0000072628714,0.5921568870544434,0.6470588445663452,0.658823549747467,calibrated_uv_reprojection_plus_stereo_left
75.15487670898438,-161.59707641601562,-616.507080078125,229.5434374899121,165.23650907273623,-25.5386137213971,387.00000292957026,135.99999425348597,0.6000000238418579,0.6549019813537598,0.6666666865348816,calibrated_uv_reprojection_plus_stereo_left
76.49151611328125,-161.63719177246094,-616.6278686523438,228.8550019059482,164.0235848317858,-25.586655999870118,387.9999991637719,135.9999980409592,0.572549045085907,0.6196078658103943,0.6352941393852234,calibrated_uv_reprojection_plus_stereo_left
77.82208251953125,-161.66319274902344,-616.6947631835938,228.1374910803753,162.83714521198488,-25.597830292544245,389.00000212377273,135.99999499438485,0.5764706134796143,0.6235294342041016,0.6431372761726379,calibrated_uv_reprojection_plus_stereo_left
79.15191650390625,-161.68670654296875,-616.752197265625,227.41467781545674,161.65506859351,-25.6025301502836,390.00000025294094,135.99999964416554,0.5882353186607361,0.6352941393852234,0.6627451181411743,calibrated_uv_reprojection_plus_stereo_left
80.47945404052734,-161.7047119140625,-616.78857421875,226.68046520448388,160.48327091965575,-25.592820230835684,391.0000009881869,135.99999724358435,0.5764706134796143,0.6274510025978088,0.6470588445663452,calibrated_uv_reprojection_plus_stereo_left
81.80242919921875,-161.71299743652344,-616.7879028320312,225.9264753985736,159.3300235975205,-25.557783879447584,391.9999970588023,136.00000133664656,0.5686274766921997,0.6235294342041016,0.6392157077789307,calibrated_uv_reprojection_plus_stereo_left
83.13671112060547,-161.74288940429688,-616.8695678710938,225.2157718108552,158.13453310652648,-25.579003882279153,393.00000186413035,135.99999287446948,0.5686274766921997,0.6313725709915161,0.6431372761726379,calibrated_uv_reprojection_plus_stereo_left
84.47640991210938,-161.7821044921875,-616.98681640625,224.52345999048782,156.9203312547233,-25.62453167610488,394.0000013604904,135.9999926378358,0.5647059082984924,0.6313725709915161,0.6392157077789307,calibrated_uv_reprojection_plus_stereo_left
85.81703186035156,-161.82171630859375,-617.1056518554688,223.83156295521087,155.7047103198612,-25.671137737457173,394.9999991715303,136.00001053885592,0.5686274766921997,0.6352941393852234,0.6431372761726379,calibrated_uv_reprojection_plus_stereo_left
87.16975402832031,-161.88250732421875,-617.3050537109375,223.1814536558153,154.4468379529311,-25.772747974630192,396.0000057092489,135.99999293738398,0.5607843399047852,0.6274510025978088,0.6392157077789307,calibrated_uv_reprojection_plus_stereo_left
88.52079010009766,-161.9382781982422,-617.4854125976562,222.52078265043656,153.19793764449452,-25.86133766994817,397.0000017680784,136.0000001617552,0.5607843399047852,0.6196078658103943,0.6352941393852234,calibrated_uv_reprojection_plus_stereo_left
89.8642807006836,-161.97869873046875,-617.6072387695312,221.82906383294068,151.9786358188545,-25.909918702362518,397.999994060614,136.00001139213154,0.5764706134796143,0.6352941393852234,0.6509804129600525,calibrated_uv_reprojection_plus_stereo_left
91.20523834228516,-162.01333618164062,-617.7068481445312,221.12540215542532,150.77026283443706,-25.943284143839207,399.0000030621229,135.99999290502018,0.5372549295425415,0.6039215922355652,0.615686297416687,calibrated_uv_reprojection_plus_stereo_left
92.59320831298828,-162.12918090820312,-618.1162109375,220.5819580761319,149.3991103068791,-26.18822595073783,399.99999836010153,136.00000747090172,0.40784314274787903,0.4745098054409027,0.48627451062202454,calibrated_uv_reprojection_plus_stereo_left
93.96637725830078,-162.21612548828125,-618.4152221679688,219.9803394337394,148.08424361277923,-26.357732237948426,400.99999800227806,135.9999966453266,0.4313725531101227,0.48235294222831726,0.49803921580314636,calibrated_uv_reprojection_plus_stereo_left
95.37606811523438,-162.36270141601562,-618.9415893554688,219.49518060735795,146.64813574814792,-26.682474084143905,401.9999979655773,136.00000013051348,0.6470588445663452,0.6941176652908325,0.7137255072593689,calibrated_uv_reprojection_plus_stereo_left
96.84800720214844,-162.6096649169922,-619.8505859375,219.20559079906252,145.0072908420824,-27.268436348183968,402.9999981229647,136.00000814150167,0.5372549295425415,0.5843137502670288,0.5960784554481506,calibrated_uv_reprojection_plus_stereo_left
98.15452575683594,-162.57586669921875,-619.6892700195312,218.36398097072873,143.93156222437432,-27.123474583459426,403.99999834235996,136.00000924116395,0.3764705955982208,0.42352941632270813,0.4313725531101227,calibrated_uv_reprojection_plus_stereo_left
99.65519714355469,-162.86016845703125,-620.7403564453125,218.14383389415462,142.20978144204588,-27.806282583862526,404.99999947068625,136.00000135328838,0.40392157435417175,0.4431372582912445,0.4431372582912445,calibrated_uv_reprojection_plus_stereo_left
101.30909729003906,-163.3839874267578,-622.7042236328125,218.38753588290052,139.9954610993883,-29.112116835809616,406.0000040106949,135.99999858863538,0.3764705955982208,0.41960784792900085,0.4156862795352936,calibrated_uv_reprojection_plus_stereo_left
103.3127212524414,-164.45079040527344,-626.7372436523438,219.6813806411422,136.6625423283998,-31.830199092726673,407.00000273093116,135.99999604707963,0.32156863808631897,0.32549020648002625,0.32549020648002625,calibrated_uv_reprojection_plus_stereo_left
105.74654388427734,-166.16612243652344,-633.2413330078125,222.2222009095771,131.9828115324084,-36.2345223197612,408.0000014794473,135.99999789892325,0.34117648005485535,0.34117648005485535,0.34117648005485535,calibrated_uv_reprojection_plus_stereo_left
36.1530876159668,-162.54222106933594,-626.1800537109375,256.62076828948403,195.98884402299922,-33.887641726728816,357.00000154936515,137.0000002141104,0.6000000238418579,0.529411792755127,0.45098039507865906,calibrated_uv_reprojection_plus_stereo_left
37.307861328125,-161.76361083984375,-623.1481323242188,254.136995960697,196.17163451114618,-31.771441481373017,357.99999801185623,137.00000119508042,0.5333333611488342,0.47843137383461,0.41960784792900085,calibrated_uv_reprojection_plus_stereo_left
38.607051849365234,-161.64288330078125,-622.6506958007812,253.09731522508525,195.2340755039337,-31.395283495103058,358.99999998444576,137.0000024199464,0.5529412031173706,0.5568627715110779,0.5568627715110779,calibrated_uv_reprojection_plus_stereo_left
39.884647369384766,-161.44253540039062,-621.8465576171875,251.88524179036847,194.43567576882452,-30.808659243106888,360.0000006802277,136.99999076880096,0.5686274766921997,0.5764706134796143,0.572549045085907,calibrated_uv_reprojection_plus_stereo_left
41.170589447021484,-161.28750610351562,-621.2171630859375,250.7736287917753,193.5614484010975,-30.342062044483043,360.9999995177605,137.00000168715826,0.5607843399047852,0.5764706134796143,0.572549045085907,calibrated_uv_reprojection_plus_stereo_left
42.43999099731445,-161.07911682128906,-620.3822631835938,249.54768576616846,192.78226903514945,-29.73449462593453,362.0000015679737,137.00000192777364,0.5607843399047852,0.5764706134796143,0.572549045085907,calibrated_uv_reprojection_plus_stereo_left
43.735084533691406,-160.97767639160156,-619.9592895507812,248.55519158095814,191.81906100854445,-29.409670725793603,363.00000154955205,136.999994587453,0.5686274766921997,0.5843137502670288,0.5803921818733215,calibrated_uv_reprojection_plus_stereo_left
45.01973342895508,-160.84463500976562,-619.4147338867188,247.49541192346072,190.91267159371898,-29.001476804844344,363.999999885996,137.00000189294184,0.5764706134796143,0.5921568870544434,0.5882353186607361,calibrated_uv_reprojection_plus_stereo_left
46.31708526611328,-160.76304626464844,-619.068359375,246.54774886148903,189.91744745318874,-28.72930601045192,364.9999990349299,137.00000821708704,0.5764706134796143,0.5921568870544434,0.5882353186607361,calibrated_uv_reprojection_plus_stereo_left
47.613441467285156,-160.6824188232422,-618.7256469726562,245.60287190319394,188.92164694600098,-28.45967143479112,365.99999942046026,137.00000063745142,0.5686274766921997,0.5882353186607361,0.5803921818733215,calibrated_uv_reprojection_plus_stereo_left
48.91071701049805,-160.60894775390625,-618.4105834960938,244.67411040796924,187.9142032548553,-28.2090446766083,366.99999706962336,137.00000548564554,0.5686274766921997,0.5921568870544434,0.5843137502670288,calibrated_uv_reprojection_plus_stereo_left
50.13901138305664,-160.3185577392578,-617.2603149414062,243.28166289294302,187.29460027447135,-27.385562367383216,367.99999999061333,137.00000066665189,0.5803921818733215,0.6039215922355652,0.6000000238418579,calibrated_uv_reprojection_plus_stereo_left
51.45009231567383,-160.30078125,-617.1597290039062,242.47421214957086,186.19096213879453,-27.282136906839582,368.9999996084556,136.99999635906994,0.5882353186607361,0.6117647290229797,0.6078431606292725,calibrated_uv_reprojection_plus_stereo_left
52.765995025634766,-160.29833984375,-617.1182250976562,241.699588512432,185.05994266192272,-27.219241278939933,369.99999896320594,136.99999980743206,0.6823529601097107,0.7058823704719543,0.7019608020782471,calibrated_uv_reprojection_plus_stereo_left
54.077083587646484,-160.28155517578125,-617.021484375,240.89444551640844,183.95479120195938,-27.118463801772634,371.000001262794,136.99999926664367,0.772549033164978,0.7960784435272217,0.7960784435272217,calibrated_uv_reprojection_plus_stereo_left
55.393558502197266,-160.28097534179688,-616.9871215820312,240.1238016171327,182.8204680876782,-27.0604630282744,372.00000298628436,136.99999747673164,0.843137264251709,0.8666666746139526,0.8627451062202454,calibrated_uv_reprojection_plus_stereo_left
56.70615005493164,-160.269287109375,-616.9100341796875,239.32963290730385,181.70629806055103,-26.973172301952843,372.99999738082596,137.00000260274103,0.8666666746139526,0.8901960849761963,0.8823529481887817,calibrated_uv_reprojection_plus_stereo_left
58.01904296875,-160.25877380371094,-616.83740234375,238.53798910974638,180.59010962604884,-26.88893000088973,374.00000044818853,136.99999397745586,0.8666666746139526,0.8941176533699036,0.8901960849761963,calibrated_uv_reprojection_plus_stereo_left
59.32959747314453,-160.2422332763672,-616.7416381835938,237.73373434409103,179.48504295146364,-26.788841255969942,375.0000013264879,136.99999770967506,0.6705882549285889,0.7019608020782471,0.6980392336845398,calibrated_uv_reprojection_plus_stereo_left
60.621971130371094,-160.17820739746094,-616.463134765625,236.8297826535814,178.46752858171254,-26.56349730130802,376.0000011783987,137.0000030477384,0.6941176652908325,0.7372549176216125,0.729411780834198,calibrated_uv_reprojection_plus_stereo_left
61.92281723022461,-160.138671875,-616.2788696289062,235.97776495128522,177.40564801213048,-26.40276669977527,376.9999972020659,137.00000149917201,0.686274528503418,0.729411780834198,0.7215686440467834,calibrated_uv_reprojection_plus_stereo_left
63.220645904541016,-160.09295654296875,-616.0708618164062,235.1131627992071,176.35571660807625,-26.22578233813846,377.99999875065794,137.0000047708836,0.615686297416687,0.6627451181411743,0.658823549747467,calibrated_uv_reprojection_plus_stereo_left
64.52076721191406,-160.0546417236328,-615.8912963867188,234.26439351300144,175.2926210665654,-26.068300579586605,379.00000258367646,136.99999784339974,0.6392157077789307,0.686274528503418,0.686274528503418,calibrated_uv_reprojection_plus_stereo_left
65.84125518798828,-160.0672149658203,-615.9075927734375,233.5219695733694,174.13492387327574,-26.045052243221676,380.0000043169404,136.9999989338546,0.6666666865348816,0.7137255072593689,0.729411780834198,calibrated_uv_reprojection_plus_stereo_left
67.1488265991211,-160.04837036132812,-615.8030395507812,232.71411594863963,173.03590946567454,-25.93899776398797,380.99999912872914,137.00000798407643,0.6666666865348816,0.7137255072593689,0.729411780834198,calibrated_uv_reprojection_plus_stereo_left
68.46050262451172,-160.03970336914062,-615.737548828125,231.92746817750583,171.91797889151235,-25.85969903496499,382.00000050536494,136.99999710724228,0.6627451181411743,0.7098039388656616,0.7215686440467834,calibrated_uv_reprojection_plus_stereo_left
69.7703857421875,-160.02708435058594,-615.6569213867188,231.13271333817954,170.8075576297282,-25.77004129003734,383.0000037718087,136.99999922215818,0.6549019813537598,0.7019608020782471,0.7137255072593689,calibrated_uv_reprojection_plus_stereo_left
71.08673858642578,-160.02938842773438,-615.6336669921875,230.36883272418186,169.66898026496523,-25.7196839582557,383.99999924178996,136.99999343340966,0.5686274766921997,0.615686297416687,0.6274510025978088,calibrated_uv_reprojection_plus_stereo_left
72.42213439941406,-160.0735321044922,-615.7714233398438,229.69105830978822,168.45063217835576,-25.77961909741333,384.9999986564142,137.00000043186975,0.5372549295425415,0.5882353186607361,0.6000000238418579,calibrated_uv_reprojection_plus_stereo_left
73.7547607421875,-160.10997009277344,-615.8794555664062,228.9969728476454,167.24635446516925,-25.819166744714096,385.999997261608,136.99999473066143,0.6039215922355652,0.6627451181411743,0.6705882549285889,calibrated_uv_reprojection_plus_stereo_left
75.08653259277344,-160.1431427001953,-615.9749755859375,228.29582661022602,166.0477379547487,-25.85013643002617,387.0000010526482,137.00000170579162,0.6235294342041016,0.6745098233222961,0.686274528503418,calibrated_uv_reprojection_plus_stereo_left
76.42537689208984,-160.1898956298828,-616.1226806640625,227.62208553034168,164.82247615200214,-25.916822209863767,387.9999963857233,137.00000214652073,0.6196078658103943,0.6666666865348816,0.6823529601097107,calibrated_uv_reprojection_plus_stereo_left
77.75202941894531,-160.20980834960938,-616.1671142578125,226.8931002574697,163.64836136996587,-25.912768753199487,388.9999957595428,136.99999792509527,0.6000000238418579,0.6470588445663452,0.6627451181411743,calibrated_uv_reprojection_plus_stereo_left
79.07524871826172,-160.22195434570312,-616.1817016601562,226.14809003920783,162.48895396897484,-25.88827408228343,389.99999919437494,137.00000017641196,0.6039215922355652,0.6509804129600525,0.6666666865348816,calibrated_uv_reprojection_plus_stereo_left
80.40142059326172,-160.23947143554688,-616.2169189453125,225.4138255224958,161.31887587629393,-25.87789389273587,391.0000004924979,136.99999870033685,0.5803921818733215,0.6274510025978088,0.6431372761726379,calibrated_uv_reprojection_plus_stereo_left
81.7220458984375,-160.24542236328125,-616.2076416015625,224.6559261894197,160.17109070074832,-25.837043381730382,392.0000033732938,136.99999534673944,0.572549045085907,0.6196078658103943,0.6392157077789307,calibrated_uv_reprojection_plus_stereo_left
83.06529998779297,-160.29473876953125,-616.3651123046875,223.98555732358756,158.93815069890536,-25.910330988218277,393.0000027313377,136.99999258252157,0.5843137502670288,0.6431372761726379,0.6509804129600525,calibrated_uv_reprojection_plus_stereo_left
84.40081787109375,-160.32769775390625,-616.459716796875,223.2817257366977,157.73662732364016,-25.940572995465175,393.99999749741437,136.9999995459592,0.5686274766921997,0.6352941393852234,0.6392157077789307,calibrated_uv_reprojection_plus_stereo_left
85.74339294433594,-160.37271118164062,-616.6005859375,222.60174901529666,156.51079124813174,-26.00245350158127,395.00000454376993,136.99999325348278,0.5647059082984924,0.6313725709915161,0.6431372761726379,calibrated_uv_reprojection_plus_stereo_left
87.09734344482422,-160.4372100830078,-616.81640625,221.96041966903556,155.2456352714214,-26.115613636930277,396.0000008954836,136.9999981502467,0.5647059082984924,0.6313725709915161,0.6431372761726379,calibrated_uv_reprojection_plus_stereo_left
88.44454956054688,-160.4874267578125,-616.977294921875,221.28985003641594,154.00791292183834,-26.191155281136787,396.999998756728,137.00000351177607,0.5607843399047852,0.6196078658103943,0.6352941393852234,calibrated_uv_reprojection_plus_stereo_left
89.78520202636719,-160.5243377685547,-617.0869750976562,220.59218122131603,152.7959928426513,-26.231629828773293,398.00000006084224,137.00000154534476,0.5686274766921997,0.6196078658103943,0.6392157077789307,calibrated_uv_reprojection_plus_stereo_left
91.12966918945312,-160.56678771972656,-617.2179565429688,219.9051627749016,151.57239178257606,-26.28666427336981,398.9999990057195,137.00000468861828,0.5686274766921997,0.6235294342041016,0.6352941393852234,calibrated_uv_reprojection_plus_stereo_left
92.52210235595703,-160.69122314453125,-617.6640625,219.38059796326797,150.1833281533926,-26.557264243131954,399.99999639450584,137.00000935291234,0.4901960790157318,0.545098066329956,0.5568627715110779,calibrated_uv_reprojection_plus_stereo_left
93.90662384033203,-160.7985076904297,-618.0441284179688,218.82078128191858,148.8270669114251,-26.782623901815043,400.99999685596384,137.00000072156848,0.501960813999176,0.5607843399047852,0.5764706134796143,calibrated_uv_reprojection_plus_stereo_left
95.31983184814453,-160.9511260986328,-618.598388671875,218.3495285430181,147.37744763381158,-27.1270869318177,402.0000046645688,136.99999275972885,0.6313725709915161,0.6941176652908325,0.7058823704719543,calibrated_uv_reprojection_plus_stereo_left
96.82477569580078,-161.2522430419922,-619.723388671875,218.16971984948873,145.62391934006126,-27.86185658098168,402.9999975053651,137.0000032302046,0.3960784375667572,0.43921568989753723,0.45098039507865906,calibrated_uv_reprojection_plus_stereo_left
98.10799407958984,-161.18084716796875,-619.4166259765625,217.2539744044031,144.6254697302724,-27.61730151511813,403.9999980977549,136.99999867035638,0.4000000059604645,0.43921568989753723,0.45098039507865906,calibrated_uv_reprojection_plus_stereo_left
99.66506958007812,-161.55516052246094,-620.8226928710938,217.2137449136775,142.71620458960803,-28.544088637586583,404.99999886046226,137.0000010178603,0.4000000059604645,0.43921568989753723,0.43529412150382996,calibrated_uv_reprojection_plus_stereo_left
101.46839141845703,-162.3134307861328,-623.7039794921875,217.92167284701787,140.01342059411508,-30.479447892376754,405.9999992534667,136.99999993511244,0.32549020648002625,0.3686274588108063,0.3607843220233917,calibrated_uv_reprojection_plus_stereo_left
103.79717254638672,-163.88153076171875,-629.6966552734375,220.20405622777776,135.63171072529605,-34.541836426710574,406.9999958767023,137.0000015700206,0.3294117748737335,0.3294117748737335,0.3294117748737335,calibrated_uv_reprojection_plus_stereo_left
34.886436462402344,-161.53985595703125,-627.4976196289062,257.15481730035737,197.12749039216362,-35.513507230087725,356.00000120342474,138.00000061161757,0.7450980544090271,0.6352941393852234,0.5098039507865906,calibrated_uv_reprojection_plus_stereo_left
35.982112884521484,-160.46348571777344,-623.2841796875,253.99967569368857,197.82172619506014,-32.58136387538866,357.0000019506516,137.9999951171667,0.48627451062202454,0.4901960790157318,0.43529412150382996,calibrated_uv_reprojection_plus_stereo_left
37.26945877075195,-160.28781127929688,-622.569580078125,252.8370010489195,196.97911513964914,-32.05537032146941,357.99999922753216,137.999997435617,0.5529412031173706,0.5647059082984924,0.5215686559677124,calibrated_uv_reprojection_plus_stereo_left
38.560237884521484,-160.13818359375,-621.9561767578125,251.73316330004667,196.09389026174296,-31.59901960085017,359.0000023078003,137.9999929738244,0.5686274766921997,0.5921568870544434,0.5921568870544434,calibrated_uv_reprojection_plus_stereo_left
39.78718948364258,-159.74200439453125,-620.3853149414062,250.09056475070219,195.63914497765876,-30.484524352299445,360.0000011050988,137.99998997540771,0.5568627715110779,0.5803921818733215,0.5764706134796143,calibrated_uv_reprojection_plus_stereo_left
41.06119918823242,-159.5539093017578,-619.6227416992188,248.9066684961232,194.82694360740504,-29.925820485305735,361.00000026954666,137.99999525430442,0.5568627715110779,0.5764706134796143,0.572549045085907,calibrated_uv_reprojection_plus_stereo_left
42.35049057006836,-159.43482971191406,-619.1282348632812,247.875089799006,193.8964734569194,-29.55144794164528,361.99999987845337,137.99999792021396,0.5607843399047852,0.5803921818733215,0.5764706134796143,calibrated_uv_reprojection_plus_stereo_left
43.647579193115234,-159.35118103027344,-618.7713623046875,246.9217412044585,192.90532427993395,-29.271720430741425,362.9999994225797,138.00000201731754,0.5647059082984924,0.5803921818733215,0.5764706134796143,calibrated_uv_reprojection_plus_stereo_left
44.94261169433594,-159.2649383544922,-618.4044189453125,245.9635205530617,191.91990702356827,-28.98510238243574,363.99999857224617,138.00000009811836,0.5686274766921997,0.5843137502670288,0.5803921818733215,calibrated_uv_reprojection_plus_stereo_left
46.25963592529297,-159.25909423828125,-618.3496704101562,245.1802987757183,190.7930967654608,-28.913052729085393,365.00000002385156,137.99999838854177,0.5647059082984924,0.5843137502670288,0.5764706134796143,calibrated_uv_reprojection_plus_stereo_left
47.562015533447266,-159.204345703125,-618.1050415039062,244.29136577754986,189.75338852679664,-28.71053181206537,366.00000114744455,137.99999441612744,0.5647059082984924,0.5843137502670288,0.5764706134796143,calibrated_uv_reprojection_plus_stereo_left
48.848628997802734,-159.10098266601562,-617.6717529296875,243.29808134862287,188.80128918906183,-28.37841875776047,367.00000141917286,138.00000101887792,0.5647059082984924,0.5882353186607361,0.5803921818733215,calibrated_uv_reprojection_plus_stereo_left
50.074581146240234,-158.8104705810547,-616.511962890625,241.90296759982857,188.18649002952054,-27.547233653051364,368.00000041449846,138.00000420088705,0.572549045085907,0.5960784554481506,0.5882353186607361,calibrated_uv_reprojection_plus_stereo_left
51.382442474365234,-158.7877655029297,-616.391845703125,241.0857019756255,187.09325855865734,-27.430374680993964,368.9999992628599,138.00000114621406,0.5882353186607361,0.6117647290229797,0.6039215922355652,calibrated_uv_reprojection_plus_stereo_left
52.69682312011719,-158.78564453125,-616.3516235351562,240.31271571451424,185.9630641303557,-27.36840177570565,369.9999994709439,137.9999955398732,0.6549019813537598,0.6784313917160034,0.6784313917160034,calibrated_uv_reprojection_plus_stereo_left
54.00851821899414,-158.77552795410156,-616.2803955078125,239.52262937875435,184.84735256384113,-27.285135838188125,371.00000229984545,137.99999572125358,0.7098039388656616,0.7333333492279053,0.729411780834198,calibrated_uv_reprojection_plus_stereo_left
55.329566955566406,-158.7925567626953,-616.3145751953125,238.7905211913644,183.68222546783483,-27.274271476616832,372.0000013803425,138.0000050967792,0.729411780834198,0.7529411911964417,0.7450980544090271,calibrated_uv_reprojection_plus_stereo_left
56.64036560058594,-158.7799072265625,-616.2334594726562,237.9950170294473,182.57116031565073,-27.184207515028447,373.0000008660488,137.99999412886294,0.7254902124404907,0.7490196228027344,0.7411764860153198,calibrated_uv_reprojection_plus_stereo_left
57.95799255371094,-158.78634643554688,-616.2265014648438,237.24015354793033,181.4251180874577,-27.145079303963996,374.00000055791656,137.99999758721032,0.6549019813537598,0.6980392336845398,0.6901960968971252,calibrated_uv_reprojection_plus_stereo_left
59.27229309082031,-158.78341674804688,-616.1831665039062,236.4653373018607,180.29621539697098,-27.080967468586493,375.00000187386144,137.99999803666898,0.7098039388656616,0.7529411911964417,0.7450980544090271,calibrated_uv_reprojection_plus_stereo_left
60.55706787109375,-158.7030792236328,-615.8394775390625,235.5269223376456,179.3106413264424,-26.810646626413472,375.9999985299125,138.00000309718217,0.7372549176216125,0.7803921699523926,0.772549033164978,calibrated_uv_reprojection_plus_stereo_left
61.854698181152344,-158.65895080566406,-615.6362915039062,234.66558547452303,178.25885138966618,-26.636811191092534,377.0000023641525,138.00000266271184,0.6901960968971252,0.7372549176216125,0.729411780834198,calibrated_uv_reprojection_plus_stereo_left
63.15132522583008,-158.61399841308594,-615.429931640625,233.8029124597681,177.20917937717587,-26.460815635690608,378.00000002793195,138.00000356465958,0.5686274766921997,0.6078431606292725,0.6196078658103943,calibrated_uv_reprojection_plus_stereo_left
64.44185638427734,-158.55572509765625,-615.171875,232.91266504344287,176.18505736754275,-26.24934938760714,378.9999997736585,137.99999854710023,0.572549045085907,0.615686297416687,0.6274510025978088,calibrated_uv_reprojection_plus_stereo_left
65.7742691040039,-158.60061645507812,-615.3140869140625,232.23898808793314,174.96772224515325,-26.31262748579792,379.9999990783164,137.99999437188396,0.5843137502670288,0.6313725709915161,0.6431372761726379,calibrated_uv_reprojection_plus_stereo_left
67.08167266845703,-158.58445739746094,-615.219482421875,231.43730072003444,173.8649062017189,-26.21336708223049,381.0000008011796,137.99999902379892,0.6039215922355652,0.6549019813537598,0.6666666865348816,calibrated_uv_reprojection_plus_stereo_left
68.38526153564453,-158.55995178222656,-615.0924682617188,230.6183258308023,172.77810001922933,-26.091866934938366,381.9999975021927,137.99999651092048,0.6235294342041016,0.6784313917160034,0.686274528503418,calibrated_uv_reprojection_plus_stereo_left
69.69557189941406,-158.55149841308594,-615.0277709960938,229.83294605953478,171.66104196833317,-26.013141251245713,382.9999968213558,138.0000021179549,0.6313725709915161,0.6823529601097107,0.6901960968971252,calibrated_uv_reprojection_plus_stereo_left
71.01255798339844,-158.55812072753906,-615.021484375,229.0788616329071,170.5152896562265,-25.974484958603,384.00000233461674,137.99999452575673,0.5529412031173706,0.6000000238418579,0.6117647290229797,calibrated_uv_reprojection_plus_stereo_left
72.3486328125,-158.60621643066406,-615.1761474609375,228.4105630497009,169.28989536451434,-26.04625810126828,384.9999976598798,138.0000052683142,0.5254902243614197,0.572549045085907,0.5843137502670288,calibrated_uv_reprojection_plus_stereo_left
73.68421173095703,-158.65139770507812,-615.3193969726562,227.7357079859848,168.06939220432474,-26.110166990359005,385.99999856300315,137.99999851789352,0.5686274766921997,0.615686297416687,0.6274510025978088,calibrated_uv_reprojection_plus_stereo_left
75.02057647705078,-158.69650268554688,-615.46240234375,227.06024502943518,166.8483071092228,-26.17389663059663,387.0000001636419,138.0000058106379,0.5764706134796143,0.6274510025978088,0.6392157077789307,calibrated_uv_reprojection_plus_stereo_left
76.36408996582031,-158.7548065185547,-615.656494140625,226.41141077177576,165.60098136259063,-26.272634398209846,388.0000004263665,137.99999749655174,0.5960784554481506,0.6509804129600525,0.6666666865348816,calibrated_uv_reprojection_plus_stereo_left
77.6841049194336,-158.76296997070312,-615.6561889648438,225.6591822353629,164.4502531070836,-26.238029126653487,388.9999988695941,138.00000174397275,0.615686297416687,0.6705882549285889,0.6823529601097107,calibrated_uv_reprojection_plus_stereo_left
79.00536346435547,-158.7732391357422,-615.6640014648438,224.91112936855404,163.29525814536362,-26.208979898677455,389.99999902968625,137.99999762843362,0.6235294342041016,0.6784313917160034,0.6901960968971252,calibrated_uv_reprojection_plus_stereo_left
80.32549285888672,-158.7808074951172,-615.661376953125,224.1574428023069,162.14533790929113,-26.17277309326397,390.9999977797132,138.0000015214663,0.5921568870544434,0.6509804129600525,0.6627451181411743,calibrated_uv_reprojection_plus_stereo_left
81.64949035644531,-158.7955322265625,-615.6864624023438,223.41820333592426,160.9811938062935,-26.155556851349786,391.99999924023496,137.99999908698055,0.5490196347236633,0.6078431606292725,0.6235294342041016,calibrated_uv_reprojection_plus_stereo_left
82.98900604248047,-158.83937072753906,-615.824462890625,222.7379392896488,159.7593206972013,-26.21575512062816,392.9999954157929,138.00000597117406,0.5372549295425415,0.6000000238418579,0.6078431606292725,calibrated_uv_reprojection_plus_stereo_left
84.32826232910156,-158.8812255859375,-615.9547119140625,222.05317482160763,158.54070387972916,-26.27061287955155,393.9999980014039,138.00000465133718,0.5686274766921997,0.6352941393852234,0.6392157077789307,calibrated_uv_reprojection_plus_stereo_left
85.67115783691406,-158.92843627929688,-616.105712890625,221.3788007814062,157.31079094922046,-26.339677513488255,394.9999955718878,138.00000483249022,0.5764706134796143,0.6431372761726379,0.6509804129600525,calibrated_uv_reprojection_plus_stereo_left
87.02347564697266,-158.99131774902344,-616.3173828125,220.73551186239985,156.04890616179785,-26.450297579179676,395.9999979545126,137.9999938669008,0.5686274766921997,0.6352941393852234,0.6470588445663452,calibrated_uv_reprojection_plus_stereo_left
88.36907958984375,-159.04010009765625,-616.4744873046875,220.06325043063555,154.81424839967843,-26.52350512198069,396.9999986437219,138.00000499357063,0.5803921818733215,0.6392157077789307,0.6549019813537598,calibrated_uv_reprojection_plus_stereo_left
89.71466064453125,-159.0873260498047,-616.6254272460938,219.38732012009143,153.5820121321879,-26.592450433355168,397.99999768620063,137.9999944140618,0.5647059082984924,0.6235294342041016,0.6392157077789307,calibrated_uv_reprojection_plus_stereo_left
91.0571517944336,-159.1276397705078,-616.7496337890625,218.6970772985074,152.3629438149801,-26.643063929884306,399.0000021915708,137.99999909837916,0.5686274766921997,0.6196078658103943,0.6352941393852234,calibrated_uv_reprojection_plus_stereo_left
92.46475219726562,-159.2788543701172,-617.3036499023438,218.22791361842144,150.918847999803,-26.988175773309706,400.000001935408,138.0000073083371,0.47843137383461,0.5254902243614197,0.5411764979362488,calibrated_uv_reprojection_plus_stereo_left
93.86312103271484,-159.41004943847656,-617.7799072265625,217.71732272351403,149.51323016585349,-27.279927752731055,401.00000231635215,137.99999355115312,0.6352941393852234,0.686274528503418,0.6980392336845398,calibrated_uv_reprojection_plus_stereo_left
95.2926025390625,-159.58956909179688,-618.4434814453125,217.30150362843625,148.00716604577718,-27.69996747352053,402.0000039987179,138.00000000695786,0.48235294222831726,0.5372549295425415,0.5490196347236633,calibrated_uv_reprojection_plus_stereo_left
96.8038558959961,-159.89915466308594,-619.6109619140625,217.14178731230845,146.23253465573174,-28.465127272936343,402.99999894455175,138.00000120484,0.3843137323856354,0.4274509847164154,0.43921568989753723,calibrated_uv_reprojection_plus_stereo_left
98.0932388305664,-159.83872985839844,-619.3445434570312,216.24717528225955,145.21268501946133,-28.247925830982865,404.0000039683185,137.99999214579006,0.40784314274787903,0.4470588266849518,0.4588235318660736,calibrated_uv_reprojection_plus_stereo_left
99.76815795898438,-160.39964294433594,-621.4857177734375,216.5790760148651,142.91418348143583,-29.679827843994815,404.9999967465024,138.0000082255907,0.37254902720451355,0.3960784375667572,0.3921568691730499,calibrated_uv_reprojection_plus_stereo_left
101.75358581542969,-161.43833923339844,-625.4776611328125,217.8458119875931,139.62040332708727,-32.37903294306426,406.00000025840427,137.99999922236003,0.30980393290519714,0.3294117748737335,0.32549020648002625,calibrated_uv_reprojection_plus_stereo_left
104.35380554199219,-163.4126739501953,-633.0941162109375,220.93943376592478,134.37168410618176,-37.55997009717646,406.9999958301655,138.00000516509357,0.3607843220233917,0.3450980484485626,0.3137255012989044,calibrated_uv_reprojection_plus_stereo_left
33.6317024230957,-160.614990234375,-629.14013671875,257.8727762768242,198.13105696774375,-37.3661361891148,355.00000006244306,139.00000025767767,0.7529411911964417,0.6627451181411743,0.5333333611488342,calibrated_uv_reprojection_plus_stereo_left
34.64186096191406,-159.09820556640625,-623.1666259765625,253.7183839294529,199.58368879355498,-33.216832838629045,355.9999999210245,138.99999718958986,0.30980393290519714,0.23529411852359772,0.11764705926179886,calibrated_uv_reprojection_plus_stereo_left
35.905677795410156,-158.8150634765625,-622.0255126953125,252.31462894221573,198.92760354956425,-32.39633372144061,357.0000014416496,138.99999806433078,0.09019608050584793,0.10980392247438431,0.062745101749897,calibrated_uv_reprojection_plus_stereo_left
37.207706451416016,-158.71481323242188,-621.600830078125,251.31832195698502,197.95836366609046,-32.06933651720249,358.000000248708,139.000004430392,0.10588235408067703,0.12941177189350128,0.09019608050584793,calibrated_uv_reprojection_plus_stereo_left
38.51457977294922,-158.6411590576172,-621.2802734375,250.38165134873077,196.9442202381801,-31.814073551462116,358.9999997655874,138.99999726949295,0.1921568661928177,0.23529411852359772,0.21960784494876862,calibrated_uv_reprojection_plus_stereo_left
39.69166946411133,-158.05531311035156,-618.9540405273438,248.31728144078681,196.82666584997958,-30.17784522711662,360.0000004699628,139.00000344769347,0.3176470696926117,0.35686275362968445,0.3450980484485626,calibrated_uv_reprojection_plus_stereo_left
40.96937561035156,-157.8946990966797,-618.2931518554688,247.19332532829526,195.97089063217476,-29.688442303508282,361.00000052553474,139.00000214951984,0.40784314274787903,0.45098039507865906,0.43529412150382996,calibrated_uv_reprojection_plus_stereo_left
42.278717041015625,-157.8619842529297,-618.1331176757812,246.35141779818667,194.89189532318125,-29.543912042127317,362.0000005105457,138.9999973661329,0.49803921580314636,0.5333333611488342,0.5215686559677124,calibrated_uv_reprojection_plus_stereo_left
43.57543182373047,-157.78529357910156,-617.8009643554688,245.4135749918824,193.89114507004916,-29.28091794808438,362.99999787121914,139.00000313858294,0.5529412031173706,0.5803921818733215,0.572549045085907,calibrated_uv_reprojection_plus_stereo_left
44.86416244506836,-157.684814453125,-617.3756103515625,244.4244605864801,192.9337508028072,-28.953790830476976,364.00000056908596,138.99999101359128,0.5568627715110779,0.5843137502670288,0.5764706134796143,calibrated_uv_reprojection_plus_stereo_left
46.170894622802734,-157.65130615234375,-617.2125854492188,243.58223706822457,191.85820460053463,-28.80727183220057,364.9999994136577,138.99999749930356,0.5529412031173706,0.5803921818733215,0.572549045085907,calibrated_uv_reprojection_plus_stereo_left
47.48242950439453,-157.6353759765625,-617.118408203125,242.7785210994155,190.7515809527021,-28.708150303568743,365.9999995676808,139.0000078796696,0.5568627715110779,0.5803921818733215,0.572549045085907,calibrated_uv_reprojection_plus_stereo_left
48.78740310668945,-157.5989227294922,-616.94384765625,241.9303935720805,189.68207090777446,-28.55371133600778,366.99999781557034,139.00000899242212,0.5568627715110779,0.5803921818733215,0.572549045085907,calibrated_uv_reprojection_plus_stereo_left
50.0094108581543,-157.30320739746094,-615.75439453125,240.52150635430178,189.0813134109644,-27.70093013676467,368.00000057354447,139.00000251695184,0.5568627715110779,0.5803921818733215,0.572549045085907,calibrated_uv_reprojection_plus_stereo_left
51.31822204589844,-157.2884979248047,-615.6649780273438,239.72221192989474,187.97519495277248,-27.605153245742315,369.0000000905612,138.9999948546009,0.5529412031173706,0.5764706134796143,0.5686274766921997,calibrated_uv_reprojection_plus_stereo_left
52.63142395019531,-157.28744506835938,-615.6290893554688,238.95247190269635,186.84434763683117,-27.546217212433646,369.99999723631674,139.00000098526402,0.5568627715110779,0.5803921818733215,0.572549045085907,calibrated_uv_reprojection_plus_stereo_left
53.942386627197266,-157.2797088623047,-615.5670166015625,238.1683251463039,185.725677582995,-27.46926344208981,371.0000010070628,139.00000220631614,0.5764706134796143,0.6000000238418579,0.5921568870544434,calibrated_uv_reprojection_plus_stereo_left
55.259437561035156,-157.2895050048828,-615.5735473632812,237.42181345988496,184.5749011605438,-27.439500796678658,372.0000011355487,139.0000008224714,0.615686297416687,0.6392157077789307,0.6313725709915161,calibrated_uv_reprojection_plus_stereo_left
56.576744079589844,-157.29937744140625,-615.5803833007812,236.6753367123137,183.42378398716056,-27.409943726946665,373.00000089237824,139.00000179523576,0.6392157077789307,0.6666666865348816,0.658823549747467,calibrated_uv_reprojection_plus_stereo_left
57.894046783447266,-157.30862426757812,-615.584716796875,235.92737202135794,182.27364248017585,-27.37865313721943,374.0000022490014,138.99999328635386,0.6078431606292725,0.6509804129600525,0.6431372761726379,calibrated_uv_reprojection_plus_stereo_left
59.212432861328125,-157.32015991210938,-615.5980834960938,235.18418656956658,181.11903669012827,-27.35358001491261,375.0000004319251,139.0000007797555,0.6980392336845398,0.7411764860153198,0.7333333492279053,calibrated_uv_reprojection_plus_stereo_left
60.491844177246094,-157.229736328125,-615.2124633789062,234.2241743994834,180.15425399809277,-27.054129421368543,375.9999977405829,139.00000204218225,0.6901960968971252,0.7411764860153198,0.7333333492279053,calibrated_uv_reprojection_plus_stereo_left
61.78679275512695,-157.18251037597656,-614.995849609375,233.35657232955617,179.10990565562582,-26.870919718007826,377.00000114430924,138.99999462760707,0.6078431606292725,0.6549019813537598,0.6470588445663452,calibrated_uv_reprojection_plus_stereo_left
63.085655212402344,-157.14683532714844,-614.8245239257812,232.51385835382985,178.0444634856097,-26.71887706540639,378.0000001259538,139.0000024921395,0.5607843399047852,0.6039215922355652,0.6117647290229797,calibrated_uv_reprojection_plus_stereo_left
64.37863159179688,-157.0980987548828,-614.60205078125,231.64386622645316,177.00412512441,-26.53167676339632,379.00000282765404,138.99999852538824,0.545098066329956,0.5882353186607361,0.5960784554481506,calibrated_uv_reprojection_plus_stereo_left
65.70516967773438,-157.1314239501953,-614.7006225585938,230.94709481724607,175.80912422284644,-26.565193743261432,380.0000039066534,138.99999451009026,0.49803921580314636,0.545098066329956,0.5568627715110779,calibrated_uv_reprojection_plus_stereo_left
67.01311492919922,-157.1197052001953,-614.623046875,230.15537099811274,174.6991450249294,-26.47762388190563,380.99999773256775,139.00000431103115,0.5215686559677124,0.572549045085907,0.5843137502670288,calibrated_uv_reprojection_plus_stereo_left
68.31272888183594,-157.08912658691406,-614.4716186523438,229.32416345760845,173.62526786095447,-26.339285638768104,382.0000000296965,138.9999979264981,0.5411764979362488,0.6000000238418579,0.6078431606292725,calibrated_uv_reprojection_plus_stereo_left
69.62037658691406,-157.07766723632812,-614.3950805664062,228.53322838283668,172.51514414090883,-26.25244138874143,382.9999994030802,139.00001025738746,0.5686274766921997,0.6235294342041016,0.6352941393852234,calibrated_uv_reprojection_plus_stereo_left
70.93965911865234,-157.09226989746094,-614.42041015625,227.7967076835369,171.3550793007231,-26.23559607710871,383.99999960001406,139.0000090692509,0.6235294342041016,0.6705882549285889,0.686274528503418,calibrated_uv_reprojection_plus_stereo_left
72.27935028076172,-157.1505889892578,-614.6166381835938,227.150959711945,170.1104602043406,-26.33616760989537,385.0000013069347,138.99999438337073,0.6392157077789307,0.686274528503418,0.7019608020782471,calibrated_uv_reprojection_plus_stereo_left
73.61717224121094,-157.2026824951172,-614.7886352539062,226.49173312276736,168.8769504038852,-26.420081687903007,385.9999961691579,139.00000719113626,0.6196078658103943,0.6666666865348816,0.6784313917160034,calibrated_uv_reprojection_plus_stereo_left
74.95846557617188,-157.2600860595703,-614.9813232421875,225.8429346021282,167.63232670289995,-26.51817987062111,386.99999983352023,139.00000991910784,0.5686274766921997,0.6274510025978088,0.6352941393852234,calibrated_uv_reprojection_plus_stereo_left
76.30673217773438,-157.32977294921875,-615.2219848632812,225.2189111288656,166.36288106319296,-26.649204301573207,388.000000693619,139.0000059517327,0.5647059082984924,0.6313725709915161,0.6352941393852234,calibrated_uv_reprojection_plus_stereo_left
77.62049102783203,-157.3270263671875,-615.1793823242188,224.44484211585444,165.23416465352693,-26.585612240360888,389.00000196018453,139.00000093985864,0.5843137502670288,0.6470588445663452,0.6549019813537598,calibrated_uv_reprojection_plus_stereo_left
78.93509674072266,-157.325927734375,-615.1432495117188,223.67416169381136,164.1021856187091,-26.526467160330526,390.0000022000092,139.00000112097325,0.6039215922355652,0.6627451181411743,0.6745098233222961,calibrated_uv_reprojection_plus_stereo_left
80.25010681152344,-157.32554626464844,-615.1099243164062,222.90493210818784,162.9687578623312,-26.469250024989435,390.9999965800732,139.000002193911,0.6196078658103943,0.6745098233222961,0.6901960968971252,calibrated_uv_reprojection_plus_stereo_left
81.57471466064453,-157.34353637695312,-615.1484375,222.17327072119133,161.79890348896953,-26.461369152586087,392.000001162969,139.0000061456802,0.5529412031173706,0.6117647290229797,0.6235294342041016,calibrated_uv_reprojection_plus_stereo_left
82.91663360595703,-157.3937225341797,-615.312744140625,221.5071229614776,160.56481421304937,-26.539854109406633,393.0000008971363,138.99999751208514,0.45490196347236633,0.5176470875740051,0.5254902243614197,calibrated_uv_reprojection_plus_stereo_left
84.25454711914062,-157.43472290039062,-615.441162109375,220.82174798193904,159.34823980911034,-26.59367786611608,394.0000019470017,138.99999709342055,0.4627451002597809,0.529411792755127,0.5333333611488342,calibrated_uv_reprojection_plus_stereo_left
85.5971908569336,-157.48304748535156,-615.5982055664062,220.1508253271952,158.11636157138662,-26.66713808969746,395.00000127040335,138.99999927364294,0.5372549295425415,0.6039215922355652,0.6117647290229797,calibrated_uv_reprojection_plus_stereo_left
86.95311737060547,-157.55386352539062,-615.8431396484375,219.5249916432221,156.8385721189954,-26.800915961859403,395.9999990067195,139.00000098109413,0.5882353186607361,0.6549019813537598,0.6627451181411743,calibrated_uv_reprojection_plus_stereo_left
88.29668426513672,-157.6003875732422,-615.9930419921875,218.84927527093862,155.60867246314405,-26.869415808312908,397.0000038461697,138.99999214816714,0.545098066329956,0.6117647290229797,0.6196078658103943,calibrated_uv_reprojection_plus_stereo_left
89.64369201660156,-157.65147399902344,-616.1608276367188,218.1822990199907,154.36879525378328,-26.950178950637735,398.00000419710693,138.9999973327844,0.4431372582912445,0.5098039507865906,0.5176470875740051,calibrated_uv_reprojection_plus_stereo_left
90.98546600341797,-157.69190979003906,-616.2869873046875,217.49336217693394,153.14974255061776,-27.00235002504718,398.9999967321584,139.0000065022393,0.40784314274787903,0.46666666865348816,0.4745098054409027,calibrated_uv_reprojection_plus_stereo_left
92.4210205078125,-157.89129638671875,-617.0342407226562,217.12311076798335,151.60631937374495,-27.480761996784054,399.9999952885242,139.00000344384605,0.5176470875740051,0.5764706134796143,0.5843137502670288,calibrated_uv_reprojection_plus_stereo_left
93.8095703125,-158.00576782226562,-617.4495849609375,216.58078887433027,150.2335223926977,-27.731308001705486,401.00000181776807,139.0000007733285,0.6117647290229797,0.6627451181411743,0.6745098233222961,calibrated_uv_reprojection_plus_stereo_left
95.24446868896484,-158.19395446777344,-618.1529541015625,216.18461434117376,148.7078157194274,-28.17945099800056,401.9999958330017,139.00000305755532,0.3764705955982208,0.42352941632270813,0.43529412150382996,calibrated_uv_reprojection_plus_stereo_left
96.7569808959961,-158.50401306152344,-619.3323974609375,216.02944975082102,146.92848065598372,-28.954162931199107,402.9999996005142,138.99999655047154,0.4117647111415863,0.45490196347236633,0.45098039507865906,calibrated_uv_reprojection_plus_stereo_left
98.1122817993164,-158.55152893066406,-619.4859619140625,215.34923113165394,145.68692656778074,-29.02489246040585,403.99999774319593,138.99999858164534,0.3960784375667572,0.43921568989753723,0.43529412150382996,calibrated_uv_reprojection_plus_stereo_left
99.87531280517578,-159.24777221679688,-622.174072265625,215.95518263861544,143.0998936149203,-30.834401259727713,405.00000028552427,139.00000394403307,0.3450980484485626,0.3607843220233917,0.35686275362968445,calibrated_uv_reprojection_plus_stereo_left
102.09600067138672,-160.6457061767578,-627.6032104492188,217.94257114941666,139.0431972109934,-34.52390247174958,406.0000006303649,139.00000517519777,0.32549020648002625,0.34117648005485535,0.3333333432674408,calibrated_uv_reprojection_plus_stereo_left
32.18706130981445,-158.7801971435547,-627.21533203125,256.56227047265145,200.69329234743975,-36.76108075665093,353.99999921474307,140.00000442137073,0.8352941274642944,0.7058823704719543,0.5686274766921997,calibrated_uv_reprojection_plus_stereo_left
33.220375061035156,-157.3455810546875,-621.516357421875,252.5679975733152,202.01353718452725,-32.794484670701934,355.00000015358944,140.00000255076873,0.4470588266849518,0.35686275362968445,0.25882354378700256,calibrated_uv_reprojection_plus_stereo_left
34.46192169189453,-156.96913146972656,-619.9974975585938,250.9529242002701,201.52312225708778,-31.71222421405912,356.0000005668064,139.99999725967803,0.16470588743686676,0.0941176488995552,0.0117647061124444,calibrated_uv_reprojection_plus_stereo_left
35.7425537109375,-156.79164123535156,-619.2646484375,249.78525527154056,200.69230503406573,-31.172330425357416,357.0000003406253,140.00000139495782,0.09803921729326248,0.10196078568696976,0.05882352963089943,calibrated_uv_reprojection_plus_stereo_left
37.042991638183594,-156.71031188964844,-618.91162109375,248.8332701274462,199.6961899308415,-30.894492564841585,358.0000000718306,140.00000045189017,0.10196078568696976,0.10980392247438431,0.0784313753247261,calibrated_uv_reprojection_plus_stereo_left
38.36056900024414,-156.70433044433594,-618.8561401367188,248.04932816045311,198.56916455458605,-30.821899359309555,359.00000129526484,139.99999015427073,0.09019608050584793,0.10588235408067703,0.10196078568696976,calibrated_uv_reprojection_plus_stereo_left
39.591312408447266,-156.3555450439453,-617.447021484375,246.5059751010637,198.04540495352234,-29.8157931779794,360.0000017469375,139.99999753001896,0.09019608050584793,0.10588235408067703,0.10196078568696976,calibrated_uv_reprojection_plus_stereo_left
40.90377426147461,-156.34132385253906,-617.359130859375,245.70557111884165,196.935476117112,-29.7209350789243,360.99999883554415,139.99999797676378,0.08235294371843338,0.10588235408067703,0.09803921729326248,calibrated_uv_reprojection_plus_stereo_left
42.21934509277344,-156.3392333984375,-617.3191528320312,244.9320242907475,195.804164828048,-29.65911978930717,362.0000014822947,140.00000021093052,0.11372549086809158,0.14509804546833038,0.13333334028720856,calibrated_uv_reprojection_plus_stereo_left
43.52386474609375,-156.29737854003906,-617.1221313476562,244.07093948174912,194.74368867393542,-29.48902126885298,363.00000045809105,139.99999518142005,0.19607843458652496,0.239215686917305,0.2235294133424759,calibrated_uv_reprojection_plus_stereo_left
44.7647590637207,-156.0359649658203,-616.058349609375,242.72815713408772,194.07649269792302,-28.72138789674142,363.9999976974892,140.00000594615818,0.30980393290519714,0.3529411852359772,0.33725491166114807,calibrated_uv_reprojection_plus_stereo_left
46.07110595703125,-156.01087951660156,-615.9276123046875,241.90563897581148,192.98859090095993,-28.597065169011614,364.99999966596556,140.00000159502764,0.43921568989753723,0.47843137383461,0.4627451002597809,calibrated_uv_reprojection_plus_stereo_left
47.37139129638672,-155.96701049804688,-615.7227783203125,241.04228902783774,191.93485631678305,-28.421682516341946,366.0000000759049,140.00000650123349,0.5137255191802979,0.5568627715110779,0.5411764979362488,calibrated_uv_reprojection_plus_stereo_left
48.67208480834961,-155.92662048339844,-615.5316772460938,240.18691584390308,190.87541196258587,-28.255780718660333,366.9999987959662,140.00000812224016,0.5254902243614197,0.5686274766921997,0.5529412031173706,calibrated_uv_reprojection_plus_stereo_left
49.925533294677734,-155.7407684326172,-614.766357421875,239.0153440028704,190.08094209712084,-27.694138855151834,368.0000009797185,140.00000180650744,0.5372549295425415,0.5686274766921997,0.5607843399047852,calibrated_uv_reprojection_plus_stereo_left
51.2418212890625,-155.7552490234375,-614.7918701171875,238.28052887208815,188.9234784257576,-27.67757504196942,369.00000095814346,139.9999978518079,0.545098066329956,0.572549045085907,0.5686274766921997,calibrated_uv_reprojection_plus_stereo_left
52.5558967590332,-155.7622528076172,-614.7879028320312,237.52935147117927,187.7794368682732,-27.640693916457963,370.00000005465563,140.00000126552308,0.545098066329956,0.5686274766921997,0.5686274766921997,calibrated_uv_reprojection_plus_stereo_left
53.87090301513672,-155.77142333984375,-614.79248046875,236.7827501842791,186.63125339440404,-27.60969548002015,370.9999985810102,140.00000422760587,0.5411764979362488,0.5686274766921997,0.5647059082984924,calibrated_uv_reprojection_plus_stereo_left
55.1779670715332,-155.75755310058594,-614.7060546875,235.98630727854226,185.52545380557507,-27.515983347919473,372.0000025299249,139.99999437957823,0.5333333611488342,0.572549045085907,0.5647059082984924,calibrated_uv_reprojection_plus_stereo_left
56.48640823364258,-155.74795532226562,-614.6365356445312,235.19917459526675,184.4118689592844,-27.433928653030307,373.0000013406909,139.9999926233671,0.5372549295425415,0.5803921818733215,0.572549045085907,calibrated_uv_reprojection_plus_stereo_left
57.797019958496094,-155.7444610595703,-614.5911254882812,234.42520753371872,183.28699806393746,-27.368486994013665,374.00000085183615,139.99999496126978,0.5372549295425415,0.5803921818733215,0.572549045085907,calibrated_uv_reprojection_plus_stereo_left
59.10654067993164,-155.7380828857422,-614.5343017578125,233.64504816991354,182.16752300231894,-27.295179000945723,375.00000125643265,139.99999079075948,0.5568627715110779,0.6000000238418579,0.5921568870544434,calibrated_uv_reprojection_plus_stereo_left
60.38856887817383,-155.6609344482422,-614.1983032226562,232.71372007070084,181.1808256436438,-27.029597961863203,376.00000130915396,139.9999992964527,0.6000000238418579,0.6431372761726379,0.6352941393852234,calibrated_uv_reprojection_plus_stereo_left
61.68471908569336,-155.62254333496094,-614.0151977539062,231.8657173120311,180.12222386047233,-26.869339059940103,377.0000017041086,139.999997095407,0.6235294342041016,0.6666666865348816,0.658823549747467,calibrated_uv_reprojection_plus_stereo_left
62.98616027832031,-155.59866333007812,-613.8893432617188,231.04891291991407,179.03669545947588,-26.74851890899481,378.0000028186256,139.99999212883233,0.5803921818733215,0.6274510025978088,0.6196078658103943,calibrated_uv_reprojection_plus_stereo_left
64.28608703613281,-155.57192993164062,-613.7523193359375,230.22628237475743,177.95684869701148,-26.620026909030287,378.9999997898463,140.00000251779403,0.545098066329956,0.5921568870544434,0.5882353186607361,calibrated_uv_reprojection_plus_stereo_left
65.60053253173828,-155.58055114746094,-613.7546997070312,229.4786947276483,176.81000644538307,-26.587519093699143,380.0000009700003,139.99999810728724,0.5333333611488342,0.5803921818733215,0.5921568870544434,calibrated_uv_reprojection_plus_stereo_left
66.90654754638672,-155.569091796875,-613.6778564453125,228.688571625926,175.7013890679512,-26.500461539114895,380.99999974852955,139.99999248325733,0.5254902243614197,0.572549045085907,0.5843137502670288,calibrated_uv_reprojection_plus_stereo_left
68.21293640136719,-155.5587615966797,-613.6055297851562,227.90092333450917,174.59069174918284,-26.416524392195583,381.99999931945496,139.99999839331656,0.501960813999176,0.5568627715110779,0.5686274766921997,calibrated_uv_reprojection_plus_stereo_left
69.52735137939453,-155.56663513183594,-613.60498046875,227.15159746129996,173.44502068340546,-26.381995524134652,383.00000115660373,139.99999914549258,0.5176470875740051,0.5686274766921997,0.5843137502670288,calibrated_uv_reprojection_plus_stereo_left
70.8268051147461,-155.54122924804688,-613.4732055664062,226.3323754302706,172.3635392435168,-26.25714284008501,383.9999964905471,140.00000705699324,0.5372549295425415,0.5921568870544434,0.6078431606292725,calibrated_uv_reprojection_plus_stereo_left
72.17058563232422,-155.61216735839844,-613.7213745117188,225.71493934529394,171.09533431620605,-26.393791987159887,385.0000009469337,140.00000774590114,0.5607843399047852,0.6117647290229797,0.6274510025978088,calibrated_uv_reprojection_plus_stereo_left
73.5192642211914,-155.6908416748047,-614.0,225.11291591533626,169.81098706480293,-26.55136577556914,385.9999958884531,140.00000403105457,0.6000000238418579,0.6549019813537598,0.6666666865348816,calibrated_uv_reprojection_plus_stereo_left
74.86793518066406,-155.76657104492188,-614.2670288085938,224.50395775118636,168.53117134880125,-26.700929465569743,386.9999993511761,140.00001009747857,0.6196078658103943,0.6784313917160034,0.686274528503418,calibrated_uv_reprojection_plus_stereo_left
76.2155532836914,-155.83743286132812,-614.5147705078125,223.88408570027792,167.25978394942757,-26.83717926866808,387.99999824630316,140.00000442912682,0.6196078658103943,0.6784313917160034,0.6823529601097107,calibrated_uv_reprojection_plus_stereo_left
77.52421569824219,-155.82745361328125,-614.4437255859375,223.09591733111642,166.14659967205858,-26.754062440870882,388.99999922106946,140.0000004011593,0.5803921818733215,0.6352941393852234,0.6470588445663452,calibrated_uv_reprojection_plus_stereo_left
78.83167266845703,-155.81529235839844,-614.3640747070312,222.30329424213727,165.03781977852367,-26.665026916534487,390.0000024706191,139.99999541457709,0.5607843399047852,0.615686297416687,0.6313725709915161,calibrated_uv_reprojection_plus_stereo_left
80.1356201171875,-155.7965850830078,-614.2586669921875,221.49727079023745,163.94214276923657,-26.55828298400081,390.9999995287452,139.99999981780462,0.5843137502670288,0.6392157077789307,0.6509804129600525,calibrated_uv_reprojection_plus_stereo_left
81.44696807861328,-155.79251098632812,-614.2109375,220.72149980073738,162.81753308981388,-26.491217744940855,391.99999945483387,140.00000055684797,0.5843137502670288,0.6392157077789307,0.6509804129600525,calibrated_uv_reprojection_plus_stereo_left
82.77677917480469,-155.8231964111328,-614.3002319335938,220.01708895828762,161.62342410185437,-26.518397524456077,393.00000197071233,139.9999997080244,0.5372549295425415,0.6000000238418579,0.6078431606292725,calibrated_uv_reprojection_plus_stereo_left
84.11426544189453,-155.86703491210938,-614.44140625,219.33929767875134,160.4024092921041,-26.581248504865073,393.99999632607324,140.00000719118523,0.45490196347236633,0.5215686559677124,0.5254902243614197,calibrated_uv_reprojection_plus_stereo_left
85.45114135742188,-155.90829467773438,-614.572265625,218.65571466967032,159.18593302236764,-26.636967586997287,395.00000366456675,139.9999895259022,0.4274509847164154,0.48627451062202454,0.4941176474094391,calibrated_uv_reprojection_plus_stereo_left
86.8204116821289,-156.0063934326172,-614.9273071289062,218.08760412311517,157.8538615474901,-26.84684470425333,395.99999592780927,140.0000025727766,0.47843137383461,0.5333333611488342,0.545098066329956,calibrated_uv_reprojection_plus_stereo_left
88.17204284667969,-156.07022094726562,-615.1471557617188,217.44877296540233,156.58984905759047,-26.963710791380436,396.99999833025055,140.00000174072454,0.41960784792900085,0.47058823704719543,0.48235294222831726,calibrated_uv_reprojection_plus_stereo_left
89.52922058105469,-156.14173889160156,-615.3972778320312,216.82487298936366,155.3092016721672,-27.101359853064082,397.9999986189933,139.9999991333064,0.364705890417099,0.41960784792900085,0.4274509847164154,calibrated_uv_reprojection_plus_stereo_left
90.8933334350586,-156.22299194335938,-615.6857299804688,216.21992665290162,154.00756928243425,-27.265325854173796,398.9999997184393,139.9999953724156,0.3803921639919281,0.43529412150382996,0.4470588266849518,calibrated_uv_reprojection_plus_stereo_left
92.16604614257812,-156.14695739746094,-615.3543701171875,215.29667711644277,153.0271860654242,-27.003194695978493,399.9999957254224,140.00000548389107,0.6509804129600525,0.7058823704719543,0.7215686440467834,calibrated_uv_reprojection_plus_stereo_left
93.51203155517578,-156.19534301757812,-615.5132446289062,214.624634309356,151.7918552484889,-27.078050868972753,401.0000036915745,139.9999977236714,0.4470588266849518,0.4941176474094391,0.5058823823928833,calibrated_uv_reprojection_plus_stereo_left
94.98082733154297,-156.444580078125,-616.4635620117188,214.35553873009468,150.14101160672755,-27.696849523392245,402.00000093148856,139.99999320258985,0.3764705955982208,0.42352941632270813,0.43529412150382996,calibrated_uv_reprojection_plus_stereo_left
96.60041809082031,-156.9318389892578,-618.3516845703125,214.56089901403038,147.993219100607,-28.96004824272768,403.0000007011159,139.99999659892876,0.4156862795352936,0.45490196347236633,0.4627451002597809,calibrated_uv_reprojection_plus_stereo_left
98.2784194946289,-157.4994354248047,-620.55615234375,214.92200708972211,145.6712164612323,-30.44042287278802,403.9999954733144,140.0000020274257,0.35686275362968445,0.3960784375667572,0.40392157435417175,calibrated_uv_reprojection_plus_stereo_left
100.46682739257812,-158.8588409423828,-625.8799438476562,216.85625026556124,141.68854444315218,-34.06394424962423,404.9999982627481,139.99999745399163,0.3333333432674408,0.3333333432674408,0.3333333432674408,calibrated_uv_reprojection_plus_stereo_left
30.863006591796875,-157.52633666992188,-627.5712890625,256.5485293489714,202.26005874557382,-37.72778644507002,352.99999978134224,141.000001561516,0.8470588326454163,0.7372549176216125,0.615686297416687,calibrated_uv_reprojection_plus_stereo_left
31.898162841796875,-156.05044555664062,-621.6596069335938,252.43527700173576,203.65644051220755,-33.607677353496,354.0000010921028,140.99999085056714,0.729411780834198,0.6274510025978088,0.5098039507865906,calibrated_uv_reprojection_plus_stereo_left
33.13844299316406,-155.6553955078125,-620.05419921875,250.771623996149,203.1995025961349,-32.46392846680686,354.9999988289409,141.0000062543465,0.5411764979362488,0.501960813999176,0.4431372582912445,calibrated_uv_reprojection_plus_stereo_left
34.38311004638672,-155.31015014648438,-618.6472778320312,249.22377909642466,202.66155174114152,-31.457489923849664,355.9999997722378,141.0000102666375,0.5098039507865906,0.47843137383461,0.4274509847164154,calibrated_uv_reprojection_plus_stereo_left
35.67599105834961,-155.19989013671875,-618.1763916015625,248.20634446225483,201.71758057928395,-31.0979017021682,356.9999984833344,141.00000019845493,0.4588235318660736,0.4627451002597809,0.43529412150382996,calibrated_uv_reprojection_plus_stereo_left
36.97359085083008,-155.11697387695312,-617.8145141601562,247.2511787170739,200.72711322161263,-30.81367624758917,358.0000006299824,141.00000123363571,0.4431372582912445,0.4470588266849518,0.4274509847164154,calibrated_uv_reprojection_plus_stereo_left
38.27627182006836,-155.0601043701172,-617.556396484375,246.35495929106543,199.69186791648843,-30.60116109419647,358.9999986911727,141.0000005975935,0.3921568691730499,0.40784314274787903,0.40392157435417175,calibrated_uv_reprojection_plus_stereo_left
39.548500061035156,-154.88748168945312,-616.8373413085938,245.2013727376318,198.8624104739523,-30.0702862909518,359.99999832642953,141.0000050046622,0.32549020648002625,0.34117648005485535,0.33725491166114807,calibrated_uv_reprojection_plus_stereo_left
40.862754821777344,-154.88502502441406,-616.7959594726562,244.42773460766847,197.7327949642122,-30.007536399601918,360.99999863145126,141.00000087842474,0.27450981736183167,0.29019609093666077,0.2862745225429535,calibrated_uv_reprojection_plus_stereo_left
42.173988342285156,-154.8713836669922,-616.7100219726562,243.6292663322855,196.62313719162717,-29.91401239276604,362.00000077965916,140.9999935553921,0.21960784494876862,0.239215686917305,0.23137255012989044,calibrated_uv_reprojection_plus_stereo_left
43.48781204223633,-154.86756896972656,-616.6632690429688,242.85266622269205,195.4959896816746,-29.84755927659984,362.99999830202444,140.99999615241785,0.1725490242242813,0.19607843458652496,0.1882352977991104,calibrated_uv_reprojection_plus_stereo_left
44.71603012084961,-154.5678253173828,-615.438232421875,241.4225978579011,194.90165152768907,-28.967484538946906,363.99999952237863,141.00000031358513,0.1411764770746231,0.16470588743686676,0.1568627506494522,calibrated_uv_reprojection_plus_stereo_left
46.01676940917969,-154.5284881591797,-615.2501220703125,240.56920338200194,193.8408793752846,-28.803496790416148,365.00000071067115,141.00000557516313,0.11372549086809158,0.13725490868091583,0.12941177189350128,calibrated_uv_reprojection_plus_stereo_left
47.3134765625,-154.4779815673828,-615.0174560546875,239.69157053285784,192.80093740206217,-28.608750185382064,366.0000015979901,140.9999913460686,0.16470588743686676,0.20000000298023224,0.1882352977991104,calibrated_uv_reprojection_plus_stereo_left
48.607521057128906,-154.4215087890625,-614.76123046875,238.80138178019507,191.77249579838207,-28.39778233623548,366.99999864593764,141.0000102816229,0.27450981736183167,0.3176470696926117,0.3019607961177826,calibrated_uv_reprojection_plus_stereo_left
49.87673568725586,-154.291015625,-614.210205078125,237.74967267565393,190.88031784744993,-27.983319058028655,367.99999929935564,140.9999991677857,0.3921568691730499,0.4313725531101227,0.42352941632270813,calibrated_uv_reprojection_plus_stereo_left
51.18944549560547,-154.298095703125,-614.2069091796875,236.99961214812186,189.73724032009602,-27.946981283551906,369.0000017199493,140.99999701999496,0.48235294222831726,0.5215686559677124,0.5137255191802979,calibrated_uv_reprojection_plus_stereo_left
52.503501892089844,-154.30859375,-614.2172241210938,236.25689434324312,188.58769731276072,-27.920034033792433,370.00000239214125,140.99999682703736,0.501960813999176,0.545098066329956,0.5372549295425415,calibrated_uv_reprojection_plus_stereo_left
53.814762115478516,-154.3103790283203,-614.19287109375,235.49510498199527,187.45407442903013,-27.86915738843669,371.0000013265206,140.99999984963424,0.4941176474094391,0.5372549295425415,0.529411792755127,calibrated_uv_reprojection_plus_stereo_left
55.108150482177734,-154.26187133789062,-613.9683227539062,234.62418958429402,186.41387575384994,-27.68012594417496,372.00000153097176,140.99999807620134,0.5058823823928833,0.5490196347236633,0.5333333611488342,calibrated_uv_reprojection_plus_stereo_left
56.42171859741211,-154.27061462402344,-613.9716796875,233.87759769890857,185.26746709866728,-27.64837741638729,372.99999950876605,141.0000035027544,0.5098039507865906,0.5529412031173706,0.5372549295425415,calibrated_uv_reprojection_plus_stereo_left
57.729896545410156,-154.26438903808594,-613.9154052734375,233.09854781111238,184.14893952780346,-27.575472813274473,373.9999999786483,140.99999826487368,0.5058823823928833,0.5490196347236633,0.5411764979362488,calibrated_uv_reprojection_plus_stereo_left
59.03787612915039,-154.2577362060547,-613.8574829101562,232.31861933269738,183.03123101340356,-27.50143893767182,375.0000014387248,141.0000028746891,0.4941176474094391,0.5372549295425415,0.529411792755127,calibrated_uv_reprojection_plus_stereo_left
60.31380844116211,-154.1693115234375,-613.47412109375,231.3630032413629,182.0680031550395,-27.2028954589411,376.0000002538533,140.99999745475645,0.46666666865348816,0.5098039507865906,0.501960813999176,calibrated_uv_reprojection_plus_stereo_left
61.60230255126953,-154.11590576171875,-613.2301635742188,230.48330742159948,181.0396194344197,-27.00055333331494,376.9999984352173,140.9999975624779,0.4627451002597809,0.5058823823928833,0.49803921580314636,calibrated_uv_reprojection_plus_stereo_left
62.896331787109375,-154.07810974121094,-613.04833984375,229.63748769263697,179.98224997484743,-26.841089739185747,378.0000006018144,140.99999870844238,0.5215686559677124,0.5647059082984924,0.5607843399047852,calibrated_uv_reprojection_plus_stereo_left
64.18909454345703,-154.03868103027344,-612.8599853515625,228.78850642857435,178.92851902276107,-26.677130790862464,379.00000004583796,140.9999904566488,0.5686274766921997,0.6117647290229797,0.6117647290229797,calibrated_uv_reprojection_plus_stereo_left
65.51567077636719,-154.08016967773438,-612.99365234375,228.1121631232403,177.7201001976601,-26.73527323616446,380.00000214068484,140.9999985175436,0.5647059082984924,0.6117647290229797,0.6235294342041016,calibrated_uv_reprojection_plus_stereo_left
66.82661437988281,-154.08384704589844,-612.9768676757812,227.35506234726864,176.58381177437576,-26.689646929794208,381.00000230710054,141.0000042151139,0.545098066329956,0.5960784554481506,0.6078431606292725,calibrated_uv_reprojection_plus_stereo_left
68.14032745361328,-154.09352111816406,-612.9838256835938,226.6105539608214,175.43586528256782,-26.660374115159414,382.0000042615928,140.9999889400783,0.5333333611488342,0.6000000238418579,0.6117647290229797,calibrated_uv_reprojection_plus_stereo_left
69.4520263671875,-154.09820556640625,-612.9710693359375,225.85541815541796,174.29735504543066,-26.61752123548206,382.99999869284824,141.0000003124522,0.5137255191802979,0.5803921818733215,0.5921568870544434,calibrated_uv_reprojection_plus_stereo_left
70.74788665771484,-154.06808471679688,-612.8197631835938,225.02675281779727,173.22651708751692,-26.47913383794196,384.0000017245477,140.99999153038243,0.47843137383461,0.545098066329956,0.5568627715110779,calibrated_uv_reprojection_plus_stereo_left
72.08869934082031,-154.13502502441406,-613.0546264648438,224.40260500430264,171.96633910569676,-26.606977989777874,384.99999844130843,141.00000365437907,0.48235294222831726,0.5490196347236633,0.5568627715110779,calibrated_uv_reprojection_plus_stereo_left
73.42875671386719,-154.19786071777344,-613.2730102539062,223.76908909924958,170.71321467743888,-26.723415123394147,386.00000369448156,140.999991649196,0.5215686559677124,0.5882353186607361,0.5960784554481506,calibrated_uv_reprojection_plus_stereo_left
74.77117919921875,-154.2632293701172,-613.5015258789062,223.14024811304864,169.45409749940467,-26.846817211642758,387.0000045262766,140.99999605194594,0.5568627715110779,0.615686297416687,0.6274510025978088,calibrated_uv_reprojection_plus_stereo_left
76.12503814697266,-154.3494110107422,-613.8128051757812,222.55421215837566,168.15282988810634,-27.02723116411562,387.99999949070747,141.00000489987468,0.6078431606292725,0.6627451181411743,0.6745098233222961,calibrated_uv_reprojection_plus_stereo_left
77.43247985839844,-154.34002685546875,-613.7439575195312,221.76808687749894,167.03983406846476,-26.945640903151627,388.9999990712151,141.00000108390392,0.6117647290229797,0.6666666865348816,0.6823529601097107,calibrated_uv_reprojection_plus_stereo_left
78.73884582519531,-154.32872009277344,-613.66748046875,220.9780251100521,165.93074413858835,-26.8587976729321,389.9999972565514,140.9999998169153,0.5882353186607361,0.6470588445663452,0.658823549747467,calibrated_uv_reprojection_plus_stereo_left
80.0464859008789,-154.32009887695312,-613.6016845703125,220.1936031434493,164.81639009407007,-26.779317034633834,391.00000185981037,140.99999857433403,0.5568627715110779,0.6196078658103943,0.6313725709915161,calibrated_uv_reprojection_plus_stereo_left
81.35810852050781,-154.31919860839844,-613.5665893554688,219.42520898079783,163.68662618286533,-26.720990283081107,392.0000016076876,140.9999974104636,0.5803921818733215,0.6470588445663452,0.658823549747467,calibrated_uv_reprojection_plus_stereo_left
82.6854248046875,-154.34750366210938,-613.6476440429688,218.7170890831108,162.49801972212947,-26.742683463323374,392.9999963330189,141.0000034991782,0.5921568870544434,0.658823549747467,0.6627451181411743,calibrated_uv_reprojection_plus_stereo_left
84.0138168334961,-154.37677001953125,-613.7324829101562,218.01061595358436,161.30700147103,-26.766965777433825,393.99999823327335,141.0000049437628,0.5686274766921997,0.6352941393852234,0.6392157077789307,calibrated_uv_reprojection_plus_stereo_left
85.34537506103516,-154.41075134277344,-613.8360595703125,217.3135046894824,160.10593758171035,-26.804140981846444,394.99999735368164,141.00000784676604,0.5058823823928833,0.5647059082984924,0.572549045085907,calibrated_uv_reprojection_plus_stereo_left
86.6861801147461,-154.46006774902344,-614.00048828125,216.64740822623298,158.87314063482637,-26.883198447849225,396.00000429963126,140.99999321648,0.4156862795352936,0.4745098054409027,0.48235294222831726,calibrated_uv_reprojection_plus_stereo_left
88.05303192138672,-154.5535125732422,-614.3403930664062,216.07103446246037,157.54941193200017,-27.083091430523552,397.00000313095495,140.9999958310026,0.3490196168422699,0.4000000059604645,0.40784314274787903,calibrated_uv_reprojection_plus_stereo_left
89.41279602050781,-154.63185119628906,-614.6201782226562,215.46287564730181,156.25523595428837,-27.241536698821733,398.00000036646935,140.9999913819717,0.3450980484485626,0.3921568691730499,0.40392157435417175,calibrated_uv_reprojection_plus_stereo_left
90.77672576904297,-154.7148895263672,-614.918701171875,214.86349349784825,154.95015184431213,-27.412859859924254,398.9999953487601,141.00000459302373,0.5607843399047852,0.6078431606292725,0.6196078658103943,calibrated_uv_reprojection_plus_stereo_left
92.07192993164062,-154.67999267578125,-614.7484130859375,214.02387935732253,153.88727246385912,-27.26135308733751,399.999994619855,141.00000576926442,0.5960784554481506,0.6431372761726379,0.658823549747467,calibrated_uv_reprojection_plus_stereo_left
93.42539978027344,-154.7424774169922,-614.965087890625,213.38169890844614,152.62312156177103,-27.376260639676843,401.00000050283944,140.99999627687993,0.3764705955982208,0.41960784792900085,0.4313725531101227,calibrated_uv_reprojection_plus_stereo_left
94.91911315917969,-155.0321807861328,-616.084716796875,213.19774615748167,150.88559820687863,-28.11273961666501,402.00000243081786,140.99999321413694,0.40392157435417175,0.4470588266849518,0.4588235318660736,calibrated_uv_reprojection_plus_stereo_left
96.7202377319336,-155.80905151367188,-619.14013671875,213.9923180952929,148.12735126180672,-30.181591435716484,403.0000004148009,140.9999994275737,0.4000000059604645,0.4274509847164154,0.4274509847164154,calibrated_uv_reprojection_plus_stereo_left
98.53247833251953,-156.58248901367188,-622.1815185546875,214.772202725177,145.36486467587105,-32.2404249582998,404.0000019419646,140.99999100138945,0.33725491166114807,0.364705890417099,0.364705890417099,calibrated_uv_reprojection_plus_stereo_left
101.00602722167969,-158.3720703125,-629.2601318359375,217.58137037187487,140.45599364245845,-37.077494540859675,404.9999981408626,141.00000192339735,0.3490196168422699,0.3490196168422699,0.3137255012989044,calibrated_uv_reprojection_plus_stereo_left
29.4913387298584,-156.02630615234375,-626.9434814453125,255.97616038087892,204.2505604607877,-38.014178595624855,352.00000040302416,142.00000139487219,0.7882353067398071,0.6666666865348816,0.5333333611488342,calibrated_uv_reprojection_plus_stereo_left
30.595083236694336,-154.85386657714844,-622.2007446289062,252.52782740126128,205.12848654336796,-34.696546745811304,352.99999947261114,142.0000099358923,0.5568627715110779,0.5058823823928833,0.4156862795352936,calibrated_uv_reprojection_plus_stereo_left
31.84132194519043,-154.46975708007812,-620.625732421875,250.88130597420422,204.6531796220969,-33.57200199036669,353.99999954952983,142.00000123313043,0.5254902243614197,0.48235294222831726,0.3960784375667572,calibrated_uv_reprojection_plus_stereo_left
33.09651565551758,-154.1576690673828,-619.3402099609375,249.40176696520342,204.05774888197777,-32.64798166633045,355.00000202849856,141.99998914926397,0.5058823823928833,0.5098039507865906,0.48235294222831726,calibrated_uv_reprojection_plus_stereo_left
34.34552764892578,-153.84153747558594,-618.0386962890625,247.91622224061706,203.47392415611995,-31.713047931650635,355.9999979324426,142.00000102871138,0.5098039507865906,0.5098039507865906,0.48627451062202454,calibrated_uv_reprojection_plus_stereo_left
35.65293884277344,-153.8003692626953,-617.8418579101562,247.0540564475478,202.41059887995436,-31.54268096055722,356.9999991045372,142.00000795700146,0.501960813999176,0.501960813999176,0.48627451062202454,calibrated_uv_reprojection_plus_stereo_left
36.94804000854492,-153.71066284179688,-617.449951171875,246.08297072654688,201.4336757702995,-31.23734088528721,358.0000022987276,141.9999945557148,0.4941176474094391,0.49803921580314636,0.48627451062202454,calibrated_uv_reprojection_plus_stereo_left
38.23392105102539,-153.58982849121094,-616.9331665039062,245.04288611424215,200.51325229680452,-30.845653221126668,358.9999993989785,142.00000388696088,0.4745098054409027,0.4901960790157318,0.48627451062202454,calibrated_uv_reprojection_plus_stereo_left
39.521881103515625,-153.48484802246094,-616.4800415039062,244.03947024506977,199.56631114658944,-30.49805068401082,359.9999996238255,142.00000069666197,0.48627451062202454,0.501960813999176,0.49803921580314636,calibrated_uv_reprojection_plus_stereo_left
40.851043701171875,-153.54122924804688,-616.675048828125,243.39784307182174,198.33199223155225,-30.59885587710812,361.0000018066934,141.99999867864847,0.4901960790157318,0.5137255191802979,0.5058823823928833,calibrated_uv_reprojection_plus_stereo_left
42.151695251464844,-153.49005126953125,-616.4381103515625,242.51569212233278,197.29011792307296,-30.40085551993161,361.99999826359294,142.00000649777496,0.4941176474094391,0.5137255191802979,0.5058823823928833,calibrated_uv_reprojection_plus_stereo_left
43.45252990722656,-153.4423828125,-616.2152099609375,241.64179530299003,196.2426297982608,-30.21257609231685,362.9999986882886,142.00000005607205,0.48627451062202454,0.5098039507865906,0.501960813999176,calibrated_uv_reprojection_plus_stereo_left
44.67699432373047,-153.13551330566406,-614.9514770507812,240.19271142360384,195.6655389332346,-29.304470548478548,363.9999989995285,141.9999996769485,0.4588235318660736,0.48235294222831726,0.4745098054409027,calibrated_uv_reprojection_plus_stereo_left
45.97275161743164,-153.08331298828125,-614.7105102539062,239.31096133626664,194.62949058881287,-29.103799173799302,365.00000107857016,142.0000012917423,0.4000000059604645,0.42352941632270813,0.4156862795352936,calibrated_uv_reprojection_plus_stereo_left
47.276161193847656,-153.05859375,-614.5798950195312,238.4904493139996,193.54395615383157,-28.979455672145946,365.99999837504913,142.00000027295374,0.3450980484485626,0.3686274588108063,0.364705890417099,calibrated_uv_reprojection_plus_stereo_left
48.564090728759766,-152.9862060546875,-614.2579345703125,237.56501014170902,192.54615799469724,-28.72282212217351,367.0000007835395,142.00000704262453,0.26274511218070984,0.2862745225429535,0.2862745225429535,calibrated_uv_reprojection_plus_stereo_left
49.838226318359375,-152.87513732910156,-613.7806396484375,236.5551076669845,191.620644378926,-28.358814867112756,367.9999999287961,142.00000208648345,0.1921568661928177,0.21568627655506134,0.21568627655506134,calibrated_uv_reprojection_plus_stereo_left
51.144683837890625,-152.86614990234375,-613.7132568359375,235.77044230152126,190.50792231217895,-28.278246210589487,369.00000094703995,142.00000501595426,0.1921568661928177,0.21960784494876862,0.21960784494876862,calibrated_uv_reprojection_plus_stereo_left
52.45545196533203,-152.8699951171875,-613.6973876953125,235.01394265309568,189.37145587246988,-28.2332895155497,369.99999910275744,142.0000069472503,0.2549019753932953,0.29019609093666077,0.2862745225429535,calibrated_uv_reprojection_plus_stereo_left
53.766597747802734,-152.87454223632812,-613.684326171875,234.25889797153076,188.23357021960874,-28.190269214174293,370.9999973528413,142.0000075652231,0.3607843220233917,0.4000000059604645,0.3921568691730499,calibrated_uv_reprojection_plus_stereo_left
55.03607940673828,-152.76304626464844,-613.2053833007812,233.25067578212594,187.31274874158032,-27.825234491383412,372.000000005284,141.99999489226425,0.45098039507865906,0.4941176474094391,0.47843137383461,calibrated_uv_reprojection_plus_stereo_left
56.342323303222656,-152.75621032714844,-613.1466674804688,232.47128284981284,186.19685101433976,-27.750682755151104,373.0000002648274,141.99999916671518,0.48235294222831726,0.5215686559677124,0.5058823823928833,calibrated_uv_reprojection_plus_stereo_left
57.653934478759766,-152.7637481689453,-613.1456298828125,231.7231195962318,185.05389508151575,-27.71598942987646,373.9999972006012,142.0000005922842,0.48627451062202454,0.529411792755127,0.5215686559677124,calibrated_uv_reprojection_plus_stereo_left
58.96388244628906,-152.76644897460938,-613.1251831054688,230.96436511852158,183.91992027033336,-27.66788024197865,375.0000005387749,142.00000373743515,0.4901960790157318,0.5333333611488342,0.5254902243614197,calibrated_uv_reprojection_plus_stereo_left
60.23684310913086,-152.67514038085938,-612.7274169921875,230.0024049654383,182.9645765822117,-27.35905742455151,375.9999998790086,142.00000094321916,0.48627451062202454,0.529411792755127,0.5215686559677124,calibrated_uv_reprojection_plus_stereo_left
61.525386810302734,-152.62620544433594,-612.499755859375,229.1326760472116,181.92965391045436,-27.167799943953526,376.9999986407533,142.0000020801208,0.47058823704719543,0.5137255191802979,0.5058823823928833,calibrated_uv_reprojection_plus_stereo_left
62.81950759887695,-152.5926971435547,-612.333984375,228.2965640995322,180.86585425884743,-27.019313614420355,377.9999997286811,141.99999676900865,0.4470588266849518,0.48627451062202454,0.49803921580314636,calibrated_uv_reprojection_plus_stereo_left
64.10477447509766,-152.53932189941406,-612.0885620117188,227.41814077597837,179.84068134243086,-26.815826623141277,378.9999996662318,142.0000021856051,0.4313725531101227,0.4745098054409027,0.48627451062202454,calibrated_uv_reprojection_plus_stereo_left
65.43160247802734,-152.58485412597656,-612.239990234375,226.75193785750605,178.6253060530791,-26.886471508221746,379.99999987762226,142.0000015747666,0.4588235318660736,0.5058823823928833,0.5176470875740051,calibrated_uv_reprojection_plus_stereo_left
66.74732208251953,-152.60305786132812,-612.28173828125,226.02687034228592,177.46216656702296,-26.881340441653606,381.0000003512489,141.99999883095234,0.5215686559677124,0.572549045085907,0.5843137502670288,calibrated_uv_reprojection_plus_stereo_left
68.05946350097656,-152.6123809814453,-612.2879028320312,225.28268003857931,176.31595753555195,-26.851632245722783,381.99999998259034,142.00000657065232,0.5372549295425415,0.6039215922355652,0.615686297416687,calibrated_uv_reprojection_plus_stereo_left
69.37271881103516,-152.62367248535156,-612.3018798828125,224.54251334746834,175.1657383067827,-26.82730299673557,383.0000017436109,141.99999925594966,0.5176470875740051,0.5843137502670288,0.5960784554481506,calibrated_uv_reprojection_plus_stereo_left
70.67202758789062,-152.60427856445312,-612.1928100585938,223.73714132591317,174.0754220515865,-26.718010483977423,384.0000025154305,142.00000301597393,0.48627451062202454,0.5529412031173706,0.5607843399047852,calibrated_uv_reprojection_plus_stereo_left
72.00415802001953,-152.65505981445312,-612.365234375,223.0803957592189,172.84727927318318,-26.80307960129784,384.9999959607804,142.00000385063151,0.48235294222831726,0.5490196347236633,0.5568627715110779,calibrated_uv_reprojection_plus_stereo_left
73.34343719482422,-152.71876525878906,-612.5894165039062,222.4503537301652,171.59281756574865,-26.92384928658197,385.9999994763688,141.99999298436245,0.5098039507865906,0.5764706134796143,0.5843137502670288,calibrated_uv_reprojection_plus_stereo_left
74.67738342285156,-152.76918029785156,-612.7603149414062,221.79166792076478,170.3636829742241,-27.007811998597788,387.00000299259983,141.99999205538265,0.5215686559677124,0.5882353186607361,0.5960784554481506,calibrated_uv_reprojection_plus_stereo_left
76.02980041503906,-152.85487365722656,-613.0726928710938,221.20655403632088,169.06355674561712,-27.189411936178487,388.00000094752,141.99999240826673,0.5568627715110779,0.6235294342041016,0.6352941393852234,calibrated_uv_reprojection_plus_stereo_left
77.3368911743164,-152.84793090820312,-613.0135498046875,220.42642032915734,167.9470888786986,-27.11454486835919,389.0000025683123,142.0000009872232,0.5843137502670288,0.6392157077789307,0.6549019813537598,calibrated_uv_reprojection_plus_stereo_left
78.64836883544922,-152.84963989257812,-612.9890747070312,219.66439978592103,166.81334330436766,-27.06360220512056,389.9999984648263,142.0000037634614,0.6117647290229797,0.658823549747467,0.6745098233222961,calibrated_uv_reprojection_plus_stereo_left
79.95294189453125,-152.8379669189453,-612.910888671875,218.87439487166694,165.70645075017245,-26.975584658643072,390.99999949210894,141.99999812112296,0.6078431606292725,0.658823549747467,0.6745098233222961,calibrated_uv_reprojection_plus_stereo_left
81.27156066894531,-152.8529510498047,-612.9396362304688,218.13994331609985,164.54582999452253,-26.961365370968622,392.0000023423089,141.99999925569222,0.6078431606292725,0.6666666865348816,0.6784313917160034,calibrated_uv_reprojection_plus_stereo_left
82.59265899658203,-152.87193298339844,-612.9844360351562,217.41361518899947,163.37682286695593,-26.95821772275667,393.0000000263894,142.00000600086747,0.501960813999176,0.5686274766921997,0.572549045085907,calibrated_uv_reprojection_plus_stereo_left
83.92313385009766,-152.9073028564453,-613.0948486328125,216.72096141679174,162.17417676870014,-27.000318004143367,393.99999970860085,141.9999962384947,0.47058823704719543,0.5372549295425415,0.5411764979362488,calibrated_uv_reprojection_plus_stereo_left
85.24845123291016,-152.9322052001953,-613.163330078125,216.00631200231953,160.992300396453,-27.01347979852943,394.99999793404356,141.99999660967228,0.529411792755127,0.5882353186607361,0.5960784554481506,calibrated_uv_reprojection_plus_stereo_left
86.57823944091797,-152.964111328125,-613.2599487304688,215.30582746165834,159.79561725876465,-27.046047626936343,395.9999993534849,142.00001025416555,0.5568627715110779,0.615686297416687,0.6235294342041016,calibrated_uv_reprojection_plus_stereo_left
87.9444808959961,-153.0584259033203,-613.6066284179688,214.73323340905176,158.4701266623698,-27.25107127729217,396.9999993991156,142.0000014355871,0.45490196347236633,0.5058823823928833,0.5137255191802979,calibrated_uv_reprojection_plus_stereo_left
89.30917358398438,-153.14718627929688,-613.9310302734375,214.14827420513984,157.1546323533745,-27.440689144411465,398.00000156538164,141.9999979491728,0.4313725531101227,0.47843137383461,0.4901960790157318,calibrated_uv_reprojection_plus_stereo_left
90.6806869506836,-153.24478149414062,-614.2908325195312,213.58046655982997,155.81946014227583,-27.65468320422127,399.0000044891322,141.9999989202775,0.6745098233222961,0.7176470756530762,0.729411780834198,calibrated_uv_reprojection_plus_stereo_left
91.9525375366211,-153.17347717285156,-613.9735717773438,212.6669930002609,154.83385055608522,-27.40171987230258,400.00000138557436,141.9999975391077,0.4156862795352936,0.4588235318660736,0.47058823704719543,calibrated_uv_reprojection_plus_stereo_left
93.3691635131836,-153.3418426513672,-614.616943359375,212.24204474028295,153.34932986671942,-27.811193158713195,401.00000097232555,141.99999091669946,0.3921568691730499,0.4313725531101227,0.4431372582912445,calibrated_uv_reprojection_plus_stereo_left
94.91496276855469,-153.714599609375,-616.0795288085938,212.2304274989209,151.43437866417293,-28.785450414303114,401.9999986770941,142.0000023092001,0.40392157435417175,0.43921568989753723,0.45098039507865906,calibrated_uv_reprojection_plus_stereo_left
96.81078338623047,-154.63613891601562,-619.7412719726562,213.32658717825018,148.36107438079392,-31.275729859020657,402.99999688085376,142.0000015263688,0.364705890417099,0.3803921639919281,0.3803921639919281,calibrated_uv_reprojection_plus_stereo_left
98.92939758300781,-155.88369750976562,-624.7091674804688,215.0721906820703,144.5867973694498,-34.666043607469646,404.0000023686264,142.00000058244598,0.33725491166114807,0.3529411852359772,0.3450980484485626,calibrated_uv_reprojection_plus_stereo_left
28.14729118347168,-154.6651611328125,-626.8668823242188,255.7169536840783,206.00242770841487,-38.68124178325354,351.0000008157886,142.99999121509177,0.6352941393852234,0.5607843399047852,0.4588235318660736,calibrated_uv_reprojection_plus_stereo_left
29.292402267456055,-153.66844177246094,-622.7955932617188,252.65046264060288,206.58025426401525,-35.82378414669847,352.00000017223425,143.00000275385295,0.5411764979362488,0.47058823704719543,0.3686274588108063,calibrated_uv_reprojection_plus_stereo_left
30.510509490966797,-153.12411499023438,-620.5580444335938,250.6295531649601,206.3846016016849,-34.238116309408724,352.99999898139237,143.0000040280436,0.5137255191802979,0.5098039507865906,0.46666666865348816,calibrated_uv_reprojection_plus_stereo_left
31.77727508544922,-152.85873413085938,-619.4511108398438,249.25122572156567,205.7088691558621,-33.4364936913625,353.99999922860445,143.0000017415274,0.5254902243614197,0.5254902243614197,0.48627451062202454,calibrated_uv_reprojection_plus_stereo_left
33.026451110839844,-152.53297424316406,-618.099609375,247.73792704661236,205.143141402212,-32.46545264604623,354.99999937910195,142.99999844530728,0.5333333611488342,0.5333333611488342,0.5333333611488342,calibrated_uv_reprojection_plus_stereo_left
34.33750915527344,-152.50674438476562,-617.9619750976562,246.90902207326474,204.0535849799016,-32.33594640720429,355.99999865559585,143.00000076859249,0.529411792755127,0.529411792755127,0.529411792755127,calibrated_uv_reprojection_plus_stereo_left
35.6434326171875,-152.46018981933594,-617.7420043945312,246.03422738168257,203.00037754611196,-32.14938432377187,357.0000004863633,143.00000433120857,0.529411792755127,0.529411792755127,0.529411792755127,calibrated_uv_reprojection_plus_stereo_left
36.94668197631836,-152.40567016601562,-617.48974609375,245.14182052515116,201.9619962409521,-31.94046070808679,357.9999996263118,143.00000156199607,0.5176470875740051,0.5215686559677124,0.5215686559677124,calibrated_uv_reprojection_plus_stereo_left
38.22200012207031,-152.2433624267578,-616.8008422851562,244.0064530711109,201.11699125292762,-31.428976486435374,359.00000150587414,143.0000040220017,0.5098039507865906,0.5254902243614197,0.5215686559677124,calibrated_uv_reprojection_plus_stereo_left
39.50477981567383,-152.12034606933594,-616.2711791992188,242.9612428143493,200.2038395714793,-31.027904908886057,359.9999995359684,143.00000608416877,0.5098039507865906,0.5254902243614197,0.5215686559677124,calibrated_uv_reprojection_plus_stereo_left
40.81361389160156,-152.10211181640625,-616.1659545898438,242.15283570630186,199.1036673254235,-30.920956684005944,360.99999921556133,142.9999925256301,0.5058823823928833,0.5215686559677124,0.5176470875740051,calibrated_uv_reprojection_plus_stereo_left
42.11417770385742,-152.0548858642578,-615.9434204101562,241.279570225113,198.0561275227132,-30.73275685006422,361.9999990836391,143.00000228794363,0.49803921580314636,0.5137255191802979,0.5098039507865906,calibrated_uv_reprojection_plus_stereo_left
43.406166076660156,-151.9802703857422,-615.6099243164062,240.34541269415843,197.05901269663394,-30.467701983690006,362.99999825404717,143.00000527741037,0.49803921580314636,0.5137255191802979,0.5098039507865906,calibrated_uv_reprojection_plus_stereo_left
44.64609909057617,-151.73291015625,-614.5767211914062,239.0260973667814,196.37812619530683,-29.717982095664468,363.99999738373225,142.99999821455586,0.4941176474094391,0.5137255191802979,0.5098039507865906,calibrated_uv_reprojection_plus_stereo_left
45.94193649291992,-151.68399047851562,-614.347412109375,238.15151204387132,195.33732737031733,-29.525196830702896,364.9999986521471,143.0000051113679,0.4901960790157318,0.5137255191802979,0.5058823823928833,calibrated_uv_reprojection_plus_stereo_left
47.23988723754883,-151.6443634033203,-614.1557006835938,237.29802292831044,194.28012658772616,-29.358464540571163,366.00000131332115,143.00000151123982,0.4941176474094391,0.5176470875740051,0.5137255191802979,calibrated_uv_reprojection_plus_stereo_left
48.52702713012695,-151.5729217529297,-613.8351440429688,236.3743101906133,193.28222381306017,-29.102515829472054,367.0000001737724,142.99999443166058,0.4941176474094391,0.5176470875740051,0.5176470875740051,calibrated_uv_reprojection_plus_stereo_left
49.81008529663086,-151.4925994873047,-613.478759765625,235.43166329466925,192.30175888188091,-28.821801006561543,367.9999976418599,143.0000075737342,0.48627451062202454,0.5254902243614197,0.5176470875740051,calibrated_uv_reprojection_plus_stereo_left
51.11490249633789,-151.48068237304688,-613.3992919921875,234.6408109550053,191.1951206549469,-28.73285074239243,369.0000009636375,142.9999996308478,0.45098039507865906,0.4941176474094391,0.48627451062202454,calibrated_uv_reprojection_plus_stereo_left
52.415443420410156,-151.45681762695312,-613.271484375,233.82373033897215,190.11092595343456,-28.61043942049423,370.0000010843197,142.9999982011165,0.3803921639919281,0.40784314274787903,0.4000000059604645,calibrated_uv_reprojection_plus_stereo_left
53.7214241027832,-151.4492645263672,-613.2097778320312,233.04273009161125,188.99640651421282,-28.533806148757265,370.99999827836325,143.00000579846085,0.29019609093666077,0.3137255012989044,0.30588236451148987,calibrated_uv_reprojection_plus_stereo_left
54.98346710205078,-151.3209686279297,-612.6591186523438,231.99690412390612,188.10945142743043,-28.11867867252738,372.0000017473854,142.99999489741225,0.26274511218070984,0.2862745225429535,0.2862745225429535,calibrated_uv_reprojection_plus_stereo_left
56.2757682800293,-151.27980041503906,-612.4613037109375,231.14301393150186,187.05953951511702,-27.947854997444438,373.0000003652261,142.99999410778275,0.30588236451148987,0.3333333432674408,0.3294117748737335,calibrated_uv_reprojection_plus_stereo_left
57.58635711669922,-151.28836059570312,-612.46484375,230.39807403020808,185.91574395057262,-27.916418974836176,374.0000010133488,142.99999763958184,0.3921568691730499,0.43529412150382996,0.4274509847164154,calibrated_uv_reprojection_plus_stereo_left
58.88835525512695,-151.27430725097656,-612.3768310546875,229.60375244223957,184.8148764642786,-27.8216134889023,375.00000089858924,143.00000015709247,0.4588235318660736,0.501960813999176,0.4941176474094391,calibrated_uv_reprojection_plus_stereo_left
60.15532302856445,-151.17266845703125,-611.9342651367188,228.61919572963677,183.8817907493917,-27.481444991843944,376.00000148997714,142.99999910360086,0.46666666865348816,0.5098039507865906,0.501960813999176,calibrated_uv_reprojection_plus_stereo_left
61.4528694152832,-151.15040588378906,-611.8130493164062,227.80772652177444,182.79765667944685,-27.36369218329054,376.99999916115945,143.00000141919102,0.4627451002597809,0.5058823823928833,0.49803921580314636,calibrated_uv_reprojection_plus_stereo_left
62.74292755126953,-151.11087036132812,-611.6218872070312,226.95906369633298,181.7471221355229,-27.197544294972772,378.00000212401505,142.99999589710814,0.4588235318660736,0.501960813999176,0.5098039507865906,calibrated_uv_reprojection_plus_stereo_left
64.02752685546875,-151.05992126464844,-611.3845825195312,226.0861489534705,180.71921160059827,-26.999492399518658,378.99999964497715,142.99999732209722,0.45490196347236633,0.49803921580314636,0.5058823823928833,calibrated_uv_reprojection_plus_stereo_left
65.3436508178711,-151.083740234375,-611.4498901367188,225.3746765846613,179.54667963190178,-27.010814470145192,379.9999991508643,142.99999868480643,0.43529412150382996,0.47843137383461,0.4901960790157318,calibrated_uv_reprojection_plus_stereo_left
66.6631088256836,-151.11402893066406,-611.5413818359375,224.67682530612132,178.36110686102643,-27.04023900623946,380.9999993702087,143.00000255247676,0.40392157435417175,0.45490196347236633,0.46666666865348816,calibrated_uv_reprojection_plus_stereo_left
67.97797393798828,-151.1328125,-611.5862426757812,223.95395644705707,177.1975825024685,-27.037385807013152,381.99999881285595,142.99999519366105,0.43529412150382996,0.49803921580314636,0.5098039507865906,calibrated_uv_reprojection_plus_stereo_left
69.29574584960938,-151.1570587158203,-611.6532592773438,223.24255529730794,176.02295398007936,-27.049854150663293,383.00000229874587,142.9999993369625,0.5098039507865906,0.572549045085907,0.5803921818733215,calibrated_uv_reprojection_plus_stereo_left
70.59857940673828,-151.14830017089844,-611.5867309570312,222.46049124096453,174.91304378932824,-26.96995242224449,383.9999988678616,143.00000585843162,0.529411792755127,0.5960784554481506,0.6000000238418579,calibrated_uv_reprojection_plus_stereo_left
71.92613983154297,-151.1916961669922,-611.731201171875,221.78943304788385,173.6998991451755,-27.03596410867908,384.9999983455367,143.00000783549442,0.529411792755127,0.5960784554481506,0.6039215922355652,calibrated_uv_reprojection_plus_stereo_left
73.25690460205078,-151.24002075195312,-611.8955688476562,221.12834933559964,172.47625658369412,-27.11571038694541,386.00000050029445,143.00000538498784,0.5411764979362488,0.6078431606292725,0.615686297416687,calibrated_uv_reprojection_plus_stereo_left
74.58453369140625,-151.28016662597656,-612.0267944335938,220.4494097210843,171.2681734082355,-27.172513716094556,387.00000188484296,142.99999679892494,0.529411792755127,0.5960784554481506,0.6039215922355652,calibrated_uv_reprojection_plus_stereo_left
75.93443298339844,-151.36317443847656,-612.3314819335938,219.8606020755908,169.97353875704363,-27.349235451757295,388.0000011423007,143.00000416886252,0.545098066329956,0.6117647290229797,0.6196078658103943,calibrated_uv_reprojection_plus_stereo_left
77.24430847167969,-151.36483764648438,-612.3070068359375,219.09946806023544,168.84120478964047,-27.298352912926305,388.99999633286745,142.99999856930668,0.5607843399047852,0.6196078658103943,0.6313725709915161,calibrated_uv_reprojection_plus_stereo_left
78.5505599975586,-151.35931396484375,-612.2534790039062,218.32317125418945,167.7232782855641,-27.22738722714479,389.9999980657635,142.99999692910308,0.5529412031173706,0.6117647290229797,0.6196078658103943,calibrated_uv_reprojection_plus_stereo_left
79.8581771850586,-151.35643005371094,-612.2106323242188,217.5524280534808,166.60002697232864,-27.163805557937508,391.0000014302265,142.99999587166639,0.5686274766921997,0.6274510025978088,0.6352941393852234,calibrated_uv_reprojection_plus_stereo_left
81.18753814697266,-151.39407348632812,-612.3317260742188,216.86648299168428,165.39436257593007,-27.21353464319799,391.99999814689835,142.99999913457475,0.6117647290229797,0.6666666865348816,0.6784313917160034,calibrated_uv_reprojection_plus_stereo_left
82.50996398925781,-151.41766357421875,-612.3959350585938,216.15077080141543,164.2167605809385,-27.22392811048917,393.00000215128944,142.9999967433244,0.5647059082984924,0.6313725709915161,0.6352941393852234,calibrated_uv_reprojection_plus_stereo_left
83.83556365966797,-151.44613647460938,-612.4799194335938,215.44496672372924,163.02874092474752,-27.2479801395462,393.999999643489,143.0000017948124,0.4588235318660736,0.5254902243614197,0.529411792755127,calibrated_uv_reprojection_plus_stereo_left
85.15489959716797,-151.4624786376953,-612.5147705078125,214.71361450979282,161.86519443675786,-27.23805900291069,395.00000201881977,142.99999491559066,0.4117647111415863,0.47058823704719543,0.47843137383461,calibrated_uv_reprojection_plus_stereo_left
86.4846420288086,-151.49642944335938,-612.6209106445312,214.018579521535,160.66498993815196,-27.27739649563881,395.9999989163845,143.00000531736083,0.49803921580314636,0.5568627715110779,0.5607843399047852,calibrated_uv_reprojection_plus_stereo_left
87.84247589111328,-151.57774353027344,-612.91845703125,213.42102987122428,159.36619499627153,-27.44894277922839,396.99999840033684,142.99999759877778,0.5686274766921997,0.615686297416687,0.6274510025978088,calibrated_uv_reprojection_plus_stereo_left
89.21265411376953,-151.67752075195312,-613.2906494140625,212.8606946766286,158.0277468497565,-27.672021145816416,398.00000389501446,142.99999511820803,0.6509804129600525,0.6980392336845398,0.7098039388656616,calibrated_uv_reprojection_plus_stereo_left
90.57488250732422,-151.760986328125,-613.5968627929688,212.26577095079176,156.72177052633378,-27.84947905847281,399.0000022157097,142.99999535222537,0.5686274766921997,0.6078431606292725,0.6196078658103943,calibrated_uv_reprojection_plus_stereo_left
91.88115692138672,-151.74954223632812,-613.5193481445312,211.47523354476857,155.61311297841354,-27.76185639665721,399.9999986305236,143.00000032753314,0.3529411852359772,0.3921568691730499,0.40392157435417175,calibrated_uv_reprojection_plus_stereo_left
93.31660461425781,-151.94863891601562,-614.29296875,211.11569082007026,154.06237709447618,-28.262072427313115,401.0000029869409,142.9999987058731,0.4156862795352936,0.4431372582912445,0.4470588266849518,calibrated_uv_reprojection_plus_stereo_left
94.9223403930664,-152.41554260253906,-616.149169921875,211.30091237071946,151.94413809556238,-29.509830957984377,401.9999949255817,143.00000416255023,0.3843137323856354,0.4117647111415863,0.4156862795352936,calibrated_uv_reprojection_plus_stereo_left
96.98168182373047,-153.587890625,-620.8568115234375,212.91813133782006,148.32669658289723,-32.72641671039514,402.9999980111562,143.00000550570675,0.3490196168422699,0.3529411852359772,0.3529411852359772,calibrated_uv_reprojection_plus_stereo_left
99.45643615722656,-155.37742614746094,-628.0587158203125,215.77735475626065,143.38160936569705,-37.664728595879296,403.99999872742586,143.00000379307608,0.3450980484485626,0.3450980484485626,0.33725491166114807,calibrated_uv_reprojection_plus_stereo_left
26.848268508911133,-153.55909729003906,-627.8312377929688,256.04796085357714,207.31281042315476,-40.071064025791316,349.9999991715098,144.00000788149995,0.6039215922355652,0.4941176474094391,0.37254902720451355,calibrated_uv_reprojection_plus_stereo_left
28.016620635986328,-152.64007568359375,-624.042236328125,253.14144952530592,207.7578079737363,-37.40497396094719,350.99999847782016,144.00000065441725,0.501960813999176,0.48627451062202454,0.4156862795352936,calibrated_uv_reprojection_plus_stereo_left
29.249042510986328,-152.13717651367188,-621.954833984375,251.20458440409118,207.48976542445547,-35.92099657393709,351.99999959353045,144.00000508395226,0.5372549295425415,0.5254902243614197,0.4588235318660736,calibrated_uv_reprojection_plus_stereo_left
30.514083862304688,-151.83985900878906,-620.7080078125,249.74617492652862,206.86863557402353,-35.020940554625724,352.9999988798183,144.00000402762043,0.5411764979362488,0.545098066329956,0.5176470875740051,calibrated_uv_reprojection_plus_stereo_left
31.756502151489258,-151.45901489257812,-619.1198120117188,248.09881541487346,206.3990647747852,-33.88397923876022,354.0000012226466,143.99999210462718,0.545098066329956,0.5490196347236633,0.5254902243614197,calibrated_uv_reprojection_plus_stereo_left
33.046165466308594,-151.3245849609375,-618.5391235351562,247.02025369173595,205.4992017561803,-33.44671188706508,354.99999805567023,144.00000499482604,0.545098066329956,0.545098066329956,0.545098066329956,calibrated_uv_reprojection_plus_stereo_left
34.34569549560547,-151.24362182617188,-618.1768798828125,246.06526283259984,204.5063550765435,-33.16113822502189,356.00000034837524,143.99999124994866,0.5411764979362488,0.5411764979362488,0.5411764979362488,calibrated_uv_reprojection_plus_stereo_left
35.627742767333984,-151.09420776367188,-617.5350341796875,244.95488175810794,203.63674980673096,-32.681520447012645,356.9999981921233,144.00000181544067,0.5411764979362488,0.5411764979362488,0.5411764979362488,calibrated_uv_reprojection_plus_stereo_left
36.91574478149414,-150.97950744628906,-617.0350341796875,243.92499692491077,202.70716112904717,-32.30041664070444,358.00000188399287,143.9999965449087,0.5372549295425415,0.5411764979362488,0.5411764979362488,calibrated_uv_reprojection_plus_stereo_left
38.18879318237305,-150.8134002685547,-616.3250732421875,242.77946978134622,201.87170667148564,-31.773644081218606,358.99999830204683,144.00000544408374,0.529411792755127,0.545098066329956,0.5411764979362488,calibrated_uv_reprojection_plus_stereo_left
39.49658966064453,-150.79074096679688,-616.2012939453125,241.96076665000282,200.77955784809933,-31.653755757660235,359.99999992338286,143.9999994028948,0.529411792755127,0.545098066329956,0.5411764979362488,calibrated_uv_reprojection_plus_stereo_left
40.80520248413086,-150.77230834960938,-616.0947875976562,241.15181301225937,199.68002559125813,-31.545861932273226,361.00000236348336,143.99999221536004,0.529411792755127,0.545098066329956,0.5411764979362488,calibrated_uv_reprojection_plus_stereo_left
42.10576629638672,-150.72598266601562,-615.8743896484375,240.28008852376615,198.631504618568,-31.358953874626707,361.9999991646439,143.99999896669098,0.5215686559677124,0.5411764979362488,0.5372549295425415,calibrated_uv_reprojection_plus_stereo_left
43.40565490722656,-150.67987060546875,-615.6548461914062,239.4092606364502,197.5832385547701,-31.17265320800442,363.0000006351826,143.9999990505597,0.5176470875740051,0.5411764979362488,0.5333333611488342,calibrated_uv_reprojection_plus_stereo_left
44.61796951293945,-150.34117126464844,-614.2399291992188,237.88150986871347,197.07299141410527,-30.157025043795898,363.9999984968393,144.00000197707348,0.5137255191802979,0.5372549295425415,0.529411792755127,calibrated_uv_reprojection_plus_stereo_left
45.90785217285156,-150.27548217773438,-613.9404907226562,236.96914457537014,196.06430356090544,-29.91540061241875,364.99999882599593,144.0000002267034,0.5058823823928833,0.529411792755127,0.5215686559677124,calibrated_uv_reprojection_plus_stereo_left
47.19832992553711,-150.21510314941406,-613.6627807617188,236.06928659829623,195.04670593677645,-29.688878078675316,366.0000023515196,144.00000039423736,0.501960813999176,0.5254902243614197,0.5176470875740051,calibrated_uv_reprojection_plus_stereo_left
48.48088836669922,-150.13327026367188,-613.2974853515625,235.12214701655307,194.06984198385186,-29.401632915470316,366.9999997464223,144.0000062615426,0.49803921580314636,0.5215686559677124,0.5137255191802979,calibrated_uv_reprojection_plus_stereo_left
49.773983001708984,-150.08731079101562,-613.0787353515625,234.25565984259225,193.02719228892425,-29.216060680524095,367.9999978262933,144.00000781954742,0.48627451062202454,0.5254902243614197,0.5137255191802979,calibrated_uv_reprojection_plus_stereo_left
51.08125686645508,-150.0851593017578,-613.0389404296875,233.48690864180014,191.9030662148914,-29.15461668861883,368.9999988972022,144.00000925520732,0.4745098054409027,0.5137255191802979,0.49803921580314636,calibrated_uv_reprojection_plus_stereo_left
52.38425827026367,-150.07069396972656,-612.9487915039062,232.6908284451029,190.80210630574834,-29.058245659882004,370.00000140998424,143.9999997079634,0.4901960790157318,0.5176470875740051,0.5098039507865906,calibrated_uv_reprojection_plus_stereo_left
53.693782806396484,-150.07498168945312,-612.935302734375,231.93634839533837,189.6658589259681,-29.01504480891981,370.999999352775,144.000002250078,0.48235294222831726,0.5058823823928833,0.49803921580314636,calibrated_uv_reprojection_plus_stereo_left
54.90230941772461,-149.8032989501953,-611.7947387695312,230.57298855692522,189.05295029524092,-28.190373137843324,372.00000034828946,144.0000025504025,0.4745098054409027,0.5137255191802979,0.5058823823928833,calibrated_uv_reprojection_plus_stereo_left
56.20753479003906,-149.80178833007812,-611.757568359375,229.806965444024,187.92959142443493,-28.130801963925762,373.00000165549704,143.9999951960346,0.4274509847164154,0.47058823704719543,0.4627451002597809,calibrated_uv_reprojection_plus_stereo_left
57.5191764831543,-149.81687927246094,-611.7882690429688,229.07740379475706,186.7744341258326,-28.118291125176597,373.9999994269443,144.00000252945648,0.364705890417099,0.40784314274787903,0.4000000059604645,calibrated_uv_reprojection_plus_stereo_left
58.81332015991211,-149.7865753173828,-611.633544921875,228.248182052855,185.70613940996589,-27.977230187551868,374.999998455005,143.99999992481742,0.33725491166114807,0.3764705955982208,0.37254902720451355,calibrated_uv_reprojection_plus_stereo_left
60.10308074951172,-149.74649047851562,-611.4389038085938,227.3978537723109,184.65708309240142,-27.80851434533895,376.0000004396025,143.99999902037706,0.38823530077934265,0.4313725531101227,0.42352941632270813,calibrated_uv_reprojection_plus_stereo_left
61.39545822143555,-149.71434020996094,-611.2766723632812,226.56519838731384,183.59322814018668,-27.662277264381032,376.99999928420294,143.9999977563583,0.4431372582912445,0.48235294222831726,0.4745098054409027,calibrated_uv_reprojection_plus_stereo_left
62.672550201416016,-149.64686584472656,-610.97021484375,225.65597685291,182.59839873289343,-27.416098206908543,378.00000163560935,143.9999930421559,0.45098039507865906,0.4941176474094391,0.48627451062202454,calibrated_uv_reprojection_plus_stereo_left
63.956520080566406,-149.5980682373047,-610.7401123046875,224.7879699956406,181.56809204681576,-27.222869805674065,379.00000041387364,144.00000335517657,0.4588235318660736,0.49803921580314636,0.4941176474094391,calibrated_uv_reprojection_plus_stereo_left
65.2361068725586,-149.54103088378906,-610.476318359375,223.9025525575803,180.55461103740987,-27.006307215036713,380.00000199370226,144.0000000305824,0.45490196347236633,0.4941176474094391,0.501960813999176,calibrated_uv_reprojection_plus_stereo_left
66.55297088623047,-149.56985473632812,-610.5630493164062,223.20315445093604,179.3732563160434,-27.032634038307265,381.0000036380645,143.99999794422047,0.43921568989753723,0.48235294222831726,0.4901960790157318,calibrated_uv_reprojection_plus_stereo_left
67.86796569824219,-149.59332275390625,-610.6279296875,222.49189686662015,178.20197263585942,-27.04381134856277,381.9999968564566,144.00000050958408,0.4156862795352936,0.4627451002597809,0.47058823704719543,calibrated_uv_reprojection_plus_stereo_left
69.18246459960938,-149.61465454101562,-610.68408203125,221.77576040722352,177.0344925140658,-27.0489299897975,383.00000226362215,144.0000036583308,0.40392157435417175,0.4627451002597809,0.46666666865348816,calibrated_uv_reprojection_plus_stereo_left
70.47618865966797,-149.5909881591797,-610.5565185546875,220.96284101028255,175.95607196278257,-26.92677300850579,384.0000013366584,143.99999828449995,0.4431372582912445,0.5098039507865906,0.5137255191802979,calibrated_uv_reprojection_plus_stereo_left
71.79682922363281,-149.62413024902344,-610.660888671875,220.27171039054815,174.7646183012455,-26.965280391147132,384.9999967610712,144.00000661727336,0.501960813999176,0.5686274766921997,0.572549045085907,calibrated_uv_reprojection_plus_stereo_left
73.10746765136719,-149.63548278808594,-610.6762084960938,219.53364448990942,173.61626543159895,-26.942082262444558,386.00000139214535,143.99999434935262,0.501960813999176,0.5686274766921997,0.572549045085907,calibrated_uv_reprojection_plus_stereo_left
74.41838836669922,-149.64686584472656,-610.6917724609375,218.79553943707663,172.46758490782048,-26.919062493876197,386.9999966950475,144.00000569413533,0.4588235318660736,0.5254902243614197,0.529411792755127,calibrated_uv_reprojection_plus_stereo_left
75.76814270019531,-149.73448181152344,-611.018310546875,218.21919896227803,171.1649385863696,-27.111363867234445,387.99999648481,143.99999796028408,0.48235294222831726,0.5490196347236633,0.5529412031173706,calibrated_uv_reprojection_plus_stereo_left
77.0826644897461,-149.7505340576172,-611.0528564453125,217.49027296349794,170.00578361271022,-27.101451056857513,388.99999774250097,144.00000139719606,0.529411792755127,0.5960784554481506,0.6000000238418579,calibrated_uv_reprojection_plus_stereo_left
78.4036865234375,-149.77833557128906,-611.1353149414062,216.7859763490514,168.8224556787177,-27.12469954034509,390.0000034718974,144.00000123080608,0.5098039507865906,0.5764706134796143,0.5803921818733215,calibrated_uv_reprojection_plus_stereo_left
79.7291030883789,-149.81338500976562,-611.247314453125,216.09664591671174,167.62388590944533,-27.16838318432474,391.00000012080903,143.99999765645316,0.4627451002597809,0.529411792755127,0.5411764979362488,calibrated_uv_reprojection_plus_stereo_left
81.03324890136719,-149.80784606933594,-611.1937255859375,215.32152209770828,166.50781355005614,-27.097423328650223,391.9999992377695,143.99999827535777,0.5254902243614197,0.5921568870544434,0.6039215922355652,calibrated_uv_reprojection_plus_stereo_left
82.37641906738281,-149.8733673095703,-611.4300537109375,214.69558161339796,165.24575378750666,-27.227145553780076,392.99999448218114,144.00000187776232,0.615686297416687,0.6823529601097107,0.6901960968971252,calibrated_uv_reprojection_plus_stereo_left
83.71719360351562,-149.9324188232422,-611.639892578125,214.05535540023897,163.99600618962813,-27.338493261959854,394.0000019997657,143.99999283745524,0.5882353186607361,0.6549019813537598,0.6627451181411743,calibrated_uv_reprojection_plus_stereo_left
85.05713653564453,-149.9880828857422,-611.8359375,213.40743769616728,162.75231607785747,-27.440272635081556,394.99999853201876,143.99999317005364,0.5215686559677124,0.5803921818733215,0.5882353186607361,calibrated_uv_reprojection_plus_stereo_left
86.42559814453125,-150.09146118164062,-612.2266235351562,212.85835007077947,161.4085960841362,-27.676727206654732,395.99999543537245,144.00000067670754,0.4156862795352936,0.47058823704719543,0.47843137383461,calibrated_uv_reprojection_plus_stereo_left
87.76516723632812,-150.1422119140625,-612.4025268554688,212.19874294612197,160.17300680317692,-27.76449898740543,397.0000007755526,143.99999319854206,0.5686274766921997,0.6117647290229797,0.6235294342041016,calibrated_uv_reprojection_plus_stereo_left
89.13725280761719,-150.24615478515625,-612.7954711914062,211.64891879847193,158.82525912797212,-28.002435230200945,397.9999986655718,144.00000697059716,0.686274528503418,0.729411780834198,0.7411764860153198,calibrated_uv_reprojection_plus_stereo_left
90.50910949707031,-150.34661865234375,-613.1740112304688,211.0907383843812,157.48325698462668,-28.230335180014663,399.0000035723856,143.99998877043245,0.3960784375667572,0.43529412150382996,0.4470588266849518,calibrated_uv_reprojection_plus_stereo_left
91.75638580322266,-150.24009704589844,-612.7085571289062,210.10447769116337,156.57583557620427,-27.87432931174999,399.9999977380174,144.00000352214082,0.3921568691730499,0.4313725531101227,0.4431372582912445,calibrated_uv_reprojection_plus_stereo_left
93.25297546386719,-150.5389404296875,-613.8961181640625,209.9535652369492,154.81265257992794,-28.66183282648808,401.0000022426914,143.9999993680746,0.40392157435417175,0.4274509847164154,0.4274509847164154,calibrated_uv_reprojection_plus_stereo_left
94.96942901611328,-151.1793670654297,-616.4765014648438,210.50090656663207,152.31988559235032,-30.412615126599235,402.00000180185134,144.00000369677394,0.3450980484485626,0.3686274588108063,0.3686274588108063,calibrated_uv_reprojection_plus_stereo_left
97.37670135498047,-152.88677978515625,-623.4072875976562,213.22690927230445,147.5447228404056,-35.172015877851834,402.9999953927471,143.99999941390286,0.34117648005485535,0.34117648005485535,0.3333333432674408,calibrated_uv_reprojection_plus_stereo_left
25.56035041809082,-152.53887939453125,-629.165771484375,256.58810225698375,208.4724677071681,-41.7205208032625,349.0000001516668,144.99999439745565,0.5607843399047852,0.5098039507865906,0.4117647111415863,calibrated_uv_reprojection_plus_stereo_left
26.692384719848633,-151.36094665527344,-624.27587890625,253.0588770534722,209.37006730811459,-38.284220536689645,350.00000099388626,144.99999842423298,0.501960813999176,0.4627451002597809,0.3686274588108063,calibrated_uv_reprojection_plus_stereo_left
27.9879150390625,-151.1775665283203,-623.4881591796875,251.85572627782534,208.54438995294424,-37.70195250325969,351.00000070287354,144.99999171373022,0.5176470875740051,0.5176470875740051,0.48627451062202454,calibrated_uv_reprojection_plus_stereo_left
29.205595016479492,-150.6089630126953,-621.1119384765625,249.76011773330703,208.39870324266053,-36.01488896902981,352.0000008430515,145.00000096110494,0.545098066329956,0.5490196347236633,0.5215686559677124,calibrated_uv_reprojection_plus_stereo_left
30.47147560119629,-150.32711791992188,-619.9183959960938,248.33453517640208,207.7552521254479,-35.15062164468628,353.00000112334203,144.99999384069682,0.5490196347236633,0.5490196347236633,0.5333333611488342,calibrated_uv_reprojection_plus_stereo_left
31.734251022338867,-150.05368041992188,-618.7597045898438,246.9312646845791,207.10108439844652,-34.310725697662406,353.99999971467673,144.99999889336107,0.545098066329956,0.545098066329956,0.5333333611488342,calibrated_uv_reprojection_plus_stereo_left
33.04905319213867,-150.03793334960938,-618.6636352539062,246.1250274203245,205.99208504603922,-34.20988166868182,355.00000140490425,144.99999555421655,0.5372549295425415,0.5529412031173706,0.5490196347236633,calibrated_uv_reprojection_plus_stereo_left
34.33438491821289,-149.89443969726562,-618.0408935546875,245.02497635033137,205.1117294062854,-33.74283554196904,356.000001337577,145.00000032797715,0.5411764979362488,0.5529412031173706,0.5490196347236633,calibrated_uv_reprojection_plus_stereo_left
35.62090301513672,-149.76626586914062,-617.4813232421875,243.96151337431564,204.20599176347434,-33.31976832209159,357.00000082556556,144.99999594507568,0.5490196347236633,0.5490196347236633,0.5490196347236633,calibrated_uv_reprojection_plus_stereo_left
36.90200424194336,-149.62498474121094,-616.8677978515625,242.86931274548039,203.32577024463694,-32.85925063897645,357.9999995724904,144.99999738149785,0.5411764979362488,0.5490196347236633,0.545098066329956,calibrated_uv_reprojection_plus_stereo_left
38.180850982666016,-149.4843292236328,-616.2568969726562,241.7799473034437,202.4465012891639,-32.40061831941978,358.99999978313724,144.99999668104851,0.5372549295425415,0.5529412031173706,0.5490196347236633,calibrated_uv_reprojection_plus_stereo_left
39.46638107299805,-149.37806701660156,-615.787841796875,240.77042434533104,201.50674779633079,-32.04064793941848,360.00000053584995,144.99999743718197,0.5333333611488342,0.5490196347236633,0.545098066329956,calibrated_uv_reprojection_plus_stereo_left
40.7743034362793,-149.3604278564453,-615.6841430664062,239.9636063353397,200.406687026037,-31.93466787988325,361.000000812803,144.9999977483679,0.529411792755127,0.5529412031173706,0.545098066329956,calibrated_uv_reprojection_plus_stereo_left
42.07799530029297,-149.32864379882812,-615.5221557617188,239.12482246755513,199.33277604247166,-31.788184633119556,361.9999991159854,144.99999989200916,0.529411792755127,0.5529412031173706,0.545098066329956,calibrated_uv_reprojection_plus_stereo_left
43.37355422973633,-149.2705535888672,-615.2517700195312,238.2267438473582,198.3077267169395,-31.566384806962105,362.9999982649353,145.00000511661827,0.5254902243614197,0.5490196347236633,0.5411764979362488,calibrated_uv_reprojection_plus_stereo_left
44.59836196899414,-148.97930908203125,-614.0203857421875,236.80226091702684,197.71465755935805,-30.67680907343174,364.0000010429106,144.9999969895514,0.5215686559677124,0.545098066329956,0.5372549295425415,calibrated_uv_reprojection_plus_stereo_left
45.88365173339844,-148.90074157714844,-613.6657104492188,235.8603249049799,196.73104093637363,-30.396545208400028,364.9999982033575,145.00000411676612,0.5176470875740051,0.5411764979362488,0.5333333611488342,calibrated_uv_reprojection_plus_stereo_left
47.1700439453125,-148.8297882080078,-613.3424072265625,234.93626886172564,195.73437048392697,-30.138107250434302,366.00000003272913,145.00000430323206,0.5137255191802979,0.5372549295425415,0.529411792755127,calibrated_uv_reprojection_plus_stereo_left
48.45101547241211,-148.74583435058594,-612.9655151367188,233.98370663017812,194.76307087981894,-29.842464776156874,367.00000016342324,144.99999646895202,0.5098039507865906,0.5333333611488342,0.5254902243614197,calibrated_uv_reprojection_plus_stereo_left
49.74656677246094,-148.70965576171875,-612.7855834960938,233.1389798480963,193.70317091315889,-29.683689267396687,368.00000208212884,144.9999998585086,0.5058823823928833,0.5254902243614197,0.5254902243614197,calibrated_uv_reprojection_plus_stereo_left
51.05107498168945,-148.7012481689453,-612.7200317382812,232.3566139752602,192.5913814719803,-29.604370932746292,369.0000017730768,144.99999147154864,0.501960813999176,0.5176470875740051,0.5176470875740051,calibrated_uv_reprojection_plus_stereo_left
52.35739517211914,-148.6981964111328,-612.6766357421875,231.58626613961542,191.4694836324564,-29.540454028261536,370.00000139740183,144.99999913554132,0.4941176474094391,0.5176470875740051,0.5098039507865906,calibrated_uv_reprojection_plus_stereo_left
53.66774368286133,-148.70628356933594,-612.6790771484375,230.84066438587917,190.3264057149193,-29.508364305980365,371.00000075082295,144.99999651933766,0.48627451062202454,0.5098039507865906,0.501960813999176,calibrated_uv_reprojection_plus_stereo_left
54.864707946777344,-148.4071044921875,-611.4156494140625,229.41314727904012,189.76995934544271,-28.59718694258953,371.9999982504525,144.99999908183543,0.46666666865348816,0.5098039507865906,0.501960813999176,calibrated_uv_reprojection_plus_stereo_left
56.16785430908203,-148.4021759033203,-611.3645629882812,228.64007638338302,188.6537897225898,-28.527991369257393,373.0000007988739,145.00000365636203,0.46666666865348816,0.5098039507865906,0.501960813999176,calibrated_uv_reprojection_plus_stereo_left
57.46934127807617,-148.39303588867188,-611.2960815429688,227.8577010913922,187.54576491030264,-28.44671247773516,374.00000005678123,144.9999995005963,0.4627451002597809,0.5058823823928833,0.49803921580314636,calibrated_uv_reprojection_plus_stereo_left
58.76708221435547,-148.37466430664062,-611.1896362304688,227.05506124680505,186.45564063185338,-28.339085829504654,374.9999981890649,145.00000667819216,0.45490196347236633,0.49803921580314636,0.4901960790157318,calibrated_uv_reprojection_plus_stereo_left
60.06068801879883,-148.3467254638672,-611.043701171875,226.23150531055018,185.38432912589855,-28.204039720983758,375.9999986624935,144.999997472083,0.4431372582912445,0.47058823704719543,0.47058823704719543,calibrated_uv_reprojection_plus_stereo_left
61.34014892578125,-148.2855987548828,-610.7611694335938,225.33543934157746,184.37799275292303,-27.97419337964203,376.9999989121192,145.00000466573513,0.4313725531101227,0.4627451002597809,0.4588235318660736,calibrated_uv_reprojection_plus_stereo_left
62.613101959228516,-148.2114715576172,-610.425048828125,224.41149156756705,183.39797228664617,-27.70716736304729,377.99999884659286,144.99999904296703,0.43921568989753723,0.47843137383461,0.47058823704719543,calibrated_uv_reprojection_plus_stereo_left
63.89149475097656,-148.15281677246094,-610.1527099609375,223.52205257233948,182.388635325093,-27.484445899107186,378.9999998343082,144.99999919249723,0.45098039507865906,0.4901960790157318,0.48627451062202454,calibrated_uv_reprojection_plus_stereo_left
65.15377807617188,-148.05975341796875,-609.7386474609375,222.55822367916375,181.44794818029834,-27.163385954683065,380.00000234120057,144.99999089796245,0.45098039507865906,0.4941176474094391,0.48627451062202454,calibrated_uv_reprojection_plus_stereo_left
66.46282958984375,-148.07437133789062,-609.7681274414062,221.8292994427165,180.2955860199894,-27.150174863921734,381.0000035575905,144.99999668433975,0.4470588266849518,0.4941176474094391,0.48627451062202454,calibrated_uv_reprojection_plus_stereo_left
67.7693862915039,-148.08285522460938,-609.7722778320312,221.0868706045606,179.1551527494504,-27.119371384806925,382.00000120069996,144.99999062205387,0.43921568989753723,0.48627451062202454,0.47843137383461,calibrated_uv_reprojection_plus_stereo_left
69.07799530029297,-148.09524536132812,-609.7926025390625,220.35279361370578,178.00670743820876,-27.09979658420872,383.0000016472674,145.00000233973083,0.42352941632270813,0.47843137383461,0.4745098054409027,calibrated_uv_reprojection_plus_stereo_left
70.36760711669922,-148.0670928955078,-609.6458740234375,219.5310477774936,176.93918238090305,-26.964299892418694,384.0000011877769,144.99999204083315,0.40392157435417175,0.46666666865348816,0.47058823704719543,calibrated_uv_reprojection_plus_stereo_left
71.67240142822266,-148.07118225097656,-609.6319580078125,218.77896269771054,175.80725062372125,-26.92095817320586,384.9999994190565,144.99999252724598,0.40392157435417175,0.4627451002597809,0.47058823704719543,calibrated_uv_reprojection_plus_stereo_left
72.96788787841797,-148.05609130859375,-609.5391235351562,217.9856328607924,174.71384783189228,-26.822874879846893,385.99999793291823,145.00000218144658,0.42352941632270813,0.48235294222831726,0.4901960790157318,calibrated_uv_reprojection_plus_stereo_left
74.26542663574219,-148.04550170898438,-609.4647827148438,217.2020471764564,173.61152550009882,-26.73761918401334,386.99999487336174,145.000004004342,0.3921568691730499,0.45098039507865906,0.4588235318660736,calibrated_uv_reprojection_plus_stereo_left
75.6241683959961,-148.155029296875,-609.8848876953125,216.6751747017703,172.26532103290737,-26.995295566902996,388.00000168741497,145.0000015430546,0.3764705955982208,0.43529412150382996,0.4431372582912445,calibrated_uv_reprojection_plus_stereo_left
76.94514465332031,-148.18800354003906,-609.9898071289062,215.98395428688252,171.07348805006893,-27.034332604113047,389.0000024192633,144.99999530094746,0.4274509847164154,0.4941176474094391,0.49803921580314636,calibrated_uv_reprojection_plus_stereo_left
78.26358795166016,-148.21495056152344,-610.0699462890625,215.2795558705243,169.89341626706766,-27.05617435018587,390.0000008486693,144.99999720942486,0.43921568989753723,0.5058823823928833,0.5098039507865906,calibrated_uv_reprojection_plus_stereo_left
79.59003448486328,-148.25579833984375,-610.207275390625,214.60432479783793,168.684329471676,-27.11765630714268,391.00000002952186,144.99999697214014,0.3803921639919281,0.4470588266849518,0.45490196347236633,calibrated_uv_reprojection_plus_stereo_left
80.9137954711914,-148.290283203125,-610.3184204101562,213.91517863276357,167.487675684304,-27.160966109250978,391.9999972772668,145.00000088659255,0.40784314274787903,0.4745098054409027,0.48235294222831726,calibrated_uv_reprojection_plus_stereo_left
82.26813507080078,-148.37869262695312,-610.6514892578125,213.33947739018032,166.1788522450242,-27.35811814261706,392.9999978926585,145.00000735053095,0.48235294222831726,0.5490196347236633,0.5607843399047852,calibrated_uv_reprojection_plus_stereo_left
83.61302185058594,-148.44744873046875,-610.903564453125,212.72141253638034,164.90947122889355,-27.499070771999413,394.00000136519617,144.999999609672,0.5607843399047852,0.6274510025978088,0.6392157077789307,calibrated_uv_reprojection_plus_stereo_left
84.96284484863281,-148.52259826660156,-611.1819458007812,212.1160428815616,163.62565333641123,-27.658228697083587,395.00000314926706,144.99999686379715,0.6117647290229797,0.6705882549285889,0.6784313917160034,calibrated_uv_reprojection_plus_stereo_left
86.37162017822266,-148.6968536376953,-611.8681640625,211.71757646005176,162.1332981046433,-28.100041173929355,395.9999951467579,145.00000562919422,0.5764706134796143,0.6313725709915161,0.6392157077789307,calibrated_uv_reprojection_plus_stereo_left
87.71846008300781,-148.7607421875,-612.10009765625,211.08651940228123,160.8699762734896,-28.226909525827296,397.00000287734963,144.9999980169577,0.6784313917160034,0.7176470756530762,0.729411780834198,calibrated_uv_reprojection_plus_stereo_left
89.0932846069336,-148.86941528320312,-612.5162963867188,210.54817401620772,159.5112590182381,-28.481449606131832,398.0000002406533,144.99999580432018,0.5372549295425415,0.5764706134796143,0.5882353186607361,calibrated_uv_reprojection_plus_stereo_left
90.46739959716797,-148.97364807128906,-612.9141845703125,209.99943354895896,158.1602166289378,-28.723250418484724,399.0000017056443,144.9999944967828,0.364705890417099,0.40392157435417175,0.4156862795352936,calibrated_uv_reprojection_plus_stereo_left
91.74943542480469,-148.92532348632812,-612.6844482421875,209.13303563725952,157.1312914455567,-28.530123935697304,400.00000167050644,145.00000194757376,0.40784314274787903,0.4431372582912445,0.45490196347236633,calibrated_uv_reprojection_plus_stereo_left
93.31111907958984,-149.32579040527344,-614.3009033203125,209.19602118096702,155.1471837470209,-29.616140333884744,401.0000026756339,144.9999947312595,0.35686275362968445,0.3764705955982208,0.37254902720451355,calibrated_uv_reprojection_plus_stereo_left
95.296630859375,-150.3838348388672,-618.622314453125,210.61262000461682,151.75131674057832,-32.57596212195443,401.9999981402777,145.00000572475307,0.32156863808631897,0.33725491166114807,0.3294117748737335,calibrated_uv_reprojection_plus_stereo_left
24.27872085571289,-151.5868377685547,-630.80712890625,257.30107333136476,209.51095864330495,-43.58677295922655,348.0000003457097,146.00000264882226,0.5882353186607361,0.4941176474094391,0.364705890417099,calibrated_uv_reprojection_plus_stereo_left
25.368249893188477,-150.08644104003906,-624.5322265625,252.98899360211277,210.97385092234225,-39.17973499659388,348.99999854454353,146.00000937968753,0.45490196347236633,0.4431372582912445,0.3803921639919281,calibrated_uv_reprojection_plus_stereo_left
26.653980255126953,-149.83810424804688,-623.4675903320312,251.6297124494689,210.2625282236744,-38.403657574057604,349.99999911373783,145.99999702603148,0.47843137383461,0.48235294222831726,0.4274509847164154,calibrated_uv_reprojection_plus_stereo_left
27.951623916625977,-149.67674255371094,-622.7650146484375,250.47658672186964,209.40162794857122,-37.879949915023644,350.9999999527886,145.99999888213728,0.5098039507865906,0.5098039507865906,0.5098039507865906,calibrated_uv_reprojection_plus_stereo_left
29.16042137145996,-149.07545471191406,-620.232177734375,248.29756994594874,209.32184774264016,-36.08126722863318,351.99999967996683,146.00000018611792,0.5333333611488342,0.5333333611488342,0.5333333611488342,calibrated_uv_reprojection_plus_stereo_left
30.45574378967285,-148.94912719726562,-619.675537109375,247.23161309435778,208.406858782943,-35.65945619302374,352.99999968122506,145.99999456975516,0.529411792755127,0.545098066329956,0.5411764979362488,calibrated_uv_reprojection_plus_stereo_left
31.74163246154785,-148.7887420654297,-618.977294921875,246.08774041306964,207.55453699293543,-35.13907409459489,354.00000077796693,145.99999456669036,0.529411792755127,0.545098066329956,0.5411764979362488,calibrated_uv_reprojection_plus_stereo_left
33.04502487182617,-148.71963500976562,-618.6588134765625,245.15726284372812,206.54095080809094,-34.883258834482945,355.0000000266759,145.99999233628387,0.5333333611488342,0.5490196347236633,0.545098066329956,calibrated_uv_reprojection_plus_stereo_left
34.31556701660156,-148.51333618164062,-617.769775390625,243.90990119693186,205.77536836785129,-34.23013326753869,356.00000027901496,146.00000685817065,0.5372549295425415,0.5529412031173706,0.5490196347236633,calibrated_uv_reprojection_plus_stereo_left
35.60326385498047,-148.39352416992188,-617.2404174804688,242.86434578292932,204.85653301862266,-33.82755379118413,357.00000168397935,145.99999495138928,0.5333333611488342,0.5490196347236633,0.545098066329956,calibrated_uv_reprojection_plus_stereo_left
36.88397216796875,-148.25387573242188,-616.6287231445312,241.7743239576713,203.97545674477595,-33.367709987776664,357.99999997080977,146.0000050516715,0.5333333611488342,0.5490196347236633,0.545098066329956,calibrated_uv_reprojection_plus_stereo_left
38.16569900512695,-148.12753295898438,-616.0723876953125,240.7162896749577,203.07220518794185,-32.94646804471341,358.99999849588636,146.00000841823908,0.529411792755127,0.5529412031173706,0.545098066329956,calibrated_uv_reprojection_plus_stereo_left
39.44295883178711,-147.99256896972656,-615.480224609375,239.63973299655618,202.1866193503941,-32.5003355328152,360.0000004207589,146.0000073593145,0.529411792755127,0.5529412031173706,0.545098066329956,calibrated_uv_reprojection_plus_stereo_left
40.745567321777344,-147.95811462402344,-615.3060913085938,238.7946076455264,201.11821845127787,-32.34527457051928,360.9999990775521,146.00000456459014,0.529411792755127,0.5529412031173706,0.545098066329956,calibrated_uv_reprojection_plus_stereo_left
42.04869842529297,-147.92739868164062,-615.1475219726562,237.95833800733783,200.04337868023492,-32.201062246375386,361.99999991306026,146.0000027471936,0.5254902243614197,0.5490196347236633,0.5411764979362488,calibrated_uv_reprojection_plus_stereo_left
43.347835540771484,-147.8846893310547,-614.9390869140625,237.09501587013557,198.99119142576717,-32.02215288244304,362.9999998922075,145.99999990763783,0.5254902243614197,0.5490196347236633,0.5411764979362488,calibrated_uv_reprojection_plus_stereo_left
44.57473373413086,-147.60504150390625,-613.7454833984375,235.69340970890215,198.38073718462596,-31.157597347120372,364.00000155971503,145.99999918650133,0.5254902243614197,0.5490196347236633,0.5411764979362488,calibrated_uv_reprojection_plus_stereo_left
45.857784271240234,-147.5217742919922,-613.3685302734375,234.7401325798171,197.4073644429006,-30.861504499845466,365.0000009658851,146.00000227953592,0.5215686559677124,0.545098066329956,0.5372549295425415,calibrated_uv_reprojection_plus_stereo_left
47.142173767089844,-147.44711303710938,-613.02734375,233.80713797280464,196.41906881303385,-30.590331410823808,366.0000005038854,145.99999677477547,0.5137255191802979,0.5372549295425415,0.5372549295425415,calibrated_uv_reprojection_plus_stereo_left
48.42073059082031,-147.3585205078125,-612.6282958984375,232.84343050191666,195.45810560129667,-30.27893285225224,366.9999998430263,145.99999624055351,0.5137255191802979,0.5372549295425415,0.5372549295425415,calibrated_uv_reprojection_plus_stereo_left
49.72333908081055,-147.3456573486328,-612.5441284179688,232.05121618072752,194.35511900979878,-30.18665967318981,367.9999976798433,146.00000003482643,0.5098039507865906,0.5333333611488342,0.5254902243614197,calibrated_uv_reprojection_plus_stereo_left
51.027992248535156,-147.3391571044922,-612.4863891601562,231.27338556721884,193.24018681965316,-30.112773779907513,368.9999983640988,145.9999990392118,0.5058823823928833,0.529411792755127,0.5215686559677124,calibrated_uv_reprojection_plus_stereo_left
52.334110260009766,-147.3369140625,-612.4463500976562,230.50513039489152,192.11717294822716,-30.051202743252077,369.9999992408434,145.99999856838048,0.501960813999176,0.5254902243614197,0.5176470875740051,calibrated_uv_reprojection_plus_stereo_left
53.64485549926758,-147.34730529785156,-612.4588623046875,229.76514080355372,190.96992520008286,-30.026190411706807,370.9999974737601,146.00000484776206,0.49803921580314636,0.5215686559677124,0.5137255191802979,calibrated_uv_reprojection_plus_stereo_left
54.8336181640625,-147.02993774414062,-611.1090087890625,228.29337979377192,190.4527794765798,-29.053571673181068,372.0000012151771,145.99999696001106,0.48627451062202454,0.5254902243614197,0.5176470875740051,calibrated_uv_reprojection_plus_stereo_left
56.132102966308594,-147.01451110839844,-611.0142822265625,227.4973021343153,189.35744883700903,-28.954038545059063,372.99999962284056,146.0000046703373,0.48235294222831726,0.5215686559677124,0.5137255191802979,calibrated_uv_reprojection_plus_stereo_left
57.4365348815918,-147.0148468017578,-610.9849853515625,226.7363335403744,188.23177071819788,-28.900002731586312,374.00000020666175,145.99999716096113,0.47058823704719543,0.5137255191802979,0.5058823823928833,calibrated_uv_reprojection_plus_stereo_left
58.73554229736328,-147.00140380859375,-610.8984985351562,225.94480625180017,187.13281562808157,-28.806205075230537,375.0000013931322,146.00000301265158,0.46666666865348816,0.5098039507865906,0.501960813999176,calibrated_uv_reprojection_plus_stereo_left
60.0279541015625,-146.9722442626953,-610.7466430664062,225.11860109215775,186.0647354274675,-28.6669515271127,376.0000030295229,145.99999738266024,0.4627451002597809,0.5058823823928833,0.49803921580314636,calibrated_uv_reprojection_plus_stereo_left
61.30247497558594,-146.9012908935547,-610.4212036132812,224.20048299518845,185.07899402864956,-28.4070305479907,376.99999917199824,146.0000050179679,0.4627451002597809,0.501960813999176,0.49803921580314636,calibrated_uv_reprojection_plus_stereo_left
62.574337005615234,-146.826904296875,-610.0814208984375,223.27546293843773,184.1010741412656,-28.137155403245742,378.0000005008684,145.9999931133553,0.4627451002597809,0.4901960790157318,0.4901960790157318,calibrated_uv_reprojection_plus_stereo_left
63.84578323364258,-146.75442504882812,-609.7496948242188,222.35540074911978,183.1204292784074,-27.872926000406437,378.999999457423,146.0000001254793,0.45490196347236633,0.48627451062202454,0.48235294222831726,calibrated_uv_reprojection_plus_stereo_left
65.0910873413086,-146.6258087158203,-609.1846923828125,221.3130450112551,182.2522505623877,-27.446566947900124,380.0000024852416,145.99999367645046,0.4470588266849518,0.48627451062202454,0.47843137383461,calibrated_uv_reprojection_plus_stereo_left
66.39262390136719,-146.6262664794922,-609.1560668945312,220.55410542474976,181.1288472980549,-27.393085920735814,381.0000006479065,146.00000368414152,0.45098039507865906,0.4901960790157318,0.48627451062202454,calibrated_uv_reprojection_plus_stereo_left
67.69601440429688,-146.63059997558594,-609.1434326171875,219.80353377918254,179.99766927586256,-27.350703416343777,381.99999950273207,145.99999371569976,0.4431372582912445,0.48627451062202454,0.47843137383461,calibrated_uv_reprojection_plus_stereo_left
68.99848937988281,-146.63265991210938,-609.1214599609375,219.04797200648449,178.8708904336147,-27.301841160850245,382.99999682653913,146.00000402540988,0.4313725531101227,0.4745098054409027,0.4745098054409027,calibrated_uv_reprojection_plus_stereo_left
70.27550506591797,-146.58140563964844,-608.8779296875,218.17662428116103,177.8514748045772,-27.099006881135097,384.00000030470085,145.9999966480191,0.42352941632270813,0.46666666865348816,0.47843137383461,calibrated_uv_reprojection_plus_stereo_left
71.56550598144531,-146.55845642089844,-608.7520751953125,217.36707367611695,176.77550698698354,-26.977969958379106,385.00000101411695,146.00000533594647,0.41960784792900085,0.4627451002597809,0.4745098054409027,calibrated_uv_reprojection_plus_stereo_left
72.8587417602539,-146.54270935058594,-608.6560668945312,216.57324734336476,175.68523718862866,-26.87766881950256,386.00000406271226,146.00000004846618,0.4156862795352936,0.4627451002597809,0.4745098054409027,calibrated_uv_reprojection_plus_stereo_left
74.14421081542969,-146.5120391845703,-608.4981689453125,215.747431344355,174.62553996802995,-26.734387878476582,386.99999755064,146.00001035323794,0.40392157435417175,0.45098039507865906,0.4627451002597809,calibrated_uv_reprojection_plus_stereo_left
75.49690246582031,-146.61285400390625,-608.88623046875,215.20443707772074,173.29733513267593,-26.970364458269785,387.9999960369441,145.9999999911308,0.4000000059604645,0.4470588266849518,0.4588235318660736,calibrated_uv_reprojection_plus_stereo_left
76.81046295166016,-146.63539123535156,-608.94921875,214.4925403956613,172.12822235154323,-26.980498930464137,389.000001856433,145.99999755696004,0.3843137323856354,0.43921568989753723,0.4470588266849518,calibrated_uv_reprojection_plus_stereo_left
78.1372299194336,-146.68185424804688,-609.111572265625,213.8315560141586,170.90939795941676,-27.059638868857746,390.0000007665178,145.9999991482417,0.3764705955982208,0.4313725531101227,0.43921568989753723,calibrated_uv_reprojection_plus_stereo_left
79.47221374511719,-146.74185180664062,-609.330078125,213.1989199929556,169.66182010403935,-27.17775019626879,390.9999980665645,145.9999956455146,0.364705890417099,0.4274509847164154,0.4313725531101227,calibrated_uv_reprojection_plus_stereo_left
80.81826782226562,-146.8198699951172,-609.6234741210938,212.60400576526854,168.37580950544168,-27.34785053290983,391.9999997240414,146.00000914857748,0.3490196168422699,0.4156862795352936,0.41960784792900085,calibrated_uv_reprojection_plus_stereo_left
82.16777801513672,-146.90150451660156,-609.9317016601562,212.01587119535412,167.0810694399118,-27.528193727833013,393.0000013629473,145.99999503655195,0.3764705955982208,0.4431372582912445,0.45098039507865906,calibrated_uv_reprojection_plus_stereo_left
83.51454162597656,-146.97561645507812,-610.208740234375,211.41094354946898,165.8007223604289,-27.686851915116392,394.0000030613579,145.9999954902251,0.41960784792900085,0.48627451062202454,0.4941176474094391,calibrated_uv_reprojection_plus_stereo_left
84.88018035888672,-147.08004760742188,-610.6116333007812,210.8692781843272,164.45553786445947,-27.932854495107563,394.9999985324785,145.99999867604413,0.5411764979362488,0.6000000238418579,0.6078431606292725,calibrated_uv_reprojection_plus_stereo_left
86.3044662475586,-147.28128051757812,-611.4163208007812,210.53051051406288,162.90475659453864,-28.457740192634276,395.99999613281926,145.99999845851738,0.615686297416687,0.6705882549285889,0.6784313917160034,calibrated_uv_reprojection_plus_stereo_left
87.68414306640625,-147.40138244628906,-611.8841552734375,210.0190391412072,161.52236852954553,-28.74870127500219,396.9999997497101,146.00000174698687,0.5960784554481506,0.6392157077789307,0.6509804129600525,calibrated_uv_reprojection_plus_stereo_left
89.050537109375,-147.495849609375,-612.2454833984375,209.45250297641468,160.19250166922166,-28.96567231732149,398.00000296252273,145.99999648105558,0.38823530077934265,0.4313725531101227,0.4431372582912445,calibrated_uv_reprojection_plus_stereo_left
90.42495727539062,-147.60057067871094,-612.6494140625,208.90643461832195,158.8392679919225,-29.21217738632356,398.9999956531921,146.00000633661932,0.40784314274787903,0.4313725531101227,0.45098039507865906,calibrated_uv_reprojection_plus_stereo_left
91.7896728515625,-147.6865692138672,-612.9755249023438,208.32013801692807,157.52440570045616,-29.404616975685258,399.99999824634784,146.00000403404277,0.3921568691730499,0.41960784792900085,0.43529412150382996,calibrated_uv_reprojection_plus_stereo_left
93.48821258544922,-148.29957580566406,-615.4888305664062,208.8300032733772,155.07766927670275,-31.11481097132622,401.0000037662412,145.99999933760964,0.32156863808631897,0.33725491166114807,0.3333333432674408,calibrated_uv_reprojection_plus_stereo_left
95.78004455566406,-149.82350158691406,-621.7823486328125,211.22507995501354,150.6604460475512,-35.447788274347886,401.9999970862167,146.00000651900476,0.32156863808631897,0.3333333432674408,0.32549020648002625,calibrated_uv_reprojection_plus_stereo_left
23.008960723876953,-150.75048828125,-632.962890625,258.30406144105257,210.34458136079206,-45.81574755226171,347.00000050169683,146.99999858647817,0.6392157077789307,0.5568627715110779,0.4470588266849518,calibrated_uv_reprojection_plus_stereo_left
24.046106338500977,-148.82899475097656,-624.8638916015625,252.96151613515252,212.54736859998343,-40.12829061114047,347.99999926441103,146.99999564542173,0.46666666865348816,0.40392157435417175,0.3019607961177826,calibrated_uv_reprojection_plus_stereo_left
25.320117950439453,-148.4977264404297,-623.4420166015625,251.40092324349274,211.98240966946202,-39.10172131990561,349.0000001857486,146.99999926985527,0.4470588266849518,0.4431372582912445,0.40784314274787903,calibrated_uv_reprojection_plus_stereo_left
26.624229431152344,-148.3668212890625,-622.8614501953125,250.31670249594322,211.06849800428785,-38.66241331456649,349.99999944006686,147.00000711897292,0.47843137383461,0.48235294222831726,0.45098039507865906,calibrated_uv_reprojection_plus_stereo_left
27.936534881591797,-148.29147338867188,-622.5140991210938,249.3646321573097,210.05797862964778,-38.385892808389315,350.99999998580614,147.00000382341085,0.4941176474094391,0.4941176474094391,0.4941176474094391,calibrated_uv_reprojection_plus_stereo_left
29.147510528564453,-147.7091064453125,-620.0384521484375,247.22181464458038,209.952175403083,-36.62440444902023,352.00000009900754,146.99999833052658,0.5176470875740051,0.5176470875740051,0.5176470875740051,calibrated_uv_reprojection_plus_stereo_left
30.453868865966797,-147.63929748535156,-619.7145385742188,246.2868808597239,208.9378509972932,-36.36442115444629,353.000000405962,146.99999898698556,0.5098039507865906,0.5254902243614197,0.5215686559677124,calibrated_uv_reprojection_plus_stereo_left
31.757484436035156,-147.56222534179688,-619.3601684570312,245.3356439713583,207.93760018895284,-36.083220968068076,354.00000065898354,146.9999999126026,0.5215686559677124,0.5372549295425415,0.5333333611488342,calibrated_uv_reprojection_plus_stereo_left
33.04758071899414,-147.43067932128906,-618.7772216796875,244.2580212301657,207.036815294659,-35.64260767005953,355.0000007454062,147.00000508785593,0.5254902243614197,0.5411764979362488,0.5372549295425415,calibrated_uv_reprojection_plus_stereo_left
34.29863357543945,-147.14144897460938,-617.5325317382812,242.81446416718137,206.42389839804582,-34.74047095319224,355.9999990325021,147.0000071766556,0.529411792755127,0.545098066329956,0.5411764979362488,calibrated_uv_reprojection_plus_stereo_left
35.58440399169922,-147.01675415039062,-616.9783935546875,241.75622280817845,205.51582477195467,-34.32009441371281,356.9999983158592,146.99999725053803,0.529411792755127,0.545098066329956,0.5411764979362488,calibrated_uv_reprojection_plus_stereo_left
36.866764068603516,-146.88705444335938,-616.4033813476562,240.68766701495667,204.61873831976737,-33.88522523222343,358.0000001657711,147.00000150237943,0.529411792755127,0.5490196347236633,0.5411764979362488,calibrated_uv_reprojection_plus_stereo_left
38.14837646484375,-146.76315307617188,-615.8527221679688,239.63382927160336,203.71295880542442,-33.4673930298967,359.00000093803976,147.00000015207746,0.529411792755127,0.5529412031173706,0.545098066329956,calibrated_uv_reprojection_plus_stereo_left
39.42010498046875,-146.61048889160156,-615.181396484375,238.51484528095472,202.8620780211126,-32.965471798220506,360.0000014134835,146.999993846444,0.529411792755127,0.5529412031173706,0.545098066329956,calibrated_uv_reprojection_plus_stereo_left
40.72229766845703,-146.57705688476562,-615.0104370117188,237.67201673476154,201.79271089374333,-32.812501475153795,361.0000019352214,146.99999254969623,0.529411792755127,0.5529412031173706,0.545098066329956,calibrated_uv_reprojection_plus_stereo_left
42.021968841552734,-146.5366668701172,-614.8103637695312,236.81353519122024,200.73671588005624,-32.63925511082766,362.0000017811149,147.0000034246073,0.5254902243614197,0.5490196347236633,0.5411764979362488,calibrated_uv_reprojection_plus_stereo_left
43.32107925415039,-146.4966278076172,-614.6116943359375,235.95621162693277,199.6806628526624,-32.46699407059003,362.9999981157672,146.99999901634885,0.5254902243614197,0.5490196347236633,0.5411764979362488,calibrated_uv_reprojection_plus_stereo_left
44.55427169799805,-146.24232482910156,-613.51416015625,234.60917209083095,199.0268606608459,-31.668166340775997,364.00000067700563,146.99999421592872,0.5254902243614197,0.5490196347236633,0.5411764979362488,calibrated_uv_reprojection_plus_stereo_left
45.83629608154297,-146.15802001953125,-613.1299438476562,233.6527307379335,198.0568809904732,-31.366665469870554,365.00000025627173,147.0000029254177,0.5215686559677124,0.545098066329956,0.5372549295425415,calibrated_uv_reprojection_plus_stereo_left
47.1142578125,-146.0655975341797,-612.711669921875,232.67863358110867,197.10350259816198,-31.041459645564146,365.99999908062745,147.00000442465574,0.5176470875740051,0.5411764979362488,0.5333333611488342,calibrated_uv_reprojection_plus_stereo_left
48.38738250732422,-145.96336364746094,-612.2522583007812,231.68316539348768,196.17011818867115,-30.68762252768329,367.0000001014714,147.00000223495903,0.5176470875740051,0.5411764979362488,0.5333333611488342,calibrated_uv_reprojection_plus_stereo_left
49.69722366333008,-145.97415161132812,-612.2669677734375,230.94489138375968,195.02286552455837,-30.664231433528244,367.9999991405606,147.00000487093365,0.5137255191802979,0.5372549295425415,0.529411792755127,calibrated_uv_reprojection_plus_stereo_left
51.00911331176758,-145.9900665283203,-612.3031005859375,230.21802982777575,193.86560235016384,-30.655752484834068,368.9999996932516,146.99999404565318,0.5137255191802979,0.5372549295425415,0.529411792755127,calibrated_uv_reprojection_plus_stereo_left
52.30986785888672,-145.97390747070312,-612.2047729492188,229.41862755005246,192.76962866903438,-30.55358656528989,370.000000629052,146.99999489881282,0.5058823823928833,0.529411792755127,0.5215686559677124,calibrated_uv_reprojection_plus_stereo_left
53.620506286621094,-145.98526000976562,-612.2218627929688,228.681290693424,191.62077063634342,-30.531841973000326,370.9999991247023,147.00000236683186,0.49803921580314636,0.5215686559677124,0.5137255191802979,calibrated_uv_reprojection_plus_stereo_left
54.81256103515625,-145.68072509765625,-610.9142456054688,227.23445915301164,191.0834136614709,-29.58723993242552,371.99999749489416,147.0000058046371,0.49803921580314636,0.5215686559677124,0.5215686559677124,calibrated_uv_reprojection_plus_stereo_left
56.11064910888672,-145.66542053222656,-610.819580078125,226.43872412042566,189.9883600943008,-29.487703280305027,372.9999998278042,147.00000828506853,0.4941176474094391,0.5176470875740051,0.5176470875740051,calibrated_uv_reprojection_plus_stereo_left
57.411476135253906,-145.65760803222656,-610.7562866210938,225.65983955321713,188.87888050772267,-29.41001785367132,373.9999993506751,147.0000020149993,0.48235294222831726,0.5215686559677124,0.5137255191802979,calibrated_uv_reprojection_plus_stereo_left
58.70541763305664,-145.6328887939453,-610.6221313476562,224.84330705429898,187.80258669654773,-29.282983614306374,374.9999983841665,147.000000234344,0.47843137383461,0.5215686559677124,0.5137255191802979,calibrated_uv_reprojection_plus_stereo_left
60.00053405761719,-145.61192321777344,-610.5037231445312,224.03534226190266,186.7192284237359,-29.166925635450184,375.9999995628483,146.99999854119088,0.4745098054409027,0.5176470875740051,0.5098039507865906,calibrated_uv_reprojection_plus_stereo_left
61.26874923706055,-145.5277862548828,-610.1205444335938,223.08738230055513,185.76088726154182,-28.866506135357724,376.9999972404827,147.00000897652953,0.4745098054409027,0.5176470875740051,0.5098039507865906,calibrated_uv_reprojection_plus_stereo_left
62.54075622558594,-145.45582580566406,-609.788330078125,222.16717792513026,184.77968022361347,-28.601596423507317,377.99999996334964,146.9999981050994,0.47058823704719543,0.5098039507865906,0.501960813999176,calibrated_uv_reprojection_plus_stereo_left
63.80815505981445,-145.3761444091797,-609.423828125,221.23065141431408,183.8148797802263,-28.314243948837998,378.9999999281662,146.99999646172316,0.46666666865348816,0.501960813999176,0.49803921580314636,calibrated_uv_reprojection_plus_stereo_left
65.0400619506836,-145.22024536132812,-608.7398681640625,220.12695799043814,183.00355532583393,-27.804519189434814,380.00000191865047,146.9999952528145,0.46666666865348816,0.4901960790157318,0.4901960790157318,calibrated_uv_reprojection_plus_stereo_left
66.3350830078125,-145.20848083496094,-608.66015625,219.34174316761533,181.90543928530207,-27.71551388005861,380.999997074832,146.99999874954312,0.4627451002597809,0.4901960790157318,0.4901960790157318,calibrated_uv_reprojection_plus_stereo_left
67.63661193847656,-145.21096801757812,-608.6401977539062,218.5878680677601,180.77873166837196,-27.668107777209457,382.000000530267,147.00000508159283,0.4470588266849518,0.4901960790157318,0.48235294222831726,calibrated_uv_reprojection_plus_stereo_left
68.93323516845703,-145.20291137695312,-608.575927734375,217.81081626668652,179.67328576126886,-27.589841873047078,383.0000044214605,146.99998982394055,0.43921568989753723,0.48235294222831726,0.47843137383461,calibrated_uv_reprojection_plus_stereo_left
70.19268798828125,-145.11814880371094,-608.1903076171875,216.8664236205426,178.72351636884594,-27.28793909795985,384.0000040926814,146.99999709849112,0.4274509847164154,0.47058823704719543,0.4745098054409027,calibrated_uv_reprojection_plus_stereo_left
71.47473907470703,-145.08221435546875,-608.0093383789062,216.0292020589037,177.6755470927106,-27.128494559563308,384.99999977985766,147.00000223430726,0.41960784792900085,0.4627451002597809,0.47058823704719543,calibrated_uv_reprojection_plus_stereo_left
72.75916290283203,-145.05215454101562,-607.8529663085938,215.2050630418836,176.6160711112243,-26.98617699569462,385.9999999984432,147.0000010625794,0.4156862795352936,0.4588235318660736,0.47058823704719543,calibrated_uv_reprojection_plus_stereo_left
74.0390396118164,-145.0141143798828,-607.6631469726562,214.36389869695654,175.57338667688163,-26.82059621780712,387.00000042441985,146.99999664343613,0.4117647111415863,0.4588235318660736,0.47058823704719543,calibrated_uv_reprojection_plus_stereo_left
75.3932876586914,-145.1204071044922,-608.078125,213.83511977164653,174.23388652881613,-27.075826868574325,388.00000120283266,146.99999309328604,0.4117647111415863,0.4588235318660736,0.47058823704719543,calibrated_uv_reprojection_plus_stereo_left
76.70642852783203,-145.14517211914062,-608.1514892578125,213.12937375793484,173.06125792500904,-27.09334718803484,389.0000041435327,146.9999950100094,0.40392157435417175,0.45098039507865906,0.4627451002597809,calibrated_uv_reprojection_plus_stereo_left
78.02015686035156,-145.1700897216797,-608.2255249023438,212.42367894499847,171.88786408003767,-27.11132703756664,389.9999980705054,147.00000497300493,0.3960784375667572,0.4431372582912445,0.45490196347236633,calibrated_uv_reprojection_plus_stereo_left
79.3493423461914,-145.2223663330078,-608.4140625,211.77635962280556,170.6570654716238,-27.208927430501546,390.9999978427554,146.99999520417117,0.3843137323856354,0.43529412150382996,0.4431372582912445,calibrated_uv_reprojection_plus_stereo_left
80.7393569946289,-145.38233947753906,-609.0538330078125,211.35904837638464,169.2001679501273,-27.620362925668076,392.00000061085143,147.00000027569035,0.3764705955982208,0.4313725531101227,0.43921568989753723,calibrated_uv_reprojection_plus_stereo_left
82.08568572998047,-145.459716796875,-609.3474731445312,210.76360634546717,167.9141133731069,-27.79098670589775,393.0000014617686,146.99999463185634,0.364705890417099,0.41960784792900085,0.4274509847164154,calibrated_uv_reprojection_plus_stereo_left
83.43974304199219,-145.54803466796875,-609.6869506835938,210.19063963382655,166.6037440574816,-27.993455026540516,393.9999994452599,146.99999677008742,0.35686275362968445,0.4156862795352936,0.42352941632270813,calibrated_uv_reprojection_plus_stereo_left
84.79959869384766,-145.64346313476562,-610.0562133789062,209.6318325933089,165.27689961106648,-28.216597469579256,394.99999884791623,147.00000617960796,0.45490196347236633,0.501960813999176,0.5137255191802979,calibrated_uv_reprojection_plus_stereo_left
86.24417114257812,-145.8791961669922,-611.0130004882812,209.36939681279569,163.65083843139416,-28.848199903261502,396.00000087044447,146.9999976956982,0.47843137383461,0.5254902243614197,0.5372549295425415,calibrated_uv_reprojection_plus_stereo_left
87.61823272705078,-145.9902801513672,-611.4476928710938,208.84087727885378,162.28651145333419,-29.11670582797234,396.9999997057965,147.00000208270205,0.40392157435417175,0.4470588266849518,0.4588235318660736,calibrated_uv_reprojection_plus_stereo_left
88.98465728759766,-146.08544921875,-611.815673828125,208.27757923066372,160.9544297121692,-29.33877887821501,397.99999792843766,147.0000045395284,0.3764705955982208,0.41960784792900085,0.4313725531101227,calibrated_uv_reprojection_plus_stereo_left
90.40081024169922,-146.25820922851562,-612.5084838867188,207.87649270851523,159.45439710259865,-29.78660416129958,399.0000007133814,146.99999438765622,0.4000000059604645,0.43529412150382996,0.43529412150382996,calibrated_uv_reprojection_plus_stereo_left
91.92655181884766,-146.60067749023438,-613.9119873046875,207.82981730750447,157.58624184149602,-30.72836177472675,399.99999888363106,147.00000046344428,0.3450980484485626,0.3764705955982208,0.3803921639919281,calibrated_uv_reprojection_plus_stereo_left
93.74454498291016,-147.39288330078125,-617.1985473632812,208.7211658526037,154.74103631360845,-32.9787619337979,401.00000388205535,146.99999815664376,0.32156863808631897,0.3294117748737335,0.32549020648002625,calibrated_uv_reprojection_plus_stereo_left
22.821901321411133,-148.21434020996094,-627.9241333007812,254.47368461003396,212.99177230269555,-42.98509086441362,347.00000122160856,147.99999929946722,0.46666666865348816,0.4156862795352936,0.33725491166114807,calibrated_uv_reprojection_plus_stereo_left
23.997034072875977,-147.22198486328125,-623.68896484375,251.3256571182336,213.58847232953843,-39.99012793356877,348.00000073677154,147.99999135501957,0.4313725531101227,0.40784314274787903,0.3450980484485626,calibrated_uv_reprojection_plus_stereo_left
25.318620681762695,-147.18466186523438,-623.5,250.46141696529554,212.5089910092342,-39.82392741221514,348.9999990690807,148.00000195287834,0.43529412150382996,0.43529412150382996,0.4117647111415863,calibrated_uv_reprojection_plus_stereo_left
26.620359420776367,-147.04104614257812,-622.8607177734375,249.34504075230632,211.61914431136768,-39.34298606700116,349.9999989269471,147.99999847468408,0.45490196347236633,0.45490196347236633,0.43921568989753723,calibrated_uv_reprojection_plus_stereo_left
27.95403480529785,-147.07870483398438,-622.9893798828125,248.65974637177175,210.40756322152913,-39.39882385485197,351.00000069406934,148.0000041989875,0.4627451002597809,0.47843137383461,0.4745098054409027,calibrated_uv_reprojection_plus_stereo_left
29.140705108642578,-146.3742218017578,-619.974609375,246.2191549888969,210.5271440227507,-37.25789797069905,351.9999991802989,148.00000269777016,0.47843137383461,0.4941176474094391,0.4901960790157318,calibrated_uv_reprojection_plus_stereo_left
30.455568313598633,-146.34646606445312,-619.8262939453125,245.38254474184163,209.43795793868122,-37.120317332117224,353.0000011888643,148.00000012684586,0.4901960790157318,0.5058823823928833,0.501960813999176,calibrated_uv_reprojection_plus_stereo_left
31.759361267089844,-146.2697296142578,-619.4705810546875,244.4308994288853,208.43779764188525,-36.83783795536243,353.9999992196138,148.00000324853085,0.49803921580314636,0.5137255191802979,0.5098039507865906,calibrated_uv_reprojection_plus_stereo_left
33.03047561645508,-146.05430603027344,-618.5275268554688,243.1542599850443,207.69089926108984,-36.14502902125281,354.9999998210643,147.99999855012055,0.5098039507865906,0.5254902243614197,0.5215686559677124,calibrated_uv_reprojection_plus_stereo_left
34.31300735473633,-145.90367126464844,-617.8589477539062,242.03169317506797,206.82900627977477,-35.64407386919879,355.9999987876889,147.9999982627436,0.5215686559677124,0.5372549295425415,0.5333333611488342,calibrated_uv_reprojection_plus_stereo_left
35.61113739013672,-145.82774353027344,-617.5067749023438,241.08535210037275,205.83242453859344,-35.36421549795307,357.00000107462296,147.9999976438485,0.5254902243614197,0.5411764979362488,0.5372549295425415,calibrated_uv_reprojection_plus_stereo_left
36.904388427734375,-145.73770141601562,-617.0949096679688,240.1068618102766,204.86294435681828,-35.04270027452333,357.9999987140886,148.00000447849396,0.5254902243614197,0.5411764979362488,0.5372549295425415,calibrated_uv_reprojection_plus_stereo_left
38.206363677978516,-145.68685913085938,-616.8489990234375,239.22050166417665,203.8223415305278,-34.837129291746976,358.9999989725175,148.00000115270285,0.529411792755127,0.545098066329956,0.5411764979362488,calibrated_uv_reprojection_plus_stereo_left
39.38108444213867,-145.1700439453125,-614.6302490234375,237.2524555465596,203.64768565273425,-33.25375691063164,359.99999984839405,147.9999990615285,0.529411792755127,0.545098066329956,0.5411764979362488,calibrated_uv_reprojection_plus_stereo_left
40.676170349121094,-145.1156768798828,-614.3695678710938,236.36137985046025,202.6187414900926,-33.038024603903466,361.00000089185403,147.9999983885921,0.5254902243614197,0.5490196347236633,0.5411764979362488,calibrated_uv_reprojection_plus_stereo_left
41.98720932006836,-145.11961364746094,-614.355712890625,235.6056214874584,201.48142699539727,-32.99466871152015,362.00000052012115,147.99999390309287,0.5254902243614197,0.5490196347236633,0.5411764979362488,calibrated_uv_reprojection_plus_stereo_left
43.29219436645508,-145.102783203125,-614.2539672851562,234.80188875028796,200.383028407628,-32.889944209946805,363.0000005063358,147.99999394844025,0.5254902243614197,0.5490196347236633,0.5411764979362488,calibrated_uv_reprojection_plus_stereo_left
44.504188537597656,-144.78419494628906,-612.8748779296875,233.30384743726677,199.85453589496382,-31.893413352943014,364.00000002941385,147.99999374677253,0.5215686559677124,0.545098066329956,0.5372549295425415,calibrated_uv_reprojection_plus_stereo_left
45.78179931640625,-144.69093322753906,-612.44970703125,232.32649478720168,198.90377727270538,-31.56298290410234,365.0000017081106,147.99999735818983,0.5215686559677124,0.545098066329956,0.5372549295425415,calibrated_uv_reprojection_plus_stereo_left
47.08453369140625,-144.67984008789062,-612.3723754882812,231.53832360066184,197.7979998908906,-31.475411200686608,366.0000009119579,148.0000036323607,0.5176470875740051,0.5411764979362488,0.5333333611488342,calibrated_uv_reprojection_plus_stereo_left
48.37278366088867,-144.62583923339844,-612.1134033203125,230.65214668268237,196.77435913155136,-31.261050369776854,367.0000013166929,148.000002422695,0.5176470875740051,0.5411764979362488,0.5333333611488342,calibrated_uv_reprojection_plus_stereo_left
49.67303466796875,-144.6094207763672,-612.0135498046875,229.85221461688099,195.6793656866647,-31.157776167279337,367.99999766549115,148.000008793027,0.5176470875740051,0.5411764979362488,0.5333333611488342,calibrated_uv_reprojection_plus_stereo_left
50.979244232177734,-144.6105499267578,-611.9878540039062,229.0922910039934,194.55078715372485,-31.106249311385625,369.0000010318979,147.99999553128782,0.5176470875740051,0.5411764979362488,0.5333333611488342,calibrated_uv_reprojection_plus_stereo_left
52.274497985839844,-144.58111572265625,-611.8329467773438,228.2629950169968,193.48122084423142,-30.964565829794935,370.0000006073801,148.00000534751803,0.5058823823928833,0.529411792755127,0.5215686559677124,calibrated_uv_reprojection_plus_stereo_left
53.5767936706543,-144.57196044921875,-611.7637329101562,227.479842392825,192.37270837059623,-30.882674835512034,371.000000700366,147.9999918338998,0.501960813999176,0.5254902243614197,0.5176470875740051,calibrated_uv_reprojection_plus_stereo_left
54.78672790527344,-144.31973266601562,-610.6661376953125,226.1476590564784,191.7382848981561,-30.08326232531607,371.99999960618504,148.00000355815686,0.49803921580314636,0.5215686559677124,0.5215686559677124,calibrated_uv_reprojection_plus_stereo_left
56.06858825683594,-144.26412963867188,-610.4005126953125,225.26123500424325,190.72275827250905,-29.864407276675365,372.99999995653945,148.00000087962007,0.4941176474094391,0.5176470875740051,0.5176470875740051,calibrated_uv_reprojection_plus_stereo_left
57.3594970703125,-144.23362731933594,-610.2411499023438,224.43181480953842,189.65868124915357,-29.719712889224922,373.9999990627649,148.00000569462105,0.4941176474094391,0.5176470875740051,0.5176470875740051,calibrated_uv_reprojection_plus_stereo_left
58.65005874633789,-144.20346069335938,-610.0831909179688,223.60341870296685,188.59436681286178,-29.57600678365668,374.9999991975956,148.00000549438562,0.48627451062202454,0.5137255191802979,0.5137255191802979,calibrated_uv_reprojection_plus_stereo_left
59.91942596435547,-144.1234588623047,-609.7144165039062,222.66376665738255,187.62920690092847,-29.285265413149205,376.0000000178113,148.00000554419654,0.4745098054409027,0.5176470875740051,0.5098039507865906,calibrated_uv_reprojection_plus_stereo_left
61.2064094543457,-144.0881805419922,-609.5348510742188,221.82477240220373,186.57627865040865,-29.126523909245805,376.99999850991065,148.00000257778947,0.47843137383461,0.5176470875740051,0.5098039507865906,calibrated_uv_reprojection_plus_stereo_left
62.48146057128906,-144.02670288085938,-609.2444458007812,220.92773830885028,185.5761674896662,-28.890492889193183,378.0000009942389,147.9999945774395,0.48235294222831726,0.5098039507865906,0.5098039507865906,calibrated_uv_reprojection_plus_stereo_left
63.75935363769531,-143.97398376464844,-608.9912109375,220.05081381530255,184.55936332801525,-28.680421702022272,379.0000000235137,148.00000450419049,0.47843137383461,0.5058823823928833,0.5058823823928833,calibrated_uv_reprojection_plus_stereo_left
65.0378189086914,-143.92449951171875,-608.7515869140625,219.1815423170952,183.5368423905931,-28.47985279950194,380.00000222650306,147.99999768459367,0.4745098054409027,0.501960813999176,0.49803921580314636,calibrated_uv_reprojection_plus_stereo_left
66.33718872070312,-143.9221649169922,-608.71142578125,218.4170451919639,182.41976713050752,-28.41838274090634,381.00000074884315,147.99999568458526,0.46666666865348816,0.501960813999176,0.49803921580314636,calibrated_uv_reprojection_plus_stereo_left
67.64154815673828,-143.9303741455078,-608.7158813476562,217.67580226728836,181.28127011164491,-28.38802117579496,382.0000034858374,147.9999982537047,0.4588235318660736,0.501960813999176,0.4941176474094391,calibrated_uv_reprojection_plus_stereo_left
68.94438934326172,-143.93496704101562,-608.705078125,216.92649077293197,180.149939970545,-28.34702162068686,383.00000055798944,148.0000080437273,0.45098039507865906,0.4941176474094391,0.48627451062202454,calibrated_uv_reprojection_plus_stereo_left
70.19969940185547,-143.8418731689453,-608.2810668945312,215.96254655516276,179.2181664208253,-28.017966808292215,384.0000004489042,147.99999874211377,0.4470588266849518,0.4901960790157318,0.48235294222831726,calibrated_uv_reprojection_plus_stereo_left
71.47351837158203,-143.78924560546875,-608.0282592773438,215.08820506357813,178.20474402643225,-27.808292530273718,385.00000254862914,147.99999853808515,0.43921568989753723,0.47843137383461,0.47843137383461,calibrated_uv_reprojection_plus_stereo_left
72.74453735351562,-143.7328338623047,-607.759521484375,214.20613132520543,177.19986355836716,-27.587544434444,385.99999860237403,148.00000746908916,0.43529412150382996,0.47058823704719543,0.47843137383461,calibrated_uv_reprojection_plus_stereo_left
74.00405883789062,-143.6559600830078,-607.4042358398438,213.2799866842093,176.23812176491555,-27.306498014959118,386.9999954306835,148.0000068005927,0.42352941632270813,0.46666666865348816,0.47058823704719543,calibrated_uv_reprojection_plus_stereo_left
75.34725189208984,-143.7412109375,-607.7344360351562,212.70718596440202,174.94110973811814,-27.50317164380533,387.99999980750357,148.00000543638345,0.4156862795352936,0.4627451002597809,0.46666666865348816,calibrated_uv_reprojection_plus_stereo_left
76.64781188964844,-143.74351501464844,-607.7138671875,211.95348147448806,173.815494135258,-27.45538052667888,388.99999905852115,147.99999456031833,0.4117647111415863,0.4588235318660736,0.4627451002597809,calibrated_uv_reprojection_plus_stereo_left
77.95686340332031,-143.76124572753906,-607.7586059570312,211.23312797895613,172.6574926456866,-27.4531007980832,390.0000017502978,148.00000070150344,0.40392157435417175,0.45490196347236633,0.45490196347236633,calibrated_uv_reprojection_plus_stereo_left
79.27635192871094,-143.79722595214844,-607.8804321289062,210.55193305227232,171.4608873222652,-27.504511354916303,390.99999935571947,147.99999760407758,0.40392157435417175,0.4470588266849518,0.45490196347236633,calibrated_uv_reprojection_plus_stereo_left
80.5671157836914,-143.7806396484375,-607.7800903320312,209.75712517817527,170.37434937132014,-27.401139175061928,392.0000005909768,148.0000044693133,0.4000000059604645,0.43921568989753723,0.45098039507865906,calibrated_uv_reprojection_plus_stereo_left
81.93193054199219,-143.89453125,-608.231201171875,209.24274047281205,169.01221599412207,-27.681896835517705,393.00000133322806,147.99999804201764,0.3921568691730499,0.43529412150382996,0.4470588266849518,calibrated_uv_reprojection_plus_stereo_left
83.306884765625,-144.02227783203125,-608.7408447265625,208.75681570479958,167.61884630996337,-28.00337209568397,393.99999792390236,147.99999546610834,0.3921568691730499,0.43529412150382996,0.4470588266849518,calibrated_uv_reprojection_plus_stereo_left
84.66781616210938,-144.12208557128906,-609.1323852539062,208.20978266989584,166.28290158594632,-28.242534720978483,394.9999997515507,147.99999946047836,0.4000000059604645,0.4431372582912445,0.45490196347236633,calibrated_uv_reprojection_plus_stereo_left
86.08383178710938,-144.31109619140625,-609.90087890625,207.8518815652626,164.75468255984077,-28.74416598528137,396.00000133639224,148.00000331993067,0.3960784375667572,0.43921568989753723,0.45098039507865906,calibrated_uv_reprojection_plus_stereo_left
87.42310333251953,-144.3676300048828,-610.109375,207.21011659417474,163.50766360478445,-28.85573876158122,397.00000257559,147.99999653887042,0.37254902720451355,0.4156862795352936,0.4156862795352936,calibrated_uv_reprojection_plus_stereo_left
88.83837890625,-144.54605102539062,-610.8329467773438,206.82636140423563,161.99727830628746,-29.325937341172335,398.00000200352326,147.99999365385904,0.3960784375667572,0.43529412150382996,0.43529412150382996,calibrated_uv_reprojection_plus_stereo_left
90.36184692382812,-144.8926544189453,-612.2672119140625,206.79669864618086,160.12061365497186,-30.29088403664423,398.99999916694503,148.00000678245226,0.37254902720451355,0.40392157435417175,0.3960784375667572,calibrated_uv_reprojection_plus_stereo_left
91.76126861572266,-145.03318786621094,-612.8305053710938,206.32820957540406,158.6853870940655,-30.64928848096622,400.00000105938375,148.0000043836049,0.32549020648002625,0.3490196168422699,0.34117648005485535,calibrated_uv_reprojection_plus_stereo_left
94.1158447265625,-146.65805053710938,-619.6653442382812,208.984336425538,154.01747859225537,-35.37350973016538,401.00000352623675,147.99999480163711,0.3490196168422699,0.3333333432674408,0.32549020648002625,calibrated_uv_reprojection_plus_stereo_left
22.68012809753418,-145.99073791503906,-624.1299438476562,251.35943588959537,215.1154279726864,-41.014872984257124,347.00000015290215,148.9999976990374,0.42352941632270813,0.38823530077934265,0.32549020648002625,calibrated_uv_reprojection_plus_stereo_left
23.981042861938477,-145.82102966308594,-623.3736572265625,250.17617952783712,214.2704574751641,-40.45127111990712,348.0000001366824,148.9999960192162,0.41960784792900085,0.40392157435417175,0.35686275362968445,calibrated_uv_reprojection_plus_stereo_left
25.308074951171875,-145.81918334960938,-623.3350219726562,249.39678273821664,213.12869931108088,-40.39017121452832,349.00000153017226,148.99999786796752,0.4431372582912445,0.4431372582912445,0.42352941632270813,calibrated_uv_reprojection_plus_stereo_left
26.632320404052734,-145.80191040039062,-623.2304077148438,248.58048205130137,212.01455957788312,-40.282878229033884,349.99999984491285,148.9999931782939,0.4627451002597809,0.4627451002597809,0.4470588266849518,calibrated_uv_reprojection_plus_stereo_left
27.977310180664062,-145.89405822753906,-623.5935668945312,248.02528954845758,210.70373323893762,-40.50303349777329,350.9999998966246,149.0000011290976,0.47843137383461,0.47843137383461,0.47843137383461,calibrated_uv_reprojection_plus_stereo_left
29.159332275390625,-145.16619873046875,-620.4518432617188,245.5179111234425,210.8732331216533,-38.269969282704835,352.00000043699305,148.99999744872179,0.48627451062202454,0.48627451062202454,0.48627451062202454,calibrated_uv_reprojection_plus_stereo_left
30.46923065185547,-145.11013793945312,-620.181640625,244.61316293838098,209.83482928789573,-38.04694961565593,352.9999995360406,149.00000017947633,0.501960813999176,0.501960813999176,0.501960813999176,calibrated_uv_reprojection_plus_stereo_left
31.766212463378906,-144.99945068359375,-619.6780395507812,243.57958468185677,208.89680653938626,-37.660621820204426,353.9999985099771,149.0000090028397,0.5137255191802979,0.5137255191802979,0.5137255191802979,calibrated_uv_reprojection_plus_stereo_left
33.06069564819336,-144.88633728027344,-619.1640625,242.54138606434748,207.96491820297553,-37.267076761088504,354.9999998910639,149.00000843793688,0.5098039507865906,0.5254902243614197,0.5215686559677124,calibrated_uv_reprojection_plus_stereo_left
34.3546028137207,-144.77920532226562,-618.6755981445312,241.5184190228572,207.02378105839853,-36.89142300969638,356.0000010828188,148.999991255003,0.5215686559677124,0.5372549295425415,0.5333333611488342,calibrated_uv_reprojection_plus_stereo_left
35.63666534423828,-144.63162231445312,-618.0144653320312,240.40142975388756,206.15891148606727,-36.39502568706598,356.9999993699872,148.9999982586262,0.5098039507865906,0.5333333611488342,0.5254902243614197,calibrated_uv_reprojection_plus_stereo_left
36.93292999267578,-144.54986572265625,-617.6345825195312,239.44046625970486,205.17426492383902,-36.09544901305753,358.00000191145523,148.99999201276614,0.5176470875740051,0.545098066329956,0.5333333611488342,calibrated_uv_reprojection_plus_stereo_left
38.21229553222656,-144.4096221923828,-617.0048828125,238.34336245895872,204.29974016896642,-35.62115563159142,358.99999992481077,148.9999931501633,0.5215686559677124,0.5490196347236633,0.5372549295425415,calibrated_uv_reprojection_plus_stereo_left
39.377044677734375,-143.85971069335938,-614.625,236.29037072662845,204.1933965527178,-33.92269160778949,359.99999843866806,148.99999808251678,0.5254902243614197,0.5490196347236633,0.5411764979362488,calibrated_uv_reprojection_plus_stereo_left
40.67599868774414,-143.81947326660156,-614.4227294921875,235.43150808968352,203.13858908041857,-33.74757885137706,361.0000011965751,148.9999963025872,0.5254902243614197,0.5529412031173706,0.5411764979362488,calibrated_uv_reprojection_plus_stereo_left
41.980979919433594,-143.80215454101562,-614.3184204101562,234.62636311727215,202.04112691042928,-33.64100015826813,362.0000019696121,149.00000131996563,0.5254902243614197,0.5490196347236633,0.5411764979362488,calibrated_uv_reprojection_plus_stereo_left
43.293617248535156,-143.8111114501953,-614.3262939453125,233.88232298481728,200.89415017083405,-33.61287217804926,363.00000003665014,148.99999447366397,0.5254902243614197,0.5490196347236633,0.5411764979362488,calibrated_uv_reprojection_plus_stereo_left
44.50596237182617,-143.49594116210938,-612.94970703125,232.38762081841162,200.3632279862752,-32.616632400902176,363.99999799260036,149.00000007826657,0.5254902243614197,0.545098066329956,0.5372549295425415,calibrated_uv_reprojection_plus_stereo_left
45.79020690917969,-143.42373657226562,-612.6109619140625,231.45751909181752,199.37334785941738,-32.34620544796633,365.0000017760611,148.99999176830684,0.5254902243614197,0.5411764979362488,0.5372549295425415,calibrated_uv_reprojection_plus_stereo_left
47.08525466918945,-143.3882293701172,-612.4290771484375,230.6127700680869,198.3141659815675,-32.18549263315845,365.9999995526026,148.99999998760273,0.5176470875740051,0.5411764979362488,0.5333333611488342,calibrated_uv_reprojection_plus_stereo_left
48.378623962402344,-143.34945678710938,-612.2332153320312,229.76083013909584,197.26177962720828,-32.015017756582836,367.000000771273,149.0000002848653,0.5176470875740051,0.5411764979362488,0.5333333611488342,calibrated_uv_reprojection_plus_stereo_left
49.672420501708984,-143.3137664794922,-612.050537109375,228.9163384275252,196.20398740524843,-31.85377601162088,367.99999872002525,149.00000152440447,0.5176470875740051,0.5411764979362488,0.5333333611488342,calibrated_uv_reprojection_plus_stereo_left
50.97441101074219,-143.302734375,-611.97314453125,228.12861413228478,195.09884887593415,-31.76613982739815,369.0000015298295,148.99999731955097,0.5176470875740051,0.5411764979362488,0.5333333611488342,calibrated_uv_reprojection_plus_stereo_left
52.26881790161133,-143.2712860107422,-611.80859375,227.29435337607862,194.03360211594594,-31.61759115572454,370.00000029751743,148.99999702440024,0.5058823823928833,0.529411792755127,0.5215686559677124,calibrated_uv_reprojection_plus_stereo_left
53.55961227416992,-143.2315216064453,-611.6085205078125,226.44142928385764,192.98506526649248,-31.44422622386395,371.0000014561391,148.99999241916532,0.501960813999176,0.5254902243614197,0.5176470875740051,calibrated_uv_reprojection_plus_stereo_left
54.77347183227539,-142.99261474609375,-610.5582275390625,225.13625688447257,192.32823278982414,-30.676725221245192,371.99999941554984,149.000001303722,0.49803921580314636,0.5215686559677124,0.5137255191802979,calibrated_uv_reprojection_plus_stereo_left
56.06117248535156,-142.9529266357422,-610.3585815429688,224.28534154858744,191.28223179355564,-30.50374263684739,373.00000044082634,149.0000019220587,0.4941176474094391,0.5176470875740051,0.5098039507865906,calibrated_uv_reprojection_plus_stereo_left
57.34677505493164,-142.90965270996094,-610.1436157226562,223.4266879185518,190.24390653269415,-30.320069511384418,373.99999955486703,148.9999979260968,0.4901960790157318,0.5176470875740051,0.5098039507865906,calibrated_uv_reprojection_plus_stereo_left
58.63677215576172,-142.8788299560547,-609.9818725585938,222.59657557990909,189.1814336145731,-30.173605815414476,374.9999984826022,149.00000277426207,0.48627451062202454,0.5137255191802979,0.5058823823928833,calibrated_uv_reprojection_plus_stereo_left
59.898048400878906,-142.78073120117188,-609.5328979492188,221.61524755313587,188.2536636257281,-29.826485947440403,375.99999647857356,149.0000002898686,0.46666666865348816,0.5098039507865906,0.501960813999176,calibrated_uv_reprojection_plus_stereo_left
61.17991256713867,-142.7346649169922,-609.3060913085938,220.7518133044286,187.22311965581963,-29.634609091402808,376.99999731047285,148.99999994394173,0.47058823704719543,0.5098039507865906,0.501960813999176,calibrated_uv_reprojection_plus_stereo_left
62.4608154296875,-142.6881561279297,-609.0774536132812,219.88785200515662,186.19411649591842,-29.44147786820531,377.9999975018066,149.0000068003045,0.4745098054409027,0.5098039507865906,0.5058823823928833,calibrated_uv_reprojection_plus_stereo_left
63.73996353149414,-142.6394805908203,-608.8394775390625,219.01946099582693,185.17019795955827,-29.24183119755321,379.0000003776508,148.999994206729,0.46666666865348816,0.5098039507865906,0.501960813999176,calibrated_uv_reprojection_plus_stereo_left
65.03308868408203,-142.62322998046875,-608.7400512695312,218.22392061318124,184.081207595085,-29.138984439276157,380.0000004941274,149.00000609164272,0.46666666865348816,0.5098039507865906,0.501960813999176,calibrated_uv_reprojection_plus_stereo_left
66.3353042602539,-142.6270294189453,-608.7261352539062,217.47310362619152,182.95163708252898,-29.095850579345154,381.00000028205966,149.00000574815238,0.46666666865348816,0.5098039507865906,0.501960813999176,calibrated_uv_reprojection_plus_stereo_left
67.64020538330078,-142.63619995117188,-608.735107421875,216.73411585764188,181.81098347951337,-29.06869181407069,382.0000028235207,148.99999981265316,0.4627451002597809,0.5058823823928833,0.49803921580314636,calibrated_uv_reprojection_plus_stereo_left
68.9459457397461,-142.64663696289062,-608.74951171875,215.99781355886972,180.66752742459977,-29.045324102328834,382.99999556997284,148.9999997524665,0.4588235318660736,0.501960813999176,0.4941176474094391,calibrated_uv_reprojection_plus_stereo_left
70.18982696533203,-142.53089904785156,-608.2254638671875,214.98260082940982,179.78358294447537,-28.646013402140113,384.0000026150338,148.99999672129417,0.45490196347236633,0.49803921580314636,0.4901960790157318,calibrated_uv_reprojection_plus_stereo_left
71.46282196044922,-142.477294921875,-607.9666137695312,214.10552661076014,178.77300429964077,-28.431897564455767,385.00000121761144,148.99999699845827,0.4588235318660736,0.4941176474094391,0.4901960790157318,calibrated_uv_reprojection_plus_stereo_left
72.72577667236328,-142.4058074951172,-607.6315307617188,213.18968685733796,177.8002896386834,-28.16459595151582,385.9999960834611,149.00000670911618,0.4588235318660736,0.4901960790157318,0.48627451062202454,calibrated_uv_reprojection_plus_stereo_left
73.98161315917969,-142.322998046875,-607.2481079101562,212.249710404094,176.85223076448477,-27.863576823646213,386.99999811917513,149.00000545629746,0.4431372582912445,0.48235294222831726,0.47843137383461,calibrated_uv_reprojection_plus_stereo_left
75.30793762207031,-142.37619018554688,-607.4449462890625,211.60812547802692,175.62117232437953,-27.967588841712427,387.99999708276295,149.00000056430258,0.4313725531101227,0.4745098054409027,0.46666666865348816,calibrated_uv_reprojection_plus_stereo_left
76.58829498291016,-142.34201049804688,-607.2689819335938,210.77522668268654,174.57252286609037,-27.81139153553579,389.0000023197984,148.99999080554704,0.41960784792900085,0.46666666865348816,0.4627451002597809,calibrated_uv_reprojection_plus_stereo_left
77.87784576416016,-142.3256378173828,-607.1691284179688,209.98147347847504,173.48681189571812,-27.708338304820984,389.99999814088346,149.00000491995766,0.4117647111415863,0.4588235318660736,0.4588235318660736,calibrated_uv_reprojection_plus_stereo_left
79.19244384765625,-142.35470581054688,-607.2630615234375,209.2865224575313,172.3052706407545,-27.740505870128004,390.9999984990616,149.00000792885297,0.40784314274787903,0.4470588266849518,0.4588235318660736,calibrated_uv_reprojection_plus_stereo_left
80.44463348388672,-142.27235412597656,-606.8816528320312,208.34980618716213,171.35961812290316,-27.440988927634407,391.99999788619664,149.00000144889106,0.40784314274787903,0.4470588266849518,0.4588235318660736,calibrated_uv_reprojection_plus_stereo_left
81.8143539428711,-142.3970489501953,-607.3834838867188,207.8614283150199,169.9742869576499,-27.757735933311437,392.99999507467874,149.00000686561248,0.40784314274787903,0.4470588266849518,0.4588235318660736,calibrated_uv_reprojection_plus_stereo_left
83.20894622802734,-142.56033325195312,-608.0498046875,207.45485529412667,168.50446646813504,-28.18916885161815,393.9999999805932,149.00000361436017,0.40392157435417175,0.4431372582912445,0.45490196347236633,calibrated_uv_reprojection_plus_stereo_left
84.60694885253906,-142.7242431640625,-608.71875,207.04786409464776,167.0306742905297,-28.622357698493488,394.99999486442067,149.000005172016,0.40392157435417175,0.4431372582912445,0.45490196347236633,calibrated_uv_reprojection_plus_stereo_left
86.05852508544922,-142.97206115722656,-609.7454223632812,206.81906522827768,165.37359292790757,-29.304981366442235,396.00000040187376,148.99999738826727,0.3921568691730499,0.4313725531101227,0.4431372582912445,calibrated_uv_reprojection_plus_stereo_left
87.40152740478516,-143.03468322753906,-609.9822387695312,206.1912932508426,164.11273603893943,-29.436597782584386,397.0000010178011,148.99999544237926,0.3921568691730499,0.43529412150382996,0.4274509847164154,calibrated_uv_reprojection_plus_stereo_left
88.86354064941406,-143.2872314453125,-611.0289916992188,205.9682448231071,162.43889922947955,-30.13304305475998,398.0000042326765,149.00000255775547,0.3843137323856354,0.4274509847164154,0.41960784792900085,calibrated_uv_reprojection_plus_stereo_left
90.54631042480469,-143.88316345214844,-613.5398559570312,206.47362262774152,160.01361362808154,-31.850364164997245,398.99999777846307,149.00000576639206,0.3450980484485626,0.364705890417099,0.35686275362968445,calibrated_uv_reprojection_plus_stereo_left
92.14077758789062,-144.32362365722656,-615.3875122070312,206.6423775691041,157.91852053903767,-33.10494781518719,400.00000060515134,149.00000335691428,0.32549020648002625,0.33725491166114807,0.3294117748737335,calibrated_uv_reprojection_plus_stereo_left
94.75904846191406,-146.33258056640625,-623.9226684570312,210.12945617389926,152.3776263529778,-39.022121704096264,400.99999744617776,149.00000819892153,0.37254902720451355,0.3450980484485626,0.3137255012989044,calibrated_uv_reprojection_plus_stereo_left
22.635047912597656,-144.39979553222656,-622.9957275390625,249.74985136170807,216.13481260429347,-40.901796126944134,347.00000082445825,150.0000001314852,0.4000000059604645,0.3803921639919281,0.30980393290519714,calibrated_uv_reprojection_plus_stereo_left
23.971359252929688,-144.45938110351562,-623.2222290039062,249.11944366068167,214.88396884361265,-41.026654745731605,347.9999998167582,150.00000347753536,0.35686275362968445,0.3607843220233917,0.30588236451148987,calibrated_uv_reprojection_plus_stereo_left
25.294687271118164,-144.43817138671875,-623.10009765625,248.29356387953317,213.77725046286287,-40.9070201460334,349.00000063353923,149.99999660721363,0.30588236451148987,0.30980393290519714,0.27843138575553894,calibrated_uv_reprojection_plus_stereo_left
26.629684448242188,-144.4820098876953,-623.2586059570312,247.62434171244047,212.55345222540643,-40.98416263185146,349.999999600224,149.99999511871846,0.2666666805744171,0.2705882489681244,0.24313725531101227,calibrated_uv_reprojection_plus_stereo_left
27.967817306518555,-144.53750610351562,-623.4674072265625,246.98259443831438,211.30776415603316,-41.0965450770027,351.0000002239039,149.9999983974489,0.2549019753932953,0.2549019753932953,0.239215686917305,calibrated_uv_reprojection_plus_stereo_left
29.18705177307129,-144.0010223388672,-621.1227416992188,244.9226773615216,211.13846631692087,-39.418858303734794,352.00000002599586,149.99999441825474,0.239215686917305,0.239215686917305,0.2235294133424759,calibrated_uv_reprojection_plus_stereo_left
30.498655319213867,-143.94668579101562,-620.85791015625,244.0204283496438,210.096335826541,-39.1993246172712,352.99999932484604,149.99999996157217,0.250980406999588,0.250980406999588,0.23529411852359772,calibrated_uv_reprojection_plus_stereo_left
31.809568405151367,-143.89341735839844,-620.5977172851562,243.1212708441616,209.0530409041815,-38.98306725582768,353.99999897300927,150.00000737335654,0.25882354378700256,0.26274511218070984,0.24705882370471954,calibrated_uv_reprojection_plus_stereo_left
33.10371780395508,-143.77130126953125,-620.04052734375,242.05885407369908,208.13749056775072,-38.5586684039917,355.0000000569399,149.99999730247984,0.2705882489681244,0.2862745225429535,0.2823529541492462,calibrated_uv_reprojection_plus_stereo_left
34.42110824584961,-143.75531005859375,-619.941162109375,241.249593524298,207.0272827048463,-38.4551840723164,355.99999953365983,150.0000071979291,0.29019609093666077,0.30588236451148987,0.3019607961177826,calibrated_uv_reprojection_plus_stereo_left
35.70591354370117,-143.6091766357422,-619.280517578125,240.13229467482125,206.15929141475124,-37.958380365881396,356.9999988308045,150.00000356423598,0.3490196168422699,0.37254902720451355,0.364705890417099,calibrated_uv_reprojection_plus_stereo_left
36.99430847167969,-143.4871063232422,-618.7236938476562,239.07336720653223,205.24861984980356,-37.53439021247311,357.99999897714514,149.9999997779068,0.4000000059604645,0.4313725531101227,0.4156862795352936,calibrated_uv_reprojection_plus_stereo_left
38.26751708984375,-143.3162841796875,-617.9567260742188,237.90080536957151,204.431241456887,-36.96322229807265,359.0000017812846,149.9999987990647,0.4431372582912445,0.48627451062202454,0.45490196347236633,calibrated_uv_reprojection_plus_stereo_left
39.450679779052734,-142.83059692382812,-615.8322143554688,235.9895850670075,204.20950695225127,-35.44105407028667,359.999999701653,149.99999181225704,0.48235294222831726,0.5254902243614197,0.501960813999176,calibrated_uv_reprojection_plus_stereo_left
40.72105026245117,-142.68148803710938,-615.1591186523438,234.8732627958238,203.3588447525056,-34.935883881103734,360.9999992448542,149.99999946518184,0.5137255191802979,0.5529412031173706,0.5372549295425415,calibrated_uv_reprojection_plus_stereo_left
42.010292053222656,-142.6055145263672,-614.8013305664062,233.92967988295692,202.37161075347086,-34.65164089397405,361.9999995111343,149.99999731812346,0.5176470875740051,0.5490196347236633,0.5372549295425415,calibrated_uv_reprojection_plus_stereo_left
43.314205169677734,-142.5821990966797,-614.6705932617188,233.109859280257,201.28509417284573,-34.52646446945971,363.0000001545066,149.9999972399566,0.5215686559677124,0.545098066329956,0.5333333611488342,calibrated_uv_reprojection_plus_stereo_left
44.52541732788086,-142.2638397216797,-613.2680053710938,231.60275647661376,200.76389346717804,-33.51053694899554,364.0000000131132,149.99999901087057,0.5176470875740051,0.5372549295425415,0.529411792755127,calibrated_uv_reprojection_plus_stereo_left
45.783424377441406,-142.1086883544922,-612.5690307617188,230.47843822771762,199.93385763036457,-32.98750172797179,365.0000003177583,149.99999383033307,0.5176470875740051,0.5411764979362488,0.5333333611488342,calibrated_uv_reprojection_plus_stereo_left
47.083099365234375,-142.08767700195312,-612.4483642578125,229.6668916318214,198.84720015214072,-32.86950859554872,365.999998773977,149.99999802818962,0.5176470875740051,0.5411764979362488,0.5372549295425415,calibrated_uv_reprojection_plus_stereo_left
48.37275695800781,-142.03817749023438,-612.2048950195312,228.78959728175766,197.81605380721533,-32.66553411715785,366.9999992257755,149.99999832993504,0.5137255191802979,0.5372549295425415,0.5372549295425415,calibrated_uv_reprojection_plus_stereo_left
49.669960021972656,-142.0126495361328,-612.0647583007812,227.9681340868416,196.73896563541632,-32.533928862705864,368.0000010665224,149.99999817318718,0.5137255191802979,0.5372549295425415,0.529411792755127,calibrated_uv_reprojection_plus_stereo_left
50.9696159362793,-141.9950714111328,-611.9589233398438,227.16522852086098,195.64667511839633,-32.42635205891787,369.00000001733076,150.00000351829493,0.5058823823928833,0.529411792755127,0.5215686559677124,calibrated_uv_reprojection_plus_stereo_left
52.25909423828125,-141.95054626464844,-611.7368774414062,226.30051400963032,194.6075177683107,-32.2374190168066,370.0000017621128,149.9999931517891,0.501960813999176,0.5254902243614197,0.5215686559677124,calibrated_uv_reprojection_plus_stereo_left
53.546260833740234,-141.90187072753906,-611.4970703125,225.42676371647963,193.57715159450584,-32.03608547409317,370.9999992600081,150.00000176029226,0.501960813999176,0.5254902243614197,0.5215686559677124,calibrated_uv_reprojection_plus_stereo_left
54.761356353759766,-141.66888427734375,-610.4630126953125,224.13191623701027,192.91216814932625,-31.278847197127106,371.99999964943487,149.99999998068506,0.4941176474094391,0.5176470875740051,0.5176470875740051,calibrated_uv_reprojection_plus_stereo_left
56.045562744140625,-141.62118530273438,-610.2274169921875,223.26231777935874,191.8827702747143,-31.080538020037693,373.0000017603009,149.9999955046207,0.4941176474094391,0.5176470875740051,0.5176470875740051,calibrated_uv_reprojection_plus_stereo_left
57.33411407470703,-141.58621215820312,-610.0466918945312,222.4221695540374,190.82868419048674,-30.920651598874713,374.0000020391849,149.99999471346737,0.48235294222831726,0.5215686559677124,0.5176470875740051,calibrated_uv_reprojection_plus_stereo_left
58.617122650146484,-141.5392303466797,-609.8143310546875,221.55511805269094,189.7991083759906,-30.72465782796752,374.9999989557138,150.00000992087868,0.47843137383461,0.5176470875740051,0.5098039507865906,calibrated_uv_reprojection_plus_stereo_left
59.87139129638672,-141.42625427246094,-609.2975463867188,220.5389594761374,188.90292187598857,-30.329655467460157,375.99999924176785,150.00000313205229,0.4627451002597809,0.5058823823928833,0.49803921580314636,calibrated_uv_reprojection_plus_stereo_left
61.152095794677734,-141.3790283203125,-609.0640869140625,219.6725994344452,187.87576321466372,-30.132937568652267,377.00000173572084,150.0000009653955,0.46666666865348816,0.5058823823928833,0.501960813999176,calibrated_uv_reprojection_plus_stereo_left
62.43803024291992,-141.345458984375,-608.8895263671875,218.83752408138434,186.82161326830715,-29.97745208318844,377.99999769146416,150.00000776776517,0.4745098054409027,0.49803921580314636,0.49803921580314636,calibrated_uv_reprojection_plus_stereo_left
63.7220573425293,-141.3088836669922,-608.701904296875,217.99595685379535,185.77408947424686,-29.81282833448637,379.0000006464159,149.99999215498454,0.47058823704719543,0.501960813999176,0.49803921580314636,calibrated_uv_reprojection_plus_stereo_left
65.0289306640625,-141.3232421875,-608.7338256835938,217.26909866272644,184.62303100965858,-29.80180515116126,380.00000245732065,150.00000117622093,0.4627451002597809,0.5058823823928833,0.49803921580314636,calibrated_uv_reprojection_plus_stereo_left
66.33577728271484,-141.3368682861328,-608.7625122070312,216.5403855627838,183.4732212155555,-29.788502379374506,380.99999718201434,149.999997197917,0.45098039507865906,0.4941176474094391,0.48627451062202454,calibrated_uv_reprojection_plus_stereo_left
67.63662719726562,-141.33724975585938,-608.7341918945312,215.7819099944008,182.35035921535126,-29.73532684524571,382.00000430292727,150.00000127150395,0.4431372582912445,0.48627451062202454,0.47843137383461,calibrated_uv_reprojection_plus_stereo_left
68.94453430175781,-141.35198974609375,-608.7676391601562,215.05536670995093,181.1978092197345,-29.725337118659183,382.99999975584154,149.99999291001734,0.43921568989753723,0.48235294222831726,0.47843137383461,calibrated_uv_reprojection_plus_stereo_left
70.17755126953125,-141.21530151367188,-608.1490478515625,213.992067565019,180.35893638892833,-29.25939849416119,384.00000317310156,150.00000258649686,0.4431372582912445,0.48235294222831726,0.48235294222831726,calibrated_uv_reprojection_plus_stereo_left
71.4448471069336,-141.1511993408203,-607.8430786132812,213.09114953661367,179.37109158448402,-29.012111858763944,384.99999632417064,150.00000979723555,0.4431372582912445,0.48627451062202454,0.48235294222831726,calibrated_uv_reprojection_plus_stereo_left
72.7123794555664,-141.08970642089844,-607.5482177734375,212.19658716136848,178.37879416216646,-28.772601571082077,386.0000050069144,149.99998970560534,0.4431372582912445,0.48627451062202454,0.47843137383461,calibrated_uv_reprojection_plus_stereo_left
73.96224975585938,-140.99655151367188,-607.1172485351562,211.23285633239954,177.45376021938057,-28.437988504756333,387.0000025105581,150.0000054629757,0.4431372582912445,0.48627451062202454,0.47843137383461,calibrated_uv_reprojection_plus_stereo_left
75.25376892089844,-140.9845428466797,-607.0355834960938,210.44866893394055,176.35934642602757,-28.347584728990967,387.9999966162348,149.99999894793598,0.4470588266849518,0.4901960790157318,0.48235294222831726,calibrated_uv_reprojection_plus_stereo_left
76.52904510498047,-140.94287109375,-606.8262329101562,209.59943523394048,175.32773384831887,-28.167935690361617,388.99999997949664,149.99999690575385,0.4431372582912445,0.47843137383461,0.48235294222831726,calibrated_uv_reprojection_plus_stereo_left
77.81314849853516,-140.91844177246094,-606.6912231445312,208.78841380397228,174.26011622560225,-28.040275595519518,389.9999974150152,150.00001124166164,0.43921568989753723,0.47058823704719543,0.47843137383461,calibrated_uv_reprojection_plus_stereo_left
79.12303924560547,-140.94064331054688,-606.7568359375,208.07945916920715,173.0935829179353,-28.05282161539469,390.99999987060494,150.00000148520428,0.42352941632270813,0.45490196347236633,0.4627451002597809,calibrated_uv_reprojection_plus_stereo_left
80.3653335571289,-140.84353637695312,-606.3088989257812,207.11018836934267,172.18160791726348,-27.706478011805814,391.99999790424806,150.0000033818942,0.4117647111415863,0.4431372582912445,0.45098039507865906,calibrated_uv_reprojection_plus_stereo_left
81.73396301269531,-140.96728515625,-606.8116455078125,206.62211943514626,170.7973542149228,-28.02448778320354,393.0000018238806,149.99999497046142,0.40392157435417175,0.4431372582912445,0.4470588266849518,calibrated_uv_reprojection_plus_stereo_left
83.1376724243164,-141.1466064453125,-607.5535888671875,206.2532348927504,169.2914082765231,-28.509574850533397,393.99999996956853,149.99999438331363,0.4000000059604645,0.4431372582912445,0.4431372582912445,calibrated_uv_reprojection_plus_stereo_left
84.54998779296875,-141.33465576171875,-608.3330688476562,205.90127804961236,167.76366694631417,-29.020806458912602,395.00000257158354,150.00000225655523,0.4000000059604645,0.43921568989753723,0.45098039507865906,calibrated_uv_reprojection_plus_stereo_left
86.02342224121094,-141.61752319335938,-609.5205078125,205.7518816478704,166.02723925520053,-29.816946070283223,396.00000331051655,150.0000001253316,0.4000000059604645,0.43921568989753723,0.4470588266849518,calibrated_uv_reprojection_plus_stereo_left
87.38450622558594,-141.7096405029297,-609.8868408203125,205.18873092277863,164.70152951983226,-30.039355623034794,397.00000398635245,149.99999122683676,0.40392157435417175,0.43529412150382996,0.4313725531101227,calibrated_uv_reprojection_plus_stereo_left
88.88168334960938,-142.01637268066406,-611.1768188476562,205.0854582112372,162.9053508178145,-30.9068976567695,398.000002860006,149.99999597043188,0.3686274588108063,0.4000000059604645,0.3960784375667572,calibrated_uv_reprojection_plus_stereo_left
90.75076293945312,-142.89971923828125,-614.9480590820312,206.2140288627454,159.83980123284363,-33.507327500456825,398.9999948067902,150.00000391927676,0.33725491166114807,0.34117648005485535,0.34117648005485535,calibrated_uv_reprojection_plus_stereo_left
92.60713195800781,-143.7379608154297,-618.5247802734375,207.2366570671021,156.8594285181972,-35.97148074956857,399.9999965048779,150.00000318484643,0.3450980484485626,0.34117648005485535,0.3294117748737335,calibrated_uv_reprojection_plus_stereo_left
22.592374801635742,-142.8288116455078,-621.9274291992188,248.180691548646,217.12505612074364,-40.83254276374606,347.0000003355257,150.999994168061,0.13333334028720856,0.12156862765550613,0.0313725508749485,calibrated_uv_reprojection_plus_stereo_left
23.964263916015625,-143.1138153076172,-623.1380004882812,248.10071022973773,215.46941507729758,-41.64890135269377,348.00000104646483,150.9999938388604,0.0313725508749485,0.04313725605607033,0.003921568859368563,calibrated_uv_reprojection_plus_stereo_left
25.293243408203125,-143.12570190429688,-623.1593627929688,247.3549918645321,214.30317400951424,-41.62997186401947,348.99999989942773,151.0000015575277,0.0313725508749485,0.03529411926865578,0.0,calibrated_uv_reprojection_plus_stereo_left
26.622575759887695,-143.13790893554688,-623.1820678710938,246.60985922753918,213.13611075971392,-41.61197237997072,350.00000090545916,151.0000013886271,0.0313725508749485,0.03529411926865578,0.0,calibrated_uv_reprojection_plus_stereo_left
27.957836151123047,-143.178955078125,-623.330322265625,245.93421189889511,211.91616243044842,-41.682122873263154,351.000000753659,151.0000020679501,0.0313725508749485,0.0313725508749485,0.01568627543747425,calibrated_uv_reprojection_plus_stereo_left
29.235240936279297,-142.93307495117188,-622.2294311523438,244.56658342638354,211.22141029376348,-40.8752011915779,352.0000014727306,150.9999936598232,0.0313725508749485,0.0313725508749485,0.01568627543747425,calibrated_uv_reprojection_plus_stereo_left
30.548032760620117,-142.87368774414062,-621.9405517578125,243.6500380814639,210.1871942451658,-40.63848696516152,353.00000002995915,151.00000088387873,0.0313725508749485,0.0313725508749485,0.01568627543747425,calibrated_uv_reprojection_plus_stereo_left
31.867462158203125,-142.84866333007812,-621.80126953125,242.81653180968954,209.09033377828956,-40.50681688897788,353.99999978573453,151.00000757700207,0.0313725508749485,0.0313725508749485,0.01568627543747425,calibrated_uv_reprojection_plus_stereo_left
33.17652893066406,-142.78074645996094,-621.4752197265625,241.88055211875354,208.07348393654536,-40.24404542493403,354.9999999274013,151.0000002931011,0.0235294122248888,0.03921568766236305,0.019607843831181526,calibrated_uv_reprojection_plus_stereo_left
34.511722564697266,-142.82586669921875,-621.6412353515625,241.21525052088708,206.8468434356522,-40.32668995831153,355.99999915651966,151.0000018152707,0.027450980618596077,0.04313725605607033,0.0235294122248888,calibrated_uv_reprojection_plus_stereo_left
35.79844665527344,-142.6741943359375,-620.95068359375,240.08046384035163,205.98800532465447,-39.808128156733346,357.00000032041527,150.9999929035507,0.0235294122248888,0.0470588244497776,0.0235294122248888,calibrated_uv_reprojection_plus_stereo_left
37.10886764526367,-142.62411499023438,-620.7024536132812,239.18885818757764,204.94040800247654,-39.60006762203864,358.0000006188002,151.00000561122147,0.019607843831181526,0.04313725605607033,0.0235294122248888,calibrated_uv_reprojection_plus_stereo_left
38.3971061706543,-142.4949188232422,-620.10986328125,238.1100559564382,204.0430206119791,-39.15037032242077,358.99999994743274,151.00000455525446,0.0235294122248888,0.0470588244497776,0.03921568766236305,calibrated_uv_reprojection_plus_stereo_left
39.676395416259766,-142.34194946289062,-619.4138793945312,236.97634932063295,203.19273089982642,-38.6281838474203,360.0000012435471,151.00000425732583,0.062745101749897,0.08627451211214066,0.06666667014360428,calibrated_uv_reprojection_plus_stereo_left
40.911102294921875,-142.04380798339844,-618.0862426757812,235.50147151576925,202.6213731497249,-37.66288277924923,361.00000087355255,151.00000088228649,0.125490203499794,0.15294118225574493,0.11764705926179886,calibrated_uv_reprojection_plus_stereo_left
42.15800857543945,-141.80506896972656,-617.0172119140625,234.16972550367223,201.9410927144802,-36.8791530311251,362.0000001993798,150.99999937730271,0.19607843458652496,0.21960784494876862,0.1882352977991104,calibrated_uv_reprojection_plus_stereo_left
43.41022491455078,-141.5978546142578,-616.08544921875,232.91461861734126,201.20401168821382,-36.191831157491436,363.0000026319325,150.99999890102424,0.3176470696926117,0.34117648005485535,0.3176470696926117,calibrated_uv_reprojection_plus_stereo_left
44.60218048095703,-141.21182250976562,-614.3757934570312,231.2424030467227,200.8151119477315,-34.95894539479605,363.9999997638673,151.00000010079236,0.4313725531101227,0.4470588266849518,0.43529412150382996,calibrated_uv_reprojection_plus_stereo_left
45.839962005615234,-140.98854064941406,-613.3743896484375,229.95510293819024,200.11708435652326,-34.22301850374777,364.9999975801415,151.00000835181316,0.47843137383461,0.4941176474094391,0.48627451062202454,calibrated_uv_reprojection_plus_stereo_left
47.09627914428711,-140.83287048339844,-612.6671142578125,228.82795527705656,199.29110062488314,-33.69347183145146,365.99999989011167,150.9999995540457,0.4941176474094391,0.5176470875740051,0.5058823823928833,calibrated_uv_reprojection_plus_stereo_left
48.36908721923828,-140.73338317871094,-612.204345703125,227.83330320953638,198.35781615008216,-33.335474249093465,366.9999998598246,150.9999979676881,0.4941176474094391,0.5137255191802979,0.5058823823928833,calibrated_uv_reprojection_plus_stereo_left
49.65690612792969,-140.68145751953125,-611.948486328125,226.9501798850926,197.3328053909567,-33.122613403885566,368.00000015523653,150.99999296769755,0.49803921580314636,0.5176470875740051,0.5137255191802979,calibrated_uv_reprojection_plus_stereo_left
50.94932556152344,-140.64468383789062,-611.7586059570312,226.10271702859063,196.27871278174945,-32.95604529263818,369.0000009933039,150.99999719646075,0.501960813999176,0.5215686559677124,0.5176470875740051,calibrated_uv_reprojection_plus_stereo_left
52.2375373840332,-140.59823608398438,-611.5266723632812,225.23324541211258,195.24427163950816,-32.76000912737646,370.0000001572504,151.00000313775453,0.501960813999176,0.5176470875740051,0.5137255191802979,calibrated_uv_reprojection_plus_stereo_left
53.530677795410156,-140.5668182373047,-611.3600463867188,224.39887967695137,194.18070545683406,-32.60976956952993,371.0000018971233,150.99999509685878,0.49803921580314636,0.5137255191802979,0.5098039507865906,calibrated_uv_reprojection_plus_stereo_left
54.7382698059082,-140.31741333007812,-610.2454833984375,223.06312571469306,193.55199575940412,-31.795026489655015,371.99999937185095,151.00000199424287,0.4941176474094391,0.5176470875740051,0.5137255191802979,calibrated_uv_reprojection_plus_stereo_left
56.02805709838867,-140.2852325439453,-610.0756225585938,222.22879305376227,192.49258238709382,-31.642599025957963,373.00000096713416,150.99999624870216,0.4941176474094391,0.5176470875740051,0.5137255191802979,calibrated_uv_reprojection_plus_stereo_left
57.31413650512695,-140.24526977539062,-609.8719482421875,221.37694791692024,191.44925370585855,-31.466486536045807,374.0000011791561,150.99999318740657,0.48627451062202454,0.5098039507865906,0.5098039507865906,calibrated_uv_reprojection_plus_stereo_left
58.59873580932617,-140.203369140625,-609.659912109375,220.52108564159124,190.41039773921057,-31.284536691509288,374.999998967927,150.99999884796904,0.48235294222831726,0.5098039507865906,0.5058823823928833,calibrated_uv_reprojection_plus_stereo_left
59.842437744140625,-140.06739807128906,-609.038818359375,219.45114594535067,189.56265507148538,-30.815930501924072,376.00000027886125,150.99999775498122,0.46666666865348816,0.5098039507865906,0.501960813999176,calibrated_uv_reprojection_plus_stereo_left
61.1277961730957,-140.03248596191406,-608.857177734375,218.61249916448674,188.51158057987845,-30.655333850473482,376.99999918332463,150.99999583160326,0.4627451002597809,0.501960813999176,0.49803921580314636,calibrated_uv_reprojection_plus_stereo_left
62.41278076171875,-139.99801635742188,-608.677490234375,217.77519649953894,187.46009103741966,-30.496122316636615,378.0000021995463,150.99999675675275,0.47058823704719543,0.49803921580314636,0.4941176474094391,calibrated_uv_reprojection_plus_stereo_left
63.70049285888672,-139.97080993652344,-608.5293579101562,216.95465821144933,186.39422761201251,-30.359030218265445,379.0000017915336,150.99999147751387,0.46666666865348816,0.49803921580314636,0.4941176474094391,calibrated_uv_reprojection_plus_stereo_left
65.02678680419922,-140.02760314941406,-608.7465209960938,216.32410669629832,185.15590907278482,-30.477883574243776,379.9999990694478,151.0000058773121,0.4470588266849518,0.4901960790157318,0.48235294222831726,calibrated_uv_reprojection_plus_stereo_left
66.3318099975586,-140.03712463378906,-608.758056640625,215.58636240002568,184.01427292420135,-30.452646848089955,381.00000130297457,151.0000015589087,0.42352941632270813,0.46666666865348816,0.4588235318660736,calibrated_uv_reprojection_plus_stereo_left
67.6305923461914,-140.03321838378906,-608.7112426757812,214.8183083163666,182.9002555776638,-30.38653432126773,381.9999991961562,151.00000167442383,0.4117647111415863,0.45490196347236633,0.4470588266849518,calibrated_uv_reprojection_plus_stereo_left
68.94588470458984,-140.06285095214844,-608.8102416992188,214.12545973636009,181.71643203169253,-30.422556107395962,382.9999966105339,151.00000709889412,0.4117647111415863,0.45098039507865906,0.45098039507865906,calibrated_uv_reprojection_plus_stereo_left
70.17610931396484,-139.921630859375,-608.16650390625,213.05007884714655,180.88903335290098,-29.93835918037729,384.00000449740577,150.99999221704388,0.4274509847164154,0.4588235318660736,0.46666666865348816,calibrated_uv_reprojection_plus_stereo_left
71.43696594238281,-139.8453826904297,-607.8052978515625,212.1211883099882,179.92756249037365,-29.652099033037643,385.00000163313416,150.99999284266477,0.4313725531101227,0.47058823704719543,0.47058823704719543,calibrated_uv_reprojection_plus_stereo_left
72.70026397705078,-139.7764129638672,-607.4757690429688,211.20928794525634,178.95192530918757,-29.388057263331063,385.9999991344929,150.99999593140802,0.43529412150382996,0.47843137383461,0.47058823704719543,calibrated_uv_reprojection_plus_stereo_left
73.94397735595703,-139.6727294921875,-606.9954223632812,210.22102363456918,178.05068023736476,-29.018445024398034,386.99999855655506,151.00000165249025,0.4431372582912445,0.48235294222831726,0.4745098054409027,calibrated_uv_reprojection_plus_stereo_left
75.21479797363281,-139.62281799316406,-606.748779296875,209.35293775185943,177.03698408572245,-28.81250625766495,387.99999646164787,151.00000525194355,0.45098039507865906,0.48627451062202454,0.48235294222831726,calibrated_uv_reprojection_plus_stereo_left
76.4780044555664,-139.56057739257812,-606.4485473632812,208.45809843413303,176.05028843538935,-28.5690681834144,388.9999970804703,151.00000291817886,0.45490196347236633,0.48235294222831726,0.47843137383461,calibrated_uv_reprojection_plus_stereo_left
77.74971008300781,-139.51553344726562,-606.2230834960938,207.60180215710074,175.0277698689908,-28.378000918998055,389.99999747983907,151.00000417618614,0.45490196347236633,0.47843137383461,0.47843137383461,calibrated_uv_reprojection_plus_stereo_left
79.03939056396484,-139.50357055664062,-606.141357421875,206.81867920954556,173.93495291493502,-28.287565516651455,390.9999986736522,151.00000248814666,0.43921568989753723,0.47058823704719543,0.46666666865348816,calibrated_uv_reprojection_plus_stereo_left
80.29180908203125,-139.4271697998047,-605.7796630859375,205.8943215943084,172.98101935148355,-28.0011755836685,391.9999987563612,151.00000013019286,0.4274509847164154,0.4588235318660736,0.45490196347236633,calibrated_uv_reprojection_plus_stereo_left
81.67930603027344,-139.5839080810547,-606.430908203125,205.480806983339,171.52437038312615,-28.423753366114397,392.9999997989596,151.00000160991323,0.4117647111415863,0.4470588266849518,0.4431372582912445,calibrated_uv_reprojection_plus_stereo_left
83.07210540771484,-139.7445526123047,-607.0990600585938,205.07407931574295,170.05667511398497,-28.858087028729017,393.99999778715704,151.0000039692316,0.40392157435417175,0.43529412150382996,0.4313725531101227,calibrated_uv_reprojection_plus_stereo_left
84.48119354248047,-139.9271240234375,-607.8623657226562,204.7132912527166,168.53861568487042,-29.358924205288076,394.9999942074369,151.00000109778176,0.3960784375667572,0.43921568989753723,0.43921568989753723,calibrated_uv_reprojection_plus_stereo_left
85.98747253417969,-140.26255798339844,-609.2896118164062,204.68240701512627,166.6835051364671,-30.324237660993276,396.00000226869884,150.9999977469708,0.3960784375667572,0.43921568989753723,0.43921568989753723,calibrated_uv_reprojection_plus_stereo_left
87.36547088623047,-140.38174438476562,-609.7774658203125,204.1794730242537,165.29724032760816,-30.63214742315398,396.99999737335384,151.00000653218314,0.3921568691730499,0.4156862795352936,0.4156862795352936,calibrated_uv_reprojection_plus_stereo_left
88.91288757324219,-140.76553344726562,-611.4144897460938,204.24687684330337,163.32654612246552,-31.743948757692237,397.99999997094784,151.00000153998886,0.34117648005485535,0.3607843220233917,0.3607843220233917,calibrated_uv_reprojection_plus_stereo_left
90.94566345214844,-141.89535522460938,-616.2915649414062,205.91791064169018,159.7013890979145,-35.12212688156666,398.99999997659177,150.99999409797738,0.33725491166114807,0.3333333432674408,0.32549020648002625,calibrated_uv_reprojection_plus_stereo_left
93.16407012939453,-143.27822875976562,-622.2672119140625,208.1206482656752,155.49691680812185,-39.26820905316896,400.000003461538,150.99999270381798,0.3686274588108063,0.3490196168422699,0.32156863808631897,calibrated_uv_reprojection_plus_stereo_left
22.60308074951172,-141.59664916992188,-622.3284301757812,247.43487098068414,217.50974871248025,-41.7945938082176,347.0000003562462,151.9999978049857,0.062745101749897,0.04313725605607033,0.007843137718737125,calibrated_uv_reprojection_plus_stereo_left
23.943029403686523,-141.68490600585938,-622.6860961914062,246.8774537455858,216.20647780159925,-42.01235219114102,348.0000003779813,152.0000021178508,0.05882352963089943,0.062745101749897,0.019607843831181526,calibrated_uv_reprojection_plus_stereo_left
25.280258178710938,-141.74826049804688,-622.9342041015625,246.25818622368251,214.94711484857402,-42.15299682174867,349.00000067656026,151.99999241685413,0.05098039284348488,0.054901961237192154,0.027450980618596077,calibrated_uv_reprojection_plus_stereo_left
26.628795623779297,-141.86514282226562,-623.4176025390625,245.76864474538422,213.5886818442703,-42.45910449644106,350.00000046715115,151.99999893231922,0.05098039284348488,0.054901961237192154,0.027450980618596077,calibrated_uv_reprojection_plus_stereo_left
27.957088470458984,-141.86782836914062,-623.3991088867188,245.0001478788614,212.43820929191844,-42.41218788945639,351.0000007241876,151.9999995758925,0.05098039284348488,0.05098039284348488,0.03529411926865578,calibrated_uv_reprojection_plus_stereo_left
29.24039077758789,-141.6519775390625,-622.4203491210938,243.70148844458907,211.69108296802114,-41.689998623646204,351.9999998466222,151.999998144131,0.05098039284348488,0.05098039284348488,0.03529411926865578,calibrated_uv_reprojection_plus_stereo_left
30.558998107910156,-141.6181182861328,-622.2413330078125,242.84560065136213,210.60992278078476,-41.53025663502643,353.0000001887164,151.999999976163,0.05098039284348488,0.05098039284348488,0.03529411926865578,calibrated_uv_reprojection_plus_stereo_left
31.877164840698242,-141.58480834960938,-622.064697265625,241.99134972653064,209.52823956155117,-41.37219727105838,354.00000021204215,151.9999939174244,0.05098039284348488,0.05098039284348488,0.03529411926865578,calibrated_uv_reprojection_plus_stereo_left
33.197715759277344,-141.56399536132812,-621.9430541992188,241.16755731428464,208.42363216163665,-41.252823290632875,355.0000010078936,152.00000098811356,0.05098039284348488,0.054901961237192154,0.027450980618596077,calibrated_uv_reprojection_plus_stereo_left
34.54804611206055,-141.66661071777344,-622.3636474609375,240.64064071437252,207.0874523974669,-41.514643836716175,355.99999950273804,152.00000615854248,0.054901961237192154,0.06666667014360428,0.03529411926865578,calibrated_uv_reprojection_plus_stereo_left
35.85609436035156,-141.59439086914062,-622.0160522460938,239.69321185536978,206.07941257818612,-41.23641315211631,357.0000006501716,151.99999383911398,0.05098039284348488,0.07058823853731155,0.03921568766236305,calibrated_uv_reprojection_plus_stereo_left
37.16493225097656,-141.53004455566406,-621.7031860351562,238.76541577184292,205.05752573350924,-40.98263896847851,357.9999985648847,152.00000100318204,0.05098039284348488,0.07058823853731155,0.03921568766236305,calibrated_uv_reprojection_plus_stereo_left
38.4610481262207,-141.42308044433594,-621.2030639648438,237.73650186995536,204.1177264756604,-40.59727523168368,359.0000008122827,151.99999402733104,0.05098039284348488,0.07058823853731155,0.03921568766236305,calibrated_uv_reprojection_plus_stereo_left
39.803958892822266,-141.48931884765625,-621.4638061523438,237.12129278928865,202.84862850152558,-40.746683736251214,360.00000038636784,151.99999778247698,0.05098039284348488,0.06666667014360428,0.03921568766236305,calibrated_uv_reprojection_plus_stereo_left
41.081668853759766,-141.32675170898438,-620.7195434570312,235.96155972228155,202.01745083442546,-40.189817520249846,360.9999995504497,151.9999945130258,0.03921568766236305,0.054901961237192154,0.0313725508749485,calibrated_uv_reprojection_plus_stereo_left
42.29801940917969,-140.96957397460938,-619.1207275390625,234.34217630610897,201.5638050689792,-39.03257255788867,361.99999915511955,152.0000057760944,0.03529411926865578,0.0470588244497776,0.019607843831181526,calibrated_uv_reprojection_plus_stereo_left
43.50564956665039,-140.60562133789062,-617.4921875,232.71058304152416,201.12901854463928,-37.85459790630398,363.0000003959789,151.99999597859846,0.34117648005485535,0.3450980484485626,0.3176470696926117,calibrated_uv_reprojection_plus_stereo_left
44.70508575439453,-140.2371063232422,-615.8438720703125,231.0722000924731,200.70888130451385,-36.66291478190976,364.0000005345954,152.00000454095078,0.6039215922355652,0.6039215922355652,0.5764706134796143,calibrated_uv_reprojection_plus_stereo_left
45.95458221435547,-140.04197692871094,-614.95703125,229.84603248200034,199.95635710549658,-36.00633644186627,365.00000039009774,152.00000304875314,0.6431372761726379,0.6431372761726379,0.615686297416687,calibrated_uv_reprojection_plus_stereo_left
47.189945220947266,-139.8155975341797,-613.9330444335938,228.54854508289623,199.26815521729299,-35.25351097683546,365.9999990724829,152.00000008245377,0.5686274766921997,0.5647059082984924,0.5411764979362488,calibrated_uv_reprojection_plus_stereo_left
48.40206527709961,-139.5342254638672,-612.6676635742188,227.12459596316478,198.69174386892433,-34.3312354873006,367.00000149749405,151.99999241130985,0.41960784792900085,0.41960784792900085,0.3921568691730499,calibrated_uv_reprojection_plus_stereo_left
49.62104797363281,-139.28671264648438,-611.5511474609375,225.78288521040218,198.0529092743909,-33.51365622396861,367.99999934026187,151.99999935107587,0.4745098054409027,0.47058823704719543,0.46666666865348816,calibrated_uv_reprojection_plus_stereo_left
50.88684844970703,-139.1797332763672,-611.0516967773438,224.77164707130873,197.13927690569187,-33.129544340725715,369.00000095609755,152.00000042155685,0.5098039507865906,0.501960813999176,0.501960813999176,calibrated_uv_reprojection_plus_stereo_left
52.153175354003906,-139.07931518554688,-610.5811157226562,223.7768158323247,196.21424007361543,-32.76575740642386,370.0000007646919,152.00000505709798,0.4941176474094391,0.5058823823928833,0.5058823823928833,calibrated_uv_reprojection_plus_stereo_left
53.44933319091797,-139.0612335205078,-610.4719848632812,222.97419194212318,195.1261387545366,-32.65581262663511,370.99999945076723,152.00000199005092,0.4901960790157318,0.501960813999176,0.49803921580314636,calibrated_uv_reprojection_plus_stereo_left
54.69077682495117,-138.9048614501953,-609.7557983398438,221.85140047933993,194.31591695571427,-32.11964858026238,372.00000023777534,151.99999835949149,0.4901960790157318,0.5137255191802979,0.5058823823928833,calibrated_uv_reprojection_plus_stereo_left
55.977783203125,-138.8686065673828,-609.5670166015625,221.00787988407342,193.26600211362717,-31.953839825661362,372.99999772052854,152.00000914438294,0.48235294222831726,0.5058823823928833,0.501960813999176,calibrated_uv_reprojection_plus_stereo_left
57.283241271972656,-138.87857055664062,-609.5809936523438,220.2712163657966,192.1231085680891,-31.930370714422338,374.0000009991804,151.99999822064603,0.47843137383461,0.501960813999176,0.49803921580314636,calibrated_uv_reprojection_plus_stereo_left
58.58769989013672,-138.88555908203125,-609.5819702148438,219.52758710822746,190.98602195590513,-31.897777039739537,374.99999814154677,151.99999865668656,0.4745098054409027,0.501960813999176,0.49803921580314636,calibrated_uv_reprojection_plus_stereo_left
59.825538635253906,-138.73756408691406,-608.9027709960938,218.42825217786788,190.16492085590028,-31.387765734629795,375.99999977434004,152.0000049319475,0.46666666865348816,0.5058823823928833,0.501960813999176,calibrated_uv_reprojection_plus_stereo_left
61.111392974853516,-138.7047119140625,-608.7288818359375,217.59402601446652,189.1103529987891,-31.23246499529489,376.9999981439874,151.99999799391787,0.4627451002597809,0.5058823823928833,0.49803921580314636,calibrated_uv_reprojection_plus_stereo_left
62.39888000488281,-138.6766815185547,-608.5762329101562,216.77115157991273,188.04631426197892,-31.092092313078297,377.99999746065714,152.0000029340612,0.4627451002597809,0.5058823823928833,0.49803921580314636,calibrated_uv_reprojection_plus_stereo_left
63.68659591674805,-138.650146484375,-608.4301147460938,215.95193373548273,186.97959563615132,-30.956309242608484,378.9999973496934,152.00000057239185,0.4588235318660736,0.501960813999176,0.4941176474094391,calibrated_uv_reprojection_plus_stereo_left
64.9731216430664,-138.62197875976562,-608.27685546875,215.12925914509736,185.91662339207795,-30.81552785525969,379.999997410108,152.00000057134054,0.43529412150382996,0.47843137383461,0.47058823704719543,calibrated_uv_reprojection_plus_stereo_left
66.26757049560547,-138.611328125,-608.2005004882812,214.34657360074135,184.8175870421219,-30.72872009151115,380.9999991668516,152.0000062287138,0.4274509847164154,0.47058823704719543,0.4627451002597809,calibrated_uv_reprojection_plus_stereo_left
67.55339813232422,-138.58326721191406,-608.0477294921875,213.52457948273593,183.75503819453553,-30.588300758391824,381.9999989606002,152.00000666979724,0.43921568989753723,0.48235294222831726,0.4745098054409027,calibrated_uv_reprojection_plus_stereo_left
68.8494644165039,-138.5767364501953,-607.9893798828125,212.75140659647457,182.6477570944865,-30.51412552412728,383.00000076863796,151.99999832729276,0.4431372582912445,0.47843137383461,0.4745098054409027,calibrated_uv_reprojection_plus_stereo_left
70.09104919433594,-138.46267700195312,-607.4593505859375,211.73628165543312,181.766823336298,-30.109093071762118,383.9999984778276,152.00000152404647,0.4470588266849518,0.4745098054409027,0.4745098054409027,calibrated_uv_reprojection_plus_stereo_left
71.35498046875,-138.39596557617188,-607.1370239257812,210.82864245240665,180.78764833472616,-29.84979107387528,385.0000033576928,151.99999451205915,0.4431372582912445,0.48235294222831726,0.4745098054409027,calibrated_uv_reprojection_plus_stereo_left
72.62120819091797,-138.33587646484375,-606.8438720703125,209.9365641281284,179.7954179655776,-29.610992836293633,385.9999996240545,152.00000460727642,0.4431372582912445,0.48627451062202454,0.47843137383461,calibrated_uv_reprojection_plus_stereo_left
73.88111877441406,-138.2659454345703,-606.5075073242188,209.0230876587794,178.82507303803402,-29.341908655390284,387.00000018536485,152.0000032646912,0.45098039507865906,0.48627451062202454,0.48235294222831726,calibrated_uv_reprojection_plus_stereo_left
75.18419647216797,-138.27769470214844,-606.5294189453125,208.29237035823064,177.6812474644745,-29.324092641146365,388.00000092595394,151.99999709389976,0.45490196347236633,0.48627451062202454,0.48235294222831726,calibrated_uv_reprojection_plus_stereo_left
76.45012664794922,-138.22174072265625,-606.2544555664062,207.41099110653818,176.68237841964998,-29.098113215168496,388.99999958494107,152.00000586157563,0.45490196347236633,0.48235294222831726,0.48235294222831726,calibrated_uv_reprojection_plus_stereo_left
77.72766876220703,-138.1881866455078,-606.07763671875,206.57981659973524,175.63616188255259,-28.940957134426185,390.00000329779846,151.99999329835,0.45490196347236633,0.47843137383461,0.47843137383461,calibrated_uv_reprojection_plus_stereo_left
79.00518035888672,-138.15554809570312,-605.9049072265625,205.75101627981974,174.58842698569077,-28.786689590676872,391.0000046539891,151.9999915394751,0.4431372582912445,0.48235294222831726,0.4745098054409027,calibrated_uv_reprojection_plus_stereo_left
80.29167175292969,-138.1392822265625,-605.8040771484375,204.9586963178357,173.50561007821136,-28.682849440541077,392.00000116866875,152.00000480155992,0.4274509847164154,0.47058823704719543,0.4627451002597809,calibrated_uv_reprojection_plus_stereo_left
81.60738372802734,-138.17291259765625,-605.9219360351562,204.27631062289078,172.3143895041112,-28.732295542883662,392.99999893137846,151.99999628689073,0.41960784792900085,0.45098039507865906,0.4470588266849518,calibrated_uv_reprojection_plus_stereo_left
82.9365463256836,-138.22776794433594,-606.1329345703125,203.64014945638127,171.07613634707917,-28.84701657003285,393.99999878899257,152.00000250078676,0.4000000059604645,0.43529412150382996,0.4274509847164154,calibrated_uv_reprojection_plus_stereo_left
84.30690002441406,-138.34841918945312,-606.63232421875,203.14743292910538,169.69262006216593,-29.163821522702733,395.000004865531,151.99999347793576,0.4000000059604645,0.4313725531101227,0.4274509847164154,calibrated_uv_reprojection_plus_stereo_left
85.77159118652344,-138.61776733398438,-607.7837524414062,202.97829772334467,167.9796487380047,-29.937534176455756,395.99999444132345,152.0000046311365,0.3921568691730499,0.42352941632270813,0.41960784792900085,calibrated_uv_reprojection_plus_stereo_left
87.17184448242188,-138.7763671875,-608.4494018554688,202.56475697052622,166.50703193619398,-30.370692930610687,396.9999967644129,151.99999855234898,0.3686274588108063,0.3764705955982208,0.3764705955982208,calibrated_uv_reprojection_plus_stereo_left
88.9260482788086,-139.48536682128906,-611.528076171875,203.34601298393824,163.8109415246804,-32.49458047623642,397.9999993671899,152.00000058799216,0.3333333432674408,0.33725491166114807,0.3294117748737335,calibrated_uv_reprojection_plus_stereo_left
91.37109375,-141.24160766601562,-619.1974487304688,206.39039159498066,158.77200281867664,-37.834559512587816,399.0000007749243,151.99999230143422,0.35686275362968445,0.34117648005485535,0.2980392277240753,calibrated_uv_reprojection_plus_stereo_left
22.59723663330078,-140.26007080078125,-622.2738647460938,246.4342366479744,218.0819328562188,-42.436554012524994,346.9999991793372,153.00000677982246,0.0784313753247261,0.062745101749897,0.0117647061124444,calibrated_uv_reprojection_plus_stereo_left
23.951555252075195,-140.432373046875,-623.0081176757812,246.08539572431778,216.62401196581527,-42.92006010787753,348.0000005928531,152.99999521754688,0.05882352963089943,0.06666667014360428,0.0117647061124444,calibrated_uv_reprojection_plus_stereo_left
25.293472290039062,-140.5172882080078,-623.354736328125,245.5198438286239,215.32356183823174,-43.13041815012741,348.9999991087244,153.0000011324591,0.05882352963089943,0.062745101749897,0.03529411926865578,calibrated_uv_reprojection_plus_stereo_left
26.631364822387695,-140.5720977783203,-623.5677490234375,244.87946496005384,214.07716407700747,-43.24661724865928,349.99999933655664,153.00000337461285,0.05882352963089943,0.062745101749897,0.03529411926865578,calibrated_uv_reprojection_plus_stereo_left
27.96022605895996,-140.575927734375,-623.5545654296875,244.1136691902164,212.92420971876533,-43.20346035054217,351.0000006109451,152.9999988033421,0.05882352963089943,0.062745101749897,0.03529411926865578,calibrated_uv_reprojection_plus_stereo_left
29.240678787231445,-140.3467254638672,-622.5077514648438,242.77881118507173,212.20449248282483,-42.432309213874134,352.00000040458985,152.99999203763304,0.05098039284348488,0.054901961237192154,0.027450980618596077,calibrated_uv_reprojection_plus_stereo_left
30.560985565185547,-140.32003784179688,-622.359375,241.9398338708151,211.1101511430084,-42.294005354658054,352.9999998164324,153.00000751063908,0.05098039284348488,0.05098039284348488,0.03529411926865578,calibrated_uv_reprojection_plus_stereo_left
31.877161026000977,-140.277099609375,-622.1387939453125,241.06155561345008,210.04671391061447,-42.104849998945326,353.99999897378717,152.9999988569497,0.05098039284348488,0.05098039284348488,0.03529411926865578,calibrated_uv_reprojection_plus_stereo_left
33.198265075683594,-140.25807189941406,-622.0243530273438,240.2417230061679,208.93883351608736,-41.99046062489401,355.0000007089591,153.00000445473617,0.05098039284348488,0.054901961237192154,0.027450980618596077,calibrated_uv_reprojection_plus_stereo_left
34.5540657043457,-140.38119506835938,-622.5402221679688,239.76596735903354,207.56224448247656,-42.31986113161838,356.0000009776802,152.9999956442304,0.054901961237192154,0.05882352963089943,0.0313725508749485,calibrated_uv_reprojection_plus_stereo_left
35.86191940307617,-140.3073272705078,-622.1826171875,238.81331719108886,206.5579105794203,-42.03426148837525,356.9999982816786,153.00000764446753,0.05882352963089943,0.062745101749897,0.03529411926865578,calibrated_uv_reprojection_plus_stereo_left
37.175872802734375,-140.261474609375,-621.9490966796875,237.92884531234256,205.50130045132812,-41.83602827108439,358.00000116761055,152.9999906321915,0.05882352963089943,0.06666667014360428,0.03921568766236305,calibrated_uv_reprojection_plus_stereo_left
38.480072021484375,-140.18296813964844,-621.5709228515625,236.96641554671498,204.5079277339742,-41.536004041647345,359.0000013139913,152.9999932770407,0.05098039284348488,0.07058823853731155,0.03921568766236305,calibrated_uv_reprojection_plus_stereo_left
39.79962921142578,-140.16351318359375,-621.4546508789062,236.1464033847867,203.40209085812285,-41.420365840899194,360.00000012902854,153.00000413533252,0.05098039284348488,0.07058823853731155,0.03921568766236305,calibrated_uv_reprojection_plus_stereo_left
41.1112060546875,-140.1178741455078,-621.2222290039062,235.26390577003656,202.34714489469513,-41.22297937649148,360.9999998300118,153.00000347050437,0.05098039284348488,0.07058823853731155,0.03921568766236305,calibrated_uv_reprojection_plus_stereo_left
42.388946533203125,-139.96311950683594,-620.506103515625,234.12148156977088,201.5046865677014,-40.685205191898035,361.99999825307845,153.00000733037731,0.06666667014360428,0.07450980693101883,0.0470588244497776,calibrated_uv_reprojection_plus_stereo_left
43.571353912353516,-139.5122528076172,-618.4772338867188,232.27565903254128,201.24194391133398,-39.22370706860153,363.0000015864724,152.99999364176864,0.47843137383461,0.48235294222831726,0.45098039507865906,calibrated_uv_reprojection_plus_stereo_left
44.76158142089844,-139.11195373535156,-616.6728515625,230.55494253409563,200.88746842788777,-37.920400850082274,363.9999992887736,153.000002669053,0.6705882549285889,0.6705882549285889,0.6431372761726379,calibrated_uv_reprojection_plus_stereo_left
46.03108215332031,-138.9736328125,-616.0298461914062,229.45943565632683,200.024522914202,-37.43441859013717,364.99999861744607,153.00000031668762,0.7176470756530762,0.7176470756530762,0.6901960968971252,calibrated_uv_reprojection_plus_stereo_left
47.304443359375,-138.85411071777344,-615.47021484375,228.40985707197564,199.12666946883252,-37.007157244219,365.99999815992487,152.99999633899463,0.6784313917160034,0.6549019813537598,0.6352941393852234,calibrated_uv_reprojection_plus_stereo_left
48.589481353759766,-138.774169921875,-615.0861206054688,227.45493996378326,198.15223453999113,-36.70344585017983,366.99999931598705,153.0000013159734,0.4313725531101227,0.40392157435417175,0.38823530077934265,calibrated_uv_reprojection_plus_stereo_left
49.8018684387207,-138.49620056152344,-613.8243408203125,226.0348194934603,197.5731592185736,-35.782373391915996,368.000001327287,152.9999989840685,0.5254902243614197,0.49803921580314636,0.48627451062202454,calibrated_uv_reprojection_plus_stereo_left
51.01740646362305,-138.24082946777344,-612.662841796875,224.67078855277452,196.9533997467572,-34.931969966451504,368.9999999758192,152.9999985092748,0.5098039507865906,0.48235294222831726,0.47058823704719543,calibrated_uv_reprojection_plus_stereo_left
52.23146057128906,-137.99411010742188,-611.539794921875,223.32980109141107,196.32038587892242,-34.10873264789183,369.9999981788063,152.9999985157271,0.4745098054409027,0.4745098054409027,0.47058823704719543,calibrated_uv_reprojection_plus_stereo_left
53.451507568359375,-137.774658203125,-610.5377197265625,222.0552220911688,195.63638555003365,-33.37069207995086,371.0000011303141,153.0000044016008,0.43921568989753723,0.43921568989753723,0.43529412150382996,calibrated_uv_reprojection_plus_stereo_left
54.700626373291016,-137.63864135742188,-609.9053955078125,220.9775121583305,194.78715823224343,-32.892763199480896,372.00000226681294,152.99999993172452,0.48627451062202454,0.5058823823928833,0.49803921580314636,calibrated_uv_reprojection_plus_stereo_left
55.97682571411133,-137.57533264160156,-609.5953369140625,220.07037909160402,193.7924135827502,-32.64150733867132,372.9999994892425,153.0000023179618,0.47843137383461,0.49803921580314636,0.4901960790157318,calibrated_uv_reprojection_plus_stereo_left
57.27682876586914,-137.5718994140625,-609.550537109375,219.30280091177764,192.67656508745443,-32.57677794016763,374.0000019515062,152.999994003999,0.46666666865348816,0.4901960790157318,0.48235294222831726,calibrated_uv_reprojection_plus_stereo_left
58.58652877807617,-137.59121704101562,-609.6066284179688,218.58791626451097,191.51410503699896,-32.582990836155375,375.0000000215243,153.00000167060634,0.47058823704719543,0.4941176474094391,0.48627451062202454,calibrated_uv_reprojection_plus_stereo_left
59.822113037109375,-137.4392547607422,-608.90380859375,217.47723376634252,190.70334207985388,-32.05567195014595,376.00000228935374,152.99999694204558,0.4745098054409027,0.49803921580314636,0.49803921580314636,calibrated_uv_reprojection_plus_stereo_left
61.10578536987305,-137.4017333984375,-608.7080688476562,216.63183201034292,189.65883383528438,-31.88487609707289,377.00000045337106,152.9999970287226,0.46666666865348816,0.49803921580314636,0.4941176474094391,calibrated_uv_reprojection_plus_stereo_left
62.39503479003906,-137.3778839111328,-608.5729370117188,215.81823068834615,188.58653851012963,-31.756700301261276,378.00000095286407,153.00000201763828,0.4588235318660736,0.501960813999176,0.4941176474094391,calibrated_uv_reprojection_plus_stereo_left
63.680912017822266,-137.34759521484375,-608.4092407226562,214.99007215634407,187.5279839113973,-31.6084524780444,378.9999999508892,152.9999984291798,0.45490196347236633,0.49803921580314636,0.4901960790157318,calibrated_uv_reprojection_plus_stereo_left
64.96365356445312,-137.31173706054688,-608.2208862304688,214.1494682097233,186.48149070731648,-31.44288821379854,379.99999968089026,152.99999488915586,0.4470588266849518,0.4901960790157318,0.48235294222831726,calibrated_uv_reprojection_plus_stereo_left
66.25537109375,-137.2957305908203,-608.1205444335938,213.35453843196115,185.39388449277857,-31.33919636747396,380.99999602986543,153.0000035732077,0.4470588266849518,0.4901960790157318,0.48235294222831726,calibrated_uv_reprojection_plus_stereo_left
67.54105377197266,-137.26792907714844,-607.9678955078125,212.53286833385016,184.33131977452365,-31.19874733004019,381.9999983632602,152.9999998597031,0.45098039507865906,0.4941176474094391,0.48627451062202454,calibrated_uv_reprojection_plus_stereo_left
68.82427978515625,-137.2361297607422,-607.7975463867188,211.7023828972488,183.2775918564335,-31.045872837651814,383.00000340640514,152.9999953112473,0.4470588266849518,0.48627451062202454,0.48235294222831726,calibrated_uv_reprojection_plus_stereo_left
70.08348083496094,-137.15835571289062,-607.4237060546875,210.76811878062432,182.32179559920002,-30.750059160167268,383.99999725242384,153.0000084412699,0.4431372582912445,0.47843137383461,0.4745098054409027,calibrated_uv_reprojection_plus_stereo_left
71.35295867919922,-137.10301208496094,-607.1491088867188,209.885301115995,181.31948630530735,-30.523985851808675,385.00000469965715,153.00000076581932,0.43921568989753723,0.4745098054409027,0.47058823704719543,calibrated_uv_reprojection_plus_stereo_left
72.62532043457031,-137.0549774169922,-606.9069213867188,209.01954357281272,180.3024044115432,-30.32070659599208,386.0000003812462,152.99999685386206,0.43921568989753723,0.4745098054409027,0.47058823704719543,calibrated_uv_reprojection_plus_stereo_left
73.89363098144531,-137.0009765625,-606.6383666992188,208.14087116938703,179.2988312023316,-30.0989322134061,386.9999967387974,152.99999852043226,0.4470588266849518,0.48235294222831726,0.47843137383461,calibrated_uv_reprojection_plus_stereo_left
75.18108367919922,-136.9835662841797,-606.5318603515625,207.34482075583122,178.21727090354187,-29.990996670925767,388.00000036972,153.00000233071097,0.45490196347236633,0.48627451062202454,0.48235294222831726,calibrated_uv_reprojection_plus_stereo_left
76.4529037475586,-136.93862915039062,-606.303466796875,206.48733049772767,177.19544491411403,-29.797466066380537,389.0000007445902,153.0000032694515,0.4588235318660736,0.4901960790157318,0.48235294222831726,calibrated_uv_reprojection_plus_stereo_left
77.72586059570312,-136.89706420898438,-606.0900268554688,205.63782290929737,176.1669714865959,-29.614456979768875,390.0000017429454,153.00000527244947,0.4588235318660736,0.4901960790157318,0.48235294222831726,calibrated_uv_reprojection_plus_stereo_left
78.99159240722656,-136.84423828125,-605.8267211914062,204.7636562988979,175.1636569932656,-29.396448414745123,390.9999985007888,153.00000233806827,0.45098039507865906,0.4941176474094391,0.48627451062202454,calibrated_uv_reprojection_plus_stereo_left
80.27405548095703,-136.82150268554688,-605.6966552734375,203.95685700316926,174.09535536968377,-29.272015565290644,391.9999988101858,153.00000141627734,0.4313725531101227,0.4745098054409027,0.46666666865348816,calibrated_uv_reprojection_plus_stereo_left
81.57245635986328,-136.8260955810547,-605.6876220703125,203.21082466548802,172.96737988284144,-29.232571002708937,392.99999738434775,153.00000915386153,0.40784314274787903,0.45098039507865906,0.4431372582912445,calibrated_uv_reprojection_plus_stereo_left
82.92403411865234,-136.91824340820312,-606.0660400390625,202.6581334813551,171.6464719680032,-29.46510622966838,394.00000005111804,152.99999848625654,0.3921568691730499,0.43529412150382996,0.4274509847164154,calibrated_uv_reprojection_plus_stereo_left
84.31517791748047,-137.07174682617188,-606.716064453125,202.23964613792208,170.1883361444709,-29.888260081615044,395.00000170175775,153.0000002985308,0.3960784375667572,0.41960784792900085,0.4156862795352936,calibrated_uv_reprojection_plus_stereo_left
85.69989013671875,-137.21018981933594,-607.2993774414062,201.78631547774324,168.76104510255294,-30.26451454076704,395.9999985045177,153.00000459232115,0.3764705955982208,0.3960784375667572,0.3921568691730499,calibrated_uv_reprojection_plus_stereo_left
87.1229476928711,-137.4048614501953,-608.1314697265625,201.45472258960018,167.20621773802367,-30.815303760634833,396.9999963292263,153.0000056958055,0.3450980484485626,0.3529411852359772,0.34117648005485535,calibrated_uv_reprojection_plus_stereo_left
89.17124938964844,-138.5652618408203,-613.2373657226562,203.23354294705769,163.4896411466662,-34.365325266447655,398.0000059535686,152.99999631988476,0.3333333432674408,0.3333333432674408,0.30980393290519714,calibrated_uv_reprojection_plus_stereo_left
92.0354232788086,-140.94131469726562,-623.7225952148438,207.65217921665504,157.02696106931046,-41.689689788984424,398.9999982238994,153.00000034254128,0.4000000059604645,0.3607843220233917,0.2862745225429535,calibrated_uv_reprojection_plus_stereo_left
22.59592628479004,-138.9515838623047,-622.3441162109375,245.50303763525665,218.6029614753345,-43.16647869174915,346.99999897776075,154.00000891824186,0.09019608050584793,0.07058823853731155,0.027450980618596077,calibrated_uv_reprojection_plus_stereo_left
23.959901809692383,-139.17742919921875,-623.3256225585938,245.28980991680936,217.04398585730956,-43.82530163459387,347.99999960416505,153.9999988095497,0.06666667014360428,0.07058823853731155,0.027450980618596077,calibrated_uv_reprojection_plus_stereo_left
25.29584503173828,-139.22486877441406,-623.5081176757812,244.63256867802983,215.81103346128447,-43.92027046166868,348.99999919795806,153.99999956439353,0.06666667014360428,0.07058823853731155,0.04313725605607033,calibrated_uv_reprojection_plus_stereo_left
26.63222312927246,-139.2694549560547,-623.6777954101562,243.96770301287438,214.58253855494553,-44.00616960761931,350.0000007040825,153.99999743592855,0.06666667014360428,0.07058823853731155,0.04313725605607033,calibrated_uv_reprojection_plus_stereo_left
27.96613311767578,-139.29714965820312,-623.7718505859375,243.2607027765501,213.38474192062029,-44.03870165711953,351.0000000685146,154.00000173167308,0.06666667014360428,0.07058823853731155,0.04313725605607033,calibrated_uv_reprojection_plus_stereo_left
29.23943328857422,-139.03378295898438,-622.5625610351562,241.83794270383288,212.731710404988,-43.1518405016119,351.9999997863121,154.00000224640786,0.062745101749897,0.06666667014360428,0.03921568766236305,calibrated_uv_reprojection_plus_stereo_left
30.560325622558594,-139.00941467285156,-622.4235229492188,241.00417863836628,211.63323782938483,-43.02000041644476,352.99999959128525,154.00000429358187,0.062745101749897,0.06666667014360428,0.03921568766236305,calibrated_uv_reprojection_plus_stereo_left
31.884342193603516,-139.00038146972656,-622.3530883789062,240.20813834732547,210.50614210123575,-42.93654797430122,354.0000002269254,153.9999952501541,0.062745101749897,0.06666667014360428,0.03529411926865578,calibrated_uv_reprojection_plus_stereo_left
33.19849395751953,-138.95045471191406,-622.0996704101562,239.31236527386324,209.45671942250607,-42.724063441765,355.00000025209056,154.00000310296667,0.062745101749897,0.06666667014360428,0.0235294122248888,calibrated_uv_reprojection_plus_stereo_left
34.55179214477539,-139.06163024902344,-622.5674438476562,238.80946317757935,208.10096229933146,-43.020162848393056,356.00000096455057,153.9999991376086,0.05882352963089943,0.062745101749897,0.027450980618596077,calibrated_uv_reprojection_plus_stereo_left
35.863338470458984,-139.00247192382812,-622.2726440429688,237.89136268768374,207.06942415941825,-42.778497668891816,357.0000012680966,153.9999969029895,0.062745101749897,0.06666667014360428,0.03921568766236305,calibrated_uv_reprojection_plus_stereo_left
37.18010711669922,-138.96676635742188,-622.0828857421875,237.03075048613482,205.9936899687367,-42.610924729909755,358.00000229860035,154.0000000193301,0.05882352963089943,0.06666667014360428,0.0313725508749485,calibrated_uv_reprojection_plus_stereo_left
38.498348236083984,-138.93858337402344,-621.9268188476562,236.18869381130958,204.90395613805805,-42.467120910301446,358.9999998401209,154.00000388959228,0.05098039284348488,0.07058823853731155,0.0235294122248888,calibrated_uv_reprojection_plus_stereo_left
39.800235748291016,-138.85496520996094,-621.5225830078125,235.21310336560248,203.92214031370509,-42.14837344286963,359.9999996436091,153.99999959889448,0.05882352963089943,0.07058823853731155,0.03529411926865578,calibrated_uv_reprojection_plus_stereo_left
41.11851119995117,-138.83180236816406,-621.3890380859375,234.38398996971705,202.823877343368,-42.02048485697418,360.99999981431654,154.0000068139069,0.07058823853731155,0.07450980693101883,0.0470588244497776,calibrated_uv_reprojection_plus_stereo_left
42.42130661010742,-138.7592315673828,-621.0342407226562,233.4363536911439,201.82260395748,-41.73664009777718,362.00000142288815,153.9999922144371,0.0941176488995552,0.09803921729326248,0.062745101749897,calibrated_uv_reprojection_plus_stereo_left
43.62827682495117,-138.38685607910156,-619.3378295898438,231.77099905228073,201.41123712938673,-40.50727196382991,363.0000006172031,153.9999953832353,0.5058823823928833,0.5098039507865906,0.46666666865348816,calibrated_uv_reprojection_plus_stereo_left
44.77416229248047,-137.84808349609375,-616.8969116210938,229.71188132876847,201.33411411282202,-38.75339465286817,363.9999980286461,153.99999747824728,0.6901960968971252,0.6901960968971252,0.658823549747467,calibrated_uv_reprojection_plus_stereo_left
46.038856506347656,-137.69517517089844,-616.1829223632812,228.57918544812293,200.50162493638044,-38.21672432895281,365.0000018732486,153.9999934765039,0.7254902124404907,0.7254902124404907,0.6980392336845398,calibrated_uv_reprojection_plus_stereo_left
47.330448150634766,-137.62876892089844,-615.8561401367188,227.65404954659436,199.49955134888796,-37.95297464335306,365.99999856895244,154.00000075751575,0.7568627595901489,0.7529411911964417,0.7254902124404907,calibrated_uv_reprojection_plus_stereo_left
48.62976837158203,-137.5876007080078,-615.6422729492188,226.78951657326957,198.44811931339228,-37.768808519300705,366.99999989707715,154.000001129959,0.729411780834198,0.7254902124404907,0.6980392336845398,calibrated_uv_reprojection_plus_stereo_left
49.90830612182617,-137.49114990234375,-615.1810302734375,225.79443223498492,197.50816573666037,-37.41037313890297,368.0000018616361,153.99999487459706,0.7372549176216125,0.7333333492279053,0.6941176652908325,calibrated_uv_reprojection_plus_stereo_left
51.173805236816406,-137.3644561767578,-614.5845336914062,224.72891821509387,196.63062721293772,-36.95670203474282,369.0000004406807,153.9999914081747,0.529411792755127,0.5254902243614197,0.48627451062202454,calibrated_uv_reprojection_plus_stereo_left
52.421199798583984,-137.19650268554688,-613.8035888671875,223.56753130693323,195.83849346692944,-36.37317231483303,369.9999982993408,154.00000345557464,0.46666666865348816,0.46666666865348816,0.43921568989753723,calibrated_uv_reprojection_plus_stereo_left
53.621307373046875,-136.9158172607422,-612.518310546875,222.14278985217874,195.2779195736665,-35.43447879507056,370.9999991291659,154.00000237162573,0.3529411852359772,0.3529411852359772,0.3294117748737335,calibrated_uv_reprojection_plus_stereo_left
54.764259338378906,-136.50584411621094,-610.65478515625,220.41775988833444,194.98541056850985,-34.088654432429394,372.00000053996774,154.00000099165962,0.46666666865348816,0.46666666865348816,0.4627451002597809,calibrated_uv_reprojection_plus_stereo_left
56.00949478149414,-136.36378479003906,-609.9898681640625,219.32441844904093,194.1513542941292,-33.587153345880324,373.000002268725,153.99999730950486,0.48235294222831726,0.48627451062202454,0.48235294222831726,calibrated_uv_reprojection_plus_stereo_left
57.27979278564453,-136.2876434326172,-609.619873046875,218.3865639926555,193.18414066651286,-33.29340504153015,374.0000027131699,153.9999951009333,0.46666666865348816,0.4901960790157318,0.48235294222831726,calibrated_uv_reprojection_plus_stereo_left
58.56520080566406,-136.2498779296875,-609.4215698242188,217.53893027281447,192.1389560031763,-33.12058982972542,374.99999971759587,153.9999949885757,0.45490196347236633,0.4745098054409027,0.47058823704719543,calibrated_uv_reprojection_plus_stereo_left
59.82893753051758,-136.16424560546875,-609.0092163085938,216.580427557644,191.19345135067374,-32.797082574220894,376.0000024171315,153.9999991306971,0.45490196347236633,0.47843137383461,0.47843137383461,calibrated_uv_reprojection_plus_stereo_left
61.10622024536133,-136.11228942871094,-608.7474975585938,215.70091947608842,190.17928422442208,-32.57966644031927,376.99999910064196,154.0000009295327,0.4627451002597809,0.4901960790157318,0.48627451062202454,calibrated_uv_reprojection_plus_stereo_left
62.38999938964844,-136.0764923095703,-608.5580444335938,214.85931193792857,189.13217743358945,-32.413144917725106,378.00000346303955,153.99999909872912,0.4588235318660736,0.49803921580314636,0.4901960790157318,calibrated_uv_reprojection_plus_stereo_left
63.67472457885742,-136.04403686523438,-608.383544921875,214.02577419978797,188.0786015972751,-32.25716494883267,379.00000326267747,153.99999654926603,0.45490196347236633,0.4941176474094391,0.48627451062202454,calibrated_uv_reprojection_plus_stereo_left
64.95492553710938,-136.00326538085938,-608.171875,213.1734179661268,187.04299851833395,-32.07503625885545,379.9999991381472,153.99999474233647,0.45098039507865906,0.4941176474094391,0.48627451062202454,calibrated_uv_reprojection_plus_stereo_left
66.24337768554688,-135.98085021972656,-608.0423583984375,212.3636406515327,185.9692017836365,-31.950753047459955,381.0000023330533,154.00000271774422,0.45098039507865906,0.4941176474094391,0.48627451062202454,calibrated_uv_reprojection_plus_stereo_left
67.52239227294922,-135.940185546875,-607.8311767578125,211.5122453150118,184.93444654844575,-31.768997568398277,381.99999868291303,153.99999793816482,0.45098039507865906,0.4941176474094391,0.48627451062202454,calibrated_uv_reprojection_plus_stereo_left
68.80738830566406,-135.91270446777344,-607.678955078125,210.69138085140912,183.87222454783563,-31.62875045794948,383.0000043661751,153.99999301586348,0.45490196347236633,0.48627451062202454,0.48627451062202454,calibrated_uv_reprojection_plus_stereo_left
70.07797241210938,-135.85816955566406,-607.4058227539062,209.80912507646462,182.86820183788961,-31.4034393406846,384.000003974846,153.9999938612529,0.45490196347236633,0.47843137383461,0.47843137383461,calibrated_uv_reprojection_plus_stereo_left
71.35250854492188,-135.81300354003906,-607.1746826171875,208.94877560112252,181.84489318097138,-31.207708772194394,384.9999958254598,154.00000935503195,0.45098039507865906,0.47843137383461,0.4745098054409027,calibrated_uv_reprojection_plus_stereo_left
72.62298583984375,-135.76173400878906,-606.9160766601562,208.0749622895064,180.83547005810368,-30.992651605838034,386.000003317826,153.9999907106106,0.4431372582912445,0.4745098054409027,0.4745098054409027,calibrated_uv_reprojection_plus_stereo_left
73.893310546875,-135.7118377685547,-606.663818359375,207.2048595892079,179.82380127547475,-30.782105112304748,386.99999934087884,154.0000045118623,0.4431372582912445,0.4745098054409027,0.47058823704719543,calibrated_uv_reprojection_plus_stereo_left
75.17741394042969,-135.68841552734375,-606.52978515625,206.39497993942763,178.75548937653207,-30.654729604890235,388.0000020463434,153.99999518522554,0.45098039507865906,0.48235294222831726,0.47843137383461,calibrated_uv_reprojection_plus_stereo_left
76.4443130493164,-135.6351318359375,-606.2623901367188,205.51812243688624,177.752516183235,-30.433571363397164,388.99999582413045,154.00000387352173,0.45098039507865906,0.4941176474094391,0.48235294222831726,calibrated_uv_reprojection_plus_stereo_left
77.71856689453125,-135.59632873535156,-606.0596923828125,204.67432267027817,176.7187098434532,-30.257935273462863,389.9999951365191,154.00000457767152,0.45098039507865906,0.4941176474094391,0.48235294222831726,calibrated_uv_reprojection_plus_stereo_left
78.98175048828125,-135.5396728515625,-605.7772216796875,203.7909132124321,175.72466053918725,-30.02621419139365,390.99999619886097,154.00000575157395,0.4470588266849518,0.4901960790157318,0.48235294222831726,calibrated_uv_reprojection_plus_stereo_left
80.243896484375,-135.48297119140625,-605.4945678710938,202.9079906229918,174.73158433294662,-29.79438996797802,391.99999784852434,154.0000066960107,0.43529412150382996,0.47843137383461,0.47058823704719543,calibrated_uv_reprojection_plus_stereo_left
81.55533599853516,-135.50985717773438,-605.58544921875,202.2119942710974,173.5545600840765,-29.825244560510157,393.0000025207365,154.00000144334308,0.4117647111415863,0.4431372582912445,0.43921568989753723,calibrated_uv_reprojection_plus_stereo_left
82.91458892822266,-135.61399841308594,-606.0215454101562,201.68745929560777,172.2055700330548,-30.09880832530058,394.00000255610604,153.9999954221006,0.4000000059604645,0.4313725531101227,0.4274509847164154,calibrated_uv_reprojection_plus_stereo_left
84.3060302734375,-135.7666473388672,-606.6743774414062,201.2693299868438,170.74672686996547,-30.524699963382375,395.00000259971387,153.99999380047325,0.3843137323856354,0.40784314274787903,0.40392157435417175,calibrated_uv_reprojection_plus_stereo_left
85.59427642822266,-135.75086975097656,-606.5746459960938,200.47681332766933,169.66186956931494,-30.421471070916766,396.0000017727212,154.00000650570195,0.364705890417099,0.3843137323856354,0.3764705955982208,calibrated_uv_reprojection_plus_stereo_left
87.18936157226562,-136.21484375,-608.618408203125,200.74325375374553,167.50056788110385,-31.825002752667274,396.9999983169924,154.00000563022837,0.33725491166114807,0.3450980484485626,0.3137255012989044,calibrated_uv_reprojection_plus_stereo_left
89.57312774658203,-137.87905883789062,-616.0244140625,203.64676985928156,162.6280359628454,-36.99738182674582,398.00000066991703,153.99999376499127,0.3490196168422699,0.3450980484485626,0.2980392277240753,calibrated_uv_reprojection_plus_stereo_left
22.62302017211914,-137.81582641601562,-623.19677734375,245.0046322408994,218.80472392270784,-44.4495318692982,347.000000584895,154.99999470766087,0.125490203499794,0.10196078568696976,0.0470588244497776,calibrated_uv_reprojection_plus_stereo_left
23.953739166259766,-137.83763122558594,-623.265625,244.2847567907375,217.61932576510065,-44.46446225982697,348.0000010174084,155.0000014184712,0.08235294371843338,0.08235294371843338,0.03529411926865578,calibrated_uv_reprojection_plus_stereo_left
25.29108238220215,-137.89288330078125,-623.485595703125,243.6478842505196,216.3712370967034,-44.586160484919446,349.0000006992396,154.99999172364483,0.0784313753247261,0.08235294371843338,0.054901961237192154,calibrated_uv_reprojection_plus_stereo_left
26.628311157226562,-137.94161987304688,-623.6762084960938,242.99420070207577,215.134315230283,-44.68709985552306,350.0000001453639,155.00000306535603,0.07450980693101883,0.0784313753247261,0.05098039284348488,calibrated_uv_reprojection_plus_stereo_left
27.969980239868164,-138.0072784423828,-623.9432373046875,242.38186829507538,213.8647416775284,-44.84199716762589,350.99999975654896,155.0000032242924,0.07058823853731155,0.07450980693101883,0.0470588244497776,calibrated_uv_reprojection_plus_stereo_left
29.239696502685547,-137.7277069091797,-622.6494750976562,240.91447348349288,213.2456208372795,-43.89417398039819,352.0000004928785,155.00000014373725,0.0784313753247261,0.08235294371843338,0.054901961237192154,calibrated_uv_reprojection_plus_stereo_left
30.56446075439453,-137.72010803222656,-622.5853271484375,240.12164645232127,212.11548910834966,-43.815130163617084,353.00000062894526,154.99999705349296,0.07450980693101883,0.07450980693101883,0.05882352963089943,calibrated_uv_reprojection_plus_stereo_left
31.885860443115234,-137.6982879638672,-622.4569702148438,239.2938616946131,211.01247560098182,-43.69074073944972,353.99999830276386,155.00000654436337,0.07450980693101883,0.07450980693101883,0.05882352963089943,calibrated_uv_reprojection_plus_stereo_left
33.198421478271484,-137.64125061035156,-622.1693725585938,238.37970243698652,209.97712470929207,-43.4538771652023,354.9999992297436,155.00000629699883,0.07450980693101883,0.0784313753247261,0.05098039284348488,calibrated_uv_reprojection_plus_stereo_left
34.55567169189453,-137.7664794921875,-622.7056274414062,237.91305718443527,208.59258860329936,-43.798903519780936,355.99999786972,155.00000347366205,0.06666667014360428,0.07058823853731155,0.04313725605607033,calibrated_uv_reprojection_plus_stereo_left
35.87199401855469,-137.72500610351562,-622.4884033203125,237.0371529578856,207.52746117825745,-43.61174898632305,356.99999834222433,155.0000067397117,0.06666667014360428,0.07058823853731155,0.04313725605607033,calibrated_uv_reprojection_plus_stereo_left
37.18730545043945,-137.68247985839844,-622.2664184570312,236.15909525635567,206.46500566101128,-43.42124891918843,357.99999811818634,155.0000069084869,0.05882352963089943,0.07058823853731155,0.03921568766236305,calibrated_uv_reprojection_plus_stereo_left
38.50574493408203,-137.65379333496094,-622.10693359375,235.3151470753433,205.37628266868035,-43.274892420089316,359.00000203195543,154.99999651032329,0.05098039284348488,0.07058823853731155,0.03921568766236305,calibrated_uv_reprojection_plus_stereo_left
39.795806884765625,-137.52870178222656,-621.5119018554688,234.23730627752343,204.47631326498168,-42.82103993040431,359.9999985275903,155.0000045310462,0.05882352963089943,0.07058823853731155,0.03921568766236305,calibrated_uv_reprojection_plus_stereo_left
41.114601135253906,-137.50750732421875,-621.3864135742188,233.41265881970492,203.3744877147874,-42.698744376444665,360.99999797194573,155.00001050800358,0.0784313753247261,0.08627451211214066,0.05882352963089943,calibrated_uv_reprojection_plus_stereo_left
42.44146728515625,-137.51356506347656,-621.3839721679688,232.65406936292288,202.21928252300245,-42.66331005501007,361.9999988968196,154.9999988693304,0.10980392247438431,0.11372549086809158,0.0784313753247261,calibrated_uv_reprojection_plus_stereo_left
43.70223617553711,-137.31134033203125,-620.4404296875,231.39286287724747,201.47607004623455,-41.963555927657126,363.0000000974365,154.9999916213149,0.4901960790157318,0.4941176474094391,0.45098039507865906,calibrated_uv_reprojection_plus_stereo_left
44.80389404296875,-136.63552856445312,-617.3572387695312,228.9939683930187,201.67724557563383,-39.75365659522271,364.000001955626,154.99999498505343,0.7019608020782471,0.7019608020782471,0.6705882549285889,calibrated_uv_reprojection_plus_stereo_left
46.045440673828125,-136.41253662109375,-616.3201904296875,227.69003740915758,200.98599840413755,-38.9882235215897,364.9999996202662,154.99999567910015,0.7333333492279053,0.7333333492279053,0.7058823704719543,calibrated_uv_reprojection_plus_stereo_left
47.32914352416992,-136.3231201171875,-615.88671875,226.70859078961206,200.0307264746072,-38.6488619024405,366.00000092988313,154.999997862548,0.7568627595901489,0.7411764860153198,0.7058823704719543,calibrated_uv_reprojection_plus_stereo_left
48.624412536621094,-136.270751953125,-615.62060546875,225.81664041603108,199.00234863749176,-38.4276376702756,367.00000237119957,154.9999917352195,0.7568627595901489,0.7372549176216125,0.7019608020782471,calibrated_uv_reprojection_plus_stereo_left
49.92528533935547,-136.23622131347656,-615.4351806640625,224.96780506295488,197.9387105898329,-38.263383000855015,368.00000068391375,155.00000044293193,0.7568627595901489,0.7372549176216125,0.7019608020782471,calibrated_uv_reprojection_plus_stereo_left
51.22246170043945,-136.19345092773438,-615.2124633789062,224.09968155429942,196.89232908538554,-38.07282125817039,369.0000000029093,154.99999477415645,0.6313725709915161,0.6117647290229797,0.5764706134796143,calibrated_uv_reprojection_plus_stereo_left
52.497737884521484,-136.09584045410156,-614.7420654296875,223.10184784659674,195.95830212609485,-37.70753786129279,370.00000215764015,154.9999914815201,0.5098039507865906,0.47843137383461,0.4588235318660736,calibrated_uv_reprojection_plus_stereo_left
53.75897216796875,-135.96728515625,-614.1320190429688,222.03183515898684,195.08910616082017,-37.24379347091502,371.0000001009048,155.00000192616164,0.40784314274787903,0.3803921639919281,0.3607843220233917,calibrated_uv_reprojection_plus_stereo_left
54.93354415893555,-135.63070678710938,-612.5823974609375,220.47183512080898,194.64923691053843,-36.11731895114093,372.0000012110121,154.99999830532573,0.4274509847164154,0.4313725531101227,0.40392157435417175,calibrated_uv_reprojection_plus_stereo_left
56.14158630371094,-135.39031982421875,-611.4673461914062,219.14224385160992,194.0165540802264,-35.29753185389421,373.0000026465612,154.99999367193632,0.5176470875740051,0.5215686559677124,0.49803921580314636,calibrated_uv_reprojection_plus_stereo_left
57.34278869628906,-135.14456176757812,-610.3281860351562,217.80270637627996,193.39891384641396,-34.4608621420781,374.0000021591817,154.9999966960093,0.5843137502670288,0.5960784554481506,0.5843137502670288,calibrated_uv_reprojection_plus_stereo_left
58.577781677246094,-134.9874267578125,-609.58935546875,216.67373258763638,192.60107681935528,-33.90664218648334,374.99999989727996,155.00000181184987,0.5098039507865906,0.5215686559677124,0.5137255191802979,calibrated_uv_reprojection_plus_stereo_left
59.82491683959961,-134.8643341064453,-609.0042724609375,215.62611069258668,191.73475809949173,-33.46091351491947,375.99999974787033,154.99999957353367,0.46666666865348816,0.47843137383461,0.4745098054409027,calibrated_uv_reprojection_plus_stereo_left
61.113704681396484,-134.8382110595703,-608.8571166992188,214.80615240032483,190.6672338052403,-33.32404223018267,377.000001369366,154.999999526029,0.4470588266849518,0.4627451002597809,0.4588235318660736,calibrated_uv_reprojection_plus_stereo_left
62.387569427490234,-134.78077697753906,-608.568603515625,213.9135483757413,189.66594535806138,-33.087514804063005,378.0000030166477,155.00000118235351,0.4470588266849518,0.46666666865348816,0.46666666865348816,calibrated_uv_reprojection_plus_stereo_left
63.6713981628418,-134.74664306640625,-608.38525390625,213.07564767819974,188.616367204918,-32.92514990891152,379.0000009563992,154.9999924695514,0.45490196347236633,0.48235294222831726,0.48235294222831726,calibrated_uv_reprojection_plus_stereo_left
64.94169616699219,-134.68563842773438,-608.0807495117188,212.1758834959184,187.62421646805092,-32.67740631870441,379.9999954494598,155.0000090742293,0.45490196347236633,0.4901960790157318,0.48627451062202454,calibrated_uv_reprojection_plus_stereo_left
66.22535705566406,-134.654052734375,-607.908935546875,211.34470183328006,186.57044044230986,-32.52320921939145,381.00000049857744,155.000000283066,0.45098039507865906,0.4941176474094391,0.48627451062202454,calibrated_uv_reprojection_plus_stereo_left
67.50753021240234,-134.62057495117188,-607.7286376953125,210.50949075075846,185.52115971263055,-32.36305117935501,381.9999999217515,154.9999992640112,0.45098039507865906,0.4941176474094391,0.48627451062202454,calibrated_uv_reprojection_plus_stereo_left
68.7912826538086,-134.59129333496094,-607.5673217773438,209.6842724921342,184.46335719991464,-32.21628929732361,383.0000028297876,155.00000285500946,0.4588235318660736,0.4901960790157318,0.48627451062202454,calibrated_uv_reprojection_plus_stereo_left
70.06806182861328,-134.54959106445312,-607.3499145507812,208.8308347918732,183.432750076192,-32.03000549793131,383.99999884221046,155.0000002328796,0.4627451002597809,0.48627451062202454,0.48627451062202454,calibrated_uv_reprojection_plus_stereo_left
71.34737396240234,-134.51402282714844,-607.1602172851562,207.99186022363313,182.38950154555943,-31.86326797114225,385.0000029436281,154.99999870139726,0.45490196347236633,0.48627451062202454,0.48235294222831726,calibrated_uv_reprojection_plus_stereo_left
72.6180419921875,-134.46359252929688,-606.9035034179688,207.11933298484405,181.3790263164537,-31.64932909059496,385.9999992283826,155.00000564151355,0.4470588266849518,0.48235294222831726,0.47843137383461,calibrated_uv_reprojection_plus_stereo_left
73.89362335205078,-134.4237518310547,-606.6945190429688,206.27141949062377,180.3462883689299,-31.469033149441657,386.9999974951806,154.99999809640218,0.43529412150382996,0.4745098054409027,0.46666666865348816,calibrated_uv_reprojection_plus_stereo_left
75.17925262451172,-134.40309143066406,-606.5722045898438,205.46751844473732,179.27216588742368,-31.34982736013245,387.9999989502574,155.0000063144779,0.43921568989753723,0.48235294222831726,0.4745098054409027,calibrated_uv_reprojection_plus_stereo_left
76.4443359375,-134.346923828125,-606.28955078125,204.5833011101788,178.27631598992707,-31.11766166274134,388.99999813840526,154.99999613216391,0.43921568989753723,0.48235294222831726,0.4745098054409027,calibrated_uv_reprojection_plus_stereo_left
77.71845245361328,-134.30809020996094,-606.085205078125,203.7388790373455,177.24311194304823,-30.940691095790328,390.000002105243,154.99999679369552,0.43921568989753723,0.48235294222831726,0.4745098054409027,calibrated_uv_reprojection_plus_stereo_left
78.98493957519531,-134.2574462890625,-605.8275756835938,202.8682189698054,176.2366204851403,-30.72620565900229,391.00000315123737,154.99999646497815,0.43529412150382996,0.47843137383461,0.47058823704719543,calibrated_uv_reprojection_plus_stereo_left
80.2274398803711,-134.16819763183594,-605.3958129882812,201.91126254296648,175.31660760489814,-30.38910265958117,392.00000186313196,155.00000285571969,0.4156862795352936,0.4588235318660736,0.45098039507865906,calibrated_uv_reprojection_plus_stereo_left
81.54322052001953,-134.20228576660156,-605.5205078125,201.23198919017716,174.12318747493964,-30.443925685569184,392.9999999464392,154.99999639524157,0.4117647111415863,0.43529412150382996,0.43529412150382996,calibrated_uv_reprojection_plus_stereo_left
82.86246490478516,-134.24078369140625,-605.6651611328125,200.56218550218597,172.91924059986718,-30.51279401903713,393.9999982238031,155.00000345780342,0.4000000059604645,0.42352941632270813,0.42352941632270813,calibrated_uv_reprojection_plus_stereo_left
84.27852630615234,-134.4324188232422,-606.5006103515625,200.2337633924201,171.37078969413272,-31.068059730221137,395.0000011709499,154.99999781817684,0.3843137323856354,0.40784314274787903,0.40784314274787903,calibrated_uv_reprojection_plus_stereo_left
85.56481170654297,-134.4142608642578,-606.3895874023438,199.43597399099508,170.29184165227758,-30.956825938593397,395.9999975855171,155.00000280711453,0.364705890417099,0.3803921639919281,0.37254902720451355,calibrated_uv_reprojection_plus_stereo_left
87.27760314941406,-135.0565185546875,-609.2577514648438,200.10529564123806,167.71936990214869,-32.943076224567506,397.0000008696741,155.00000077307317,0.3529411852359772,0.34117648005485535,0.2980392277240753,calibrated_uv_reprojection_plus_stereo_left
90.05693054199219,-137.3058624267578,-619.3750610351562,204.32807078646385,161.4877341101834,-40.03233806915796,398.0000014890894,154.99999816202745,0.3764705955982208,0.3450980484485626,0.29019609093666077,calibrated_uv_reprojection_plus_stereo_left
22.66510581970215,-136.76693725585938,-624.4628295898438,244.73167812038747,218.83962713314114,-46.02709189881671,347.00000089534063,155.99999851016173,0.23137255012989044,0.1921568661928177,0.09019608050584793,calibrated_uv_reprojection_plus_stereo_left
23.95030403137207,-136.51364135742188,-623.2766723632812,243.31900822608333,218.1654954172404,-45.15378146654149,348.00000001054144,155.9999964864635,0.10588235408067703,0.08235294371843338,0.003921568859368563,calibrated_uv_reprojection_plus_stereo_left
25.284299850463867,-136.55006408691406,-623.413330078125,242.63591545624013,216.95186385278186,-45.21681285400365,349.00000026923817,155.99999594858127,0.0941176488995552,0.0941176488995552,0.05098039284348488,calibrated_uv_reprojection_plus_stereo_left
26.627410888671875,-136.6292266845703,-623.7451171875,242.05934455477075,215.65698249789244,-45.417919226114236,350.00000129860314,156.0000002266928,0.0784313753247261,0.08235294371843338,0.03921568766236305,calibrated_uv_reprojection_plus_stereo_left
27.962373733520508,-136.6606903076172,-623.859130859375,241.36272795840188,214.45101927764074,-45.464880900674984,350.99999955916,156.00000605274874,0.08627451211214066,0.09019608050584793,0.062745101749897,calibrated_uv_reprojection_plus_stereo_left
29.260000228881836,-136.51475524902344,-623.1632690429688,240.22370597503078,213.5818520797004,-44.93876197667487,351.9999996378331,156.000000387218,0.08627451211214066,0.09019608050584793,0.06666667014360428,calibrated_uv_reprojection_plus_stereo_left
30.584325790405273,-136.50030517578125,-623.0676879882812,239.41315289761064,212.46389979423958,-44.83743502256789,352.9999993478509,156.00000202600847,0.08627451211214066,0.08627451211214066,0.08627451211214066,calibrated_uv_reprojection_plus_stereo_left
31.899076461791992,-136.44577026367188,-622.7891845703125,238.50331955528173,211.42301741146582,-44.606704017004915,353.9999993414647,156.00000947058885,0.08627451211214066,0.08627451211214066,0.08235294371843338,calibrated_uv_reprojection_plus_stereo_left
33.21759033203125,-136.41075134277344,-622.5996704101562,237.64230985005196,210.34541313558674,-44.438938941392564,355.00000070467235,155.99999928660787,0.0784313753247261,0.0784313753247261,0.062745101749897,calibrated_uv_reprojection_plus_stereo_left
34.562713623046875,-136.4832000732422,-622.9007568359375,237.0470078224618,209.06031499684588,-44.61823708859157,355.9999980710965,156.00000750096171,0.0784313753247261,0.0784313753247261,0.05882352963089943,calibrated_uv_reprojection_plus_stereo_left
35.88373565673828,-136.45835876464844,-622.7576904296875,236.21116270162975,207.9630745487437,-44.48332899570204,356.999998708188,155.99999669789506,0.07058823853731155,0.07450980693101883,0.0470588244497776,calibrated_uv_reprojection_plus_stereo_left
37.19697952270508,-136.40647888183594,-622.4913330078125,235.30914720297915,206.91893993806178,-44.26124272724803,357.99999784624305,156.0000008354716,0.06666667014360428,0.07450980693101883,0.0470588244497776,calibrated_uv_reprojection_plus_stereo_left
38.51530075073242,-136.37586975097656,-622.3220825195312,234.45983275926602,205.83390020047665,-44.10785711324462,358.9999990764498,156.00000855163086,0.054901961237192154,0.07450980693101883,0.04313725605607033,calibrated_uv_reprojection_plus_stereo_left
39.776336669921875,-136.15097045898438,-621.2662353515625,233.13556527281037,205.131863850323,-43.32752102729006,359.99999998461817,156.0000081776822,0.05098039284348488,0.07058823853731155,0.03921568766236305,calibrated_uv_reprojection_plus_stereo_left
41.1128044128418,-136.19021606445312,-621.4156494140625,232.45837997566656,203.91127802087476,-43.39952123447256,361.00000020245494,155.999993110321,0.054901961237192154,0.07058823853731155,0.03921568766236305,calibrated_uv_reprojection_plus_stereo_left
42.441890716552734,-136.20306396484375,-621.4447021484375,231.7164737712178,202.74235258268556,-43.386410823213055,361.9999997366771,155.99999467418323,0.10196078568696976,0.11372549086809158,0.08235294371843338,calibrated_uv_reprojection_plus_stereo_left
43.706668853759766,-136.01475524902344,-620.5560302734375,230.4857843223615,201.97425258083643,-42.724475692184626,363.0000014204797,156.00000336807017,0.3803921639919281,0.38823530077934265,0.3607843220233917,calibrated_uv_reprojection_plus_stereo_left
44.85676193237305,-135.49090576171875,-618.1365966796875,228.44405798371827,201.88118246208995,-40.98047877737997,363.9999986014324,156.00000579441496,0.6705882549285889,0.6745098233222961,0.6470588445663452,calibrated_uv_reprojection_plus_stereo_left
46.064151763916016,-135.1648712158203,-616.6198120117188,226.88647821188653,201.39906322216643,-39.87480337171087,364.99999747121245,156.00000735871467,0.7450980544090271,0.7450980544090271,0.7176470756530762,calibrated_uv_reprojection_plus_stereo_left
47.35280990600586,-135.0885772705078,-616.2423706054688,225.93490028073342,200.418077847397,-39.57459906964965,365.9999975296086,155.9999997897898,0.772549033164978,0.7568627595901489,0.7215686440467834,calibrated_uv_reprojection_plus_stereo_left
48.64741897583008,-135.03269958496094,-615.9581298828125,225.03328528625298,199.39689542672176,-39.34030663279066,367.00000006304697,155.99999881361916,0.772549033164978,0.7568627595901489,0.7215686440467834,calibrated_uv_reprojection_plus_stereo_left
49.955841064453125,-135.0168914794922,-615.8567504882812,224.2284802126572,198.2949827496161,-39.23527912773818,367.99999888180713,156.0000091939812,0.7686274647712708,0.7490196228027344,0.7176470756530762,calibrated_uv_reprojection_plus_stereo_left
51.2620735168457,-134.99594116210938,-615.7318115234375,223.4114526596096,197.2038192505637,-39.113596272963605,369.00000158274565,156.0000011276781,0.7764706015586853,0.7568627595901489,0.7254902124404907,calibrated_uv_reprojection_plus_stereo_left
52.56643295288086,-134.97103881835938,-615.5889282226562,222.58520763091974,196.12103599287332,-38.9792506231953,369.99999936489195,156.00000523199247,0.7058823704719543,0.686274528503418,0.6509804129600525,calibrated_uv_reprojection_plus_stereo_left
53.85670852661133,-134.91188049316406,-615.289794921875,221.677538243796,195.10922461536177,-38.73451279871341,371.00000003374043,156.00000456936124,0.5960784554481506,0.572549045085907,0.5411764979362488,calibrated_uv_reprojection_plus_stereo_left
55.13169860839844,-134.81797790527344,-614.8322143554688,220.68787101667948,194.17025824151028,-38.37785670839929,372.0000021377455,156.0000003283566,0.4745098054409027,0.47058823704719543,0.4431372582912445,calibrated_uv_reprojection_plus_stereo_left
56.38896560668945,-134.68594360351562,-614.2008056640625,219.6087831675568,193.31204329580248,-37.89844754165523,372.9999993046768,155.99999984959084,0.5058823823928833,0.49803921580314636,0.4745098054409027,calibrated_uv_reprojection_plus_stereo_left
57.598487854003906,-134.44827270507812,-613.0877685546875,218.28116600387648,192.67637825123865,-37.07888533568564,374.00000046022194,156.00000300987432,0.6117647290229797,0.6117647290229797,0.5803921818733215,calibrated_uv_reprojection_plus_stereo_left
58.75579833984375,-134.1018524169922,-611.4788818359375,216.699441603744,192.27248933628243,-35.90919286763909,374.99999936419357,155.9999936053821,0.6784313917160034,0.6784313917160034,0.6509804129600525,calibrated_uv_reprojection_plus_stereo_left
59.941444396972656,-133.8335723876953,-610.2265625,215.30569074312467,191.70996088054773,-34.99152264790439,375.99999654913324,156.0000061834378,0.6352941393852234,0.6352941393852234,0.615686297416687,calibrated_uv_reprojection_plus_stereo_left
61.13595962524414,-133.59593200683594,-609.1139526367188,213.9868906459061,191.08720642854263,-34.17263851163534,377.00000047728565,156.00000142797444,0.5058823823928833,0.5098039507865906,0.49803921580314636,calibrated_uv_reprojection_plus_stereo_left
62.37290954589844,-133.45884704589844,-608.4598999023438,212.90643541001873,190.2551991956244,-33.677692983252825,377.9999993378561,155.9999978941916,0.43529412150382996,0.4470588266849518,0.43921568989753723,calibrated_uv_reprojection_plus_stereo_left
63.655540466308594,-133.42294311523438,-608.2672119140625,212.06407648041585,189.21005782320918,-33.5085961051106,378.99999929361945,155.9999991853211,0.42352941632270813,0.4431372582912445,0.43921568989753723,calibrated_uv_reprojection_plus_stereo_left
64.95425415039062,-133.42135620117188,-608.23095703125,211.30211415988197,188.09212954559166,-33.44996473945895,380.0000023618607,155.9999966674318,0.4470588266849518,0.4745098054409027,0.4745098054409027,calibrated_uv_reprojection_plus_stereo_left
66.23388671875,-133.3812713623047,-608.0192260742188,210.45056345668104,187.05675462903957,-33.26744616664115,380.99999879214863,155.99999713846944,0.45490196347236633,0.4901960790157318,0.48627451062202454,calibrated_uv_reprojection_plus_stereo_left
67.53215026855469,-133.37936401367188,-607.9815673828125,209.6880461343561,185.93975051070754,-33.207836897039726,381.9999988253956,156.0000031220225,0.45098039507865906,0.4941176474094391,0.48627451062202454,calibrated_uv_reprojection_plus_stereo_left
68.8283920288086,-133.3734893798828,-607.9257202148438,208.91628501522553,184.83133193162257,-33.135375582810184,382.999999352621,155.99999143598092,0.4588235318660736,0.48627451062202454,0.48627451062202454,calibrated_uv_reprojection_plus_stereo_left
70.0008773803711,-133.13229370117188,-606.7974243164062,207.60106522409274,184.23367120855346,-32.30593991552564,384.0000027873868,155.99999821367112,0.4627451002597809,0.48627451062202454,0.48627451062202454,calibrated_uv_reprojection_plus_stereo_left
71.2842788696289,-133.10687255859375,-606.652587890625,206.78567110976627,183.16987752377764,-32.17073575008288,385.00000105788394,155.9999938834913,0.45490196347236633,0.48627451062202454,0.48235294222831726,calibrated_uv_reprojection_plus_stereo_left
72.581298828125,-133.107177734375,-606.6251220703125,206.02969104893828,182.0501323922225,-32.11838862766331,385.9999981184386,156.00000913866336,0.4470588266849518,0.47843137383461,0.4745098054409027,calibrated_uv_reprojection_plus_stereo_left
73.85195922851562,-133.05987548828125,-606.3805541992188,205.1644680261092,181.0349065595761,-31.912817225551862,386.9999962668953,156.00000004598635,0.43529412150382996,0.47843137383461,0.47058823704719543,calibrated_uv_reprojection_plus_stereo_left
75.14928436279297,-133.06126403808594,-606.3579711914062,204.41111943114635,179.91305554743366,-31.86391632790952,387.99999734246114,156.00000500043302,0.43529412150382996,0.47843137383461,0.47058823704719543,calibrated_uv_reprojection_plus_stereo_left
76.41658020019531,-133.0102081298828,-606.0963745117188,203.53805830315912,178.90716336484286,-31.6463661352023,389.000001866813,156.00000415491206,0.4313725531101227,0.4745098054409027,0.46666666865348816,calibrated_uv_reprojection_plus_stereo_left
77.66622924804688,-132.9305419921875,-605.7044067382812,202.6004241239511,177.96562468312737,-31.336856509282654,390.0000019086604,155.99999857372023,0.4313725531101227,0.4745098054409027,0.46666666865348816,calibrated_uv_reprojection_plus_stereo_left
78.91661071777344,-132.85459899902344,-605.3294677734375,201.67211730404915,177.01705298028213,-31.039401493157072,390.9999989524181,155.99999839023246,0.4274509847164154,0.47058823704719543,0.4627451002597809,calibrated_uv_reprojection_plus_stereo_left
80.0693588256836,-132.6192626953125,-604.2283935546875,200.38374783221974,176.42636231609924,-30.229761071579333,391.99999714741386,156.0000062549798,0.4117647111415863,0.45490196347236633,0.4470588266849518,calibrated_uv_reprojection_plus_stereo_left
81.40633392333984,-132.69158935546875,-604.5289916992188,199.79283463492533,175.14853686797522,-30.40890713116488,392.9999985067641,155.99999564668556,0.4117647111415863,0.43529412150382996,0.4313725531101227,calibrated_uv_reprojection_plus_stereo_left
82.7265853881836,-132.73468017578125,-604.6964721679688,199.13522751635008,173.9353044781846,-30.494138569490644,394.0000000534064,156.00000281016366,0.3960784375667572,0.41960784792900085,0.4156862795352936,calibrated_uv_reprojection_plus_stereo_left
84.07831573486328,-132.82608032226562,-605.0839233398438,198.58562027876349,172.61199437607047,-30.73447246123743,394.99999907764914,155.99999634267232,0.38823530077934265,0.4117647111415863,0.40784314274787903,calibrated_uv_reprojection_plus_stereo_left
85.52722930908203,-133.06578063964844,-606.1469116210938,198.36734736236957,170.95021273575526,-31.45114979037993,396.00000115073715,155.99999588562105,0.3686274588108063,0.3843137323856354,0.3686274588108063,calibrated_uv_reprojection_plus_stereo_left
87.61373138427734,-134.27536010742188,-611.6276245117188,200.31472486131725,167.0731636959942,-35.28283273192608,397.0000040272152,155.99999658101254,0.37254902720451355,0.35686275362968445,0.2980392277240753,calibrated_uv_reprojection_plus_stereo_left
90.6697769165039,-136.9132537841797,-623.613525390625,205.43355371102706,159.90735752450837,-43.70064690720659,397.9999999968556,156.00000051211413,0.40784314274787903,0.364705890417099,0.29411765933036804,calibrated_uv_reprojection_plus_stereo_left
24.006305694580078,-135.52511596679688,-624.834716796875,243.20265724158656,218.0800586487025,-46.939796450284575,347.99999975955785,156.99999943646816,0.21176470816135406,0.13725490868091583,0.05882352963089943,calibrated_uv_reprojection_plus_stereo_left
25.283700942993164,-135.2406005859375,-623.4935302734375,241.70768844757623,217.46983764695776,-45.95539284067695,348.9999998806623,157.0000039429026,0.08627451211214066,0.08627451211214066,0.03921568766236305,calibrated_uv_reprojection_plus_stereo_left
26.61260414123535,-135.24586486816406,-623.4883422851562,240.94621514358107,216.3139730032413,-45.91806410728776,349.99999924636325,157.00000543287533,0.0941176488995552,0.09803921729326248,0.05098039284348488,calibrated_uv_reprojection_plus_stereo_left
27.955598831176758,-135.3184814453125,-623.7935791015625,240.35396833335597,215.0294714081175,-46.100732955660874,350.9999986428128,156.99999825364407,0.0941176488995552,0.0941176488995552,0.0784313753247261,calibrated_uv_reprojection_plus_stereo_left
29.253936767578125,-135.1777801513672,-623.1155395507812,239.22572189513932,214.1524396262451,-45.586544660587094,351.99999990708005,157.00000204601326,0.0941176488995552,0.0941176488995552,0.0784313753247261,calibrated_uv_reprojection_plus_stereo_left
30.570993423461914,-135.1317138671875,-622.8737182617188,238.33589194654542,213.09558912759263,-45.38153369658363,353.0000004774023,156.99999760786875,0.0941176488995552,0.0941176488995552,0.0784313753247261,calibrated_uv_reprojection_plus_stereo_left
31.885251998901367,-135.07730102539062,-622.593505859375,237.4257269575379,212.05557188012,-45.149347809649385,353.9999995472363,157.00000316720582,0.0941176488995552,0.0941176488995552,0.0784313753247261,calibrated_uv_reprojection_plus_stereo_left
33.20481872558594,-135.04852294921875,-622.431396484375,236.57998316165703,210.9666558250375,-45.00085734371112,354.9999997967964,156.99999755968338,0.0941176488995552,0.0941176488995552,0.0784313753247261,calibrated_uv_reprojection_plus_stereo_left
34.55354309082031,-135.13568115234375,-622.8036499023438,236.0227274962209,209.65204657340252,-45.23095875303369,356.0000008025736,156.999997375029,0.08627451211214066,0.09019608050584793,0.07058823853731155,calibrated_uv_reprojection_plus_stereo_left
35.869598388671875,-135.09307861328125,-622.577880859375,235.14262791283983,208.59005592326935,-45.03737332299744,356.9999983262381,157.00000060247413,0.0784313753247261,0.08235294371843338,0.054901961237192154,calibrated_uv_reprojection_plus_stereo_left
37.18506622314453,-135.0511016845703,-622.35498046875,234.2645066863933,207.5274990693539,-44.845835654677614,357.99999813939536,156.99999873042594,0.0784313753247261,0.08235294371843338,0.054901961237192154,calibrated_uv_reprojection_plus_stereo_left
38.503055572509766,-135.02056884765625,-622.1848754882812,233.4150869180438,206.44296021284168,-44.69171672228089,359.0000011307793,157.00000400672792,0.07058823853731155,0.0784313753247261,0.05098039284348488,calibrated_uv_reprojection_plus_stereo_left
39.76329803466797,-134.79608154296875,-621.1210327148438,232.08828439682986,205.74372552879703,-43.90462114232463,359.9999992434635,157.0000035263296,0.06666667014360428,0.07450980693101883,0.0470588244497776,calibrated_uv_reprojection_plus_stereo_left
41.09858322143555,-134.83200073242188,-621.2571411132812,231.40385510081114,204.52933771581183,-43.9674306535037,360.9999994484918,157.00000238751903,0.062745101749897,0.06666667014360428,0.03921568766236305,calibrated_uv_reprojection_plus_stereo_left
42.424598693847656,-134.83596801757812,-621.2460327148438,230.640649270376,203.3782081611222,-43.925972374491664,362.00000030388196,157.000003943376,0.09019608050584793,0.10196078568696976,0.07450980693101883,calibrated_uv_reprojection_plus_stereo_left
43.73141098022461,-134.78028869628906,-620.9600830078125,229.7314676118869,202.3468237646576,-43.689895788205774,363.00000006119205,156.99999993467097,0.18039216101169586,0.19607843458652496,0.16470588743686676,calibrated_uv_reprojection_plus_stereo_left
44.94801712036133,-134.4578094482422,-619.4450073242188,228.1719095593748,201.8547382665779,-42.58358676392953,364.0000009844316,156.9999950219826,0.6117647290229797,0.615686297416687,0.5882353186607361,calibrated_uv_reprojection_plus_stereo_left
46.11204147338867,-134.00071716308594,-617.3099975585938,226.28835531752628,201.6408367005892,-41.03854485789816,365.00000114986096,156.99999960542348,0.7568627595901489,0.7607843279838562,0.7333333492279053,calibrated_uv_reprojection_plus_stereo_left
47.36688995361328,-133.82540893554688,-616.4732055664062,225.0942840058064,200.86119715487496,-40.41276156702992,366.00000040966216,156.99999895523018,0.772549033164978,0.772549033164978,0.7333333492279053,calibrated_uv_reprojection_plus_stereo_left
48.6539192199707,-133.74783325195312,-616.086669921875,224.1389545320871,199.88475210417988,-40.10578477601638,366.99999915870325,156.99999717521206,0.7764706015586853,0.7764706015586853,0.7333333492279053,calibrated_uv_reprojection_plus_stereo_left
49.971832275390625,-133.7567901611328,-616.0987548828125,223.3936191196844,198.73198740488567,-40.080994665515846,368.00000088725204,156.9999969996924,0.7803921699523926,0.7607843279838562,0.7411764860153198,calibrated_uv_reprojection_plus_stereo_left
51.28142547607422,-133.74339294433594,-616.0079345703125,222.59426102494888,197.62504831988093,-39.983372961047564,368.99999884667415,157.00000689798924,0.772549033164978,0.7529411911964417,0.7333333492279053,calibrated_uv_reprojection_plus_stereo_left
52.59917449951172,-133.751220703125,-616.0147705078125,221.84602863384288,196.47439021522348,-39.95485618565027,370.00000095939623,156.9999997394109,0.7843137383460999,0.7529411911964417,0.7215686440467834,calibrated_uv_reprojection_plus_stereo_left
53.908756256103516,-133.73822021484375,-615.9257202148438,221.04769749306166,195.36679220750403,-39.85848446913866,370.999999841183,156.9999995868949,0.772549033164978,0.7411764860153198,0.7098039388656616,calibrated_uv_reprojection_plus_stereo_left
55.189266204833984,-133.65524291992188,-615.514404296875,220.08193883995148,194.40531541625688,-39.53408207827027,372.0000020538593,156.99999785082525,0.6392157077789307,0.6078431606292725,0.5882353186607361,calibrated_uv_reprojection_plus_stereo_left
56.49308395385742,-133.63108825683594,-615.3740234375,219.25758468398743,193.32198030775953,-39.4014197018563,373.00000025349163,156.9999995775145,0.6000000238418579,0.5686274766921997,0.5490196347236633,calibrated_uv_reprojection_plus_stereo_left
57.76283645629883,-133.5290985107422,-614.875244140625,218.2480175201095,192.4026620168935,-39.01520555863169,374.00000155167805,157.00000263508284,0.6509804129600525,0.6313725709915161,0.5960784554481506,calibrated_uv_reprojection_plus_stereo_left
59.00932693481445,-133.37890625,-614.154541015625,217.1250054269819,191.58679213289872,-38.472042441723204,374.9999993160954,157.00000334691947,0.6745098233222961,0.658823549747467,0.6274510025978088,calibrated_uv_reprojection_plus_stereo_left
60.22197723388672,-133.16024780273438,-613.11865234375,215.8413298441319,190.91854445763448,-37.70599570257667,375.99999928309603,157.00000307969194,0.7490196228027344,0.7490196228027344,0.7137255072593689,calibrated_uv_reprojection_plus_stereo_left
61.411563873291016,-132.9008331298828,-611.8951416015625,214.46369196016116,190.34071037941027,-36.80733863476979,377.0000002914466,156.99999148262782,0.7215686440467834,0.7215686440467834,0.6980392336845398,calibrated_uv_reprojection_plus_stereo_left
62.55019760131836,-132.54408264160156,-610.2236938476562,212.85933989227254,189.9751741684144,-35.59200481336751,378.0000023849737,156.99999297179318,0.5529412031173706,0.5529412031173706,0.5372549295425415,calibrated_uv_reprojection_plus_stereo_left
63.70379638671875,-132.23280334472656,-608.7617797851562,211.36608872911296,189.51806504356892,-34.52503794031463,379.00000209330875,157.0000017122088,0.34117648005485535,0.35686275362968445,0.3450980484485626,calibrated_uv_reprojection_plus_stereo_left
64.9378433227539,-132.09750366210938,-608.1100463867188,210.28956702380606,188.68718266005055,-34.031146231102184,379.99999754682136,156.99999796165338,0.3333333432674408,0.364705890417099,0.35686275362968445,calibrated_uv_reprojection_plus_stereo_left
66.20255279541016,-132.0284881591797,-607.7635498046875,209.36983367366776,187.71518004779767,-33.75316182734457,380.9999984986844,157.00000345615436,0.41960784792900085,0.45490196347236633,0.4470588266849518,calibrated_uv_reprojection_plus_stereo_left
67.52349090576172,-132.07196044921875,-607.9348754882812,208.71369612523756,186.50009594467264,-33.84133928803584,381.9999997094904,157.00000995835273,0.45098039507865906,0.48627451062202454,0.47843137383461,calibrated_uv_reprojection_plus_stereo_left
68.82144165039062,-132.06956481933594,-607.8949584960938,207.95006972120854,185.38420974257792,-33.78013349671562,382.9999976657768,156.999999800186,0.45490196347236633,0.48235294222831726,0.4745098054409027,calibrated_uv_reprojection_plus_stereo_left
69.98455810546875,-131.81314086914062,-606.6859130859375,206.59578821217582,184.82402284314657,-32.892423730944586,383.9999987337711,157.00000108523432,0.45098039507865906,0.4745098054409027,0.4745098054409027,calibrated_uv_reprojection_plus_stereo_left
71.25048065185547,-131.75601196289062,-606.3942260742188,205.7066623260173,183.83041817661996,-32.65331465726348,385.0000011862634,157.00000440628813,0.43921568989753723,0.47843137383461,0.47058823704719543,calibrated_uv_reprojection_plus_stereo_left
72.54332733154297,-131.7497100830078,-606.33642578125,204.9357328248779,182.72568455425335,-32.57954650224639,385.99999902128377,156.99999898847173,0.43529412150382996,0.47843137383461,0.47058823704719543,calibrated_uv_reprojection_plus_stereo_left
73.81562805175781,-131.70681762695312,-606.1102905273438,204.0803981918458,181.7019525071255,-32.386809022232285,387.0000006309544,157.00000240704804,0.43529412150382996,0.47843137383461,0.47058823704719543,calibrated_uv_reprojection_plus_stereo_left
75.11116027832031,-131.70602416992188,-606.077880859375,203.32242947413255,180.58536493023735,-32.331000412033006,387.9999983869673,157.00000237087295,0.43529412150382996,0.47843137383461,0.47058823704719543,calibrated_uv_reprojection_plus_stereo_left
76.37242889404297,-131.64605712890625,-605.773193359375,202.42853750034004,179.60068725151837,-32.08277972613496,388.99999986819796,157.00000444410813,0.4313725531101227,0.4745098054409027,0.46666666865348816,calibrated_uv_reprojection_plus_stereo_left
77.61040496826172,-131.54849243164062,-605.2955322265625,201.4491676368263,178.70113810504034,-31.71236056745437,389.99999757265914,157.0000065574519,0.4313725531101227,0.4745098054409027,0.46666666865348816,calibrated_uv_reprojection_plus_stereo_left
78.87633514404297,-131.5006103515625,-605.0464477539062,200.58437510871983,177.69155240702378,-31.503486097855898,391.0000009268878,156.99999883652123,0.42352941632270813,0.46666666865348816,0.4588235318660736,calibrated_uv_reprojection_plus_stereo_left
80.08135986328125,-131.354248046875,-604.3443603515625,199.49565727116845,176.90483405030886,-30.974590071134685,391.99999879326197,157.00000335521494,0.41960784792900085,0.4627451002597809,0.45490196347236633,calibrated_uv_reprojection_plus_stereo_left
81.40253448486328,-131.39991760253906,-604.5257568359375,198.845145462495,175.6857634634723,-31.06990345525668,392.9999962809685,156.99999930956648,0.42352941632270813,0.4470588266849518,0.4431372582912445,calibrated_uv_reprojection_plus_stereo_left
82.72881317138672,-131.45213317871094,-604.7373046875,198.20892829493545,174.45094970888994,-31.18649759408322,393.9999963480154,157.00000510937554,0.4000000059604645,0.42352941632270813,0.42352941632270813,calibrated_uv_reprojection_plus_stereo_left
84.11559295654297,-131.5972900390625,-605.3762817382812,197.78226771504518,173.00320445411103,-31.604966934424226,395.0000003507708,156.99999467913523,0.3921568691730499,0.4117647111415863,0.40784314274787903,calibrated_uv_reprojection_plus_stereo_left
85.58521270751953,-131.8655548095703,-606.58154296875,197.63167939010162,171.27103198889228,-32.423331089029205,396.0000039392563,156.99999314794877,0.37254902720451355,0.3843137323856354,0.3686274588108063,calibrated_uv_reprojection_plus_stereo_left
87.89154052734375,-133.3955841064453,-613.590576171875,200.31762283317278,166.63448159650835,-37.34042120487044,397.0000033902329,156.99999986879106,0.3960784375667572,0.3764705955982208,0.30980393290519714,calibrated_uv_reprojection_plus_stereo_left
24.123764038085938,-134.8736572265625,-627.9931030273438,243.95769223222902,217.34537394448185,-49.86544456054827,347.99999978264697,157.99999338312705,0.6078431606292725,0.48235294222831726,0.37254902720451355,calibrated_uv_reprojection_plus_stereo_left
25.332677841186523,-134.1934051513672,-624.7964477539062,241.4472046274954,217.48753028118205,-47.56219895602396,349.0000003499241,158.00000221775358,0.21176470816135406,0.1882352977991104,0.0941176488995552,calibrated_uv_reprojection_plus_stereo_left
26.616453170776367,-133.9574432373047,-623.6685180664062,240.0720641496626,216.79086454376733,-46.72783244416371,350.0000007877047,158.0000011700963,0.11764705926179886,0.10588235408067703,0.0117647061124444,calibrated_uv_reprojection_plus_stereo_left
27.949459075927734,-133.97955322265625,-623.7421264648438,239.35306028659932,215.6019938042508,-46.74646331616145,350.9999997164381,157.99999722989963,0.10588235408067703,0.10588235408067703,0.08627451211214066,calibrated_uv_reprojection_plus_stereo_left
29.24651527404785,-133.83477783203125,-623.0388793945312,238.21217555919088,214.73495156664126,-46.213696915307594,351.9999997871904,158.00000214278228,0.10196078568696976,0.10196078568696976,0.08627451211214066,calibrated_uv_reprojection_plus_stereo_left
30.56340980529785,-133.78909301757812,-622.796875,237.3226434342355,213.67813684478529,-46.008343318739435,353.00000048255123,157.99999215229036,0.10588235408067703,0.10588235408067703,0.09019608050584793,calibrated_uv_reprojection_plus_stereo_left
31.87902069091797,-133.74148559570312,-622.5460815429688,236.42881657279105,212.62573970327202,-45.796789186263084,353.9999990849189,158.00000517189005,0.10588235408067703,0.10588235408067703,0.09019608050584793,calibrated_uv_reprojection_plus_stereo_left
33.19596862792969,-133.70277404785156,-622.3365478515625,235.55774877967764,211.55673395171982,-45.614516892661925,355.0000010905441,157.999991246918,0.10588235408067703,0.10588235408067703,0.09019608050584793,calibrated_uv_reprojection_plus_stereo_left
34.54158401489258,-133.7777557373047,-622.6563720703125,234.97174202505084,210.26481507881692,-45.807889985127645,355.9999987186443,158.00000451296984,0.09803921729326248,0.09803921729326248,0.0784313753247261,calibrated_uv_reprojection_plus_stereo_left
35.85762023925781,-133.73658752441406,-622.4354858398438,234.094717848727,209.20085558929884,-45.61757789519595,356.99999913609116,158.00000284108853,0.09019608050584793,0.09803921729326248,0.07058823853731155,calibrated_uv_reprojection_plus_stereo_left
37.16801834106445,-133.67779541015625,-622.132568359375,233.17420217542679,208.17248123113478,-45.369084600363806,358.00000240030494,157.99999689294555,0.08235294371843338,0.0941176488995552,0.062745101749897,calibrated_uv_reprojection_plus_stereo_left
38.487369537353516,-133.65390014648438,-621.9921264648438,232.34109235722053,207.07555377386518,-45.23588391958492,358.99999892375024,157.99999906007343,0.07058823853731155,0.09019608050584793,0.05882352963089943,calibrated_uv_reprojection_plus_stereo_left
39.755558013916016,-133.45956420898438,-621.0585327148438,231.08551559371523,206.31979705987476,-44.54007745769019,360.00000069687184,157.99999975021444,0.06666667014360428,0.08627451211214066,0.054901961237192154,calibrated_uv_reprojection_plus_stereo_left
41.08407974243164,-133.47352600097656,-621.0942993164062,230.34751695577108,205.14898661243024,-44.531921124725386,361.0000005555458,158.00000077913955,0.062745101749897,0.08235294371843338,0.05098039284348488,calibrated_uv_reprojection_plus_stereo_left
42.40837860107422,-133.4730987548828,-621.0630493164062,229.5737738526342,204.00691103928784,-44.47621941353651,361.9999996835674,157.9999928339769,0.0784313753247261,0.09019608050584793,0.062745101749897,calibrated_uv_reprojection_plus_stereo_left
43.727237701416016,-133.45584106445312,-620.95361328125,228.75859179020313,202.8988233273272,-44.365082027713754,362.99999741834057,158.00000525855398,0.10588235408067703,0.10980392247438431,0.08235294371843338,calibrated_uv_reprojection_plus_stereo_left
45.01573944091797,-133.34945678710938,-620.4293823242188,227.7245464806589,201.97228419801343,-43.95979622103869,363.9999984607185,157.9999973479295,0.4117647111415863,0.4117647111415863,0.38823530077934265,calibrated_uv_reprojection_plus_stereo_left
46.20304489135742,-132.95770263671875,-618.5775756835938,225.99224975884806,201.63035764087505,-42.61322226425233,365.0000011517107,157.99999680314514,0.7254902124404907,0.7254902124404907,0.7019608020782471,calibrated_uv_reprojection_plus_stereo_left
47.39588928222656,-132.60299682617188,-616.8983154296875,224.35504762927144,201.21908379675722,-41.38918377514182,366.0000003019588,157.9999994309136,0.7803921699523926,0.7803921699523926,0.7529411911964417,calibrated_uv_reprojection_plus_stereo_left
48.6627311706543,-132.46868896484375,-616.2444458007812,223.25953992085067,200.35989422111248,-40.892278944635734,367.0000017590186,157.99999315923768,0.7882353067398071,0.7882353067398071,0.7647058963775635,calibrated_uv_reprojection_plus_stereo_left
49.98335266113281,-132.48377990722656,-616.2857055664062,222.52917020958773,199.19391751320524,-40.88823402399106,368.00000079624783,158.00000350011715,0.800000011920929,0.7843137383460999,0.7647058963775635,calibrated_uv_reprojection_plus_stereo_left
51.29655075073242,-132.47874450683594,-616.2332763671875,221.74969500245373,198.06943754778956,-40.817760968929235,368.9999989413263,158.00000373517258,0.7882353067398071,0.772549033164978,0.7529411911964417,calibrated_uv_reprojection_plus_stereo_left
52.60574722290039,-132.46368408203125,-616.1342163085938,220.9459495508758,196.96588126010818,-40.71423630063998,369.99999990110064,158.0000037305962,0.7843137383460999,0.7647058963775635,0.7333333492279053,calibrated_uv_reprojection_plus_stereo_left
53.928897857666016,-132.48345947265625,-616.1971435546875,220.2264918546752,195.78958914598064,-40.72552035734731,371.0000013204509,157.99999663178897,0.7764706015586853,0.7568627595901489,0.7215686440467834,calibrated_uv_reprojection_plus_stereo_left
55.20834732055664,-132.3972930908203,-615.7674560546875,219.25143336985587,194.83559340281857,-40.387693810250994,371.9999998358383,158.00000930348688,0.7803921699523926,0.7490196228027344,0.7176470756530762,calibrated_uv_reprojection_plus_stereo_left
56.5294189453125,-132.4124755859375,-615.8090209960938,218.5209980709883,193.66910053182454,-40.38384218119944,372.999998776758,158.00000141755407,0.7372549176216125,0.7137255072593689,0.6784313917160034,calibrated_uv_reprojection_plus_stereo_left
57.828346252441406,-132.37608337402344,-615.6107788085938,217.666633705965,192.61157988512844,-40.21006269464607,374.00000093948444,158.00000136503263,0.6470588445663452,0.6274510025978088,0.5921568870544434,calibrated_uv_reprojection_plus_stereo_left
59.086997985839844,-132.25100708007812,-615.0001220703125,216.60040761362336,191.74336745192272,-39.744088836817866,374.9999999303168,157.99999707890643,0.6000000238418579,0.5882353186607361,0.5490196347236633,calibrated_uv_reprojection_plus_stereo_left
60.360652923583984,-132.16404724121094,-614.5667724609375,215.62658594012004,190.79578128424527,-39.40379499137185,376.000000631943,157.9999946561931,0.686274528503418,0.686274528503418,0.6470588445663452,calibrated_uv_reprojection_plus_stereo_left
61.588897705078125,-131.98330688476562,-613.6974487304688,214.4304049875467,190.05079356632456,-38.75469519715972,376.99999982018943,158.0000006208746,0.7411764860153198,0.7411764860153198,0.7137255072593689,calibrated_uv_reprojection_plus_stereo_left
62.78661346435547,-131.74588012695312,-612.5646362304688,213.10160251019204,189.43093467134423,-37.919037824598945,377.99999912080193,158.00000699313617,0.6784313917160034,0.6784313917160034,0.6627451181411743,calibrated_uv_reprojection_plus_stereo_left
63.831382751464844,-131.20362854003906,-610.0145874023438,211.05305267126198,189.47429021903343,-36.07964012466812,379.0000007741295,157.9999978325069,0.3137255012989044,0.32156863808631897,0.30588236451148987,calibrated_uv_reprojection_plus_stereo_left
64.95542907714844,-130.8426055908203,-608.3074340820312,209.43923423499342,189.13338773349113,-34.83751314756216,379.9999982404843,158.00000512371508,0.10980392247438431,0.12156862765550613,0.11372549086809158,calibrated_uv_reprojection_plus_stereo_left
66.19751739501953,-130.7287139892578,-607.749267578125,208.41235407826736,188.25997735359556,-34.40927674580871,381.0000000410718,158.00000129929865,0.250980406999588,0.2705882489681244,0.25882354378700256,calibrated_uv_reprojection_plus_stereo_left
67.4731216430664,-130.68397521972656,-607.5126342773438,207.5494423714499,187.237131665118,-34.2087913093639,382.0000004189107,157.99999963639453,0.3686274588108063,0.3921568691730499,0.3843137323856354,calibrated_uv_reprojection_plus_stereo_left
68.78395080566406,-130.7077178955078,-607.5943603515625,206.84771734387778,186.0645479559538,-34.233756357803486,383.0000010287582,157.99999891468804,0.42352941632270813,0.45098039507865906,0.4431372582912445,calibrated_uv_reprojection_plus_stereo_left
69.92909240722656,-130.42141723632812,-606.2349243164062,205.41987541595296,185.57523590632877,-33.238305280710335,384.00000315650067,158.00000108296746,0.43921568989753723,0.47058823704719543,0.4588235318660736,calibrated_uv_reprojection_plus_stereo_left
71.22006225585938,-130.41244506835938,-606.1646118164062,204.64290928511218,184.4768066117063,-33.15567680810403,385.000000729282,157.9999967032967,0.4274509847164154,0.46666666865348816,0.4588235318660736,calibrated_uv_reprojection_plus_stereo_left
72.50804138183594,-130.3982696533203,-606.0701904296875,203.85390967050233,183.39000481445947,-33.0559915475817,385.99999625673706,158.00000440260396,0.42352941632270813,0.46666666865348816,0.45490196347236633,calibrated_uv_reprojection_plus_stereo_left
73.77313232421875,-130.34402465820312,-605.7894287109375,202.97187914350593,182.39281493062668,-32.82439176184073,387.0000005746823,157.99999272811397,0.42352941632270813,0.46666666865348816,0.4588235318660736,calibrated_uv_reprojection_plus_stereo_left
75.07487487792969,-130.3551483154297,-605.8126220703125,202.24199714102355,181.25004230170737,-32.807980207610456,387.9999975874315,158.00000408492355,0.4274509847164154,0.47058823704719543,0.4627451002597809,calibrated_uv_reprojection_plus_stereo_left
76.32762145996094,-130.2821502685547,-605.4447631835938,201.3174108103189,180.2961788157507,-32.514772400068296,388.99999940465074,157.99999601209208,0.4274509847164154,0.4627451002597809,0.4588235318660736,calibrated_uv_reprojection_plus_stereo_left
77.58877563476562,-130.22555541992188,-605.1532592773438,200.43149105063793,179.3064465080983,-32.275648284698605,389.9999997638923,158.0000045110969,0.4274509847164154,0.4588235318660736,0.45490196347236633,calibrated_uv_reprojection_plus_stereo_left
78.83944702148438,-130.1533966064453,-604.7893676757812,199.5103468801675,178.35290835636454,-31.985314683100967,391.0000050906634,157.99999819205698,0.4117647111415863,0.45490196347236633,0.4470588266849518,calibrated_uv_reprojection_plus_stereo_left
80.09423065185547,-130.0901336669922,-604.4669189453125,198.61044337595848,177.38029695053217,-31.72434987614355,391.9999986381713,158.00000481430163,0.40784314274787903,0.4470588266849518,0.4431372582912445,calibrated_uv_reprojection_plus_stereo_left
81.4181137084961,-130.1392059326172,-604.6663818359375,197.96831614221708,176.15231175289819,-31.8326894091374,393.00000021302793,158.00000179893283,0.4156862795352936,0.43921568989753723,0.43921568989753723,calibrated_uv_reprojection_plus_stereo_left
82.7202377319336,-130.1523895263672,-604.6990966796875,197.24364952576076,175.00564007525765,-31.823029918284192,394.0000000859791,158.0000016022712,0.3960784375667572,0.41960784792900085,0.41960784792900085,calibrated_uv_reprojection_plus_stereo_left
84.1514663696289,-130.36505126953125,-605.6585693359375,196.97304096839474,173.39993201885432,-32.468994940831806,395.00000067387833,158.00000415510033,0.37254902720451355,0.38823530077934265,0.38823530077934265,calibrated_uv_reprojection_plus_stereo_left
85.71632385253906,-130.77503967285156,-607.5346069335938,197.14811392591537,171.33505165606726,-33.7632160152387,395.9999971954188,157.99999836674732,0.3686274588108063,0.37254902720451355,0.35686275362968445,calibrated_uv_reprojection_plus_stereo_left
88.30580139160156,-132.71250915527344,-616.50634765625,200.77905452994645,165.7240843765718,-40.076295058177664,396.99999930659783,158.0000061848326,0.42352941632270813,0.3921568691730499,0.3137255012989044,calibrated_uv_reprojection_plus_stereo_left
26.66919708251953,-132.9119415283203,-624.9946899414062,239.8202388132711,216.79794693068663,-48.35277883690031,349.99999952888373,158.9999996733515,0.3137255012989044,0.239215686917305,0.12941177189350128,calibrated_uv_reprojection_plus_stereo_left
27.959333419799805,-132.7168426513672,-624.048095703125,238.5461422089083,216.02713680167727,-47.64618685853628,351.0000006964466,158.99999370677256,0.12156862765550613,0.12156862765550613,0.07450980693101883,calibrated_uv_reprojection_plus_stereo_left
29.25126838684082,-132.5472412109375,-623.2215576171875,237.33918596540144,215.2099778265075,-47.025044941692784,352.0000008085201,159.00000154223753,0.11372549086809158,0.11372549086809158,0.07058823853731155,calibrated_uv_reprojection_plus_stereo_left
30.563087463378906,-132.47824096679688,-622.8679809570312,236.3894921321782,214.19903869904715,-46.74016215114375,353.0000010822732,158.9999926690233,0.11764705926179886,0.11764705926179886,0.10196078568696976,calibrated_uv_reprojection_plus_stereo_left
31.877779006958008,-132.42657470703125,-622.5960693359375,235.48451440213637,213.1551426850686,-46.5133719640242,353.9999997212707,159.00000651467917,0.11764705926179886,0.11764705926179886,0.10196078568696976,calibrated_uv_reprojection_plus_stereo_left
33.19123077392578,-132.37379455566406,-622.31884765625,234.57724357003087,212.1142994990712,-46.28282173079259,354.99999976490534,159.000005225701,0.11764705926179886,0.11764705926179886,0.10196078568696976,calibrated_uv_reprojection_plus_stereo_left
34.53026580810547,-132.4228973388672,-622.5205688476562,233.92736697561884,210.87248606103014,-46.39265389216138,355.9999985930921,158.999999000623,0.11372549086809158,0.11764705926179886,0.09803921729326248,calibrated_uv_reprojection_plus_stereo_left
35.84587097167969,-132.38153076171875,-622.2969970703125,233.04933855729467,209.8097495869626,-46.2002481908699,357.0000015679943,158.99999395903754,0.09803921729326248,0.11764705926179886,0.08627451211214066,calibrated_uv_reprojection_plus_stereo_left
37.15617370605469,-132.32395935058594,-621.9973754882812,232.13113160772372,208.78001376437157,-45.953836552611676,357.9999994647749,159.0000058456244,0.08627451211214066,0.10588235408067703,0.0784313753247261,calibrated_uv_reprojection_plus_stereo_left
38.46923828125,-132.27960205078125,-621.759765625,231.2465839648425,207.724726311842,-45.75149726694082,358.9999992477029,158.99999802974986,0.08627451211214066,0.10588235408067703,0.07450980693101883,calibrated_uv_reprojection_plus_stereo_left
39.74751663208008,-132.12228393554688,-620.9913330078125,230.08042386331147,206.89778667188756,-45.172073211231066,360.00000123112414,159.0000045976892,0.08235294371843338,0.10196078568696976,0.07058823853731155,calibrated_uv_reprojection_plus_stereo_left
41.07047653198242,-132.11862182617188,-620.945068359375,229.29888991202222,205.76249503591208,-45.10573393013368,361.0000002446706,159.0000001854583,0.07450980693101883,0.09019608050584793,0.062745101749897,calibrated_uv_reprojection_plus_stereo_left
42.39392852783203,-132.11647033691406,-620.9059448242188,228.52112398415858,204.62411421671487,-45.044471627240966,361.9999998208696,159.00000249232642,0.07058823853731155,0.0784313753247261,0.05882352963089943,calibrated_uv_reprojection_plus_stereo_left
43.714996337890625,-132.1070098876953,-620.8324584960938,227.72520647527602,203.50062902343325,-44.958799951386595,363.0000002311721,159.0000025783982,0.0941176488995552,0.0941176488995552,0.0784313753247261,calibrated_uv_reprojection_plus_stereo_left
45.04233932495117,-132.1162872314453,-620.8470458984375,226.9757213881307,202.33882076492347,-44.935684761422294,363.9999991036675,159.0000055134534,0.125490203499794,0.125490203499794,0.10980392247438431,calibrated_uv_reprojection_plus_stereo_left
46.29182434082031,-131.90296936035156,-619.8156127929688,225.67664829297826,201.63507847503627,-44.169711696418744,364.999999281624,159.00000301550932,0.5058823823928833,0.5058823823928833,0.4901960790157318,calibrated_uv_reprojection_plus_stereo_left
47.457088470458984,-131.4679718017578,-617.7426147460938,223.83414897200925,201.3932838279631,-42.66421471331222,366.00000124488156,158.99999616816382,0.7647058963775635,0.7647058963775635,0.7490196228027344,calibrated_uv_reprojection_plus_stereo_left
48.673126220703125,-131.19313049316406,-616.42236328125,222.39014538069603,200.8264321280509,-41.69343505481436,367.0000002999649,158.99999720479053,0.8039215803146362,0.8039215803146362,0.7882353067398071,calibrated_uv_reprojection_plus_stereo_left
49.9954719543457,-131.2115478515625,-616.4800415039062,221.66799068396966,199.6528981423163,-41.70112467243371,368.00000235739896,158.99999398143336,0.8039215803146362,0.8039215803146362,0.7803921699523926,calibrated_uv_reprojection_plus_stereo_left
51.29972457885742,-131.18255615234375,-616.3150634765625,220.82970350060043,198.57820100892786,-41.55073812916282,368.99999920549743,159.00000503499427,0.8039215803146362,0.8039215803146362,0.7764706015586853,calibrated_uv_reprojection_plus_stereo_left
52.612205505371094,-131.1753387451172,-616.2523193359375,220.0447892443267,197.45818872371171,-41.4729318064081,370.0000000882769,159.00000456910982,0.8039215803146362,0.7882353067398071,0.7686274647712708,calibrated_uv_reprojection_plus_stereo_left
53.941314697265625,-131.208740234375,-616.38037109375,219.35873960361943,196.25250778218503,-41.53055974469817,371.0000003563079,159.00000064688908,0.7882353067398071,0.772549033164978,0.7490196228027344,calibrated_uv_reprojection_plus_stereo_left
55.21806716918945,-131.1160430908203,-615.9160766601562,218.36618009678824,195.31342813527004,-41.16773070307255,372.00000074867614,158.99999948486922,0.7882353067398071,0.7686274647712708,0.7372549176216125,calibrated_uv_reprojection_plus_stereo_left
56.52550506591797,-131.09864807128906,-615.8055419921875,217.55700398710064,194.21563872759043,-41.056022633688315,373.00000072903674,158.9999993578345,0.7764706015586853,0.7568627595901489,0.7254902124404907,calibrated_uv_reprojection_plus_stereo_left
57.83021545410156,-131.07569885253906,-615.6688842773438,216.73455590374215,193.12996767269755,-40.925778031452296,373.9999998777286,158.99999263208946,0.7176470756530762,0.6980392336845398,0.6627451181411743,calibrated_uv_reprojection_plus_stereo_left
59.101593017578125,-130.97970581054688,-615.1892700195312,215.7363529162734,192.20129256773077,-40.55218438255008,374.99999888754235,159.00000364525863,0.5882353186607361,0.572549045085907,0.5372549295425415,calibrated_uv_reprojection_plus_stereo_left
60.43319320678711,-131.01829528808594,-615.3416748046875,215.06271310905748,190.9843551428616,-40.627088853552095,376.0000010111458,158.99999797346698,0.5882353186607361,0.5803921818733215,0.5529412031173706,calibrated_uv_reprojection_plus_stereo_left
61.65932846069336,-130.831298828125,-614.4346923828125,213.84763847118535,190.2545304927727,-39.95032594546893,376.99999807861457,159.0000037636991,0.7019608020782471,0.6941176652908325,0.6666666865348816,calibrated_uv_reprojection_plus_stereo_left
62.873104095458984,-130.62625122070312,-613.4429931640625,212.5915126746246,189.5670765107222,-39.21354953327784,377.99999993600994,159.00000534448264,0.7450980544090271,0.7411764860153198,0.7137255072593689,calibrated_uv_reprojection_plus_stereo_left
63.95588302612305,-130.16282653808594,-611.238037109375,210.7211584812611,189.44637466613767,-37.616177366130046,378.9999996383608,159.00000371068307,0.4000000059604645,0.3960784375667572,0.3764705955982208,calibrated_uv_reprojection_plus_stereo_left
65.0106430053711,-129.6619110107422,-608.8572387695312,208.76693770515482,189.4156845080472,-35.89430411609845,379.99999983987726,159.0000024622672,0.03921568766236305,0.03921568766236305,0.019607843831181526,calibrated_uv_reprojection_plus_stereo_left
66.21987915039062,-129.48255920410156,-607.986572265625,207.58214021421145,188.68703063980382,-35.24382263059579,380.9999977727733,159.0000024594387,0.0470588244497776,0.062745101749897,0.04313725605607033,calibrated_uv_reprojection_plus_stereo_left
67.44233703613281,-129.33531188964844,-607.2666625976562,206.4754197106809,187.89060985265564,-34.700347320244134,382.0000038948153,158.99999258693734,0.1411764770746231,0.16470588743686676,0.14901961386203766,calibrated_uv_reprojection_plus_stereo_left
68.69224548339844,-129.24513244628906,-606.8148803710938,205.50527945270983,186.970254963154,-34.34711322440381,382.99999841369515,159.00000348707064,0.25882354378700256,0.29019609093666077,0.27843138575553894,calibrated_uv_reprojection_plus_stereo_left
69.90887451171875,-129.09671020507812,-606.089599609375,204.39883144109888,186.1809187502726,-33.79996395678654,383.9999969233236,158.9999987202503,0.364705890417099,0.4000000059604645,0.38823530077934265,calibrated_uv_reprojection_plus_stereo_left
71.17073059082031,-129.0355224609375,-605.7739868164062,203.49920569691943,185.19935219963816,-33.543385127307204,385.000000997197,159.00000561963347,0.4156862795352936,0.4588235318660736,0.4431372582912445,calibrated_uv_reprojection_plus_stereo_left
72.44646453857422,-129.00112915039062,-605.5840454101562,202.66304836576018,184.15879892275814,-33.37592527934703,386.00000429092944,158.9999897904234,0.4156862795352936,0.4588235318660736,0.4431372582912445,calibrated_uv_reprojection_plus_stereo_left
73.73541259765625,-128.9909210205078,-605.5077514648438,201.8838720743969,183.0643442200913,-33.28906599811165,387.00000111205003,158.99999109566411,0.4117647111415863,0.45490196347236633,0.4470588266849518,calibrated_uv_reprojection_plus_stereo_left
75.0499267578125,-129.02487182617188,-605.6387939453125,201.20783972839513,181.87027004906264,-33.349201193657905,388.00000014611663,159.00000113158816,0.4117647111415863,0.45490196347236633,0.4470588266849518,calibrated_uv_reprojection_plus_stereo_left
76.32209014892578,-128.98599243164062,-605.4278564453125,200.3617906782872,180.84066397743692,-33.16688559989251,388.9999996311352,158.99999193810163,0.42352941632270813,0.4470588266849518,0.4470588266849518,calibrated_uv_reprojection_plus_stereo_left
77.57360076904297,-128.9139404296875,-605.0613403320312,199.43916196848494,179.88710126669065,-32.87432270718665,389.9999997465417,158.99999964800259,0.4117647111415863,0.43529412150382996,0.43529412150382996,calibrated_uv_reprojection_plus_stereo_left
78.80892944335938,-128.81768798828125,-604.5812377929688,198.4612706097941,178.99000870228713,-32.50128502027724,390.9999991792159,159.00000136744677,0.3960784375667572,0.4313725531101227,0.4274509847164154,calibrated_uv_reprojection_plus_stereo_left
80.10431671142578,-128.82101440429688,-604.5684814453125,197.7145054734081,177.86623804043376,-32.45950250074799,391.999997407441,158.99999863144956,0.3960784375667572,0.4274509847164154,0.42352941632270813,calibrated_uv_reprojection_plus_stereo_left
81.36919403076172,-128.77581787109375,-604.3280029296875,196.85583440414104,176.85400324438615,-32.256339645513094,393.0000023871089,158.9999947357784,0.3960784375667572,0.41960784792900085,0.4156862795352936,calibrated_uv_reprojection_plus_stereo_left
82.69456481933594,-128.82615661621094,-604.5359497070312,196.21727717347375,175.62178090506637,-32.370961511829876,393.9999981190202,159.00000623991724,0.3843137323856354,0.40784314274787903,0.4000000059604645,calibrated_uv_reprojection_plus_stereo_left
84.16496276855469,-129.0972900390625,-605.7798461914062,196.08426178670067,173.87672175486182,-33.219561374175896,394.99999822558186,159.0000029421443,0.3529411852359772,0.3686274588108063,0.364705890417099,calibrated_uv_reprojection_plus_stereo_left
85.86590576171875,-129.70834350585938,-608.6185913085938,196.72535609076374,171.33582187760544,-35.19795404224226,395.9999986094164,158.99999866426685,0.364705890417099,0.364705890417099,0.34117648005485535,calibrated_uv_reprojection_plus_stereo_left
88.58815002441406,-131.8207244873047,-618.5012817382812,200.7836999372625,165.2772837750349,-42.166212878274735,397.0000040613945,158.99999527597643,0.4313725531101227,0.3960784375667572,0.30588236451148987,calibrated_uv_reprojection_plus_stereo_left
29.30166244506836,-131.4636993408203,-624.3768920898438,236.99041007339923,215.28355685472053,-48.52929593896886,351.9999995952881,160.0000039940167,0.239215686917305,0.1764705926179886,0.10196078568696976,calibrated_uv_reprojection_plus_stereo_left
30.599727630615234,-131.32569885253906,-623.6925048828125,235.86168911202435,214.40745931429956,-48.00851371827247,353.00000101662584,160.00000092167903,0.1411764770746231,0.13725490868091583,0.10588235408067703,calibrated_uv_reprojection_plus_stereo_left
31.89719581604004,-131.19642639160156,-623.0496215820312,234.75681526355612,213.51643395619107,-47.5173442424512,353.9999992444547,159.99999711761654,0.13333334028720856,0.13333334028720856,0.10196078568696976,calibrated_uv_reprojection_plus_stereo_left
33.19742202758789,-131.08804321289062,-622.5060424804688,233.7065993755872,212.58604990793407,-47.09692877646637,355.00000001770695,160.00000136754903,0.125490203499794,0.125490203499794,0.10980392247438431,calibrated_uv_reprojection_plus_stereo_left
34.52362823486328,-131.0863494873047,-622.4690551757812,232.9284677161524,211.44447636790937,-47.03712264565962,356.0000015804492,159.99999391885524,0.11764705926179886,0.125490203499794,0.10588235408067703,calibrated_uv_reprojection_plus_stereo_left
35.828487396240234,-131.00643920898438,-622.060791015625,231.95223430426114,210.45969702853876,-46.71309439188019,356.9999982087625,160.00000574961956,0.10980392247438431,0.12156862765550613,0.10196078568696976,calibrated_uv_reprojection_plus_stereo_left
37.14893341064453,-130.98690795898438,-621.9391479492188,231.1294433837166,209.3546519168175,-46.59306434551206,358.0000006744734,160.00000200219876,0.10588235408067703,0.12156862765550613,0.09803921729326248,calibrated_uv_reprojection_plus_stereo_left
38.4637565612793,-130.94932556152344,-621.7318115234375,230.2613300879393,208.286400137942,-46.412064916509394,359.00000037156883,159.99999894541935,0.09803921729326248,0.11764705926179886,0.08627451211214066,calibrated_uv_reprojection_plus_stereo_left
39.756839752197266,-130.84243774414062,-621.1954956054688,229.2193062201141,207.35953532656345,-45.99700896542487,359.9999990409029,160.00000292226588,0.08627451211214066,0.10588235408067703,0.0784313753247261,calibrated_uv_reprojection_plus_stereo_left
41.07904052734375,-130.83493041992188,-621.1309814453125,228.42786781397098,206.2316986835695,-45.917675956510266,361.00000024896065,159.99999949278472,0.08235294371843338,0.10196078568696976,0.0784313753247261,calibrated_uv_reprojection_plus_stereo_left
42.40034103393555,-130.8248748779297,-621.0543823242188,227.6300975470503,205.10914516629998,-45.82974845950031,362.00000061355007,159.9999977111264,0.09019608050584793,0.09803921729326248,0.0784313753247261,calibrated_uv_reprojection_plus_stereo_left
43.7275390625,-130.8328399658203,-621.0633544921875,226.8774192269613,203.949606996326,-45.80269950328619,362.999999773082,159.99999984730232,0.09019608050584793,0.0941176488995552,0.0784313753247261,calibrated_uv_reprojection_plus_stereo_left
45.02811050415039,-130.76278686523438,-620.7019653320312,225.93019400761148,202.95110921798567,-45.51219897997544,363.9999996711896,159.99999863344817,0.0941176488995552,0.09803921729326248,0.0784313753247261,calibrated_uv_reprojection_plus_stereo_left
46.328487396240234,-130.6959686279297,-620.35595703125,224.99179118211885,201.94705601567324,-45.23267179721182,364.9999992259454,159.9999969695151,0.13725490868091583,0.1411764770746231,0.12156862765550613,calibrated_uv_reprojection_plus_stereo_left
47.539161682128906,-130.38661193847656,-618.8588256835938,223.45266739788298,201.44959063509253,-44.13449275540347,365.9999995850332,159.99999824991153,0.5411764979362488,0.5411764979362488,0.5215686559677124,calibrated_uv_reprojection_plus_stereo_left
48.68380355834961,-129.9175567626953,-616.6038818359375,221.52206074215798,201.29170320235932,-42.49754974864925,366.99999893094747,159.99999959073028,0.7843137383460999,0.7843137383460999,0.7686274647712708,calibrated_uv_reprojection_plus_stereo_left
50.01349639892578,-129.9538116455078,-616.7472534179688,220.8440812966968,200.07996520465463,-42.56627909567021,368.00000228669796,159.99999472884377,0.8274509906768799,0.8235294222831726,0.8078431487083435,calibrated_uv_reprojection_plus_stereo_left
51.31029510498047,-129.9047393798828,-616.4857177734375,219.95555820578244,199.0475911648872,-42.347085867315286,369.00000040676383,159.99999712106518,0.8235294222831726,0.8235294222831726,0.8078431487083435,calibrated_uv_reprojection_plus_stereo_left
52.620967864990234,-129.8921661376953,-616.3973999023438,219.15721591237553,197.93865944928018,-42.25107119829778,370.0000021392102,159.99999846450856,0.8196078538894653,0.8196078538894653,0.7960784435272217,calibrated_uv_reprojection_plus_stereo_left
53.936256408691406,-129.89114379882812,-616.3638916015625,218.38728035656283,196.80530633439258,-42.19402656576682,371.0000015514082,159.99999883081017,0.8117647171020508,0.8078431487083435,0.7843137383460999,calibrated_uv_reprojection_plus_stereo_left
55.246063232421875,-129.87710571289062,-616.2686157226562,217.58549377414738,195.6997176218528,-42.09307030968654,371.99999979808695,159.9999981584586,0.8117647171020508,0.7921568751335144,0.772549033164978,calibrated_uv_reprojection_plus_stereo_left
56.56806945800781,-129.89154052734375,-616.3084716796875,216.85326876108684,194.5332086018592,-42.088178014923585,373.000000718465,160.00000220025828,0.8078431487083435,0.7882353067398071,0.7647058963775635,calibrated_uv_reprojection_plus_stereo_left
57.87671661376953,-129.87518310546875,-616.2021484375,216.045894743495,193.43273792586916,-41.979367688148784,374.00000146873214,159.9999941885809,0.8117647171020508,0.7921568751335144,0.7607843279838562,calibrated_uv_reprojection_plus_stereo_left
59.17073059082031,-129.8272705078125,-615.9461669921875,215.16211024175772,192.40072086504392,-41.76420343265329,375.00000091779515,159.99999340417276,0.772549033164978,0.7529411911964417,0.7215686440467834,calibrated_uv_reprojection_plus_stereo_left
60.43250274658203,-129.71206665039062,-615.3710327148438,214.1159730403886,191.51558404684522,-41.32225751678271,375.99999720284,160.00000324051194,0.686274528503418,0.6666666865348816,0.6392157077789307,calibrated_uv_reprojection_plus_stereo_left
61.66575622558594,-129.54168701171875,-614.5341186523438,212.93787298099642,190.752717430619,-40.69433545731789,377.00000218210073,160.00000027442343,0.686274528503418,0.6666666865348816,0.6352941393852234,calibrated_uv_reprojection_plus_stereo_left
62.862831115722656,-129.30384826660156,-613.3773193359375,211.59925621505118,190.1404314569948,-39.83920645219837,377.99999838417875,160.0000047125801,0.7372549176216125,0.7176470756530762,0.6941176652908325,calibrated_uv_reprojection_plus_stereo_left
63.96808624267578,-128.8905487060547,-611.3883056640625,209.84174645986184,189.91787805058243,-38.39290156905844,378.9999995905482,160.00000519455762,0.40392157435417175,0.3960784375667572,0.3686274588108063,calibrated_uv_reprojection_plus_stereo_left
65.25723266601562,-128.85675048828125,-611.1995239257812,208.9988008668226,188.86508920756398,-38.2257818629281,380.00000185835404,160.0000027909468,0.062745101749897,0.06666667014360428,0.0313725508749485,calibrated_uv_reprojection_plus_stereo_left
66.47418975830078,-128.68438720703125,-610.353515625,207.82485751851897,188.11980254990368,-37.59178303771813,381.00000363814064,159.9999968295019,0.0313725508749485,0.0470588244497776,0.01568627543747425,calibrated_uv_reprojection_plus_stereo_left
67.65460205078125,-128.4491424560547,-609.2093505859375,206.5029190123534,187.5173246239795,-36.746077393719474,381.99999920871556,159.9999913803837,0.01568627543747425,0.03921568766236305,0.0117647061124444,calibrated_uv_reprojection_plus_stereo_left
68.78050231933594,-128.12106323242188,-607.6251220703125,204.96285890471648,187.12613383112063,-35.587929589899886,382.9999986967631,160.0000037649819,0.05098039284348488,0.07450980693101883,0.054901961237192154,calibrated_uv_reprojection_plus_stereo_left
70.00997924804688,-127.994384765625,-606.9960327148438,203.90461952307896,186.28920391239342,-35.10830859519507,384.00000063307493,159.99999668325393,0.16470588743686676,0.1882352977991104,0.1725490242242813,calibrated_uv_reprojection_plus_stereo_left
71.160888671875,-127.73114013671875,-605.7194213867188,202.52451049967357,185.7617259996532,-34.168896716370966,385.00000471864735,159.9999961336663,0.2823529541492462,0.32156863808631897,0.30588236451148987,calibrated_uv_reprojection_plus_stereo_left
72.42355346679688,-127.67420196533203,-605.4212646484375,201.63473085700872,184.772720944634,-33.9244511669562,385.999995335794,160.00000379175245,0.3764705955982208,0.41960784792900085,0.40392157435417175,calibrated_uv_reprojection_plus_stereo_left
73.69918823242188,-127.64157104492188,-605.2383422851562,200.80281573448866,183.72952341107577,-33.76185222243538,387.00000042337945,160.00000387288043,0.40784314274787903,0.4431372582912445,0.4313725531101227,calibrated_uv_reprojection_plus_stereo_left
74.99310302734375,-127.64106750488281,-605.207763671875,200.0467430077257,182.6136996007724,-33.70743528908292,387.9999974568806,160.00000385493118,0.4000000059604645,0.43529412150382996,0.4274509847164154,calibrated_uv_reprojection_plus_stereo_left
76.23966217041016,-127.56121826171875,-604.8009643554688,199.10464004198093,181.6791553496975,-33.385910697491056,388.9999971036892,160.00000048386812,0.4000000059604645,0.4313725531101227,0.4274509847164154,calibrated_uv_reprojection_plus_stereo_left
77.54352569580078,-127.57817077636719,-604.8531494140625,198.3897616025717,180.52385956248884,-33.39026416704655,390.00000369699524,159.99999874300696,0.38823530077934265,0.42352941632270813,0.41960784792900085,calibrated_uv_reprojection_plus_stereo_left
78.83519744873047,-127.5747299194336,-604.8086547851562,197.6270882648186,179.41516924977304,-33.32597965864608,391.00000167714734,159.9999987170262,0.38823530077934265,0.4117647111415863,0.4117647111415863,calibrated_uv_reprojection_plus_stereo_left
80.24217224121094,-127.75484466552734,-605.6343383789062,197.29140238033648,177.882157967171,-33.87935180467713,392.00000283291126,160.00000116789306,0.38823530077934265,0.4117647111415863,0.4117647111415863,calibrated_uv_reprojection_plus_stereo_left
81.44348907470703,-127.60689544677734,-604.90478515625,196.19233591647065,177.10715632437012,-33.32880086342993,393.00000078823143,160.00000217803176,0.38823530077934265,0.4117647111415863,0.40392157435417175,calibrated_uv_reprojection_plus_stereo_left
82.70205688476562,-127.5517578125,-604.615234375,195.30977609905523,176.11851352872327,-33.09059113628865,393.9999979011551,160.00000275180045,0.364705890417099,0.38823530077934265,0.3803921639919281,calibrated_uv_reprojection_plus_stereo_left
84.07333374023438,-127.66934967041016,-605.1444091796875,194.82655078439905,174.72695653638863,-33.43340619334481,395.00000114994486,159.99999948600083,0.3294117748737335,0.3450980484485626,0.34117648005485535,calibrated_uv_reprojection_plus_stereo_left
86.4324951171875,-129.2606658935547,-612.6585693359375,197.7352115082988,169.8750268583189,-38.73261362352616,395.99999581798505,159.9999973586937,0.3529411852359772,0.3490196168422699,0.32156863808631897,calibrated_uv_reprojection_plus_stereo_left
30.64041519165039,-130.1868896484375,-624.5997924804688,235.37573548507316,214.58307412910443,-49.33768320522836,352.9999990339862,161.00000070770494,0.30980393290519714,0.24705882370471954,0.1725490242242813,calibrated_uv_reprojection_plus_stereo_left
31.935504913330078,-130.041259765625,-623.872314453125,234.22537226733488,213.7250093955103,-48.78550229916675,354.00000020907663,160.99999780554947,0.21568627655506134,0.1725490242242813,0.10980392247438431,calibrated_uv_reprojection_plus_stereo_left
33.223392486572266,-129.87879943847656,-623.064208984375,233.03357667047686,212.90316128905238,-48.175921109323724,355.00000056382737,161.00000276197045,0.13333334028720856,0.14901961386203766,0.10980392247438431,calibrated_uv_reprojection_plus_stereo_left
34.53180694580078,-129.8057098388672,-622.684814453125,232.07220113874962,211.90423754725396,-47.87201533782138,355.9999998716181,160.99999587822015,0.125490203499794,0.13725490868091583,0.10196078568696976,calibrated_uv_reprojection_plus_stereo_left
35.8272590637207,-129.69081115722656,-622.10498046875,231.00500956958467,210.99103918187626,-47.42528370543715,356.99999807694746,161.0000017284437,0.12941177189350128,0.13333334028720856,0.10588235408067703,calibrated_uv_reprojection_plus_stereo_left
37.14202117919922,-129.6512451171875,-621.886474609375,230.13087412035946,209.92684675017813,-47.23613240474026,357.9999986341251,160.99999778471283,0.11764705926179886,0.125490203499794,0.10196078568696976,calibrated_uv_reprojection_plus_stereo_left
38.45285415649414,-129.60089111328125,-621.6162719726562,229.22977996250228,208.88527562620516,-47.01015965548174,358.9999992454194,160.99999867079055,0.10588235408067703,0.12156862765550613,0.10196078568696976,calibrated_uv_reprojection_plus_stereo_left
39.75625228881836,-129.52940368652344,-621.2447509765625,228.27570490114067,207.8878041852027,-46.71201115382803,360.0000007292533,161.00000279137663,0.09803921729326248,0.11764705926179886,0.09019608050584793,calibrated_uv_reprojection_plus_stereo_left
41.07537841796875,-129.5118865966797,-621.1320190429688,227.45882146129628,206.78053204169157,-46.59829434199372,361.0000017268615,160.9999943516434,0.0941176488995552,0.11372549086809158,0.08235294371843338,calibrated_uv_reprojection_plus_stereo_left
42.401981353759766,-129.51805114746094,-621.1329956054688,226.70186941712615,205.62453609111418,-46.56561799173852,361.9999986046107,161.00000666272993,0.08627451211214066,0.10588235408067703,0.08235294371843338,calibrated_uv_reprojection_plus_stereo_left
43.73202896118164,-129.5338134765625,-621.179931640625,225.96891719489247,204.44846851208035,-46.565674126536635,362.99999800067957,161.00000917226856,0.08235294371843338,0.09803921729326248,0.0784313753247261,calibrated_uv_reprojection_plus_stereo_left
45.01654815673828,-129.41754150390625,-620.5936279296875,224.90433125390086,203.54718692457243,-46.11458486907571,363.9999998937717,160.99999762053812,0.08235294371843338,0.0941176488995552,0.06666667014360428,calibrated_uv_reprojection_plus_stereo_left
46.3339729309082,-129.3995819091797,-620.4788208007812,224.0872452244747,202.44216857161348,-45.9994301116526,365.0000022816721,160.99999126076517,0.10980392247438431,0.11372549086809158,0.09019608050584793,calibrated_uv_reprojection_plus_stereo_left
47.61536407470703,-129.28456115722656,-619.8987426757812,223.027938811983,201.54131301027206,-45.5528819799307,366.0000000098471,161.00000308869772,0.125490203499794,0.125490203499794,0.11372549086809158,calibrated_uv_reprojection_plus_stereo_left
48.80638885498047,-128.93682861328125,-618.202880859375,221.39006458940355,201.13348149955164,-44.311669546134056,366.9999988938788,161.0000040895324,0.47843137383461,0.47843137383461,0.46666666865348816,calibrated_uv_reprojection_plus_stereo_left
50.078941345214844,-128.81690979003906,-617.599365234375,220.3225838575076,200.2490193122319,-43.84859280976349,367.99999938597125,160.99999947905894,0.7372549176216125,0.7372549176216125,0.7215686440467834,calibrated_uv_reprojection_plus_stereo_left
51.34272766113281,-128.68096923828125,-616.9191284179688,219.21677178703032,199.400684755354,-43.33094387164283,368.99999887234395,161.00000094187914,0.8235294222831726,0.8235294222831726,0.8078431487083435,calibrated_uv_reprojection_plus_stereo_left
52.6401481628418,-128.63381958007812,-616.6646118164062,218.33219449559408,198.36497362328993,-43.116512765322284,369.9999998448002,161.00000277216137,0.8392156958580017,0.8352941274642944,0.8196078538894653,calibrated_uv_reprojection_plus_stereo_left
53.957374572753906,-128.63601684570312,-616.6466064453125,217.5698957397396,197.22418290126438,-43.07050083273322,371.0000000217054,160.99999445930248,0.8313725590705872,0.8274509906768799,0.8117647171020508,calibrated_uv_reprojection_plus_stereo_left
55.24956512451172,-128.57965087890625,-616.3479614257812,216.66337824505672,196.2094152892991,-42.82468572025351,371.99999818843764,160.9999998649701,0.8313725590705872,0.8196078538894653,0.7960784435272217,calibrated_uv_reprojection_plus_stereo_left
56.567386627197266,-128.583984375,-616.3402709960938,215.90655502866792,195.06428188823446,-42.78603336106062,372.99999979085425,161.00000230825555,0.8235294222831726,0.8078431487083435,0.7882353067398071,calibrated_uv_reprojection_plus_stereo_left
57.86421585083008,-128.54132080078125,-616.1072998046875,215.03448589413676,194.02108452590016,-42.58700419136858,374.0000001199443,161.00000204913212,0.8156862854957581,0.800000011920929,0.7803921699523926,calibrated_uv_reprojection_plus_stereo_left
59.160465240478516,-128.49913024902344,-615.8765869140625,214.16402728753673,192.97755148643023,-42.38959977805581,375.00000029411325,160.99999765493868,0.8117647171020508,0.7960784435272217,0.7764706015586853,calibrated_uv_reprojection_plus_stereo_left
60.40850067138672,-128.3561553955078,-615.1629028320312,213.0483190507702,192.15535717200737,-41.848457611242,376.00000087131014,160.99999852961707,0.8039215803146362,0.7843137383460999,0.7647058963775635,calibrated_uv_reprojection_plus_stereo_left
61.65728759765625,-128.22067260742188,-614.4851684570312,211.95248815443597,191.3191580150293,-41.332971227009125,377.00000085971044,160.99999670640096,0.7803921699523926,0.7647058963775635,0.7372549176216125,calibrated_uv_reprojection_plus_stereo_left
62.84439468383789,-127.96508026123047,-613.23193359375,210.56683831561935,190.7503853280536,-40.407997796503366,378.0000004479233,160.9999993428709,0.7098039388656616,0.6980392336845398,0.658823549747467,calibrated_uv_reprojection_plus_stereo_left
63.96568298339844,-127.58849334716797,-611.3989868164062,208.8913620436673,190.45420409848936,-39.07062812879241,378.9999989035529,160.99999841739444,0.3333333432674408,0.3294117748737335,0.29411765933036804,calibrated_uv_reprojection_plus_stereo_left
65.29033660888672,-127.62434387207031,-611.54248046875,208.21603000813064,189.24697854622968,-39.139780589553084,380.00000101989804,160.9999947572804,0.04313725605607033,0.0470588244497776,0.007843137718737125,calibrated_uv_reprojection_plus_stereo_left
66.53612518310547,-127.50749969482422,-610.9544067382812,207.17253820445484,188.3801055281495,-38.68841670414531,380.9999975308549,161.00000538819714,0.03921568766236305,0.0470588244497776,0.0117647061124444,calibrated_uv_reprojection_plus_stereo_left
67.75437927246094,-127.34326934814453,-610.1392211914062,206.01651781795857,187.62153862081965,-38.075521722559415,381.9999985448052,160.99999670460045,0.03529411926865578,0.05098039284348488,0.019607843831181526,calibrated_uv_reprojection_plus_stereo_left
68.92442321777344,-127.09617614746094,-608.9271850585938,204.66387798328373,187.05233314911732,-37.1804042429477,383.0000021403037,161.00000091150446,0.027450980618596077,0.0470588244497776,0.0235294122248888,calibrated_uv_reprojection_plus_stereo_left
70.12015533447266,-126.90460968017578,-607.9812622070312,203.44686921639226,186.3619363463763,-36.4747059455496,383.9999996719084,161.00000270194266,0.0235294122248888,0.04313725605607033,0.0235294122248888,calibrated_uv_reprojection_plus_stereo_left
71.29513549804688,-126.6830062866211,-606.8914794921875,202.1604672119127,185.743030672519,-35.66677514648666,385.0000003354852,160.99999689404092,0.0784313753247261,0.11764705926179886,0.0941176488995552,calibrated_uv_reprojection_plus_stereo_left
72.44953918457031,-126.43328094482422,-605.6671142578125,200.80979865203602,185.19202563643267,-34.763242597098554,385.9999977835383,160.9999969519546,0.1921568661928177,0.23529411852359772,0.21176470816135406,calibrated_uv_reprojection_plus_stereo_left
73.65865325927734,-126.28597259521484,-604.9334716796875,199.70504043431657,184.41114875139607,-34.208826095744655,387.00000300090113,160.99999980200585,0.32549020648002625,0.3607843220233917,0.3490196168422699,calibrated_uv_reprojection_plus_stereo_left
74.97942352294922,-126.33177185058594,-605.1248779296875,199.05897896692147,183.18951935602706,-34.31230208784973,387.99999610569716,161.00000363158074,0.3921568691730499,0.42352941632270813,0.4117647111415863,calibrated_uv_reprojection_plus_stereo_left
76.265869140625,-126.31902313232422,-605.0357666015625,198.2740948877862,182.10194638142758,-34.216279543629696,389.00000210256934,160.99999688591905,0.38823530077934265,0.41960784792900085,0.4156862795352936,calibrated_uv_reprojection_plus_stereo_left
77.5672607421875,-126.33092498779297,-605.0647583007812,197.54737415790964,180.95750286066527,-34.2042378120305,390.0000006389218,160.9999956941124,0.3764705955982208,0.40784314274787903,0.40392157435417175,calibrated_uv_reprojection_plus_stereo_left
78.81893920898438,-126.26266479492188,-604.7098999023438,196.63223520085927,179.99890247046898,-33.9192964230549,390.99999661377194,161.0000069381606,0.3764705955982208,0.4000000059604645,0.4000000059604645,calibrated_uv_reprojection_plus_stereo_left
80.24949645996094,-126.4784164428711,-605.7151489257812,196.38313588483743,178.3794384368017,-34.60128087911619,391.9999979833505,161.00000586330316,0.3803921639919281,0.40392157435417175,0.40392157435417175,calibrated_uv_reprojection_plus_stereo_left
81.53221893310547,-126.45790100097656,-605.5888061523438,195.57935148922934,177.30893260806408,-34.478758989548055,393.00000177771074,160.99999752918657,0.3764705955982208,0.4000000059604645,0.3960784375667572,calibrated_uv_reprojection_plus_stereo_left
82.74720001220703,-126.33448028564453,-604.9697265625,194.53595241623532,176.48040239166772,-34.006015614813805,394.000004879967,160.99999428584772,0.3490196168422699,0.3686274588108063,0.364705890417099,calibrated_uv_reprojection_plus_stereo_left
84.13225555419922,-126.47041320800781,-605.5926513671875,194.09689681467768,175.04254347545185,-34.41608086172636,394.9999988473631,161.00000051226334,0.32156863808631897,0.32549020648002625,0.3137255012989044,calibrated_uv_reprojection_plus_stereo_left
86.92813110351562,-128.6907196044922,-616.19580078125,198.48895453749242,168.6698464954017,-41.918852603591404,396.0000042696678,160.99999183780238,0.3607843220233917,0.3450980484485626,0.30588236451148987,calibrated_uv_reprojection_plus_stereo_left
31.969881057739258,-128.86676025390625,-624.618408203125,233.65044089696346,213.96684259099004,-50.00077899338805,353.9999994812056,162.0000045272401,0.3843137323856354,0.2862745225429535,0.16470588743686676,calibrated_uv_reprojection_plus_stereo_left
33.25802993774414,-128.7007293701172,-623.7850341796875,232.44546545991068,213.15345234574733,-49.372275637100245,355.0000021836686,161.99999759396886,0.250980406999588,0.21960784494876862,0.13725490868091583,calibrated_uv_reprojection_plus_stereo_left
34.54985046386719,-128.5608367919922,-623.0784912109375,231.30981579275465,212.2898870952447,-48.83441385046518,355.9999996187772,162.00000275606754,0.18431372940540314,0.16470588743686676,0.10196078568696976,calibrated_uv_reprojection_plus_stereo_left
35.847312927246094,-128.45123291015625,-622.5187377929688,230.2536287758166,211.36702534573465,-48.401406325078995,356.9999990559201,161.9999985563419,0.15294118225574493,0.14901961386203766,0.11764705926179886,calibrated_uv_reprojection_plus_stereo_left
37.152748107910156,-128.376708984375,-622.1290893554688,229.2886875488469,210.3742097233466,-48.089884991312715,357.999999897234,162.00000312512242,0.12941177189350128,0.13333334028720856,0.10980392247438431,calibrated_uv_reprojection_plus_stereo_left
38.452552795410156,-128.2882843017578,-621.6720581054688,228.28901800121406,209.41125560728705,-47.73029886728,359.0000000944646,161.99999951078587,0.11764705926179886,0.12941177189350128,0.10980392247438431,calibrated_uv_reprojection_plus_stereo_left
39.75175857543945,-128.20355224609375,-621.2330322265625,227.29982022912515,208.44215963434067,-47.38361540125527,359.9999994424492,162.00000751002318,0.11372549086809158,0.12941177189350128,0.10196078568696976,calibrated_uv_reprojection_plus_stereo_left
41.071998596191406,-128.18971252441406,-621.1373901367188,226.49203659032736,207.32752434020443,-47.28201812153105,361.0000000455149,161.99999091784778,0.10980392247438431,0.125490203499794,0.09803921729326248,calibrated_uv_reprojection_plus_stereo_left
42.39826583862305,-128.19468688964844,-621.133056640625,225.73221619368297,206.17382680921298,-47.24560026208178,362.0000018947245,161.9999970271316,0.09803921729326248,0.11372549086809158,0.0941176488995552,calibrated_uv_reprojection_plus_stereo_left
43.724449157714844,-128.1988983154297,-621.125,224.97035022427644,205.0215796368393,-47.2065188237205,363.0000000954243,161.99999956884997,0.08627451211214066,0.10196078568696976,0.08235294371843338,calibrated_uv_reprojection_plus_stereo_left
45.01395034790039,-128.09825134277344,-620.60888671875,223.943287655267,204.08948747027375,-46.80492899412269,363.9999990805206,161.9999964481185,0.08235294371843338,0.09803921729326248,0.0784313753247261,calibrated_uv_reprojection_plus_stereo_left
46.32775115966797,-128.07029724121094,-620.4450073242188,223.10073132300226,203.00574869533534,-46.65469343897382,365.00000014719984,161.99999730985434,0.08235294371843338,0.09803921729326248,0.0784313753247261,calibrated_uv_reprojection_plus_stereo_left
47.63193130493164,-128.017822265625,-620.162353515625,222.196771969949,201.9743894323517,-46.419737422026344,366.0000018297155,161.99999855316304,0.10980392247438431,0.11372549086809158,0.10980392247438431,calibrated_uv_reprojection_plus_stereo_left
48.891014099121094,-127.85005187988281,-619.3212280273438,221.0040193611929,201.18919546610397,-45.78642633477466,367.0000011012725,162.0000016192705,0.10196078568696976,0.10588235408067703,0.09803921729326248,calibrated_uv_reprojection_plus_stereo_left
50.15685272216797,-127.70812225341797,-618.6052856445312,219.87792397739474,200.3517386182022,-45.24248591194794,368.00000075753525,161.99999533437153,0.30588236451148987,0.30588236451148987,0.29019609093666077,calibrated_uv_reprojection_plus_stereo_left
51.415306091308594,-127.55493927001953,-617.8349609375,218.72540686944734,199.54086586475626,-44.65983672812416,369.0000008129306,161.99999905831208,0.6000000238418579,0.6000000238418579,0.5843137502670288,calibrated_uv_reprojection_plus_stereo_left
52.68426513671875,-127.43464660644531,-617.2239990234375,217.6566483462327,198.66180677566604,-44.19091927234109,369.99999808474485,162.00000177868858,0.7137255072593689,0.7137255072593689,0.6980392336845398,calibrated_uv_reprojection_plus_stereo_left
53.976783752441406,-127.37562561035156,-616.9097900390625,216.74158216164636,197.65229152108884,-43.93367952675419,371.0000009953663,161.99999639802394,0.7764706015586853,0.7764706015586853,0.7607843279838562,calibrated_uv_reprojection_plus_stereo_left
55.258872985839844,-127.29520416259766,-616.4920043945312,215.77412861389155,196.69023371117527,-43.60261511842833,372.000002520313,161.99999751122402,0.8274509906768799,0.8274509906768799,0.8039215803146362,calibrated_uv_reprojection_plus_stereo_left
56.56717300415039,-127.27733612060547,-616.377197265625,214.96235025390342,195.5931094377628,-43.48762181851151,372.99999818214576,162.0000004177665,0.8274509906768799,0.8274509906768799,0.8039215803146362,calibrated_uv_reprojection_plus_stereo_left
57.87543487548828,-127.260009765625,-616.2649536132812,214.15204744666715,194.4950631849382,-43.374456232954344,374.0000028289416,161.99999300749195,0.8196078538894653,0.8196078538894653,0.7882353067398071,calibrated_uv_reprojection_plus_stereo_left
59.172725677490234,-127.21969604492188,-616.04150390625,213.28536059144733,193.4477775054878,-43.18202835821171,375.00000031009864,162.00000138415095,0.8078431487083435,0.8039215803146362,0.7764706015586853,calibrated_uv_reprojection_plus_stereo_left
60.391883850097656,-127.01664733886719,-615.030029296875,212.01946626144218,192.76046371140745,-42.42786256216999,375.9999994036118,162.00000056531348,0.772549033164978,0.7607843279838562,0.7411764860153198,calibrated_uv_reprojection_plus_stereo_left
61.63042449951172,-126.86197662353516,-614.2528686523438,210.8744770919252,191.96946532613902,-41.840818991355604,377.0000004638721,161.99999723579333,0.6666666865348816,0.6627451181411743,0.6274510025978088,calibrated_uv_reprojection_plus_stereo_left
62.8244743347168,-126.6239242553711,-613.0720825195312,209.5275609676591,191.36674291644795,-40.96617092471263,378.00000006961085,161.99999616810265,0.4431372582912445,0.4470588266849518,0.40392157435417175,calibrated_uv_reprojection_plus_stereo_left
63.98855972290039,-126.33626556396484,-611.6513061523438,208.0625770188501,190.8790305356871,-39.920612105169255,378.9999989675705,162.00000654360207,0.14509804546833038,0.14509804546833038,0.11372549086809158,calibrated_uv_reprojection_plus_stereo_left
65.28855895996094,-126.32295227050781,-611.5587158203125,207.26806141756646,189.78090170878943,-39.821712962094125,380.000002029103,161.99999954692638,0.0313725508749485,0.03529411926865578,0.0,calibrated_uv_reprojection_plus_stereo_left
66.53697967529297,-126.2121810913086,-610.994384765625,206.23729689931895,188.90245851573758,-39.38666651202027,380.9999983853653,162.00000037374144,0.04313725605607033,0.0470588244497776,0.0117647061124444,calibrated_uv_reprojection_plus_stereo_left
67.77323150634766,-126.08287048339844,-610.34033203125,205.16295167745625,188.0678500694106,-38.88774304324977,382.0000042989272,161.99999746524114,0.0470588244497776,0.05098039284348488,0.01568627543747425,calibrated_uv_reprojection_plus_stereo_left
68.98558044433594,-125.91468048095703,-609.4981689453125,203.99630326936813,187.32374963105218,-38.25486326801223,383.0000039255824,161.99999961122688,0.03921568766236305,0.054901961237192154,0.027450980618596077,calibrated_uv_reprojection_plus_stereo_left
70.14800262451172,-125.66316223144531,-608.252685546875,202.63101473855988,186.7725413254259,-37.33472637601227,384.00000145424656,161.9999928113213,0.03529411926865578,0.054901961237192154,0.0313725508749485,calibrated_uv_reprojection_plus_stereo_left
71.37248992919922,-125.5298080444336,-607.579345703125,201.55251253367328,185.95533249936614,-36.82231047256852,384.99999528142064,162.0000027273161,0.027450980618596077,0.054901961237192154,0.0313725508749485,calibrated_uv_reprojection_plus_stereo_left
72.60469818115234,-125.41442108154297,-606.992919921875,200.5185689137656,185.0991927857841,-36.37186156542117,385.9999991031164,161.99999626499982,0.04313725605607033,0.07058823853731155,0.0470588244497776,calibrated_uv_reprojection_plus_stereo_left
73.68474578857422,-125.04473114013672,-605.1758422851562,198.87837862680698,184.8314857274413,-35.044922750202886,387.0000004467282,161.99999651891343,0.13333334028720856,0.16470588743686676,0.15294118225574493,calibrated_uv_reprojection_plus_stereo_left
74.9751205444336,-125.03844451904297,-605.1176147460938,198.10870400516467,183.729016508805,-34.970852383447834,387.99999926917036,161.99999903653188,0.2549019753932953,0.2862745225429535,0.27450981736183167,calibrated_uv_reprojection_plus_stereo_left
76.28368377685547,-125.06206512451172,-605.2041015625,197.4101515584352,182.55709415741313,-34.99984142836621,388.9999980989586,161.99999920063573,0.3686274588108063,0.40392157435417175,0.3960784375667572,calibrated_uv_reprojection_plus_stereo_left
77.57649230957031,-125.05936431884766,-605.1632080078125,196.6488520407254,181.44608255517062,-34.93810795664888,390.0000013978521,161.9999995962078,0.3686274588108063,0.40392157435417175,0.3960784375667572,calibrated_uv_reprojection_plus_stereo_left
78.77874755859375,-124.9130630493164,-604.4274291992188,195.54789258286985,180.67136194174304,-34.38157654008711,390.9999994712873,161.99999468425494,0.3607843220233917,0.3843137323856354,0.3803921639919281,calibrated_uv_reprojection_plus_stereo_left
80.26192474365234,-125.20958709716797,-605.8344116210938,195.49335616034,178.85817224327735,-35.35076641258911,392.0000014216334,161.99999936848826,0.364705890417099,0.38823530077934265,0.3843137323856354,calibrated_uv_reprojection_plus_stereo_left
81.47862243652344,-125.08747100830078,-605.2156982421875,194.45008010786586,178.02750696665782,-34.877614325649574,393.0000026428104,161.99999783079812,0.35686275362968445,0.3803921639919281,0.37254902720451355,calibrated_uv_reprojection_plus_stereo_left
82.74005889892578,-125.03666687011719,-604.9420776367188,193.57561649287555,177.03003588465157,-34.65019464903048,394.0000015141698,162.0000002020007,0.32549020648002625,0.3450980484485626,0.3333333432674408,calibrated_uv_reprojection_plus_stereo_left
84.26484680175781,-125.37915802001953,-606.5711669921875,193.62242100654618,175.09831801840772,-35.77721300434092,395.0000033553893,161.99999743905613,0.3176470696926117,0.3176470696926117,0.29411765933036804,calibrated_uv_reprojection_plus_stereo_left
87.35404968261719,-128.0035400390625,-619.2391967773438,198.99324345771913,167.7145853441766,-44.761373727602916,396.00000171428735,162.00000327110126,0.3686274588108063,0.3450980484485626,0.2980392277240753,calibrated_uv_reprojection_plus_stereo_left
34.586585998535156,-127.38314056396484,-623.8093872070312,230.72492217062688,212.53532588859565,-50.038798508652064,355.99999935678755,163.00000157390554,0.35686275362968445,0.2666666805744171,0.1725490242242813,calibrated_uv_reprojection_plus_stereo_left
35.87712097167969,-127.24447631835938,-623.1019897460938,229.59056088269074,211.67261513588858,-49.49963336131219,357.0000000921952,163.00000344833242,0.26274511218070984,0.21568627655506134,0.15294118225574493,calibrated_uv_reprojection_plus_stereo_left
37.17287826538086,-127.13330841064453,-622.5292358398438,228.52884991701444,210.75559135721,-49.05679230432008,358.0000008068395,162.99999656438,0.18431372940540314,0.16078431904315948,0.10980392247438431,calibrated_uv_reprojection_plus_stereo_left
38.469669342041016,-127.03294372558594,-622.0094604492188,227.49629962487575,209.81809100626867,-48.65188357355805,359.0000019831731,162.99999480861692,0.14901961386203766,0.14901961386203766,0.11372549086809158,calibrated_uv_reprojection_plus_stereo_left
39.75390625,-126.89894104003906,-621.3250732421875,226.37845616581114,208.95236427556097,-48.129363536596315,359.99999999968696,162.9999998550407,0.12941177189350128,0.1411764770746231,0.11372549086809158,calibrated_uv_reprojection_plus_stereo_left
41.07179641723633,-126.87728881835938,-621.1907958984375,225.5503716927194,207.85402190525514,-48.00010624513487,360.9999997703497,163.00000250101718,0.11764705926179886,0.13333334028720856,0.11372549086809158,calibrated_uv_reprojection_plus_stereo_left
42.3922119140625,-126.86431121826172,-621.0989379882812,224.744679020862,206.7377983223106,-47.90116962190399,362.00000108429873,162.9999962818285,0.11372549086809158,0.12941177189350128,0.10980392247438431,calibrated_uv_reprojection_plus_stereo_left
43.712928771972656,-126.8527603149414,-621.01416015625,223.9427771448195,205.618703405737,-47.807307326654325,362.9999978330128,163.00000417295706,0.10588235408067703,0.12156862765550613,0.10196078568696976,calibrated_uv_reprojection_plus_stereo_left
45.00568771362305,-126.76290893554688,-620.5460205078125,222.9415309647651,204.66563298254403,-47.43949292797748,363.99999941745375,163.0000030197642,0.09803921729326248,0.11372549086809158,0.0941176488995552,calibrated_uv_reprojection_plus_stereo_left
46.31945037841797,-126.73544311523438,-620.38330078125,222.09983275942557,203.5813949123147,-47.289959718400496,365.00000042649185,163.00000150921971,0.09803921729326248,0.11372549086809158,0.0941176488995552,calibrated_uv_reprojection_plus_stereo_left
47.62500762939453,-126.68746948242188,-620.1202392578125,221.20645784389387,202.54138949087223,-47.068748921598285,365.9999975323719,163.00000477212552,0.09019608050584793,0.10588235408067703,0.08627451211214066,calibrated_uv_reprojection_plus_stereo_left
48.923439025878906,-126.62342834472656,-619.7785034179688,220.2729714596311,201.53666213298095,-46.79134805783673,367.0000002816072,163.000000479863,0.10196078568696976,0.11764705926179886,0.09803921729326248,calibrated_uv_reprojection_plus_stereo_left
50.21078872680664,-126.53462982177734,-619.315673828125,219.27779215703015,200.5863438455698,-46.42747698333267,367.99999969705345,163.00000434637238,0.11372549086809158,0.11764705926179886,0.09803921729326248,calibrated_uv_reprojection_plus_stereo_left
51.482269287109375,-126.41122436523438,-618.6834716796875,218.1965510959452,199.71243931624718,-45.94265860092287,369.00000097759386,163.0000025367795,0.1411764770746231,0.14509804546833038,0.12941177189350128,calibrated_uv_reprojection_plus_stereo_left
52.7347412109375,-126.24830627441406,-617.85791015625,217.01756901654022,198.92654774659377,-45.319786908428796,370.00000013111054,162.99999477864708,0.34117648005485535,0.3450980484485626,0.32549020648002625,calibrated_uv_reprojection_plus_stereo_left
54.002952575683594,-126.12989807128906,-617.2503051757812,215.95200641648609,198.04640291318083,-44.85267514609092,370.9999997525689,162.99999703262134,0.4941176474094391,0.49803921580314636,0.47843137383461,calibrated_uv_reprojection_plus_stereo_left
55.26909255981445,-126.01222229003906,-616.6463623046875,214.88967965158832,197.1667112702105,-44.38824176471684,371.9999984847485,163.00000346203046,0.5921568870544434,0.5960784554481506,0.5764706134796143,calibrated_uv_reprojection_plus_stereo_left
56.57655334472656,-125.99185943603516,-616.5186157226562,214.0712216439549,196.0750389008603,-44.26392343893144,373.0000007032278,163.000004024546,0.6274510025978088,0.6313725709915161,0.5960784554481506,calibrated_uv_reprojection_plus_stereo_left
57.883079528808594,-125.97023010253906,-616.3846435546875,213.24980612417284,194.98647833566338,-44.13516465336494,373.99999996924083,162.99999898476227,0.6196078658103943,0.6274510025978088,0.5490196347236633,calibrated_uv_reprojection_plus_stereo_left
59.1816291809082,-125.93241119384766,-616.1715087890625,212.38847693027867,193.9341250276425,-43.94989697306693,374.9999989848472,163.00000063251724,0.5921568870544434,0.5960784554481506,0.5372549295425415,calibrated_uv_reprojection_plus_stereo_left
60.38351058959961,-125.69483947753906,-614.9810791015625,211.0334439894433,193.32714881126782,-43.06690377270337,375.99999933501755,163.0000039737978,0.5098039507865906,0.5098039507865906,0.48235294222831726,calibrated_uv_reprojection_plus_stereo_left
61.606536865234375,-125.51030731201172,-614.0502319335938,209.812134998202,192.60582081149641,-42.36934824743986,376.9999976386768,163.0000051327969,0.32549020648002625,0.32549020648002625,0.29411765933036804,calibrated_uv_reprojection_plus_stereo_left
62.808956146240234,-125.29220581054688,-612.9552001953125,208.51038405769947,191.96311622588695,-41.55468099295348,377.9999977263491,163.0000005008023,0.12941177189350128,0.13333334028720856,0.0941176488995552,calibrated_uv_reprojection_plus_stereo_left
64.00658416748047,-125.07349395751953,-611.8572998046875,207.20975501955155,191.32564709949804,-40.73808103577613,378.99999654972095,162.99999922114347,0.03921568766236305,0.04313725605607033,0.007843137718737125,calibrated_uv_reprojection_plus_stereo_left
65.31084442138672,-125.06756591796875,-611.8004150390625,206.43292221092406,190.21057646813784,-40.664611870727526,379.9999989523788,163.00000305716085,0.03921568766236305,0.04313725605607033,0.003921568859368563,calibrated_uv_reprojection_plus_stereo_left
66.53751373291016,-124.91606903076172,-611.0314331054688,205.3004502544204,189.42625359408396,-40.082925407979474,380.9999985616424,163.0000001664632,0.0470588244497776,0.05098039284348488,0.0117647061124444,calibrated_uv_reprojection_plus_stereo_left
67.76822662353516,-124.77769470214844,-610.3267211914062,204.2017644174815,188.61465817634723,-39.54718355655655,382.00000016245644,163.0000000339648,0.05098039284348488,0.054901961237192154,0.019607843831181526,calibrated_uv_reprojection_plus_stereo_left
68.99616241455078,-124.63938903808594,-609.6223754882812,203.10487475685534,187.8053439519125,-39.011770615659486,383.0000033298945,162.99999523963555,0.04313725605607033,0.05882352963089943,0.0235294122248888,calibrated_uv_reprojection_plus_stereo_left
70.14881134033203,-124.37258911132812,-608.2896728515625,201.69805273483894,187.29382946090686,-38.028083374057815,384.00000330584976,162.99999533650254,0.03921568766236305,0.05882352963089943,0.027450980618596077,calibrated_uv_reprojection_plus_stereo_left
71.40444946289062,-124.29463958740234,-607.8806762695312,200.75122565941433,186.35123633467856,-37.70357101174113,385.0000033934465,162.99999366432166,0.04313725605607033,0.05882352963089943,0.03529411926865578,calibrated_uv_reprojection_plus_stereo_left
72.65316009521484,-124.2074966430664,-607.4268188476562,199.78314842949766,185.43126193430004,-37.347100208572385,385.9999983090825,163.0000023335125,0.04313725605607033,0.062745101749897,0.03529411926865578,calibrated_uv_reprojection_plus_stereo_left
73.85868072509766,-124.05073547363281,-606.6325073242188,198.64852367487725,184.67472426433022,-36.74780076363896,386.99999984480615,163.00000402082975,0.03921568766236305,0.062745101749897,0.04313725605607033,calibrated_uv_reprojection_plus_stereo_left
75.10020446777344,-123.95868682861328,-606.1546630859375,197.67109164348983,183.76986733542697,-36.37431643675916,388.00000300792436,162.99999883563262,0.07058823853731155,0.0941176488995552,0.0784313753247261,calibrated_uv_reprojection_plus_stereo_left
76.30231475830078,-123.8056869506836,-605.3788452148438,196.54880483698918,183.0094640069899,-35.78834958870459,389.0000021946562,162.99999729956073,0.20392157137393951,0.23529411852359772,0.2235294133424759,calibrated_uv_reprojection_plus_stereo_left
77.53305053710938,-123.70333099365234,-604.8507690429688,195.54930950186605,182.13257413937964,-35.379156532940954,390.0000004214383,163.0000037151155,0.3176470696926117,0.3490196168422699,0.33725491166114807,calibrated_uv_reprojection_plus_stereo_left
78.79705810546875,-123.65644073486328,-604.5938720703125,194.68313164055064,181.12648011849137,-35.16340085894518,390.9999961538002,163.00000165670497,0.3333333432674408,0.35686275362968445,0.3490196168422699,calibrated_uv_reprojection_plus_stereo_left
80.20570373535156,-123.83423614501953,-605.4354858398438,194.35134436990393,179.58842702313643,-35.73100816018024,392.0000045990372,162.99999731834492,0.33725491166114807,0.3607843220233917,0.3529411852359772,calibrated_uv_reprojection_plus_stereo_left
81.46746826171875,-123.78309631347656,-605.1578369140625,193.4747866245815,178.59195896889668,-35.50044539384004,393.00000285339985,163.0000008500553,0.32156863808631897,0.33725491166114807,0.3333333432674408,calibrated_uv_reprojection_plus_stereo_left
82.76850128173828,-123.79217529296875,-605.174560546875,192.74114582417855,177.45249329698936,-35.47978753055105,394.0000023877923,162.99999864430325,0.29019609093666077,0.30588236451148987,0.29411765933036804,calibrated_uv_reprojection_plus_stereo_left
84.4403305053711,-124.34689331054688,-607.8585815429688,193.29386202890345,175.00430579239583,-37.36072729638727,395.00000233796504,162.99999578212893,0.2980392277240753,0.2980392277240753,0.2705882489681244,calibrated_uv_reprojection_plus_stereo_left
38.455509185791016,-125.6739501953125,-621.8412475585938,226.43717105490362,210.43918845119202,-49.21222198974277,359.00000040236847,163.99999982135148,0.250980406999588,0.21960784494876862,0.13725490868091583,calibrated_uv_reprojection_plus_stereo_left
39.74330520629883,-125.55364227294922,-621.2178955078125,225.3524797568694,209.54729742027536,-48.732707213884964,359.9999988872497,164.00000249507582,0.18431372940540314,0.1725490242242813,0.12156862765550613,calibrated_uv_reprojection_plus_stereo_left
41.058074951171875,-125.52330780029297,-621.0397338867188,224.5017363008089,208.46777477190238,-48.571943844139355,360.9999988190102,164.00000292689242,0.15294118225574493,0.1568627506494522,0.125490203499794,calibrated_uv_reprojection_plus_stereo_left
42.37210464477539,-125.492431640625,-620.85888671875,223.64991394006108,207.38988540459826,-48.409270297111846,362.0000008124553,164.00000070014795,0.1411764770746231,0.15294118225574493,0.125490203499794,calibrated_uv_reprojection_plus_stereo_left
43.68950653076172,-125.47288513183594,-620.734130859375,222.8275779754639,206.2883811429146,-48.286761425342775,362.9999993478115,164.00000298951903,0.13725490868091583,0.14901961386203766,0.125490203499794,calibrated_uv_reprojection_plus_stereo_left
44.971839904785156,-125.35651397705078,-620.13037109375,221.75698465675816,205.39402249980486,-47.82143818761989,363.99999818860783,164.0000013350873,0.13725490868091583,0.14901961386203766,0.12941177189350128,calibrated_uv_reprojection_plus_stereo_left
46.29505920410156,-125.3572769165039,-620.1060791015625,220.98760146485,204.25040841672796,-47.770863615104645,364.99999960260595,163.9999980121038,0.13333334028720856,0.14509804546833038,0.125490203499794,calibrated_uv_reprojection_plus_stereo_left
47.61146926879883,-125.33985900878906,-619.9918823242188,220.17174737534032,203.1458744001742,-47.655954983164236,365.9999990557796,163.99999905402464,0.125490203499794,0.1411764770746231,0.125490203499794,calibrated_uv_reprojection_plus_stereo_left
48.92112731933594,-125.30587768554688,-619.7957763671875,219.31387055425415,202.07742134331392,-47.48244604175352,366.9999984803075,164.0000018945336,0.11372549086809158,0.12941177189350128,0.11764705926179886,calibrated_uv_reprojection_plus_stereo_left
50.239891052246094,-125.29618835449219,-619.7197875976562,218.51807750299542,200.95674765330784,-47.3948895944132,368.0000016476065,163.9999977987789,0.09803921729326248,0.11372549086809158,0.0941176488995552,calibrated_uv_reprojection_plus_stereo_left
51.514556884765625,-125.17964935302734,-619.1153564453125,217.451487937252,200.06931503313047,-46.92927643740995,369.00000152123306,163.99999578217475,0.125490203499794,0.1411764770746231,0.12156862765550613,calibrated_uv_reprojection_plus_stereo_left
52.790130615234375,-125.0708999633789,-618.549560546875,216.40601052724105,199.1668523796199,-46.49136799749817,369.9999969832857,164.00000303235734,0.14901961386203766,0.16862745583057404,0.1411764770746231,calibrated_uv_reprojection_plus_stereo_left
54.06985092163086,-124.97684478759766,-618.056396484375,215.3988583338263,198.23399265651852,-46.105461121130304,371.00000097133056,163.99999753273937,0.14509804546833038,0.16470588743686676,0.13725490868091583,calibrated_uv_reprojection_plus_stereo_left
55.30396270751953,-124.7841796875,-617.07568359375,214.14467147614675,197.52061604667574,-45.37088077873187,372.000001611247,163.9999998458627,0.16078431904315948,0.16862745583057404,0.1411764770746231,calibrated_uv_reprojection_plus_stereo_left
56.61212921142578,-124.76351928710938,-616.9456176757812,213.3246343649373,196.42911493691213,-45.24479455158405,372.99999679385894,164.00000413944997,0.18039216101169586,0.1921568661928177,0.14509804546833038,calibrated_uv_reprojection_plus_stereo_left
57.9169921875,-124.73649597167969,-616.7840576171875,212.48884994189643,195.3520995153691,-45.09618968052922,373.99999931321923,164.00000247145442,0.21568627655506134,0.22745098173618317,0.125490203499794,calibrated_uv_reprojection_plus_stereo_left
59.21617126464844,-124.69854736328125,-616.5684814453125,211.62605844006617,194.2999493647202,-44.90896937092759,374.9999977742338,163.99999975662342,0.1725490242242813,0.18039216101169586,0.10588235408067703,calibrated_uv_reprojection_plus_stereo_left
60.44672775268555,-124.52070617675781,-615.6612548828125,210.41506725864338,193.56257328604443,-44.22720164842332,376.0000015215333,163.9999967455148,0.12156862765550613,0.12156862765550613,0.09019608050584793,calibrated_uv_reprojection_plus_stereo_left
61.69358444213867,-124.38314056396484,-614.9533081054688,209.30637136755206,192.73753409791783,-43.6880190072435,376.9999987163206,164.00000579689598,0.09019608050584793,0.09019608050584793,0.054901961237192154,calibrated_uv_reprojection_plus_stereo_left
62.93138885498047,-124.23329162597656,-614.1845703125,208.16881514092182,191.94278214259447,-43.10543201239847,378.0000015337604,163.99999565933604,0.054901961237192154,0.05882352963089943,0.019607843831181526,calibrated_uv_reprojection_plus_stereo_left
64.20680236816406,-124.16212463378906,-613.804931640625,207.22770368802094,190.97182139220382,-42.801092093867624,379.0000039531943,163.9999953150189,0.0470588244497776,0.05098039284348488,0.0117647061124444,calibrated_uv_reprojection_plus_stereo_left
65.39974212646484,-123.93737030029297,-612.6661376953125,205.90848644109496,190.35259202449407,-41.954121737153,379.9999981395596,164.00000281274782,0.054901961237192154,0.05882352963089943,0.01568627543747425,calibrated_uv_reprojection_plus_stereo_left
66.63744354248047,-123.804443359375,-611.9812622070312,204.8179576334038,189.52701256331375,-41.43171137060784,381.0000027836028,163.99999564071038,0.054901961237192154,0.05882352963089943,0.0235294122248888,calibrated_uv_reprojection_plus_stereo_left
67.8639907836914,-123.65616607666016,-611.2206420898438,203.69136420332643,188.73908079060732,-40.85524040747333,382.000000181634,163.99999971510363,0.05882352963089943,0.062745101749897,0.027450980618596077,calibrated_uv_reprojection_plus_stereo_left
69.09058380126953,-123.51342010498047,-610.4874267578125,202.58009401277297,187.94100544601935,-40.29843157091864,383.0000007735474,164.00000390127255,0.0470588244497776,0.062745101749897,0.0313725508749485,calibrated_uv_reprojection_plus_stereo_left
70.31261444091797,-123.36782836914062,-609.7401733398438,201.4635721816722,187.1520767836618,-39.73166087662065,384.0000010208893,164.00000261381476,0.0470588244497776,0.06666667014360428,0.03529411926865578,calibrated_uv_reprojection_plus_stereo_left
71.53057098388672,-123.22038269042969,-608.9838256835938,200.34428292432466,186.37005011449736,-39.158467520607815,384.99999980037836,164.00000207322034,0.05098039284348488,0.062745101749897,0.03529411926865578,calibrated_uv_reprojection_plus_stereo_left
72.72480773925781,-123.03794860839844,-608.0546264648438,199.14172753207123,185.67241183745722,-38.461845255497906,385.9999965280568,164.00000106706648,0.054901961237192154,0.062745101749897,0.03529411926865578,calibrated_uv_reprojection_plus_stereo_left
73.93634796142578,-122.89053344726562,-607.298583984375,198.0262713391599,184.89586298064097,-37.88903343735075,386.9999992175449,164.00000331925042,0.0470588244497776,0.062745101749897,0.04313725605607033,calibrated_uv_reprojection_plus_stereo_left
75.14795684814453,-122.74819946289062,-606.5676879882812,196.92486452526572,184.1099809195664,-37.33425995673332,387.9999996288319,164.00000137642743,0.03529411926865578,0.054901961237192154,0.0313725508749485,calibrated_uv_reprojection_plus_stereo_left
76.2559814453125,-122.4442367553711,-605.0382080078125,195.43533063599057,183.70875212382538,-36.20909068435964,389.00000147978733,164.0000019199694,0.054901961237192154,0.0784313753247261,0.062745101749897,calibrated_uv_reprojection_plus_stereo_left
77.33505249023438,-122.1045913696289,-603.33251953125,193.8636439044301,183.3977058205494,-34.95821204902376,390.0000000704608,163.9999976008341,0.16470588743686676,0.1882352977991104,0.1725490242242813,calibrated_uv_reprojection_plus_stereo_left
78.45890045166016,-121.84549713134766,-602.0250244140625,192.48940382437843,182.90085316123145,-33.99192462480778,391.0000008295059,164.0000009220176,0.29019609093666077,0.3137255012989044,0.30588236451148987,calibrated_uv_reprojection_plus_stereo_left
79.47137451171875,-121.42448425292969,-599.9176635742188,190.73076949130774,182.79591046773425,-32.45451577002507,392.0000001057234,164.0000051269106,0.29411765933036804,0.3176470696926117,0.30980393290519714,calibrated_uv_reprojection_plus_stereo_left
80.9946060180664,-121.78472900390625,-601.670166015625,190.84233717665347,180.82299755188563,-33.67379576575655,393.0000027185861,163.9999966441835,0.27843138575553894,0.29411765933036804,0.2823529541492462,calibrated_uv_reprojection_plus_stereo_left
82.77748107910156,-122.51787567138672,-605.2648315429688,191.8373882656939,177.94475626121925,-36.20835415964689,393.9999950352132,164.0000054481397,0.2549019753932953,0.2666666805744171,0.24313725531101227,calibrated_uv_reprojection_plus_stereo_left
85.22122955322266,-124.1913833618164,-613.5044555664062,195.0566345518776,172.77833473802212,-42.059154377253776,395.0000019678706,164.00000063246168,0.2862745225429535,0.27450981736183167,0.23529411852359772,calibrated_uv_reprojection_plus_stereo_left
41.063655853271484,-124.22834014892578,-621.1806030273438,223.60559380183633,208.95708013078428,-49.35275694091496,360.9999995560761,164.99999957771234,0.27450981736183167,0.22745098173618317,0.1568627506494522,calibrated_uv_reprojection_plus_stereo_left
42.378997802734375,-124.20069122314453,-621.0144653320312,222.76144632508283,207.87252028357358,-49.2004748836228,361.99999991467274,164.99999791162878,0.20392157137393951,0.18431372940540314,0.13725490868091583,calibrated_uv_reprojection_plus_stereo_left
43.696128845214844,-124.1795654296875,-620.8809814453125,221.93451122012993,206.77439411626074,-49.07161608249601,362.9999997010691,165.00000052882262,0.18039216101169586,0.1725490242242813,0.13333334028720856,calibrated_uv_reprojection_plus_stereo_left
44.98146057128906,-124.07174682617188,-620.3140869140625,220.88366070904232,205.8633786156056,-48.632104318694985,363.9999978720028,165.00000532622252,0.1764705926179886,0.1764705926179886,0.1568627506494522,calibrated_uv_reprojection_plus_stereo_left
46.30288314819336,-124.06657409667969,-620.2603149414062,220.09880818188822,204.73218926176713,-48.5604112100022,365.0000012358856,164.99999600120998,0.18431372940540314,0.18431372940540314,0.16862745583057404,calibrated_uv_reprojection_plus_stereo_left
47.6228141784668,-124.05758666992188,-620.1875610351562,219.3041925742134,203.60928801189283,-48.47512396749016,366.000000465066,164.99999995525633,0.1725490242242813,0.1882352977991104,0.18039216101169586,calibrated_uv_reprojection_plus_stereo_left
48.93310546875,-124.02445220947266,-619.9940795898438,218.44765496704275,202.53918601225405,-48.30332074506322,366.99999838954096,165.0000009333831,0.16862745583057404,0.18431372940540314,0.1764705926179886,calibrated_uv_reprojection_plus_stereo_left
50.253631591796875,-124.01810455322266,-619.9345092773438,217.66006622742418,201.41091558802998,-48.22749012552691,368.0000003777915,165.0000015751997,0.15294118225574493,0.16862745583057404,0.14901961386203766,calibrated_uv_reprojection_plus_stereo_left
51.53706359863281,-123.92269897460938,-619.4297485351562,216.64501420443645,200.4786963271041,-47.83266900899474,369.0000018953172,164.999997069543,0.12941177189350128,0.14509804546833038,0.125490203499794,calibrated_uv_reprojection_plus_stereo_left
52.81241989135742,-123.81294250488281,-618.8533325195312,215.59454785800506,199.5798692291125,-47.386561682513104,370.00000080992754,164.99999763541405,0.10980392247438431,0.125490203499794,0.10588235408067703,calibrated_uv_reprojection_plus_stereo_left
54.084197998046875,-123.7001724243164,-618.2619018554688,214.53773915052227,198.68968125841116,-46.92975428675129,370.9999993059518,164.99999820391128,0.10588235408067703,0.12156862765550613,0.10196078568696976,calibrated_uv_reprojection_plus_stereo_left
55.34745407104492,-123.57355499267578,-617.601318359375,213.44717293725216,197.83235144315216,-46.42346719685628,372.00000094752977,164.99999956834137,0.10980392247438431,0.12941177189350128,0.10196078568696976,calibrated_uv_reprojection_plus_stereo_left
56.650142669677734,-123.53865051269531,-617.3991088867188,212.59010687666813,196.7720795844267,-46.245579555233576,373.0000020134292,164.99999674884972,0.11372549086809158,0.12941177189350128,0.09803921729326248,calibrated_uv_reprojection_plus_stereo_left
57.950138092041016,-123.49942016601562,-617.1753540039062,211.72253660938077,195.72208291431082,-46.05228271526721,373.9999987745066,165.00000283331823,0.12156862765550613,0.125490203499794,0.09019608050584793,calibrated_uv_reprojection_plus_stereo_left
59.24468231201172,-123.45040893554688,-616.9026489257812,210.83075259421742,194.6948311943538,-45.823937328062016,375.000000469131,164.99999535323474,0.10588235408067703,0.10980392247438431,0.07058823853731155,calibrated_uv_reprojection_plus_stereo_left
60.49306106567383,-123.30924987792969,-616.1696166992188,209.70821140785057,193.87711111777065,-45.26596583762722,375.9999977509135,165.00000462187265,0.07450980693101883,0.0784313753247261,0.04313725605607033,calibrated_uv_reprojection_plus_stereo_left
61.76149368286133,-123.21395111083984,-615.6657104492188,208.70220407226822,192.95764239926677,-44.87213427586988,376.99999970894623,165.00000070193045,0.054901961237192154,0.05882352963089943,0.027450980618596077,calibrated_uv_reprojection_plus_stereo_left
63.03956985473633,-123.14131164550781,-615.2750854492188,207.75395701704758,191.9881101869015,-44.5594680168212,377.9999972073226,165.0000002710201,0.05882352963089943,0.06666667014360428,0.03529411926865578,calibrated_uv_reprojection_plus_stereo_left
64.30744934082031,-123.05196380615234,-614.801025390625,206.76493060285026,191.0581485786745,-44.18710157562049,378.99999691970555,165.0000019235202,0.06666667014360428,0.07058823853731155,0.03921568766236305,calibrated_uv_reprojection_plus_stereo_left
65.50747680664062,-122.83880615234375,-613.7083740234375,205.46916425732752,190.41480371504406,-43.371903941908386,380.0000017377475,164.99999288606654,0.06666667014360428,0.07058823853731155,0.03921568766236305,calibrated_uv_reprojection_plus_stereo_left
66.76235961914062,-122.73471069335938,-613.1607666015625,204.44647901507858,189.5232156118562,-42.94701375887195,380.99999910734334,164.99999826599986,0.062745101749897,0.07058823853731155,0.03921568766236305,calibrated_uv_reprojection_plus_stereo_left
67.98075103759766,-122.56867980957031,-612.3037719726562,203.27183701281916,188.77720460911627,-42.300707090531944,381.99999983215014,164.99999940825546,0.062745101749897,0.07450980693101883,0.04313725605607033,calibrated_uv_reprojection_plus_stereo_left
69.19139099121094,-122.39507293701172,-611.4089965820312,202.0805220094229,188.05184051129697,-41.62744403644729,382.9999979388109,164.9999991956849,0.054901961237192154,0.07450980693101883,0.04313725605607033,calibrated_uv_reprojection_plus_stereo_left
70.38897705078125,-122.20508575439453,-610.4324951171875,200.85101338831618,187.36790758004065,-40.89578096358014,383.9999999850911,165.00000202322843,0.054901961237192154,0.07450980693101883,0.04313725605607033,calibrated_uv_reprojection_plus_stereo_left
71.59584045410156,-122.03770446777344,-609.5689697265625,199.6793104503903,186.63433862501586,-40.24506838716343,384.9999976593364,165.0000014047951,0.062745101749897,0.06666667014360428,0.03921568766236305,calibrated_uv_reprojection_plus_stereo_left
72.828857421875,-121.91993713378906,-608.9533081054688,198.63111255614677,185.78682206651155,-39.771815449613825,386.0000051146534,164.99999828500904,0.062745101749897,0.06666667014360428,0.03921568766236305,calibrated_uv_reprojection_plus_stereo_left
74.00956726074219,-121.72016906738281,-607.9281616210938,197.38407738563677,185.1354783911031,-39.00561548825448,387.0000009129196,164.99999732806964,0.05098039284348488,0.06666667014360428,0.0470588244497776,calibrated_uv_reprojection_plus_stereo_left
75.18234252929688,-121.51433563232422,-606.872802734375,196.12470098842005,184.50215743246792,-38.21790240057692,388.00000117219906,164.9999950656879,0.05098039284348488,0.06666667014360428,0.0470588244497776,calibrated_uv_reprojection_plus_stereo_left
76.40110778808594,-121.388427734375,-606.2167358398438,195.0620676557142,183.68192023652097,-37.71597639424198,388.99999803179264,165.0000006905072,0.03921568766236305,0.062745101749897,0.03921568766236305,calibrated_uv_reprojection_plus_stereo_left
77.488525390625,-121.06139373779297,-604.5562744140625,193.51347691539593,183.34550673664802,-36.49556860627956,389.9999995149136,164.99999610654615,0.062745101749897,0.08627451211214066,0.06666667014360428,calibrated_uv_reprojection_plus_stereo_left
78.58546447753906,-120.75959014892578,-603.0220336914062,192.0299342157718,182.95438198716028,-35.365633917400544,390.9999998871112,165.00000478020422,0.1921568661928177,0.21176470816135406,0.19607843458652496,calibrated_uv_reprojection_plus_stereo_left
79.50054168701172,-120.19248962402344,-600.1631469726562,189.91041440055994,183.20887071462948,-33.288348052037236,391.9999949661969,165.00000418152905,0.2705882489681244,0.2862745225429535,0.2705882489681244,calibrated_uv_reprojection_plus_stereo_left
81.06060791015625,-120.6029052734375,-602.1853637695312,190.14876175357722,181.10625944036912,-34.7025011727369,392.9999997629135,165.00000202778017,0.2549019753932953,0.25882354378700256,0.24313725531101227,calibrated_uv_reprojection_plus_stereo_left
83.11296081542969,-121.7213363647461,-607.742431640625,192.0802661214094,177.27471532582433,-38.64449227253664,394.00000096156,164.99999788722394,0.24705882370471954,0.24705882370471954,0.21568627655506134,calibrated_uv_reprojection_plus_stereo_left
43.70326232910156,-122.88703918457031,-621.0350952148438,221.04472516448936,207.2575624206484,-49.862015951599346,363.00000145196435,165.999998083658,0.3019607961177826,0.239215686917305,0.16470588743686676,calibrated_uv_reprojection_plus_stereo_left
44.99195861816406,-122.78858947753906,-620.5098876953125,220.01599264180084,206.32785873321149,-49.451847549734396,364.00000005414404,165.99999474785216,0.23529411852359772,0.2078431397676468,0.16862745583057404,calibrated_uv_reprojection_plus_stereo_left
46.316017150878906,-122.78927612304688,-620.4857177734375,219.24612172229286,205.18351177481094,-49.401393239775075,365.0000026496557,165.9999964507386,0.21568627655506134,0.1921568661928177,0.1568627506494522,calibrated_uv_reprojection_plus_stereo_left
47.63873291015625,-122.78627014160156,-620.44287109375,218.46661761989225,204.0471861279367,-49.33752929566896,366.0000000440009,165.99999577482856,0.18039216101169586,0.19607843458652496,0.1725490242242813,calibrated_uv_reprojection_plus_stereo_left
48.95301818847656,-122.7620620727539,-620.29296875,217.63229088563276,202.95749139758829,-49.196836160289024,366.99999741841975,166.00000628840596,0.18431372940540314,0.20000000298023224,0.1764705926179886,calibrated_uv_reprojection_plus_stereo_left
50.265079498291016,-122.73350524902344,-620.1209716796875,216.78694741103192,201.87783020796746,-49.04028376644578,367.9999995120358,165.99999714452508,0.18039216101169586,0.19607843458652496,0.1725490242242813,calibrated_uv_reprojection_plus_stereo_left
51.55144119262695,-122.64506530761719,-619.6465454101562,215.7878223594359,200.9315324854445,-48.66672788436438,368.9999978061751,166.0000045299052,0.18039216101169586,0.19607843458652496,0.1725490242242813,calibrated_uv_reprojection_plus_stereo_left
52.833187103271484,-122.55015563964844,-619.139404296875,214.77312241156318,200.00125361660645,-48.26973577497125,369.999998598634,166.00000188330583,0.1725490242242813,0.1882352977991104,0.16470588743686676,calibrated_uv_reprojection_plus_stereo_left
54.11008834838867,-122.44872283935547,-618.599365234375,213.7428643796663,199.08726685692255,-47.84918973808078,371.00000000178113,166.00000152683236,0.1568627506494522,0.1725490242242813,0.14901961386203766,calibrated_uv_reprojection_plus_stereo_left
55.37358474731445,-122.32233428955078,-617.9332885742188,212.65006567377804,198.23120143468213,-47.33826859927103,372.00000027015574,165.99999919638003,0.13333334028720856,0.15294118225574493,0.125490203499794,calibrated_uv_reprojection_plus_stereo_left
56.68232727050781,-122.29927062988281,-617.7892456054688,211.82217598238333,197.14418034648702,-47.20192590316441,372.9999991524418,166.00000248789377,0.11372549086809158,0.125490203499794,0.10196078568696976,calibrated_uv_reprojection_plus_stereo_left
57.98538589477539,-122.26509857177734,-617.5890502929688,210.9662648680407,196.08270976610072,-47.025307566552954,374.0000007828482,165.9999982867867,0.10588235408067703,0.10980392247438431,0.08235294371843338,calibrated_uv_reprojection_plus_stereo_left
59.275665283203125,-122.20592498779297,-617.2626342773438,210.04734475127253,195.0786878476921,-46.758172984214184,375.000000593119,166.0000013584677,0.0941176488995552,0.0941176488995552,0.07058823853731155,calibrated_uv_reprojection_plus_stereo_left
60.540138244628906,-122.09711456298828,-616.685546875,209.00354700377488,194.18912251506373,-46.31127698008487,375.99999913772876,166.00000569028163,0.09019608050584793,0.09019608050584793,0.07058823853731155,calibrated_uv_reprojection_plus_stereo_left
61.82860565185547,-122.04014587402344,-616.3702392578125,208.09186206953677,193.18259552356886,-46.05217328060883,377.00000132071364,165.99999543632333,0.08235294371843338,0.09019608050584793,0.06666667014360428,calibrated_uv_reprojection_plus_stereo_left
63.12677764892578,-122.00414276123047,-616.1609497070312,207.23366698120725,192.12872379847772,-45.86913908943956,377.9999976426848,166.00000188346007,0.07058823853731155,0.09019608050584793,0.062745101749897,calibrated_uv_reprojection_plus_stereo_left
64.42272186279297,-121.9652328491211,-615.9369506835938,206.36855811635775,191.08218616649992,-45.67556971159951,378.99999873298765,166.00000167321917,0.07450980693101883,0.08627451211214066,0.06666667014360428,calibrated_uv_reprojection_plus_stereo_left
65.58654022216797,-121.6825942993164,-614.482177734375,204.89341139171336,190.6023369882143,-44.5995200902089,379.9999991619587,166.00000296592856,0.07450980693101883,0.08235294371843338,0.06666667014360428,calibrated_uv_reprojection_plus_stereo_left
66.8331298828125,-121.56145477294922,-613.843017578125,203.82526350908137,189.75112011213423,-44.108392467220995,381.0000007650248,166.00000022189556,0.07058823853731155,0.08627451211214066,0.06666667014360428,calibrated_uv_reprojection_plus_stereo_left
68.09021759033203,-121.46356201171875,-613.3212890625,202.8165260495764,188.84767002598426,-43.701517119530365,382.0000017480004,165.9999968525827,0.07058823853731155,0.08627451211214066,0.06666667014360428,calibrated_uv_reprojection_plus_stereo_left
69.30121612548828,-121.2885513305664,-612.4102783203125,201.61728712941243,188.12720706241555,-43.015634608448465,383.00000137310303,166.00000244285434,0.06666667014360428,0.08627451211214066,0.05882352963089943,calibrated_uv_reprojection_plus_stereo_left
70.42432403564453,-120.96893310546875,-610.7691650390625,200.06161406696145,187.75118709190014,-41.80649031499041,383.99999932117333,165.99999896668007,0.062745101749897,0.0784313753247261,0.054901961237192154,calibrated_uv_reprojection_plus_stereo_left
71.65348052978516,-120.83964538574219,-610.0891723632812,198.98067630966221,186.93014020170966,-41.286415381804545,384.9999989689139,166.00000264414862,0.062745101749897,0.07450980693101883,0.0470588244497776,calibrated_uv_reprojection_plus_stereo_left
72.89969635009766,-120.74311065673828,-609.5745239257812,197.98209612938848,186.03355966309294,-40.88490493324662,385.9999998405746,165.99999619034094,0.05882352963089943,0.07450980693101883,0.04313725605607033,calibrated_uv_reprojection_plus_stereo_left
74.09029388427734,-120.55931854248047,-608.6195068359375,196.76999952052205,185.34701364113386,-40.167861894565874,386.999998960121,166.0000035683886,0.062745101749897,0.07058823853731155,0.0470588244497776,calibrated_uv_reprojection_plus_stereo_left
75.21444702148438,-120.27549743652344,-607.1595458984375,195.31462766306697,184.90361279605207,-39.08906572464275,388.00000132329393,166.00000009009045,0.05882352963089943,0.07058823853731155,0.04313725605607033,calibrated_uv_reprojection_plus_stereo_left
76.46991729736328,-120.2076187133789,-606.7897338867188,194.39143199977286,183.94582665312464,-38.79156184933714,389.0000004038797,165.99999327043201,0.0470588244497776,0.07058823853731155,0.04313725605607033,calibrated_uv_reprojection_plus_stereo_left
77.59684753417969,-119.94316864013672,-605.4277954101562,192.98906429414495,183.46404284224025,-37.78324665755872,390.00000537904737,165.99999603312028,0.0470588244497776,0.06666667014360428,0.03921568766236305,calibrated_uv_reprojection_plus_stereo_left
78.75250244140625,-119.73096466064453,-604.3297119140625,191.71724446829649,182.86042642362668,-36.96411210681424,390.99999945588837,166.0000034640001,0.09803921729326248,0.11764705926179886,0.09019608050584793,calibrated_uv_reprojection_plus_stereo_left
79.5495834350586,-118.98915100097656,-600.55859375,189.16145630193813,183.549930398347,-34.23015449278438,392.00000014149975,165.99999586495284,0.239215686917305,0.250980406999588,0.2235294133424759,calibrated_uv_reprojection_plus_stereo_left
81.21971893310547,-119.5559310913086,-603.3922729492188,189.785644938279,181.05552544653005,-36.22783536210039,393.0000021783859,165.99999796695846,0.239215686917305,0.239215686917305,0.21568627655506134,calibrated_uv_reprojection_plus_stereo_left
48.97124481201172,-121.49420928955078,-620.5704956054688,216.80508484583885,203.38561337619592,-50.075653726211954,366.9999988851799,167.000002799029,0.2235294133424759,0.2078431397676468,0.15294118225574493,calibrated_uv_reprojection_plus_stereo_left
50.28647994995117,-121.47212982177734,-620.4302368164062,215.97574776835114,202.29146234113614,-49.94176463622239,367.99999980443346,166.9999975936057,0.1882352977991104,0.20000000298023224,0.16470588743686676,calibrated_uv_reprojection_plus_stereo_left
51.577598571777344,-121.39421081542969,-620.0048828125,215.00182892895384,201.32268296283894,-49.60299322475447,368.9999995680377,167.00000564940206,0.18431372940540314,0.20000000298023224,0.16470588743686676,calibrated_uv_reprojection_plus_stereo_left
52.8581657409668,-121.2957992553711,-619.474853515625,213.97580703714044,200.4014060518295,-49.18903133349244,369.99999759296094,167.0000062401134,0.18431372940540314,0.20392157137393951,0.1725490242242813,calibrated_uv_reprojection_plus_stereo_left
54.13923645019531,-121.20313262939453,-618.97412109375,212.96578168357797,199.46895949747926,-48.79616514590634,371.00000061912385,166.99999427693922,0.18431372940540314,0.20392157137393951,0.1725490242242813,calibrated_uv_reprojection_plus_stereo_left
55.39851760864258,-121.06707000732422,-618.2518920898438,211.84517138671686,198.63657605913266,-48.24419795804641,372.00000248617874,166.99999314973758,0.1764705926179886,0.19607843458652496,0.16470588743686676,calibrated_uv_reprojection_plus_stereo_left
56.71262741088867,-121.05419921875,-618.1588134765625,211.04267578578532,197.5261381278453,-48.144348102143056,373.0000017192313,166.99999439769653,0.16862745583057404,0.18431372940540314,0.1568627506494522,calibrated_uv_reprojection_plus_stereo_left
58.009315490722656,-121.0053939819336,-617.8822631835938,210.14822801678298,196.49803524023685,-47.9126902231684,374.00000139158544,166.99999773688444,0.1568627506494522,0.16078431904315948,0.13333334028720856,calibrated_uv_reprojection_plus_stereo_left
59.304752349853516,-120.95603942871094,-617.6029052734375,209.2529390312232,195.4720479639808,-47.679037522098895,375.000001736642,166.99999764300475,0.13725490868091583,0.14509804546833038,0.12156862765550613,calibrated_uv_reprojection_plus_stereo_left
60.567081451416016,-120.84261322021484,-616.9964599609375,208.19489084926943,194.5946296344676,-47.21045309739253,375.99999856962944,167.00000172150024,0.11764705926179886,0.125490203499794,0.10980392247438431,calibrated_uv_reprojection_plus_stereo_left
61.873226165771484,-120.81941223144531,-616.8506469726562,207.36766321363018,193.5104285694319,-47.07278677152391,377.0000008394484,166.99999578791147,0.10196078568696976,0.10980392247438431,0.09019608050584793,calibrated_uv_reprojection_plus_stereo_left
63.1756477355957,-120.78990173339844,-616.6726684570312,206.5246919407611,192.4412475279836,-46.91203261217362,377.9999997785348,166.99999547532798,0.0941176488995552,0.10196078568696976,0.0784313753247261,calibrated_uv_reprojection_plus_stereo_left
64.47777557373047,-120.7608871459961,-616.4972534179688,205.68330938961543,191.3713855680823,-46.753135523542426,378.99999835098043,166.99999816788684,0.08627451211214066,0.09803921729326248,0.0784313753247261,calibrated_uv_reprojection_plus_stereo_left
65.62488555908203,-120.44835662841797,-614.87451171875,204.126623527863,190.9663334175744,-45.554888371779214,380.0000001217994,166.99999744895425,0.08235294371843338,0.09803921729326248,0.0784313753247261,calibrated_uv_reprojection_plus_stereo_left
66.87822723388672,-120.33909606933594,-614.28955078125,203.0856450437047,190.08887700595312,-45.10201222018014,381.0000007008714,166.99999944175445,0.08235294371843338,0.09803921729326248,0.0784313753247261,calibrated_uv_reprojection_plus_stereo_left
68.14501190185547,-120.25762939453125,-613.8464965820312,202.11580576557049,189.14776590959787,-44.75108397969268,381.99999778793637,166.9999995018565,0.0784313753247261,0.0941176488995552,0.07450980693101883,calibrated_uv_reprojection_plus_stereo_left
69.3971939086914,-120.15380096435547,-613.289306640625,201.0909208218829,188.26115019069806,-44.31824918189898,383.00000308369994,166.99999481554102,0.0784313753247261,0.0941176488995552,0.07450980693101883,calibrated_uv_reprojection_plus_stereo_left
70.47236633300781,-119.75289916992188,-611.2160034179688,199.32507457887925,188.08368706330765,-42.79704418812065,383.9999963270754,167.00000460419244,0.07450980693101883,0.09019608050584793,0.07058823853731155,calibrated_uv_reprojection_plus_stereo_left
71.7003173828125,-119.62134552001953,-610.5174560546875,198.23552274255138,187.26991855211372,-42.262923794956635,384.9999986258264,166.99999801066056,0.07058823853731155,0.09019608050584793,0.06666667014360428,calibrated_uv_reprojection_plus_stereo_left
72.93021392822266,-119.49754333496094,-609.8585815429688,197.16688651674679,186.43993766821177,-41.7573560811058,385.99999837138023,166.99999971146565,0.062745101749897,0.08235294371843338,0.05882352963089943,calibrated_uv_reprojection_plus_stereo_left
74.12104797363281,-119.31507873535156,-608.900390625,195.95432168586666,185.75354407321316,-41.03701931783229,386.99999738791286,167.00000157528223,0.06666667014360428,0.08235294371843338,0.05098039284348488,calibrated_uv_reprojection_plus_stereo_left
75.26927947998047,-119.07138061523438,-607.6297607421875,194.59256825693564,185.21862113559308,-40.092539018070624,388.00000448338756,166.99999732148615,0.062745101749897,0.0784313753247261,0.0470588244497776,calibrated_uv_reprojection_plus_stereo_left
76.51631164550781,-118.98948669433594,-607.1849365234375,193.63303024461158,184.29536172103565,-39.740828051612596,389.0000003225241,166.99999835047794,0.054901961237192154,0.07450980693101883,0.04313725605607033,calibrated_uv_reprojection_plus_stereo_left
77.75691986083984,-118.90036010742188,-606.7032470703125,192.65668603704347,183.39119228408714,-39.36270582236136,390.00000433341967,167.00000016425972,0.05098039284348488,0.07058823853731155,0.03921568766236305,calibrated_uv_reprojection_plus_stereo_left
78.91876983642578,-118.69560241699219,-605.631591796875,191.39766188386204,182.77157541726467,-38.56130716764966,390.9999987640192,167.0000005597438,0.062745101749897,0.08235294371843338,0.05098039284348488,calibrated_uv_reprojection_plus_stereo_left
79.6374740600586,-117.84159851074219,-601.2474365234375,188.55199877091417,183.75046505261002,-35.38335065738585,391.99999907732064,166.99999661258582,0.2078431397676468,0.21568627655506134,0.18431372940540314,calibrated_uv_reprojection_plus_stereo_left
81.56482696533203,-118.77465057373047,-605.9811401367188,190.08002767113186,180.33906289933128,-38.74728694143829,393.00000417584795,166.99999597085483,0.24705882370471954,0.2235294133424759,0.1921568661928177,calibrated_uv_reprojection_plus_stereo_left
52.82179260253906,-119.90074920654297,-619.0912475585938,212.81424039312083,201.11816415500329,-49.5915201349581,369.9999988837836,167.99999880950543,0.20000000298023224,0.20392157137393951,0.15294118225574493,calibrated_uv_reprojection_plus_stereo_left
54.10454177856445,-119.81454467773438,-618.6189575195312,211.81971150198615,200.173474569834,-49.21865267237541,371.0000016951209,167.99999495821714,0.1921568661928177,0.19607843458652496,0.14901961386203766,calibrated_uv_reprojection_plus_stereo_left
55.379886627197266,-119.71625518798828,-618.0844116210938,210.79491816372342,199.25797592009513,-48.80103837065502,371.9999992251913,168.00000583084886,0.1921568661928177,0.20392157137393951,0.16862745583057404,calibrated_uv_reprojection_plus_stereo_left
56.684329986572266,-119.6838150024414,-617.8897094726562,209.9417461328548,198.19301923954845,-48.62800966067272,373.0000025332448,167.99999347457896,0.1921568661928177,0.20392157137393951,0.16862745583057404,calibrated_uv_reprojection_plus_stereo_left
57.98603057861328,-119.64701080322266,-617.672607421875,209.07771841042154,197.13864046847158,-48.4388907753235,374.00000003172784,167.99999816904102,0.1882352977991104,0.1921568661928177,0.16470588743686676,calibrated_uv_reprojection_plus_stereo_left
59.288307189941406,-119.61283111572266,-617.4690551757812,208.22086814154056,196.07881088297245,-48.25953751927369,374.99999992110725,168.00000089357502,0.18039216101169586,0.1882352977991104,0.16470588743686676,calibrated_uv_reprojection_plus_stereo_left
60.5490837097168,-119.4980697631836,-616.8495483398438,207.15735131798272,195.20702085721325,-47.78094837189337,375.9999996319787,168.00000281748373,0.1568627506494522,0.16470588743686676,0.14901961386203766,calibrated_uv_reprojection_plus_stereo_left
61.862770080566406,-119.490234375,-616.781982421875,206.36930493247473,194.0875918577779,-47.69947234557071,377.00000077936113,167.9999992383562,0.12941177189350128,0.13333334028720856,0.11764705926179886,calibrated_uv_reprojection_plus_stereo_left
63.169471740722656,-119.4693603515625,-616.6471557617188,205.54799134452094,192.9988109544745,-47.56961982056367,377.9999973894884,168.000001091971,0.11764705926179886,0.11764705926179886,0.10196078568696976,calibrated_uv_reprojection_plus_stereo_left
64.47757720947266,-119.45176696777344,-616.5292358398438,204.73524429957757,191.90263085088242,-47.45193364748974,379.00000325881257,167.99999805866446,0.10196078568696976,0.11372549086809158,0.0941176488995552,calibrated_uv_reprojection_plus_stereo_left
65.67765808105469,-119.23861694335938,-615.4020385742188,203.42522395731567,191.26909580418078,-46.6083618530659,380.0000037667834,167.99999546827576,0.0941176488995552,0.10980392247438431,0.09019608050584793,calibrated_uv_reprojection_plus_stereo_left
66.94214630126953,-119.1483154296875,-614.9089965820312,202.4296264816861,190.3478930810155,-46.22097490129778,381.0000027153572,168.00000100703352,0.09019608050584793,0.10588235408067703,0.0941176488995552,calibrated_uv_reprojection_plus_stereo_left
68.21041870117188,-119.06795501708984,-614.46728515625,201.46029823561196,189.4046490272732,-45.87054703439668,382.00000017370195,168.0000049016009,0.08627451211214066,0.10196078568696976,0.09019608050584793,calibrated_uv_reprojection_plus_stereo_left
69.48066711425781,-118.99388122558594,-614.0579833984375,200.5078007714758,188.4478434423189,-45.54345916704125,382.99999856961114,167.99999895118845,0.08627451211214066,0.10196078568696976,0.08235294371843338,calibrated_uv_reprojection_plus_stereo_left
70.69966125488281,-118.83625030517578,-613.2175903320312,199.34581906098953,187.69310423678883,-44.90645661272049,383.99999805417383,168.0000000183552,0.08235294371843338,0.09803921729326248,0.0784313753247261,calibrated_uv_reprojection_plus_stereo_left
71.93690490722656,-118.7143325805664,-612.5615234375,198.2755035865768,186.85515784351276,-44.40205853787211,385.0000013965914,167.99999778626898,0.08235294371843338,0.09803921729326248,0.0784313753247261,calibrated_uv_reprojection_plus_stereo_left
73.13488006591797,-118.53299713134766,-611.5989379882812,197.05785669458857,186.163344968023,-43.67736975355791,386.00000292259017,167.99999667122216,0.07450980693101883,0.09019608050584793,0.07058823853731155,calibrated_uv_reprojection_plus_stereo_left
74.26071166992188,-118.24303436279297,-610.0759887695312,195.57106683760162,185.73899624248423,-42.54996451966616,386.99999954686865,167.99999840124238,0.07058823853731155,0.09019608050584793,0.05882352963089943,calibrated_uv_reprojection_plus_stereo_left
75.46455383300781,-118.08501434326172,-609.23388671875,194.41679741855495,184.99807646915582,-41.91210464730938,388.000001503196,167.99999828935378,0.06666667014360428,0.08627451211214066,0.054901961237192154,calibrated_uv_reprojection_plus_stereo_left
76.71961975097656,-118.01103210449219,-608.825439453125,193.47343859582122,184.05418689079562,-41.58601835732992,388.99999627267454,168.00000251025497,0.062745101749897,0.08235294371843338,0.05098039284348488,calibrated_uv_reprojection_plus_stereo_left
77.95341491699219,-117.90721130371094,-608.2630615234375,192.45698214652765,183.18503176623813,-41.14933939372298,389.9999985866383,168.00000221539244,0.05882352963089943,0.0784313753247261,0.0470588244497776,calibrated_uv_reprojection_plus_stereo_left
79.24826049804688,-117.89749908447266,-608.1862182617188,191.67455676667845,182.08540267663903,-41.06163950070555,390.999999396954,168.000004989595,0.07058823853731155,0.09019608050584793,0.05882352963089943,calibrated_uv_reprojection_plus_stereo_left
56.665584564208984,-118.33450317382812,-617.7247314453125,208.89369307267913,198.81318418416276,-49.18613556176274,373.00000119663133,168.99999592089324,0.22745098173618317,0.1921568661928177,0.12941177189350128,calibrated_uv_reprojection_plus_stereo_left
57.971893310546875,-118.30816650390625,-617.5603637695312,208.05642615277355,197.73542995373663,-49.034839299000055,373.99999937866386,168.9999979546463,0.2078431397676468,0.1921568661928177,0.14509804546833038,calibrated_uv_reprojection_plus_stereo_left
59.27248001098633,-118.27140808105469,-617.3416137695312,207.19239300007598,196.68247088784858,-48.844369055786615,374.99999897309146,169.00000085314372,0.20392157137393951,0.1921568661928177,0.15294118225574493,calibrated_uv_reprojection_plus_stereo_left
60.55559158325195,-118.20197296142578,-616.9522705078125,206.2441351034209,195.7068735012362,-48.53099414704724,376.0000019648541,168.9999960495707,0.18431372940540314,0.18431372940540314,0.1568627506494522,calibrated_uv_reprojection_plus_stereo_left
61.86920166015625,-118.193603515625,-616.8817138671875,205.4545085162179,194.5885847487234,-48.44733824817433,376.9999991144491,168.9999970292502,0.16470588743686676,0.16862745583057404,0.1411764770746231,calibrated_uv_reprojection_plus_stereo_left
63.18280029296875,-118.18538665771484,-616.81201171875,204.66535250663134,193.46999910789685,-48.364305929581235,377.9999980226361,169.00000618034585,0.14901961386203766,0.15294118225574493,0.12941177189350128,calibrated_uv_reprojection_plus_stereo_left
64.49394989013672,-118.17286682128906,-616.7197265625,203.8651415152665,192.3617631174364,-48.26499500296592,379.0000046265088,168.99999662969697,0.13333334028720856,0.1411764770746231,0.11764705926179886,calibrated_uv_reprojection_plus_stereo_left
65.72042083740234,-118.00865173339844,-615.8359375,202.67615657087634,191.61562668487522,-47.595567369937214,379.9999983954386,169.00000506061662,0.11764705926179886,0.12941177189350128,0.10196078568696976,calibrated_uv_reprojection_plus_stereo_left
66.99771881103516,-117.94020080566406,-615.4518432617188,201.73412221518464,190.6431786828669,-47.28613017735347,381.00000404780843,168.9999978039018,0.10980392247438431,0.11764705926179886,0.10196078568696976,calibrated_uv_reprojection_plus_stereo_left
68.28072357177734,-117.88410186767578,-615.1322631835938,200.82445347296687,189.64226065665724,-47.02319594303083,382.00000259802874,168.9999949948363,0.10588235408067703,0.10980392247438431,0.10196078568696976,calibrated_uv_reprojection_plus_stereo_left
69.54939270019531,-117.80569458007812,-614.6963500976562,199.8587199062623,188.6962109496887,-46.67651722410568,382.9999978768164,168.99999882612553,0.0941176488995552,0.10588235408067703,0.09019608050584793,calibrated_uv_reprojection_plus_stereo_left
70.81498718261719,-117.72492980957031,-614.2481689453125,198.8879678930458,187.75730803780812,-46.32104534781803,383.9999988066584,169.00000247001995,0.09019608050584793,0.10588235408067703,0.08627451211214066,calibrated_uv_reprojection_plus_stereo_left
72.07019805908203,-117.6300277709961,-613.7262573242188,197.88242913432111,186.85430757522664,-45.91252610440074,384.99999617166225,169.0000053301688,0.09803921729326248,0.10196078568696976,0.08627451211214066,calibrated_uv_reprojection_plus_stereo_left
73.278564453125,-117.46329498291016,-612.82958984375,196.69668851806426,186.12862326194056,-45.23422981915871,385.99999642478065,169.00000207545528,0.09019608050584793,0.0941176488995552,0.0784313753247261,calibrated_uv_reprojection_plus_stereo_left
74.41284942626953,-117.18561553955078,-611.3541870117188,195.23364769475853,185.67828792782,-44.13936616117957,387.00000101421205,168.99999827107033,0.08627451211214066,0.09803921729326248,0.06666667014360428,calibrated_uv_reprojection_plus_stereo_left
75.61318969726562,-117.01962280273438,-610.4616088867188,194.05474436002828,184.95810798786272,-43.46423125036864,387.9999999776054,169.00000309930093,0.08627451211214066,0.0941176488995552,0.062745101749897,calibrated_uv_reprojection_plus_stereo_left
76.8358383178711,-116.89308166503906,-609.7748413085938,192.97677061203558,184.14351837828082,-42.93733048706213,389.00000172641415,168.9999986367576,0.0784313753247261,0.08627451211214066,0.0470588244497776,calibrated_uv_reprojection_plus_stereo_left
78.14421844482422,-116.89888000488281,-609.7785034179688,192.23112131638317,183.00274759269746,-42.907464005660586,390.00000235803435,169.00000192334295,0.07058823853731155,0.0784313753247261,0.03921568766236305,calibrated_uv_reprojection_plus_stereo_left
65.76726531982422,-116.78407287597656,-616.3080444335938,201.94443777022218,191.94548225152215,-48.61128884973681,380.0000002104114,170.00000267253864,0.1764705926179886,0.16470588743686676,0.11372549086809158,calibrated_uv_reprojection_plus_stereo_left
67.06056213378906,-116.74242401123047,-616.0615844726562,201.0695866670734,190.90878647684053,-48.400742158669914,381.0000018745511,169.99999763710878,0.16862745583057404,0.1568627506494522,0.11764705926179886,calibrated_uv_reprojection_plus_stereo_left
68.3432388305664,-116.68408966064453,-615.7271728515625,200.1523558745282,189.9133089737199,-48.12678417817324,382.0000015375722,170.00000387867473,0.15294118225574493,0.14509804546833038,0.10980392247438431,calibrated_uv_reprojection_plus_stereo_left
69.62671661376953,-116.6291732788086,-615.4107666015625,199.2445911319747,188.91058597989183,-47.8658379665639,382.9999983214135,170.00000219314188,0.14509804546833038,0.13725490868091583,0.10588235408067703,calibrated_uv_reprojection_plus_stereo_left
70.91172790527344,-116.57865905761719,-615.1176147460938,198.34875653593235,187.89807663383482,-47.62169167067583,384.00000122195513,170.00000102731607,0.13333334028720856,0.125490203499794,0.0941176488995552,calibrated_uv_reprojection_plus_stereo_left
72.17765045166016,-116.4990463256836,-614.6709594726562,197.3792905977918,186.95797767922733,-47.26687351440796,384.9999982932882,170.00000048985973,0.12156862765550613,0.125490203499794,0.08235294371843338,calibrated_uv_reprojection_plus_stereo_left
73.41835021972656,-116.38214874267578,-614.0276489257812,196.3159309263968,186.11131480590598,-46.77029297806439,385.9999993800234,170.0000033715138,0.11372549086809158,0.11764705926179886,0.07450980693101883,calibrated_uv_reprojection_plus_stereo_left
74.59844970703125,-116.17486572265625,-612.907470703125,195.0245855609657,185.49072471996976,-45.92992772438134,386.99999918713075,169.99999613219308,0.10588235408067703,0.09803921729326248,0.04313725605607033,calibrated_uv_reprojection_plus_stereo_left
75.75341033935547,-115.93612670898438,-611.6215209960938,193.65629924530816,184.95227829608257,-44.970165439011396,387.99999644196555,170.0000007387323,0.10196078568696976,0.0941176488995552,0.03921568766236305,calibrated_uv_reprojection_plus_stereo_left
