camera_x_mm,camera_y_mm,camera_z_mm,robot_x_mm,robot_y_mm,robot_z_mm,u_px,v_px,red,green,blue,color_source
133.31471252441406,-174.76864624023438,-654.7601928710938,221.5700794429274,98.3274285935542,-48.85651960822287,424.9999985392718,133.99999867859327,0.9333333373069763,0.8627451062202454,0.8156862854957581,calibrated_uv_reprojection_plus_stereo_left
134.70797729492188,-174.7538604736328,-654.670166015625,220.72197506813808,97.148103015152,-48.758351021096644,425.9999907191392,134.0000008793305,0.95686274766922,0.9019607901573181,0.8392156958580017,calibrated_uv_reprojection_plus_stereo_left
136.0323028564453,-174.6507568359375,-654.249267578125,219.71232600607613,96.15957857737504,-48.435417781666445,427.0000033141881,133.99999687615752,1.0,0.9411764740943909,0.8156862854957581,calibrated_uv_reprojection_plus_stereo_left
137.08413696289062,-174.2034149169922,-652.5389404296875,218.075284197187,95.9179726799428,-47.236678772564176,428.00000842593886,133.99999189728402,1.0,0.9647058844566345,0.8313725590705872,calibrated_uv_reprojection_plus_stereo_left
138.5460968017578,-174.2809600830078,-652.794921875,217.3980462960621,94.5420822036719,-47.373649042570435,428.9999917791241,134.00000422175754,0.9882352948188782,0.9254902005195618,0.7529411911964417,calibrated_uv_reprojection_plus_stereo_left
140.11126708984375,-174.48538208007812,-653.5260009765625,216.95039104929975,92.88852649147623,-47.83323030316035,429.9999988748205,134.0000012998045,0.9490196108818054,0.8705882430076599,0.6941176652908325,calibrated_uv_reprojection_plus_stereo_left
127.68006896972656,-173.3495635986328,-654.8308715820312,223.7931195613379,103.79084819757912,-49.77232650888425,420.99999970639095,135.00000862857803,0.8784313797950745,0.8117647171020508,0.7764706015586853,calibrated_uv_reprojection_plus_stereo_left
129.11941528320312,-173.39663696289062,-654.97412109375,223.0600593101168,102.47936260234309,-49.8328924112335,422.00000404424327,134.9999996893351,0.9058823585510254,0.843137264251709,0.8039215803146362,calibrated_uv_reprojection_plus_stereo_left
130.47720336914062,-173.33425903320312,-654.7039794921875,222.12319374055755,101.40191908696335,-49.61207392065637,423.00000450784506,134.9999982329751,0.8941176533699036,0.8470588326454163,0.8117647171020508,calibrated_uv_reprojection_plus_stereo_left
131.82420349121094,-173.2589569091797,-654.3850708007812,221.16294650713303,100.35310440777442,-49.35809398960947,423.99999454000147,135.00000111883747,0.9411764740943909,0.8941176533699036,0.8509804010391235,calibrated_uv_reprojection_plus_stereo_left
133.2280731201172,-173.2590789794922,-654.35107421875,220.3427772373248,99.14241771221646,-49.29803648849247,424.9999988760915,135.00000933367136,0.9372549057006836,0.8784313797950745,0.8235294222831726,calibrated_uv_reprojection_plus_stereo_left
134.62460327148438,-173.2497100830078,-654.2811279296875,219.50504627779964,97.95228741598959,-49.213500621443586,425.99999524961015,134.99999760547985,0.929411768913269,0.8627451062202454,0.8039215803146362,calibrated_uv_reprojection_plus_stereo_left
135.94723510742188,-173.14630126953125,-653.8561401367188,218.49446149030655,96.96652830944817,-48.88740468831219,426.9999965443742,135.00000129604882,0.9647058844566345,0.886274516582489,0.8274509906768799,calibrated_uv_reprojection_plus_stereo_left
137.00743103027344,-172.71409606933594,-652.1896362304688,216.88178317723583,96.6989005358181,-47.71668604453157,427.9999914887369,135.00000870935327,0.9686274528503418,0.9137254953384399,0.8392156958580017,calibrated_uv_reprojection_plus_stereo_left
138.41136169433594,-172.719482421875,-652.175537109375,216.07364013895568,95.48030978032966,-47.67026250184699,429.00000007920227,135.00000142747115,1.0,0.95686274766922,0.8196078538894653,calibrated_uv_reprojection_plus_stereo_left
139.83517456054688,-172.74925231933594,-652.2535400390625,215.30992003321512,94.20808844089521,-47.686492215740316,429.9999964053604,135.00000170574364,0.9960784316062927,0.9607843160629272,0.8078431487083435,calibrated_uv_reprojection_plus_stereo_left
141.29859924316406,-172.82679748535156,-652.5118408203125,214.632796156857,92.83026268505165,-47.82533364960909,431.0000052411035,134.99998966833218,0.9803921580314636,0.9215686321258545,0.7058823704719543,calibrated_uv_reprojection_plus_stereo_left
142.82286071777344,-172.97640991210938,-653.0422973632812,214.0857524848072,91.29214215522904,-48.14925592442705,432.0000037984514,134.99999858854207,0.9490196108818054,0.8666666746139526,0.658823549747467,calibrated_uv_reprojection_plus_stereo_left
117.3675308227539,-171.24722290039062,-652.3994750976562,227.1704039542231,114.31664572616808,-49.091326849286645,413.99999760826773,135.9999975953172,1.0,0.9686274528503418,0.7333333492279053,calibrated_uv_reprojection_plus_stereo_left
118.71788787841797,-171.17832946777344,-652.102783203125,226.222085780844,113.25592779662355,-48.852222289670294,414.9999981792448,135.99999649030119,1.0,0.9843137264251709,0.7176470756530762,calibrated_uv_reprojection_plus_stereo_left
120.42898559570312,-171.62503051757812,-653.7702026367188,226.25420481020137,111.10831578564722,-49.95292486925746,415.99999959714427,136.00000187314825,0.9960784316062927,0.9882352948188782,0.7450980544090271,calibrated_uv_reprojection_plus_stereo_left
121.87106323242188,-171.68238830566406,-653.9544067382812,225.54399686713856,109.77852370476631,-50.041776808393195,416.99999906720706,136.00000911203477,0.9803921580314636,0.9490196108818054,0.8352941274642944,calibrated_uv_reprojection_plus_stereo_left
123.33370971679688,-171.7670135498047,-654.2423706054688,224.88473694342167,108.38998702393957,-50.201358065069826,417.9999989244077,136.00000236610623,0.9372549057006836,0.9058823585510254,0.800000011920929,calibrated_uv_reprojection_plus_stereo_left
124.78498077392578,-171.83396911621094,-654.4630126953125,224.19130550491894,107.03784354006422,-50.31499211325024,419.00000257532827,135.9999979188356,0.9372549057006836,0.8901960849761963,0.8274509906768799,calibrated_uv_reprojection_plus_stereo_left
126.01620483398438,-171.59970092773438,-653.5364379882812,222.9305245699273,106.32869338248031,-49.64630852552068,420.00000342810165,135.99999729792222,0.8549019694328308,0.8078431487083435,0.7490196228027344,calibrated_uv_reprojection_plus_stereo_left
127.48592376708984,-171.6916961669922,-653.8524780273438,222.28417916930903,104.92295473279546,-49.82499811780184,420.9999984587456,135.9999995685661,0.8509804010391235,0.8156862854957581,0.7647058963775635,calibrated_uv_reprojection_plus_stereo_left
128.8965301513672,-171.70285034179688,-653.860595703125,221.48558855693386,103.68984026278196,-49.793703347391045,422.0000018143058,135.9999955937281,0.9215686321258545,0.886274516582489,0.8392156958580017,calibrated_uv_reprojection_plus_stereo_left
130.26295471191406,-171.65545654296875,-653.6458129882812,220.57756804717633,102.58290681460477,-49.61045038259613,422.99999760389267,136.00000099101555,0.9490196108818054,0.9058823585510254,0.8588235378265381,calibrated_uv_reprojection_plus_stereo_left
131.47714233398438,-171.41050720214844,-652.6787719726562,219.3020601512788,101.90452247341744,-48.914412399618755,424.0000009498857,135.99999807088216,0.9647058844566345,0.9254902005195618,0.8784313797950745,calibrated_uv_reprojection_plus_stereo_left
132.84915161132812,-171.3742218017578,-652.50634765625,218.41643651035804,100.77606152114464,-48.76010978189771,424.9999998965053,136.00000144232416,0.9176470637321472,0.8705882430076599,0.8235294222831726,calibrated_uv_reprojection_plus_stereo_left
134.17349243164062,-171.27777099609375,-652.1048583984375,217.41965853526693,99.77923919390491,-48.44969723648285,425.9999928095057,136.0000028140061,0.8823529481887817,0.8274509906768799,0.7843137383460999,calibrated_uv_reprojection_plus_stereo_left
135.46717834472656,-171.1444854736328,-651.5631103515625,216.35566595891237,98.86429363877778,-48.04372786066597,427.0000023335373,135.99999252070984,0.9176470637321472,0.843137264251709,0.8078431487083435,calibrated_uv_reprojection_plus_stereo_left
136.70968627929688,-170.94984436035156,-650.7879638671875,215.17987568803386,98.08576532483693,-47.4787815175448,427.99999333490985,136.0000054841468,0.9764705896377563,0.9098039269447327,0.8470588326454163,calibrated_uv_reprojection_plus_stereo_left
138.0524444580078,-170.88314819335938,-650.4998168945312,214.24105470927265,97.02830744914445,-47.245738862672965,429.00000315852697,135.99999519567186,1.0,0.9647058844566345,0.8352941274642944,calibrated_uv_reprojection_plus_stereo_left
139.39524841308594,-170.81776428222656,-650.2167358398438,213.30525766969686,95.96882247550445,-47.01618114274521,430.0000050299022,135.9999934835181,1.0,0.9725490212440491,0.8078431487083435,calibrated_uv_reprojection_plus_stereo_left
140.8100128173828,-170.8408966064453,-650.2706298828125,212.53192980279618,94.71408629843802,-47.016229332683906,431.0000062725309,135.99999776380915,1.0,0.9725490212440491,0.7215686440467834,calibrated_uv_reprojection_plus_stereo_left
141.93814086914062,-170.51914978027344,-649.0118408203125,211.1292839918204,94.22546561644111,-46.122027718490926,432.0000068451026,135.9999963964977,0.9921568632125854,0.95686274766922,0.7098039388656616,calibrated_uv_reprojection_plus_stereo_left
143.4562225341797,-170.66751098632812,-649.5423583984375,210.58489575147468,92.69321588663314,-46.44678410226044,433.00000173619793,135.99999469056343,0.9764705896377563,0.9215686321258545,0.6784313917160034,calibrated_uv_reprojection_plus_stereo_left
145.30337524414062,-171.2006378173828,-651.5371704101562,210.73719180417385,90.29823479852337,-47.76883287855742,434.0000002476386,136.00000345925685,0.9490196108818054,0.8509804010391235,0.6274510025978088,calibrated_uv_reprojection_plus_stereo_left
147.6134490966797,-172.26376342773438,-655.548583984375,211.84343951458078,86.706612862844,-50.46405908749409,435.000001154626,135.99999525517183,0.8823529481887817,0.7529411911964417,0.572549045085907,calibrated_uv_reprojection_plus_stereo_left
114.48197937011719,-169.72470092773438,-651.97802734375,227.53595321504048,117.57350391717273,-49.59332631680178,411.9999976445299,137.00000482918023,1.0,0.9686274528503418,0.7215686440467834,calibrated_uv_reprojection_plus_stereo_left
115.81874084472656,-169.63648986816406,-651.6051025390625,226.54985805260094,116.55433234427272,-49.301854067875524,412.9999992031347,137.0000031859165,1.0,0.9725490212440491,0.7058823704719543,calibrated_uv_reprojection_plus_stereo_left
117.15110778808594,-169.54393005371094,-651.2154541015625,225.55620499699228,115.5455482042778,-48.99898288662615,414.000004564889,136.99999148208568,1.0,0.9764705896377563,0.7058823704719543,calibrated_uv_reprojection_plus_stereo_left
118.49803924560547,-169.47427368164062,-650.9139404296875,224.60730789772958,114.48949899378607,-48.75638890665266,414.999998137573,137.00000439526622,1.0,0.9843137264251709,0.7098039388656616,calibrated_uv_reprojection_plus_stereo_left
120.1091079711914,-169.77952575683594,-652.05224609375,224.37506766804051,112.63821597012054,-49.497535977219115,415.99999501472126,137.00000353684044,1.0,0.9882352948188782,0.7254902124404907,calibrated_uv_reprojection_plus_stereo_left
121.53636169433594,-169.82080078125,-652.1766357421875,223.6369262121986,111.34501732629212,-49.545869261457995,417.0000042384462,136.9999991759115,0.9960784316062927,0.9843137264251709,0.7803921699523926,calibrated_uv_reprojection_plus_stereo_left
122.9876937866211,-169.8943328857422,-652.4248657226562,222.95965223052184,109.9822334416109,-49.67877849260111,418.00000169444434,136.99999204381828,0.9882352948188782,0.9686274528503418,0.7921568751335144,calibrated_uv_reprojection_plus_stereo_left
124.45392608642578,-169.9864501953125,-652.7445068359375,222.31688210773166,108.57844749357696,-49.86044223461357,419.0000000401273,136.99999900512444,0.9686274528503418,0.9333333373069763,0.8549019694328308,calibrated_uv_reprojection_plus_stereo_left
125.74055480957031,-169.83384704589844,-652.1244506835938,221.21050273825603,107.69995694107837,-49.400251628348826,419.99999434082065,137.00000851933027,0.9411764740943909,0.9137254953384399,0.843137264251709,calibrated_uv_reprojection_plus_stereo_left
127.2666244506836,-170.00436401367188,-652.7449951171875,220.71487768904205,106.12592743893975,-49.78737336366311,421.0000004748457,136.9999987053062,0.9333333373069763,0.9019607901573181,0.8627451062202454,calibrated_uv_reprojection_plus_stereo_left
128.6511688232422,-169.9840850830078,-652.6329345703125,219.8586722805623,104.96273735366486,-49.674131989531475,422.00000778433383,136.99998938178425,0.95686274766922,0.9254902005195618,0.8823529481887817,calibrated_uv_reprojection_plus_stereo_left
130.01144409179688,-169.93243408203125,-652.4005737304688,218.94381693356564,103.867922788871,-49.478771446456506,422.999995929475,137.00000532354935,0.9411764740943909,0.9098039269447327,0.8549019694328308,calibrated_uv_reprojection_plus_stereo_left
131.1754913330078,-169.62803649902344,-651.1978759765625,217.55638594193238,103.32491120077759,-48.620898420755395,423.9999990273447,137.00000866136037,0.9215686321258545,0.886274516582489,0.8392156958580017,calibrated_uv_reprojection_plus_stereo_left
132.5250701904297,-169.5673828125,-650.930908203125,216.62680846253323,102.25298639677163,-48.40198805375644,424.9999982932422,136.99999915882958,0.8745098114013672,0.8313725590705872,0.7960784435272217,calibrated_uv_reprojection_plus_stereo_left
133.85397338867188,-169.48170471191406,-650.5679931640625,215.65120933346924,101.23674377750439,-48.11761410868519,425.99999936627745,137.0000061314649,0.8784313797950745,0.8274509906768799,0.7803921699523926,calibrated_uv_reprojection_plus_stereo_left
135.1712646484375,-169.3831787109375,-650.15576171875,214.6525315287256,100.24997154168187,-47.79960725832484,426.9999949596498,137.0000066790787,0.95686274766922,0.9019607901573181,0.8235294222831726,calibrated_uv_reprojection_plus_stereo_left
136.50706481933594,-169.30953979492188,-649.8390502929688,213.70084293478828,99.20957920979328,-47.54683318980898,427.99999613337746,136.99999998624224,0.9960784316062927,0.9647058844566345,0.8392156958580017,calibrated_uv_reprojection_plus_stereo_left
137.79373168945312,-169.1769561767578,-649.2962036132812,212.64094439753825,98.30075899693696,-47.13976140951945,429.0000041474717,137.000005477275,1.0,0.9843137264251709,0.7607843279838562,calibrated_uv_reprojection_plus_stereo_left
139.1299591064453,-169.10720825195312,-648.9945068359375,211.69805208474577,97.25410450323369,-46.89730867224944,430.000006321073,137.00000143386399,1.0,0.9803921580314636,0.7333333492279053,calibrated_uv_reprojection_plus_stereo_left
140.48248291015625,-169.0583953857422,-648.773193359375,210.7942829045956,96.16170398520927,-46.70973928869631,430.99999331197705,137.0000005116263,1.0,0.9843137264251709,0.6901960968971252,calibrated_uv_reprojection_plus_stereo_left
141.47500610351562,-168.58145141601562,-646.9089965820312,209.10618913204894,96.02778462183505,-45.40120540140049,432.00000122783115,136.99999880727904,1.0,0.9764705896377563,0.6941176652908325,calibrated_uv_reprojection_plus_stereo_left
142.93666076660156,-168.66729736328125,-647.2045288085938,208.451512535799,94.63744637615656,-45.566397333798704,432.99999794523495,137.00000083343843,1.0,0.9647058844566345,0.7019608020782471,calibrated_uv_reprojection_plus_stereo_left
144.44525146484375,-168.80625915527344,-647.7037963867188,207.89280119660953,93.12624419276523,-45.870536867507155,434.0000028660659,136.99999686205825,0.9921568632125854,0.9529411792755127,0.6980392336845398,calibrated_uv_reprojection_plus_stereo_left
146.04507446289062,-169.04811096191406,-648.5977783203125,207.51982831506,91.38062838192343,-46.443873139918765,434.99999695528794,136.999994160683,0.9764705896377563,0.9137254953384399,0.6784313917160034,calibrated_uv_reprojection_plus_stereo_left
147.81178283691406,-169.47662353515625,-650.2078857421875,207.48304694759764,89.20853800407076,-47.50558447286642,436.00000091064265,137.00000809283154,0.9490196108818054,0.8392156958580017,0.615686297416687,calibrated_uv_reprojection_plus_stereo_left
150.33729553222656,-170.7589569091797,-655.09326171875,208.9865129285019,85.08975859459764,-50.800971445843345,437.0000005492334,136.9999988454767,0.8745098114013672,0.7490196228027344,0.5607843399047852,calibrated_uv_reprojection_plus_stereo_left
112.94264221191406,-168.12393188476562,-651.2108764648438,226.92850771249385,119.79109286163123,-49.82087317145556,410.99999884335966,138.0000054399893,1.0,0.95686274766922,0.6980392336845398,calibrated_uv_reprojection_plus_stereo_left
114.27971649169922,-168.03842163085938,-650.845703125,225.94740894889918,118.76832264012654,-49.5343717869589,412.00000217860526,137.9999930653647,1.0,0.95686274766922,0.6980392336845398,calibrated_uv_reprojection_plus_stereo_left
115.65032958984375,-168.0035858154297,-650.6768798828125,225.06513487735947,117.63944943366499,-49.382313574988586,413.00000406169556,137.99999096102152,1.0,0.9647058844566345,0.6980392336845398,calibrated_uv_reprojection_plus_stereo_left
116.99179077148438,-167.92764282226562,-650.3489379882812,224.10387745181612,116.59829210241264,-49.12137138614082,413.9999954336304,138.00000150622267,0.9921568632125854,0.9647058844566345,0.6980392336845398,calibrated_uv_reprojection_plus_stereo_left
118.35588836669922,-167.88548278808594,-650.1517944335938,223.2083020557551,115.48618751796607,-48.9499681086582,415.00000376259516,138.00000134929405,0.9764705896377563,0.9607843160629272,0.6941176652908325,calibrated_uv_reprojection_plus_stereo_left
119.86734771728516,-168.0508270263672,-650.7582397460938,222.71146203589348,113.93101665466605,-49.32850287165644,415.9999970736294,138.0000078136796,0.9529411792755127,0.9333333373069763,0.6745098233222961,calibrated_uv_reprojection_plus_stereo_left
121.26222229003906,-168.0507049560547,-650.7238159179688,221.8961034552193,112.7283717526177,-49.26842546549972,417.0000016474356,137.99999872027047,0.9058823585510254,0.8549019694328308,0.6235294342041016,calibrated_uv_reprojection_plus_stereo_left
122.67196655273438,-168.07086181640625,-650.7679443359375,221.1194513624401,111.48201433782822,-49.26209742343076,418.00000400923204,137.99999594149514,0.8823529481887817,0.8352941274642944,0.6274510025978088,calibrated_uv_reprojection_plus_stereo_left
124.11212158203125,-168.13168334960938,-650.9695434570312,220.42005593511334,110.14749969093987,-49.36349862885851,418.9999949468988,137.99999970489336,0.9137254953384399,0.8901960849761963,0.7333333492279053,calibrated_uv_reprojection_plus_stereo_left
125.38639831542969,-167.9688262939453,-650.3051147460938,219.29496410303926,109.29664145593534,-48.87241930076294,419.9999998072943,138.00000140039157,0.9686274528503418,0.9490196108818054,0.8117647171020508,calibrated_uv_reprojection_plus_stereo_left
126.85769653320312,-168.0705108642578,-650.6648559570312,218.67282690670368,107.87305943865789,-49.081982455085836,420.9999990537893,137.9999964876584,0.9882352948188782,0.9686274528503418,0.8901960849761963,calibrated_uv_reprojection_plus_stereo_left
128.3071746826172,-168.1412811279297,-650.9049072265625,217.99122081953954,106.51536098595665,-49.20963653684822,422.00000483228405,137.9999967271528,0.9686274528503418,0.9450980424880981,0.8745098114013672,calibrated_uv_reprojection_plus_stereo_left
129.7145233154297,-168.1558380126953,-650.9273681640625,217.202907715771,105.27958070448057,-49.188446797404424,422.99999810703036,138.00000440801057,0.929411768913269,0.8901960849761963,0.8392156958580017,calibrated_uv_reprojection_plus_stereo_left
130.81900024414062,-167.78155517578125,-649.4446411132812,215.68302853542178,104.89710969276132,-48.1378773074826,423.9999988965685,137.99999926109916,0.9176470637321472,0.8784313797950745,0.8274509906768799,calibrated_uv_reprojection_plus_stereo_left
132.17022705078125,-167.7281951904297,-649.2042846679688,214.76882154973646,103.81314781192322,-47.93703548742951,424.9999977862831,138.0000063253064,0.9176470637321472,0.8784313797950745,0.8352941274642944,calibrated_uv_reprojection_plus_stereo_left
133.51229858398438,-167.6643829345703,-648.9234008789062,213.83550431211881,102.75302387606263,-47.70849149164002,426.0000008253449,137.9999961063619,0.95686274766922,0.9254902005195618,0.8313725590705872,calibrated_uv_reprojection_plus_stereo_left
134.78988647460938,-167.5216522216797,-648.3372192382812,212.75551939769122,101.86865065243984,-47.271253406021174,426.9999938417865,138.00000551388882,1.0,0.9764705896377563,0.7843137383460999,calibrated_uv_reprojection_plus_stereo_left
136.28286743164062,-167.64671325683594,-648.787353515625,212.17532761401975,100.39077621114222,-47.54254262587148,428.00000247194043,137.99999911018247,1.0,0.9882352948188782,0.7529411911964417,calibrated_uv_reprojection_plus_stereo_left
137.59555053710938,-167.5496368408203,-648.3778076171875,211.18146695605463,99.40664507951578,-47.22610174215782,428.9999994330787,137.99999111684895,1.0,0.9921568632125854,0.6941176652908325,calibrated_uv_reprojection_plus_stereo_left
138.91514587402344,-167.4627227783203,-648.0076904296875,210.207339340717,98.40105898951975,-46.936661028225956,430.0000060013375,137.99999570710827,1.0,0.9882352948188782,0.6823529601097107,calibrated_uv_reprojection_plus_stereo_left
140.31141662597656,-167.46897888183594,-647.9981079101562,209.40609448648178,97.18747881619561,-46.89367471590174,431.0000071473516,137.9999987974352,1.0,0.9882352948188782,0.6705882549285889,calibrated_uv_reprojection_plus_stereo_left
141.2483367919922,-166.9321746826172,-645.8873291015625,207.60441236612468,97.19696878911896,-45.414670421887195,431.9999978610237,138.00000092585034,1.0,0.9843137264251709,0.6745098233222961,calibrated_uv_reprojection_plus_stereo_left
142.72024536132812,-167.03182983398438,-646.2391967773438,206.9771913466576,95.7759407449488,-45.618796465649325,433.0000017017226,138.00000251943388,1.0,0.9764705896377563,0.6823529601097107,calibrated_uv_reprojection_plus_stereo_left
144.15447998046875,-167.08583068847656,-646.4143676757812,206.2653019245452,94.45692964030764,-45.7021341068089,434.000004344864,137.99999858658606,1.0,0.9725490212440491,0.6901960968971252,calibrated_uv_reprojection_plus_stereo_left
145.59632873535156,-167.1474609375,-646.6190795898438,205.56680976597647,93.11972059003841,-45.805637372965066,435.00000198426153,138.00000390567877,1.0,0.9647058844566345,0.7019608020782471,calibrated_uv_reprojection_plus_stereo_left
146.9501190185547,-167.10772705078125,-646.4315795898438,204.68290763502188,92.01282241915959,-45.64114249732626,436.0000023108325,137.99999558089746,0.9921568632125854,0.9529411792755127,0.7058823704719543,calibrated_uv_reprojection_plus_stereo_left
148.4967041015625,-167.2858428955078,-647.0868530273438,204.1953849439431,90.40791222144816,-46.052411120110435,436.9999938196229,138.00000277591687,0.9764705896377563,0.9098039269447327,0.6941176652908325,calibrated_uv_reprojection_plus_stereo_left
150.86270141601562,-168.37509155273438,-651.2662353515625,205.35788247174617,86.7089600598502,-48.87087503251621,438.0000031708923,138.0000039900485,0.929411768913269,0.8156862854957581,0.6117647290229797,calibrated_uv_reprojection_plus_stereo_left
110.112548828125,-166.6767578125,-651.0637817382812,227.43054038869735,122.89035099522937,-50.50819541638248,408.9999945305036,139.00000828901898,1.0,0.9607843160629272,0.7019608020782471,calibrated_uv_reprojection_plus_stereo_left
111.46802520751953,-166.6181640625,-650.8011474609375,226.50087351872554,121.81121286512536,-50.2916507117248,409.9999981609769,139.00000695915554,1.0,0.9647058844566345,0.7058823704719543,calibrated_uv_reprojection_plus_stereo_left
112.8400650024414,-166.58538818359375,-650.6393432617188,225.62218383156534,120.67824622354749,-50.144265681094225,410.99999682349755,139.0000000877591,1.0,0.9764705896377563,0.7098039388656616,calibrated_uv_reprojection_plus_stereo_left
114.1547622680664,-166.4696807861328,-650.1536865234375,224.58213587233945,119.72177422111292,-49.77484793868052,411.9999974613092,138.99999838658766,1.0,0.9764705896377563,0.7137255072593689,calibrated_uv_reprojection_plus_stereo_left
115.52745819091797,-166.44021606445312,-650.0048828125,223.7108556144678,118.58316056380272,-49.63642286147291,413.0000020509455,138.9999969295896,0.9764705896377563,0.9019607901573181,0.6470588445663452,calibrated_uv_reprojection_plus_stereo_left
116.89561462402344,-166.40489196777344,-649.833251953125,222.82847744614998,117.45742563708245,-49.48236601510081,414.00000237825486,139.00000358921156,0.8901960849761963,0.800000011920929,0.5490196347236633,calibrated_uv_reprojection_plus_stereo_left
118.26097869873047,-166.36639404296875,-649.649169921875,221.9402438095002,116.33898124010045,-49.31977857371942,415.00000255347226,138.99999729943022,0.772549033164978,0.6941176652908325,0.45490196347236633,calibrated_uv_reprojection_plus_stereo_left
119.6209945678711,-166.32125854492188,-649.439208984375,221.03954827379272,115.23531065411254,-49.13947152520933,416.0000011646702,138.99999561525007,0.6823529601097107,0.6000000238418579,0.37254902720451355,calibrated_uv_reprojection_plus_stereo_left
121.00131225585938,-166.30496215820312,-649.3419189453125,220.1947786188889,114.06993581897478,-49.03641029864258,416.999997747603,139.00000336258805,0.5686274766921997,0.46666666865348816,0.27843138575553894,calibrated_uv_reprojection_plus_stereo_left
122.39481353759766,-166.30686950683594,-649.3156127929688,219.38504258282887,112.86533046500705,-48.98198792314969,418.0000007460169,138.9999937555266,0.5254902243614197,0.43529412150382996,0.239215686917305,calibrated_uv_reprojection_plus_stereo_left
123.76542663574219,-166.2778778076172,-649.1687622070312,218.51611033811082,111.7277747293706,-48.844971334269076,418.9999994191137,139.00000100713856,0.5960784554481506,0.5372549295425415,0.32156863808631897,calibrated_uv_reprojection_plus_stereo_left
125.0478286743164,-166.13226318359375,-648.5665893554688,217.42465627583277,110.8449706365331,-48.39597284253182,419.99999620703306,138.9999997379229,0.8117647171020508,0.7647058963775635,0.5686274766921997,calibrated_uv_reprojection_plus_stereo_left
126.45952606201172,-166.15963745117188,-648.6397705078125,216.6641489627973,109.58564557099999,-48.4097504465106,420.999999555522,138.99999802539412,0.9960784316062927,0.9843137264251709,0.8313725590705872,calibrated_uv_reprojection_plus_stereo_left
127.85469818115234,-166.1648406982422,-648.62646484375,215.86122839303255,108.37451744327876,-48.36427267829646,421.9999986923593,139.00000934798015,0.9764705896377563,0.9607843160629272,0.8196078538894653,calibrated_uv_reprojection_plus_stereo_left
129.289306640625,-166.22056579589844,-648.8102416992188,215.15393513051703,107.052013734995,-48.45378318254285,423.0000031590677,138.99999926819115,0.9372549057006836,0.9215686321258545,0.8078431487083435,calibrated_uv_reprojection_plus_stereo_left
130.4401397705078,-165.9140625,-647.5802001953125,213.7612843312276,106.5291615588838,-47.57483921362922,424.00000780776634,138.99999320779764,0.9686274528503418,0.9490196108818054,0.8196078538894653,calibrated_uv_reprojection_plus_stereo_left
131.78103637695312,-165.8531494140625,-647.3088989257812,212.83471776384994,105.46612777588814,-47.3527018286847,424.9999915194037,139.0000060035582,1.0,0.9803921580314636,0.8274509906768799,calibrated_uv_reprojection_plus_stereo_left
133.1282196044922,-165.8012237548828,-647.0726318359375,211.92557068584443,104.3839218819935,-47.15457371894547,426.0000007466108,139.00000710468169,1.0,0.9921568632125854,0.7764706015586853,calibrated_uv_reprojection_plus_stereo_left
134.4617919921875,-165.73353576660156,-646.7748413085938,210.98732482128264,103.33761045719814,-46.914331206728036,426.99999969378075,139.00000251800583,1.0,0.9960784316062927,0.6901960968971252,calibrated_uv_reprojection_plus_stereo_left
136.07484436035156,-166.0081024169922,-647.8126831054688,210.6900319993349,101.5259376314666,-47.58869614639542,427.9999974723186,139.00000305932807,1.0,0.9960784316062927,0.6823529601097107,calibrated_uv_reprojection_plus_stereo_left
137.4066619873047,-165.93740844726562,-647.5031127929688,209.7457345559286,100.48575391147602,-47.340364445326315,429.00000157834546,138.99999251974435,1.0,0.9921568632125854,0.6745098233222961,calibrated_uv_reprojection_plus_stereo_left
138.75657653808594,-165.88967895507812,-647.2832641601562,208.84486281780892,99.39475641972598,-47.15350104908441,429.99999571360325,138.99999851557848,1.0,0.9882352948188782,0.6705882549285889,calibrated_uv_reprojection_plus_stereo_left
140.09947204589844,-165.83448791503906,-647.0343017578125,207.93055128277757,98.32124838166436,-46.946723056969006,431.00000443436124,139.0000011168799,1.0,0.9921568632125854,0.6784313917160034,calibrated_uv_reprojection_plus_stereo_left
141.0583953857422,-165.3302764892578,-645.0335083007812,206.18546830331468,98.26677270002239,-45.54079198963058,432.0000033693964,139.0000025983965,1.0,0.9960784316062927,0.686274528503418,calibrated_uv_reprojection_plus_stereo_left
142.53904724121094,-165.4413604736328,-645.433349609375,205.58137829533814,96.81973669689938,-45.77824281389786,432.9999958998294,139.0000024090427,1.0,0.9921568632125854,0.6901960968971252,calibrated_uv_reprojection_plus_stereo_left
143.94566345214844,-165.46511840820312,-645.492431640625,204.81532628656925,95.57034467886325,-45.782416153783345,433.99999922100795,138.99999361292726,1.0,0.9882352948188782,0.6941176652908325,calibrated_uv_reprojection_plus_stereo_left
145.38763427734375,-165.52857971191406,-645.7064819335938,204.12195499201425,94.22960877245043,-45.89264462712856,434.99999822926003,139.00000363098303,1.0,0.9803921580314636,0.6980392336845398,calibrated_uv_reprojection_plus_stereo_left
146.7577667236328,-165.509765625,-645.5994873046875,203.27718877748993,93.0768962429371,-45.78314014200174,436.0000002230777,138.99999732811494,1.0,0.9686274528503418,0.6901960968971252,calibrated_uv_reprojection_plus_stereo_left
148.0802764892578,-165.43801879882812,-645.2860717773438,202.335879980941,92.04633542699662,-45.53240431293557,436.9999993680088,138.9999976213894,1.0,0.9607843160629272,0.6901960968971252,calibrated_uv_reprojection_plus_stereo_left
149.5196533203125,-165.4968719482422,-645.4820556640625,201.63317316914657,90.71491207096125,-45.63022329122805,438.00000621752065,138.99999742761108,0.9921568632125854,0.9529411792755127,0.7058823704719543,calibrated_uv_reprojection_plus_stereo_left
151.40164184570312,-166.03997802734375,-647.566650390625,201.80977105515228,88.25990748634138,-47.02007888530676,439.000008074631,139.0000006532067,0.9725490212440491,0.8980392217636108,0.6745098233222961,calibrated_uv_reprojection_plus_stereo_left
153.13186645507812,-166.40821838378906,-648.9690551757812,201.66413224385633,86.2036805181682,-47.94302228547639,439.9999989213876,139.0000008787659,0.9058823585510254,0.7803921699523926,0.5803921818733215,calibrated_uv_reprojection_plus_stereo_left
107.00898742675781,-164.80624389648438,-649.2447509765625,227.09010402989082,126.87918482696932,-50.04625654068502,407.0000029361065,139.99999512087984,1.0,0.9529411792755127,0.7019608020782471,calibrated_uv_reprojection_plus_stereo_left
108.48020935058594,-164.92892456054688,-649.6945190429688,226.52050981298026,125.4213115792594,-50.31896505833072,408.0000015462016,140.0000003515043,1.0,0.9647058844566345,0.7137255072593689,calibrated_uv_reprojection_plus_stereo_left
109.8458480834961,-164.88990783691406,-649.5072631835938,225.63043020628106,124.30374831952707,-50.15403152085133,409.00000301580667,139.99999818531154,0.9921568632125854,0.9450980424880981,0.6901960968971252,calibrated_uv_reprojection_plus_stereo_left
111.20881652832031,-164.84780883789062,-649.3079223632812,224.7346430934798,123.19322718253602,-49.980818297799544,409.99999887936707,140.00000355133534,0.9215686321258545,0.8235294222831726,0.5686274766921997,calibrated_uv_reprojection_plus_stereo_left
112.55370330810547,-164.78018188476562,-649.0079956054688,223.78906420187332,122.13766501255157,-49.73853164078838,410.9999998083277,139.99999865428384,0.8666666746139526,0.7764706015586853,0.5176470875740051,calibrated_uv_reprojection_plus_stereo_left
113.94355773925781,-164.7791290283203,-648.9703369140625,222.97457282491985,120.94069127128256,-49.67639064568732,411.9999989271165,140.0000019917756,0.8196078538894653,0.7254902124404907,0.4745098054409027,calibrated_uv_reprojection_plus_stereo_left
115.31031036376953,-164.7449951171875,-648.8023681640625,222.0953832571721,119.81464034256612,-49.52476176168062,413.00000312531984,140.0000001815104,0.6823529601097107,0.5764706134796143,0.3490196168422699,calibrated_uv_reprojection_plus_stereo_left
116.67247772216797,-164.70510864257812,-648.61181640625,221.2053010636102,118.70139418357189,-49.357647770322615,413.99999810084995,140.0000090143936,0.5960784554481506,0.4901960790157318,0.25882354378700256,calibrated_uv_reprojection_plus_stereo_left
118.02381896972656,-164.65097045898438,-648.3651123046875,220.28784238102463,117.61946556095796,-49.15199043415083,414.99999514954936,140.00000937956628,0.47058823704719543,0.3686274588108063,0.11764705926179886,calibrated_uv_reprojection_plus_stereo_left
119.43807220458984,-164.6847381591797,-648.4645385742188,219.54137219822871,116.34779021889773,-49.18397760073037,415.99999864649305,140.00000442584826,0.4274509847164154,0.32156863808631897,0.0784313753247261,calibrated_uv_reprojection_plus_stereo_left
120.76011657714844,-164.5919647216797,-648.065673828125,218.5496945665446,115.35069764131981,-48.87388360887354,417.0000030301199,139.99999369941406,0.43921568989753723,0.3333333432674408,0.0941176488995552,calibrated_uv_reprojection_plus_stereo_left
122.05692291259766,-164.46719360351562,-647.5409545898438,217.49717635759293,114.42466616793172,-48.47745288270147,418.00000009050706,139.99999956084923,0.40392157435417175,0.29411765933036804,0.062745101749897,calibrated_uv_reprojection_plus_stereo_left
123.33385467529297,-164.31866455078125,-646.9227294921875,216.40011204395557,113.55240113867757,-48.01689452828725,418.9999968733352,140.00000175967753,0.3490196168422699,0.24705882370471954,0.0235294122248888,calibrated_uv_reprojection_plus_stereo_left
124.68646240234375,-164.27305603027344,-646.709716796875,215.5020667412993,112.45623637417492,-47.83449365451929,419.9999946755343,139.99999961629408,0.6039215922355652,0.5254902243614197,0.2823529541492462,calibrated_uv_reprojection_plus_stereo_left
125.99739837646484,-164.17405700683594,-646.2865600585938,214.50219151484384,111.47830185000242,-47.50790319135615,420.9999942072135,140.00000037443664,0.9921568632125854,0.9686274528503418,0.7058823704719543,calibrated_uv_reprojection_plus_stereo_left
127.36351776123047,-164.1482391357422,-646.1514892578125,213.64302266774422,110.33998074720546,-47.379032334760666,422.00000071510516,139.99999707959176,1.0,0.9960784316062927,0.7450980544090271,calibrated_uv_reprojection_plus_stereo_left
128.79013061523438,-164.20001220703125,-646.3218994140625,212.93191365183088,109.02987299489882,-47.45977908429228,423.00000090837716,140.00000470752838,1.0,0.9960784316062927,0.7686274647712708,calibrated_uv_reprojection_plus_stereo_left
130.36148071289062,-164.4331817626953,-647.2061767578125,212.56492005790182,107.31536013116602,-48.03025684383135,424.00000220582615,139.99999699828692,1.0,0.9960784316062927,0.7490196228027344,calibrated_uv_reprojection_plus_stereo_left
131.7337646484375,-164.41290283203125,-647.0928955078125,211.71525315091736,106.1631760397031,-47.91629316820678,424.99999572038206,139.99999939289097,1.0,0.9960784316062927,0.7215686440467834,calibrated_uv_reprojection_plus_stereo_left
133.10360717773438,-164.38992309570312,-646.968994140625,210.86063076769233,105.01725963415407,-47.79505153290262,426.00000292821545,140.00000233001992,1.0,0.9960784316062927,0.6980392336845398,calibrated_uv_reprojection_plus_stereo_left
134.47447204589844,-164.3686065673828,-646.8516235351562,210.00933254252368,103.8679043518544,-47.67829515244779,427.00000017281843,140.0000011153263,1.0,0.9960784316062927,0.6666666865348816,calibrated_uv_reprojection_plus_stereo_left
135.81517028808594,-164.3111572265625,-646.592041015625,209.09025027222424,102.8002691790773,-47.46400629583695,427.99999598427775,139.9999943378659,1.0,0.9921568632125854,0.6666666865348816,calibrated_uv_reprojection_plus_stereo_left
137.21221923828125,-164.32223510742188,-646.6022338867188,208.3002445434002,101.57837897473286,-47.434764638144884,428.99999903319036,140.00000622662492,1.0,0.9921568632125854,0.6666666865348816,calibrated_uv_reprojection_plus_stereo_left
138.5469207763672,-164.25912475585938,-646.3204345703125,207.37129831852957,100.52463319436771,-47.20527662258655,429.9999933519304,140.00000465047756,1.0,0.9921568632125854,0.6745098233222961,calibrated_uv_reprojection_plus_stereo_left
139.8672332763672,-164.18026733398438,-645.9766845703125,206.4135354632121,99.50757398538701,-46.93333329305756,431.0000075854383,140.00000007281187,0.95686274766922,0.9450980424880981,0.6313725709915161,calibrated_uv_reprojection_plus_stereo_left
140.90377807617188,-163.7730712890625,-644.3411865234375,204.84557653145447,99.24133643450358,-45.77576913431881,432.00000828906775,139.99999940484767,0.8588235378265381,0.8156862854957581,0.5137255191802979,calibrated_uv_reprojection_plus_stereo_left
142.283447265625,-163.76866149902344,-644.2904663085938,204.02908963436425,98.05832937135239,-45.70485931008142,433.00000468614627,139.99999724354134,0.7921568751335144,0.729411780834198,0.43529412150382996,calibrated_uv_reprojection_plus_stereo_left
143.6301727294922,-163.72669982910156,-644.092041015625,203.1431089658047,96.96160977859574,-45.53269850074662,434.00000150821,139.99999910873197,0.8470588326454163,0.7803921699523926,0.501960813999176,calibrated_uv_reprojection_plus_stereo_left
144.97837829589844,-163.6871337890625,-643.903076171875,202.26193410444824,95.85991502833008,-45.36704207573456,434.999994388593,140.00000485857717,0.95686274766922,0.9098039269447327,0.6470588445663452,calibrated_uv_reprojection_plus_stereo_left
146.29080200195312,-163.60821533203125,-643.5592651367188,201.30863190106516,94.84975590065756,-45.09526022984409,436.00000219841803,139.99999845826778,1.0,0.9764705896377563,0.7137255072593689,calibrated_uv_reprojection_plus_stereo_left
147.6135711669922,-163.5421600341797,-643.2661743164062,200.37972513769063,93.81082035662911,-44.8582851927946,436.99999511689873,140.0000094104661,1.0,0.9686274528503418,0.7019608020782471,calibrated_uv_reprojection_plus_stereo_left
149.0274200439453,-163.57723999023438,-643.3707885742188,199.63658768955338,92.53747436511168,-44.8938678232787,437.9999959982246,140.0000022495048,1.0,0.9647058844566345,0.7058823704719543,calibrated_uv_reprojection_plus_stereo_left
150.45169067382812,-163.6229248046875,-643.5171508789062,198.912447983479,91.23877816573889,-44.958047742311635,438.99999466804644,140.00000537568178,1.0,0.9450980424880981,0.6980392336845398,calibrated_uv_reprojection_plus_stereo_left
151.77499389648438,-163.55889892578125,-643.2319946289062,197.98799293715246,90.19627643091417,-44.726533789285384,439.99999866866426,140.00000181637333,0.9921568632125854,0.8980392217636108,0.6627451181411743,calibrated_uv_reprojection_plus_stereo_left
153.76756286621094,-164.21067810058594,-645.7617797851562,198.36425457784753,87.47324728569231,-46.42362396529438,441.0000007937353,139.99999810300403,0.95686274766922,0.8352941274642944,0.6196078658103943,calibrated_uv_reprojection_plus_stereo_left
156.0842742919922,-165.19378662109375,-649.59423828125,199.33422087036615,83.9599478200883,-49.0128478668413,441.9999940276227,140.0000032969288,0.8901960849761963,0.7647058963775635,0.5686274766921997,calibrated_uv_reprojection_plus_stereo_left
104.00047302246094,-163.06719970703125,-647.915283203125,226.99326951793137,130.59142601813193,-49.91663459043497,405.0000011366912,140.9999987303807,1.0,0.95686274766922,0.6901960968971252,calibrated_uv_reprojection_plus_stereo_left
105.3834228515625,-163.06027221679688,-647.8544311523438,226.168876495985,129.4094977368253,-49.83862297353937,405.9999989617398,140.99999696965307,1.0,0.9647058844566345,0.6980392336845398,calibrated_uv_reprojection_plus_stereo_left
106.77777099609375,-163.07081604003906,-647.863037109375,225.37937605587155,128.19062853689195,-49.80841421522575,406.99999679594134,141.0000034175286,0.9921568632125854,0.9607843160629272,0.7019608020782471,calibrated_uv_reprojection_plus_stereo_left
108.26521301269531,-163.22134399414062,-648.4276733398438,224.868228571925,126.67438132405624,-50.160775732619754,407.99999930484967,140.99999585785667,0.9058823585510254,0.8196078538894653,0.5607843399047852,calibrated_uv_reprojection_plus_stereo_left
109.64004516601562,-163.20033264160156,-648.3108520507812,224.01510225637634,125.52129470403929,-50.04422302472079,408.99999805654465,140.9999960830179,0.7568627595901489,0.6431372761726379,0.3921568691730499,calibrated_uv_reprojection_plus_stereo_left
111.00287628173828,-163.16209411621094,-648.1256713867188,223.12806130299225,124.40525863709286,-49.8806580032869,409.99999447700714,141.0000080771335,0.6235294342041016,0.5058823823928833,0.25882354378700256,calibrated_uv_reprojection_plus_stereo_left
112.34088134765625,-163.0886688232422,-647.8005981445312,222.17181918556628,123.3652479701546,-49.620857105043285,411.00000387143245,140.99999434220655,0.5607843399047852,0.4431372582912445,0.20000000298023224,calibrated_uv_reprojection_plus_stereo_left
113.74566650390625,-163.11270141601562,-647.8627319335938,221.40827743726487,122.11646332252275,-49.62743728057518,412.0000020186937,140.99999661091474,0.5176470875740051,0.4000000059604645,0.16078431904315948,calibrated_uv_reprojection_plus_stereo_left
115.10086059570312,-163.0657958984375,-647.6431274414062,220.50507924977143,121.02046680887292,-49.44023044287684,413.00000036910546,141.0000017487743,0.5176470875740051,0.3960784375667572,0.1725490242242813,calibrated_uv_reprojection_plus_stereo_left
116.44194793701172,-163.0001678466797,-647.34912109375,219.5655888325806,119.96569285115726,-49.20186553897082,414.00000517999604,140.99999537489919,0.5607843399047852,0.43921568989753723,0.2235294133424759,calibrated_uv_reprojection_plus_stereo_left
117.7988510131836,-162.95787048339844,-647.1478881835938,218.67236012944795,118.86106600071832,-49.027339027545,414.99999686482585,141.00000639483162,0.5764706134796143,0.46666666865348816,0.2666666805744171,calibrated_uv_reprojection_plus_stereo_left
119.16903686523438,-162.93463134765625,-647.022216796875,217.81662103865648,117.71546335835086,-48.90476927162911,416.000002705514,140.99999287025463,0.6039215922355652,0.48627451062202454,0.29019609093666077,calibrated_uv_reprojection_plus_stereo_left
120.42163848876953,-162.75289916992188,-646.267333984375,216.65285983280086,116.9170508825755,-48.34960112278975,417.00000002707435,141.00000346020647,0.6078431606292725,0.47058823704719543,0.2862745225429535,calibrated_uv_reprojection_plus_stereo_left
121.67469787597656,-162.57583618164062,-645.531005859375,215.49990693925264,116.11101827208483,-47.807260899691016,417.9999969459711,141.00000355397663,0.5411764979362488,0.40784314274787903,0.2078431397676468,calibrated_uv_reprojection_plus_stereo_left
122.91357421875,-162.38392639160156,-644.7357788085938,214.31993719548694,115.34025070807974,-47.22450426136908,418.9999977112672,140.99999977623042,0.5411764979362488,0.42352941632270813,0.19607843458652496,calibrated_uv_reprojection_plus_stereo_left
124.33746337890625,-162.43789672851562,-644.9168701171875,213.61640538892652,114.02855548944297,-47.31295579119313,419.9999961185752,141.00000315415375,0.7921568751335144,0.7215686440467834,0.46666666865348816,calibrated_uv_reprojection_plus_stereo_left
125.63032531738281,-162.32130432128906,-644.4207153320312,212.5839237825844,113.09442557150118,-46.93587064018948,421.00000180055946,140.99999144806915,1.0,0.9921568632125854,0.6901960968971252,calibrated_uv_reprojection_plus_stereo_left
127.15018463134766,-162.49725341796875,-645.0860595703125,212.11430682362442,111.51076712159045,-47.35713315401256,421.99999718770727,141.00000044685032,1.0,0.9960784316062927,0.6980392336845398,calibrated_uv_reprojection_plus_stereo_left
128.57130432128906,-162.54449462890625,-645.2403564453125,211.3963878012828,110.21190317175666,-47.42710135934402,423.0000013902059,141.0000000042325,1.0,1.0,0.7098039388656616,calibrated_uv_reprojection_plus_stereo_left
130.01229858398438,-162.6155242919922,-645.489013671875,210.72338924648386,108.85901631307803,-47.561883222463734,423.99999941912756,140.9999913177864,1.0,1.0,0.7019608020782471,calibrated_uv_reprojection_plus_stereo_left
131.40525817871094,-162.62550354003906,-645.4954223632812,209.93336664847504,107.64221420258497,-47.530191838169856,424.9999946731157,141.0000016398288,1.0,0.9960784316062927,0.6901960968971252,calibrated_uv_reprojection_plus_stereo_left
132.75962829589844,-162.5879364013672,-645.3130493164062,209.05283437770237,106.53245467404997,-47.36878084153727,425.9999959238615,141.0000003353889,0.9921568632125854,0.9803921580314636,0.6666666865348816,calibrated_uv_reprojection_plus_stereo_left
134.14073181152344,-162.5834503173828,-645.2620239257812,208.23534200919516,105.34831937638,-47.29762682902776,426.9999988403735,141.00000664493456,0.9921568632125854,0.9764705896377563,0.6509804129600525,calibrated_uv_reprojection_plus_stereo_left
135.49606323242188,-162.54808044433594,-645.08837890625,207.35946615480566,104.23432655236388,-47.14223251232397,427.9999952318456,141.00000299165964,1.0,0.9882352948188782,0.6666666865348816,calibrated_uv_reprojection_plus_stereo_left
136.82955932617188,-162.48739624023438,-644.8142700195312,206.43616143988606,103.17843264458662,-46.91784102876056,429.000005883026,140.9999958807004,0.9882352948188782,0.9725490212440491,0.6549019813537598,calibrated_uv_reprojection_plus_stereo_left
138.1446533203125,-162.40623474121094,-644.458984375,205.47495226991197,102.17015274890741,-46.63772755408331,429.9999943853835,140.99999919955366,0.8980392217636108,0.8705882430076599,0.5568627715110779,calibrated_uv_reprojection_plus_stereo_left
139.48451232910156,-162.35540771484375,-644.2240600585938,204.5713714119202,101.09347699255721,-46.44030508067004,431.0000014910916,140.99999587209584,0.7450980544090271,0.6980392336845398,0.4000000059604645,calibrated_uv_reprojection_plus_stereo_left
140.54080200195312,-161.9786834716797,-642.6961059570312,203.05874547259253,100.76680883861394,-45.3549504697699,431.99999720352923,140.99999981593737,0.6470588445663452,0.572549045085907,0.30980393290519714,calibrated_uv_reprojection_plus_stereo_left
141.84027099609375,-161.88673400878906,-642.2981567382812,202.08101528172267,99.78873901554942,-45.04570083192664,433.0000086428548,141.00000137292753,0.6392157077789307,0.5411764979362488,0.3176470696926117,calibrated_uv_reprojection_plus_stereo_left
143.13629150390625,-161.79261779785156,-641.8916625976562,201.10015491701483,98.81699966507188,-44.730626031671875,433.99999369399734,141.00000559332562,0.6549019813537598,0.5607843399047852,0.3333333432674408,calibrated_uv_reprojection_plus_stereo_left
144.52647399902344,-161.8056182861328,-641.91015625,200.31892349268912,97.59791585741311,-44.70737015510423,434.99999274552897,141.00001007285084,0.7176470756530762,0.6313725709915161,0.4000000059604645,calibrated_uv_reprojection_plus_stereo_left
145.74609375,-161.629150390625,-641.1769409179688,199.1868944317041,96.81981730081878,-44.16804449497096,436.0000039168209,140.99999851849387,0.8823529481887817,0.8274509906768799,0.5803921818733215,calibrated_uv_reprojection_plus_stereo_left
147.10325622558594,-161.6070098876953,-641.0560913085938,198.34142759224858,95.68370598472546,-44.049167545706325,436.9999997661807,141.0000080746143,1.0,0.9686274528503418,0.7019608020782471,calibrated_uv_reprojection_plus_stereo_left
148.49270629882812,-161.620361328125,-641.075927734375,197.56142759455787,94.46473080251627,-44.026850793554274,438.0000035278147,140.9999989350985,1.0,0.9647058844566345,0.7019608020782471,calibrated_uv_reprojection_plus_stereo_left
149.87118530273438,-161.62156677246094,-641.047607421875,196.75897395646274,93.27404831121055,-43.97147822310404,439.00000027673696,140.99999445853643,1.0,0.9607843160629272,0.6980392336845398,calibrated_uv_reprojection_plus_stereo_left
151.2027587890625,-161.57254028320312,-640.820068359375,195.86451565339553,92.20172416422082,-43.77938483650587,440.0000052063924,140.9999919586232,1.0,0.929411768913269,0.6705882549285889,calibrated_uv_reprojection_plus_stereo_left
152.62904357910156,-161.62461853027344,-640.9935913085938,195.15510126550873,90.89088726827396,-43.86253852426728,440.99999935415536,141.00000192476642,1.0,0.9058823585510254,0.658823549747467,calibrated_uv_reprojection_plus_stereo_left
154.26527404785156,-161.89602661132812,-642.036865234375,194.84441494702253,89.05881949831871,-44.54245736381114,441.99999685114244,141.00000635678902,1.0,0.9019607901573181,0.6784313917160034,calibrated_uv_reprojection_plus_stereo_left
156.28964233398438,-162.5662841796875,-644.66162109375,195.25510051106778,86.27341861605896,-46.30731786754427,442.99999855965257,141.00000068663343,0.9529411792755127,0.8392156958580017,0.6392157077789307,calibrated_uv_reprojection_plus_stereo_left
158.27993774414062,-163.18955993652344,-647.0997924804688,195.57400208912327,83.59027411103551,-47.94386991239912,444.0000021371378,140.99999321704644,0.886274516582489,0.7529411911964417,0.572549045085907,calibrated_uv_reprojection_plus_stereo_left
100.89431762695312,-161.1587677001953,-645.8822631835938,226.53833886801664,134.65923386984446,-49.2985069715574,403.000002538005,142.00000119654936,1.0,0.9607843160629272,0.6901960968971252,calibrated_uv_reprojection_plus_stereo_left
102.42789459228516,-161.39630126953125,-646.8011474609375,226.2104975380356,132.9658783884605,-49.89602503897237,403.99999879539564,142.00000683755275,1.0,0.9686274528503418,0.6980392336845398,calibrated_uv_reprojection_plus_stereo_left
103.79942321777344,-161.37545776367188,-646.6844482421875,225.3594420083221,131.8155593196995,-49.77956182963493,405.00000341491926,141.99999762608135,1.0,0.9647058844566345,0.686274528503418,calibrated_uv_reprojection_plus_stereo_left
105.18341827392578,-161.37417602539062,-646.646240234375,224.5479213941352,130.6239301670526,-49.71722119991671,406.0000001366217,142.00000604373042,0.9960784316062927,0.9686274528503418,0.6941176652908325,calibrated_uv_reprojection_plus_stereo_left
106.59869384765625,-161.42019653320312,-646.7974853515625,223.83120531017084,129.33152100702495,-49.785443947081205,407.0000034324377,141.9999996996026,0.9215686321258545,0.8313725590705872,0.5843137502670288,calibrated_uv_reprojection_plus_stereo_left
108.09556579589844,-161.5869140625,-647.432373046875,223.35546643901034,127.78034637784259,-50.18696334662303,407.9999958622497,142.00000499095427,0.6941176652908325,0.5921568870544434,0.3450980484485626,calibrated_uv_reprojection_plus_stereo_left
109.45462036132812,-161.5458984375,-647.2348022460938,222.46345172538935,126.67227524008138,-50.014736529879315,409.0000009464801,141.99999160522742,0.545098066329956,0.4274509847164154,0.18431372940540314,calibrated_uv_reprojection_plus_stereo_left
110.8111801147461,-161.50216674804688,-647.0264282226562,221.566425583352,125.57057676684764,-49.835090446726554,410.0000011031824,141.99998954529636,0.5686274766921997,0.45098039507865906,0.21176470816135406,calibrated_uv_reprojection_plus_stereo_left
112.14945220947266,-161.43307495117188,-646.716552734375,220.61947213314403,124.52420835460941,-49.58553757987937,411.0000001695013,142.0000014282868,0.6078431606292725,0.48627451062202454,0.25882354378700256,calibrated_uv_reprojection_plus_stereo_left
113.54666137695312,-161.4493865966797,-646.7487182617188,219.842268005246,123.29374820725957,-49.57164743824501,412.00000482919864,141.99999482151907,0.6431372761726379,0.5176470875740051,0.2980392277240753,calibrated_uv_reprojection_plus_stereo_left
114.88250732421875,-161.37901306152344,-646.4337158203125,218.89365495768692,122.2514808998971,-49.318598225664914,412.9999979961255,142.00000151032873,0.6941176652908325,0.5607843399047852,0.3490196168422699,calibrated_uv_reprojection_plus_stereo_left
116.21776580810547,-161.3094024658203,-646.1217041015625,217.94717139355203,121.20855588188789,-49.06762646909675,414.00000433865523,141.9999915783346,0.7176470756530762,0.5882353186607361,0.3764705955982208,calibrated_uv_reprojection_plus_stereo_left
117.57119750976562,-161.26626586914062,-645.9158325195312,217.05340944626283,120.1086167664277,-48.88980114330832,414.999999574429,141.99999558865295,0.7176470756530762,0.5960784554481506,0.3764705955982208,calibrated_uv_reprojection_plus_stereo_left
118.82764434814453,-161.09254455566406,-645.18701171875,215.90405721619896,119.29611804280745,-48.3518318131575,415.999997674081,142.0000060781179,0.7019608020782471,0.5764706134796143,0.3607843220233917,calibrated_uv_reprojection_plus_stereo_left
120.06072235107422,-160.8914337158203,-644.3484497070312,214.7028117192545,118.54655533319647,-47.73834790220093,416.9999999432968,141.99999496081904,0.7098039388656616,0.5803921818733215,0.364705890417099,calibrated_uv_reprojection_plus_stereo_left
121.31845092773438,-160.72744750976562,-643.6587524414062,213.57598673452844,117.71775945633931,-47.22747627026985,417.99999669441024,142.00000414848842,0.8352941274642944,0.7333333492279053,0.501960813999176,calibrated_uv_reprojection_plus_stereo_left
122.5761489868164,-160.56703186035156,-642.9833374023438,212.457683944728,116.88344059537303,-46.726499581356165,418.9999979817712,141.9999985670496,0.9843137264251709,0.929411768913269,0.6705882549285889,calibrated_uv_reprojection_plus_stereo_left
124.07477569580078,-160.72218322753906,-643.5715942382812,211.9532371500061,115.3488217498761,-47.095627564034885,420.0000013103597,141.99999277134066,1.0,0.9843137264251709,0.7058823704719543,calibrated_uv_reprojection_plus_stereo_left
125.45091247558594,-160.71690368652344,-643.5174560546875,211.13673244025097,114.17021968220155,-47.02243843661404,421.0000016525043,141.99999470179756,1.0,0.9921568632125854,0.6823529601097107,calibrated_uv_reprojection_plus_stereo_left
126.88406372070312,-160.7838897705078,-643.752685546875,210.45973812813975,112.82965133783472,-47.1484499696727,422.00000322228203,142.0000015890388,1.0,0.9921568632125854,0.686274528503418,calibrated_uv_reprojection_plus_stereo_left
128.27484130859375,-160.79623413085938,-643.7691040039062,209.67682836749867,111.610913242467,-47.12381342004187,423.00000489731843,142.0000054879975,1.0,0.9960784316062927,0.6901960968971252,calibrated_uv_reprojection_plus_stereo_left
129.73826599121094,-160.89834594726562,-644.1448364257812,209.0661133040304,110.1894352499487,-47.346468937960424,424.00000263935704,141.99999906518525,0.9960784316062927,0.9843137264251709,0.6705882549285889,calibrated_uv_reprojection_plus_stereo_left
131.14418029785156,-160.92764282226562,-644.2290649414062,208.31488937824446,108.93119096504603,-47.36846305670406,424.9999992873557,141.99999881224852,0.9960784316062927,0.9607843160629272,0.6470588445663452,calibrated_uv_reprojection_plus_stereo_left
132.51109313964844,-160.9088897705078,-644.1209106445312,207.4715393861121,107.7815829177743,-47.25804846363974,425.9999967133256,141.99999412918913,0.9921568632125854,0.95686274766922,0.6431372761726379,calibrated_uv_reprojection_plus_stereo_left
133.87351989746094,-160.88502502441406,-643.9923095703125,206.61859030968532,106.64381929401401,-47.1335715336636,427.0000077396227,141.99999103300635,0.9921568632125854,0.9607843160629272,0.6509804129600525,calibrated_uv_reprojection_plus_stereo_left
135.16500854492188,-160.77719116210938,-643.5277099609375,205.60632632825173,105.69826313501483,-46.777931310154486,428.0000022143806,142.0000038919458,0.9411764740943909,0.9098039269447327,0.6078431606292725,calibrated_uv_reprojection_plus_stereo_left
136.45945739746094,-160.67495727539062,-643.0855102539062,204.6057007900618,104.74143004257002,-46.43774134744535,428.9999963645378,142.00000658566523,0.8078431487083435,0.7647058963775635,0.47058823704719543,calibrated_uv_reprojection_plus_stereo_left
137.77210998535156,-160.59591674804688,-642.736083984375,203.64986466599402,103.73272491303788,-46.16140576364393,430.00000041698615,141.99999277061875,0.7019608020782471,0.6431372761726379,0.3764705955982208,calibrated_uv_reprojection_plus_stereo_left
139.08566284179688,-160.51937866210938,-642.3968505859375,202.69954746393216,102.71929554900089,-45.892134404165915,430.9999970828545,142.00000565434516,0.7215686440467834,0.6509804129600525,0.4117647111415863,calibrated_uv_reprojection_plus_stereo_left
140.18251037597656,-160.19664001464844,-641.0723266601562,201.28706283427198,102.27703599925297,-44.94517570495873,431.9999933721715,142.00000420821192,0.6784313917160034,0.6000000238418579,0.40392157435417175,calibrated_uv_reprojection_plus_stereo_left
141.4590301513672,-160.0834197998047,-640.5863037109375,200.27061621125603,101.35282866266488,-44.575051812705965,433.0000003664686,141.9999965475649,0.5882353186607361,0.501960813999176,0.3490196168422699,calibrated_uv_reprojection_plus_stereo_left
142.73330688476562,-159.96978759765625,-640.0986938476562,199.25450162104204,100.43119403959287,-44.203887649687374,434.0000060046462,141.99999191349013,0.658823549747467,0.5764706134796143,0.40784314274787903,calibrated_uv_reprojection_plus_stereo_left
144.12937927246094,-159.99343872070312,-640.1605224609375,198.49555787261505,99.19022763109956,-44.210612263706025,435.0000019345907,142.0000054308178,0.8392156958580017,0.7647058963775635,0.5882353186607361,calibrated_uv_reprojection_plus_stereo_left
145.20066833496094,-159.65945434570312,-638.7913818359375,197.07111649228136,98.78755931771815,-43.2333756332315,436.00000175726115,142.00000586475204,0.9725490212440491,0.9372549057006836,0.7529411911964417,calibrated_uv_reprojection_plus_stereo_left
146.6078643798828,-159.6975555419922,-638.9110107421875,196.3402027828971,97.51446454725317,-43.27988818101028,436.99999396743715,142.00000811500294,1.0,0.9843137264251709,0.7960784435272217,calibrated_uv_reprojection_plus_stereo_left
148.0999755859375,-159.82650756835938,-639.39404296875,195.77691801708903,96.0263514934951,-43.576214097020056,437.9999963490618,142.0000044502333,1.0,0.9803921580314636,0.7450980544090271,calibrated_uv_reprojection_plus_stereo_left
149.56448364257812,-159.92349243164062,-639.7491455078125,195.15331865076922,94.61193512758365,-43.78453749508503,439.0000037205022,142.00000166919983,1.0,0.9764705896377563,0.7019608020782471,calibrated_uv_reprojection_plus_stereo_left
151.05780029296875,-160.04916381835938,-640.218994140625,194.5815023285038,93.12789054971563,-44.0716948792828,440.0000030161681,142.00000568058027,1.0,0.9647058844566345,0.6980392336845398,calibrated_uv_reprojection_plus_stereo_left
152.43321228027344,-160.04872131347656,-640.1842651367188,193.77696029522167,91.94238317279729,-44.01197617765263,441.0000003454214,141.99999563040927,1.0,0.9450980424880981,0.686274528503418,calibrated_uv_reprojection_plus_stereo_left
153.83885192871094,-160.0796356201172,-640.2750244140625,193.02977178989784,90.68184633853207,-44.03850870272436,442.00000876856024,141.99999858965265,1.0,0.9254902005195618,0.6745098233222961,calibrated_uv_reprojection_plus_stereo_left
155.323486328125,-160.19142150878906,-640.689208984375,192.42981778114688,89.226965238199,-44.28728660059272,443.00000436792794,142.00000000106758,1.0,0.9019607901573181,0.658823549747467,calibrated_uv_reprojection_plus_stereo_left
156.85568237304688,-160.34979248046875,-641.2896118164062,191.91345885019928,87.65837062912198,-44.66396783215794,444.0000079339595,141.99999370199578,0.9882352948188782,0.8627451062202454,0.6509804129600525,calibrated_uv_reprojection_plus_stereo_left
158.53421020507812,-160.65362548828125,-642.4717407226562,191.65948421953743,85.7365259926973,-45.440290106015084,444.9999959629699,142.000000764743,0.9372549057006836,0.800000011920929,0.6117647290229797,calibrated_uv_reprojection_plus_stereo_left
99.38053894042969,-159.57400512695312,-645.087646484375,225.9166564771753,136.8558394155947,-49.49469202081133,402.0000035829923,142.999995811845,1.0,0.9725490212440491,0.7019608020782471,calibrated_uv_reprojection_plus_stereo_left
100.74890899658203,-159.55397033691406,-644.9738159179688,225.06919037948165,135.7071135657946,-49.38024125398823,402.9999991739078,143.00000388324696,1.0,0.9764705896377563,0.6705882549285889,calibrated_uv_reprojection_plus_stereo_left
102.24862670898438,-159.7395782470703,-645.691162109375,224.6396526994427,134.12213657193854,-49.83970589030258,403.9999979641146,142.99999972104484,1.0,0.9764705896377563,0.6705882549285889,calibrated_uv_reprojection_plus_stereo_left
103.64635467529297,-159.76290893554688,-645.7525024414062,223.87932170917492,132.88000260267734,-49.84615631634222,405.00000202473126,142.99999336464026,0.9960784316062927,0.9686274528503418,0.6901960968971252,calibrated_uv_reprojection_plus_stereo_left
105.06237030029297,-159.81332397460938,-645.9234008789062,223.1735026318441,131.57952771095194,-49.9282438334933,406.0000005929206,143.00000518356782,0.929411768913269,0.8509804010391235,0.5803921818733215,calibrated_uv_reprojection_plus_stereo_left
106.48635864257812,-159.8743133544922,-646.1369018554688,222.4884173437198,130.2556002007587,-50.03970198186806,407.00000283276364,142.99999703267474,0.6901960968971252,0.5882353186607361,0.34117648005485535,calibrated_uv_reprojection_plus_stereo_left
107.91852569580078,-159.9457550048828,-646.3926391601562,221.8237070616102,128.90819589648584,-50.180288033819124,408.0000030989487,142.9999928377659,0.5960784554481506,0.48627451062202454,0.24705882370471954,calibrated_uv_reprojection_plus_stereo_left
109.28065490722656,-159.91278076171875,-646.2265014648438,220.94877855116147,127.78516284027256,-50.02967269590562,408.9999975458105,143.0000088618751,0.6784313917160034,0.5490196347236633,0.3333333432674408,calibrated_uv_reprojection_plus_stereo_left
110.63838958740234,-159.87420654296875,-646.03759765625,220.06288450851093,126.67475804783328,-49.863339138285596,409.9999970797285,142.99999821979404,0.7372549176216125,0.6078431606292725,0.4000000059604645,calibrated_uv_reprojection_plus_stereo_left
111.98495483398438,-159.82052612304688,-645.7877197265625,219.147197637925,125.59769796616575,-49.65494942197762,411.000000162744,142.99999679576098,0.7568627595901489,0.6313725709915161,0.43921568989753723,calibrated_uv_reprojection_plus_stereo_left
113.32951354980469,-159.76522827148438,-645.5313720703125,218.22881059575298,124.52489597900433,-49.44212354392914,411.9999980461149,143.00000341410086,0.7803921699523926,0.6509804129600525,0.45490196347236633,calibrated_uv_reprojection_plus_stereo_left
114.65901947021484,-159.69021606445312,-645.1953125,217.27175917110424,123.49606367261572,-49.174310131365985,412.99999911402307,142.99999547652106,0.7960784435272217,0.6627451181411743,0.45098039507865906,calibrated_uv_reprojection_plus_stereo_left
115.99720764160156,-159.6288299560547,-644.9143676757812,216.3424286880068,122.43833170304941,-48.94455836797084,414.00000301335217,142.99999380194095,0.7882353067398071,0.6549019813537598,0.4431372582912445,calibrated_uv_reprojection_plus_stereo_left
117.32747650146484,-159.5580291748047,-644.595458984375,215.39509594423072,121.40220352240414,-48.68864826879485,414.99999872004713,143.00000045014656,0.772549033164978,0.6392157077789307,0.41960784792900085,calibrated_uv_reprojection_plus_stereo_left
118.49239349365234,-159.26654052734375,-643.385009765625,214.01345240968828,120.85532135819511,-47.817758221264626,415.9999979528067,142.99999618751707,0.843137264251709,0.7254902124404907,0.4941176474094391,calibrated_uv_reprojection_plus_stereo_left
119.76886749267578,-159.12986755371094,-642.8001098632812,212.93908364201354,119.96905090723652,-47.37848612666181,416.99999997243754,143.00000232073438,0.9764705896377563,0.9019607901573181,0.6549019813537598,calibrated_uv_reprojection_plus_stereo_left
121.08332824707031,-159.04612731933594,-642.4290161132812,211.96983333702855,118.96689719491553,-47.08673030160236,417.99999996819423,142.99999803937664,1.0,0.9686274528503418,0.7058823704719543,calibrated_uv_reprojection_plus_stereo_left
122.37628936767578,-158.93624877929688,-641.9524536132812,210.95029485914955,118.02431899159893,-46.72228293751897,418.99999533388166,143.00000678417337,1.0,0.95686274766922,0.6784313917160034,calibrated_uv_reprojection_plus_stereo_left
123.85418701171875,-159.06625366210938,-642.4447021484375,210.3997423044682,116.54549654576101,-47.025961151193826,419.9999948839019,143.0000000965729,1.0,0.9607843160629272,0.6666666865348816,calibrated_uv_reprojection_plus_stereo_left
125.29681396484375,-159.1484832763672,-642.7440185546875,209.7548965031524,115.17211073385226,-47.1965532123092,420.99999974340125,143.00000613075173,1.0,0.9725490212440491,0.6705882549285889,calibrated_uv_reprojection_plus_stereo_left
126.67289733886719,-159.145263671875,-642.6981201171875,208.9433290043043,113.99035344852228,-47.12907352383809,422.0000012684434,142.99999450769377,1.0,0.9843137264251709,0.6745098233222961,calibrated_uv_reprojection_plus_stereo_left
128.07742309570312,-159.1773681640625,-642.7949829101562,208.20016817529432,112.72855182008527,-47.160032264804045,422.99999100638104,143.0000034660283,0.9960784316062927,0.9803921580314636,0.6627451181411743,calibrated_uv_reprojection_plus_stereo_left
129.5031280517578,-159.2347412109375,-642.9937744140625,207.50538275848925,111.4088224497965,-47.26122960764485,423.9999959416031,142.99999605485743,0.9882352948188782,0.9411764740943909,0.6352941393852234,calibrated_uv_reprojection_plus_stereo_left
130.88084411621094,-159.232421875,-642.9515991210938,206.69507220770868,110.22421184415123,-47.1963075608773,424.9999967753032,143.0000040121297,0.9921568632125854,0.9372549057006836,0.6431372761726379,calibrated_uv_reprojection_plus_stereo_left
132.2852325439453,-159.26219177246094,-643.0389404296875,205.94635408510794,108.96621037687129,-47.22064975931323,425.9999966339012,143.00000358200992,0.9764705896377563,0.9254902005195618,0.6392157077789307,calibrated_uv_reprojection_plus_stereo_left
133.63131713867188,-159.22178649902344,-642.8429565429688,205.0628899913704,107.86870885681907,-47.04970890886301,426.9999995300234,143.00000575806828,0.886274516582489,0.8274509906768799,0.5490196347236633,calibrated_uv_reprojection_plus_stereo_left
134.793212890625,-158.9649200439453,-641.7730102539062,203.7662773943153,107.27006682502503,-46.27648227456797,428.0000063525063,142.99999345375005,0.7647058963775635,0.6941176652908325,0.45098039507865906,calibrated_uv_reprojection_plus_stereo_left
136.1052703857422,-158.8884735107422,-641.4315795898438,202.81598120465958,106.25852665099472,-46.005393659347476,429.0000008508172,142.99999139909704,0.7137255072593689,0.6431372761726379,0.4313725531101227,calibrated_uv_reprojection_plus_stereo_left
137.4299774169922,-158.8280792236328,-641.155029296875,201.89693145795434,105.21084993805664,-45.779049180287075,429.99999869811177,142.99999856292698,0.7607843279838562,0.6941176652908325,0.5098039507865906,calibrated_uv_reprojection_plus_stereo_left
138.7060089111328,-158.71311950683594,-640.658203125,200.87503817445605,104.29086808033833,-45.40095848860972,430.9999948509055,142.9999982428086,0.7882353067398071,0.7254902124404907,0.5568627715110779,calibrated_uv_reprojection_plus_stereo_left
139.84580993652344,-158.4459686279297,-639.5471801757812,199.56664358474967,103.7273993598107,-44.599788005967014,431.9999949929496,143.00000840276834,0.6980392336845398,0.6235294342041016,0.47058823704719543,calibrated_uv_reprojection_plus_stereo_left
141.1435089111328,-158.36111450195312,-639.1719360351562,198.60449226745965,102.74146028716535,-44.30557911234445,433.0000001247143,142.9999986944388,0.7529411911964417,0.6705882549285889,0.529411792755127,calibrated_uv_reprojection_plus_stereo_left
142.4425048828125,-158.27926635742188,-638.8088989257812,197.6488314033674,101.7496694931175,-44.01982072058371,433.99999405406805,142.9999964472683,0.8941176533699036,0.843137264251709,0.6901960968971252,calibrated_uv_reprojection_plus_stereo_left
143.8896026611328,-158.3618621826172,-639.109619140625,197.00226509707045,100.37184557464377,-44.19127530078083,435.0000025649209,143.00000690728993,0.9725490212440491,0.9490196108818054,0.7921568751335144,calibrated_uv_reprojection_plus_stereo_left
144.86199951171875,-157.92535400390625,-637.3153076171875,195.38420876457138,100.21879057864714,-42.919817969167866,436.000004479674,142.99999434313207,1.0,0.9882352948188782,0.8392156958580017,calibrated_uv_reprojection_plus_stereo_left
146.37033081054688,-158.07571411132812,-637.8895263671875,194.86488799411097,98.68171939404681,-43.27965756228019,437.0000000644468,143.00000671658898,1.0,0.9960784316062927,0.8509804010391235,calibrated_uv_reprojection_plus_stereo_left
147.857177734375,-158.2002410888672,-638.359375,194.29594690331874,97.20377097603404,-43.56755068585932,437.9999946560613,143.00000706525822,1.0,0.9960784316062927,0.8156862854957581,calibrated_uv_reprojection_plus_stereo_left
149.3446044921875,-158.32301330566406,-638.8220825195312,193.72244288451049,95.72808069003116,-43.850467760323795,438.9999953727147,143.0000060535223,1.0,0.9960784316062927,0.7921568751335144,calibrated_uv_reprojection_plus_stereo_left
150.98524475097656,-158.6044158935547,-639.9247436523438,193.4410241270827,93.87110636605138,-44.57392005105379,440.0000040029687,143.00000083737768,1.0,0.9843137264251709,0.7411764860153198,calibrated_uv_reprojection_plus_stereo_left
152.3722686767578,-158.61666870117188,-639.9414672851562,192.6603285973021,92.65558189063398,-44.54966691123627,440.9999923364316,143.00000804616178,1.0,0.9725490212440491,0.7019608020782471,calibrated_uv_reprojection_plus_stereo_left
153.7724151611328,-158.6421661376953,-640.0115356445312,191.90379472019708,91.40796050898615,-44.56211639915779,441.99999658080145,143.0000006206471,1.0,0.9647058844566345,0.6980392336845398,calibrated_uv_reprojection_plus_stereo_left
155.17800903320312,-158.67269897460938,-640.1019287109375,191.15620153580204,90.1477253943487,-44.588545209594486,443.0000050058261,142.9999974806288,1.0,0.929411768913269,0.6705882549285889,calibrated_uv_reprojection_plus_stereo_left
156.59994506835938,-158.71920776367188,-640.2567749023438,190.4375020795265,88.84829727652192,-44.65932212435581,443.9999955583058,142.99999822107725,0.9921568632125854,0.8901960849761963,0.6549019813537598,calibrated_uv_reprojection_plus_stereo_left
157.99806213378906,-158.7408905029297,-640.3114624023438,189.67299725477005,87.60840380852284,-44.66114696301628,444.9999962981934,142.9999995178344,0.9960784316062927,0.8823529481887817,0.6627451181411743,calibrated_uv_reprojection_plus_stereo_left
159.52633666992188,-158.8917694091797,-640.8872680664062,189.14325749095968,86.05332962196923,-45.02156752511962,445.9999936025179,143.0000040839319,0.9725490212440491,0.8470588326454163,0.6431372761726379,calibrated_uv_reprojection_plus_stereo_left
161.5979461669922,-159.5765380859375,-643.6162719726562,189.5804063666124,83.1911231833671,-46.86350216147588,446.99999889272,142.99999737723542,0.9098039269447327,0.7764706015586853,0.5843137502670288,calibrated_uv_reprojection_plus_stereo_left
97.8341064453125,-157.93429565429688,-644.0543212890625,225.17505686640322,139.1716307153651,-49.52382392231226,400.9999979580488,144.00000417186132,1.0,0.9843137264251709,0.686274528503418,calibrated_uv_reprojection_plus_stereo_left
99.20543670654297,-157.9225616455078,-643.9737548828125,224.34568736979043,138.00741280486136,-49.43235764717991,402.00000266390094,143.99999941554776,1.0,0.9803921580314636,0.6823529601097107,calibrated_uv_reprojection_plus_stereo_left
100.58573913574219,-157.92514038085938,-643.9515380859375,223.54570894126624,136.81283664643638,-49.381250112057955,403.00000255427267,143.99999197981185,1.0,0.9764705896377563,0.6627451181411743,calibrated_uv_reprojection_plus_stereo_left
102.06513214111328,-158.08099365234375,-644.5543823242188,223.05883202459376,135.290484167047,-49.762436121673716,404.0000002358696,144.00000361613866,1.0,0.9843137264251709,0.6784313917160034,calibrated_uv_reprojection_plus_stereo_left
103.46113586425781,-158.10516357421875,-644.6201782226562,222.30194275485263,134.04823110521556,-49.772153710352086,405.00000090597075,143.99999960102699,0.95686274766922,0.8823529481887817,0.6039215922355652,calibrated_uv_reprojection_plus_stereo_left
104.86237335205078,-158.13648986816406,-644.7151489257812,221.55931961874148,132.7901489845513,-49.80203358536022,405.9999976090509,143.999997393487,0.7058823704719543,0.615686297416687,0.3450980484485626,calibrated_uv_reprojection_plus_stereo_left
106.25077056884766,-158.14776611328125,-644.7283935546875,220.77568530731656,131.57482663056334,-49.77539380249158,407.00000048845595,144.0000001229272,0.6196078658103943,0.49803921580314636,0.27843138575553894,calibrated_uv_reprojection_plus_stereo_left
107.64066314697266,-158.16085815429688,-644.7490234375,219.99556749762252,130.35534738024182,-49.753851785227596,407.9999991538997,144.00000094496863,0.7137255072593689,0.5921568870544434,0.3803921639919281,calibrated_uv_reprojection_plus_stereo_left
109.00787353515625,-158.14060974121094,-644.6337280273438,219.14800718793532,129.20813580893486,-49.6383343326616,408.99999982143135,143.99999974497575,0.800000011920929,0.6627451181411743,0.4745098054409027,calibrated_uv_reprojection_plus_stereo_left
110.36612701416016,-158.10794067382812,-644.4677734375,218.27560407312865,128.0882936156653,-49.48780113990125,410.00000278339013,143.9999918353052,0.8313725590705872,0.6941176652908325,0.5058823823928833,calibrated_uv_reprojection_plus_stereo_left
111.6998519897461,-158.041259765625,-644.163330078125,217.33526992493836,127.04333270178932,-49.24157448548738,410.9999975478588,144.00000682483454,0.8392156958580017,0.7019608020782471,0.5176470875740051,calibrated_uv_reprojection_plus_stereo_left
113.09918975830078,-158.0678253173828,-644.2388305664062,216.58222228243278,125.79442323158423,-49.25795458572742,411.9999999312647,143.99999910249693,0.8313725590705872,0.6980392336845398,0.5058823823928833,calibrated_uv_reprojection_plus_stereo_left
114.46070098876953,-158.04141235351562,-644.0984497070312,215.72307580574545,124.66186890044872,-49.125134126028684,413.00000288190324,143.99999948619728,0.8039215803146362,0.6823529601097107,0.46666666865348816,calibrated_uv_reprojection_plus_stereo_left
115.79246520996094,-157.97496032714844,-643.794921875,214.78441290928345,123.61825666966223,-48.87958651920286,413.9999981884224,144.0000024681982,0.8470588326454163,0.729411780834198,0.501960813999176,calibrated_uv_reprojection_plus_stereo_left
117.12137603759766,-157.9061279296875,-643.481689453125,213.84164354775044,122.5808767355262,-48.62735757960877,414.9999995323553,144.0000000983061,0.9647058844566345,0.8823529481887817,0.6392157077789307,calibrated_uv_reprojection_plus_stereo_left
118.28230285644531,-157.61495971679688,-642.2625122070312,212.45893197919116,122.03982185227699,-47.749226649225534,415.9999985945696,144.0000014140566,1.0,0.9686274528503418,0.7098039388656616,calibrated_uv_reprojection_plus_stereo_left
119.60631561279297,-157.5452117919922,-641.9456787109375,211.51682008378498,121.00810518714815,-47.4946227609999,416.99999917837386,144.00000433113178,1.0,0.9607843160629272,0.6823529601097107,calibrated_uv_reprojection_plus_stereo_left
120.92227935791016,-157.46649169921875,-641.59228515625,210.55768357619837,119.99752181119464,-47.21478897875676,417.99999637689,144.0000017811164,1.0,0.9411764740943909,0.6509804129600525,calibrated_uv_reprojection_plus_stereo_left
122.28252410888672,-157.4464569091797,-641.47802734375,209.71470794564277,118.85598096504503,-47.10017301254476,418.9999986662947,144.00000024554305,1.0,0.929411768913269,0.6313725709915161,calibrated_uv_reprojection_plus_stereo_left
123.62699127197266,-157.4066925048828,-641.2833862304688,208.83319644889104,117.7592377485916,-46.93004256996966,420.00000112543313,143.99999684526196,1.0,0.9333333373069763,0.6313725709915161,calibrated_uv_reprojection_plus_stereo_left
125.02568817138672,-157.43600463867188,-641.3701782226562,208.08718461372519,116.50652941290997,-46.954298881336,421.00000101812367,143.99999540480383,1.0,0.9450980424880981,0.6392157077789307,calibrated_uv_reprojection_plus_stereo_left
126.4078140258789,-157.44395446777344,-641.3699340820312,207.29915343687918,115.30188086995469,-46.918434310215105,421.9999994927957,143.9999939571358,0.9960784316062927,0.9529411792755127,0.6431372761726379,calibrated_uv_reprojection_plus_stereo_left
127.7978286743164,-157.46136474609375,-641.4082641601562,206.52942705760972,114.07546198253453,-46.909206475089036,422.99999307233094,144.00000011279576,0.9882352948188782,0.9490196108818054,0.6313725709915161,calibrated_uv_reprojection_plus_stereo_left
129.06797790527344,-157.3321990966797,-640.8494873046875,205.47496335263293,113.18413608776513,-46.48767437581904,423.99999859820053,143.9999953766357,0.9764705896377563,0.929411768913269,0.6274510025978088,calibrated_uv_reprojection_plus_stereo_left
130.41212463378906,-157.294921875,-640.6650390625,204.59966063450008,112.08373605141367,-46.32464388812622,425.0000031230854,143.9999930492117,0.9176470637321472,0.8745098114013672,0.5882353186607361,calibrated_uv_reprojection_plus_stereo_left
131.7854766845703,-157.29319763183594,-640.62548828125,203.7933743825397,110.9019243468469,-46.261671082975,425.99999503242236,144.00000552987646,0.8117647171020508,0.7450980544090271,0.501960813999176,calibrated_uv_reprojection_plus_stereo_left
133.12049865722656,-157.2461395263672,-640.4012451171875,202.8997385919838,109.82484965081449,-46.07119427646501,427.00000266141103,144.0000065404034,0.6901960968971252,0.6039215922355652,0.3921568691730499,calibrated_uv_reprojection_plus_stereo_left
134.5946044921875,-157.3625946044922,-640.8428955078125,202.32057281214907,108.36935524455657,-46.34036892951963,427.9999990137587,144.00000482900995,0.6745098233222961,0.5882353186607361,0.4274509847164154,calibrated_uv_reprojection_plus_stereo_left
135.89735412597656,-157.27828979492188,-640.4669799804688,201.35564770767775,107.37899073696343,-46.045211094148044,428.99999712171996,144.0000060449933,0.7529411911964417,0.6627451181411743,0.5411764979362488,calibrated_uv_reprojection_plus_stereo_left
137.17776489257812,-157.1699981689453,-639.993408203125,200.345714205406,106.44581377275188,-45.68269122731351,429.99999823285657,144.00000447449167,0.7607843279838562,0.6823529601097107,0.5529412031173706,calibrated_uv_reprojection_plus_stereo_left
138.45516967773438,-157.0603790283203,-639.5144653320312,199.33431993652755,105.51733051154719,-45.31651129206131,430.99999196212104,144.00000124594936,0.7686274647712708,0.6980392336845398,0.5607843399047852,calibrated_uv_reprojection_plus_stereo_left
139.5284881591797,-156.72357177734375,-638.1105346679688,197.89231057677887,105.12399199887693,-44.31210896892213,432.0000052363492,143.99999454539386,0.8392156958580017,0.7843137383460999,0.6470588445663452,calibrated_uv_reprojection_plus_stereo_left
140.82443237304688,-156.640869140625,-637.7413940429688,196.93526092644646,104.13694854285671,-44.021847087179026,433.00000149158205,144.00000584377437,0.9490196108818054,0.9098039269447327,0.7764706015586853,calibrated_uv_reprojection_plus_stereo_left
142.17001342773438,-156.61439514160156,-637.60107421875,196.08524362586348,103.01824957006846,-43.88947209168202,433.999996807348,143.99999426279638,0.9960784316062927,0.9803921580314636,0.8352941274642944,calibrated_uv_reprojection_plus_stereo_left
143.50856018066406,-156.5806427001953,-637.4312133789062,195.22175377895843,101.91709969347443,-43.736737929214314,435.0000009822828,143.99999708491325,1.0,0.9960784316062927,0.8470588326454163,calibrated_uv_reprojection_plus_stereo_left
144.70481872558594,-156.39369201660156,-636.6376953125,194.07060548198143,101.18084432788913,-43.15381085059579,435.9999975928772,143.99999271732415,1.0,1.0,0.8549019694328308,calibrated_uv_reprojection_plus_stereo_left
146.15753173828125,-156.48472595214844,-636.975830078125,193.44242129722983,99.78397922844113,-43.35152700068738,437.0000002714087,143.99999416666202,1.0,1.0,0.8549019694328308,calibrated_uv_reprojection_plus_stereo_left
147.536865234375,-156.49615478515625,-636.9899291992188,192.66445637558076,98.57622884048436,-43.32571763259767,438.0000038399236,143.9999996240758,1.0,1.0,0.8392156958580017,calibrated_uv_reprojection_plus_stereo_left
149.0152587890625,-156.61141967773438,-637.4266357421875,192.0799178080136,97.11890935229462,-43.59134586825934,439.0000025378563,144.00000307439265,1.0,1.0,0.8274509906768799,calibrated_uv_reprojection_plus_stereo_left
150.16476440429688,-156.38201904296875,-636.46044921875,190.85332757037526,96.49009105701066,-42.889499722839844,440.0000078668849,143.99999099482096,1.0,1.0,0.7960784435272217,calibrated_uv_reprojection_plus_stereo_left
151.67015075683594,-156.52394104003906,-637.0056762695312,190.31756034937217,94.96733597809816,-43.22993356137948,440.9999996365148,144.0000054851307,1.0,0.9882352948188782,0.7686274647712708,calibrated_uv_reprojection_plus_stereo_left
153.10629272460938,-156.5924530029297,-637.2520141601562,189.64454434405712,93.62036791583455,-43.36421506938785,441.9999909786395,144.0000043079487,1.0,0.9725490212440491,0.7215686440467834,calibrated_uv_reprojection_plus_stereo_left
154.5602569580078,-156.67771911621094,-637.5664672851562,189.00165186591386,92.23155396083689,-43.54541839869461,443.0000070268183,143.99999749838187,1.0,0.9686274528503418,0.7019608020782471,calibrated_uv_reprojection_plus_stereo_left
155.86940002441406,-156.6159210205078,-637.282470703125,188.08744275921464,91.20011094632434,-43.314035835314655,444.00000849567544,143.9999911723061,1.0,0.95686274766922,0.7019608020782471,calibrated_uv_reprojection_plus_stereo_left
157.34371948242188,-156.71963500976562,-637.6720581054688,187.47735392836222,89.76454713990177,-43.54699702264628,445.0000021424481,144.00000506021024,1.0,0.9333333373069763,0.686274528503418,calibrated_uv_reprojection_plus_stereo_left
158.86849975585938,-156.871337890625,-638.2567749023438,186.95389639929698,88.20962716123762,-43.9143919312242,445.99999227958114,144.0000051461946,0.9882352948188782,0.886274516582489,0.6549019813537598,calibrated_uv_reprojection_plus_stereo_left
160.3819122314453,-157.0092315673828,-638.7852172851562,186.40364815188218,86.6863478319695,-44.2429283015735,446.99999730328824,144.00000035344897,0.9725490212440491,0.8470588326454163,0.6313725709915161,calibrated_uv_reprojection_plus_stereo_left
162.0038604736328,-157.25006103515625,-639.732421875,186.03913936828548,84.90673138637112,-44.859990575473546,447.9999965251918,144.00000497465663,0.95686274766922,0.843137264251709,0.6352941393852234,calibrated_uv_reprojection_plus_stereo_left
164.04342651367188,-157.8887176513672,-642.2978515625,186.39345501608943,82.13809119894313,-46.59201954224329,449.00000367911235,144.00000056579563,0.9098039269447327,0.8039215803146362,0.6039215922355652,calibrated_uv_reprojection_plus_stereo_left
96.31930541992188,-156.343017578125,-643.2011108398438,224.52504308623065,141.38853616966196,-49.675262449752324,400.0000036872312,144.99999962770815,1.0,0.9764705896377563,0.6745098233222961,calibrated_uv_reprojection_plus_stereo_left
97.69459533691406,-156.34066772460938,-643.158935546875,223.71610348540224,140.20604712925325,-49.61041151545612,401.0000004968546,144.9999982702409,1.0,0.9843137264251709,0.6705882549285889,calibrated_uv_reprojection_plus_stereo_left
99.08688354492188,-156.36508178710938,-643.2268676757812,222.96240723813276,138.96631342310963,-49.62184284612454,402.00000264117995,144.9999989729596,1.0,0.9843137264251709,0.6705882549285889,calibrated_uv_reprojection_plus_stereo_left
100.46749114990234,-156.37054443359375,-643.216796875,222.1693740938481,137.76681549278692,-49.57922106368869,403.0000052223889,144.99999329500272,1.0,0.9803921580314636,0.6666666865348816,calibrated_uv_reprojection_plus_stereo_left
101.89708709716797,-156.4509735107422,-643.51513671875,221.53028767315993,136.40577880875355,-49.750233901316506,403.9999976375287,144.99999855779743,0.9607843160629272,0.9137254953384399,0.6039215922355652,calibrated_uv_reprojection_plus_stereo_left
103.27677917480469,-156.4535369873047,-643.4931030273438,220.73072398864412,135.2116872476101,-49.699298516731744,405.00000518622295,144.99999023345566,0.7137255072593689,0.615686297416687,0.35686275362968445,calibrated_uv_reprojection_plus_stereo_left
104.65716552734375,-156.45697021484375,-643.4747314453125,219.93290864350746,134.0155881130474,-49.65090777134901,406.00000020292674,144.99999734900848,0.5882353186607361,0.48627451062202454,0.239215686917305,calibrated_uv_reprojection_plus_stereo_left
106.04741668701172,-156.47476196289062,-643.515380859375,219.16428186474343,132.78814428499692,-49.64338319502639,407.00000004277456,144.9999998055286,0.6941176652908325,0.5686274766921997,0.3686274588108063,calibrated_uv_reprojection_plus_stereo_left
107.41056823730469,-156.4525146484375,-643.391357421875,218.31398975199113,131.64777674267197,-49.521817932787826,408.0000041451754,145.000000844161,0.8117647171020508,0.686274528503418,0.4901960790157318,calibrated_uv_reprojection_plus_stereo_left
108.77679443359375,-156.4351806640625,-643.2875366210938,217.47386109981744,130.49694322619445,-49.41424867444607,408.9999945468163,145.00000014545083,0.843137264251709,0.7058823704719543,0.5215686559677124,calibrated_uv_reprojection_plus_stereo_left
110.12789916992188,-156.3966827392578,-643.0966796875,216.59102626370054,129.39282757080343,-49.246423507234795,409.99999858612466,144.99999661949278,0.843137264251709,0.7058823704719543,0.5137255191802979,calibrated_uv_reprojection_plus_stereo_left
111.45616149902344,-156.32699584960938,-642.7776489257812,215.64561359755294,128.35801880124376,-48.98988677557077,410.99999753610047,145.00000245318108,0.8274509906768799,0.6901960968971252,0.48235294222831726,calibrated_uv_reprojection_plus_stereo_left
112.88300323486328,-156.39549255371094,-643.0267944335938,214.97908401694497,127.01834013629434,-49.12669423190954,411.9999953283001,145.00000849083676,0.843137264251709,0.7137255072593689,0.4901960790157318,calibrated_uv_reprojection_plus_stereo_left
114.20948028564453,-156.3248748779297,-642.703857421875,214.03240420654555,125.98658217796219,-48.86746865685831,413.0000017643978,144.9999957240567,0.9411764740943909,0.8470588326454163,0.6039215922355652,calibrated_uv_reprojection_plus_stereo_left
115.53170013427734,-156.2500762939453,-642.3638916015625,213.07808519443824,124.96511011288868,-48.596504174656786,413.99999718663355,145.0000062048312,1.0,0.95686274766922,0.7019608020782471,calibrated_uv_reprojection_plus_stereo_left
116.85650634765625,-156.18040466308594,-642.044921875,212.1346937545345,123.93328191825202,-48.34008869451225,415.00000537052705,144.99999730983637,1.0,0.9607843160629272,0.6901960968971252,calibrated_uv_reprojection_plus_stereo_left
118.11298370361328,-156.0220184326172,-641.361328125,211.01521364382614,123.10152094948745,-47.831380990408775,416.0000011863411,144.99999341793608,1.0,0.9372549057006836,0.6549019813537598,calibrated_uv_reprojection_plus_stereo_left
119.4378433227539,-155.95645141601562,-641.0593872070312,210.08181966111158,122.06309256949186,-47.58683966372752,417.0000032342033,144.999999313817,1.0,0.9215686321258545,0.6274510025978088,calibrated_uv_reprojection_plus_stereo_left
120.76002502441406,-155.88885498046875,-640.7490844726562,209.1450292251722,121.03021590496587,-47.3365353842305,417.99999653887863,144.99999701302687,1.0,0.9254902005195618,0.6235294342041016,calibrated_uv_reprojection_plus_stereo_left
122.08606719970703,-155.8275909423828,-640.46484375,208.22140642006775,119.98393233791955,-47.10429184760358,419.0000034188025,144.99999635910547,1.0,0.9333333373069763,0.6274510025978088,calibrated_uv_reprojection_plus_stereo_left
123.41455078125,-155.77069091796875,-640.1986083984375,207.3070023408833,118.92858702285201,-46.88453659205072,419.99999915647663,145.00000380712342,1.0,0.9411764740943909,0.6392157077789307,calibrated_uv_reprojection_plus_stereo_left
124.76860809326172,-155.74688720703125,-640.068359375,206.4582259761542,117.79854382888755,-46.758866246747516,420.9999968445743,145.00000227540505,0.9960784316062927,0.9372549057006836,0.6352941393852234,calibrated_uv_reprojection_plus_stereo_left
126.1413345336914,-155.74655151367188,-640.0345458984375,205.6556818077999,116.61506554555098,-46.69990586416225,422.0000047020985,144.99999838033858,0.9921568632125854,0.9333333373069763,0.6235294342041016,calibrated_uv_reprojection_plus_stereo_left
127.50654602050781,-155.73696899414062,-639.9627685546875,204.8350264101805,115.45277029481525,-46.61469167938276,423.000001179952,145.00000067615088,0.95686274766922,0.9215686321258545,0.6078431606292725,calibrated_uv_reprojection_plus_stereo_left
128.8068389892578,-155.6490478515625,-639.569091796875,203.8615409599709,114.47110259559747,-46.30686229601406,424.0000047494111,145.00000217132038,0.8745098114013672,0.8039215803146362,0.545098066329956,calibrated_uv_reprojection_plus_stereo_left
130.1508331298828,-155.61517333984375,-639.3975219726562,202.99412907746688,113.36575559443526,-46.15266296305151,424.99999223697216,145.00000413624096,0.7411764860153198,0.6431372761726379,0.42352941632270813,calibrated_uv_reprojection_plus_stereo_left
131.48486328125,-155.5701141357422,-639.179931640625,202.10527099233786,112.28681950592295,-45.966645222045486,426.0000031311611,144.9999921501111,0.6823529601097107,0.5843137502670288,0.42352941632270813,calibrated_uv_reprojection_plus_stereo_left
132.7943878173828,-155.49720764160156,-638.8480834960938,201.16297602638411,111.27328552788487,-45.70166501575949,426.99999430423213,145.00000379850667,0.7058823704719543,0.6078431606292725,0.48235294222831726,calibrated_uv_reprojection_plus_stereo_left
134.19808959960938,-155.53485107421875,-638.9703369140625,200.43481394434167,110.00266806673591,-45.750647812536215,428.00000498831014,144.99999957943692,0.686274528503418,0.5882353186607361,0.4745098054409027,calibrated_uv_reprojection_plus_stereo_left
135.49551391601562,-155.44973754882812,-638.5883178710938,199.46983939728494,109.01900834039634,-45.45101491896986,429.0000019703125,145.00000081338607,0.7215686440467834,0.6274510025978088,0.5176470875740051,calibrated_uv_reprojection_plus_stereo_left
136.77444458007812,-155.34524536132812,-638.126708984375,198.4684733812186,108.08213596094816,-45.096400899985326,430.00000151153836,144.99999849784245,0.8039215803146362,0.729411780834198,0.6000000238418579,calibrated_uv_reprojection_plus_stereo_left
138.0266876220703,-155.21273803710938,-637.550048828125,197.414473561475,107.21285815401205,-44.66230891415563,431.0000027919168,144.99999289629943,0.9019607901573181,0.8549019694328308,0.7176470756530762,calibrated_uv_reprojection_plus_stereo_left
139.17855834960938,-154.9709930419922,-636.5248413085938,196.1531500915633,106.60392234350252,-43.91828243216264,431.9999919296127,145.00000145783707,0.9803921580314636,0.9607843160629272,0.8156862854957581,calibrated_uv_reprojection_plus_stereo_left
140.51695251464844,-154.93951416015625,-636.36328125,195.2948364303258,105.49959789541339,-43.77120035297736,433.000006785109,145.00000112310715,1.0,0.9803921580314636,0.8313725590705872,calibrated_uv_reprojection_plus_stereo_left
141.90415954589844,-154.9619140625,-636.4229736328125,194.53918542963441,104.26746384583527,-43.77701604769061,433.99999809447377,144.99999399986632,1.0,0.9921568632125854,0.8392156958580017,calibrated_uv_reprojection_plus_stereo_left
143.2714080810547,-154.96218872070312,-636.391845703125,193.7413416238216,103.08772901803343,-43.72007264101302,435.00000422696155,144.99999654481795,1.0,1.0,0.8509804010391235,calibrated_uv_reprojection_plus_stereo_left
144.46632385253906,-154.77777099609375,-635.602294921875,192.59445863690928,102.35046341002618,-43.13913292163812,435.9999914934288,145.00000380300062,1.0,1.0,0.8549019694328308,calibrated_uv_reprojection_plus_stereo_left
145.86964416503906,-154.81790161132812,-635.73486328125,191.87259066547796,101.07620734605649,-43.195317311773465,436.9999968152377,145.00000621673786,1.0,1.0,0.8549019694328308,calibrated_uv_reprojection_plus_stereo_left
147.2610626220703,-154.84471130371094,-635.8126831054688,191.12522574571148,99.83341919895196,-43.21365757193291,437.99999920528796,145.0000027651882,1.0,1.0,0.8509804010391235,calibrated_uv_reprojection_plus_stereo_left
148.66078186035156,-154.87960815429688,-635.9237060546875,190.39270826772798,98.57060216888999,-43.25491991939913,438.9999963196633,145.00000119705976,1.0,1.0,0.8509804010391235,calibrated_uv_reprojection_plus_stereo_left
149.9234619140625,-154.77232360839844,-635.450927734375,189.39402405141004,97.65219592795205,-42.89293940131694,439.9999997745582,144.9999945018924,1.0,1.0,0.843137264251709,calibrated_uv_reprojection_plus_stereo_left
151.35108947753906,-154.83563232421875,-635.6786499023438,188.71440941780457,96.32008917535268,-43.01480130649463,441.00000066102325,145.00000313196273,1.0,1.0,0.843137264251709,calibrated_uv_reprojection_plus_stereo_left
152.7418975830078,-154.8604278564453,-635.7481689453125,187.9624969659551,95.0810317589731,-43.02737365534739,441.9999981158069,144.99999975906033,1.0,1.0,0.7960784435272217,calibrated_uv_reprojection_plus_stereo_left
154.18214416503906,-154.93438720703125,-636.01953125,187.30143110176243,93.72110589461323,-43.1793129077588,442.99999383631496,145.00000234249825,1.0,0.9882352948188782,0.7647058963775635,calibrated_uv_reprojection_plus_stereo_left
155.60162353515625,-154.9862823486328,-636.2002563476562,186.5987571254558,92.41420479877098,-43.268630547500834,444.00000205831174,144.99999896190863,1.0,0.9725490212440491,0.7215686440467834,calibrated_uv_reprojection_plus_stereo_left
156.99290466308594,-155.00936889648438,-636.2627563476562,185.84242698326807,91.1774446340649,-43.27630601512294,444.99999649320057,145.00000408290612,1.0,0.9686274528503418,0.7058823704719543,calibrated_uv_reprojection_plus_stereo_left
158.4069366455078,-155.05426025390625,-636.4146728515625,185.12587244873623,89.88639081175927,-43.34568859281808,446.0000010370285,144.999996887514,1.0,0.9490196108818054,0.6980392336845398,calibrated_uv_reprojection_plus_stereo_left
159.8676300048828,-155.14358520507812,-636.7490234375,184.4902914337327,88.4843738582972,-43.54099279073142,446.9999985494509,145.00000529339553,0.9960784316062927,0.9137254953384399,0.6666666865348816,calibrated_uv_reprojection_plus_stereo_left
161.26986694335938,-155.1750946044922,-636.845947265625,183.74803322900266,87.22478996847195,-43.57235966552008,448.0000035520853,144.99999409278269,0.9960784316062927,0.9372549057006836,0.6980392336845398,calibrated_uv_reprojection_plus_stereo_left
162.78282165527344,-155.31163024902344,-637.3739624023438,183.19687463302586,85.70259087830999,-43.9012532987519,449.0000003416661,144.9999998469939,1.0,0.9411764740943909,0.7098039388656616,calibrated_uv_reprojection_plus_stereo_left
164.4208984375,-155.564208984375,-638.3780517578125,182.85516110696744,83.88787124885016,-44.55862479657003,450.0000028706581,144.9999940109476,0.9529411792755127,0.8666666746139526,0.6549019813537598,calibrated_uv_reprojection_plus_stereo_left
166.5668182373047,-156.28903198242188,-641.3198852539062,183.36670797784552,80.88379956460096,-46.5530597827447,451.0000086688792,144.99999416396497,0.9058823585510254,0.800000011920929,0.6000000238418579,calibrated_uv_reprojection_plus_stereo_left
94.81484985351562,-154.7661895751953,-642.3919067382812,223.8978247566721,143.57792651267602,-49.85517913228813,398.9999974015749,146.00000239038235,1.0,0.9882352948188782,0.6666666865348816,calibrated_uv_reprojection_plus_stereo_left
96.18679809570312,-154.76141357421875,-642.3397216796875,223.0848998024258,142.40220020260244,-49.78343092871489,399.9999983834566,145.9999933879654,1.0,0.9882352948188782,0.6666666865348816,calibrated_uv_reprojection_plus_stereo_left
97.57209777832031,-154.77781677246094,-642.37548828125,222.3160858688966,141.18102706509438,-49.772723067333175,401.00000392702447,145.99999339230885,1.0,0.9882352948188782,0.6627451181411743,calibrated_uv_reprojection_plus_stereo_left
98.95867156982422,-154.795654296875,-642.417236328125,221.55005716504866,139.95644741667627,-49.76616119328537,402.00000138916323,145.99999991120364,1.0,0.9921568632125854,0.6627451181411743,calibrated_uv_reprojection_plus_stereo_left
100.33277893066406,-154.79367065429688,-642.3766479492188,220.74271927051387,138.7743823149287,-49.70245231741188,403.00000172333347,145.9999938684331,0.9843137264251709,0.9725490212440491,0.6470588445663452,calibrated_uv_reprojection_plus_stereo_left
101.72882843017578,-154.82501220703125,-642.4744262695312,220.00424326740693,137.52000235688547,-49.73474850284771,404.0000002187171,146.00000161540078,0.8235294222831726,0.772549033164978,0.45490196347236633,calibrated_uv_reprojection_plus_stereo_left
103.09870910644531,-154.81613159179688,-642.4052124023438,219.18247760810806,136.35262707713258,-49.65117216714094,404.99999926757687,145.99999590899478,0.5882353186607361,0.46666666865348816,0.20392157137393951,calibrated_uv_reprojection_plus_stereo_left
104.48499298095703,-154.8316650390625,-642.4373779296875,218.4109765145344,135.13198505616026,-49.6379314373944,405.9999999193975,146.00000372442037,0.6745098233222961,0.5529412031173706,0.30588236451148987,calibrated_uv_reprojection_plus_stereo_left
105.85790252685547,-154.8271484375,-642.3862915039062,217.5981424740129,133.95500252644166,-49.56693020376446,406.9999975438002,146.00000186048408,0.772549033164978,0.6470588445663452,0.45098039507865906,calibrated_uv_reprojection_plus_stereo_left
107.19558715820312,-154.7717742919922,-642.1242065429688,216.68128415205945,132.8898448681922,-49.349589122299506,408.0000010821054,146.00000026724734,0.8196078538894653,0.6901960968971252,0.4941176474094391,calibrated_uv_reprojection_plus_stereo_left
108.55428314208984,-154.74766540527344,-641.9918212890625,215.828739765644,131.75650503372515,-49.22221529727233,409.00000263746233,145.99999340070468,0.8235294222831726,0.686274528503418,0.49803921580314636,calibrated_uv_reprojection_plus_stereo_left
109.8987808227539,-154.7040557861328,-641.7786254882812,214.9367446173781,130.66661749652104,-49.03882247470045,410.0000033626723,146.00000030532857,0.8313725590705872,0.6980392336845398,0.49803921580314636,calibrated_uv_reprojection_plus_stereo_left
111.21759796142578,-154.62574768066406,-641.4214477539062,213.97471327455958,129.6544637565205,-48.75560428618115,410.9999980244352,145.99999636051726,0.9137254953384399,0.8039215803146362,0.5803921818733215,calibrated_uv_reprojection_plus_stereo_left
112.64337921142578,-154.6961212158203,-641.6810913085938,213.31449497706996,128.31193633540795,-48.90009277023648,412.0000009410889,146.00000253214125,0.9960784316062927,0.9333333373069763,0.6901960968971252,calibrated_uv_reprojection_plus_stereo_left
113.9769058227539,-154.63955688476562,-641.4141235351562,212.39713947886008,127.2522777870712,-48.6794483691271,412.99999965731615,145.9999968667496,1.0,0.9725490212440491,0.7019608020782471,calibrated_uv_reprojection_plus_stereo_left
115.31097412109375,-154.5849609375,-641.1553955078125,211.48431219215234,126.18898450466588,-48.464546842819686,413.9999972910993,146.00000063851456,1.0,0.9529411792755127,0.6784313917160034,calibrated_uv_reprojection_plus_stereo_left
116.61595153808594,-154.49301147460938,-640.7417602539062,210.49695762115624,125.21060317564843,-48.14229000367601,414.99999919426534,146.00000285138134,1.0,0.929411768913269,0.6470588445663452,calibrated_uv_reprojection_plus_stereo_left
117.9297103881836,-154.41461181640625,-640.3843383789062,209.53766351406722,124.20295390036802,-47.859033936733,416.000001224082,146.00000211361922,1.0,0.9098039269447327,0.6196078658103943,calibrated_uv_reprojection_plus_stereo_left
119.26260375976562,-154.36270141601562,-640.1367797851562,208.63208364923145,123.13638601630396,-47.65195193566228,416.99999967148307,145.99999821105297,1.0,0.9137254953384399,0.6196078658103943,calibrated_uv_reprojection_plus_stereo_left
120.5797119140625,-154.2916717529297,-639.8099975585938,207.68889816088154,122.11403956710569,-47.38999439575633,417.99999917419404,146.0000012295484,0.9803921580314636,0.9215686321258545,0.6313725709915161,calibrated_uv_reprojection_plus_stereo_left
121.91259002685547,-154.2421112060547,-639.5722045898438,206.7890749854567,121.04372818754496,-47.18972507261725,419.0000020808385,145.99999343549462,0.95686274766922,0.886274516582489,0.6039215922355652,calibrated_uv_reprojection_plus_stereo_left
123.15172576904297,-154.07627868652344,-638.8524169921875,205.6591784617837,120.24044410862655,-46.65551664745925,419.9999950144171,146.00000132198716,0.9529411792755127,0.8980392217636108,0.6196078658103943,calibrated_uv_reprojection_plus_stereo_left
124.50459289550781,-154.05471801757812,-638.7308349609375,204.81630261145375,119.10803637000623,-46.53583850275567,421.00000091750957,146.00000366811733,0.9529411792755127,0.9176470637321472,0.6392157077789307,calibrated_uv_reprojection_plus_stereo_left
125.85220336914062,-154.02711486816406,-638.584228515625,203.96170124093732,117.98983342522394,-46.39883465136677,421.9999989616199,146.00000948011908,0.9176470637321472,0.8705882430076599,0.5803921818733215,calibrated_uv_reprojection_plus_stereo_left
127.214599609375,-154.0179443359375,-638.5139770507812,203.1435936963196,116.82937988875722,-46.31472619170188,422.99999342106287,146.0000027028144,0.7764706015586853,0.7098039388656616,0.40392157435417175,calibrated_uv_reprojection_plus_stereo_left
128.55531311035156,-153.98289489746094,-638.3364868164062,202.27476458397916,115.72905915244354,-46.15634358001114,423.99999302260755,146.00000303895374,0.686274528503418,0.5882353186607361,0.3921568691730499,calibrated_uv_reprojection_plus_stereo_left
129.87818908691406,-153.92735290527344,-638.0740356445312,201.36613692435185,114.67694796127773,-45.93912635552499,425.0000008529164,145.9999987809765,0.7333333492279053,0.6235294342041016,0.4941176474094391,calibrated_uv_reprojection_plus_stereo_left
131.19825744628906,-153.86959838867188,-637.802490234375,200.45375116248687,113.6307858197481,-45.71564174450123,425.9999977643567,146.00000423036875,0.7490196228027344,0.6392157077789307,0.545098066329956,calibrated_uv_reprojection_plus_stereo_left
132.46458435058594,-153.75057983398438,-637.2769775390625,199.4226351736296,112.7291018318121,-45.316300610152666,427.0000015904369,145.9999994753304,0.7333333492279053,0.6235294342041016,0.545098066329956,calibrated_uv_reprojection_plus_stereo_left
133.78883361816406,-153.70046997070312,-637.037109375,198.5265094978949,111.66711016349103,-45.114806498814744,427.9999975548678,145.99999341474006,0.7450980544090271,0.6509804129600525,0.545098066329956,calibrated_uv_reprojection_plus_stereo_left
135.11691284179688,-153.65562438964844,-636.8191528320312,197.64107512687377,110.59336339221915,-44.928514254433196,428.999997909619,146.0000006014091,0.8588235378265381,0.7960784435272217,0.6745098233222961,calibrated_uv_reprojection_plus_stereo_left
136.4058074951172,-153.56748962402344,-636.4217529296875,196.67244546176573,109.6227546184167,-44.61799761510588,430.0000031290462,145.9999973164602,0.9686274528503418,0.9333333373069763,0.8039215803146362,calibrated_uv_reprojection_plus_stereo_left
137.6754913330078,-153.45960998535156,-635.942626953125,195.6666873939002,108.70031739271695,-44.250950100911666,430.9999992804841,146.00000500630864,0.9843137264251709,0.9529411792755127,0.8196078538894653,calibrated_uv_reprojection_plus_stereo_left
138.90914916992188,-153.3140106201172,-635.3071899414062,194.58953781544005,107.86937235925268,-43.775741061199085,432.00000252511626,146.00000381747924,0.9725490212440491,0.9490196108818054,0.800000011920929,calibrated_uv_reprojection_plus_stereo_left
140.2647705078125,-153.30447387695312,-635.235595703125,193.77449916959023,106.71534237046001,-43.69087285000978,433.00000330821894,146.0000011271406,0.9921568632125854,0.9725490212440491,0.8156862854957581,calibrated_uv_reprojection_plus_stereo_left
141.61351013183594,-153.28761291503906,-635.1336669921875,192.9455399159845,105.57897417983548,-43.585013916628554,433.999990657494,146.00000021387334,1.0,0.9960784316062927,0.843137264251709,calibrated_uv_reprojection_plus_stereo_left
142.9825897216797,-153.2927703857422,-635.1229858398438,192.15865192478037,104.3897973072402,-43.54231109400132,434.99999881434087,146.00000214070786,1.0,1.0,0.8549019694328308,calibrated_uv_reprojection_plus_stereo_left
144.27964782714844,-153.22128295898438,-634.7947387695312,191.22604187274612,103.38548668321067,-43.27984391414441,436.00000208506407,145.99999999312234,0.9960784316062927,1.0,0.8627451062202454,calibrated_uv_reprojection_plus_stereo_left
145.64622497558594,-153.2241973876953,-634.7747802734375,190.43512268490707,102.20205843185425,-43.230732043902776,436.99999962700406,146.00000304923603,0.9921568632125854,1.0,0.8666666746139526,calibrated_uv_reprojection_plus_stereo_left
147.0528564453125,-153.26873779296875,-634.92724609375,189.72278687156296,100.91742568195582,-43.300915106037166,437.9999947020309,146.00000404362646,0.9921568632125854,1.0,0.8666666746139526,calibrated_uv_reprojection_plus_stereo_left
148.4727325439453,-153.3260498046875,-635.132568359375,189.03399412518644,99.60092445922771,-43.407640035337465,439.0000044971365,146.00000016723675,0.9921568632125854,1.0,0.8666666746139526,calibrated_uv_reprojection_plus_stereo_left
149.67172241210938,-153.15623474121094,-634.3970947265625,187.91776835630873,98.83865806646742,-42.86351349727602,439.999997106215,146.00000074148036,1.0,1.0,0.8666666746139526,calibrated_uv_reprojection_plus_stereo_left
151.0749053955078,-153.1964569091797,-634.5316772460938,187.19687608787427,97.56390875889576,-42.921308016360115,440.99999843362457,146.00000555861206,1.0,1.0,0.8666666746139526,calibrated_uv_reprojection_plus_stereo_left
152.4886474609375,-153.24652099609375,-634.7069702148438,186.49391505701078,96.2643008201461,-43.00723655529987,441.999990286012,146.00000433532284,1.0,1.0,0.8392156958580017,calibrated_uv_reprojection_plus_stereo_left
153.85472106933594,-153.2481231689453,-634.6815185546875,185.7000588520587,95.08341952195394,-42.95429935589033,443.00000179150004,146.00000045556467,1.0,1.0,0.8313725590705872,calibrated_uv_reprojection_plus_stereo_left
155.33828735351562,-153.3656463623047,-635.1361083984375,185.121573775763,93.61556778254482,-43.23333498148014,444.0000037956301,145.99999259479353,1.0,0.9960784316062927,0.7764706015586853,calibrated_uv_reprojection_plus_stereo_left
156.7138214111328,-153.3753204345703,-635.1441040039062,184.34198835629456,92.41358615793143,-43.203501698873026,444.9999936747616,145.99999738492755,1.0,0.9843137264251709,0.7490196228027344,calibrated_uv_reprojection_plus_stereo_left
158.10818481445312,-153.40301513671875,-635.2266845703125,183.5955429083907,91.16651415487883,-43.22522952905604,445.999998522379,145.99999676708265,1.0,0.9725490212440491,0.7215686440467834,calibrated_uv_reprojection_plus_stereo_left
159.61273193359375,-153.53614807128906,-635.745849609375,183.04306887697533,89.65555343920363,-43.5487956465974,447.0000076548115,145.99999803828584,1.0,0.9686274528503418,0.7098039388656616,calibrated_uv_reprojection_plus_stereo_left
161.02313232421875,-153.57717895507812,-635.8836059570312,182.3199327116456,88.37329074916812,-43.6086161383447,448.0000020528714,145.99999844777614,1.0,0.9647058844566345,0.7019608020782471,calibrated_uv_reprojection_plus_stereo_left
162.4999237060547,-153.68023681640625,-636.2781372070312,181.70997869839755,86.93443795310571,-43.84591779280822,449.0000011038505,145.99999624846146,1.0,0.9686274528503418,0.7058823704719543,calibrated_uv_reprojection_plus_stereo_left
163.92784118652344,-153.73565673828125,-636.4754638671875,181.0118849832623,85.61400931749125,-43.946865027246986,449.99999952199727,146.00000543032394,1.0,0.9686274528503418,0.7254902124404907,calibrated_uv_reprojection_plus_stereo_left
165.46368408203125,-153.89048767089844,-637.084228515625,180.49427610752554,84.04131893399762,-44.33214825059946,450.9999992021508,145.99999970616375,1.0,0.9333333373069763,0.6980392336845398,calibrated_uv_reprojection_plus_stereo_left
166.9821319580078,-154.0266571044922,-637.61572265625,179.94112675465362,82.51350302020529,-44.66396145424795,451.99999484170485,146.00000244219882,0.9490196108818054,0.8627451062202454,0.6431372761726379,calibrated_uv_reprojection_plus_stereo_left
168.7664031982422,-154.4037322998047,-639.1443481445312,179.82292466922797,80.37062605116841,-45.68478344095706,453.0000032812165,146.0000010242868,0.8980392217636108,0.7882353067398071,0.5764706134796143,calibrated_uv_reprojection_plus_stereo_left
94.7650146484375,-153.31898498535156,-642.0780639648438,222.73442422623606,144.30799762776257,-50.3420580789458,398.9999986408365,147.00000482221225,1.0,0.9921568632125854,0.6627451181411743,calibrated_uv_reprojection_plus_stereo_left
96.09107208251953,-153.24208068847656,-641.7238159179688,221.77047229005018,143.28813472551434,-50.06035913742721,400.000002897342,146.99999559192446,1.0,0.9921568632125854,0.6627451181411743,calibrated_uv_reprojection_plus_stereo_left
97.47377014160156,-153.25628662109375,-641.751220703125,220.99809482875906,142.072516244521,-50.04397280728034,400.9999958600791,147.00000437989036,1.0,0.9960784316062927,0.658823549747467,calibrated_uv_reprojection_plus_stereo_left
98.8558578491211,-153.26902770996094,-641.7723999023438,220.2224279670075,140.8598095619967,-50.02324051358619,402.0000039046173,146.99999856647008,1.0,0.9960784316062927,0.658823549747467,calibrated_uv_reprojection_plus_stereo_left
100.22787475585938,-153.26593017578125,-641.727294921875,219.41361233575344,139.6813103025479,-49.956442613928175,402.9999979533856,146.99999954563395,0.9921568632125854,0.9843137264251709,0.6509804129600525,calibrated_uv_reprojection_plus_stereo_left
101.57332611083984,-153.22271728515625,-641.5142211914062,218.52141109926333,138.5903952202986,-49.77292443490336,404.0000016565182,146.99999830684655,0.9019607901573181,0.8588235378265381,0.5372549295425415,calibrated_uv_reprojection_plus_stereo_left
102.93062591552734,-153.1981964111328,-641.37939453125,217.66836043167518,137.4591358204397,-49.643789281999204,405.0000031452378,146.99999263633748,0.6941176652908325,0.572549045085907,0.29411765933036804,calibrated_uv_reprojection_plus_stereo_left
104.29638671875,-153.18663024902344,-641.2988891601562,216.8423379276026,136.2996725811891,-49.55241415747906,406.0000018691326,147.00000075374135,0.6941176652908325,0.5686274766921997,0.30588236451148987,calibrated_uv_reprojection_plus_stereo_left
105.65841674804688,-153.16986083984375,-641.1965942382812,216.00566225758632,135.15181820441552,-49.445903788315604,406.9999975723782,147.00000693906588,0.7686274647712708,0.6392157077789307,0.40784314274787903,calibrated_uv_reprojection_plus_stereo_left
106.98202514648438,-153.09844970703125,-640.865478515625,215.05667858156022,134.1252154907154,-49.18043503800976,407.9999976401895,146.99999614440645,0.7960784435272217,0.6666666865348816,0.4431372582912445,calibrated_uv_reprojection_plus_stereo_left
108.31853485107422,-153.0469512939453,-640.6178588867188,214.14929922417087,133.05535145942048,-48.97300863700298,408.9999960008928,147.00000590586907,0.8823529481887817,0.7490196228027344,0.5411764979362488,calibrated_uv_reprojection_plus_stereo_left
109.65794372558594,-153.0006866455078,-640.39208984375,213.25309818117,131.97457144008246,-48.78077092612784,410.00000361216826,147.00000254553308,0.9843137264251709,0.8941176533699036,0.6705882549285889,calibrated_uv_reprojection_plus_stereo_left
110.97472381591797,-152.92430114746094,-640.040283203125,212.29586087316972,130.9618621799881,-48.501022318762125,411.00000099514784,147.0000009899921,0.9960784316062927,0.9607843160629272,0.7098039388656616,calibrated_uv_reprojection_plus_stereo_left
112.42676544189453,-153.03379821777344,-640.4664306640625,211.71787175590248,129.53284319631604,-48.761544653279316,412.0000015048148,146.99999611411772,1.0,0.9450980424880981,0.6823529601097107,calibrated_uv_reprojection_plus_stereo_left
113.7624740600586,-152.98410034179688,-640.2263793945312,210.81539198600314,128.4607725354257,-48.559426693845865,413.0000022547763,147.00000295778244,1.0,0.9254902005195618,0.6431372761726379,calibrated_uv_reprojection_plus_stereo_left
115.10189819335938,-152.94044494628906,-640.0115966796875,209.9256233847347,127.37576706471123,-48.3748701421689,413.9999988932605,147.00000338239641,1.0,0.9137254953384399,0.6235294342041016,calibrated_uv_reprojection_plus_stereo_left
116.42652130126953,-152.87828063964844,-639.7193603515625,208.9988611843259,126.33337048137503,-48.136555546618865,415.0000026808765,147.0000004075129,1.0,0.9098039269447327,0.6117647290229797,calibrated_uv_reprojection_plus_stereo_left
117.73628234863281,-152.79818725585938,-639.3521728515625,208.03659695621064,125.33268238026534,-47.84624142547,415.99999811072445,147.0000052289572,1.0,0.9137254953384399,0.6117647290229797,calibrated_uv_reprojection_plus_stereo_left
119.05902099609375,-152.7364959716797,-639.0619506835938,207.11209398584515,124.2911538674868,-47.609380907788534,417.00000085271074,146.99999916922843,1.0,0.9176470637321472,0.6117647290229797,calibrated_uv_reprojection_plus_stereo_left
120.3863525390625,-152.68194580078125,-638.8016357421875,206.20251567470314,123.23415064637305,-47.39330662177446,418.00000129164584,146.99999405444234,0.8509804010391235,0.7529411911964417,0.4627451002597809,calibrated_uv_reprojection_plus_stereo_left
121.71803283691406,-152.63397216796875,-638.5689086914062,205.30663234045983,122.16277984692135,-47.19640954907413,419.000003021122,146.9999981558364,0.7333333492279053,0.6235294342041016,0.3450980484485626,calibrated_uv_reprojection_plus_stereo_left
122.88024139404297,-152.37684631347656,-637.461181640625,203.99408828769373,121.57475556130282,-46.392283543746316,419.999997867968,146.9999951784248,0.7137255072593689,0.6117647290229797,0.3529411852359772,calibrated_uv_reprojection_plus_stereo_left
124.2087173461914,-152.3291778564453,-637.2298583984375,203.10084755401954,120.50564362150118,-46.196455714661454,420.999994780549,147.00000738753178,0.7333333492279053,0.6313725709915161,0.3843137323856354,calibrated_uv_reprojection_plus_stereo_left
125.55550384521484,-152.3046875,-637.0953979492188,202.25400802932148,119.38340599239496,-46.06784583313669,421.99999805145546,147.00000029852814,0.6549019813537598,0.572549045085907,0.30980393290519714,calibrated_uv_reprojection_plus_stereo_left
126.89813995361328,-152.27565002441406,-636.9419555664062,201.39839457073032,118.27206994475546,-45.92607883394112,423.00000241304565,146.9999983418714,0.6117647290229797,0.5372549295425415,0.27450981736183167,calibrated_uv_reprojection_plus_stereo_left
128.2778778076172,-152.29119873046875,-636.9750366210938,200.63104121861818,117.05685058223065,-45.91373166385159,423.999999902032,147.0000009427042,0.7568627595901489,0.6705882549285889,0.5098039507865906,calibrated_uv_reprojection_plus_stereo_left
129.58407592773438,-152.21994018554688,-636.64501953125,199.6926210009105,116.04500555230993,-45.64948452570712,425.00000745750026,146.99999884638686,0.800000011920929,0.7058823704719543,0.5960784554481506,calibrated_uv_reprojection_plus_stereo_left
130.87013244628906,-152.12669372558594,-636.2230834960938,198.71176147488347,115.08597579333133,-45.32150972531906,426.0000002161259,146.99999850645634,0.7568627595901489,0.658823549747467,0.5686274766921997,calibrated_uv_reprojection_plus_stereo_left
132.14898681640625,-152.02699279785156,-635.774169921875,197.71918674094178,114.14356941064767,-44.9748614172027,427.00000443147985,146.99999426715027,0.7921568751335144,0.7137255072593689,0.6313725709915161,calibrated_uv_reprojection_plus_stereo_left
133.45864868164062,-151.96434020996094,-635.4802856445312,196.799979596127,113.11484996729882,-44.73578621996677,427.9999916432667,147.00000071596173,0.9254902005195618,0.8745098114013672,0.7607843279838562,calibrated_uv_reprojection_plus_stereo_left
134.78102111816406,-151.91717529296875,-635.2511596679688,195.91151896661336,112.05020873654814,-44.54164355763851,429.00000037420904,147.0000021901415,0.9921568632125854,0.9686274528503418,0.843137264251709,calibrated_uv_reprojection_plus_stereo_left
136.08787536621094,-151.8535919189453,-634.953369140625,194.99163181688874,111.02542879088469,-44.299902876326655,429.9999930254125,146.999998062757,0.9882352948188782,0.9647058844566345,0.8313725590705872,calibrated_uv_reprojection_plus_stereo_left
137.39248657226562,-151.78868103027344,-634.6500854492188,194.06979545797208,110.00471418820968,-44.0543844503847,431.0000018670471,146.99999971084065,0.9843137264251709,0.9411764740943909,0.8078431487083435,calibrated_uv_reprojection_plus_stereo_left
138.62493896484375,-151.6460418701172,-634.0218505859375,192.99847845895493,109.17154000696905,-43.58359660756855,432.00000320430036,147.00000129660066,0.9803921580314636,0.9607843160629272,0.8156862854957581,calibrated_uv_reprojection_plus_stereo_left
140.0155029296875,-151.67739868164062,-634.1210327148438,192.26374226537206,107.9215215056505,-43.61716309729621,433.0000039746998,146.99999053210132,0.9960784316062927,0.9882352948188782,0.843137264251709,calibrated_uv_reprojection_plus_stereo_left
141.40953063964844,-151.71176147460938,-634.23291015625,191.53445325570175,106.66362844287539,-43.65953155665369,434.00000180449445,147.00000504241348,0.9960784316062927,1.0,0.8549019694328308,calibrated_uv_reprojection_plus_stereo_left
142.752197265625,-151.6908416748047,-634.113525390625,190.6988112961297,105.53919612309215,-43.54156164068024,435.0000058607079,146.99999349555154,0.9960784316062927,1.0,0.8549019694328308,calibrated_uv_reprojection_plus_stereo_left
144.0978240966797,-151.67335510253906,-634.0086059570312,189.86994850057948,104.40664548949883,-43.43363924845312,435.9999946305385,147.00000070634997,0.9921568632125854,1.0,0.8666666746139526,calibrated_uv_reprojection_plus_stereo_left
145.475341796875,-151.68936157226562,-634.0436401367188,189.10501082579674,103.19260972088881,-43.42271154335242,437.00000083547354,146.99999937889692,0.9921568632125854,1.0,0.8705882430076599,calibrated_uv_reprojection_plus_stereo_left
146.86033630371094,-151.7127227783203,-634.1094360351562,188.3538503778097,101.96026033020468,-43.43309613916176,438.00000105943207,147.00000325246532,0.9921568632125854,1.0,0.8745098114013672,calibrated_uv_reprojection_plus_stereo_left
148.27822875976562,-151.76925659179688,-634.3138427734375,187.66524829560336,100.64606583457214,-43.539514344358224,439.0000030772532,147.00000337899255,0.9921568632125854,1.0,0.8784313797950745,calibrated_uv_reprojection_plus_stereo_left
149.3878936767578,-151.5120849609375,-633.2071533203125,186.3832743308003,100.10343881297734,-42.737464492639674,440.00000285411875,147.0000005490989,1.0,1.0,0.8705882430076599,calibrated_uv_reprojection_plus_stereo_left
150.75616455078125,-151.5194091796875,-633.2059326171875,185.60233855854324,98.91137082614341,-42.7014359339592,440.99999240761645,147.00000174143912,1.0,1.0,0.8705882430076599,calibrated_uv_reprojection_plus_stereo_left
152.19564819335938,-151.59744262695312,-633.5001831054688,184.95412996317856,97.54389472821867,-42.87009537685276,441.9999989536312,147.00000196655185,1.0,1.0,0.8588235378265381,calibrated_uv_reprojection_plus_stereo_left
153.59991455078125,-151.63925170898438,-633.64306640625,184.2371998172756,96.26517980718506,-42.93386648683287,443.00000095488247,147.00000836531942,1.0,1.0,0.8549019694328308,calibrated_uv_reprojection_plus_stereo_left
155.15476989746094,-151.82763671875,-634.3983154296875,183.7936470075174,94.62031002201576,-43.42177034767417,443.9999996363686,147.00000248903362,1.0,1.0,0.8509804010391235,calibrated_uv_reprojection_plus_stereo_left
156.53089904785156,-151.83929443359375,-634.4151000976562,183.01879658841858,93.41448416822823,-43.39812197827018,444.99999901252727,146.99999991155312,1.0,1.0,0.8470588326454163,calibrated_uv_reprojection_plus_stereo_left
157.90579223632812,-151.8494873046875,-634.42578125,182.24106634198085,92.2120790971353,-43.37024218371346,445.99999902126564,147.00000141269084,1.0,0.9960784316062927,0.772549033164978,calibrated_uv_reprojection_plus_stereo_left
159.310791015625,-151.8881378173828,-634.5553588867188,181.51591566451413,90.93782830252331,-43.42469261527947,446.99999873503594,147.00000513721056,1.0,0.9843137264251709,0.7450980544090271,calibrated_uv_reprojection_plus_stereo_left
160.8314666748047,-152.03543090820312,-635.1387329101562,180.9910240599811,89.38867923433304,-43.7933440528376,447.99999468130835,147.00000044367866,1.0,0.9764705896377563,0.7215686440467834,calibrated_uv_reprojection_plus_stereo_left
162.29331970214844,-152.12503051757812,-635.4810180664062,180.35824685967816,87.98327635856094,-43.994996507317694,449.0000004392682,146.999992507004,1.0,0.9686274528503418,0.7137255072593689,calibrated_uv_reprojection_plus_stereo_left
163.76821899414062,-152.22518920898438,-635.867431640625,179.74390694098355,86.54958140303944,-44.2271645555569,449.99999834897784,146.99999522593635,1.0,0.9647058844566345,0.7058823704719543,calibrated_uv_reprojection_plus_stereo_left
165.2320098876953,-152.31336975097656,-636.2037963867188,179.10653618660905,85.14476925515896,-44.42463991572936,451.0000012476952,147.0000027006403,1.0,0.9686274528503418,0.7058823704719543,calibrated_uv_reprojection_plus_stereo_left
166.80868530273438,-152.5032501220703,-636.96484375,178.65393826121738,83.47866008652579,-44.916038590264975,452.0000052015118,147.00000117292913,1.0,0.9647058844566345,0.7058823704719543,calibrated_uv_reprojection_plus_stereo_left
168.1796875,-152.50347900390625,-636.9337768554688,177.8539302136436,82.29566379031559,-44.859083055040685,452.99999089719654,147.000008373919,0.9882352948188782,0.9215686321258545,0.6627451181411743,calibrated_uv_reprojection_plus_stereo_left
169.576416015625,-152.5267791748047,-636.9989624023438,177.09573459249492,81.05331378127778,-44.86872967766226,453.99999571905295,146.9999983990583,0.929411768913269,0.843137264251709,0.6196078658103943,calibrated_uv_reprojection_plus_stereo_left
171.3828125,-152.91514587402344,-638.5888061523438,176.998332540231,78.86907300038325,-45.933517693671035,454.99999390009583,147.0000086556048,0.8901960849761963,0.7764706015586853,0.572549045085907,calibrated_uv_reprojection_plus_stereo_left
93.27267456054688,-151.76095581054688,-641.3222045898438,222.13602465026344,146.46387457988385,-50.55584706070903,397.9999992027383,147.99999395491886,1.0,0.9960784316062927,0.6705882549285889,calibrated_uv_reprojection_plus_stereo_left
94.62206268310547,-151.7238006591797,-641.1332397460938,221.25594107069878,145.36015703258715,-50.38892507826324,399.0000024969971,147.99999312553243,1.0,0.9960784316062927,0.658823549747467,calibrated_uv_reprojection_plus_stereo_left
95.9460220336914,-151.6474151611328,-640.778564453125,220.2933990883077,144.3420257838426,-50.10665670132056,399.9999953506211,147.99999940240616,1.0,0.9960784316062927,0.658823549747467,calibrated_uv_reprojection_plus_stereo_left
97.32218170166016,-151.65438842773438,-640.776123046875,219.50717219291823,143.14359352752365,-50.0696257469358,401.0000001805081,148.00000448018574,1.0,0.9960784316062927,0.658823549747467,calibrated_uv_reprojection_plus_stereo_left
98.68379974365234,-151.63873291015625,-640.6780395507812,218.67328573927506,141.99443569775303,-49.96601096984625,401.99999841513807,148.00000430015723,1.0,0.9960784316062927,0.658823549747467,calibrated_uv_reprojection_plus_stereo_left
100.0452880859375,-151.62319946289062,-640.5804443359375,217.83976453135216,140.84520088487864,-49.86273742106255,403.000000869962,147.99999854837807,1.0,0.9960784316062927,0.6627451181411743,calibrated_uv_reprojection_plus_stereo_left
101.38619232177734,-151.5771942138672,-640.3541870117188,216.94269406182997,139.7631533114996,-49.66993130692816,404.0000007992614,148.0000039251633,0.9843137264251709,0.9725490212440491,0.6470588445663452,calibrated_uv_reprojection_plus_stereo_left
102.74779510498047,-151.56285095214844,-640.2616577148438,216.1120677160563,138.61188208436687,-49.570203834930794,405.0000014896222,148.0000019599329,0.9411764740943909,0.9019607901573181,0.5882353186607361,calibrated_uv_reprojection_plus_stereo_left
104.10567474365234,-151.54336547851562,-640.1474609375,215.27087892275148,137.47215306309914,-49.45540983248179,405.99999397730573,148.0000085687513,0.9215686321258545,0.8470588326454163,0.545098066329956,calibrated_uv_reprojection_plus_stereo_left
105.44867706298828,-151.50289916992188,-639.944580078125,214.3862994314665,136.3793244461216,-49.27890698417116,406.9999989074712,148.00000346876965,0.9254902005195618,0.8313725590705872,0.5607843399047852,calibrated_uv_reprojection_plus_stereo_left
106.74408721923828,-151.3958740234375,-639.4605712890625,213.3643828242769,135.4355651073559,-48.906822921203,408.0000030059956,147.9999958651352,0.9607843160629272,0.8901960849761963,0.6235294342041016,calibrated_uv_reprojection_plus_stereo_left
108.09689331054688,-151.37184143066406,-639.3271484375,212.5148497173471,134.3076098158237,-48.77869240641161,409.0000008863461,147.99999150752768,0.9882352948188782,0.95686274766922,0.6980392336845398,calibrated_uv_reprojection_plus_stereo_left
109.45545959472656,-151.3562469482422,-639.2294921875,211.6829367157489,133.1609576597496,-48.67546685685102,409.9999989935938,148.0000081336688,1.0,0.9686274528503418,0.6980392336845398,calibrated_uv_reprojection_plus_stereo_left
110.8168716430664,-151.34486389160156,-639.1494750976562,210.85974732374393,132.00505974123814,-48.58449800600113,410.99999558916386,147.9999985666373,1.0,0.9686274528503418,0.6784313917160034,calibrated_uv_reprojection_plus_stereo_left
112.24471282958984,-151.42324829101562,-639.4486083984375,210.220493983775,130.64616568621682,-48.75725292833931,411.99999962884397,148.00000052480743,1.0,0.9490196108818054,0.6549019813537598,calibrated_uv_reprojection_plus_stereo_left
113.59953308105469,-151.40232849121094,-639.328369140625,209.37752012437045,129.51141248058138,-48.638303608244314,413.0000024572461,148.0000016346282,1.0,0.9254902005195618,0.6274510025978088,calibrated_uv_reprojection_plus_stereo_left
114.95603942871094,-151.38404846191406,-639.21923828125,208.5400918176947,128.3709339863629,-48.52708183676543,414.00000247854985,147.99999490398574,1.0,0.9411764740943909,0.6352941393852234,calibrated_uv_reprojection_plus_stereo_left
116.28582000732422,-151.33131408691406,-638.9647216796875,207.63282867800905,127.3093977751526,-48.3147803553764,414.9999975570169,148.00000278104943,1.0,0.9215686321258545,0.615686297416687,calibrated_uv_reprojection_plus_stereo_left
117.54908752441406,-151.1941680908203,-638.353759765625,206.5549626152814,126.44224057650905,-47.85465094779238,416.00000016019663,147.9999979968906,1.0,0.9098039269447327,0.6000000238418579,calibrated_uv_reprojection_plus_stereo_left
118.88365936279297,-151.15074157714844,-638.1385498046875,205.66797283824934,125.3614805396594,-47.66973682940727,417.0000014837236,147.99999744969455,1.0,0.929411768913269,0.6196078658103943,calibrated_uv_reprojection_plus_stereo_left
120.19166564941406,-151.07481384277344,-637.7861938476562,204.71588431626554,124.35636594762201,-47.38950243091898,418.0000007548863,148.00000494688845,0.9215686321258545,0.8313725590705872,0.5607843399047852,calibrated_uv_reprojection_plus_stereo_left
121.50817108154297,-151.01107788085938,-637.4852905273438,203.78906023112586,123.32414789118042,-47.14506339996507,419.00000027468013,148.00000470338279,0.7450980544090271,0.6392157077789307,0.3921568691730499,calibrated_uv_reprojection_plus_stereo_left
122.8027572631836,-150.92173767089844,-637.0762939453125,202.81150015191048,122.35239876228218,-46.825512814581145,420.00000252266545,147.99999806685707,0.5215686559677124,0.42352941632270813,0.14901961386203766,calibrated_uv_reprojection_plus_stereo_left
124.10966491699219,-150.84925842285156,-636.738525390625,201.86858330895456,121.34265293903331,-46.555511084838315,420.99999832267343,147.9999951238894,0.501960813999176,0.40784314274787903,0.12156862765550613,calibrated_uv_reprojection_plus_stereo_left
125.42019653320312,-150.78260803222656,-636.4254150390625,200.9380219457534,120.32031423425025,-46.302681379092405,422.0000021343303,147.99999688349396,0.5372549295425415,0.43921568989753723,0.22745098173618317,calibrated_uv_reprojection_plus_stereo_left
126.70134735107422,-150.682373046875,-635.9705810546875,199.94129762751237,119.37782168200374,-45.951393130531414,423.00000194015007,147.999998135907,0.5647059082984924,0.4627451002597809,0.29411765933036804,calibrated_uv_reprojection_plus_stereo_left
128.14353942871094,-150.773681640625,-636.3241577148438,199.32571769570785,117.98558164654122,-46.16188942530704,423.99999770763395,147.99999604289167,0.6352941393852234,0.5490196347236633,0.3960784375667572,calibrated_uv_reprojection_plus_stereo_left
129.418212890625,-150.66793823242188,-635.8461303710938,198.31911528772127,117.0576120481449,-45.79453266059795,425.0000005333403,147.99999946820654,0.6549019813537598,0.5686274766921997,0.42352941632270813,calibrated_uv_reprojection_plus_stereo_left
130.7146453857422,-150.58938598632812,-635.48291015625,197.3672715774892,116.0667418276658,-45.50698928532239,426.0000006112096,148.00000606850793,0.8549019694328308,0.7843137383460999,0.6627451181411743,calibrated_uv_reprojection_plus_stereo_left
131.97048950195312,-150.4661102294922,-634.930908203125,196.32813916164116,115.18348692721327,-45.08832178427156,427.0000060522119,147.9999968968981,0.9803921580314636,0.9450980424880981,0.8352941274642944,calibrated_uv_reprojection_plus_stereo_left
133.07057189941406,-150.16949462890625,-633.6476440429688,194.94997443832096,114.71586037027623,-44.161751506285725,427.9999975267374,148.00000570238612,0.9921568632125854,0.9686274528503418,0.8470588326454163,calibrated_uv_reprojection_plus_stereo_left
134.36289978027344,-150.0935516357422,-633.2955322265625,194.00697953263438,113.72431113337535,-43.88208366863711,429.0000005644095,148.00000348013495,0.9960784316062927,0.9725490212440491,0.8509804010391235,calibrated_uv_reprojection_plus_stereo_left
135.67491149902344,-150.0408172607422,-633.0413818359375,193.1100720619367,112.6781163068693,-43.67048891769639,430.00000312467375,148.0000031651968,0.9882352948188782,0.9647058844566345,0.8313725590705872,calibrated_uv_reprojection_plus_stereo_left
137.0245361328125,-150.03024291992188,-632.965087890625,192.29577968554503,111.53106851448791,-43.58243137615523,431.0000047871795,147.99999693253343,0.9960784316062927,0.9764705896377563,0.8392156958580017,calibrated_uv_reprojection_plus_stereo_left
138.3553466796875,-149.9993896484375,-632.8033447265625,191.44220536983062,110.433130366829,-43.435050815814066,431.999998565041,148.00000794029893,1.0,0.9960784316062927,0.8509804010391235,calibrated_uv_reprojection_plus_stereo_left
139.70437622070312,-149.9886474609375,-632.726318359375,190.62782982956378,109.28687816346394,-43.34649163542355,432.99999480357275,147.99999568899523,1.0,1.0,0.8549019694328308,calibrated_uv_reprojection_plus_stereo_left
141.0774383544922,-150.00355529785156,-632.7576293945312,189.8631107436152,108.07823140473755,-43.33317269318081,433.9999926033029,148.00000713909014,0.9960784316062927,1.0,0.8549019694328308,calibrated_uv_reprojection_plus_stereo_left
142.41688537597656,-149.9827117919922,-632.6380615234375,189.02929844290122,106.95661856010264,-43.215086781550326,434.99999496385186,148.00000651534242,0.9843137264251709,0.9882352948188782,0.8392156958580017,calibrated_uv_reprojection_plus_stereo_left
143.6787109375,-149.8812255859375,-632.1783447265625,188.0407428213714,106.03283469668241,-42.860873123279475,435.99999282387387,148.00000302108486,0.9647058844566345,0.9725490212440491,0.8352941274642944,calibrated_uv_reprojection_plus_stereo_left
145.05764770507812,-149.902587890625,-632.2367553710938,187.28855162705207,104.80868368882795,-42.866358264895666,436.9999991704369,147.99999154138834,0.9843137264251709,0.9960784316062927,0.8627451062202454,calibrated_uv_reprojection_plus_stereo_left
146.43101501464844,-149.91775512695312,-632.2691650390625,186.5243002756,103.59935106146685,-42.85380128439306,437.99999919343986,148.00000401364278,0.9921568632125854,1.0,0.8784313797950745,calibrated_uv_reprojection_plus_stereo_left
147.830810546875,-149.9593963623047,-632.4131469726562,185.81026702081653,102.32427819714349,-42.91866297007721,438.99999826705954,148.0000048245543,0.9921568632125854,1.0,0.8784313797950745,calibrated_uv_reprojection_plus_stereo_left
149.0635223388672,-149.832275390625,-631.8453979492188,184.77511001766243,101.467212399895,-42.48956794380467,439.99999380129503,147.99999888789344,0.9921568632125854,1.0,0.8784313797950745,calibrated_uv_reprojection_plus_stereo_left
150.48788452148438,-149.89825439453125,-632.092041015625,184.10712487912247,100.13144224118577,-42.62567046467518,440.99999381117976,148.00000606606145,0.9921568632125854,1.0,0.8784313797950745,calibrated_uv_reprojection_plus_stereo_left
151.92498779296875,-149.97557067871094,-632.3863525390625,183.45978184537603,98.76631383732018,-42.79480284402115,442.0000041480452,147.9999946139418,1.0,1.0,0.8705882430076599,calibrated_uv_reprojection_plus_stereo_left
153.35548400878906,-150.04498291015625,-632.6473999023438,182.79672797046663,97.41968387700393,-42.940830248233794,442.9999961248668,147.99999997852683,1.0,1.0,0.8745098114013672,calibrated_uv_reprojection_plus_stereo_left
154.64041137695312,-149.971923828125,-632.3077392578125,181.86522949951268,96.42982407950495,-42.6700748394486,443.9999921101791,148.00000655306314,1.0,1.0,0.8588235378265381,calibrated_uv_reprojection_plus_stereo_left
156.11656188964844,-150.0839080810547,-632.7481689453125,181.2811035026291,94.97474554795912,-42.94049711623512,444.99999774987833,148.00000011778002,1.0,1.0,0.8549019694328308,calibrated_uv_reprojection_plus_stereo_left
157.53053283691406,-150.13461303710938,-632.9302368164062,180.58127212355436,93.67274064362971,-43.031654729960735,446.00001068732894,147.99999817457712,1.0,1.0,0.8313725590705872,calibrated_uv_reprojection_plus_stereo_left
158.9608917236328,-150.19989013671875,-633.1737060546875,179.90802032384772,92.33295318818011,-43.16537447844581,447.00000602146696,147.99999525856572,1.0,0.9960784316062927,0.8235294222831726,calibrated_uv_reprojection_plus_stereo_left
159.94985961914062,-149.85044860839844,-631.6690673828125,178.4636962727294,92.04689343465702,-42.086688825847204,448.00000006508816,148.0000093028392,1.0,0.9921568632125854,0.772549033164978,calibrated_uv_reprojection_plus_stereo_left
161.47068786621094,-150.00094604492188,-632.271728515625,177.94901421171187,90.49078493733413,-42.4695291544316,448.9999918007042,147.99999742876912,1.0,0.9803921580314636,0.7490196228027344,calibrated_uv_reprojection_plus_stereo_left
162.882080078125,-150.0480194091797,-632.4384765625,177.24168696574606,89.1968924730312,-42.55003072598652,449.9999937850996,147.99999874454514,1.0,0.9725490212440491,0.7137255072593689,calibrated_uv_reprojection_plus_stereo_left
164.2849884033203,-150.08648681640625,-632.5689697265625,176.51797948505794,87.92427310941434,-42.60537481742034,450.9999963238847,148.00000673603506,1.0,0.9686274528503418,0.7019608020782471,calibrated_uv_reprojection_plus_stereo_left
165.72314453125,-150.15621948242188,-632.8311157226562,175.85121426784383,86.57053885776492,-42.751964780414596,451.99999643514013,147.99999788778916,1.0,0.9647058844566345,0.6901960968971252,calibrated_uv_reprojection_plus_stereo_left
166.9669647216797,-150.05007934570312,-632.3521118164062,174.86163763073773,85.66983143912563,-42.38471483761913,453.0000063516404,147.99999912357023,1.0,0.9647058844566345,0.6901960968971252,calibrated_uv_reprojection_plus_stereo_left
168.29495239257812,-150.0206298828125,-632.1963500976562,174.0131790731337,84.572060751273,-42.24158955386815,454.00000412326295,148.00000374583732,1.0,0.9607843160629272,0.7019608020782471,calibrated_uv_reprojection_plus_stereo_left
169.51702880859375,-149.89794921875,-631.6476440429688,172.9952343185808,83.7169728219759,-41.82609447751702,455.0000088651922,147.99999218479036,0.9764705896377563,0.9098039269447327,0.6549019813537598,calibrated_uv_reprojection_plus_stereo_left
170.83767700195312,-149.86361694335938,-631.4713745117188,172.13895834874768,82.6334498940227,-41.66880434913435,455.9999997791865,148.00000121745248,0.929411768913269,0.8392156958580017,0.6078431606292725,calibrated_uv_reprojection_plus_stereo_left
172.79261779785156,-150.38180541992188,-633.623046875,172.28298904159203,80.10616839791373,-43.12487791452941,456.9999936369825,147.99999663078592,0.8901960849761963,0.7764706015586853,0.5529412031173706,calibrated_uv_reprojection_plus_stereo_left
91.79472351074219,-150.2242431640625,-640.6427001953125,221.5764645447445,148.5766557750132,-50.82105895750823,397.0000015550229,149.00000206080054,1.0,1.0,0.6627451181411743,calibrated_uv_reprojection_plus_stereo_left
93.13743591308594,-150.17864990234375,-640.41650390625,220.67868330950682,147.49284899684505,-50.62805000193123,397.9999989070333,149.0000010836164,1.0,0.9960784316062927,0.658823549747467,calibrated_uv_reprojection_plus_stereo_left
94.48320007324219,-150.1391143798828,-640.2161254882812,219.7942319056345,146.3965213206655,-50.453060878894405,398.99999884807767,148.99999482992598,1.0,0.9960784316062927,0.658823549747467,calibrated_uv_reprojection_plus_stereo_left
95.81957244873047,-150.08587646484375,-639.9573974609375,218.8810786352231,145.33066479384638,-50.23740904986863,399.9999959661977,148.99999911552592,1.0,0.9960784316062927,0.658823549747467,calibrated_uv_reprojection_plus_stereo_left
97.19227600097656,-150.09011840820312,-639.9437866210938,218.09023035568447,144.13955164554494,-50.1926879009726,400.99999733293146,149.00000647211817,1.0,0.9960784316062927,0.658823549747467,calibrated_uv_reprojection_plus_stereo_left
98.55425262451172,-150.07781982421875,-639.8595581054688,217.26430978331308,142.98474268643412,-50.098718066613856,401.9999979305504,148.99999781158667,1.0,0.9960784316062927,0.658823549747467,calibrated_uv_reprojection_plus_stereo_left
99.9227066040039,-150.07546997070312,-639.8177490234375,216.45944696582194,141.8080913912217,-50.034324057593324,403.00000221731665,148.99998941449422,1.0,0.9960784316062927,0.658823549747467,calibrated_uv_reprojection_plus_stereo_left
101.26764678955078,-150.03822326660156,-639.6273193359375,215.58124730206367,140.70869613787232,-49.86634781196079,403.9999967241279,149.00000647602275,1.0,0.9960784316062927,0.6627451181411743,calibrated_uv_reprojection_plus_stereo_left
102.61878967285156,-150.0109405517578,-639.479248046875,214.72424919795276,139.58770842297417,-49.72789570651321,405.00000170587305,149.0000011168864,1.0,0.9921568632125854,0.658823549747467,calibrated_uv_reprojection_plus_stereo_left
103.96891021728516,-149.98280334472656,-639.3275756835938,213.86572750958516,138.46898974113685,-49.58694874086348,405.99999973416993,149.00000112373232,0.9960784316062927,0.9725490212440491,0.6549019813537598,calibrated_uv_reprojection_plus_stereo_left
105.2925796508789,-149.91763305664062,-639.0180053710938,212.93016596863396,137.43360967060812,-49.335965555503435,407.00000418095846,148.99999152924806,0.9921568632125854,0.9607843160629272,0.6666666865348816,calibrated_uv_reprojection_plus_stereo_left
106.5901107788086,-149.81729125976562,-638.5586547851562,211.9220955197942,136.47821135094205,-48.9806488829484,407.9999980588446,148.99999966678126,1.0,0.9725490212440491,0.6784313917160034,calibrated_uv_reprojection_plus_stereo_left
107.94886779785156,-149.80435180664062,-638.4718017578125,211.0964723797984,135.32721457665758,-48.88492660078441,409.00000124811424,148.99999835464547,1.0,0.9803921580314636,0.686274528503418,calibrated_uv_reprojection_plus_stereo_left
109.33857727050781,-149.8340606689453,-638.5667114257812,210.35925699703512,134.07983823352777,-48.91585067368334,410.0000003958663,148.9999968826878,1.0,0.9764705896377563,0.6745098233222961,calibrated_uv_reprojection_plus_stereo_left
110.70515441894531,-149.8316192626953,-638.524658203125,209.55530427269406,132.90492586383465,-48.851346093456925,410.9999966929952,149.0000062949125,1.0,0.9764705896377563,0.6666666865348816,calibrated_uv_reprojection_plus_stereo_left
112.17406463623047,-149.96595764160156,-639.0653686523438,209.03305631027132,131.4182966933862,-49.19280025276902,412.0000024573757,148.99999694732236,1.0,0.9764705896377563,0.6666666865348816,calibrated_uv_reprojection_plus_stereo_left
113.52930450439453,-149.9468231201172,-638.9521484375,208.19404351613008,130.28043881118282,-49.07868822386871,412.99999624817974,149.00000561999747,1.0,0.9490196108818054,0.6431372761726379,calibrated_uv_reprojection_plus_stereo_left
114.84484100341797,-149.87623596191406,-638.61962890625,207.24972249015923,129.26091337965636,-48.81182780521681,413.9999984178185,149.00000281890055,0.9921568632125854,0.9019607901573181,0.6000000238418579,calibrated_uv_reprojection_plus_stereo_left
116.09516143798828,-149.72311401367188,-637.9354858398438,206.13741792974577,128.4324889257146,-48.300105281301,414.99999795779354,149.00000169989391,0.9960784316062927,0.8980392217636108,0.6000000238418579,calibrated_uv_reprojection_plus_stereo_left
117.39103698730469,-149.63153076171875,-637.5135498046875,205.15214061344767,127.46423748469437,-47.97105169294622,416.0000040683512,148.99999283572623,0.9921568632125854,0.9411764740943909,0.6431372761726379,calibrated_uv_reprojection_plus_stereo_left
118.6550521850586,-149.50181579589844,-636.9293212890625,204.09031320407536,126.58573427699628,-47.529041096743356,416.99999657354965,149.00000536190714,0.9686274528503418,0.8980392217636108,0.6000000238418579,calibrated_uv_reprojection_plus_stereo_left
119.94223022460938,-149.40382385253906,-636.4801635742188,203.0941125387609,125.63545687033195,-47.18112416369837,418.0000010423554,148.99999612489734,0.8352941274642944,0.7215686440467834,0.4627451002597809,calibrated_uv_reprojection_plus_stereo_left
121.24042510986328,-149.32150268554688,-636.097900390625,202.13064545629362,124.6500447407962,-46.8798386672737,419.0000001243835,149.0000038288544,0.772549033164978,0.658823549747467,0.42352941632270813,calibrated_uv_reprojection_plus_stereo_left
122.49250030517578,-149.1847686767578,-635.4838256835938,201.05822768576718,123.79333505534953,-46.41719712385742,419.9999999475508,149.00000088338015,0.48235294222831726,0.3764705955982208,0.1725490242242813,calibrated_uv_reprojection_plus_stereo_left
123.79928588867188,-149.11685180664062,-635.1629638671875,200.12569495739228,122.77698752786182,-46.15873814780463,420.99999812193886,149.00000314184825,0.3137255012989044,0.21176470816135406,0.0117647061124444,calibrated_uv_reprojection_plus_stereo_left
125.08406829833984,-149.0241241455078,-634.7363891601562,199.14403754642137,121.82017510728707,-45.82671667086066,421.99999857375155,148.99999440455198,0.29019609093666077,0.1882352977991104,0.003921568859368563,calibrated_uv_reprojection_plus_stereo_left
126.39543914794922,-148.96463012695312,-634.4514770507812,198.22986390851565,120.78610607968739,-45.59334771049407,422.99999646814666,148.99999955569962,0.2705882489681244,0.16862745583057404,0.0,calibrated_uv_reprojection_plus_stereo_left
127.78030395507812,-148.99200439453125,-634.5365600585938,197.4896690048741,119.54670893169032,-45.61751218856256,423.99999841122235,149.00000671503693,0.30980393290519714,0.21960784494876862,0.054901961237192154,calibrated_uv_reprojection_plus_stereo_left
129.0511474609375,-148.88719177246094,-634.05859375,196.48597484062014,118.6216670887614,-45.24981488657727,425.0000014616405,148.9999969009459,0.4431372582912445,0.35686275362968445,0.19607843458652496,calibrated_uv_reprojection_plus_stereo_left
130.32339477539062,-148.7860870361328,-633.5964965820312,195.49073359681478,117.68934587505476,-44.89321237582635,425.99999889836715,148.99999338266662,0.8509804010391235,0.800000011920929,0.6549019813537598,calibrated_uv_reprojection_plus_stereo_left
131.56973266601562,-148.65769958496094,-633.018310546875,194.44252210556886,116.82393667158107,-44.4558857796855,426.99999901586335,148.99999784304413,0.9921568632125854,0.9529411792755127,0.8117647171020508,calibrated_uv_reprojection_plus_stereo_left
132.79727172851562,-148.51084899902344,-632.3615112304688,193.3591689592484,116.0049235970016,-43.96391665154624,427.99999612936534,148.99999367973976,0.9882352948188782,0.95686274766922,0.8274509906768799,calibrated_uv_reprojection_plus_stereo_left
134.1079864501953,-148.4589385986328,-632.1090698242188,192.46431535693563,114.95902845670753,-43.753331652450356,429.00000264337467,149.00000009476798,0.9960784316062927,0.9803921580314636,0.8509804010391235,calibrated_uv_reprojection_plus_stereo_left
135.45578002929688,-148.4486541748047,-632.0338134765625,191.65171484449468,113.81315657898784,-43.66601908351754,429.99999898647064,148.999995750452,1.0,0.9960784316062927,0.8627451062202454,calibrated_uv_reprojection_plus_stereo_left
136.7827911376953,-148.41592407226562,-631.8630981445312,190.79524883457094,112.72185627877803,-43.51232158798217,430.9999943587363,149.00000843203233,1.0,1.0,0.8627451062202454,calibrated_uv_reprojection_plus_stereo_left
138.0670623779297,-148.3378448486328,-631.4992065429688,189.85046028352133,111.74155387162858,-43.22426173835868,432.00000703627546,148.99999870938933,0.9960784316062927,1.0,0.8549019694328308,calibrated_uv_reprojection_plus_stereo_left
139.42100524902344,-148.33534240722656,-631.4571533203125,189.0537187287033,110.57764926066983,-43.16007719275814,433.00000137882404,149.00000275551727,0.9921568632125854,1.0,0.8549019694328308,calibrated_uv_reprojection_plus_stereo_left
140.77392578125,-148.3317413330078,-631.410400390625,188.25482179494486,109.41642797541886,-43.09262101344274,433.9999948874262,149.0000028897684,0.9725490212440491,0.9803921580314636,0.8313725590705872,calibrated_uv_reprojection_plus_stereo_left
142.10877990722656,-148.30926513671875,-631.2833251953125,187.4193561216328,108.3016238958972,-42.96931380141717,434.9999947941569,149.00000661392704,0.9607843160629272,0.9725490212440491,0.8196078538894653,calibrated_uv_reprojection_plus_stereo_left
143.3997802734375,-148.24180603027344,-630.9647216796875,186.49715531820516,107.2981645407852,-42.71283484676263,436.0000061542929,148.99999746272613,0.9686274528503418,0.9843137264251709,0.843137264251709,calibrated_uv_reprojection_plus_stereo_left
144.77101135253906,-148.25770568847656,-631.0009765625,185.7362524641689,106.08928921752295,-42.70310809480702,437.00000538159765,148.999996493455,0.9882352948188782,0.9960784316062927,0.8666666746139526,calibrated_uv_reprojection_plus_stereo_left
146.11996459960938,-148.25064086914062,-630.9395141601562,184.93103177408636,104.93714393912046,-42.62544259231669,437.999995650365,148.99999992140067,0.9921568632125854,1.0,0.8705882430076599,calibrated_uv_reprojection_plus_stereo_left
147.5006866455078,-148.2755584716797,-631.01416015625,184.187113202183,103.7053404090538,-42.642392929116966,438.99999366890063,149.0000033821542,0.9921568632125854,1.0,0.8705882430076599,calibrated_uv_reprojection_plus_stereo_left
148.7331085205078,-148.15223693847656,-630.4578857421875,183.1596390342919,102.84368396168662,-42.2207755807101,439.9999998253238,148.99999289906182,0.9882352948188782,1.0,0.8784313797950745,calibrated_uv_reprojection_plus_stereo_left
150.14068603515625,-148.20396423339844,-630.6466064453125,182.46697042112214,101.54491608541372,-42.31701736678764,440.9999970508921,148.9999938383943,0.9882352948188782,1.0,0.8784313797950745,calibrated_uv_reprojection_plus_stereo_left
151.53329467773438,-148.2400360107422,-630.7687377929688,181.74397481554075,100.28462490852598,-42.36696078655473,441.9999973370021,149.00000335419077,0.9921568632125854,1.0,0.8705882430076599,calibrated_uv_reprojection_plus_stereo_left
152.97134399414062,-148.31947326660156,-631.0752563476562,181.10267388358307,98.91431504872378,-42.54500633957622,443.0000042941375,148.99999397600902,0.9960784316062927,1.0,0.8745098114013672,calibrated_uv_reprojection_plus_stereo_left
154.28836059570312,-148.28111267089844,-630.8806762695312,180.23798354227688,97.84083703421277,-42.37483206024967,443.9999981683453,149.00000581227837,1.0,1.0,0.8588235378265381,calibrated_uv_reprojection_plus_stereo_left
155.6966094970703,-148.33029174804688,-631.0584106445312,179.5385329612074,96.5456725445593,-42.463345642663796,444.99999699892214,148.99999506236628,1.0,1.0,0.8549019694328308,calibrated_uv_reprojection_plus_stereo_left
157.09658813476562,-148.3707275390625,-631.198974609375,178.82210152026124,95.27191341917768,-42.52601558432252,445.99999840593085,148.99999263802715,1.0,1.0,0.8509804010391235,calibrated_uv_reprojection_plus_stereo_left
158.5067596435547,-148.41993713378906,-631.3768920898438,178.12164459561973,93.97501281728205,-42.614619925433544,446.999998700669,148.99999865941885,1.0,1.0,0.8509804010391235,calibrated_uv_reprojection_plus_stereo_left
159.65432739257812,-148.2244415283203,-630.5138549804688,176.9635511119323,93.30444952728965,-41.98010623450506,447.9999996086481,149.00000286185252,1.0,1.0,0.8313725590705872,calibrated_uv_reprojection_plus_stereo_left
161.01869201660156,-148.23175048828125,-630.5135498046875,176.1852246241998,92.11552212378166,-41.944926597335666,449.0000014919665,149.00000848837573,1.0,1.0,0.8274509906768799,calibrated_uv_reprojection_plus_stereo_left
162.41165161132812,-148.26499938964844,-630.6234741210938,175.45492659531072,90.85957460140389,-41.986287795299006,450.0000026124418,148.99999716111705,1.0,0.9882352948188782,0.7607843279838562,calibrated_uv_reprojection_plus_stereo_left
163.7969207763672,-148.29066467285156,-630.701171875,174.7102025993711,89.62263890946872,-42.00525622937403,450.99999967100024,148.9999933613442,1.0,0.9764705896377563,0.7411764860153198,calibrated_uv_reprojection_plus_stereo_left
165.1639404296875,-148.2994384765625,-630.7070922851562,173.93399123341487,88.42902233457613,-41.974375837129344,451.9999980113604,149.0000023414771,1.0,0.9686274528503418,0.7098039388656616,calibrated_uv_reprojection_plus_stereo_left
166.41683959960938,-148.20639038085938,-630.2799072265625,172.9701579774354,87.50023141347185,-41.64274625318569,452.9999968036956,148.9999973663961,1.0,0.9686274528503418,0.6980392336845398,calibrated_uv_reprojection_plus_stereo_left
167.6263427734375,-148.07643127441406,-629.6958618164062,171.93953349731623,86.6691622484692,-41.20225698371934,453.99999705455343,149.0000039031249,1.0,0.9686274528503418,0.686274528503418,calibrated_uv_reprojection_plus_stereo_left
168.84490966796875,-147.95645141601562,-629.1542358398438,170.9285038077507,85.81398991037014,-40.79126876633234,454.9999980117012,148.99999848362768,1.0,0.9725490212440491,0.6823529601097107,calibrated_uv_reprojection_plus_stereo_left
169.92430114746094,-147.71731567382812,-628.1060791015625,169.70126955977742,85.27353099804759,-40.028712061188116,455.9999965203975,149.00000708804674,1.0,0.95686274766922,0.6784313917160034,calibrated_uv_reprojection_plus_stereo_left
171.3189697265625,-147.75381469726562,-628.2299194335938,168.9781085648646,84.01078514008867,-40.07979234052499,456.9999992255582,149.0000042551369,0.9686274528503418,0.9098039269447327,0.6352941393852234,calibrated_uv_reprojection_plus_stereo_left
172.92108154296875,-147.96719360351562,-629.1057739257812,168.575445708548,82.28010247138326,-40.65281738092426,457.99999725451624,149.00000117057286,0.9372549057006836,0.8509804010391235,0.6196078658103943,calibrated_uv_reprojection_plus_stereo_left
175.19937133789062,-148.75128173828125,-632.4078979492188,169.2028906835044,79.03368357337166,-42.9096516325543,459.00000307732495,149.0000021063966,0.886274516582489,0.7686274647712708,0.5607843399047852,calibrated_uv_reprojection_plus_stereo_left
178.26251220703125,-150.18446350097656,-638.4691162109375,170.99267843197958,74.04972947585122,-47.08085886201758,459.99999375454104,148.99999958318577,0.8392156958580017,0.7137255072593689,0.529411792755127,calibrated_uv_reprojection_plus_stereo_left
91.67882537841797,-148.67364501953125,-639.8584594726562,220.18132784579058,149.5410694453073,-50.97627354286777,396.99999644021943,150.00000629118472,1.0,1.0,0.6627451181411743,calibrated_uv_reprojection_plus_stereo_left
93.0111312866211,-148.61447143554688,-639.5721435546875,219.25478810001306,148.48907066242776,-50.741108819125714,398.00000117339266,149.9999911811085,1.0,0.9960784316062927,0.658823549747467,calibrated_uv_reprojection_plus_stereo_left
94.35061645507812,-148.5681915283203,-639.3414306640625,218.35649574001621,147.40964159229412,-50.544817326294776,399.0000017050019,149.99999195207096,1.0,0.9960784316062927,0.658823549747467,calibrated_uv_reprojection_plus_stereo_left
95.69525146484375,-148.53111267089844,-639.1503295898438,217.47831806596656,146.3106339711228,-50.37621048491013,400.0000029224217,149.99999280158357,1.0,0.9960784316062927,0.658823549747467,calibrated_uv_reprojection_plus_stereo_left
97.06320190429688,-148.53065490722656,-639.1168212890625,216.6785528572388,145.13127058709074,-50.31767254913734,400.9999994463046,149.99999375567344,1.0,0.9960784316062927,0.658823549747467,calibrated_uv_reprojection_plus_stereo_left
98.44074249267578,-148.5445556640625,-639.1451416015625,215.90929036844824,143.91999996805168,-50.30231266754339,401.9999975651981,150.00000313685035,1.0,1.0,0.6627451181411743,calibrated_uv_reprojection_plus_stereo_left
99.80132293701172,-148.53273010253906,-639.062744140625,215.0852731830139,142.765686890481,-50.20963538853135,402.99999533639476,150.0000086732252,1.0,1.0,0.6627451181411743,calibrated_uv_reprojection_plus_stereo_left
101.15966796875,-148.51783752441406,-638.967041015625,214.25480715449072,141.61838000416583,-50.107658209774,404.00000472335375,149.99999490359835,1.0,0.9960784316062927,0.6627451181411743,calibrated_uv_reprojection_plus_stereo_left
102.50248718261719,-148.4807586669922,-638.7760009765625,213.3776974494674,140.5209333768401,-49.93914297926068,404.999995778572,149.99999900639276,1.0,0.9960784316062927,0.658823549747467,calibrated_uv_reprojection_plus_stereo_left
103.83478546142578,-148.4294891357422,-638.52392578125,212.47106965520686,139.45590737378802,-49.72803632000705,405.9999988708182,150.00000269478076,1.0,0.9921568632125854,0.658823549747467,calibrated_uv_reprojection_plus_stereo_left
105.12483215332031,-148.31985473632812,-638.020751953125,211.44242344762188,138.52335671198432,-49.34167695774988,406.99999898497384,149.9999972993699,1.0,0.9882352948188782,0.6627451181411743,calibrated_uv_reprojection_plus_stereo_left
106.4616470336914,-148.27806091308594,-637.8094482421875,210.5569533598781,137.43885830798064,-49.1590806365399,408.00000263467433,149.99999412103728,1.0,0.9843137264251709,0.6666666865348816,calibrated_uv_reprojection_plus_stereo_left
107.8366470336914,-148.28973388671875,-637.8281860351562,209.78356709068197,136.23345027075135,-49.137054130377294,409.00000060560626,149.9999998589892,1.0,0.9843137264251709,0.6705882549285889,calibrated_uv_reprojection_plus_stereo_left
109.22399139404297,-148.31777954101562,-637.9172973632812,209.04410039133688,134.99047100136272,-49.164125092656775,410.0000024185222,149.99999896906778,1.0,0.9843137264251709,0.6705882549285889,calibrated_uv_reprojection_plus_stereo_left
110.59105682373047,-148.31784057617188,-637.8860473632812,208.2461545918796,133.81101833039014,-49.10719536966036,411.0000010557229,149.99999953814074,1.0,0.9647058844566345,0.6509804129600525,calibrated_uv_reprojection_plus_stereo_left
112.00261688232422,-148.3767547607422,-638.1078491210938,207.57010203607672,132.49638160592002,-49.226820157885584,412.00000219496377,149.99999161470362,0.9882352948188782,0.9215686321258545,0.6078431606292725,calibrated_uv_reprojection_plus_stereo_left
113.27545166015625,-148.2525634765625,-637.5423583984375,206.51498357946537,131.60258474477524,-48.79715781975352,412.9999983455426,150.00001047323303,0.9882352948188782,0.9215686321258545,0.6039215922355652,calibrated_uv_reprojection_plus_stereo_left
114.5325698852539,-148.11094665527344,-636.9017944335938,205.4251733340859,130.75106620460826,-48.31515655448419,414.0000007690856,149.9999966881789,1.0,0.9607843160629272,0.6549019813537598,calibrated_uv_reprojection_plus_stereo_left
115.76653289794922,-147.94296264648438,-636.1480102539062,204.28266494171913,129.962869027417,-47.754253673937455,415.0000013632184,149.99999978173355,0.9921568632125854,0.9333333373069763,0.6392157077789307,calibrated_uv_reprojection_plus_stereo_left
117.1302490234375,-147.94268798828125,-636.1154174804688,203.4858430966462,128.7868495483894,-47.696470250603625,415.9999978921839,150.00000537867842,0.843137264251709,0.7411764860153198,0.47058823704719543,calibrated_uv_reprojection_plus_stereo_left
118.39510345458984,-147.81890869140625,-635.5517578125,202.43636455844813,127.89929716064557,-47.2682822641317,416.9999949072832,150.00000183593372,0.6784313917160034,0.5647059082984924,0.30980393290519714,calibrated_uv_reprojection_plus_stereo_left
119.6643295288086,-147.70323181152344,-635.0230102539062,201.40470511487666,126.99463732394014,-46.86450171704814,418.0000005990479,150.0000028392123,0.6980392336845398,0.5843137502670288,0.3960784375667572,calibrated_uv_reprojection_plus_stereo_left
120.94791412353516,-147.60760498046875,-634.5805053710938,200.41504522007824,126.04460891811476,-46.52091516147135,418.99999918264746,150.00000345061346,0.8196078538894653,0.7019608020782471,0.5529412031173706,calibrated_uv_reprojection_plus_stereo_left
122.2166748046875,-147.4961395263672,-634.0698852539062,199.39421213209545,125.13344224665462,-46.1298679449377,420.00000015930806,149.99999281416905,0.6274510025978088,0.5254902243614197,0.3333333432674408,calibrated_uv_reprojection_plus_stereo_left
123.52898406982422,-147.43899536132812,-633.79296875,198.48451843498015,124.09530588804114,-45.901836335687335,420.999994401961,150.00000753675704,0.4000000059604645,0.3019607961177826,0.10588235408067703,calibrated_uv_reprojection_plus_stereo_left
124.84437561035156,-147.38665771484375,-633.53662109375,197.58505621648214,123.04663648193196,-45.68815615958948,421.99999892516604,150.00000269104635,0.3490196168422699,0.239215686917305,0.0313725508749485,calibrated_uv_reprojection_plus_stereo_left
126.12220764160156,-147.29150390625,-633.0962524414062,196.59992732052302,122.10080372599867,-45.34621230764384,423.00000116722015,149.99999665464503,0.3333333432674408,0.21176470816135406,0.003921568859368563,calibrated_uv_reprojection_plus_stereo_left
127.42704772949219,-147.2294921875,-632.7984008789062,195.68232592815326,121.07714351054807,-45.10366012479568,424.0000031218009,149.9999961484917,0.3137255012989044,0.20392157137393951,0.05098039284348488,calibrated_uv_reprojection_plus_stereo_left
128.7035675048828,-147.13632202148438,-632.36669921875,194.70297716288684,120.12915936139416,-44.76784452296721,425.0000035427512,150.0000023148977,0.40784314274787903,0.3019607961177826,0.16862745583057404,calibrated_uv_reprojection_plus_stereo_left
129.96766662597656,-147.03097534179688,-631.8826904296875,193.70027537514045,119.21192509409525,-44.395613609660984,425.9999978571856,150.0000058601213,0.8509804010391235,0.800000011920929,0.6509804129600525,calibrated_uv_reprojection_plus_stereo_left
131.20645141601562,-146.8993682861328,-631.2858276367188,192.64634471735206,118.35974045088585,-43.944776274312744,427.0000074886604,150.0000016244749,0.9921568632125854,0.95686274766922,0.8039215803146362,calibrated_uv_reprojection_plus_stereo_left
132.5243682861328,-146.8580780029297,-631.0771484375,191.77317871495893,117.29071266472579,-43.764508313514284,428.000003624034,150.00000091146438,1.0,0.9882352948188782,0.843137264251709,calibrated_uv_reprojection_plus_stereo_left
133.8709716796875,-146.84901428222656,-631.0069580078125,190.96424473514998,116.14392584988337,-43.68075595295039,428.9999983216187,149.99999951098718,1.0,0.9960784316062927,0.8549019694328308,calibrated_uv_reprojection_plus_stereo_left
135.2162322998047,-146.8385772705078,-630.930908203125,190.15266006044106,115.0005452092239,-43.59292806247652,429.9999989201311,150.00000488685328,1.0,1.0,0.8627451062202454,calibrated_uv_reprojection_plus_stereo_left
136.57093811035156,-146.8384246826172,-630.8989868164062,189.3613791047639,113.83211612345048,-43.535839145511034,431.0000090835249,149.99999964898524,1.0,1.0,0.8627451062202454,calibrated_uv_reprojection_plus_stereo_left
137.81600952148438,-146.72149658203125,-630.3654174804688,188.34068707349797,112.9503456048709,-43.12929365726029,431.9999973592204,150.00000479383726,0.9843137264251709,0.9882352948188782,0.8392156958580017,calibrated_uv_reprojection_plus_stereo_left
139.1570587158203,-146.70794677734375,-630.2760009765625,187.52372964433977,111.81572514924613,-43.03218441134118,432.9999930591411,150.0000062684744,0.9803921580314636,0.9843137264251709,0.8352941274642944,calibrated_uv_reprojection_plus_stereo_left
140.51878356933594,-146.71615600585938,-630.280029296875,186.74936521581452,110.62748414482473,-43.000161256330614,434.0000039978769,150.0000019264149,0.9647058844566345,0.9803921580314636,0.8274509906768799,calibrated_uv_reprojection_plus_stereo_left
141.869140625,-146.71238708496094,-630.2326049804688,185.95154071994483,109.46875208220553,-42.932298535501445,435.0000070527614,149.99999876373056,0.9764705896377563,0.9882352948188782,0.8392156958580017,calibrated_uv_reprojection_plus_stereo_left
143.12245178222656,-146.6092071533203,-629.7581787109375,184.9605726110833,108.55726650278393,-42.567070144802756,436.0000056901238,149.99999850535326,0.9882352948188782,1.0,0.8627451062202454,calibrated_uv_reprojection_plus_stereo_left
144.48348999023438,-146.61720275878906,-629.7613525390625,184.18609370356415,107.36995439941603,-42.534470715462476,437.0000006171691,150.0000031042178,0.9921568632125854,1.0,0.8705882430076599,calibrated_uv_reprojection_plus_stereo_left
145.8317413330078,-146.61212158203125,-629.7083129882812,183.3862020554293,106.21519684637485,-42.462719029450795,438.00000277488647,150.00000037453583,0.9882352948188782,1.0,0.8705882430076599,calibrated_uv_reprojection_plus_stereo_left
147.1801300048828,-146.60719299316406,-629.6559448242188,182.58662012464583,105.06006533949034,-42.39143715858029,439.0000062242165,150.0000003360892,0.9882352948188782,1.0,0.8705882430076599,calibrated_uv_reprojection_plus_stereo_left
148.40879821777344,-146.48411560058594,-629.09619140625,181.56004805813672,104.20256399396317,-41.96692320481395,440.00000543212843,150.00000383311834,0.9882352948188782,1.0,0.8784313797950745,calibrated_uv_reprojection_plus_stereo_left
149.7731170654297,-146.49588012695312,-629.1155395507812,180.79311470678857,103.0062287677793,-41.94559493754713,441.00000174776534,150.00000427260142,0.9921568632125854,1.0,0.8823529481887817,calibrated_uv_reprojection_plus_stereo_left
151.18850708007812,-146.55686950683594,-629.3462524414062,180.1200568479432,101.68486323349487,-42.071383936757854,442.00000053644186,150.00000290784536,0.9921568632125854,1.0,0.8705882430076599,calibrated_uv_reprojection_plus_stereo_left
152.60960388183594,-146.6221923828125,-629.5955200195312,179.45454621889428,100.35145327827354,-42.21005338190025,443.00000211284686,149.99999712363388,0.9921568632125854,1.0,0.8705882430076599,calibrated_uv_reprojection_plus_stereo_left
153.95498657226562,-146.6141815185547,-629.5299682617188,178.64899706395613,99.20396925109975,-42.12959730066399,443.9999968948076,150.00000675642866,0.9921568632125854,1.0,0.8705882430076599,calibrated_uv_reprojection_plus_stereo_left
155.32839965820312,-146.63272094726562,-629.5783081054688,177.89375718742957,97.98865884935731,-42.128388717439634,444.9999965752646,149.9999981637841,0.9921568632125854,1.0,0.8705882430076599,calibrated_uv_reprojection_plus_stereo_left
156.7296905517578,-146.67694091796875,-629.7369995117188,177.18681743261402,96.707023936452,-42.20397085996723,445.999993468572,150.0000077277942,1.0,1.0,0.8705882430076599,calibrated_uv_reprojection_plus_stereo_left
158.10089111328125,-146.6924285888672,-629.772216796875,176.42520219172184,95.49864127530549,-42.19360438101984,446.99999941434044,149.9999998092615,1.0,1.0,0.8705882430076599,calibrated_uv_reprojection_plus_stereo_left
159.3665771484375,-146.61050415039062,-629.3892822265625,175.4804200675589,94.54151595464657,-41.89230652449129,448.00000853757916,149.99999884575342,1.0,1.0,0.8509804010391235,calibrated_uv_reprojection_plus_stereo_left
160.68687438964844,-146.57974243164062,-629.2260131835938,174.63232239297912,93.4531143938226,-41.74386609985038,448.9999910418861,149.99999860279576,1.0,1.0,0.8470588326454163,calibrated_uv_reprojection_plus_stereo_left
162.03875732421875,-146.57797241210938,-629.1871948242188,173.83863412472175,92.2897749612311,-41.68200882011189,449.9999981966057,149.9999971358741,1.0,0.9960784316062927,0.8352941274642944,calibrated_uv_reprojection_plus_stereo_left
163.4116668701172,-146.59503173828125,-629.2291870117188,173.07998202063305,91.0773246453976,-41.67635942776849,451.0000052104699,149.99999400266114,1.0,0.9921568632125854,0.8235294222831726,calibrated_uv_reprojection_plus_stereo_left
164.57322692871094,-146.4237060546875,-628.462646484375,171.97134725942647,90.35708461894592,-41.10835209481735,452.00000337209156,149.99999777123935,1.0,0.9843137264251709,0.7529411911964417,calibrated_uv_reprojection_plus_stereo_left
165.90863037109375,-146.4085235595703,-628.3663330078125,171.15359251804603,89.230013948693,-41.006546824560075,452.99999675949346,150.00000316787236,1.0,0.9803921580314636,0.7333333492279053,calibrated_uv_reprojection_plus_stereo_left
167.2197723388672,-146.37228393554688,-628.1796264648438,170.2970765610475,88.15852025444451,-40.84188290575196,453.9999974511043,150.00000378425307,1.0,0.9725490212440491,0.6980392336845398,calibrated_uv_reprojection_plus_stereo_left
168.51683044433594,-146.3243408203125,-627.9426879882812,169.41936488359136,87.11843476552713,-40.64230281990666,454.99999608654235,150.00000078868896,1.0,0.9686274528503418,0.6901960968971252,calibrated_uv_reprojection_plus_stereo_left
169.62789916992188,-146.1168670654297,-627.021240234375,168.24937854730211,86.50121200077393,-39.96680988208061,456.00000149531115,150.0000073113181,1.0,0.9686274528503418,0.6823529601097107,calibrated_uv_reprojection_plus_stereo_left
170.98202514648438,-146.120361328125,-627.0050659179688,167.46759463761327,85.32728788585399,-39.920792191871385,456.9999901488934,149.99999974807838,1.0,0.9725490212440491,0.686274528503418,calibrated_uv_reprojection_plus_stereo_left
172.34811401367188,-146.13385009765625,-627.0317993164062,166.70395281734017,84.12659479044004,-39.904602447636705,458.0000019070504,149.9999968821412,1.0,0.9490196108818054,0.6941176652908325,calibrated_uv_reprojection_plus_stereo_left
173.68133544921875,-146.1194305419922,-626.9387817382812,165.88936901873518,83.00016539805847,-39.80516167667048,459.00000151981493,149.99999389295283,0.9686274528503418,0.9098039269447327,0.6627451181411743,calibrated_uv_reprojection_plus_stereo_left
174.7991180419922,-145.92530822753906,-626.0748291015625,164.7490128296248,82.35518800202829,-39.16987121845881,460.00000140110996,150.00000014746047,0.9411764740943909,0.843137264251709,0.6274510025978088,calibrated_uv_reprojection_plus_stereo_left
176.56845092773438,-146.2738800048828,-627.5391235351562,164.59196153232017,80.25541829543647,-40.15284896009621,460.9999996530801,149.99999228252932,0.8901960849761963,0.7647058963775635,0.5647059082984924,calibrated_uv_reprojection_plus_stereo_left
90.23173522949219,-147.185791015625,-639.3635864257812,219.7159701834596,151.55416928851741,-51.36729920857289,396.00000238928686,150.99999611390282,1.0,1.0,0.6627451181411743,calibrated_uv_reprojection_plus_stereo_left
91.55906677246094,-147.12014770507812,-639.047119140625,218.77511733518128,150.51776944733825,-51.11081157241205,397.000001225897,151.00000473877424,1.0,1.0,0.6627451181411743,calibrated_uv_reprojection_plus_stereo_left
92.89815521240234,-147.074951171875,-638.8193969726562,217.87908022873512,149.43738464143348,-50.91642856179084,398.0000010882357,150.99999790965762,1.0,0.9960784316062927,0.658823549747467,calibrated_uv_reprojection_plus_stereo_left
94.23523712158203,-147.02781677246094,-638.5833129882812,216.97932831674683,148.36193015732186,-50.71622022484729,398.9999984340074,150.99999735875667,1.0,0.9960784316062927,0.658823549747467,calibrated_uv_reprojection_plus_stereo_left
95.56571197509766,-146.97174072265625,-638.3084716796875,216.06084105363288,147.30697002261593,-50.48892897908007,399.9999963776223,151.00000668349062,1.0,0.9960784316062927,0.658823549747467,calibrated_uv_reprojection_plus_stereo_left
96.93800354003906,-146.9805450439453,-638.3153076171875,215.28200147889737,146.10849685954963,-50.458664280982475,401.0000027337753,150.99999729972365,1.0,0.9960784316062927,0.658823549747467,calibrated_uv_reprojection_plus_stereo_left
98.3107681274414,-146.98971557617188,-638.3237915039062,214.50383793470093,144.9089910742265,-50.429553935114484,401.9999952183913,150.99999849253487,1.0,0.9960784316062927,0.658823549747467,calibrated_uv_reprojection_plus_stereo_left
99.683349609375,-146.99822998046875,-638.3294677734375,213.7241413077674,143.71071649700434,-50.398479233808246,402.9999949625501,151.0000076887187,1.0,1.0,0.6509804129600525,calibrated_uv_reprojection_plus_stereo_left
101.05149841308594,-146.99996948242188,-638.3056640625,212.92987291028896,142.52750430569512,-50.34677736141066,403.9999953815319,151.00000733960974,1.0,1.0,0.6509804129600525,calibrated_uv_reprojection_plus_stereo_left
102.38919067382812,-146.9578399658203,-638.0913696289062,212.04242058498437,141.44323529622608,-50.161877472277524,404.9999981260435,151.00000550412625,1.0,1.0,0.6470588445663452,calibrated_uv_reprojection_plus_stereo_left
103.70511627197266,-146.88589477539062,-637.7476196289062,211.09225316635002,140.42713718959521,-49.88648338231667,405.9999984075617,151.00000053479434,1.0,0.9960784316062927,0.6509804129600525,calibrated_uv_reprojection_plus_stereo_left
105.00321197509766,-146.79078674316406,-637.3033447265625,210.09391133398634,139.46478582546513,-49.54084520687235,407.0000001280096,150.99999714580738,1.0,0.9921568632125854,0.658823549747467,calibrated_uv_reprojection_plus_stereo_left
106.35578918457031,-146.773193359375,-637.1956787109375,209.2598471550328,138.32702139918314,-49.43056339056267,408.0000012916732,151.00000234255896,1.0,0.9921568632125854,0.6627451181411743,calibrated_uv_reprojection_plus_stereo_left
107.72702026367188,-146.7813720703125,-637.1998291015625,208.4800510752749,137.1304946911673,-49.39843895039985,409.0000054028998,150.99999573246163,1.0,0.9803921580314636,0.6509804129600525,calibrated_uv_reprojection_plus_stereo_left
109.07194519042969,-146.7538604736328,-637.049072265625,207.62534979016192,136.01577294788672,-49.25804113544177,410.00000180201243,150.99999369622918,0.9764705896377563,0.9215686321258545,0.6117647290229797,calibrated_uv_reprojection_plus_stereo_left
110.40376281738281,-146.70950317382812,-636.8252563476562,206.73571359921738,134.94024727978274,-49.066600922931855,410.9999970539806,151.00000068585032,0.9686274528503418,0.8901960849761963,0.6000000238418579,calibrated_uv_reprojection_plus_stereo_left
111.65536499023438,-146.5608367919922,-636.148681640625,205.62906215954212,134.1067100814014,-48.558775291513484,411.9999966802318,151.0000040679759,0.9921568632125854,0.9333333373069763,0.6392157077789307,calibrated_uv_reprojection_plus_stereo_left
112.84822082519531,-146.33949279785156,-635.1566772460938,204.37285786645293,133.4442527155437,-47.83059814913776,412.9999957759071,150.99999912778065,1.0,0.9686274528503418,0.6705882549285889,calibrated_uv_reprojection_plus_stereo_left
114.05391693115234,-146.1397705078125,-634.2586669921875,203.1638719225191,132.73488574636588,-47.16820777471884,413.99999478349787,151.00000459848894,0.9098039269447327,0.8313725590705872,0.5490196347236633,calibrated_uv_reprojection_plus_stereo_left
115.3104476928711,-146.009033203125,-633.6600952148438,202.09968437420105,131.86740394400755,-46.715114734994074,414.9999954754798,151.00000483864417,0.7058823704719543,0.5921568870544434,0.32549020648002625,calibrated_uv_reprojection_plus_stereo_left
116.80316925048828,-146.1768341064453,-634.3571166992188,201.65271664766,130.3016571039447,-47.16719654874345,415.99999958964185,151.00000273800575,0.658823549747467,0.5333333611488342,0.3921568691730499,calibrated_uv_reprojection_plus_stereo_left
118.08403778076172,-146.07861328125,-633.899658203125,200.65655255171202,129.35932783896942,-46.81272477910102,417.0000004334482,150.99999709349623,0.8313725590705872,0.7019608020782471,0.6274510025978088,calibrated_uv_reprojection_plus_stereo_left
119.3774642944336,-145.9978790283203,-633.5181884765625,199.69731615508255,128.37717941922915,-46.51138458021205,418.0000021747948,151.00000339892495,0.886274516582489,0.7568627595901489,0.7058823704719543,calibrated_uv_reprojection_plus_stereo_left
120.67647552490234,-145.92564392089844,-633.173583984375,198.75629797266043,127.37614793541377,-46.235824195627345,418.9999993511854,151.00000195180138,0.7607843279838562,0.6352941393852234,0.5921568870544434,calibrated_uv_reprojection_plus_stereo_left
121.97856903076172,-145.85861206054688,-632.8515625,197.82663220814902,126.36384485574399,-45.97606545844815,420.0000010828563,150.9999967821534,0.7333333492279053,0.6274510025978088,0.501960813999176,calibrated_uv_reprojection_plus_stereo_left
123.25401306152344,-145.76144409179688,-632.3988647460938,196.83631749789066,125.4244377652654,-45.625086264117385,421.000002018141,150.99999925864924,0.6784313917160034,0.5803921818733215,0.4274509847164154,calibrated_uv_reprojection_plus_stereo_left
124.55291748046875,-145.69375610351562,-632.0740966796875,195.90687015502203,124.41596147774686,-45.36348197679348,421.99999889959076,151.00000081057084,0.5843137502670288,0.47058823704719543,0.25882354378700256,calibrated_uv_reprojection_plus_stereo_left
125.7875747680664,-145.5531005859375,-631.4328002929688,194.83036370838283,123.58377986844573,-44.88089860857184,422.99999613300577,151.00000055139265,0.5568627715110779,0.4313725531101227,0.2235294133424759,calibrated_uv_reprojection_plus_stereo_left
127.09910583496094,-145.50335693359375,-631.1859130859375,193.9389201116491,122.53469584294498,-44.67374293807933,424.000001041808,150.99999690104062,0.6274510025978088,0.5254902243614197,0.3764705955982208,calibrated_uv_reprojection_plus_stereo_left
128.3806915283203,-145.420654296875,-630.796142578125,192.9816195682899,121.56602155164433,-44.36686791513006,424.9999996389287,151.0000042160419,0.843137264251709,0.7529411911964417,0.6117647290229797,calibrated_uv_reprojection_plus_stereo_left
129.66461181640625,-145.34222412109375,-630.4248657226562,192.03373297762778,120.58827678352787,-44.07293162240558,426.0000012885457,150.9999992770051,0.9803921580314636,0.9607843160629272,0.8235294222831726,calibrated_uv_reprojection_plus_stereo_left
130.9158477783203,-145.2290802001953,-629.903076171875,191.01713140877848,119.69622415193771,-43.673974783147685,426.99999659446644,150.99999765728091,1.0,0.9960784316062927,0.8549019694328308,calibrated_uv_reprojection_plus_stereo_left
132.2924041748047,-145.25575256347656,-629.98779296875,190.28104182775945,118.46444339251661,-43.698388954348786,427.99999376875604,151.00000689109999,1.0,1.0,0.8549019694328308,calibrated_uv_reprojection_plus_stereo_left
133.6510772705078,-145.2623748779297,-629.9854125976562,189.5046250619256,117.2813390527129,-43.661987964136244,429.00000659701374,150.99999408037786,1.0,1.0,0.8549019694328308,calibrated_uv_reprojection_plus_stereo_left
135.0076904296875,-145.26657104492188,-629.9725952148438,188.7233108515374,116.104005205085,-43.61830956472903,430.000004422523,150.99999638471638,1.0,1.0,0.8549019694328308,calibrated_uv_reprojection_plus_stereo_left
136.357177734375,-145.2630157470703,-629.9261474609375,187.92654496748264,114.94566232823388,-43.55115892405678,431.00000351503604,150.9999964667657,0.9764705896377563,0.9764705896377563,0.8313725590705872,calibrated_uv_reprojection_plus_stereo_left
137.56814575195312,-145.1133270263672,-629.2460327148438,186.841021283518,114.148879288675,-43.04187986781636,432.0000087146207,150.99999702248195,0.9686274528503418,0.9764705896377563,0.8235294222831726,calibrated_uv_reprojection_plus_stereo_left
138.92555236816406,-145.1194610595703,-629.2416381835938,186.06414369838467,112.96765218600876,-43.00410463406854,432.9999993139014,150.99999862425585,0.9803921580314636,0.9882352948188782,0.8392156958580017,calibrated_uv_reprojection_plus_stereo_left
140.2794952392578,-145.12181091308594,-629.2208251953125,185.2797139532829,111.79568334799171,-42.954869773067344,433.99999590497237,150.99999911693777,0.9843137264251709,0.9960784316062927,0.8470588326454163,calibrated_uv_reprojection_plus_stereo_left
141.62774658203125,-145.1182098388672,-629.1741943359375,184.48354886019297,110.63848600086675,-42.88762052345237,434.9999943272219,150.99999716230698,0.9921568632125854,1.0,0.8549019694328308,calibrated_uv_reprojection_plus_stereo_left
142.85557556152344,-144.99237060546875,-628.5975952148438,183.44849212878574,109.78766158982592,-42.450710919087726,436.00000195690995,150.9999920443131,0.9921568632125854,1.0,0.8705882430076599,calibrated_uv_reprojection_plus_stereo_left
144.19789123535156,-144.98391723632812,-628.530029296875,182.6435498367162,108.6436010597289,-42.36889821806409,437.0000002709427,151.00000287019373,0.9921568632125854,1.0,0.8705882430076599,calibrated_uv_reprojection_plus_stereo_left
145.5364227294922,-144.97178649902344,-628.4464721679688,181.83149382658382,107.5089113267531,-42.27592919307193,438.0000012167606,151.00000481869222,0.9882352948188782,1.0,0.8705882430076599,calibrated_uv_reprojection_plus_stereo_left
146.85398864746094,-144.9391326904297,-628.27392578125,180.9797541261002,106.42631252851425,-42.12090465710361,438.99999374720517,151.0000014939181,0.9882352948188782,1.0,0.8705882430076599,calibrated_uv_reprojection_plus_stereo_left
148.109375,-144.84617614746094,-627.8400268554688,180.0117943488762,105.49723793615806,-41.78365779674675,439.9999955612037,151.0000015015367,0.9921568632125854,1.0,0.8823529481887817,calibrated_uv_reprojection_plus_stereo_left
149.47755432128906,-144.8641357421875,-627.8869018554688,179.25853112753794,104.28713440951987,-41.78166374863173,441.0000017839504,150.99999986970084,0.9882352948188782,1.0,0.8784313797950745,calibrated_uv_reprojection_plus_stereo_left
150.85287475585938,-144.88856506347656,-627.9617919921875,178.51745674312406,103.06015813598594,-41.79918883705653,442.00000882111954,150.99999550601865,0.9882352948188782,1.0,0.8705882430076599,calibrated_uv_reprojection_plus_stereo_left
152.26803588867188,-144.95042419433594,-628.1989135742188,177.84780867690887,101.73680362520037,-41.92979905611617,443.00000588033,150.99999571190978,0.9882352948188782,1.0,0.8705882430076599,calibrated_uv_reprojection_plus_stereo_left
153.6168670654297,-144.94854736328125,-628.1597900390625,177.05566892914464,100.57624816021928,-41.86781576784608,443.99999776167255,150.9999948461786,0.9882352948188782,1.0,0.8705882430076599,calibrated_uv_reprojection_plus_stereo_left
155.046875,-145.0225372314453,-628.449462890625,176.40804746681175,99.21998400692178,-42.03500986791266,445.0000043046058,150.9999995258101,0.9882352948188782,1.0,0.8705882430076599,calibrated_uv_reprojection_plus_stereo_left
156.4510498046875,-145.07125854492188,-628.6295776367188,175.71158095969258,97.92787053537091,-42.12580646010821,445.99999059484685,150.99999897373385,0.9921568632125854,1.0,0.8705882430076599,calibrated_uv_reprojection_plus_stereo_left
157.83384704589844,-145.09939575195312,-628.720458984375,174.97552199166716,96.68830098938963,-42.15438782237584,447.0000036848599,150.9999952649895,0.9921568632125854,1.0,0.8705882430076599,calibrated_uv_reprojection_plus_stereo_left
159.09925842285156,-145.02000427246094,-628.345458984375,174.03602581256655,95.72810468592411,-41.8583108462833,447.99999893824514,150.99999740620837,1.0,1.0,0.8588235378265381,calibrated_uv_reprojection_plus_stereo_left
160.41868591308594,-144.99070739746094,-628.1875,173.19169048427267,94.63833922362835,-41.71349837471496,448.99999853871515,150.99999419107542,1.0,1.0,0.8588235378265381,calibrated_uv_reprojection_plus_stereo_left
161.7363739013672,-144.9602508544922,-628.0245971679688,172.34546627195857,93.55197535741252,-41.56526152340871,450.0000051897875,151.0000029119006,1.0,1.0,0.8392156958580017,calibrated_uv_reprojection_plus_stereo_left
163.06724548339844,-144.94198608398438,-627.9144287109375,171.52234409986482,92.43407017813712,-41.453765566031336,451.00000152247867,150.99999548714032,1.0,1.0,0.8352941274642944,calibrated_uv_reprojection_plus_stereo_left
164.17953491210938,-144.7312469482422,-626.9705200195312,170.3400074529406,91.8235440799777,-40.76147737322077,452.00000638847575,150.99999592463712,1.0,1.0,0.8235294222831726,calibrated_uv_reprojection_plus_stereo_left
165.5725555419922,-144.76934814453125,-627.1046142578125,169.62319287420695,90.55864314269826,-40.820192714570965,453.0000033119743,150.99999638593334,1.0,0.9921568632125854,0.8156862854957581,calibrated_uv_reprojection_plus_stereo_left
166.93911743164062,-144.7838134765625,-627.1363525390625,168.86205796566873,89.35570749925688,-40.807600475800484,453.9999996687417,151.0000039853971,1.0,0.9803921580314636,0.7450980544090271,calibrated_uv_reprojection_plus_stereo_left
168.28009033203125,-144.77598571777344,-627.0714721679688,168.05945239423914,88.21178959048416,-40.727702428656016,454.9999917649871,151.00000260050115,1.0,0.9686274528503418,0.7254902124404907,calibrated_uv_reprojection_plus_stereo_left
169.4996337890625,-144.66456604003906,-626.5579223632812,167.06571216810636,87.3442231193722,-40.335350401301866,455.9999987335549,151.0000007332254,1.0,0.9725490212440491,0.6901960968971252,calibrated_uv_reprojection_plus_stereo_left
170.81773376464844,-144.63829040527344,-626.4132080078125,166.22981315201218,86.25058491320624,-40.1998926330084,457.0000025608401,151.0000056481619,1.0,0.9725490212440491,0.6784313917160034,calibrated_uv_reprojection_plus_stereo_left
172.14988708496094,-144.6241912841797,-626.3211669921875,165.41648032479725,85.12467306315625,-40.101113602695534,458.00000276111365,150.9999987221564,1.0,0.9686274528503418,0.686274528503418,calibrated_uv_reprojection_plus_stereo_left
173.46888732910156,-144.59927368164062,-626.182373046875,164.5835000727027,84.02800221517265,-39.969799435847904,458.9999956113734,151.0000075271866,1.0,0.9686274528503418,0.6941176652908325,calibrated_uv_reprojection_plus_stereo_left
174.6002197265625,-144.41946411132812,-625.3727416992188,163.46824676594258,83.34983705953772,-39.37145507532699,460.0000030276418,150.9999949189616,1.0,0.9450980424880981,0.6941176652908325,calibrated_uv_reprojection_plus_stereo_left
175.84957885742188,-144.33921813964844,-624.994384765625,162.53595938503565,82.4049051287995,-39.07342714355451,460.9999997357285,150.99999685140799,0.9725490212440491,0.9098039269447327,0.6666666865348816,calibrated_uv_reprojection_plus_stereo_left
177.0249786376953,-144.19989013671875,-624.3602294921875,161.49740128760044,81.62164831152461,-38.5973800319523,461.99999682189474,150.9999960020434,0.9490196108818054,0.843137264251709,0.6196078658103943,calibrated_uv_reprojection_plus_stereo_left
178.37428283691406,-144.20318603515625,-624.3436279296875,160.7180649275357,80.45211940306496,-38.551223565371004,463.000003618762,150.99999344609853,0.8823529481887817,0.7568627595901489,0.545098066329956,calibrated_uv_reprojection_plus_stereo_left
90.09586334228516,-145.6063232421875,-638.42578125,218.2478533521575,152.5916856336184,-51.411694450442326,396.00000258833467,152.0000033294371,1.0,0.9960784316062927,0.6666666865348816,calibrated_uv_reprojection_plus_stereo_left
91.41329193115234,-145.5286865234375,-638.05419921875,217.2811795900477,151.58457285381866,-51.11633430053212,396.99999841462625,152.00000045219667,1.0,0.9960784316062927,0.658823549747467,calibrated_uv_reprojection_plus_stereo_left
92.74736022949219,-145.4792938232422,-637.8065185546875,216.37672354675954,150.51597956840527,-50.90783180055308,398.000001180399,152.00000483065287,1.0,0.9960784316062927,0.658823549747467,calibrated_uv_reprojection_plus_stereo_left
94.09406280517578,-145.45077514648438,-637.6503295898438,215.5180243803153,149.40167846535076,-50.7634498788521,398.99999559507984,152.00000269949857,1.0,1.0,0.6509804129600525,calibrated_uv_reprojection_plus_stereo_left
95.44247436523438,-145.425537109375,-637.508544921875,214.66668577401248,148.28042707849613,-50.62917233639905,400.00000083409185,152.00000268309833,1.0,1.0,0.6509804129600525,calibrated_uv_reprojection_plus_stereo_left
96.78632354736328,-145.39405822753906,-637.3394165039062,213.8021219507748,147.17352076613565,-50.47575049489791,400.9999991987114,152.00000331433625,1.0,1.0,0.658823549747467,calibrated_uv_reprojection_plus_stereo_left
98.13349151611328,-145.36825561523438,-637.1951904296875,212.95007737768134,146.0542801386012,-50.33978652654241,401.9999988431138,152.0000055730386,1.0,1.0,0.658823549747467,calibrated_uv_reprojection_plus_stereo_left
99.47891998291016,-145.34051513671875,-637.0424194335938,212.09408922340901,144.93978997150873,-50.19784076471609,403.0000029009114,151.99999773219957,1.0,1.0,0.6470588445663452,calibrated_uv_reprojection_plus_stereo_left
100.79736328125,-145.27452087402344,-636.7220458984375,211.1564743357602,143.91237605781106,-49.938528704016846,404.00000368277404,151.99999814394306,1.0,1.0,0.6431372761726379,calibrated_uv_reprojection_plus_stereo_left
102.1267318725586,-145.22572326660156,-636.4771118164062,210.2562856622123,142.84683864213923,-49.732083359766364,404.9999966345638,152.00000615363354,1.0,1.0,0.6431372761726379,calibrated_uv_reprojection_plus_stereo_left
103.46153259277344,-145.18572998046875,-636.2706909179688,209.37530570648283,141.76195454898442,-49.55261783192924,405.9999999554134,151.99999901960223,1.0,1.0,0.6509804129600525,calibrated_uv_reprojection_plus_stereo_left
104.76795959472656,-145.10736083984375,-635.8961791992188,208.41320571739607,140.76554345803794,-49.255479467233954,407.00000292516216,152.00000298750615,1.0,0.9960784316062927,0.658823549747467,calibrated_uv_reprojection_plus_stereo_left
106.08270263671875,-145.04229736328125,-635.5799560546875,207.48010892871122,139.7397774551767,-48.999182076097384,407.99999824341046,151.999998664538,1.0,0.9921568632125854,0.658823549747467,calibrated_uv_reprojection_plus_stereo_left
107.38436889648438,-144.9611053466797,-635.193115234375,206.5135919341298,138.7521882898601,-48.69347804226442,409.00000349325825,151.9999991720402,0.9607843160629272,0.9372549057006836,0.6078431606292725,calibrated_uv_reprojection_plus_stereo_left
108.6862564086914,-144.8821563720703,-634.816162109375,205.55266764009707,137.7606592737103,-48.39473639814105,409.9999972999471,152.00000407295795,0.9607843160629272,0.9137254953384399,0.5921568870544434,calibrated_uv_reprojection_plus_stereo_left
110.02430725097656,-144.8526611328125,-634.6558837890625,204.69653576838402,136.65544891911605,-48.24769567464563,411.0000014954051,152.00000341562438,1.0,0.9686274528503418,0.658823549747467,calibrated_uv_reprojection_plus_stereo_left
111.1376953125,-144.53164672851562,-633.2183837890625,203.2292848280972,136.23034305743397,-47.20669753263115,411.99999619646206,151.9999966096545,0.95686274766922,0.8980392217636108,0.6078431606292725,calibrated_uv_reprojection_plus_stereo_left
112.39935302734375,-144.4087371826172,-632.6489868164062,202.17991778899864,135.34684800036115,-46.77342431062999,413.0000039759045,152.00000294477343,0.7686274647712708,0.6745098233222961,0.3960784375667572,calibrated_uv_reprojection_plus_stereo_left
113.6734848022461,-144.30453491210938,-632.1614990234375,201.17086159678365,134.4214133412549,-46.39751929811837,414.0000035387046,151.99999343829438,0.6117647290229797,0.5058823823928833,0.29411765933036804,calibrated_uv_reprojection_plus_stereo_left
114.98291778564453,-144.24696350097656,-631.87841796875,200.25996694439613,133.38771290379964,-46.16471057987741,415.000000657582,152.0000000911466,0.6352941393852234,0.5176470875740051,0.3529411852359772,calibrated_uv_reprojection_plus_stereo_left
116.38080596923828,-144.30032348632812,-632.0812377929688,199.57986918851805,132.09267004801433,-46.271913169505694,415.9999985537027,152.00000052669006,0.7960784435272217,0.6705882549285889,0.6274510025978088,calibrated_uv_reprojection_plus_stereo_left
117.69990539550781,-144.25579833984375,-631.8552856445312,198.69653404738398,131.0288788451918,-46.07909551299963,416.999996749493,152.00000089119746,0.800000011920929,0.6666666865348816,0.6745098233222961,calibrated_uv_reprojection_plus_stereo_left
119.0143051147461,-144.2064971923828,-631.6083984375,197.80376790853575,129.9771185950206,-45.871646970504,418.00000286995123,151.9999955351758,0.7058823704719543,0.5843137502670288,0.5254902243614197,calibrated_uv_reprojection_plus_stereo_left
120.33644104003906,-144.16749572753906,-631.4066772460938,196.93272555129533,128.90149303864888,-45.695820684143484,418.9999974877784,151.99999642199663,0.8313725590705872,0.7254902124404907,0.6392157077789307,calibrated_uv_reprojection_plus_stereo_left
121.62499237060547,-144.0894775390625,-631.0341186523438,195.9819539214019,127.91991845713869,-45.40051436758927,419.99999513777504,152.0000006640954,0.9686274528503418,0.9333333373069763,0.8117647171020508,calibrated_uv_reprojection_plus_stereo_left
122.92867279052734,-144.0308074951172,-630.746337890625,195.0716205049402,126.89301317825579,-45.164542096029095,420.9999960661473,152.00000759881823,1.0,0.9725490212440491,0.8392156958580017,calibrated_uv_reprojection_plus_stereo_left
124.24647521972656,-143.9897003173828,-630.535400390625,194.19772453095726,125.82465383291168,-44.98232817197692,422.0000065713373,151.99999960251503,0.9960784316062927,0.9372549057006836,0.8039215803146362,calibrated_uv_reprojection_plus_stereo_left
125.52806091308594,-143.90789794921875,-630.1463012695312,193.24136163352654,124.85541643759893,-44.67554199863616,422.9999992811736,151.99999476138564,1.0,0.9411764740943909,0.8039215803146362,calibrated_uv_reprojection_plus_stereo_left
126.86682891845703,-143.89259338378906,-630.0484619140625,192.42095646176153,123.72590691738992,-44.572469513958595,423.99999522413077,151.99999991614226,1.0,0.9882352948188782,0.8352941274642944,calibrated_uv_reprojection_plus_stereo_left
128.1458282470703,-143.81044006347656,-629.6578979492188,191.4652178708418,122.75948065045196,-44.264719802911884,425.0000060428846,151.9999984251497,1.0,0.9960784316062927,0.8392156958580017,calibrated_uv_reprojection_plus_stereo_left
129.42745971679688,-143.7328643798828,-629.2874145507812,190.5196000802058,121.78314642538481,-43.97104841718374,426.00000158456083,151.99999775623652,1.0,0.9960784316062927,0.8509804010391235,calibrated_uv_reprojection_plus_stereo_left
130.7362823486328,-143.6866912841797,-629.054443359375,189.6380657962511,120.73097176022719,-43.77354814548664,426.9999992479379,151.9999973312517,1.0,0.9960784316062927,0.8549019694328308,calibrated_uv_reprojection_plus_stereo_left
132.00962829589844,-143.602783203125,-628.6563110351562,188.68116809850693,119.77234389580371,-43.46061395377808,427.9999990661592,151.99999944110834,1.0,0.9882352948188782,0.843137264251709,calibrated_uv_reprojection_plus_stereo_left
133.3509521484375,-143.59368896484375,-628.585693359375,187.87506782470325,118.6302809458009,-43.376647048952464,429.0000049641513,151.99999827256872,0.9803921580314636,0.9686274528503418,0.8235294222831726,calibrated_uv_reprojection_plus_stereo_left
134.70706176757812,-143.60047912597656,-628.5845947265625,187.10077447545098,117.44896988547833,-43.341270964909484,430.0000000706367,151.99999463686504,0.9843137264251709,0.9921568632125854,0.8392156958580017,calibrated_uv_reprojection_plus_stereo_left
136.05116271972656,-143.5943603515625,-628.5270385742188,186.30064415899494,116.29953732938759,-43.26643812816286,431.000002420438,151.9999996597214,0.9764705896377563,0.9803921580314636,0.8313725590705872,calibrated_uv_reprojection_plus_stereo_left
137.24269104003906,-143.42884826660156,-627.7717895507812,185.1837183408544,115.54762531354493,-42.70403201396209,432.0000028681123,151.99999663033046,0.9764705896377563,0.9921568632125854,0.8392156958580017,calibrated_uv_reprojection_plus_stereo_left
138.5656280517578,-143.4024658203125,-627.6255493164062,184.3443344437456,114.45026198719592,-42.567265548023215,433.000008405608,151.99999611657503,0.9882352948188782,1.0,0.8509804010391235,calibrated_uv_reprojection_plus_stereo_left
139.8856658935547,-143.37356567382812,-627.4683227539062,183.50024159537355,113.35959322518391,-42.422836783999514,433.9999952173563,151.9999993538035,0.9921568632125854,1.0,0.8627451062202454,calibrated_uv_reprojection_plus_stereo_left
141.2118682861328,-143.35137939453125,-627.3404541015625,182.66963078592505,112.25241664049486,-42.29892673118155,435.0000028860754,151.99999686531578,0.9921568632125854,1.0,0.8666666746139526,calibrated_uv_reprojection_plus_stereo_left
142.61285400390625,-143.4047393798828,-627.543212890625,181.98772894602462,110.95469861679743,-42.40600842363773,436.0000044274782,151.99999893603479,0.9843137264251709,0.9960784316062927,0.8627451062202454,calibrated_uv_reprojection_plus_stereo_left
143.9240264892578,-143.36756896972656,-627.3497924804688,181.12774660055948,109.88547861362031,-42.236308563033504,437.0000012894004,151.99999920347295,0.929411768913269,0.9450980424880981,0.8078431487083435,calibrated_uv_reprojection_plus_stereo_left
145.2620391845703,-143.3574981689453,-627.2749633789062,180.32109619677294,108.74789885896445,-42.1494605862697,438.00000252623886,151.99999949524357,0.9372549057006836,0.9529411792755127,0.8196078538894653,calibrated_uv_reprojection_plus_stereo_left
146.57217407226562,-143.32028198242188,-627.0814208984375,179.46162585916233,107.6796345343974,-41.97970770626438,438.99999361822387,152.00000917128926,0.9882352948188782,1.0,0.8705882430076599,calibrated_uv_reprojection_plus_stereo_left
147.8083038330078,-143.21197509765625,-626.5767211914062,178.46429105325905,106.7938398296518,-41.592645258144046,440.0000036464683,151.99999553541073,0.9882352948188782,1.0,0.8705882430076599,calibrated_uv_reprojection_plus_stereo_left
149.19448852539062,-143.24961853027344,-626.710693359375,177.75101598363284,105.53510488633702,-41.65165171452446,441.0000045846281,151.9999990251421,0.9882352948188782,1.0,0.8705882430076599,calibrated_uv_reprojection_plus_stereo_left
150.58168029785156,-143.28749084472656,-626.8456420898438,177.0377328484368,104.27512136317335,-41.71131952870604,441.99999541968856,152.00000128703198,0.9882352948188782,1.0,0.8705882430076599,calibrated_uv_reprojection_plus_stereo_left
151.98033142089844,-143.33541870117188,-627.0245361328125,176.34335318246957,102.98848525490286,-41.8016475118888,442.9999989085331,151.9999993652114,0.9882352948188782,1.0,0.8705882430076599,calibrated_uv_reprojection_plus_stereo_left
153.40065002441406,-143.40269470214844,-627.2880859375,175.68560638822964,101.6508696739532,-41.95105990117645,443.99999095126515,152.0000047307738,0.9882352948188782,1.0,0.8941176533699036,calibrated_uv_reprojection_plus_stereo_left
154.80714416503906,-143.45591735839844,-627.4900512695312,175.00011334607655,100.34864647499802,-42.05743469657506,444.99999898554273,151.99999603408315,0.9882352948188782,1.0,0.8941176533699036,calibrated_uv_reprojection_plus_stereo_left
156.22442626953125,-143.51805114746094,-627.7310791015625,174.33105780470532,99.02222009276369,-42.191063159087605,445.99999623954824,152.00000610862253,0.9960784316062927,1.0,0.8745098114013672,calibrated_uv_reprojection_plus_stereo_left
157.61900329589844,-143.5583953857422,-627.8766479492188,173.6197227657305,97.75176580186667,-42.25801355416144,446.9999994101066,151.9999940669837,0.9921568632125854,1.0,0.8705882430076599,calibrated_uv_reprojection_plus_stereo_left
159.08558654785156,-143.66299438476562,-628.3033447265625,173.03001160614866,96.31197063326312,-42.5211709950201,447.99999338757425,152.0000043560325,0.9921568632125854,1.0,0.8666666746139526,calibrated_uv_reprojection_plus_stereo_left
160.42294311523438,-143.65005493164062,-628.2158813476562,172.21642756311815,95.17975078084999,-42.42543647003214,448.99999922533897,151.9999994420118,0.9843137264251709,0.9921568632125854,0.8588235378265381,calibrated_uv_reprojection_plus_stereo_left
161.69683837890625,-143.58091735839844,-627.8826904296875,171.29680947967222,94.19601619349896,-42.15823147594074,449.9999983915209,151.9999986130395,0.9960784316062927,0.9960784316062927,0.843137264251709,calibrated_uv_reprojection_plus_stereo_left
162.90135192871094,-143.45175170898438,-627.2870483398438,170.264856769811,93.37226662257473,-41.70792542437442,451.00000443153664,151.9999998763255,1.0,1.0,0.8470588326454163,calibrated_uv_reprojection_plus_stereo_left
164.08201599121094,-143.3038330078125,-626.6094360351562,169.19906747834318,92.60038125728431,-41.20048447382413,452.00000038453686,151.99999691578228,1.0,1.0,0.8509804010391235,calibrated_uv_reprojection_plus_stereo_left
165.39633178710938,-143.27401733398438,-626.4483032226562,168.35597961563798,91.51617911611311,-41.05344897835022,453.0000085058815,151.99999851746358,1.0,1.0,0.8509804010391235,calibrated_uv_reprojection_plus_stereo_left
166.5876007080078,-143.138916015625,-625.8268432617188,167.31664058358888,90.71376040823912,-40.58529327931285,453.9999997387332,151.99999796357673,1.0,0.9960784316062927,0.7843137383460999,calibrated_uv_reprojection_plus_stereo_left
167.8395233154297,-143.05760192871094,-625.4406127929688,166.3788536136546,89.7692879853181,-40.28128976307033,455.0000009992103,152.00000054407877,1.0,0.9725490212440491,0.7450980544090271,calibrated_uv_reprojection_plus_stereo_left
168.96331787109375,-142.8691864013672,-624.586181640625,165.2431572263905,89.11401228194131,-39.650749234010334,455.9999992039548,152.0000005789615,1.0,0.9764705896377563,0.686274528503418,calibrated_uv_reprojection_plus_stereo_left
170.1565704345703,-142.74195861816406,-623.999267578125,164.22268982529954,88.29676090071831,-39.20687238851548,457.00000097958923,151.99999283921142,1.0,0.9764705896377563,0.6745098233222961,calibrated_uv_reprojection_plus_stereo_left
171.35946655273438,-142.6246795654297,-623.4559936523438,163.22196458875567,87.45456651986342,-38.79350146312862,457.99999210624355,152.0000018242325,1.0,0.9529411792755127,0.6549019813537598,calibrated_uv_reprojection_plus_stereo_left
172.61375427246094,-142.55160522460938,-623.1058959960938,162.30375272051248,86.49432580461371,-38.514883122591584,459.00000219044404,151.99999462912035,1.0,0.9607843160629272,0.6627451181411743,calibrated_uv_reprojection_plus_stereo_left
173.46066284179688,-142.14576721191406,-621.3013916015625,160.77608989244845,86.4406069368074,-37.22216661819891,460.00000237130615,151.99999284823292,1.0,0.9647058844566345,0.6823529601097107,calibrated_uv_reprojection_plus_stereo_left
174.58888244628906,-141.97483825683594,-620.5238037109375,159.68234398169903,85.75233790658285,-36.6456451956775,461.0000013421686,151.99999725671313,1.0,0.9647058844566345,0.686274528503418,calibrated_uv_reprojection_plus_stereo_left
175.7235870361328,-141.8116912841797,-619.7802734375,158.60461618883056,85.04550046381127,-36.092945833500664,461.999996442786,151.99999737366534,0.9960784316062927,0.9450980424880981,0.6784313917160034,calibrated_uv_reprojection_plus_stereo_left
176.9481964111328,-141.72293090820312,-619.3619384765625,157.6638239483936,84.13700583886799,-35.76702760698424,463.0000044841593,152.00000449087383,0.9725490212440491,0.9137254953384399,0.6509804129600525,calibrated_uv_reprojection_plus_stereo_left
178.1776885986328,-141.63934326171875,-618.9661865234375,156.7333276489873,83.21568706168284,-35.45688556528154,464.00000581789607,152.00000152829102,0.9686274528503418,0.9098039269447327,0.6666666865348816,calibrated_uv_reprojection_plus_stereo_left
179.98756408691406,-142.01487731933594,-620.5767822265625,156.63305133560885,81.02779480575936,-36.545228019009414,464.99999842500705,152.00000589423962,0.9686274528503418,0.8705882430076599,0.6352941393852234,calibrated_uv_reprojection_plus_stereo_left
182.87249755859375,-143.22682189941406,-625.8419189453125,158.0348260587519,76.51724433185416,-40.180421955536644,465.99998945686184,151.99999932944036,0.9098039269447327,0.7803921699523926,0.572549045085907,calibrated_uv_reprojection_plus_stereo_left
186.89385986328125,-145.30447387695312,-634.88916015625,160.97746153199557,69.58219216598434,-46.45076940425088,466.99999852952294,151.99999808416914,0.8509804010391235,0.7137255072593689,0.5254902243614197,calibrated_uv_reprojection_plus_stereo_left
89.96662902832031,-144.04147338867188,-637.5349731445312,216.8060165381449,153.60398720156246,-51.48702231652766,395.9999992700754,153.00000165407,1.0,0.9882352948188782,0.6784313917160034,calibrated_uv_reprojection_plus_stereo_left
91.30388641357422,-143.998779296875,-637.3150634765625,215.91608654121143,152.52193177023025,-51.29781118207637,396.99999596144545,153.00000412902534,1.0,1.0,0.6666666865348816,calibrated_uv_reprojection_plus_stereo_left
92.63473510742188,-143.94725036621094,-637.0560913085938,215.00726001036656,151.46024127854218,-51.08120712476409,397.9999980481564,153.0000100375588,1.0,1.0,0.658823549747467,calibrated_uv_reprojection_plus_stereo_left
93.94951629638672,-143.8725128173828,-636.6943359375,214.0482831322093,150.45142894772488,-50.79248771786115,399.00000222843903,153.00000000101923,1.0,1.0,0.6470588445663452,calibrated_uv_reprojection_plus_stereo_left
95.30175018310547,-143.85633850097656,-636.591796875,213.21756993238694,149.31191416035574,-50.68569497701782,400.00000062299426,152.99999530528612,1.0,1.0,0.6470588445663452,calibrated_uv_reprojection_plus_stereo_left
96.63031768798828,-143.80528259277344,-636.3349609375,212.31128075560048,148.25140176379625,-50.470654306272024,400.99999649664426,152.99999858655002,1.0,1.0,0.6509804129600525,calibrated_uv_reprojection_plus_stereo_left
97.94435119628906,-143.73419189453125,-635.989501953125,211.36212357448056,147.23708353284132,-50.193461058743765,401.99999936517213,153.0000028814527,1.0,1.0,0.6549019813537598,calibrated_uv_reprojection_plus_stereo_left
99.25959777832031,-143.6667022705078,-635.6599731445312,210.42147555716372,146.215678386543,-49.927471954382895,403.00000366581776,153.0000018944243,1.0,1.0,0.658823549747467,calibrated_uv_reprojection_plus_stereo_left
100.59782409667969,-143.63375854492188,-635.4833374023438,209.55597314047515,145.116406896812,-49.76876611883836,403.9999968568755,153.00000471781502,1.0,1.0,0.6509804129600525,calibrated_uv_reprojection_plus_stereo_left
101.91526794433594,-143.5723114013672,-635.1805419921875,208.62951158429564,144.0829686404316,-49.52157603924127,404.999998190579,152.99999598011382,1.0,1.0,0.6431372761726379,calibrated_uv_reprojection_plus_stereo_left
103.2039794921875,-143.47242736816406,-634.707763671875,207.62131178763264,143.13888027738648,-49.15519889104928,406.00000016236714,152.99999279130864,1.0,1.0,0.6509804129600525,calibrated_uv_reprojection_plus_stereo_left
104.47864532470703,-143.3557586669922,-634.1608276367188,206.5783083375511,142.2350920877854,-48.73686723667089,406.99999988382285,152.99999810862712,1.0,0.9960784316062927,0.658823549747467,calibrated_uv_reprojection_plus_stereo_left
105.87692260742188,-143.409423828125,-634.3673706054688,205.89974473031913,140.93852248728848,-48.84696159759909,407.99999888597733,152.999997369112,1.0,0.9960784316062927,0.658823549747467,calibrated_uv_reprojection_plus_stereo_left
107.12983703613281,-143.26722717285156,-633.7075805664062,204.8040040395975,140.09638455363807,-48.349565847728684,408.99999534262264,153.00000306268706,0.9921568632125854,0.9921568632125854,0.6627451181411743,calibrated_uv_reprojection_plus_stereo_left
108.41008758544922,-143.1645965576172,-633.2227783203125,203.7936940550104,139.16421605132348,-47.97491899266703,409.99999784071315,152.9999964584045,0.9803921580314636,0.9372549057006836,0.6313725709915161,calibrated_uv_reprojection_plus_stereo_left
109.63566589355469,-142.9930877685547,-632.4334106445312,202.63875636148992,138.3949174281501,-47.38679737217967,411.0000033717539,152.9999945757502,0.8196078538894653,0.7411764860153198,0.45098039507865906,calibrated_uv_reprojection_plus_stereo_left
110.80489349365234,-142.75308227539062,-631.3411865234375,201.34113895591224,137.78930256675216,-46.586446780745234,412.0000032509577,152.99999360423078,0.6352941393852234,0.529411792755127,0.3294117748737335,calibrated_uv_reprojection_plus_stereo_left
112.09354400634766,-142.67076110839844,-630.9464721679688,200.37802485366262,136.81574061554477,-46.275154485830626,413.0000014319033,153.00000365687526,0.6980392336845398,0.5764706134796143,0.4431372582912445,calibrated_uv_reprojection_plus_stereo_left
113.39198303222656,-142.60263061523438,-630.614501953125,199.44555338235256,135.80990696732988,-46.00787376915309,413.99999845263477,153.00000645370363,0.8941176533699036,0.7607843279838562,0.6980392336845398,calibrated_uv_reprojection_plus_stereo_left
114.6914291381836,-142.5372772216797,-630.2947387695312,198.51957078712127,134.7985680599981,-45.7491677612781,415.0000013941163,152.9999923695064,0.843137264251709,0.7058823704719543,0.6823529601097107,calibrated_uv_reprojection_plus_stereo_left
116.08096313476562,-142.583984375,-630.4706420898438,197.8282989212019,133.52121444518116,-45.83787519289996,416.0000020077209,153.00000115301336,0.6823529601097107,0.5529412031173706,0.48627451062202454,calibrated_uv_reprojection_plus_stereo_left
117.42012023925781,-142.56837463378906,-630.3709106445312,197.00666685728788,132.39203262439804,-45.73339681431247,417.00000361127763,152.99999707805415,0.7607843279838562,0.6392157077789307,0.5490196347236633,calibrated_uv_reprojection_plus_stereo_left
118.73414611816406,-142.52285766601562,-630.1390380859375,196.1230786344408,131.3347506463412,-45.53634277890785,417.9999978984464,153.000006928625,0.9529411792755127,0.8666666746139526,0.772549033164978,calibrated_uv_reprojection_plus_stereo_left
120.05277252197266,-142.48374938964844,-629.9353637695312,195.25316893079332,130.26277730110309,-45.359047650886396,419.00000567724135,152.9999911535734,1.0,0.9607843160629272,0.8627451062202454,calibrated_uv_reprojection_plus_stereo_left
121.36016845703125,-142.43223571777344,-629.677001953125,194.35807415149543,129.22129305143585,-45.14347284375759,419.99999894106656,152.9999988332562,0.9921568632125854,0.95686274766922,0.8392156958580017,calibrated_uv_reprojection_plus_stereo_left
122.67688751220703,-142.39259338378906,-629.4710693359375,193.487937512388,128.1518425973743,-44.96464114410173,421.000000758728,152.99999470776322,0.9960784316062927,0.9215686321258545,0.800000011920929,calibrated_uv_reprojection_plus_stereo_left
124.00306701660156,-142.3645782470703,-629.316650390625,192.64212376766926,127.05466859752664,-44.821923006424015,421.99999568759085,153.0000074696132,0.9921568632125854,0.9254902005195618,0.7921568751335144,calibrated_uv_reprojection_plus_stereo_left
125.28387451171875,-142.2855682373047,-628.9367065429688,191.69202928220403,126.08234250272181,-44.521238397411196,422.9999987717547,152.99999918219393,1.0,0.9686274528503418,0.8352941274642944,calibrated_uv_reprojection_plus_stereo_left
126.63496398925781,-142.28712463378906,-628.9129638671875,190.90744890078412,124.91401757564216,-44.47007049980277,423.9999946276105,153.00000146421326,1.0,0.9960784316062927,0.8509804010391235,calibrated_uv_reprojection_plus_stereo_left
127.93563079833984,-142.2324981689453,-628.640869140625,190.00827647051585,123.88358658370367,-44.244971132219234,425.00000174334343,152.99999842293647,1.0,1.0,0.8549019694328308,calibrated_uv_reprojection_plus_stereo_left
129.2534942626953,-142.19786071777344,-628.4571533203125,189.15030867965083,122.80473542918304,-44.081786531365424,425.99999891905304,152.9999976320081,1.0,1.0,0.8549019694328308,calibrated_uv_reprojection_plus_stereo_left
130.55612182617188,-142.1472625732422,-628.2029418945312,188.26033422319216,121.76583386518922,-43.86925863789378,426.9999963922721,153.00000147757663,0.9803921580314636,0.9803921580314636,0.8313725590705872,calibrated_uv_reprojection_plus_stereo_left
131.78536987304688,-142.01853942871094,-627.6034545898438,187.21291741465132,120.92149821374375,-43.415002421426664,428.00000270388364,152.99999718103822,0.9647058844566345,0.9450980424880981,0.7960784435272217,calibrated_uv_reprojection_plus_stereo_left
133.11061096191406,-141.99473571777344,-627.4677124023438,186.37842794204556,119.81807178768992,-43.28547951984592,429.00000484836323,153.00000255933674,0.9686274528503418,0.9529411792755127,0.800000011920929,calibrated_uv_reprojection_plus_stereo_left
134.43812561035156,-141.9737548828125,-627.3444213867188,185.54983416745495,118.70795062542373,-43.16467936066272,429.9999954536204,153.00000266875776,0.9803921580314636,0.9921568632125854,0.8392156958580017,calibrated_uv_reprojection_plus_stereo_left
135.76150512695312,-141.9487762451172,-627.2034912109375,184.71341415393647,117.60810788137525,-43.03154221957834,430.9999922613997,153.00000581939446,0.9921568632125854,1.0,0.8549019694328308,calibrated_uv_reprojection_plus_stereo_left
136.9857635498047,-141.82159423828125,-626.6109619140625,183.67286056715056,116.7654877957886,-42.582322189025035,431.99999372798436,153.00000181479157,0.9921568632125854,1.0,0.8627451062202454,calibrated_uv_reprojection_plus_stereo_left
138.3045196533203,-141.79368591308594,-626.4570922851562,182.831614847171,115.6745658708677,-42.440169893439474,432.99999906919334,152.99999894060704,0.9921568632125854,1.0,0.8627451062202454,calibrated_uv_reprojection_plus_stereo_left
139.6244354248047,-141.76742553710938,-626.310546875,181.99393002332823,114.57986553745229,-42.30315913901768,433.9999931316644,153.00000165060385,0.9921568632125854,1.0,0.8627451062202454,calibrated_uv_reprojection_plus_stereo_left
140.9407196044922,-141.73793029785156,-626.149658203125,181.1500475671508,113.49375044017688,-42.15611454021274,435.00000438581674,152.99999392475226,0.9607843160629272,0.9764705896377563,0.8274509906768799,calibrated_uv_reprojection_plus_stereo_left
142.25946044921875,-141.71136474609375,-626.0018310546875,180.3122854812059,112.40056316967485,-42.01823484759365,435.9999985326673,153.0000044676184,0.9450980424880981,0.9411764740943909,0.8117647171020508,calibrated_uv_reprojection_plus_stereo_left
143.57620239257812,-141.6832733154297,-625.84716796875,179.47173523707443,111.31169409949314,-41.87557105417591,436.9999936790292,152.9999972008224,0.9725490212440491,0.9686274528503418,0.8392156958580017,calibrated_uv_reprojection_plus_stereo_left
144.88658142089844,-141.64938354492188,-625.6669921875,178.6200729791238,110.23803007363222,-41.71508043387519,437.9999938900731,153.00000485423536,0.9725490212440491,0.9882352948188782,0.8549019694328308,calibrated_uv_reprojection_plus_stereo_left
146.19012451171875,-141.60943603515625,-625.4599609375,177.75682681107418,109.18047254213485,-41.53580437228101,439.0000037618853,152.99999354261104,0.9882352948188782,1.0,0.8705882430076599,calibrated_uv_reprojection_plus_stereo_left
147.5114288330078,-141.58717346191406,-625.3311767578125,176.92859589433374,108.07784646752799,-41.4112936000098,440.000007426906,153.00000324459901,0.9882352948188782,1.0,0.8705882430076599,calibrated_uv_reprojection_plus_stereo_left
148.8625030517578,-141.59359741210938,-625.3289794921875,176.15647298843504,106.90137718384227,-41.37531850652965,441.00000029555275,152.99999411173934,0.9882352948188782,1.0,0.8705882430076599,calibrated_uv_reprojection_plus_stereo_left
150.25877380371094,-141.6424102783203,-625.5140380859375,175.466649384192,105.61468570103813,-41.47030854208401,442.0000061735231,152.99999594835947,0.9882352948188782,1.0,0.8705882430076599,calibrated_uv_reprojection_plus_stereo_left
151.64808654785156,-141.68380737304688,-625.6663208007812,174.76187617888854,104.34645689158924,-41.54235175393086,442.99999677992326,152.99999676022725,0.9882352948188782,1.0,0.8705882430076599,calibrated_uv_reprojection_plus_stereo_left
152.9021453857422,-141.59912109375,-625.2619018554688,173.81289442628145,103.40671001270783,-41.22509547199428,444.00000009733566,153.00000887909744,0.9882352948188782,1.0,0.8784313797950745,calibrated_uv_reprojection_plus_stereo_left
154.31494140625,-141.66159057617188,-625.5072021484375,173.14842156513708,102.08282535877356,-41.36216251816336,444.99999714249543,153.00000706391995,0.9921568632125854,1.0,0.8823529481887817,calibrated_uv_reprojection_plus_stereo_left
155.70574951171875,-141.70291137695312,-625.6590576171875,172.44255755642428,100.81345009772855,-41.433859903261805,445.9999937937768,152.99999871491445,0.9921568632125854,1.0,0.8705882430076599,calibrated_uv_reprojection_plus_stereo_left
157.11085510253906,-141.75633239746094,-625.8643798828125,171.75939031060267,99.5113939990095,-41.54292122750593,446.9999992000859,153.0000010429051,0.9882352948188782,0.9960784316062927,0.8666666746139526,calibrated_uv_reprojection_plus_stereo_left
158.6409454345703,-141.92059326171875,-626.5590209960938,171.28738126129872,97.91530381249527,-41.99401306204652,448.0000021765337,153.00000362497886,0.9843137264251709,0.9803921580314636,0.8313725590705872,calibrated_uv_reprojection_plus_stereo_left
159.8997344970703,-141.8413848876953,-626.1787109375,170.3496356744364,96.96230400679485,-41.69363272314206,448.9999922680498,152.9999977971437,0.9647058844566345,0.95686274766922,0.8078431487083435,calibrated_uv_reprojection_plus_stereo_left
161.10336303710938,-141.71487426757812,-625.5896606445312,169.32285601502224,96.13634686769467,-41.247396104322036,450.00000726516737,152.9999987592135,0.9882352948188782,0.9843137264251709,0.8235294222831726,calibrated_uv_reprojection_plus_stereo_left
162.38613891601562,-141.6594696044922,-625.3145141601562,168.43213008111928,95.12265997839239,-41.020599208461135,451.0000027503809,152.9999952922812,1.0,1.0,0.843137264251709,calibrated_uv_reprojection_plus_stereo_left
163.51416015625,-141.47100830078125,-624.4521484375,167.29070452283702,94.46599356672789,-40.383469767983456,451.9999940625808,153.00000358476575,1.0,1.0,0.8352941274642944,calibrated_uv_reprojection_plus_stereo_left
164.74607849121094,-141.3747100830078,-623.99658203125,166.32484419831752,93.56488178556515,-40.0306825420862,453.00000205169493,153.00000052291517,1.0,0.9921568632125854,0.8235294222831726,calibrated_uv_reprojection_plus_stereo_left
165.98138427734375,-141.2827911376953,-623.5604248046875,165.36824868935128,92.65347894680764,-39.69150694708139,454.0000008064974,153.0000043762635,1.0,0.9843137264251709,0.7372549176216125,calibrated_uv_reprojection_plus_stereo_left
167.27691650390625,-141.24314880371094,-623.3549194335938,164.51045583200317,91.60232358887919,-39.5135101966211,455.0000098366831,152.99999118746382,1.0,0.9725490212440491,0.7098039388656616,calibrated_uv_reprojection_plus_stereo_left
168.47488403320312,-141.12234497070312,-622.7913818359375,163.50162641440477,90.7716511980098,-39.08542217114024,455.9999985132663,152.9999996923599,1.0,0.95686274766922,0.6666666865348816,calibrated_uv_reprojection_plus_stereo_left
169.7051239013672,-141.0301971435547,-622.3543090820312,162.54739514127772,89.86500773756336,-38.74572808023191,457.0000042520811,153.00000115265487,0.9921568632125854,0.9411764740943909,0.6470588445663452,calibrated_uv_reprojection_plus_stereo_left
170.92832946777344,-140.9336395263672,-621.8978271484375,161.58597106445052,88.97183801810678,-38.392521362617515,458.00000121847904,153.0000045774722,1.0,0.9254902005195618,0.6235294342041016,calibrated_uv_reprojection_plus_stereo_left
172.167236328125,-140.85137939453125,-621.50439453125,160.6519979842393,88.04112563834803,-38.08338686056476,459.00000405336004,152.99999476934858,1.0,0.929411768913269,0.6313725709915161,calibrated_uv_reprojection_plus_stereo_left
173.23997497558594,-140.6354217529297,-620.5211791992188,159.47235372948336,87.47835125727795,-37.3624047111723,459.9999991248521,153.00000067293632,1.0,0.95686274766922,0.6549019813537598,calibrated_uv_reprojection_plus_stereo_left
174.3643341064453,-140.46429443359375,-619.7357788085938,158.37746140882666,86.79574955221779,-36.779657792174646,461.00001042632255,152.99999470018236,1.0,0.9607843160629272,0.6627451181411743,calibrated_uv_reprojection_plus_stereo_left
175.5244140625,-140.32427978515625,-619.0877685546875,157.34149074544843,86.03004731528034,-36.29293578799286,461.9999979494249,152.99999779350347,1.0,0.9607843160629272,0.6705882549285889,calibrated_uv_reprojection_plus_stereo_left
176.724853515625,-140.21832275390625,-618.590087890625,156.36926988782386,85.1723041669128,-35.91124566563781,462.9999980455565,153.00000463629186,1.0,0.9607843160629272,0.6745098233222961,calibrated_uv_reprojection_plus_stereo_left
177.8214569091797,-140.03213500976562,-617.7384643554688,155.25198204109324,84.53894429597767,-35.28248756280425,464.00000034389575,153.00000180584072,1.0,0.9529411792755127,0.6784313917160034,calibrated_uv_reprojection_plus_stereo_left
179.3577423095703,-140.19232177734375,-618.4148559570312,154.76590659559793,82.94435849165802,-35.72054435657208,465.000005734197,153.00000119901955,1.0,0.9411764740943909,0.6745098233222961,calibrated_uv_reprojection_plus_stereo_left
180.9679718017578,-140.407470703125,-619.3336181640625,154.3775545234384,81.19364315023574,-36.32771033870546,465.9999989142064,153.00000134863086,0.9882352948188782,0.929411768913269,0.6784313917160034,calibrated_uv_reprojection_plus_stereo_left
182.82496643066406,-140.80946350097656,-621.076416015625,154.3240992358559,78.91614323863104,-37.50994775039851,466.9999940190464,153.0000027244613,0.9921568632125854,0.8980392217636108,0.6509804129600525,calibrated_uv_reprojection_plus_stereo_left
184.4239501953125,-141.00827026367188,-621.9229125976562,153.90043972580287,77.20257153200396,-38.06642170355491,467.9999935699714,153.000009962449,0.9254902005195618,0.8078431487083435,0.5764706134796143,calibrated_uv_reprojection_plus_stereo_left
187.54898071289062,-142.362548828125,-627.8651733398438,155.54774430612656,72.23132811792482,-42.17906181348184,469.0000039562594,152.99999095472185,0.8470588326454163,0.7254902124404907,0.5098039507865906,calibrated_uv_reprojection_plus_stereo_left
88.5295639038086,-142.5682373046875,-637.0673828125,216.35687340442036,155.5945541358745,-51.89271381861471,394.9999978029549,154.00000114633147,0.8156862854957581,0.7568627595901489,0.4627451002597809,calibrated_uv_reprojection_plus_stereo_left
89.84086608886719,-142.4858856201172,-636.6686401367188,215.37906860808494,154.60246408514405,-51.57761158736287,396.0000017202448,154.00000167098938,0.9019607901573181,0.8627451062202454,0.5647059082984924,calibrated_uv_reprojection_plus_stereo_left
91.15716552734375,-142.4136962890625,-636.3153076171875,214.42456031120003,153.5888766024538,-51.294465231657966,397.0000025644884,153.99999726364683,0.9647058844566345,0.9490196108818054,0.6274510025978088,calibrated_uv_reprojection_plus_stereo_left
92.48696899414062,-142.3643035888672,-636.0639038085938,213.52102009656193,152.52505318294175,-51.083002739696326,397.9999978020572,154.00000057946048,1.0,1.0,0.6745098233222961,calibrated_uv_reprojection_plus_stereo_left
93.80049896240234,-142.29153442382812,-635.7080688476562,212.56664581552593,151.51482657313352,-50.79816253963128,398.99999840923294,154.00000177931622,1.0,1.0,0.6509804129600525,calibrated_uv_reprojection_plus_stereo_left
95.15046691894531,-142.2752227783203,-635.6044311523438,211.73668060418964,150.37765170385586,-50.69058992736393,400.00000223891726,153.99999435678643,1.0,1.0,0.6470588445663452,calibrated_uv_reprojection_plus_stereo_left
96.45530700683594,-142.19271850585938,-635.2052001953125,210.76227388582328,149.39138126718206,-50.37531276075515,401.00000242220995,154.00000306729135,1.0,1.0,0.6470588445663452,calibrated_uv_reprojection_plus_stereo_left
97.76302337646484,-142.11659240722656,-634.83447265625,209.80263922325878,148.39184378854583,-50.080100185991114,401.99999848190447,154.0000081715296,1.0,1.0,0.6470588445663452,calibrated_uv_reprojection_plus_stereo_left
99.0435791015625,-142.00350952148438,-634.298583984375,208.76343663239362,147.47830312433018,-49.66886389786862,403.0000048412365,153.9999944403657,1.0,1.0,0.6509804129600525,calibrated_uv_reprojection_plus_stereo_left
100.38858032226562,-141.98452758789062,-634.1831665039062,207.92951102767648,146.3499095051518,-49.55310303225906,403.9999982747497,153.99999979675653,1.0,1.0,0.6470588445663452,calibrated_uv_reprojection_plus_stereo_left
101.68009948730469,-141.8913116455078,-633.7361450195312,206.93520434683137,145.3932780292144,-49.20438761924936,404.9999995873484,153.9999960272175,1.0,1.0,0.6431372761726379,calibrated_uv_reprojection_plus_stereo_left
102.9525375366211,-141.774169921875,-633.1823120117188,205.890292213095,144.49358996407824,-48.78068609159499,406.00000114375405,153.99999318704144,1.0,1.0,0.6509804129600525,calibrated_uv_reprojection_plus_stereo_left
104.20886993408203,-141.63807678222656,-632.5439453125,204.805894610731,143.6398481055274,-48.29766951015864,406.9999990649945,153.9999990775545,1.0,0.9960784316062927,0.6666666865348816,calibrated_uv_reprojection_plus_stereo_left
105.56575012207031,-141.64028930664062,-632.523193359375,204.01970222728642,142.46536520055963,-48.24848820625846,408.000003140033,153.99999272879236,1.0,0.9803921580314636,0.6549019813537598,calibrated_uv_reprojection_plus_stereo_left
106.81644439697266,-141.50167846679688,-631.8736572265625,202.93209326295357,141.62075104846008,-47.75772154293696,409.00000002357905,153.99999679857925,0.8823529481887817,0.8392156958580017,0.5137255191802979,calibrated_uv_reprojection_plus_stereo_left
108.04898834228516,-141.3426971435547,-631.1331787109375,201.80249137478444,140.82627508415248,-47.20315275268376,410.00000136240556,153.9999941165887,0.6980392336845398,0.6117647290229797,0.35686275362968445,calibrated_uv_reprojection_plus_stereo_left
109.26145935058594,-141.16160583496094,-630.2941284179688,200.62758090135907,140.0865037907463,-46.57945414999381,410.99999803832924,154.0000052780644,0.686274528503418,0.5803921818733215,0.37254902720451355,calibrated_uv_reprojection_plus_stereo_left
110.59031677246094,-141.1333770751953,-630.1375732421875,199.77919244736057,138.98769979274914,-46.435030300596,412.00000302151255,154.0000018938732,0.8039215803146362,0.7215686440467834,0.5803921818733215,calibrated_uv_reprojection_plus_stereo_left
111.86426544189453,-141.03651428222656,-629.6746215820312,198.78573721632154,138.05239310482506,-46.075508009931696,413.000001310037,154.00000146332115,0.8901960849761963,0.8196078538894653,0.7215686440467834,calibrated_uv_reprojection_plus_stereo_left
113.13774108886719,-140.9412841796875,-629.218994140625,197.7967693464238,137.1147335503918,-45.721172404443905,413.9999968535694,154.00000019708662,0.7686274647712708,0.6549019813537598,0.5843137502670288,calibrated_uv_reprojection_plus_stereo_left
114.4010238647461,-140.8356475830078,-628.7169189453125,196.78688221655642,136.2034846853125,-45.33427298595382,415.00000262132954,153.99999387466002,0.7019608020782471,0.5686274766921997,0.5098039507865906,calibrated_uv_reprojection_plus_stereo_left
115.76361846923828,-140.85321044921875,-628.7649536132812,196.0370126654504,134.99806851301196,-45.3335626693364,415.9999974710489,154.00000529126356,0.8901960849761963,0.7921568751335144,0.7019608020782471,calibrated_uv_reprojection_plus_stereo_left
117.07964324951172,-140.8142852783203,-628.5607299804688,195.16850530839804,133.92843789320892,-45.15578182189836,416.99999524775325,154.0000000415551,0.9921568632125854,0.9529411792755127,0.8509804010391235,calibrated_uv_reprojection_plus_stereo_left
118.44597625732422,-140.83595275878906,-628.6270141601562,194.42701967284023,132.71286989680164,-45.16786389953501,418.00000213589783,154.000000653364,1.0,0.9803921580314636,0.8705882430076599,calibrated_uv_reprojection_plus_stereo_left
119.79326629638672,-140.8346710205078,-628.5908813476562,193.637433854942,131.55255498066543,-45.10806608496193,418.9999964639977,154.00000517973848,1.0,0.95686274766922,0.8470588326454163,calibrated_uv_reprojection_plus_stereo_left
121.07794189453125,-140.76052856445312,-628.2295532226562,192.69635989829123,130.56954497904786,-44.820079696185644,419.9999975663153,154.00000826461564,0.9647058844566345,0.8980392217636108,0.7764706015586853,calibrated_uv_reprojection_plus_stereo_left
122.41780090332031,-140.7513885498047,-628.1583251953125,191.89081588841833,129.42894845433318,-44.73566855849691,420.9999973499067,154.0000064812695,0.9921568632125854,0.9411764740943909,0.8196078538894653,calibrated_uv_reprojection_plus_stereo_left
123.74076843261719,-140.72315979003906,-628.0018920898438,191.04586033698934,128.33522951262069,-44.59147953051456,421.9999954238735,154.00000128036658,1.0,0.9882352948188782,0.8549019694328308,calibrated_uv_reprojection_plus_stereo_left
125.05733489990234,-140.688232421875,-627.8156127929688,190.1873686670791,127.25835704410281,-44.426368380940175,423.00000233412857,154.00000205379365,1.0,0.9921568632125854,0.8588235378265381,calibrated_uv_reprojection_plus_stereo_left
126.43439483642578,-140.7213134765625,-627.9328002929688,189.46907030566905,126.01422693624772,-44.47414360726236,423.9999996120792,153.99999998127626,1.0,1.0,0.8705882430076599,calibrated_uv_reprojection_plus_stereo_left
127.74710083007812,-140.6827392578125,-627.730224609375,188.60340544739773,124.94686608891624,-44.297611589537496,425.0000027864398,153.99999470596737,0.9921568632125854,0.9921568632125854,0.8627451062202454,calibrated_uv_reprojection_plus_stereo_left
129.06712341308594,-140.65284729003906,-627.5664672851562,187.75590309757416,123.8584837374533,-44.14832965086845,426.00000610329835,154.00000024029606,0.9764705896377563,0.9686274528503418,0.8313725590705872,calibrated_uv_reprojection_plus_stereo_left
130.3896942138672,-140.6262664794922,-627.4174194335938,186.9154274356543,122.76232189348326,-44.009367847931856,427.00000279005087,153.99999326201186,0.95686274766922,0.9529411792755127,0.8117647171020508,calibrated_uv_reprojection_plus_stereo_left
131.5780792236328,-140.45689392089844,-626.6314086914062,185.7848016319279,122.02351464361487,-43.42375532198173,427.9999980870687,153.9999988549929,0.9529411792755127,0.9490196108818054,0.8039215803146362,calibrated_uv_reprojection_plus_stereo_left
132.88946533203125,-140.42083740234375,-626.440185546875,184.92641960680686,120.95302220509018,-43.25528273475334,429.00000167602036,153.9999997379615,0.9921568632125854,0.9843137264251709,0.8392156958580017,calibrated_uv_reprojection_plus_stereo_left
134.20867919921875,-140.3936309814453,-626.2884521484375,184.0863063125658,119.86080304470647,-43.11451366104035,429.9999936173491,153.999999899038,0.9921568632125854,1.0,0.8549019694328308,calibrated_uv_reprojection_plus_stereo_left
135.51296997070312,-140.35140991210938,-626.0697631835938,183.21615952149727,118.80686085744469,-42.92681521196249,430.9999988737372,154.0000019085557,0.9921568632125854,1.0,0.8549019694328308,calibrated_uv_reprojection_plus_stereo_left
136.7401885986328,-140.2309112548828,-625.5018920898438,182.18897011300436,117.95187227222357,-42.494343396268164,432.0000039739516,153.9999971527336,0.9921568632125854,1.0,0.8627451062202454,calibrated_uv_reprojection_plus_stereo_left
138.04290771484375,-140.18936157226562,-625.2862548828125,181.32147594423805,116.89814826010428,-42.30884204590609,432.99999735943175,154.00000029130337,0.9882352948188782,1.0,0.8549019694328308,calibrated_uv_reprojection_plus_stereo_left
139.35794067382812,-140.16091918945312,-625.1290893554688,180.48061874774947,115.81162376968132,-42.16434259454246,433.9999936321168,154.00000273853072,0.9725490212440491,0.9882352948188782,0.8352941274642944,calibrated_uv_reprojection_plus_stereo_left
140.65957641601562,-140.1195831298828,-624.9144287109375,179.6143058766308,114.75847463900789,-41.97955820538738,435.00000229503155,154.0000049692223,0.9686274528503418,0.9843137264251709,0.8313725590705872,calibrated_uv_reprojection_plus_stereo_left
141.93402099609375,-140.05215454101562,-624.5833740234375,178.69650718829064,113.77294766675129,-41.71321697759316,435.99999609084927,153.99999929646333,0.9686274528503418,0.9725490212440491,0.8352941274642944,calibrated_uv_reprojection_plus_stereo_left
143.23562622070312,-140.012451171875,-624.3759765625,177.83440240392548,112.71707843365152,-41.53355904092268,437.00000248084984,153.9999921752264,0.9921568632125854,0.9960784316062927,0.8588235378265381,calibrated_uv_reprojection_plus_stereo_left
144.54881286621094,-139.984619140625,-624.2216186523438,176.99621018972027,111.63110573341083,-41.391093831505145,438.0000009529885,153.9999996309519,0.9882352948188782,1.0,0.8705882430076599,calibrated_uv_reprojection_plus_stereo_left
145.85357666015625,-139.94915771484375,-624.033203125,176.14322484628212,110.56532300631216,-41.22477245140169,438.99999816269553,153.9999989488533,0.9882352948188782,1.0,0.8705882430076599,calibrated_uv_reprojection_plus_stereo_left
147.17445373535156,-139.92959594726562,-623.9156494140625,175.321848295736,109.45874867931087,-41.10810640379316,439.9999998734075,153.99999074675787,0.9882352948188782,1.0,0.8705882430076599,calibrated_uv_reprojection_plus_stereo_left
148.54550170898438,-139.9575653076172,-624.0101318359375,174.5938970178084,108.22843391103237,-41.13999964587191,441.000000021744,154.0000007617155,0.9647058844566345,0.9843137264251709,0.8470588326454163,calibrated_uv_reprojection_plus_stereo_left
149.92811584472656,-139.9957733154297,-624.1502075195312,173.88560109476265,106.9708278282161,-41.20380984282252,441.99999982669044,154.0000039935237,0.9725490212440491,0.9882352948188782,0.8549019694328308,calibrated_uv_reprojection_plus_stereo_left
151.27906799316406,-140.00393676757812,-624.1563110351562,173.11824466290295,105.79137782076805,-41.17376049486808,442.9999977543517,154.0000053223103,0.9882352948188782,1.0,0.8705882430076599,calibrated_uv_reprojection_plus_stereo_left
152.45779418945312,-139.85391235351562,-623.4571533203125,172.04314775208854,105.02819494401416,-40.64975253618928,443.999998064367,153.99999532877308,0.9882352948188782,1.0,0.8705882430076599,calibrated_uv_reprojection_plus_stereo_left
153.82510375976562,-139.87789916992188,-623.5338134765625,171.3070781770574,103.8078596923495,-40.66914152687974,445.00000425477754,153.99999620180495,0.9882352948188782,1.0,0.8705882430076599,calibrated_uv_reprojection_plus_stereo_left
155.23202514648438,-139.9371337890625,-623.767578125,170.6388522994584,102.49370878606686,-40.79853158917467,445.99999318800656,153.99999699294386,0.9882352948188782,0.9960784316062927,0.8627451062202454,calibrated_uv_reprojection_plus_stereo_left
156.62750244140625,-139.9850311279297,-623.9508056640625,169.94805788471047,101.20860739941725,-40.89250642661898,447.0000001828348,154.00000181901817,0.95686274766922,0.9686274528503418,0.8274509906768799,calibrated_uv_reprojection_plus_stereo_left
158.06849670410156,-140.07240295410156,-624.3098754882812,169.33253745596198,99.8174653224034,-41.10956348693884,448.00000446105605,153.99999403854025,0.9372549057006836,0.9098039269447327,0.7568627595901489,calibrated_uv_reprojection_plus_stereo_left
159.2816619873047,-139.95803833007812,-623.7698974609375,168.32941227641544,98.96420101500638,-40.6971672883613,448.99999787027417,154.00000258604953,0.9882352948188782,0.9607843160629272,0.8078431487083435,calibrated_uv_reprojection_plus_stereo_left
160.52850341796875,-139.87486267089844,-623.3689575195312,167.38711782438463,98.0291117421931,-40.382156821525314,449.99999295484133,154.00000996867172,0.9803921580314636,0.9843137264251709,0.8196078538894653,calibrated_uv_reprojection_plus_stereo_left
161.75787353515625,-139.7779083251953,-622.9065551757812,166.41942352095157,97.13243676697493,-40.024151231999326,451.0000019432317,154.00000175166838,1.0,1.0,0.8392156958580017,calibrated_uv_reprojection_plus_stereo_left
162.9120330810547,-139.6180419921875,-622.1638793945312,165.33328364324302,96.4070901453739,-39.470023701411776,451.9999918283825,153.99999909695583,1.0,0.9921568632125854,0.7843137383460999,calibrated_uv_reprojection_plus_stereo_left
164.15765380859375,-139.53843688964844,-621.7789306640625,164.40089882605287,95.467024735027,-39.166338786483095,453.0000015837226,153.99999956029808,1.0,0.9764705896377563,0.7647058963775635,calibrated_uv_reprojection_plus_stereo_left
165.4518585205078,-139.50103759765625,-621.5820922851562,163.54908535256766,94.41362420823555,-38.994337374440306,453.9999923086684,154.00000311165167,1.0,0.9686274528503418,0.6823529601097107,calibrated_uv_reprojection_plus_stereo_left
166.8409881591797,-139.54356384277344,-621.7413330078125,162.84811239500726,93.14310281599717,-39.071518597358136,454.9999976768802,153.99999891174252,1.0,0.95686274766922,0.6705882549285889,calibrated_uv_reprojection_plus_stereo_left
168.0978240966797,-139.47557067871094,-621.408203125,161.9391571876783,92.17370770188273,-38.804165598637496,456.0000046129387,154.00000292325865,1.0,0.9333333373069763,0.6392157077789307,calibrated_uv_reprojection_plus_stereo_left
169.34713745117188,-139.4024200439453,-621.0520629882812,161.02125731482704,91.2195470474872,-38.520738038476,457.0000036154351,153.99999663119104,0.9921568632125854,0.9137254953384399,0.615686297416687,calibrated_uv_reprojection_plus_stereo_left
170.6114044189453,-139.34255981445312,-620.7552490234375,160.12896478362978,90.22997181757728,-38.278859702586544,457.99999199939884,154.00000526356095,1.0,0.9058823585510254,0.6078431606292725,calibrated_uv_reprojection_plus_stereo_left
171.9168701171875,-139.31695556640625,-620.6109619140625,159.30099076702436,89.14691720472507,-38.143696558029205,459.0000008719175,153.999997746428,1.0,0.9137254953384399,0.615686297416687,calibrated_uv_reprojection_plus_stereo_left
173.07757568359375,-139.17527770996094,-619.94970703125,158.257984172674,88.38513747070954,-37.646938231202284,459.99999981917836,154.00000150839924,1.0,0.9372549057006836,0.6274510025978088,calibrated_uv_reprojection_plus_stereo_left
174.2466278076172,-139.04237365722656,-619.3275756835938,157.2327414947638,87.6013160383506,-37.17761002645972,460.9999992256021,154.000002449575,1.0,0.9529411792755127,0.6392157077789307,calibrated_uv_reprojection_plus_stereo_left
175.49110412597656,-138.97116088867188,-618.9802856445312,156.32268787132608,86.64803460051598,-36.90056513611006,461.9999945351823,154.0000052664008,1.0,0.9647058844566345,0.6666666865348816,calibrated_uv_reprojection_plus_stereo_left
176.69920349121094,-138.87237548828125,-618.5101928710938,155.36269736642691,85.77280002932565,-36.537670855880094,462.9999948792979,154.00000323546533,1.0,0.9686274528503418,0.6705882549285889,calibrated_uv_reprojection_plus_stereo_left
177.62939453125,-138.5582275390625,-617.0809936523438,154.00911963555626,85.50173903312475,-35.50414766780233,464.00000147669846,153.99999921544787,1.0,0.95686274766922,0.6745098233222961,calibrated_uv_reprojection_plus_stereo_left
179.1222381591797,-138.684326171875,-617.612548828125,153.4633047054079,84.00031830910308,-35.84176965908654,464.99999544128093,154.0000017756951,1.0,0.95686274766922,0.6784313917160034,calibrated_uv_reprojection_plus_stereo_left
180.63551330566406,-138.82420349121094,-618.2053833007812,152.94111413320593,82.45796233419765,-36.22216876981605,466.0000002343548,154.00000049987455,1.0,0.95686274766922,0.6784313917160034,calibrated_uv_reprojection_plus_stereo_left
182.29742431640625,-139.07537841796875,-619.2937622070312,152.61939906559138,80.59904743336517,-36.94893526196529,466.99999577267016,154.00000012768777,1.0,0.9529411792755127,0.6784313917160034,calibrated_uv_reprojection_plus_stereo_left
183.79364013671875,-139.1973419189453,-619.8067016601562,152.0609432870537,79.10171462956464,-37.273317335771594,468.0000004279734,154.00000204757197,0.9960784316062927,0.9490196108818054,0.6980392336845398,calibrated_uv_reprojection_plus_stereo_left
185.15821838378906,-139.21852111816406,-619.8707885742188,151.31920183861098,77.88850057580419,-37.283885960723126,469.00000802851605,153.99999459787045,1.0,0.9372549057006836,0.6941176652908325,calibrated_uv_reprojection_plus_stereo_left
186.63973999023438,-139.32662963867188,-620.3219604492188,150.73356956916308,76.42728660510556,-37.56499804268083,470.0000116576527,153.99999752853302,0.9607843160629272,0.8627451062202454,0.6352941393852234,calibrated_uv_reprojection_plus_stereo_left
188.93814086914062,-140.0386199951172,-623.4616088867188,151.2295983511156,73.2395069867431,-39.724986697362226,470.99999985258717,154.00000062353635,0.8823529481887817,0.7686274647712708,0.5490196347236633,calibrated_uv_reprojection_plus_stereo_left
88.43465423583984,-141.0618438720703,-636.4097290039062,215.03428375828236,156.48635452802813,-52.128692624552855,394.99999838933314,155.0000036595816,0.5882353186607361,0.48627451062202454,0.23529411852359772,calibrated_uv_reprojection_plus_stereo_left
89.73148345947266,-140.959716796875,-635.9183959960938,214.01213233025396,155.54143080937087,-51.74804523514359,395.9999968718846,154.99999874718958,0.7333333492279053,0.6352941393852234,0.3843137323856354,calibrated_uv_reprojection_plus_stereo_left
91.04692840576172,-140.88931274414062,-635.5702514648438,213.06156264853257,154.5263687746504,-51.468261624252534,396.99999930158424,155.00000024763068,0.8666666746139526,0.8156862854957581,0.545098066329956,calibrated_uv_reprojection_plus_stereo_left
92.36367797851562,-140.82286071777344,-635.2399291992188,212.1204865955038,153.50345542054117,-51.20105355154436,398.00000208062806,154.99999623091634,0.9215686321258545,0.8823529481887817,0.6000000238418579,calibrated_uv_reprojection_plus_stereo_left
93.67720031738281,-140.7533721923828,-634.89599609375,211.17342802551354,152.48848492037155,-50.924301953695135,398.9999989972528,155.00000179099948,0.9960784316062927,0.9803921580314636,0.6509804129600525,calibrated_uv_reprojection_plus_stereo_left
94.99484252929688,-140.69186401367188,-634.5880126953125,210.24467087248945,151.45638006838556,-50.672878331721336,400.00000180806813,154.99999530015774,1.0,1.0,0.6666666865348816,calibrated_uv_reprojection_plus_stereo_left
96.28103637695312,-140.5860595703125,-634.080322265625,209.21918959962574,150.5268871890067,-50.280930428922375,400.9999983378745,154.99999791485007,1.0,1.0,0.6470588445663452,calibrated_uv_reprojection_plus_stereo_left
97.56531524658203,-140.48031616210938,-633.5729370117188,208.1949786360144,149.59894665586978,-49.889245535602186,402.00000368112205,154.9999982424298,1.0,1.0,0.6470588445663452,calibrated_uv_reprojection_plus_stereo_left
98.84149169921875,-140.36587524414062,-633.0263671875,207.15289443057424,148.69282153461887,-49.47003562569,403.0000009690316,154.99999780721032,1.0,1.0,0.6470588445663452,calibrated_uv_reprojection_plus_stereo_left
100.1466293334961,-140.2949981689453,-632.67626953125,206.2070925139942,147.68747192753455,-49.18912662737927,404.00000083064754,154.9999921581246,1.0,1.0,0.6431372761726379,calibrated_uv_reprojection_plus_stereo_left
101.41602325439453,-140.17648315429688,-632.1115112304688,205.15842021614606,146.7941147814867,-48.75722832243474,404.9999965394935,155.00000760656354,1.0,1.0,0.6431372761726379,calibrated_uv_reprojection_plus_stereo_left
102.68368530273438,-140.0586395263672,-631.5496826171875,204.11244227607745,145.90114992117032,-48.327430533102984,406.0000017009108,154.99999891335221,1.0,1.0,0.658823549747467,calibrated_uv_reprojection_plus_stereo_left
103.94942474365234,-139.94117736816406,-630.9896240234375,203.06857768471383,145.0091937477045,-47.898934238538175,407.00000307088646,154.99999028213117,0.9058823585510254,0.8901960849761963,0.5647059082984924,calibrated_uv_reprojection_plus_stereo_left
105.23297119140625,-139.85028076171875,-630.5494995117188,202.08339377588499,144.05656724568337,-47.55487326883707,407.9999993522234,154.99999930000294,0.7333333492279053,0.6627451181411743,0.37254902720451355,calibrated_uv_reprojection_plus_stereo_left
106.49398040771484,-139.73202514648438,-629.9859619140625,201.0402301758383,143.17004322706168,-47.12403572366935,409.0000038843061,154.99999159294612,0.6431372761726379,0.5333333611488342,0.2823529541492462,calibrated_uv_reprojection_plus_stereo_left
107.78213500976562,-139.65179443359375,-629.593994140625,200.08006727963408,142.19526586801385,-46.81393632568842,410.00000232601036,154.99999901656014,0.6196078658103943,0.5058823823928833,0.3333333432674408,calibrated_uv_reprojection_plus_stereo_left
109.03423309326172,-139.52731323242188,-629.0025634765625,199.02596094592514,141.32701763561602,-46.363594909355925,411.0000003156646,155.00000471062384,0.7607843279838562,0.6470588445663452,0.5333333611488342,calibrated_uv_reprojection_plus_stereo_left
110.36643981933594,-139.50704956054688,-628.8809204101562,198.19587787830295,140.21205154314885,-46.24367240825279,411.9999993203308,154.99999973474047,0.7764706015586853,0.6509804129600525,0.5568627715110779,calibrated_uv_reprojection_plus_stereo_left
111.63378143310547,-139.4061737060547,-628.3959350585938,197.19419481309603,139.29043253206493,-45.86826867519409,412.99999791504735,154.99999856777725,0.6666666865348816,0.5372549295425415,0.45098039507865906,calibrated_uv_reprojection_plus_stereo_left
112.85525512695312,-139.25100708007812,-627.6663208007812,196.07822682390463,138.50090481508198,-45.320914823218004,413.9999952098611,155.00000428400188,0.8156862854957581,0.7098039388656616,0.615686297416687,calibrated_uv_reprojection_plus_stereo_left
114.0469970703125,-139.0631561279297,-626.7893676757812,194.8946457176894,137.79275941787233,-44.67003673653977,415.00000170023293,154.99999537059023,0.9725490212440491,0.9254902005195618,0.8274509906768799,calibrated_uv_reprojection_plus_stereo_left
115.42647552490234,-139.1058349609375,-626.9515380859375,194.2005342771982,136.52972839465804,-44.74976594326381,416.00000566063693,154.99999361566313,0.9960784316062927,0.95686274766922,0.8509804010391235,calibrated_uv_reprojection_plus_stereo_left
116.76300811767578,-139.09628295898438,-626.8783569335938,193.39579365587258,135.39275084231713,-44.664038557034644,416.9999997452012,155.00000211491613,0.9960784316062927,0.9686274528503418,0.8627451062202454,calibrated_uv_reprojection_plus_stereo_left
118.13710021972656,-139.131103515625,-627.0050659179688,192.6843989080308,134.14776535410067,-44.718806990348696,417.9999986329804,154.9999972908451,1.0,0.9764705896377563,0.8666666746139526,calibrated_uv_reprojection_plus_stereo_left
119.49844360351562,-139.1501922607422,-627.0609130859375,191.93958632360074,132.94057749793183,-44.72375698734555,419.00000011000554,155.00000045388785,1.0,0.9764705896377563,0.8627451062202454,calibrated_uv_reprojection_plus_stereo_left
120.82523345947266,-139.1289825439453,-626.9351806640625,191.11023514724826,131.83187759790815,-44.60108609371542,419.99999748350734,155.0000070770285,1.0,0.9882352948188782,0.8705882430076599,calibrated_uv_reprojection_plus_stereo_left
122.17031860351562,-139.12899780273438,-626.905029296875,190.3253317378568,130.6712370256477,-44.54558430745908,420.99999804641675,155.00000302501306,1.0,0.9921568632125854,0.8705882430076599,calibrated_uv_reprojection_plus_stereo_left
123.52517700195312,-139.1399383544922,-626.924072265625,189.56310083344465,129.48355257047223,-44.524644888827254,422.0000016660077,154.99999400041986,1.0,0.9960784316062927,0.8666666746139526,calibrated_uv_reprojection_plus_stereo_left
124.849365234375,-139.1163787841797,-626.7877197265625,188.7291439168506,128.38111480981223,-44.39451940289564,423.00000137099386,154.999993386519,1.0,0.9960784316062927,0.8666666746139526,calibrated_uv_reprojection_plus_stereo_left
126.26290893554688,-139.19174194335938,-627.0970458984375,188.1000814052888,127.03298675560757,-44.577523462897716,424.0000025112463,154.9999921345198,0.9882352948188782,0.9843137264251709,0.8509804010391235,calibrated_uv_reprojection_plus_stereo_left
127.58203125,-139.1624298095703,-626.934814453125,187.254150375778,125.94471222837223,-44.42921726693254,425.0000044356598,154.9999983357544,0.9647058844566345,0.95686274766922,0.8235294222831726,calibrated_uv_reprojection_plus_stereo_left
128.90023803710938,-139.13267517089844,-626.7705688476562,186.40759058753537,124.85799097745905,-44.2795052920323,426.00000045606595,154.9999992538319,0.9490196108818054,0.9450980424880981,0.8078431487083435,calibrated_uv_reprojection_plus_stereo_left
130.2134552001953,-139.09811401367188,-626.584716796875,185.55146735926905,123.78375690122493,-44.114633391714506,426.9999984477123,155.00000579071195,0.9803921580314636,0.9764705896377563,0.843137264251709,calibrated_uv_reprojection_plus_stereo_left
131.37889099121094,-138.90792846679688,-625.6978149414062,184.377181997825,123.10228132160472,-43.45738583752984,428.00000735005557,155.0000012031528,1.0,1.0,0.8627451062202454,calibrated_uv_reprojection_plus_stereo_left
132.68382263183594,-138.86752319335938,-625.4856567382812,183.5106904995372,122.04516889253489,-43.2741029710233,429.0000041151937,155.0000005259032,1.0,1.0,0.8627451062202454,calibrated_uv_reprojection_plus_stereo_left
133.99502563476562,-138.8343505859375,-625.3060913085938,182.659333067827,120.97031848469845,-43.1137263176048,429.9999983988158,155.00000003380902,0.9921568632125854,1.0,0.8549019694328308,calibrated_uv_reprojection_plus_stereo_left
135.29742431640625,-138.792724609375,-625.0884399414062,181.79113729956475,119.91747933904236,-42.92661745884311,430.9999987349066,154.99999513622828,0.9843137264251709,1.0,0.8470588326454163,calibrated_uv_reprojection_plus_stereo_left
136.4952850341797,-138.6456298828125,-624.3959350585938,180.70994285865447,119.1345558008286,-42.40613053153976,431.9999993507161,155.00000893169587,0.9607843160629272,0.9725490212440491,0.8235294222831726,calibrated_uv_reprojection_plus_stereo_left
137.7925567626953,-138.60134887695312,-624.1663208007812,179.837814498328,118.09068313882784,-42.21067887554375,433.0000043775137,154.99999373649777,0.9764705896377563,0.9921568632125854,0.8392156958580017,calibrated_uv_reprojection_plus_stereo_left
139.09768676757812,-138.56565856933594,-623.9755859375,178.98349545795116,117.02533846078677,-42.04256207666367,433.99999232661753,155.00000786171756,0.9803921580314636,0.9921568632125854,0.843137264251709,calibrated_uv_reprojection_plus_stereo_left
140.3873748779297,-138.5153350830078,-623.7188720703125,178.10012323543356,115.99828560923487,-41.82813373642472,435.0000000381491,155.0000052643232,0.9882352948188782,1.0,0.8509804010391235,calibrated_uv_reprojection_plus_stereo_left
141.6161651611328,-138.40638732910156,-623.1981811523438,177.09994640657152,115.12369921505643,-41.42843626902146,436.000001551815,154.9999973907985,0.9921568632125854,1.0,0.8666666746139526,calibrated_uv_reprojection_plus_stereo_left
142.9300537109375,-138.38177490234375,-623.057373046875,176.26929635514307,114.03192071110374,-41.29542809765843,437.00000049237235,155.00000969557584,0.9921568632125854,1.0,0.8666666746139526,calibrated_uv_reprojection_plus_stereo_left
144.2353515625,-138.34933471679688,-622.8811645507812,175.42325083387885,112.96094316500341,-41.13756681289482,438.00000638409176,154.99999425279762,0.9921568632125854,1.0,0.8705882430076599,calibrated_uv_reprojection_plus_stereo_left
145.5348358154297,-138.3118896484375,-622.6825561523438,174.56764260779755,111.90347735456493,-40.96401474930326,438.9999956808333,154.99999865455072,0.9803921580314636,0.9921568632125854,0.8588235378265381,calibrated_uv_reprojection_plus_stereo_left
146.85360717773438,-138.293212890625,-622.5684204101562,173.74953310485955,110.79739277513397,-40.84974899089298,439.99999551420626,154.99999759863596,0.9490196108818054,0.9490196108818054,0.8196078538894653,calibrated_uv_reprojection_plus_stereo_left
148.1967010498047,-138.2974853515625,-622.5576171875,172.9768687832697,109.63120448816602,-40.80799432220414,441.00000464379735,154.99999963275468,0.9686274528503418,0.9686274528503418,0.8392156958580017,calibrated_uv_reprojection_plus_stereo_left
149.55738830566406,-138.31790161132812,-622.6195068359375,172.23589668508424,108.42231466989756,-40.81723940416185,441.9999938261118,155.00000610714795,0.9882352948188782,1.0,0.8705882430076599,calibrated_uv_reprojection_plus_stereo_left
150.8845672607422,-138.3071746826172,-622.5411376953125,171.43352829026315,107.29543341226042,-40.72806896382991,442.99999246217726,155.0000012910649,0.9843137264251709,1.0,0.8666666746139526,calibrated_uv_reprojection_plus_stereo_left
152.00833129882812,-138.11172485351562,-621.6314086914062,170.2699074513065,106.65886888973768,-40.055732356674866,443.99999987058567,155.00000688760923,0.9882352948188782,1.0,0.8666666746139526,calibrated_uv_reprojection_plus_stereo_left
153.38299560546875,-138.14561462402344,-621.7538452148438,169.55574079672482,105.41498944479679,-40.10745734905544,445.0000075948737,154.99999420510417,0.9725490212440491,0.9843137264251709,0.8470588326454163,calibrated_uv_reprojection_plus_stereo_left
154.76150512695312,-138.18226623535156,-621.8888549804688,168.84657268070595,104.16303942097659,-40.16800077251662,446.00000130478395,155.0000081224739,0.9725490212440491,0.9490196108818054,0.7960784435272217,calibrated_uv_reprojection_plus_stereo_left
156.14784240722656,-138.2251739501953,-622.0518798828125,168.14904218025987,102.89370792157115,-40.24815738724243,446.99999914405566,155.00000181934408,0.9686274528503418,0.9490196108818054,0.7960784435272217,calibrated_uv_reprojection_plus_stereo_left
157.4493408203125,-138.19281005859375,-621.8761596679688,167.30543585619165,101.82586226817597,-40.090744696784554,448.0000080695284,154.9999959239006,0.9529411792755127,0.95686274766922,0.7921568751335144,calibrated_uv_reprojection_plus_stereo_left
158.6607666015625,-138.08255004882812,-621.3499755859375,166.31200542772393,100.96847952172755,-39.68760715452697,448.99999660478716,154.9999972833213,0.9764705896377563,0.9803921580314636,0.8196078538894653,calibrated_uv_reprojection_plus_stereo_left
159.90785217285156,-138.0048370361328,-620.9702758789062,165.38233078455028,100.02486194029643,-39.387227240191635,449.9999926878003,154.9999968108002,1.0,0.9960784316062927,0.8117647171020508,calibrated_uv_reprojection_plus_stereo_left
161.13633728027344,-137.91241455078125,-620.5244140625,164.42528551211853,99.1223655690768,-39.04049678269365,451.00000262393195,154.9999946923473,1.0,0.9921568632125854,0.8039215803146362,calibrated_uv_reprojection_plus_stereo_left
162.42709350585938,-137.8743133544922,-620.3230590820312,163.5730767760557,98.07354137443423,-38.865225727614245,451.9999931287451,155.00000357032002,1.0,0.9725490212440491,0.7215686440467834,calibrated_uv_reprojection_plus_stereo_left
163.78138732910156,-137.8902587890625,-620.3648071289062,162.82419732213646,96.87780242889909,-38.86037343174769,453.00000071044735,155.00000146368546,1.0,0.9607843160629272,0.7098039388656616,calibrated_uv_reprojection_plus_stereo_left
165.1550750732422,-137.92208862304688,-620.47802734375,162.1052827464486,95.63825223070518,-38.9056105676886,453.9999960948407,155.00000275815387,1.0,0.9372549057006836,0.6509804129600525,calibrated_uv_reprojection_plus_stereo_left
166.56333923339844,-137.98199462890625,-620.7174682617188,161.43911670215442,94.32103704510251,-39.03928638087666,454.99999915227505,154.99999314909098,1.0,0.9333333373069763,0.6470588445663452,calibrated_uv_reprojection_plus_stereo_left
167.79861450195312,-137.89869689941406,-620.3128051757812,160.5018416629647,93.3971148227622,-38.72154546012956,456.0000039786559,155.00000029431567,1.0,0.9254902005195618,0.6274510025978088,calibrated_uv_reprojection_plus_stereo_left
169.09307861328125,-137.86492919921875,-620.1309204101562,159.6587052372907,92.33772249693754,-38.559952352844334,457.00000212540033,154.9999994782268,1.0,0.9137254953384399,0.6117647290229797,calibrated_uv_reprojection_plus_stereo_left
170.39186096191406,-137.83511352539062,-619.9668579101562,158.82333169374118,91.2678592162701,-38.410865926070585,458.0000022460257,155.00000426886044,1.0,0.9137254953384399,0.6078431606292725,calibrated_uv_reprojection_plus_stereo_left
171.67909240722656,-137.79644775390625,-619.762939453125,157.97167682141793,90.2230635843373,-38.23386032384059,458.99999866421365,154.9999986101177,1.0,0.9058823585510254,0.6000000238418579,calibrated_uv_reprojection_plus_stereo_left
172.95106506347656,-137.74615478515625,-619.5067749023438,157.09872742535208,89.21124084242791,-38.02027218193541,459.9999991875104,154.99999824208268,0.9960784316062927,0.9215686321258545,0.6039215922355652,calibrated_uv_reprojection_plus_stereo_left
174.1554718017578,-137.64317321777344,-619.013671875,156.12829860636202,88.34751479649759,-37.640721982843615,460.999999968671,154.99999692685313,1.0,0.95686274766922,0.6392157077789307,calibrated_uv_reprojection_plus_stereo_left
175.4174346923828,-137.5868377685547,-618.7304077148438,155.24549870863325,87.3546208373773,-37.40821259147907,461.99999872397774,155.00000017876528,1.0,0.9686274528503418,0.658823549747467,calibrated_uv_reprojection_plus_stereo_left
176.53260803222656,-137.4170379638672,-617.9368896484375,154.153513192172,86.68177303770545,-36.81832735949632,462.9999999346013,154.9999950283592,1.0,0.9686274528503418,0.658823549747467,calibrated_uv_reprojection_plus_stereo_left
177.45896911621094,-137.1038360595703,-616.4987182617188,152.79913427192463,86.41621157399146,-35.777037747397344,463.9999922173362,155.00000557390695,1.0,0.9686274528503418,0.6705882549285889,calibrated_uv_reprojection_plus_stereo_left
178.91831970214844,-137.20394897460938,-616.9190063476562,152.20764290731972,84.98638372485601,-36.037402262517276,465.0000109975726,155.00000125685239,1.0,0.9686274528503418,0.6745098233222961,calibrated_uv_reprojection_plus_stereo_left
180.42935180664062,-137.34190368652344,-617.5093994140625,151.68432309212415,83.44746768365252,-36.41683544079228,465.9999925444512,154.99999809178797,1.0,0.9647058844566345,0.6745098233222961,calibrated_uv_reprojection_plus_stereo_left
182.04783630371094,-137.55894470214844,-618.455322265625,151.3038065992153,81.6810441312881,-37.04514505420906,466.9999977780558,154.99999924966846,1.0,0.9647058844566345,0.6745098233222961,calibrated_uv_reprojection_plus_stereo_left
183.72642517089844,-137.81785583496094,-619.5894165039062,150.99702380143293,79.79139226230222,-37.80509751896233,467.9999991330782,155.00000565703314,1.0,0.9607843160629272,0.6823529601097107,calibrated_uv_reprojection_plus_stereo_left
185.0565948486328,-137.81350708007812,-619.5398559570312,150.20948743510365,78.65105738579871,-37.73623966535325,469.0000074376942,155.00000255731666,1.0,0.9607843160629272,0.6823529601097107,calibrated_uv_reprojection_plus_stereo_left
186.36654663085938,-137.7942352294922,-619.4232177734375,149.3949753807733,77.5535991425715,-37.620426139739266,469.99999571134833,155.00000029368977,1.0,0.9647058844566345,0.6980392336845398,calibrated_uv_reprojection_plus_stereo_left
187.73684692382812,-137.8194580078125,-619.5066528320312,148.66088631121295,76.3282205840136,-37.64467538529857,470.99999764991475,155.0000082215672,1.0,0.95686274766922,0.7019608020782471,calibrated_uv_reprojection_plus_stereo_left
189.11215209960938,-137.8479461669922,-619.6046142578125,147.9323040082706,75.09299818024488,-37.6790617852098,472.00000163859124,154.99999303660786,0.9803921580314636,0.8980392217636108,0.6705882549285889,calibrated_uv_reprojection_plus_stereo_left
190.7146453857422,-138.04039001464844,-620.4396362304688,147.49723012380218,73.38227622788997,-38.22930142187596,473.00000133554573,155.00000381727494,0.9176470637321472,0.8078431487083435,0.6078431606292725,calibrated_uv_reprojection_plus_stereo_left
89.61115264892578,-139.41966247558594,-635.0904541015625,212.60928437113546,156.5178191206458,-51.86205714834563,395.9999969747581,156.00000708180832,0.545098066329956,0.4117647111415863,0.1921568661928177,calibrated_uv_reprojection_plus_stereo_left
90.93386840820312,-139.36375427246094,-634.8053588867188,211.69115306352802,155.47246091907948,-51.62643647520241,397.0000036884258,155.99999199030438,0.6196078658103943,0.5215686559677124,0.27843138575553894,calibrated_uv_reprojection_plus_stereo_left
92.2552490234375,-139.30735778808594,-634.5181884765625,210.77257523190445,154.4290570619624,-51.38939300548759,397.9999982005922,155.99999726957634,0.800000011920929,0.7176470756530762,0.4627451002597809,calibrated_uv_reprojection_plus_stereo_left
93.56396484375,-139.23362731933594,-634.1520385742188,209.81601126377615,153.42635579431794,-51.096686041786825,399.00000285573196,155.999993993798,0.8980392217636108,0.8666666746139526,0.5764706134796143,calibrated_uv_reprojection_plus_stereo_left
94.86929321289062,-139.15692138671875,-633.7724609375,208.8536770325589,152.43165920833263,-50.794558224192826,399.99999869428234,156.00000579325769,0.9411764740943909,0.9254902005195618,0.6235294342041016,calibrated_uv_reprojection_plus_stereo_left
96.17032623291016,-139.07606506347656,-633.3739013671875,207.8829434560381,151.44782650394228,-50.47907279112803,401.00000200298336,155.99999945824348,1.0,1.0,0.6627451181411743,calibrated_uv_reprojection_plus_stereo_left
97.468017578125,-138.99258422851562,-632.9634399414062,206.90729953444753,150.47137838558865,-50.15523821345323,402.00000263877826,155.9999957850697,1.0,1.0,0.658823549747467,calibrated_uv_reprojection_plus_stereo_left
98.76612091064453,-138.911865234375,-632.5656127929688,205.9386510274649,149.48982666376133,-49.840350634252786,403.00000042993184,155.99999583028415,1.0,1.0,0.6431372761726379,calibrated_uv_reprojection_plus_stereo_left
100.0634994506836,-138.83221435546875,-632.1727294921875,204.973239441487,148.50705325682594,-49.5289907742532,403.9999949343975,156.00000345928447,1.0,1.0,0.6431372761726379,calibrated_uv_reprojection_plus_stereo_left
101.35237884521484,-138.74295043945312,-631.7360229492188,203.98759954342052,147.54814178763445,-49.186776025261395,404.99999937722123,155.99999726988563,1.0,1.0,0.6431372761726379,calibrated_uv_reprojection_plus_stereo_left
102.61273193359375,-138.6173858642578,-631.1341552734375,202.92365785744033,146.67614351153105,-48.728231696479895,406.00000169525106,156.00000424894262,1.0,1.0,0.6470588445663452,calibrated_uv_reprojection_plus_stereo_left
103.89332580566406,-138.52198791503906,-630.6696166992188,201.92680830266403,145.73490880740258,-48.366501870701256,407.00000343906623,156.00000016761393,0.7490196228027344,0.7333333492279053,0.3843137323856354,calibrated_uv_reprojection_plus_stereo_left
105.08734130859375,-138.3149871826172,-629.6970825195312,200.68849045562797,145.05996792450253,-47.646918618482175,407.99999781943114,156.00000433289472,0.5764706134796143,0.47843137383461,0.20000000298023224,calibrated_uv_reprojection_plus_stereo_left
106.3565902709961,-138.21090698242188,-629.193115234375,199.67554050219087,144.14343060858204,-47.25752953685446,408.99999625592056,155.9999990037988,0.6235294342041016,0.47843137383461,0.24705882370471954,calibrated_uv_reprojection_plus_stereo_left
107.63971710205078,-138.1271209716797,-628.7816162109375,198.7076096490191,143.1800650152827,-46.9333324460124,410.00000232023444,156.0000004904059,0.6078431606292725,0.4745098054409027,0.30588236451148987,calibrated_uv_reprojection_plus_stereo_left
108.88645935058594,-137.9992218017578,-628.1693115234375,197.64547154845081,142.3238402832418,-46.46772760032616,410.9999990146735,155.9999956621914,0.5882353186607361,0.47058823704719543,0.33725491166114807,calibrated_uv_reprojection_plus_stereo_left
110.04393768310547,-137.76258850097656,-627.0621948242188,196.3509442068583,141.73129750640777,-45.65368332750097,411.9999959281464,156.00000156739577,0.729411780834198,0.6235294342041016,0.5176470875740051,calibrated_uv_reprojection_plus_stereo_left
111.29694366455078,-137.64971923828125,-626.5184326171875,195.32447759193002,140.843863906936,-45.23650104576626,413.00000085355464,155.99999702001395,0.9411764740943909,0.8784313797950745,0.7882353067398071,calibrated_uv_reprojection_plus_stereo_left
112.55277252197266,-137.54290771484375,-626.0023193359375,194.31222644093236,139.94358578664793,-44.83884748462668,413.99999607122646,155.99999745954113,1.0,0.9803921580314636,0.8705882430076599,calibrated_uv_reprojection_plus_stereo_left
113.84552001953125,-137.48309326171875,-625.7001342773438,193.40139860364235,138.93076736290368,-44.59188415244529,414.9999996223489,155.99999707723583,1.0,0.9725490212440491,0.8549019694328308,calibrated_uv_reprojection_plus_stereo_left
115.13704681396484,-137.42312622070312,-625.3972778320312,192.49088324143815,137.91926463536856,-44.34447575901976,416.00000221638015,155.9999964705406,0.9254902005195618,0.8705882430076599,0.7607843279838562,calibrated_uv_reprojection_plus_stereo_left
116.50902557373047,-137.45936584472656,-625.5322875976562,191.78516326381282,136.67316159779818,-44.405380051941336,417.000001698254,156.00000191900295,0.9686274528503418,0.9098039269447327,0.800000011920929,calibrated_uv_reprojection_plus_stereo_left
117.8572006225586,-137.46693420410156,-625.5368041992188,191.0183111158804,135.49682410043897,-44.37439670197301,417.9999977898626,156.00000596334823,0.9960784316062927,0.9607843160629272,0.8313725590705872,calibrated_uv_reprojection_plus_stereo_left
119.24665069580078,-137.5218505859375,-625.7566528320312,190.35121629593965,134.20361396933424,-44.49497655373693,419.0000053531512,155.99999240149072,1.0,0.9882352948188782,0.8549019694328308,calibrated_uv_reprojection_plus_stereo_left
120.6384506225586,-137.578125,-625.9827880859375,189.6863585656829,132.90600660210657,-44.619967617206726,420.0000021200751,156.00000064893305,1.0,0.9921568632125854,0.8666666746139526,calibrated_uv_reprojection_plus_stereo_left
121.9554214477539,-137.54869079589844,-625.81884765625,188.84086961090674,131.82014041084028,-44.47036987667258,421.0000032789323,155.99999374030455,1.0,0.9921568632125854,0.8666666746139526,calibrated_uv_reprojection_plus_stereo_left
123.27872467041016,-137.52687072753906,-625.6896362304688,188.01163968251586,130.71571609415838,-44.34523525162825,421.9999975152888,155.99999939300207,0.9960784316062927,0.9921568632125854,0.8549019694328308,calibrated_uv_reprojection_plus_stereo_left
124.56724548339844,-137.467041015625,-625.3875122070312,187.10325320621865,129.70656066907117,-44.09842645529926,422.99999935676965,156.0000049655697,0.9803921580314636,0.9764705896377563,0.8352941274642944,calibrated_uv_reprojection_plus_stereo_left
125.95157623291016,-137.5130157470703,-625.5667114257812,186.41578929305297,128.43309165149134,-44.19033562490819,423.999999109661,156.00000709307642,0.9647058844566345,0.95686274766922,0.8117647171020508,calibrated_uv_reprojection_plus_stereo_left
127.24185180664062,-137.4563446044922,-625.2789306640625,185.51462230532303,127.41701394167393,-43.95364275069369,424.9999950778493,156.00000434111013,0.9529411792755127,0.9450980424880981,0.800000011920929,calibrated_uv_reprojection_plus_stereo_left
128.54371643066406,-137.41314697265625,-625.0524291992188,184.64193388692416,126.36781338459815,-43.76008581341284,426.0000074562657,155.99999660917774,0.9803921580314636,0.9960784316062927,0.843137264251709,calibrated_uv_reprojection_plus_stereo_left
129.85598754882812,-137.38177490234375,-624.8798217773438,183.7941511471817,125.28930570413911,-43.60447367292625,427.000003576655,156.00000332786556,0.9921568632125854,1.0,0.8549019694328308,calibrated_uv_reprojection_plus_stereo_left
131.07211303710938,-137.25030517578125,-624.2518920898438,182.7405388191695,124.46562788111402,-43.128571457796454,427.99999654150395,155.9999997201935,0.9960784316062927,1.0,0.8627451062202454,calibrated_uv_reprojection_plus_stereo_left
132.3648681640625,-137.20082092285156,-623.9968872070312,181.85672537402888,123.43507492190884,-42.91504531767731,429.00000955127007,155.9999953375522,0.9960784316062927,1.0,0.8627451062202454,calibrated_uv_reprojection_plus_stereo_left
133.65859985351562,-137.1532745361328,-623.750732421875,180.9774193709984,122.40034760403421,-42.70776901307727,430.0000040296673,155.99999367870075,0.9686274528503418,0.9803921580314636,0.8313725590705872,calibrated_uv_reprojection_plus_stereo_left
134.92701721191406,-137.0808563232422,-623.3915405273438,180.04782876079054,121.43014919170923,-42.42102258580525,431.00000472750656,156.0000005221024,0.9529411792755127,0.9725490212440491,0.8156862854957581,calibrated_uv_reprojection_plus_stereo_left
136.26454162597656,-137.07931518554688,-623.3546142578125,179.26333413537145,120.27865671286042,-42.36092958000978,432.0000093152733,155.99999573483723,0.9607843160629272,0.9803921580314636,0.8235294222831726,calibrated_uv_reprojection_plus_stereo_left
137.541748046875,-137.01763916015625,-623.0443115234375,178.35672110060113,119.28243259859067,-42.10861146445785,433.0000034372364,156.00000224682324,0.9843137264251709,0.9960784316062927,0.8470588326454163,calibrated_uv_reprojection_plus_stereo_left
138.84457397460938,-136.98236083984375,-622.85400390625,177.50420383347955,118.2187988410654,-41.94068651602174,434.0000012917781,155.99999896977832,0.9921568632125854,1.0,0.8666666746139526,calibrated_uv_reprojection_plus_stereo_left
140.13790893554688,-136.9384002685547,-622.624267578125,176.63452142993503,117.17825089854472,-41.74505995119438,434.9999991348859,156.00000123052249,0.9921568632125854,1.0,0.8666666746139526,calibrated_uv_reprojection_plus_stereo_left
141.2859344482422,-136.75454711914062,-621.758544921875,175.48360854706004,116.50325195354361,-41.10234939739155,435.99999436716587,156.00000709039347,0.9921568632125854,1.0,0.8705882430076599,calibrated_uv_reprojection_plus_stereo_left
142.57310485839844,-136.70748901367188,-621.5147705078125,174.60940975946085,115.47334730223173,-40.89692692362098,436.9999948758161,156.0000058694347,0.9921568632125854,1.0,0.8705882430076599,calibrated_uv_reprojection_plus_stereo_left
143.8512725830078,-136.65267944335938,-621.2357788085938,173.72018355520345,114.46451799566381,-40.666771921520024,437.9999955859416,156.00000510474513,0.9686274528503418,0.9843137264251709,0.8470588326454163,calibrated_uv_reprojection_plus_stereo_left
145.130126953125,-136.5994415283203,-620.9639282226562,172.83465846378334,113.45240520437477,-40.4416580970061,439.00000984295787,156.00000016568453,0.9411764740943909,0.9529411792755127,0.8156862854957581,calibrated_uv_reprojection_plus_stereo_left
146.5626678466797,-136.69046020507812,-621.3478393554688,172.23690270813046,112.06001681745443,-40.67743445549047,440.0000064176158,155.99999502187453,0.9686274528503418,0.9803921580314636,0.843137264251709,calibrated_uv_reprojection_plus_stereo_left
147.84181213378906,-136.6379852294922,-621.0795288085938,171.35322946693088,111.04632686210431,-40.45482913732576,440.9999982598484,155.99999997604755,0.9882352948188782,0.9960784316062927,0.8666666746139526,calibrated_uv_reprojection_plus_stereo_left
149.13429260253906,-136.5985870361328,-620.8706665039062,170.49598587926897,109.99868162424394,-40.27401998766044,441.9999986148673,156.00000335334389,0.9882352948188782,1.0,0.8666666746139526,calibrated_uv_reprojection_plus_stereo_left
150.43353271484375,-136.5659637451172,-620.6925659179688,169.65250559132454,108.93358543625908,-40.11483740135566,443.00000051282774,155.9999991790197,0.9882352948188782,1.0,0.8627451062202454,calibrated_uv_reprojection_plus_stereo_left
151.76815795898438,-136.56568908691406,-620.6614990234375,168.87301941389512,107.78241824396576,-40.05897172108706,443.99999988280535,155.9999955878675,0.9882352948188782,0.9882352948188782,0.843137264251709,calibrated_uv_reprojection_plus_stereo_left
153.11834716796875,-136.5792236328125,-620.6932373046875,168.12060397553415,106.59409893116668,-40.047231749421485,444.99999914307716,156.00000025058006,0.9490196108818054,0.9490196108818054,0.800000011920929,calibrated_uv_reprojection_plus_stereo_left
154.44248962402344,-136.56942749023438,-620.6189575195312,167.32234733781968,105.46830602078262,-39.961010690586875,445.99999363483676,156.00000692159466,0.9764705896377563,0.9686274528503418,0.8117647171020508,calibrated_uv_reprojection_plus_stereo_left
155.7313995361328,-136.5288543701172,-620.4047241210938,166.46407927756053,104.4257822885956,-39.776475983983175,446.9999986482645,155.99999683608968,0.9882352948188782,0.9843137264251709,0.8235294222831726,calibrated_uv_reprojection_plus_stereo_left
157.2421417236328,-136.6817169189453,-621.069580078125,165.98254365829882,102.85971494637465,-40.209406009297766,447.99999374245004,156.00000636077016,0.9882352948188782,0.9882352948188782,0.8117647171020508,calibrated_uv_reprojection_plus_stereo_left
158.52655029296875,-136.63685607910156,-620.8358764648438,165.11569259375062,101.82843018282824,-40.01118796798289,449.0000074213085,155.99999997047473,1.0,0.9960784316062927,0.8196078538894653,calibrated_uv_reprojection_plus_stereo_left
159.74620056152344,-136.53733825683594,-620.3539428710938,164.1436533837537,100.94683637714792,-39.638682369522485,449.99999813699213,156.00000747616758,1.0,0.9803921580314636,0.7490196228027344,calibrated_uv_reprojection_plus_stereo_left
160.94122314453125,-136.41854858398438,-619.7843627929688,163.1355055705966,100.11961732479125,-39.20466483282797,450.99999833319544,155.99999330604106,1.0,0.9725490212440491,0.7372549176216125,calibrated_uv_reprojection_plus_stereo_left
162.3579864501953,-136.488037109375,-620.0703125,162.49065156355476,98.77778634006694,-39.37141657828835,451.99999225018587,155.99999973553565,1.0,0.9490196108818054,0.6745098233222961,calibrated_uv_reprojection_plus_stereo_left
163.6527099609375,-136.45457458496094,-619.8884887695312,161.64761540743592,97.71802517825432,-39.20971088908112,452.99999387287943,155.99999736727875,1.0,0.9254902005195618,0.6509804129600525,calibrated_uv_reprojection_plus_stereo_left
165.0101318359375,-136.4734344482422,-619.9443359375,160.90488690504236,96.51434061089293,-39.214868070870864,454.0000102957836,155.9999914711197,1.0,0.9019607901573181,0.615686297416687,calibrated_uv_reprojection_plus_stereo_left
166.33946228027344,-136.46888732910156,-619.8939819335938,160.11736003719346,95.3750435593492,-39.14547971249783,454.9999960770028,156.00000730995768,1.0,0.9098039269447327,0.6196078658103943,calibrated_uv_reprojection_plus_stereo_left
167.53277587890625,-136.35366821289062,-619.3407592773438,159.11955312032921,94.54316830023043,-38.72309961606828,455.99999874964925,155.99999367788746,1.0,0.9137254953384399,0.6196078658103943,calibrated_uv_reprojection_plus_stereo_left
168.8641357421875,-136.35165405273438,-619.3018798828125,158.33744703122505,93.39778707926695,-38.661786565345324,456.99999624037116,156.0000005263596,1.0,0.9058823585510254,0.6117647290229797,calibrated_uv_reprojection_plus_stereo_left
170.13348388671875,-136.29994201660156,-619.0372314453125,157.4614684431001,92.39125260981052,-38.442020452715724,457.99999434217244,155.99999843072425,1.0,0.9215686321258545,0.6117647290229797,calibrated_uv_reprojection_plus_stereo_left
171.4214630126953,-136.26376342773438,-618.8432006835938,156.61528322298915,91.34195877666752,-38.27183979039097,459.00000105317315,156.00000491168635,1.0,0.9215686321258545,0.6117647290229797,calibrated_uv_reprojection_plus_stereo_left
172.5626220703125,-136.1123046875,-618.1256103515625,155.55311608161645,90.61728434080243,-37.73429022309347,459.999991630161,156.000002537012,1.0,0.9490196108818054,0.6274510025978088,calibrated_uv_reprojection_plus_stereo_left
173.91775512695312,-136.1305694580078,-618.1787719726562,154.81015892831442,89.41660138574224,-37.73760005116833,461.00001038794636,155.99999377232353,1.0,0.9725490212440491,0.6470588445663452,calibrated_uv_reprojection_plus_stereo_left
175.18919372558594,-136.08349609375,-617.935302734375,153.9451095679192,88.40029109407095,-37.53279548044526,462.0000044770639,155.99999646120182,1.0,0.9725490212440491,0.658823549747467,calibrated_uv_reprojection_plus_stereo_left
176.28880310058594,-135.90460205078125,-617.0933227539062,152.83542351681825,87.75855624981176,-36.90814099423744,462.9999999567146,156.0000024966314,1.0,0.9725490212440491,0.658823549747467,calibrated_uv_reprojection_plus_stereo_left
177.11569213867188,-135.51966857910156,-615.3158569335938,151.34574612427156,87.70589678479081,-35.627346719598165,463.99999708767336,155.9999990179911,1.0,0.9764705896377563,0.6666666865348816,calibrated_uv_reprojection_plus_stereo_left
178.51116943359375,-135.57220458984375,-615.5247802734375,150.66894182495747,86.4115477040391,-35.74003988746148,465.00000445325514,155.99999961418254,1.0,0.9882352948188782,0.6745098233222961,calibrated_uv_reprojection_plus_stereo_left
180.07188415527344,-135.7484893798828,-616.2954711914062,150.21949840517226,84.76217052305128,-36.2467069234317,466.00000188845786,155.9999960282368,1.0,0.9764705896377563,0.6823529601097107,calibrated_uv_reprojection_plus_stereo_left
181.74057006835938,-136.0029296875,-617.4208984375,149.91155002096394,82.88544539142413,-37.002065124753585,467.0000020085149,155.99999372951052,1.0,0.9686274528503418,0.6784313917160034,calibrated_uv_reprojection_plus_stereo_left
183.26255798339844,-136.14462280273438,-618.034423828125,149.39421132180485,81.32886122653213,-37.39832367539333,468.00000478292753,155.9999967232162,1.0,0.9686274528503418,0.6745098233222961,calibrated_uv_reprojection_plus_stereo_left
184.84628295898438,-136.3297576904297,-618.8450927734375,148.9545182910952,79.64442031126504,-37.932748297235776,468.99999440265975,156.00000144215642,1.0,0.9725490212440491,0.6745098233222961,calibrated_uv_reprojection_plus_stereo_left
186.4062042236328,-136.49473571777344,-619.5641479492188,148.47595946957563,78.0151353505558,-38.40283888043905,470.0000095437908,156.000000144754,1.0,0.9686274528503418,0.6784313917160034,calibrated_uv_reprojection_plus_stereo_left
187.9010009765625,-136.6099853515625,-620.0574340820312,147.90529344630664,76.52741558555442,-38.71456320329668,470.999997628023,156.00000142305973,1.0,0.9686274528503418,0.6823529601097107,calibrated_uv_reprojection_plus_stereo_left
189.47882080078125,-136.78347778320312,-620.8150024414062,147.43857084746924,74.86806691068313,-39.21149769680767,471.99999530785266,156.00000100843258,1.0,0.9647058844566345,0.7098039388656616,calibrated_uv_reprojection_plus_stereo_left
190.91041564941406,-136.8496551513672,-621.08544921875,146.7763819708763,73.51913420108201,-39.3668806129545,473.00000048389404,156.00000064854993,1.0,0.9647058844566345,0.7333333492279053,calibrated_uv_reprojection_plus_stereo_left
192.4647979736328,-137.0022735595703,-621.7481689453125,146.2687242233439,71.91584230739824,-39.797184662875054,473.9999879540288,156.00000251881204,0.9960784316062927,0.9215686321258545,0.7176470756530762,calibrated_uv_reprojection_plus_stereo_left
92.11243438720703,-137.74346923828125,-633.559814453125,209.3114142950518,155.47205018594616,-51.40905232631468,398.00000184992194,157.0000013193395,0.5568627715110779,0.4274509847164154,0.1921568661928177,calibrated_uv_reprojection_plus_stereo_left
93.41827392578125,-137.66920471191406,-633.1881103515625,208.35382232912127,154.47365472044407,-51.11212434498333,398.9999994941312,156.9999947764273,0.6823529601097107,0.5960784554481506,0.35686275362968445,calibrated_uv_reprojection_plus_stereo_left
94.71837615966797,-137.58859252929688,-632.787353515625,207.38289757675773,153.49115747443017,-50.794730367819,399.99999792608736,157.000005953188,0.8392156958580017,0.7686274647712708,0.5098039507865906,calibrated_uv_reprojection_plus_stereo_left
96.01946258544922,-137.51156616210938,-632.4030151367188,206.42080334760465,152.50163921385325,-50.48895457792469,401.00000077141004,157.0000001265379,0.8941176533699036,0.8509804010391235,0.5607843399047852,calibrated_uv_reprojection_plus_stereo_left
97.3157958984375,-137.4298553466797,-631.9971923828125,205.44914976888606,151.52431732589588,-50.16805099173257,402.00000333228843,156.99999847868878,0.9686274528503418,0.9411764740943909,0.6352941393852234,calibrated_uv_reprojection_plus_stereo_left
98.6009292602539,-137.33468627929688,-631.529541015625,204.44857910760572,150.5799305320736,-49.80354364177117,402.9999989484027,157.00000078642148,1.0,1.0,0.6549019813537598,calibrated_uv_reprojection_plus_stereo_left
99.9090347290039,-137.27354431152344,-631.2183837890625,203.52426067626692,149.55687036054178,-49.54954345041301,403.9999986690979,157.0000013559573,1.0,1.0,0.6431372761726379,calibrated_uv_reprojection_plus_stereo_left
101.18839263916016,-137.17495727539062,-630.735107421875,202.518061230738,148.6233737567257,-49.17409274616875,404.99999567963295,157.0000066781829,1.0,0.9960784316062927,0.6392157077789307,calibrated_uv_reprojection_plus_stereo_left
102.4732666015625,-137.08624267578125,-630.2971801757812,201.53462229343046,147.66806579766353,-48.830684879581156,406.0000033514926,156.99999851632666,1.0,1.0,0.6431372761726379,calibrated_uv_reprojection_plus_stereo_left
103.77701568603516,-137.024658203125,-629.984130859375,200.61170150049043,146.64951509043289,-48.57545777295019,406.99999683162065,157.00000763640674,0.9647058844566345,0.9607843160629272,0.6078431606292725,calibrated_uv_reprojection_plus_stereo_left
104.89777374267578,-136.72604370117188,-628.581298828125,199.17094646862307,146.19886531401397,-47.55125307679191,407.99999917306377,157.0000020573238,0.8549019694328308,0.7803921699523926,0.47843137383461,calibrated_uv_reprojection_plus_stereo_left
106.17660522460938,-136.63832092285156,-628.1481323242188,198.1936670084404,145.24704190630905,-47.21138326107234,409.0000001065094,157.00000193390107,0.6745098233222961,0.5568627715110779,0.29019609093666077,calibrated_uv_reprojection_plus_stereo_left
107.4323959350586,-136.52342224121094,-627.590087890625,197.15822816176325,144.36210120183335,-46.7834513824053,409.99999641880686,157.00000364287604,0.6784313917160034,0.5764706134796143,0.38823530077934265,calibrated_uv_reprojection_plus_stereo_left
108.67796325683594,-136.3984375,-626.9856567382812,196.10214803216127,143.50344806983816,-46.32284189425235,411.0000018730794,156.9999936461501,0.9058823585510254,0.8196078538894653,0.6784313917160034,calibrated_uv_reprojection_plus_stereo_left
109.73246765136719,-136.03953552246094,-625.30615234375,194.54121392132987,143.21422995795393,-45.1039195151958,412.0000020836107,156.999995806038,1.0,0.9686274528503418,0.8549019694328308,calibrated_uv_reprojection_plus_stereo_left
111.01412200927734,-135.9674072265625,-624.9449462890625,193.60340446980092,142.23298025378648,-44.81506767491106,412.9999974818866,157.0000060347304,1.0,0.9843137264251709,0.8823529481887817,calibrated_uv_reprojection_plus_stereo_left
112.32252502441406,-135.92929077148438,-624.7399291992188,192.73954143542613,141.16986773113103,-44.63639393235377,414.00000556374647,156.99999002928394,1.0,0.9882352948188782,0.8784313797950745,calibrated_uv_reprojection_plus_stereo_left
113.60736846923828,-135.86380004882812,-624.4092407226562,191.81734448428824,140.17439719314802,-44.36912030050985,415.00000118406297,156.9999937581308,0.9960784316062927,0.9725490212440491,0.8588235378265381,calibrated_uv_reprojection_plus_stereo_left
114.94584655761719,-135.86312866210938,-624.3765258789062,191.0346754776321,139.02051487853345,-44.3120171044344,415.9999950165152,157.00000743659734,0.9372549057006836,0.9098039269447327,0.7960784435272217,calibrated_uv_reprojection_plus_stereo_left
116.31404876708984,-135.89712524414062,-624.5029907226562,190.32595771011455,137.78105897129603,-44.36714292506235,416.99999820445265,156.99999958657304,0.9725490212440491,0.9450980424880981,0.8274509906768799,calibrated_uv_reprojection_plus_stereo_left
117.69207763671875,-135.9416046142578,-624.6776123046875,189.63912945213872,136.51499148428235,-44.45620514645549,418.00000423090376,156.99999222653958,0.9960784316062927,0.9803921580314636,0.8627451062202454,calibrated_uv_reprojection_plus_stereo_left
119.0716552734375,-135.98675537109375,-624.8554077148438,188.95321200587796,135.24639485028752,-44.547493412258405,419.00000020735905,157.00000272530735,0.9843137264251709,0.9725490212440491,0.8549019694328308,calibrated_uv_reprojection_plus_stereo_left
120.43729400634766,-136.0150909423828,-624.955810546875,188.23107476192894,134.01894136380633,-44.584183945937866,419.9999992873817,156.99999541667964,0.9607843160629272,0.9607843160629272,0.8196078538894653,calibrated_uv_reprojection_plus_stereo_left
121.76213836669922,-135.99713134765625,-624.8435668945312,187.41078344747837,132.90674178659611,-44.470964780886106,421.00000251286644,156.999999907014,0.9882352948188782,0.9882352948188782,0.843137264251709,calibrated_uv_reprojection_plus_stereo_left
123.06925964355469,-135.9599151611328,-624.642822265625,186.5500774014974,131.84315258849114,-44.29536636900946,421.999999795229,156.99999846723722,0.9882352948188782,0.9764705896377563,0.8470588326454163,calibrated_uv_reprojection_plus_stereo_left
124.33210754394531,-135.87503051757812,-624.2230834960938,185.5895923328526,130.90021978594018,-43.96543056343063,423.0000012202409,156.99999457132276,0.9450980424880981,0.9333333373069763,0.8039215803146362,calibrated_uv_reprojection_plus_stereo_left
125.73731994628906,-135.94578552246094,-624.5184326171875,184.95617363804422,129.56522443663187,-44.13951438977415,424.0000002407071,157.00000089703008,0.9882352948188782,0.9882352948188782,0.843137264251709,calibrated_uv_reprojection_plus_stereo_left
127.01325225830078,-135.87667846679688,-624.1712036132812,184.02962599494202,128.58371298098137,-43.86071912628165,424.99999905302343,156.99999634932652,1.0,1.0,0.8549019694328308,calibrated_uv_reprojection_plus_stereo_left
128.29266357421875,-135.81259155273438,-623.84716796875,183.11431985566276,127.59048642930009,-43.59831173096683,425.99999897641453,157.00000893343363,0.9921568632125854,1.0,0.8549019694328308,calibrated_uv_reprojection_plus_stereo_left
129.58555603027344,-135.76390075683594,-623.5936889648438,182.23163870225147,126.55905119361279,-43.38562788177933,427.00000737575044,156.9999909952802,0.9921568632125854,1.0,0.8549019694328308,calibrated_uv_reprojection_plus_stereo_left
130.79974365234375,-135.63450622558594,-622.9697265625,181.18229729333984,125.73506931671398,-42.91196178842097,427.9999940359132,157.00000058982067,0.9921568632125854,1.0,0.8549019694328308,calibrated_uv_reprojection_plus_stereo_left
132.08433532714844,-135.5799102783203,-622.6893310546875,180.28896041754234,124.72096837211404,-42.680397457613935,428.99999108855104,157.00000668699596,0.9686274528503418,0.9803921580314636,0.8313725590705872,calibrated_uv_reprojection_plus_stereo_left
133.36546325683594,-135.52281188964844,-622.3973999023438,179.39102378186124,123.7142032372891,-42.44072479228879,429.9999977761746,157.000002182485,0.9607843160629272,0.9764705896377563,0.8235294222831726,calibrated_uv_reprojection_plus_stereo_left
134.65167236328125,-135.47189331054688,-622.1338500976562,178.50639696128172,122.69237110848496,-42.22106800047828,430.9999995254727,156.99999409168225,0.9647058844566345,0.9764705896377563,0.8274509906768799,calibrated_uv_reprojection_plus_stereo_left
135.9946746826172,-135.47845458984375,-622.1343994140625,177.74014194998387,121.52207792689973,-42.18746227890608,431.99999792745314,157.0000061965062,0.9882352948188782,1.0,0.8509804010391235,calibrated_uv_reprojection_plus_stereo_left
137.26307678222656,-135.41123962402344,-621.7960205078125,176.82295365825024,120.54380566909214,-41.91513473785341,433.00000492148524,156.9999938487909,0.9921568632125854,1.0,0.8549019694328308,calibrated_uv_reprojection_plus_stereo_left
138.55203247070312,-135.3653106689453,-621.5555419921875,175.9499162891609,119.51094254687939,-41.711797983046665,434.00000195566645,157.00000334469394,0.9921568632125854,1.0,0.8705882430076599,calibrated_uv_reprojection_plus_stereo_left
139.8410186767578,-135.32022094726562,-621.31884765625,175.0790363301807,118.47662658831194,-41.51113695514033,435.0000081821436,156.99999856724673,0.9921568632125854,1.0,0.8705882430076599,calibrated_uv_reprojection_plus_stereo_left
140.9896697998047,-135.1414031982422,-620.46826171875,173.93769648139096,117.79468597735013,-40.878255530778404,435.99999772740966,157.00000507319794,0.9647058844566345,0.9803921580314636,0.8352941274642944,calibrated_uv_reprojection_plus_stereo_left
142.2675323486328,-135.0885467529297,-620.1959838867188,173.05284515882573,116.78339986926738,-40.65261754356868,437.00000397547694,157.0000016676894,0.9529411792755127,0.9686274528503418,0.8235294222831726,calibrated_uv_reprojection_plus_stereo_left
143.53663635253906,-135.02838134765625,-619.8901977539062,172.15385506513655,115.7923065416702,-40.40341753768047,437.99998941408796,157.0000021471314,0.9803921580314636,0.9960784316062927,0.8588235378265381,calibrated_uv_reprojection_plus_stereo_left
144.8068389892578,-134.97024536132812,-619.59375,171.2595706546847,114.79675560957594,-40.16081852063877,438.9999994298079,157.00000233348487,0.9803921580314636,0.9921568632125854,0.8588235378265381,calibrated_uv_reprojection_plus_stereo_left
146.17605590820312,-135.00454711914062,-619.7216796875,170.55109758198967,113.55587365293758,-40.21696730608744,440.00000309382506,157.0000073540561,0.9882352948188782,0.9960784316062927,0.8666666746139526,calibrated_uv_reprojection_plus_stereo_left
147.4412078857422,-134.9429473876953,-619.4093017578125,169.65060881867822,112.57068885836406,-39.963181280862386,440.9999963622298,156.99999788928034,0.9921568632125854,1.0,0.8627451062202454,calibrated_uv_reprojection_plus_stereo_left
148.7131805419922,-134.88853454589844,-619.1300659179688,168.76513128326252,111.5671506964593,-39.732763531492765,441.99999412296376,157.00000968532817,0.9921568632125854,0.9843137264251709,0.8392156958580017,calibrated_uv_reprojection_plus_stereo_left
150.0034942626953,-134.85153198242188,-618.9306030273438,167.91476278578432,110.51771781100416,-39.55849197070353,442.999999457068,156.99999566514083,0.9725490212440491,0.9607843160629272,0.8156862854957581,calibrated_uv_reprojection_plus_stereo_left
151.2769012451172,-134.80003356933594,-618.6647338867188,167.03610725189833,109.50791536170209,-39.337520935401415,443.9999966828892,156.9999993270976,0.9960784316062927,0.9882352948188782,0.8313725590705872,calibrated_uv_reprojection_plus_stereo_left
152.5872344970703,-134.781982421875,-618.5523681640625,166.22403230017028,108.40840244412209,-39.224580122284635,444.9999975160211,157.0000003232275,0.9647058844566345,0.95686274766922,0.800000011920929,calibrated_uv_reprojection_plus_stereo_left
153.88400268554688,-134.75228881835938,-618.3865966796875,165.38920124649997,107.34072738045978,-39.074073591621755,446.0000031521521,157.0000039682154,0.9803921580314636,0.9764705896377563,0.8196078538894653,calibrated_uv_reprojection_plus_stereo_left
155.1811065673828,-134.7233428955078,-618.2242431640625,164.55613426904358,106.27147649608423,-38.92598211632213,447.0000016637005,157.0000035796951,1.0,0.9960784316062927,0.8352941274642944,calibrated_uv_reprojection_plus_stereo_left
156.65353393554688,-134.84573364257812,-618.75634765625,164.01954796923616,104.78917623543896,-39.266426533112906,448.0000018706823,157.0000064822289,1.0,0.9882352948188782,0.800000011920929,calibrated_uv_reprojection_plus_stereo_left
157.89932250976562,-134.77256774902344,-618.3910522460938,163.0998902900413,103.84069876847292,-38.9755690573308,448.9999981335573,157.000000891759,0.9960784316062927,0.9725490212440491,0.772549033164978,calibrated_uv_reprojection_plus_stereo_left
159.13111877441406,-134.68870544433594,-617.9767456054688,162.16022664872872,102.9227859690888,-38.65027839784153,449.99999801472615,157.00000115236807,1.0,0.9647058844566345,0.6901960968971252,calibrated_uv_reprojection_plus_stereo_left
160.36138916015625,-134.60488891601562,-617.5626220703125,161.22154836900233,102.0061284198124,-38.325149452300195,451.00000959124804,156.99999127249927,1.0,0.9450980424880981,0.6705882549285889,calibrated_uv_reprojection_plus_stereo_left
161.8515625,-134.73875427246094,-618.1472778320312,160.70484182367716,100.48866910830088,-38.70244857756211,452.00000467201664,156.99999363209986,1.0,0.9058823585510254,0.6235294342041016,calibrated_uv_reprojection_plus_stereo_left
163.23434448242188,-134.7816925048828,-618.3148193359375,160.01123589579237,99.22112648590218,-38.78637977317072,452.9999921040018,157.00000857219652,1.0,0.9058823585510254,0.6235294342041016,calibrated_uv_reprojection_plus_stereo_left
164.59938049316406,-134.80934143066406,-618.412109375,159.28765845131556,97.99536865686207,-38.8208806071504,453.99999595027236,157.00000811185225,1.0,0.9137254953384399,0.6196078658103943,calibrated_uv_reprojection_plus_stereo_left
165.92918395996094,-134.807861328125,-618.375732421875,158.50786911860996,96.85040578983575,-38.761383758584316,455.0000058157422,157.00000181405426,0.9960784316062927,0.8980392217636108,0.6000000238418579,calibrated_uv_reprojection_plus_stereo_left
167.05877685546875,-134.64498901367188,-617.59912109375,157.41965313647853,96.1573397663903,-38.18149399943343,455.99999582848056,157.00000393735428,1.0,0.9058823585510254,0.6117647290229797,calibrated_uv_reprojection_plus_stereo_left
168.40931701660156,-134.66128540039062,-617.6443481445312,156.67462011810142,94.96372603421099,-38.17940412806189,457.0000023755123,157.0000035645799,1.0,0.9176470637321472,0.6196078658103943,calibrated_uv_reprojection_plus_stereo_left
169.72201538085938,-134.64724731445312,-617.5504150390625,155.87172596317794,93.855240570896,-38.079484486277806,458.00001112236356,156.9999992013597,1.0,0.929411768913269,0.6196078658103943,calibrated_uv_reprojection_plus_stereo_left
171.04563903808594,-134.64198303222656,-617.4967651367188,155.0855923809528,92.72214082823632,-38.007888362290316,458.9999969361012,157.00000134200695,1.0,0.9529411792755127,0.6431372761726379,calibrated_uv_reprojection_plus_stereo_left
172.18765258789062,-134.494873046875,-616.7926025390625,154.03165868203598,91.99109685055356,-37.47911202824446,459.9999968166807,157.0000019308717,1.0,0.9764705896377563,0.6509804129600525,calibrated_uv_reprojection_plus_stereo_left
173.50392150878906,-134.48501586914062,-616.7178955078125,153.23770309629037,90.8722952739925,-37.39275137273029,461.00000900189633,156.99999967637828,1.0,0.9764705896377563,0.6509804129600525,calibrated_uv_reprojection_plus_stereo_left
174.71963500976562,-134.39791870117188,-616.2890014648438,152.29889209623866,89.97386079362752,-37.057510876569836,462.0000039138789,156.99999709949986,1.0,0.9764705896377563,0.6549019813537598,calibrated_uv_reprojection_plus_stereo_left
175.95445251464844,-134.32666015625,-615.9328002929688,151.39068164972832,89.03153757720457,-36.77339239193634,462.99999387066515,156.9999996024524,1.0,0.9882352948188782,0.6666666865348816,calibrated_uv_reprojection_plus_stereo_left
176.94712829589844,-134.0729217529297,-614.7399291992188,150.14291999320028,88.61378498072605,-35.90147968584722,464.0000036986434,157.00000086411268,0.9803921580314636,0.9333333373069763,0.6196078658103943,calibrated_uv_reprojection_plus_stereo_left
178.28265380859375,-134.0807647705078,-614.7464599609375,149.38436389620608,87.44775514351227,-35.87229828877986,465.0000002654672,156.99999684235553,0.772549033164978,0.7176470756530762,0.40392157435417175,calibrated_uv_reprojection_plus_stereo_left
179.76976013183594,-134.2015838623047,-615.2709350585938,148.83505075129364,85.9555208980891,-36.206949465458706,466.0000083787029,156.99999133029172,0.7764706015586853,0.7058823704719543,0.4117647111415863,calibrated_uv_reprojection_plus_stereo_left
181.47669982910156,-134.48348999023438,-616.533935546875,148.58196667542654,83.99494600727843,-37.06029855581363,466.9999925269299,156.9999994510036,0.95686274766922,0.8784313797950745,0.5882353186607361,calibrated_uv_reprojection_plus_stereo_left
183.04934692382812,-134.6624298095703,-617.3247680664062,148.13591611372414,82.32835240724779,-37.58186923337428,467.9999975089774,157.00000427992882,1.0,0.95686274766922,0.6549019813537598,calibrated_uv_reprojection_plus_stereo_left
184.62765502929688,-134.84288024902344,-618.1223754882812,147.69051417976868,80.65428096828452,-38.1080980534872,469.00000176782856,156.99999765533408,1.0,0.9647058844566345,0.658823549747467,calibrated_uv_reprojection_plus_stereo_left
186.223876953125,-135.03367614746094,-618.9673461914062,147.2619295598364,78.94685116217704,-38.66749745605972,470.0000026113216,156.99999474641993,1.0,0.9490196108818054,0.6509804129600525,calibrated_uv_reprojection_plus_stereo_left
187.8172607421875,-135.2196502685547,-619.7902221679688,146.82233355740289,77.25018396176483,-39.21129463734866,470.9999902541492,157.00000680619198,1.0,0.95686274766922,0.6666666865348816,calibrated_uv_reprojection_plus_stereo_left
189.52590942382812,-135.48533630371094,-620.978271484375,146.5254855307826,75.31620767197961,-40.01138762155773,472.00000163400273,157.00000391567005,1.0,0.95686274766922,0.686274528503418,calibrated_uv_reprojection_plus_stereo_left
190.9650421142578,-135.55593872070312,-621.2720947265625,145.87184553930462,73.95222495170395,-40.18352174667734,472.9999993994076,156.99999903047825,1.0,0.9529411792755127,0.6941176652908325,calibrated_uv_reprojection_plus_stereo_left
192.55926513671875,-135.7348175048828,-622.0621337890625,145.41303207451801,72.26712772641196,-40.70397920826218,473.9999997953871,156.99999846380106,1.0,0.9529411792755127,0.7137255072593689,calibrated_uv_reprojection_plus_stereo_left
94.57652282714844,-136.0374755859375,-631.8626708984375,205.94444035538123,154.51842932346642,-50.83547392537696,400.00000353631816,157.99999770356513,0.5647059082984924,0.45098039507865906,0.2078431397676468,calibrated_uv_reprojection_plus_stereo_left
95.87383270263672,-135.95860290527344,-631.466552734375,204.9783072830473,153.53631771458157,-50.52105939014825,400.99999716076235,158.00000587945115,0.7490196228027344,0.6666666865348816,0.40392157435417175,calibrated_uv_reprojection_plus_stereo_left
97.16352844238281,-135.8711700439453,-631.0305786132812,203.99384485778137,152.5757320158541,-50.17848679064838,402.0000041249924,157.9999929689794,0.8784313797950745,0.8235294222831726,0.5372549295425415,calibrated_uv_reprojection_plus_stereo_left
98.44475555419922,-135.7743377685547,-630.5511474609375,202.98944430460347,151.63878906014992,-49.80524959272054,402.99999875576725,158.00000526836442,0.929411768913269,0.9058823585510254,0.5921568870544434,calibrated_uv_reprojection_plus_stereo_left
99.76480865478516,-135.73284912109375,-630.3286743164062,202.10922425974866,150.5719229589016,-49.613707166758616,404.0000010415319,158.0000028182422,0.9921568632125854,0.9803921580314636,0.6509804129600525,calibrated_uv_reprojection_plus_stereo_left
101.06685638427734,-135.66819763183594,-629.9986572265625,201.17803954222023,149.56095936865142,-49.346160641040285,405.00000126854445,158.00000039198153,1.0,1.0,0.6509804129600525,calibrated_uv_reprojection_plus_stereo_left
102.35247802734375,-135.58338928222656,-629.5750732421875,200.20294752866164,148.59929602137828,-49.01250760388143,406.00000003127565,157.99999857829846,1.0,0.9960784316062927,0.6470588445663452,calibrated_uv_reprojection_plus_stereo_left
103.61946105957031,-135.47630310058594,-629.048095703125,199.17961390750298,147.6925359259107,-48.605818575126534,407.0000047488874,157.999998731641,1.0,0.9960784316062927,0.6549019813537598,calibrated_uv_reprojection_plus_stereo_left
104.77778625488281,-135.2316436767578,-627.8823852539062,197.8545723520287,147.11929156881433,-47.74776111684406,408.0000027779261,157.99999505010072,0.9882352948188782,0.9803921580314636,0.6627451181411743,calibrated_uv_reprojection_plus_stereo_left
106.03068542480469,-135.1136016845703,-627.3046875,196.8103909539367,146.2437705080389,-47.3053708421391,408.9999958063339,157.99999909690348,0.9686274528503418,0.9490196108818054,0.6392157077789307,calibrated_uv_reprojection_plus_stereo_left
107.27252197265625,-134.98448181152344,-626.6755981445312,195.74326047446732,145.39710419966713,-46.826721658842416,409.9999993189431,158.00000130363702,0.9803921580314636,0.9686274528503418,0.7411764860153198,calibrated_uv_reprojection_plus_stereo_left
108.4858169555664,-134.822998046875,-625.8963012695312,194.60688709958367,144.631472107972,-46.24200069927167,410.9999991932954,158.00000063493695,0.9960784316062927,0.9960784316062927,0.800000011920929,calibrated_uv_reprojection_plus_stereo_left
109.52676391601562,-134.45379638671875,-624.1527709960938,193.01980430645784,144.37656210884177,-44.97610139160503,412.00000258899433,157.99999226103887,1.0,0.9921568632125854,0.8705882430076599,calibrated_uv_reprojection_plus_stereo_left
110.82131958007812,-134.40097045898438,-623.8781127929688,192.1244079344761,143.35143197424122,-44.74811155163894,412.999997359712,158.00000352487893,1.0,0.9921568632125854,0.8941176533699036,calibrated_uv_reprojection_plus_stereo_left
112.14069366455078,-134.37905883789062,-623.7468872070312,191.29653771554604,142.25103575102713,-44.62145971192149,413.9999987383079,158.0000013082364,1.0,1.0,0.886274516582489,calibrated_uv_reprojection_plus_stereo_left
113.4361801147461,-134.32928466796875,-623.486328125,190.40865505410397,141.21981333925208,-44.40345900510363,415.0000026024908,157.99999619221256,1.0,0.9960784316062927,0.8784313797950745,calibrated_uv_reprojection_plus_stereo_left
114.77122497558594,-134.32687377929688,-623.4456787109375,189.62341225288725,140.07189773854475,-44.340812029794165,416.00000064116495,158.00000143745947,1.0,0.9960784316062927,0.8784313797950745,calibrated_uv_reprojection_plus_stereo_left
116.13922882080078,-134.36256408691406,-623.581787109375,188.92002422778336,138.82916308963752,-44.40299153850776,417.00000533540737,157.99999530198826,1.0,0.9960784316062927,0.8784313797950745,calibrated_uv_reprojection_plus_stereo_left
117.5052719116211,-134.39511108398438,-623.703369140625,188.20947080525008,137.59357575094754,-44.45490162715413,417.9999987927447,158.00000179914258,1.0,0.9960784316062927,0.8705882430076599,calibrated_uv_reprojection_plus_stereo_left
118.89274597167969,-134.45108032226562,-623.9335327148438,187.54853256095407,136.29870496874713,-44.583456357155114,419.00000087876776,157.99999288825904,0.9254902005195618,0.9137254953384399,0.7882353067398071,calibrated_uv_reprojection_plus_stereo_left
120.21349334716797,-134.4310760498047,-623.8112182617188,186.7249446678889,135.19378469694306,-44.46311108778241,420.00000441539584,157.9999991883276,0.8156862854957581,0.8117647171020508,0.6666666865348816,calibrated_uv_reprojection_plus_stereo_left
121.51811218261719,-134.3936004638672,-623.6078491210938,185.86440431261735,134.13322686554142,-44.285547870620746,420.9999990793929,158.0000067287469,0.9607843160629272,0.9607843160629272,0.8117647171020508,calibrated_uv_reprojection_plus_stereo_left
122.83087921142578,-134.3657684326172,-623.4491577148438,185.02466818758785,133.0488557031556,-44.13953359086548,422.00000663626133,158.00000100303708,1.0,1.0,0.8509804010391235,calibrated_uv_reprojection_plus_stereo_left
124.08578491210938,-134.27584838867188,-623.00244140625,184.05393502159245,132.1226040101011,-43.7902121744288,423.00000285436704,158.00000097564134,1.0,1.0,0.8549019694328308,calibrated_uv_reprojection_plus_stereo_left
125.47467803955078,-134.33120727539062,-623.2297973632812,183.39057716667838,130.8275528290739,-43.91674242458396,423.99999736632316,158.00000299403268,0.9960784316062927,1.0,0.8549019694328308,calibrated_uv_reprojection_plus_stereo_left
126.7315444946289,-134.24545288085938,-622.8024291992188,182.42974616885198,129.89235582996258,-43.58112485935078,425.00000305979614,157.99999959334048,0.9960784316062927,1.0,0.8549019694328308,calibrated_uv_reprojection_plus_stereo_left
128.00228881835938,-134.17596435546875,-622.4505615234375,181.50398730853232,128.9168354132555,-43.29883483890325,426.0000012635486,157.99999714763337,0.9921568632125854,1.0,0.8549019694328308,calibrated_uv_reprojection_plus_stereo_left
129.2727813720703,-134.10755920410156,-622.103759765625,180.5812551919161,127.93964099287507,-43.020154134663755,427.00000572643165,157.99999658925375,0.9607843160629272,0.9725490212440491,0.8235294222831726,calibrated_uv_reprojection_plus_stereo_left
130.50439453125,-134.0005645751953,-621.5780029296875,179.5788048600392,127.06324062905753,-42.615228674193474,427.99999879828295,157.99999898478137,0.9764705896377563,0.9882352948188782,0.8392156958580017,calibrated_uv_reprojection_plus_stereo_left
131.78897094726562,-133.94947814941406,-621.3115844726562,178.69381089749828,126.04371571924082,-42.39333968340651,429.00000507586185,157.99999631216807,0.9647058844566345,0.9803921580314636,0.8274509906768799,calibrated_uv_reprojection_plus_stereo_left
133.08575439453125,-133.91163635253906,-621.1066284179688,177.8368479307266,124.99057295957482,-42.21484045786667,429.9999982295191,157.9999953011071,0.9843137264251709,0.9960784316062927,0.8470588326454163,calibrated_uv_reprojection_plus_stereo_left
134.35549926757812,-133.84751892089844,-620.7798461914062,176.92593963961133,124.00654560389785,-41.95041412022033,430.99999754503034,157.99999826287535,0.9921568632125854,1.0,0.8549019694328308,calibrated_uv_reprojection_plus_stereo_left
135.6945343017578,-133.85293579101562,-620.7755737304688,176.1591366664478,122.84154942375318,-41.913527326336805,431.9999962733588,158.00000139330245,0.9921568632125854,1.0,0.8549019694328308,calibrated_uv_reprojection_plus_stereo_left
136.97866821289062,-133.80455017089844,-620.521728515625,175.2815589012448,121.81770629838195,-41.700586091655055,432.9999989168915,157.99999507790153,0.9921568632125854,1.0,0.8549019694328308,calibrated_uv_reprojection_plus_stereo_left
138.26309204101562,-133.75729370117188,-620.273193359375,174.4068309571852,120.79162973114859,-41.49141876748217,433.999999934727,157.9999975591929,0.9803921580314636,0.9921568632125854,0.8470588326454163,calibrated_uv_reprojection_plus_stereo_left
139.51910400390625,-133.6836395263672,-619.9022827148438,173.47863048607877,119.83606947215611,-41.19596732262579,435.0000006040012,158.0000022845157,0.9372549057006836,0.9529411792755127,0.8039215803146362,calibrated_uv_reprojection_plus_stereo_left
140.68479919433594,-133.5255889892578,-619.1400756835938,172.3791543791193,119.10552021952401,-40.62460437041949,435.99999649895506,158.0000082014218,0.929411768913269,0.9450980424880981,0.8039215803146362,calibrated_uv_reprojection_plus_stereo_left
141.94764709472656,-133.46177673339844,-618.8148193359375,171.47305967972096,118.12692676709622,-40.361431892717064,437.0000003569868,158.0000033442818,0.9803921580314636,0.9921568632125854,0.8509804010391235,calibrated_uv_reprojection_plus_stereo_left
143.23126220703125,-133.41842651367188,-618.58447265625,170.60915629859778,117.09475031413888,-40.16521264246205,437.99999845757014,158.00000050940997,0.9960784316062927,1.0,0.8666666746139526,calibrated_uv_reprojection_plus_stereo_left
144.4751434326172,-133.33912658691406,-618.1875,169.67304212899683,116.15950269302249,-39.85153667312966,438.9999958930856,158.00000204258174,1.0,0.9960784316062927,0.8666666746139526,calibrated_uv_reprojection_plus_stereo_left
145.76931762695312,-133.30718994140625,-618.0101318359375,168.83327715928624,115.0983177722432,-39.69271855281039,439.99999836744587,158.00000292743277,0.9921568632125854,0.9921568632125854,0.8627451062202454,calibrated_uv_reprojection_plus_stereo_left
147.03305053710938,-133.24818420410156,-617.707275390625,167.93943003338575,114.11057870254558,-39.445451371705815,440.99999435505987,158.00000139096943,0.9686274528503418,0.9607843160629272,0.8274509906768799,calibrated_uv_reprojection_plus_stereo_left
148.29098510742188,-133.1849365234375,-617.3848266601562,167.03772811843282,113.13522198901813,-39.184406730415105,442.0000000093744,158.00000759075795,0.9725490212440491,0.9490196108818054,0.7960784435272217,calibrated_uv_reprojection_plus_stereo_left
149.53814697265625,-133.11317443847656,-617.0228881835938,166.11969530077266,112.18401342304696,-38.89555340980587,442.9999967249875,158.00000579039465,0.9882352948188782,0.9686274528503418,0.8156862854957581,calibrated_uv_reprojection_plus_stereo_left
150.78021240234375,-133.03810119628906,-616.6456298828125,165.19584786744076,111.24297362789235,-38.5959369579665,444.0000015886147,158.00000367992448,0.9843137264251709,0.9764705896377563,0.8196078538894653,calibrated_uv_reprojection_plus_stereo_left
152.02679443359375,-132.96823120117188,-616.29248046875,164.2831575905018,110.2889799376639,-38.31334242939937,445.0000044643133,157.99999520706672,1.0,0.9921568632125854,0.8352941274642944,calibrated_uv_reprojection_plus_stereo_left
153.33499145507812,-132.9529266357422,-616.1923217773438,163.47935433867156,109.18670673312181,-38.209063823939005,445.99999539043273,157.99999796986594,0.9960784316062927,0.9960784316062927,0.8196078538894653,calibrated_uv_reprojection_plus_stereo_left
154.640869140625,-132.93580627441406,-616.0838012695312,162.67210557071547,108.0895853903155,-38.09890432865717,446.9999931698214,158.00000866370937,0.9921568632125854,0.9803921580314636,0.7843137383460999,calibrated_uv_reprojection_plus_stereo_left
155.99388122558594,-132.95909118652344,-616.1624145507812,161.9445362023065,106.88141070041024,-38.1205844901275,448.0000085697525,157.99999997336982,1.0,0.9803921580314636,0.7137255072593689,calibrated_uv_reprojection_plus_stereo_left
157.2650604248047,-132.9127655029297,-615.9185180664062,161.0800089005382,105.86513930629332,-37.915050889426254,449.0000020947497,158.00000392906503,1.0,0.9686274528503418,0.6980392336845398,calibrated_uv_reprojection_plus_stereo_left
158.58013916015625,-132.90394592285156,-615.848388671875,160.2893842683792,104.74563770531046,-37.83194353284546,450.0000005949884,158.0000002568064,1.0,0.9254902005195618,0.6352941393852234,calibrated_uv_reprojection_plus_stereo_left
159.9059600830078,-132.9041290283203,-615.8200073242188,159.5163967942912,103.60116848001604,-37.77824922184686,451.00000024064997,158.00000170792092,1.0,0.9137254953384399,0.6235294342041016,calibrated_uv_reprojection_plus_stereo_left
161.4899139404297,-133.11703491210938,-616.7772216796875,159.1573257548476,101.8632450531897,-38.41874470872284,451.9999959829425,157.99999976483537,1.0,0.9137254953384399,0.6274510025978088,calibrated_uv_reprojection_plus_stereo_left
162.8352508544922,-133.1313018798828,-616.8140869140625,158.41034660505335,100.67737822467063,-38.410949585520996,452.99999190812787,158.0000084761061,1.0,0.9019607901573181,0.615686297416687,calibrated_uv_reprojection_plus_stereo_left
164.16729736328125,-133.13450622558594,-616.7996215820312,157.64173415658757,99.52227897333114,-38.36698873920875,453.9999936144595,158.00000571452276,1.0,0.9019607901573181,0.6117647290229797,calibrated_uv_reprojection_plus_stereo_left
165.54481506347656,-133.17416381835938,-616.9540405273438,156.94333743976927,98.26441133364779,-38.44194935104014,455.0000054021752,158.00000478721623,1.0,0.8980392217636108,0.6078431606292725,calibrated_uv_reprojection_plus_stereo_left
166.69456481933594,-133.03138732910156,-616.2633056640625,155.89367374155358,97.52102205697645,-37.92179684954641,455.999991965768,158.00000128259626,1.0,0.9058823585510254,0.6078431606292725,calibrated_uv_reprojection_plus_stereo_left
168.00416564941406,-133.01734924316406,-616.1689453125,155.09238255506347,96.41535111689609,-37.821597129372265,457.00000316408307,157.99999225804916,1.0,0.9137254953384399,0.6117647290229797,calibrated_uv_reprojection_plus_stereo_left
169.31112670898438,-133.0013885498047,-616.0657958984375,154.28757546803985,95.31527659311286,-37.71522785924202,457.9999996988887,158.00000145222947,1.0,0.9372549057006836,0.6235294342041016,calibrated_uv_reprojection_plus_stereo_left
170.6080322265625,-132.97779846191406,-615.9271850585938,153.46833471475742,94.23721193456106,-37.58388691885335,459.00000358425757,157.99998963563192,1.0,0.9647058844566345,0.6509804129600525,calibrated_uv_reprojection_plus_stereo_left
171.72886657714844,-132.8183135986328,-615.1593017578125,152.39123136686186,93.54787064601317,-37.00962449758856,460.00000314983265,157.99999854660584,1.0,0.9764705896377563,0.6509804129600525,calibrated_uv_reprojection_plus_stereo_left
173.02587890625,-132.7964324951172,-615.0287475585938,151.5765026701414,92.46670857460208,-36.88401926293574,461.00000550534673,158.00000214744315,1.0,0.9803921580314636,0.6549019813537598,calibrated_uv_reprojection_plus_stereo_left
174.2852325439453,-132.74615478515625,-614.7666625976562,150.7083731802478,91.46753852849537,-36.66584978409861,462.0000019354951,158.000000829646,1.0,0.9882352948188782,0.6705882549285889,calibrated_uv_reprojection_plus_stereo_left
175.5275421142578,-132.68368530273438,-614.4481811523438,149.81785039147786,90.50431074654415,-36.40802030216463,462.99999779478054,158.00000642428483,0.8705882430076599,0.8274509906768799,0.5098039507865906,calibrated_uv_reprojection_plus_stereo_left
176.75599670410156,-132.61170959472656,-614.0856323242188,148.9101530789315,89.56962616078164,-36.119202946449604,463.9999986961957,158.0000001466384,0.6901960968971252,0.6039215922355652,0.3176470696926117,calibrated_uv_reprojection_plus_stereo_left
178.1270751953125,-132.64694213867188,-614.2196044921875,148.2037832148216,88.32501739349459,-36.179793100138056,464.99999894384064,158.0000044860654,0.6000000238418579,0.5098039507865906,0.22745098173618317,calibrated_uv_reprojection_plus_stereo_left
179.59127807617188,-132.7504425048828,-614.6696166992188,147.6242356145856,86.88109053291737,-36.46271590969735,465.99999914552416,158.00000214361472,0.6745098233222961,0.5803921818733215,0.29411765933036804,calibrated_uv_reprojection_plus_stereo_left
181.2584686279297,-133.00131225585938,-615.8018798828125,147.31733961205418,85.0051876653963,-37.22555622571173,467.00000908353263,157.99999520316555,0.9529411792755127,0.8627451062202454,0.5764706134796143,calibrated_uv_reprojection_plus_stereo_left
182.7988739013672,-133.1561279296875,-616.4893798828125,146.8295292009081,83.40606660346765,-37.6754003520316,468.00000017294474,157.99999837559915,1.0,0.9450980424880981,0.6470588445663452,calibrated_uv_reprojection_plus_stereo_left
184.48289489746094,-133.41250610351562,-617.64697265625,146.52744528757665,81.50603149417748,-38.45582689567095,469.00000307309875,157.99999647779723,0.9921568632125854,0.9098039269447327,0.6078431606292725,calibrated_uv_reprojection_plus_stereo_left
186.0978546142578,-133.61557006835938,-618.5576782226562,146.12418360521372,79.75849046968415,-39.0624770649938,469.99999494518966,158.00000092549317,1.0,0.929411768913269,0.615686297416687,calibrated_uv_reprojection_plus_stereo_left
187.69113159179688,-133.80023193359375,-619.383056640625,145.68471600832004,78.0617434156274,-39.609005827138844,470.99999679741927,157.99999734343092,1.0,0.9607843160629272,0.6470588445663452,calibrated_uv_reprojection_plus_stereo_left
189.6025390625,-134.20741271972656,-621.2384033203125,145.65017782770565,75.7026819678623,-40.879759625804695,471.9999930280626,157.99999763803615,1.0,0.9607843160629272,0.6666666865348816,calibrated_uv_reprojection_plus_stereo_left
191.10531616210938,-134.32159423828125,-621.7373657226562,145.07648221081973,74.20684588864782,-41.19651166655865,473.000003727372,157.99999946495302,0.9921568632125854,0.9411764740943909,0.6549019813537598,calibrated_uv_reprojection_plus_stereo_left
192.7440948486328,-134.52906799316406,-622.6680908203125,144.67102512550474,72.43106655433047,-41.81679217095899,473.99999721158485,158.00000304751455,0.9843137264251709,0.8901960849761963,0.615686297416687,calibrated_uv_reprojection_plus_stereo_left
97.03205108642578,-134.34536743164062,-630.198974609375,202.60635584224605,153.55697394461936,-50.28242459316209,401.99999912410254,158.99999603069307,0.6274510025978088,0.5254902243614197,0.2705882489681244,calibrated_uv_reprojection_plus_stereo_left
98.32403564453125,-134.2665557861328,-629.7997436523438,201.64204386172707,152.58035466809002,-49.96554416095529,403.0000027614061,159.00000155977938,0.7803921699523926,0.7176470756530762,0.4431372582912445,calibrated_uv_reprojection_plus_stereo_left
99.6010513305664,-134.1696319580078,-629.3155517578125,200.63803386338617,151.64846906311732,-49.58854071077593,403.99999722373974,159.0000007624143,0.8666666746139526,0.8156862854957581,0.5137255191802979,calibrated_uv_reprojection_plus_stereo_left
100.91703033447266,-134.126953125,-629.0858764648438,199.75631314522138,150.58769105769068,-49.391788413693575,404.99999877723343,159.00000860810303,0.9607843160629272,0.9372549057006836,0.615686297416687,calibrated_uv_reprojection_plus_stereo_left
102.22267150878906,-134.07176208496094,-628.7974243164062,198.84713191981655,149.55783738114542,-49.15343274326091,405.9999994532423,158.99999875427685,1.0,1.0,0.6666666865348816,calibrated_uv_reprojection_plus_stereo_left
103.49933624267578,-133.98037719726562,-628.33935546875,197.85815068034015,148.6165157271904,-48.79504400419603,406.99999796541704,159.00000508911376,1.0,1.0,0.6509804129600525,calibrated_uv_reprojection_plus_stereo_left
104.65723419189453,-133.73948669433594,-627.1801147460938,196.53878698422886,148.040241080721,-47.94037303977217,407.99999763871494,158.9999965065495,1.0,0.9921568632125854,0.6549019813537598,calibrated_uv_reprojection_plus_stereo_left
105.90736389160156,-133.62095642089844,-626.5948486328125,195.49272025947766,147.1694889256101,-47.49208176618566,408.9999968278459,159.00000076128958,1.0,0.9882352948188782,0.658823549747467,calibrated_uv_reprojection_plus_stereo_left
107.14210510253906,-133.4861297607422,-625.9331665039062,194.4120494590166,146.3406472059424,-46.98976131231939,409.9999991875426,158.99999695742554,1.0,0.9843137264251709,0.6941176652908325,calibrated_uv_reprojection_plus_stereo_left
108.36228942871094,-133.3366241455078,-625.2027587890625,193.30065231548411,145.55013076513308,-46.43887712459508,410.9999991601434,159.00000030358876,1.0,0.9882352948188782,0.7137255072593689,calibrated_uv_reprojection_plus_stereo_left
109.40497589111328,-132.97494506835938,-623.4775390625,191.72563655073617,145.28537869906972,-45.18411010477956,412.00000317381443,158.99999380796126,1.0,0.9921568632125854,0.8235294222831726,calibrated_uv_reprojection_plus_stereo_left
110.69776153564453,-132.92221069335938,-623.2010498046875,190.83056976678012,144.26227198956963,-44.95461001637858,412.9999965976658,159.0000027141684,1.0,0.9921568632125854,0.8509804010391235,calibrated_uv_reprojection_plus_stereo_left
112.01377868652344,-132.89820861816406,-623.0592041015625,189.99871807955623,143.1686874329605,-44.82038758201213,413.9999981662995,158.99999853897037,1.0,0.9960784316062927,0.8745098114013672,calibrated_uv_reprojection_plus_stereo_left
113.33074188232422,-132.8757781982422,-622.9248046875,189.17054422675886,142.07150680694502,-44.69145100796965,414.99999790254816,159.00000547365687,1.0,0.9960784316062927,0.8784313797950745,calibrated_uv_reprojection_plus_stereo_left
114.61392211914062,-132.81463623046875,-622.60888671875,188.2585797261175,141.07147205620936,-44.43411081883568,416.00000237387985,159.0000036898657,1.0,1.0,0.8784313797950745,calibrated_uv_reprojection_plus_stereo_left
116.00011444091797,-132.87281799316406,-622.8523559570312,187.605482763383,139.77300503054693,-44.5724847868438,416.9999978046095,159.000005400391,1.0,1.0,0.8784313797950745,calibrated_uv_reprojection_plus_stereo_left
117.36304473876953,-132.9032440185547,-622.9656372070312,186.89174054864765,138.5433677899444,-44.618739014106495,418.0000016056907,158.99999763792704,1.0,0.9960784316062927,0.8705882430076599,calibrated_uv_reprojection_plus_stereo_left
118.74302673339844,-132.9519805908203,-623.164794921875,186.21702292533945,137.26684319987083,-44.725718593311626,419.00000196222334,159.00000065773818,0.9843137264251709,0.9725490212440491,0.8470588326454163,calibrated_uv_reprojection_plus_stereo_left
120.0218734741211,-132.8875732421875,-622.8336181640625,185.29886440065104,136.27627771234262,-44.457624446039176,420.00000142862984,159.00000133592283,0.9019607901573181,0.9058823585510254,0.7607843279838562,calibrated_uv_reprojection_plus_stereo_left
121.30620574951172,-132.83050537109375,-622.536865234375,184.39712387161404,135.26809068326543,-44.21390325359744,421.0000010780517,159.00000188866073,0.9764705896377563,0.9803921580314636,0.8352941274642944,calibrated_uv_reprojection_plus_stereo_left
122.59873962402344,-132.78347778320312,-622.2872314453125,183.5174538167949,134.2351834150187,-44.00353084616961,421.9999954288462,159.0000091616286,0.9960784316062927,1.0,0.8509804010391235,calibrated_uv_reprojection_plus_stereo_left
123.84510040283203,-132.6879119873047,-621.81005859375,182.5349375426694,133.3273815231525,-43.632294193284054,423.0000024423336,159.0000012059461,0.9960784316062927,1.0,0.8509804010391235,calibrated_uv_reprojection_plus_stereo_left
125.16436767578125,-132.6715850830078,-621.7042846679688,181.72171295215276,132.21750975154833,-43.52367662840834,424.00000017083437,158.99999992091114,0.9843137264251709,0.9843137264251709,0.8392156958580017,calibrated_uv_reprojection_plus_stereo_left
126.41818237304688,-132.5868682861328,-621.278076171875,180.76387421818868,131.28420642046507,-43.18854806803836,424.999998855247,159.00000226504068,0.9803921580314636,0.9803921580314636,0.8352941274642944,calibrated_uv_reprojection_plus_stereo_left
127.67963409423828,-132.5117645263672,-620.8969116210938,179.82726171025342,130.32744217803105,-42.885296534089946,426.00000349160575,158.99999909457006,0.9843137264251709,0.9960784316062927,0.8470588326454163,calibrated_uv_reprojection_plus_stereo_left
128.92982482910156,-132.42657470703125,-620.4685668945312,178.8702770091769,129.39809391091148,-42.54873951332479,426.99999510040954,159.00000315419766,0.9450980424880981,0.9607843160629272,0.8078431487083435,calibrated_uv_reprojection_plus_stereo_left
130.19715881347656,-132.36045837402344,-620.1295776367188,177.95425753285832,128.42047098137584,-42.27537076130977,428.0000065448789,159.00000045032732,0.9764705896377563,0.9921568632125854,0.8392156958580017,calibrated_uv_reprojection_plus_stereo_left
131.4917449951172,-132.3230438232422,-619.9251098632812,177.09907134116224,127.36892257852327,-42.097103228790274,429.0000011112447,159.00000216568606,0.9921568632125854,1.0,0.8549019694328308,calibrated_uv_reprojection_plus_stereo_left
132.78968811035156,-132.28965759277344,-619.739501953125,176.25268351490462,126.30741123907632,-41.93217722035803,429.99999121426185,158.9999996035408,0.9921568632125854,1.0,0.8549019694328308,calibrated_uv_reprojection_plus_stereo_left
134.08413696289062,-132.25338745117188,-619.5404052734375,175.40062886075395,125.25397706985353,-41.75773564354904,430.99999773431625,158.99999838442284,0.9921568632125854,1.0,0.8549019694328308,calibrated_uv_reprojection_plus_stereo_left
135.40296936035156,-132.24156188964844,-619.4558715820312,174.59970811163112,124.13656391284354,-41.66425799310559,432.0000021905404,159.00000416359472,0.9882352948188782,1.0,0.8509804010391235,calibrated_uv_reprojection_plus_stereo_left
136.67840576171875,-132.1879425048828,-619.175537109375,173.71237147797342,123.13000096233333,-41.43245128609732,432.9999964206958,159.00000350084957,0.9725490212440491,0.9882352948188782,0.8352941274642944,calibrated_uv_reprojection_plus_stereo_left
137.9622039794922,-132.14328002929688,-618.9371337890625,172.84408087557551,122.10050619901949,-41.230285895883014,434.000006825647,158.99999591303123,0.9647058844566345,0.9803921580314636,0.8274509906768799,calibrated_uv_reprojection_plus_stereo_left
139.21302795410156,-132.06813049316406,-618.5560302734375,171.91356351140018,121.15298178648311,-40.92735083265535,434.99999296284966,158.99999970680824,0.9529411792755127,0.9725490212440491,0.8156862854957581,calibrated_uv_reprojection_plus_stereo_left
140.3773193359375,-131.91299438476562,-617.80029296875,170.819698617195,120.4206037401039,-40.3598356629376,436.0000047096032,158.9999944757218,0.9725490212440491,0.9843137264251709,0.8392156958580017,calibrated_uv_reprojection_plus_stereo_left
141.6329803466797,-131.84576416015625,-617.4563598632812,169.90752876393947,119.45499836631927,-40.08324598348389,436.99999430559984,158.9999986703031,0.9921568632125854,1.0,0.8588235378265381,calibrated_uv_reprojection_plus_stereo_left
142.91014099121094,-131.79953002929688,-617.2107543945312,169.03892958602285,118.43397745816503,-39.87612526584792,437.9999950846836,158.99999904432445,0.9921568632125854,0.9921568632125854,0.8627451062202454,calibrated_uv_reprojection_plus_stereo_left
144.1514129638672,-131.72128295898438,-616.8152465820312,168.10569044787633,117.50014545621951,-39.56317096151457,438.99999701018135,158.9999973105264,0.9764705896377563,0.9686274528503418,0.8352941274642944,calibrated_uv_reprojection_plus_stereo_left
145.34661865234375,-131.60267639160156,-616.2308349609375,167.09146305287317,116.67692459668393,-39.11687554223357,439.9999952429979,159.00000317086727,0.9921568632125854,0.9686274528503418,0.8274509906768799,calibrated_uv_reprojection_plus_stereo_left
146.58164978027344,-131.52188110351562,-615.823486328125,166.15505975756037,115.7529484347454,-38.795649263839096,440.99999547019047,159.00000403196077,0.9803921580314636,0.95686274766922,0.8117647171020508,calibrated_uv_reprojection_plus_stereo_left
147.82150268554688,-131.44676208496094,-615.4426879882812,165.23099129503936,114.81486113168654,-38.49319980943875,441.9999975021638,158.99999513081002,0.9490196108818054,0.9254902005195618,0.772549033164978,calibrated_uv_reprojection_plus_stereo_left
149.0120391845703,-131.3294219970703,-614.8643188476562,164.2228643061282,113.9934519217905,-38.05132252450721,443.00000558571503,158.9999976421605,0.9686274528503418,0.9490196108818054,0.7960784435272217,calibrated_uv_reprojection_plus_stereo_left
150.26255798339844,-131.26649475097656,-614.540771484375,163.32520414319697,113.02472282514026,-37.789380514648485,443.9999936685823,159.00000509803567,1.0,0.9921568632125854,0.8392156958580017,calibrated_uv_reprojection_plus_stereo_left
151.5111846923828,-131.2029571533203,-614.2142944335938,162.42697572115685,112.05872645149913,-37.52538943733032,445.0000019611917,158.99999668353996,1.0,0.9882352948188782,0.8117647171020508,calibrated_uv_reprojection_plus_stereo_left
152.79940795898438,-131.1744384765625,-614.0518798828125,161.59929757764627,110.99703632059328,-37.37723126468313,445.99999587839307,159.0000054078597,0.9960784316062927,0.9843137264251709,0.729411780834198,calibrated_uv_reprojection_plus_stereo_left
154.12074279785156,-131.17453002929688,-614.0233154296875,160.82874385597034,109.85655674146699,-37.3235361229647,447.0000007948194,159.0000005126282,0.9960784316062927,0.9764705896377563,0.7058823704719543,calibrated_uv_reprojection_plus_stereo_left
155.49610900878906,-131.22015380859375,-614.2078857421875,160.14838291599483,108.5894922201245,-37.42024114694965,448.0000008648724,158.99999751333775,1.0,0.95686274766922,0.6431372761726379,calibrated_uv_reprojection_plus_stereo_left
156.8546142578125,-131.25083923339844,-614.322509765625,159.43792560841695,107.3632112660905,-37.467565904129174,448.99999819418025,158.9999936698335,0.9960784316062927,0.9333333373069763,0.6235294342041016,calibrated_uv_reprojection_plus_stereo_left
158.2275390625,-131.2928924560547,-614.4904174804688,158.74948168536878,106.10449785032603,-37.55247770995379,449.999995460847,159.00000510158878,1.0,0.9215686321258545,0.6196078658103943,calibrated_uv_reprojection_plus_stereo_left
159.59359741210938,-131.32855224609375,-614.6282348632812,158.04789247165513,104.86297920775144,-37.61612076324377,451.0000050339171,158.9999925538708,1.0,0.9176470637321472,0.6196078658103943,calibrated_uv_reprojection_plus_stereo_left
161.19541931152344,-131.5559539794922,-615.6635131835938,157.72135801706077,103.08126260589563,-38.312867051455044,452.0000045861323,159.00000472968196,1.0,0.9019607901573181,0.6078431606292725,calibrated_uv_reprojection_plus_stereo_left
162.5465545654297,-131.57669067382812,-615.7314453125,156.9885958447136,101.87881928968926,-38.32712784294347,453.00000048545076,158.99999646141202,1.0,0.8980392217636108,0.6039215922355652,calibrated_uv_reprojection_plus_stereo_left
163.8881378173828,-131.58934020996094,-615.7615966796875,156.2398193603845,100.69879895870207,-38.31473599023718,454.00000043335564,159.0000000702728,1.0,0.8941176533699036,0.6039215922355652,calibrated_uv_reprojection_plus_stereo_left
165.1800537109375,-131.5621795654297,-615.6054077148438,155.41358199901822,99.63156178111416,-38.17090822646412,454.9999981938551,158.99999503949937,1.0,0.8901960849761963,0.6000000238418579,calibrated_uv_reprojection_plus_stereo_left
166.33152770996094,-131.42440795898438,-614.9317626953125,154.37364243095703,98.8797310037454,-37.66217933180445,455.99999324719585,159.0000029041089,1.0,0.9058823585510254,0.6039215922355652,calibrated_uv_reprojection_plus_stereo_left
167.6035614013672,-131.3832550048828,-614.710205078125,153.52162401669824,97.85420682497124,-37.47231347079526,456.999996737921,159.00000646715893,1.0,0.9215686321258545,0.615686297416687,calibrated_uv_reprojection_plus_stereo_left
168.8871612548828,-131.35169982910156,-614.5335083007812,152.68848866184055,96.80186481546741,-37.31409233275804,457.99999559250165,159.00000041844154,1.0,0.95686274766922,0.6352941393852234,calibrated_uv_reprojection_plus_stereo_left
170.18243408203125,-131.32957458496094,-614.4010009765625,151.8737752313644,95.72287300189384,-37.187048363052384,458.99999078853784,159.00000424197242,1.0,0.9725490212440491,0.6509804129600525,calibrated_uv_reprojection_plus_stereo_left
171.29759216308594,-131.1697998046875,-613.62451171875,150.7961742585789,95.04104168285954,-36.60599738201216,460.00000699307606,158.99999962331606,1.0,0.9803921580314636,0.6549019813537598,calibrated_uv_reprojection_plus_stereo_left
172.58802795410156,-131.14561462402344,-613.482421875,149.97877917856664,93.96983941870138,-36.472253031743946,460.9999995010171,159.00000457994528,0.9725490212440491,0.929411768913269,0.6078431606292725,calibrated_uv_reprojection_plus_stereo_left
173.84939575195312,-131.09982299804688,-613.2392578125,149.12058052029204,92.96166735311357,-36.26727071450921,461.99999088248995,159.00000696907892,0.7764706015586853,0.7098039388656616,0.43529412150382996,calibrated_uv_reprojection_plus_stereo_left
175.1543731689453,-131.08729553222656,-613.151611328125,148.325819268616,91.85747591400218,-36.17191400264096,463.00000871548804,158.99999458249897,0.6392157077789307,0.5529412031173706,0.2823529541492462,calibrated_uv_reprojection_plus_stereo_left
176.60401916503906,-131.18235778808594,-613.5673217773438,147.73430693713948,90.43947453472964,-36.43133576832736,463.99999894443204,159.00000374063626,0.5882353186607361,0.47843137383461,0.20000000298023224,calibrated_uv_reprojection_plus_stereo_left
178.023193359375,-131.2534942626953,-613.8709716796875,147.09656894405305,89.08981619479357,-36.61172119664093,465.00000305909316,158.9999940994458,0.7686274647712708,0.658823549747467,0.3803921639919281,calibrated_uv_reprojection_plus_stereo_left
179.5185546875,-131.3792724609375,-614.4302368164062,146.5604860723637,87.57843072542562,-36.97220564014077,465.99999394371446,159.00000090562213,0.9372549057006836,0.8980392217636108,0.5960784554481506,calibrated_uv_reprojection_plus_stereo_left
181.14414978027344,-131.59776306152344,-615.4229125976562,146.19620721389538,85.79188472507201,-37.63800150423077,467.0000087771699,158.99999068168324,0.9960784316062927,0.9411764740943909,0.6392157077789307,calibrated_uv_reprojection_plus_stereo_left
182.6391143798828,-131.71881103515625,-615.9598999023438,145.64770264928507,84.2891541046389,-37.98263054411785,468.0000034298174,158.9999938297471,0.9764705896377563,0.9019607901573181,0.5960784554481506,calibrated_uv_reprojection_plus_stereo_left
184.383056640625,-132.0163116455078,-617.322021484375,145.42564590348485,82.26168996910633,-38.908520907536,468.9999898085981,159.00000962631793,0.9960784316062927,0.9333333373069763,0.6274510025978088,calibrated_uv_reprojection_plus_stereo_left
185.96595764160156,-132.1950225830078,-618.12841796875,144.97994890189466,80.58183547235922,-39.44275597339481,469.9999992936919,159.00000208498665,1.0,0.9607843160629272,0.6549019813537598,calibrated_uv_reprojection_plus_stereo_left
187.61962890625,-132.42108154296875,-619.1561279296875,144.61953348607938,78.75776197165766,-40.132792258059055,471.0000083264102,158.99999631457806,0.9960784316062927,0.9686274528503418,0.6627451181411743,calibrated_uv_reprojection_plus_stereo_left
189.70237731933594,-132.94459533691406,-621.5745239257812,144.8039330339288,76.04106109896469,-41.802242705238655,471.9999988570135,158.9999993676883,0.9921568632125854,0.9137254953384399,0.6274510025978088,calibrated_uv_reprojection_plus_stereo_left
191.2974090576172,-133.12130737304688,-622.3712768554688,144.34582930408232,74.35423884285098,-42.32930821837539,472.99999939048257,158.9999967605463,0.9490196108818054,0.843137264251709,0.5568627715110779,calibrated_uv_reprojection_plus_stereo_left
192.96788024902344,-133.34762573242188,-623.3998413085938,143.9763079660321,72.51521079205776,-43.01952909019957,474.0000114471794,158.99999133232595,0.9176470637321472,0.7803921699523926,0.5058823823928833,calibrated_uv_reprojection_plus_stereo_left
99.37474060058594,-132.5272674560547,-627.9070434570312,198.98179333058346,152.92489349022077,-49.28077365261794,404.0000014113034,160.0000054464822,0.6392157077789307,0.545098066329956,0.27450981736183167,calibrated_uv_reprojection_plus_stereo_left
100.6832046508789,-132.47906494140625,-627.6493530273438,198.08879320355908,151.88092281933774,-49.06402475251218,405.0000005222707,160.00000219236634,0.7921568751335144,0.7137255072593689,0.4313725531101227,calibrated_uv_reprojection_plus_stereo_left
101.99082946777344,-132.43093872070312,-627.3920288085938,197.19648191972362,150.83754566845585,-48.84755656541273,406.00000229604456,159.99999661617676,0.9254902005195618,0.8666666746139526,0.5607843399047852,calibrated_uv_reprojection_plus_stereo_left
103.26536560058594,-132.341552734375,-626.9393310546875,196.21240332114814,149.89571659602785,-48.49260030516058,406.99999888447746,160.00000141597195,0.9921568632125854,0.9764705896377563,0.658823549747467,calibrated_uv_reprojection_plus_stereo_left
104.45720672607422,-132.14974975585938,-626.00146484375,195.00077391432092,149.20650033954195,-47.7937285114611,407.99999826111446,159.999998246641,1.0,0.9960784316062927,0.6705882549285889,calibrated_uv_reprojection_plus_stereo_left
105.70890045166016,-132.03746032714844,-625.4403686523438,193.9683471384701,148.32491529101077,-47.36204370479328,408.9999990786688,160.00000201351813,1.0,0.9921568632125854,0.658823549747467,calibrated_uv_reprojection_plus_stereo_left
106.94802856445312,-131.91238403320312,-624.8187255859375,192.90880855415378,147.47680961111223,-46.88749398993201,410.0000050261289,160.00000133867186,1.0,0.9960784316062927,0.658823549747467,calibrated_uv_reprojection_plus_stereo_left
108.1612319946289,-131.7587432861328,-624.0618286132812,191.7874734546063,146.70162780348318,-46.317140710396814,411.00000148920907,159.99999826344975,1.0,0.9960784316062927,0.658823549747467,calibrated_uv_reprojection_plus_stereo_left
109.35540008544922,-131.58584594726562,-623.2138061523438,190.6253962687809,145.97694611183886,-45.682282923983394,412.00000326902574,159.9999969306506,1.0,0.9921568632125854,0.7176470756530762,calibrated_uv_reprojection_plus_stereo_left
110.65786743164062,-131.5457763671875,-622.9949340820312,189.7578012161929,144.9237534288768,-45.49337049533034,413.00000033507376,159.9999970447136,1.0,1.0,0.7372549176216125,calibrated_uv_reprojection_plus_stereo_left
111.93978881835938,-131.482421875,-622.6658325195312,188.83950479796874,143.92948853494016,-45.226369361711704,414.000003610377,160.0000012550179,1.0,0.9960784316062927,0.843137264251709,calibrated_uv_reprojection_plus_stereo_left
113.22480773925781,-131.42408752441406,-622.3604736328125,187.9328952204492,142.92368336965944,-44.97621590993907,414.9999998838206,159.99999646228713,1.0,0.9960784316062927,0.8627451062202454,calibrated_uv_reprojection_plus_stereo_left
114.38793182373047,-131.22715759277344,-621.39892578125,186.72423921199663,142.2683042575935,-44.261186805614784,416.00000207232785,160.00000399184182,1.0,1.0,0.8784313797950745,calibrated_uv_reprojection_plus_stereo_left
115.75434875488281,-131.26522827148438,-621.5501708984375,186.02974517555668,141.02164680137406,-44.33460995633982,416.99999613061846,160.00000561735806,1.0,1.0,0.8823529481887817,calibrated_uv_reprojection_plus_stereo_left
117.13203430175781,-131.31497192382812,-621.7566528320312,185.3601027077952,139.74461254441678,-44.44713927657034,417.99999536230126,160.0000049799664,0.9921568632125854,1.0,0.8784313797950745,calibrated_uv_reprojection_plus_stereo_left
118.48997497558594,-131.3416290283203,-621.853759765625,184.6397964235502,138.52548399205227,-44.48216139016063,418.9999960047988,159.99999719952774,0.9960784316062927,1.0,0.8823529481887817,calibrated_uv_reprojection_plus_stereo_left
119.77323913574219,-131.28573608398438,-621.5601196289062,183.7408142427348,137.51685222467137,-44.24041723119905,419.9999942700513,160.0000040079325,0.9921568632125854,1.0,0.8705882430076599,calibrated_uv_reprojection_plus_stereo_left
121.07269287109375,-131.24855041503906,-621.35498046875,182.88272411209408,136.46116978000697,-44.061369556409545,420.9999970176163,159.99999721944948,0.9921568632125854,1.0,0.8705882430076599,calibrated_uv_reprojection_plus_stereo_left
122.35828399658203,-131.1972198486328,-621.0829467773438,181.99465527796548,135.44246614510166,-43.834971583171125,421.99999681878114,159.99999870192622,0.9921568632125854,1.0,0.8549019694328308,calibrated_uv_reprojection_plus_stereo_left
123.63135528564453,-131.1336212158203,-620.7528686523438,181.0808600427369,134.4562738116312,-43.567496134864086,423.00000329750407,160.00000155753781,0.9764705896377563,0.9921568632125854,0.8392156958580017,calibrated_uv_reprojection_plus_stereo_left
124.94210052490234,-131.11085510253906,-620.6160278320312,180.2550051297158,133.3653335547093,-43.436869210999475,424.0000026135001,159.99999313137192,0.9803921580314636,0.9725490212440491,0.8274509906768799,calibrated_uv_reprojection_plus_stereo_left
126.19783782958984,-131.03135681152344,-620.2107543945312,179.30851726264348,132.42223071778784,-43.116207663797866,425.0000000681567,159.9999989205074,0.9764705896377563,0.9686274528503418,0.8196078538894653,calibrated_uv_reprojection_plus_stereo_left
127.40922546386719,-130.90786743164062,-619.5972900390625,178.26944434609834,131.5952499157782,-42.64819288906273,426.0000011568919,160.00000296709496,0.9921568632125854,1.0,0.8509804010391235,calibrated_uv_reprojection_plus_stereo_left
128.6162872314453,-130.78245544433594,-618.9747314453125,177.22769817352736,130.77541829659867,-42.17379648007653,427.00000674297314,159.99999942635316,0.9921568632125854,1.0,0.8549019694328308,calibrated_uv_reprojection_plus_stereo_left
130.02902221679688,-130.86654663085938,-619.34375,176.63009592098757,129.40735547662115,-42.401354462115705,427.9999951945732,159.999999156809,0.9921568632125854,1.0,0.8549019694328308,calibrated_uv_reprojection_plus_stereo_left
131.2833709716797,-130.79104614257812,-618.9574584960938,175.6951596658149,128.45839255401268,-42.09425878962185,429.0000000041653,159.99999623420743,0.9921568632125854,1.0,0.8549019694328308,calibrated_uv_reprojection_plus_stereo_left
132.55288696289062,-130.73193359375,-618.6488037109375,174.7955245745224,127.46732535663159,-41.842152758623286,430.0000016752143,160.00000192310665,0.9882352948188782,1.0,0.8509804010391235,calibrated_uv_reprojection_plus_stereo_left
133.80284118652344,-130.6548309326172,-618.2549438476562,173.8588182953202,126.52500359395458,-41.52976545369762,431.0000083182404,159.99999154837457,0.9725490212440491,0.9882352948188782,0.8352941274642944,calibrated_uv_reprojection_plus_stereo_left
134.978759765625,-130.507568359375,-617.529296875,172.77645146330536,125.7706816580918,-40.982649890968446,432.0000018371579,160.00000659949993,0.9764705896377563,0.9803921580314636,0.8313725590705872,calibrated_uv_reprojection_plus_stereo_left
136.24375915527344,-130.4484100341797,-617.220458984375,171.87930126683653,124.78361174548814,-40.730520210011264,432.9999988665746,160.00000214620587,0.9725490212440491,0.9803921580314636,0.8274509906768799,calibrated_uv_reprojection_plus_stereo_left
137.51943969726562,-130.4004364013672,-616.964599609375,171.00605129626973,123.76752169996962,-40.51590645247671,433.9999977811001,160.00000342266733,0.9803921580314636,0.9921568632125854,0.843137264251709,calibrated_uv_reprojection_plus_stereo_left
138.7658233642578,-130.32579040527344,-616.5825805664062,170.07807672753472,122.82391061317458,-40.2120623343348,434.99999496051817,160.00000629922573,0.9882352948188782,0.9960784316062927,0.8509804010391235,calibrated_uv_reprojection_plus_stereo_left
140.0497283935547,-130.2873992919922,-616.3720092773438,169.2257937441754,121.78379190842656,-40.02952834580287,436.0000013863219,159.9999931257255,0.9960784316062927,1.0,0.8549019694328308,calibrated_uv_reprojection_plus_stereo_left
141.30601501464844,-130.22418212890625,-616.0441284179688,168.3228232624367,120.8114054394805,-39.76404482750996,437.00000482449764,159.99999887245176,0.9960784316062927,0.9960784316062927,0.8470588326454163,calibrated_uv_reprojection_plus_stereo_left
142.5494384765625,-130.1503448486328,-615.666015625,167.39875157378935,119.86891900988502,-39.46306069254848,437.99999380483115,160.0000012573596,0.9921568632125854,0.9803921580314636,0.8392156958580017,calibrated_uv_reprojection_plus_stereo_left
143.764892578125,-130.05247497558594,-615.1742553710938,166.42628498395453,118.99309730733665,-39.08173474352844,438.9999982339894,160.00000379789094,0.9607843160629272,0.9490196108818054,0.8039215803146362,calibrated_uv_reprojection_plus_stereo_left
144.89645385742188,-129.88113403320312,-614.3350219726562,165.30492653035736,118.31968707972953,-38.4547254514917,439.9999907449631,160.00000657650395,0.9607843160629272,0.9333333373069763,0.7921568751335144,calibrated_uv_reprojection_plus_stereo_left
146.10800170898438,-129.7838592529297,-613.8461303710938,164.33632189892438,117.44619668128894,-38.075538772475966,441.00000049699105,160.00000182457376,0.9882352948188782,0.9607843160629272,0.8196078538894653,calibrated_uv_reprojection_plus_stereo_left
147.27435302734375,-129.6484832763672,-613.1770629882812,163.29148282781262,116.67913852784625,-37.56899839494457,442.0000022785483,159.99999441722937,0.9960784316062927,0.9764705896377563,0.8313725590705872,calibrated_uv_reprojection_plus_stereo_left
148.40283203125,-129.48239135742188,-612.3628540039062,162.1860563485355,115.99909968512827,-36.95991296475353,442.99999838940164,159.9999975050142,1.0,0.9882352948188782,0.8235294222831726,calibrated_uv_reprojection_plus_stereo_left
149.83108520507812,-129.57839965820312,-612.7882080078125,161.6114968876151,114.59655175417629,-37.22725679177813,444.00000282644584,159.99999982560846,1.0,0.9882352948188782,0.7607843279838562,calibrated_uv_reprojection_plus_stereo_left
151.02871704101562,-129.47496032714844,-612.2703857421875,160.63444132683918,113.74595867067751,-36.82779716918384,444.9999993924662,160.00000694809933,0.9960784316062927,0.9803921580314636,0.7333333492279053,calibrated_uv_reprojection_plus_stereo_left
152.30816650390625,-129.4427947998047,-612.0895385742188,159.80153188841683,112.6986608410827,-36.66657612445442,445.99999949570224,159.99999832315672,1.0,0.9647058844566345,0.6627451181411743,calibrated_uv_reprojection_plus_stereo_left
153.63232421875,-129.4487762451172,-612.089111328125,159.04527148809228,111.54526664674756,-36.632896906176086,447.00000225782134,159.9999948922167,1.0,0.9411764740943909,0.6392157077789307,calibrated_uv_reprojection_plus_stereo_left
155.2254638671875,-129.67930603027344,-613.150390625,158.73672982543098,109.76238580498745,-37.34958655990107,448.0000043784491,159.99999149484785,1.0,0.9254902005195618,0.6235294342041016,calibrated_uv_reprojection_plus_stereo_left
156.5710906982422,-129.70083618164062,-613.2235107421875,158.00985072302302,108.56292271886326,-37.367825958219726,449.0000008888053,160.0000028054037,1.0,0.9098039269447327,0.6078431606292725,calibrated_uv_reprojection_plus_stereo_left
157.966064453125,-129.7624969482422,-613.4862670898438,157.36220936767592,107.24988214901691,-37.52005055850361,449.99999601985473,160.00000115552848,1.0,0.886274516582489,0.5921568870544434,calibrated_uv_reprojection_plus_stereo_left
159.35877990722656,-129.82122802734375,-613.735107421875,156.7079817672565,105.94398519251098,-37.66240401296403,451.00000199766663,159.99999365094425,1.0,0.9019607901573181,0.6039215922355652,calibrated_uv_reprojection_plus_stereo_left
160.8419647216797,-129.95201110839844,-614.3246459960938,156.19503648902332,104.43247911176724,-38.045456020382574,451.99999850009044,160.00000428422663,1.0,0.9137254953384399,0.6117647290229797,calibrated_uv_reprojection_plus_stereo_left
162.15341186523438,-129.9429931640625,-614.253173828125,155.40579877940553,103.31659941826985,-37.96143086382841,452.9999968490315,159.99999919063913,1.0,0.9098039269447327,0.6078431606292725,calibrated_uv_reprojection_plus_stereo_left
163.4544219970703,-129.92575073242188,-614.1428833007812,154.60052680946512,102.2242648187509,-37.84999176109824,453.9999956851432,160.00000300459527,1.0,0.9176470637321472,0.6196078658103943,calibrated_uv_reprojection_plus_stereo_left
164.72361755371094,-129.88363647460938,-613.9149780273438,153.7468179283228,101.20341603512531,-37.65547191318268,455.0000078274667,159.99999721802598,1.0,0.9137254953384399,0.6117647290229797,calibrated_uv_reprojection_plus_stereo_left
166.1169891357422,-129.9392852783203,-614.149169921875,153.08391657127868,99.90240126982201,-37.787364555445606,455.9999978139622,159.99999289166874,1.0,0.929411768913269,0.6235294342041016,calibrated_uv_reprojection_plus_stereo_left
167.37608337402344,-129.88975524902344,-613.8862915039062,152.21615830332019,98.9033746377616,-37.56816531495866,457.0000107193299,159.9999972363209,1.0,0.9529411792755127,0.6431372761726379,calibrated_uv_reprojection_plus_stereo_left
168.62356567382812,-129.83203125,-613.5846557617188,151.33308809714345,97.92888441359548,-37.321613418328866,458.00000483039565,159.99999298447133,1.0,0.9764705896377563,0.6549019813537598,calibrated_uv_reprojection_plus_stereo_left
169.89076232910156,-129.79019165039062,-613.358154296875,150.48130710736694,96.90925922833475,-37.128150948648,459.00000446431363,159.9999958936368,0.9882352948188782,0.9686274528503418,0.6470588445663452,calibrated_uv_reprojection_plus_stereo_left
171.13478088378906,-129.7313690185547,-613.0513916015625,149.59730766991134,95.93969650210084,-36.87803234811639,460.0000082458808,159.99999496367815,0.8784313797950745,0.8156862854957581,0.5137255191802979,calibrated_uv_reprojection_plus_stereo_left
172.42474365234375,-129.7079620361328,-612.9120483398438,148.7818869962635,94.86780042868168,-36.746154512386795,460.99999128130867,160.00000112029224,0.7137255072593689,0.6313725709915161,0.33725491166114807,calibrated_uv_reprojection_plus_stereo_left
173.7103271484375,-129.6815643310547,-612.758544921875,147.96095279364965,93.80498652485761,-36.60428486028303,462.00000129223395,160.0000013922275,0.6078431606292725,0.5058823823928833,0.250980406999588,calibrated_uv_reprojection_plus_stereo_left
175.04281616210938,-129.69027709960938,-612.7709350585938,147.20719267662025,92.63956505764531,-36.57953773650161,462.9999955941712,160.00000010899436,0.658823549747467,0.5568627715110779,0.3019607961177826,calibrated_uv_reprojection_plus_stereo_left
176.60223388671875,-129.86566162109375,-613.57080078125,146.76984967955673,90.98336032462055,-37.110655189051386,464.00000103942614,160.00000115680618,0.8980392217636108,0.800000011920929,0.5137255191802979,calibrated_uv_reprojection_plus_stereo_left
178.00399780273438,-129.92332458496094,-613.8143920898438,146.1074790950521,89.67153665085533,-37.24904012795281,464.9999987630665,159.99999784088178,0.9607843160629272,0.9137254953384399,0.6274510025978088,calibrated_uv_reprojection_plus_stereo_left
179.5492706298828,-130.08404541015625,-614.5448608398438,145.6389078178786,88.05348438643074,-37.73102525294877,465.99999565049507,160.00000051918278,1.0,0.9333333373069763,0.6352941393852234,calibrated_uv_reprojection_plus_stereo_left
181.0432891845703,-130.2054901123047,-615.0897216796875,145.0944809026036,86.54916532034088,-38.08193782991464,466.9999944429235,160.00000403614928,1.0,0.9254902005195618,0.6274510025978088,calibrated_uv_reprojection_plus_stereo_left
182.5831756591797,-130.3578643798828,-615.7805786132812,144.60655826635576,84.95054459749821,-38.53580473222627,468.0000004439665,159.9999991821337,0.9960784316062927,0.9176470637321472,0.6196078658103943,calibrated_uv_reprojection_plus_stereo_left
184.1411895751953,-130.5208282470703,-616.5214233398438,144.13659053919798,83.31753003380362,-39.024867158092036,469.00000146097216,160.00000017546446,1.0,0.9529411792755127,0.6549019813537598,calibrated_uv_reprojection_plus_stereo_left
185.79820251464844,-130.75106811523438,-617.5799560546875,143.79002163690689,81.48002969059962,-39.73799082832562,470.00000344395596,160.0000004573048,1.0,0.9607843160629272,0.6627451181411743,calibrated_uv_reprojection_plus_stereo_left
187.6522979736328,-131.1156768798828,-619.2730102539062,143.69028976503768,79.23467305618863,-40.898650264973696,471.00001097802294,159.99999870805544,0.9490196108818054,0.8509804010391235,0.5529412031173706,calibrated_uv_reprojection_plus_stereo_left
189.42425537109375,-131.41810607910156,-620.6722412109375,143.4710477414103,77.17023150163294,-41.85184270968443,472.0000000109518,159.99999800952216,0.9019607901573181,0.772549033164978,0.47058823704719543,calibrated_uv_reprojection_plus_stereo_left
190.98797607421875,-131.57276916503906,-621.3734741210938,142.9753913710171,75.54698667890943,-42.31250993037406,473.0000026203798,159.9999953289319,0.9058823585510254,0.7686274647712708,0.46666666865348816,calibrated_uv_reprojection_plus_stereo_left
192.6293487548828,-131.77833557128906,-622.3150634765625,142.57151869001535,73.76663886860212,-42.942632726625845,474.0000048619514,159.99999883833488,0.9058823585510254,0.7607843279838562,0.47058823704719543,calibrated_uv_reprojection_plus_stereo_left
100.59403991699219,-131.02569580078125,-627.1145629882812,196.85244827083898,152.7107838836339,-49.37352778638916,405.0000026437257,161.00000096227927,0.47843137383461,0.364705890417099,0.12156862765550613,calibrated_uv_reprojection_plus_stereo_left
101.89413452148438,-130.9698028564453,-626.8179931640625,195.9425935055296,151.68835808157667,-49.12899321703355,405.9999962745057,161.00000229000983,0.6784313917160034,0.6000000238418579,0.3333333432674408,calibrated_uv_reprojection_plus_stereo_left
103.18463897705078,-130.90309143066406,-626.4696044921875,195.00895851668076,150.69352195443213,-48.84768198074204,407.0000008582438,160.99999315997414,0.8156862854957581,0.7568627595901489,0.48235294222831726,calibrated_uv_reprojection_plus_stereo_left
104.3647689819336,-130.6997528076172,-625.467529296875,193.7691370247577,150.03757114003514,-48.10227565273283,407.99999955432685,161.00000258292212,0.95686274766922,0.9215686321258545,0.6117647290229797,calibrated_uv_reprojection_plus_stereo_left
105.61223602294922,-130.58474731445312,-624.88818359375,192.72962643932954,149.16598938608826,-47.65709627370279,408.9999961153994,161.00000259873963,1.0,0.9921568632125854,0.6745098233222961,calibrated_uv_reprojection_plus_stereo_left
106.87396240234375,-130.48992919921875,-624.4054565429688,191.73654691781343,148.2461073102333,-47.2805633334836,409.9999998177997,160.99999810747568,1.0,1.0,0.6666666865348816,calibrated_uv_reprojection_plus_stereo_left
108.10860443115234,-130.3647003173828,-623.7772827148438,190.67678276209944,147.4038280814891,-46.800831460969164,411.00000042024647,160.999997389211,1.0,0.9960784316062927,0.658823549747467,calibrated_uv_reprojection_plus_stereo_left
109.2801284790039,-130.16725158691406,-622.8036499023438,189.45794398081887,146.74481027356666,-46.07595280230828,411.99999859345803,161.00000187097257,1.0,1.0,0.6784313917160034,calibrated_uv_reprojection_plus_stereo_left
110.58386993408203,-130.13006591796875,-622.5968017578125,188.59668746568923,145.6858883949991,-45.89540374340197,413.00000402443334,160.99999587621832,1.0,1.0,0.6823529601097107,calibrated_uv_reprojection_plus_stereo_left
111.86449432373047,-130.06678771972656,-622.2652587890625,187.67818637422977,144.69341623347793,-45.62638817269993,413.9999986279054,161.00000901671714,1.0,0.9921568632125854,0.7529411911964417,calibrated_uv_reprojection_plus_stereo_left
113.08981323242188,-129.94137573242188,-621.6363525390625,186.62334044194466,143.85952588503227,-45.1463619259423,415.00000429271853,160.99999973211195,1.0,1.0,0.772549033164978,calibrated_uv_reprojection_plus_stereo_left
114.26258850097656,-129.75912475585938,-620.7357177734375,185.44501031965336,143.17231554786912,-44.473593036310206,415.9999944616198,161.0000094367846,1.0,1.0,0.8627451062202454,calibrated_uv_reprojection_plus_stereo_left
115.63035583496094,-129.79986572265625,-620.9017944335938,184.75781054490756,141.9191494333292,-44.557793166847034,416.9999949370031,161.00001025253795,1.0,1.0,0.8666666746139526,calibrated_uv_reprojection_plus_stereo_left
116.9960708618164,-129.83731079101562,-621.0520629882812,184.06285797107347,140.67363898507216,-44.63075179678327,418.0000001232587,161.0000074727239,0.9921568632125854,1.0,0.8784313797950745,calibrated_uv_reprojection_plus_stereo_left
118.35431671142578,-129.8656463623047,-621.15869140625,183.34753075702264,139.45083511507625,-44.67272368808011,419.0000011460554,160.99999676956153,0.9921568632125854,1.0,0.8784313797950745,calibrated_uv_reprojection_plus_stereo_left
119.59281921386719,-129.76332092285156,-620.6404418945312,182.34764477736007,138.56437676441857,-44.271407126781696,420.0000039866621,160.999997142056,0.9921568632125854,1.0,0.8745098114013672,calibrated_uv_reprojection_plus_stereo_left
120.85926055908203,-129.6931610107422,-620.2760620117188,181.4187105405989,137.59644481308226,-43.97928533497884,420.99999719577363,160.9999958435895,0.9921568632125854,1.0,0.8705882430076599,calibrated_uv_reprojection_plus_stereo_left
122.12644958496094,-129.62521362304688,-619.9223022460938,180.4953459342491,136.62391896361936,-43.69473104561473,422.00000693587316,160.99999610742253,0.9882352948188782,1.0,0.8588235378265381,calibrated_uv_reprojection_plus_stereo_left
123.38275909423828,-129.5472412109375,-619.5206298828125,179.5511332006826,135.6786613372375,-43.37622973455399,423.00000456455393,160.9999964098443,0.9725490212440491,0.9882352948188782,0.843137264251709,calibrated_uv_reprojection_plus_stereo_left
124.64070129394531,-129.47254943847656,-619.1346435546875,178.61485277204758,134.7261539392186,-43.06888710682421,424.0000043447974,160.99999122672284,0.9921568632125854,0.9960784316062927,0.8470588326454163,calibrated_uv_reprojection_plus_stereo_left
125.85757446289062,-129.3571319580078,-618.5540161132812,177.59208207931482,133.88170227094486,-42.62356585183579,425.0000007391554,160.99999671729913,0.9921568632125854,0.9921568632125854,0.843137264251709,calibrated_uv_reprojection_plus_stereo_left
127.044189453125,-129.21327209472656,-617.83740234375,176.50979161002005,133.11410010580198,-42.081875873667286,426.0000007905119,160.9999962701499,0.9960784316062927,0.9960784316062927,0.8509804010391235,calibrated_uv_reprojection_plus_stereo_left
128.2412567138672,-129.0828094482422,-617.1849365234375,175.45775810159722,132.3135760294067,-41.58574273223962,427.00000917769626,161.00000052735197,0.9960784316062927,0.9960784316062927,0.8509804010391235,calibrated_uv_reprojection_plus_stereo_left
129.6785888671875,-129.1943359375,-617.689453125,174.92198613558634,130.87413956266232,-41.90991517342184,428.0000010354221,160.99999756852725,0.9803921580314636,0.9803921580314636,0.8313725590705872,calibrated_uv_reprojection_plus_stereo_left
130.95115661621094,-129.14102172851562,-617.4058837890625,174.03518871237907,129.87086753987296,-41.675360771966325,428.9999985332786,161.00000200060515,0.9960784316062927,1.0,0.8509804010391235,calibrated_uv_reprojection_plus_stereo_left
132.1909637451172,-129.0567169189453,-616.97412109375,173.0834095166801,128.95115570235276,-41.33577952322071,430.00000440707595,160.99999692518716,0.9764705896377563,0.9882352948188782,0.8392156958580017,calibrated_uv_reprojection_plus_stereo_left
133.44102478027344,-128.98391723632812,-616.5974731445312,172.15689111029917,128.00205321832487,-41.035313612360994,431.0000001761627,161.0000044118208,0.9411764740943909,0.9607843160629272,0.8039215803146362,calibrated_uv_reprojection_plus_stereo_left
134.63987731933594,-128.8634796142578,-615.9930419921875,171.13097891915265,127.18213141029958,-40.57343552979722,431.9999971299362,160.99999685066294,0.9803921580314636,0.9882352948188782,0.8392156958580017,calibrated_uv_reprojection_plus_stereo_left
135.90480041503906,-128.8079071044922,-615.6987915039062,170.24251410996186,126.18948491199285,-40.33144460867919,433.00000172652085,161.00000123017276,0.9843137264251709,0.9921568632125854,0.8470588326454163,calibrated_uv_reprojection_plus_stereo_left
137.16712951660156,-128.7509002685547,-615.397705078125,169.35167014198942,125.20163613041962,-40.08463615091023,434.00000428109905,161.00000509556514,0.9882352948188782,1.0,0.8509804010391235,calibrated_uv_reprojection_plus_stereo_left
138.43173217773438,-128.69705200195312,-615.1116333007812,168.46802424521127,124.20622247533026,-39.84848310267495,435.00000067529123,160.99999219163158,0.9882352948188782,0.9921568632125854,0.843137264251709,calibrated_uv_reprojection_plus_stereo_left
139.7324676513672,-128.67738342285156,-614.9890747070312,167.65607534422742,123.11862906513983,-39.728222140758476,436.00000730779465,161.0000008662936,0.9725490212440491,0.9647058844566345,0.8117647171020508,calibrated_uv_reprojection_plus_stereo_left
140.97335815429688,-128.60345458984375,-614.6071166992188,166.7318073420327,122.17947965757799,-39.42418523161649,436.9999991637002,160.99999487059023,0.9607843160629272,0.9529411792755127,0.800000011920929,calibrated_uv_reprojection_plus_stereo_left
142.2183837890625,-128.5345458984375,-614.2492065429688,165.81875597517006,121.22780093116052,-39.13722290608928,438.00000217424474,160.99999306909194,0.9882352948188782,0.9764705896377563,0.8313725590705872,calibrated_uv_reprojection_plus_stereo_left
143.44305419921875,-128.44859313964844,-613.8099365234375,164.87136762375468,120.3240695632968,-38.79266911048086,439.0000066578467,161.0000006105088,0.9921568632125854,0.9803921580314636,0.8352941274642944,calibrated_uv_reprojection_plus_stereo_left
144.45074462890625,-128.17164611816406,-612.4579467773438,163.53240112017437,119.94825452691776,-37.80166830651632,439.999999529346,160.99999132201293,0.9882352948188782,0.9764705896377563,0.8313725590705872,calibrated_uv_reprojection_plus_stereo_left
145.64031982421875,-128.05953979492188,-611.893798828125,162.53452712283462,119.12146254207045,-37.36880267610542,440.9999985416887,160.99999462456086,1.0,0.9882352948188782,0.8313725590705872,calibrated_uv_reprojection_plus_stereo_left
146.79356384277344,-127.91770935058594,-611.1876831054688,161.47721622173015,118.37903512754309,-36.83545359604625,441.99999998707807,160.99999877278225,0.9960784316062927,0.9764705896377563,0.7882353067398071,calibrated_uv_reprojection_plus_stereo_left
147.9528350830078,-127.7835464477539,-610.5182495117188,160.43718329335047,117.61773540828068,-36.32815107070087,442.9999931295413,161.00000083296516,0.9960784316062927,0.9764705896377563,0.7568627595901489,calibrated_uv_reprojection_plus_stereo_left
149.3700714111328,-127.87250518798828,-610.9148559570312,159.85193339271262,116.23587757239329,-36.57576073010523,443.9999932639242,161.00000476950373,1.0,0.9725490212440491,0.7019608020782471,calibrated_uv_reprojection_plus_stereo_left
150.69830322265625,-127.88432312011719,-610.9428100585938,159.10930906457736,115.06843347664415,-36.56229676999391,445.0000022556328,160.99999505998562,0.9921568632125854,0.9490196108818054,0.6627451181411743,calibrated_uv_reprojection_plus_stereo_left
152.02642822265625,-127.8957748413086,-610.9691162109375,158.36579838733275,113.90170366770428,-36.547670090138524,445.9999963919472,161.0000026097564,0.9921568632125854,0.9333333373069763,0.6078431606292725,calibrated_uv_reprojection_plus_stereo_left
153.33059692382812,-127.88699340820312,-610.898681640625,157.5813418118907,112.79175716622007,-36.46454180892454,446.9999972831094,160.99999694115235,1.0,0.9372549057006836,0.6196078658103943,calibrated_uv_reprojection_plus_stereo_left
154.86825561523438,-128.07138061523438,-611.7509765625,157.1847011495222,111.13578868217536,-37.0345862643922,447.99999702743065,160.99999607434705,1.0,0.9215686321258545,0.615686297416687,calibrated_uv_reprojection_plus_stereo_left
156.24880981445312,-128.12374877929688,-611.97265625,156.5215982185432,109.8508403740405,-37.158182122317385,449.00000657242725,161.00000269975862,1.0,0.9137254953384399,0.6078431606292725,calibrated_uv_reprojection_plus_stereo_left
157.63955688476562,-128.18348693847656,-612.2294921875,155.87253389721957,108.54395696157724,-37.30662916330283,449.99999993550284,161.0000061711091,1.0,0.9058823585510254,0.6117647290229797,calibrated_uv_reprojection_plus_stereo_left
159.01927185058594,-128.2332763671875,-612.438720703125,155.20289080510014,107.2643558326472,-37.421344084562975,451.0000042483633,160.99999944794527,1.0,0.9098039269447327,0.6117647290229797,calibrated_uv_reprojection_plus_stereo_left
160.46376037597656,-128.333984375,-612.8911743164062,154.63362036480123,105.83802150373845,-37.70815673156284,451.9999972629838,161.00000454730605,1.0,0.9254902005195618,0.615686297416687,calibrated_uv_reprojection_plus_stereo_left
161.7821044921875,-128.3329315185547,-612.8575439453125,153.86185727394428,104.7020597091871,-37.650957716379935,452.99999750410643,160.9999976455979,1.0,0.9333333373069763,0.6274510025978088,calibrated_uv_reprojection_plus_stereo_left
163.07861328125,-128.31463623046875,-612.7416381835938,153.05608447561582,103.61567502401317,-37.53555112561179,454.0000012229775,161.00000090968643,1.0,0.9490196108818054,0.6392157077789307,calibrated_uv_reprojection_plus_stereo_left
164.33900451660156,-128.26840209960938,-612.4923095703125,152.19558262919753,102.61029381089742,-37.32575613174879,454.9999902333376,161.00000108318244,1.0,0.9490196108818054,0.6352941393852234,calibrated_uv_reprojection_plus_stereo_left
165.77345275878906,-128.3575897216797,-612.8895874023438,151.60089236901115,101.21318814868215,-37.573406276711296,456.0000102530034,160.99999623140286,1.0,0.9686274528503418,0.6509804129600525,calibrated_uv_reprojection_plus_stereo_left
167.0233612060547,-128.30357360839844,-612.6031494140625,150.72541141000602,100.23072148084913,-37.337374470606505,456.9999906941448,161.00000260343444,0.9960784316062927,0.9686274528503418,0.6509804129600525,calibrated_uv_reprojection_plus_stereo_left
168.24830627441406,-128.23130798339844,-612.2295532226562,149.81496650975032,99.3023601564816,-37.03971416951083,457.99999152736086,161.00000113828165,0.9490196108818054,0.9098039269447327,0.6000000238418579,calibrated_uv_reprojection_plus_stereo_left
169.52076721191406,-128.19602966308594,-612.0325927734375,148.97714795751494,98.26702042942179,-36.86701973545024,458.9999981710456,161.0000030059218,0.8156862854957581,0.7647058963775635,0.47058823704719543,calibrated_uv_reprojection_plus_stereo_left
170.718017578125,-128.1048126220703,-611.5685424804688,148.03143476853688,97.39636898544404,-36.50544734884983,460.0000031811565,160.9999962438888,0.686274528503418,0.5921568870544434,0.3450980484485626,calibrated_uv_reprojection_plus_stereo_left
172.11106872558594,-128.16073608398438,-611.8070068359375,147.37067889683044,96.09430006851733,-36.64071474966738,460.99999420086664,160.99999964578979,0.5921568870544434,0.49803921580314636,0.24705882370471954,calibrated_uv_reprojection_plus_stereo_left
173.51014709472656,-128.22019958496094,-612.0623168945312,146.71599964663233,94.78072334607208,-36.787859480255975,461.9999961945096,160.99999892511536,0.7607843279838562,0.6705882549285889,0.3960784375667572,calibrated_uv_reprojection_plus_stereo_left
174.87710571289062,-128.25514221191406,-612.2005615234375,146.01354272736984,93.53859612601354,-36.852201242685965,463.0000056107664,160.99999956165564,0.9176470637321472,0.8784313797950745,0.5960784554481506,calibrated_uv_reprojection_plus_stereo_left
176.5040740966797,-128.47877502441406,-613.2394409179688,145.67128191894165,91.7355479672907,-37.553266350780575,464.0000029175715,161.00000312700917,1.0,0.9372549057006836,0.6392157077789307,calibrated_uv_reprojection_plus_stereo_left
177.9426727294922,-128.5629425048828,-613.6124877929688,145.06054114742454,90.34382154267547,-37.783502231276884,465.0000042128971,160.99999348653807,0.9960784316062927,0.9176470637321472,0.6196078658103943,calibrated_uv_reprojection_plus_stereo_left
179.43638610839844,-128.68531799316406,-614.16796875,144.52134728425625,88.83635269451929,-38.14266483017252,465.9999994733521,161.0000029682251,1.0,0.9019607901573181,0.615686297416687,calibrated_uv_reprojection_plus_stereo_left
180.97593688964844,-128.83848571777344,-614.8703002929688,144.03892633135115,87.2344215137835,-38.605554708535635,466.9999945607242,161.00000506391518,1.0,0.8901960849761963,0.6039215922355652,calibrated_uv_reprojection_plus_stereo_left
182.5475616455078,-129.0120391845703,-615.6697998046875,143.59307724402265,85.56846568944809,-39.1370331735306,467.99999754109587,160.999999790012,1.0,0.9019607901573181,0.6078431606292725,calibrated_uv_reprojection_plus_stereo_left
184.3150634765625,-129.32044982910156,-617.11279296875,143.3988115539089,83.4929392876927,-40.12319203096001,469.00000594263906,161.0000006974339,1.0,0.8941176533699036,0.6000000238418579,calibrated_uv_reprojection_plus_stereo_left
186.18251037597656,-129.6940155029297,-618.8665771484375,143.32300307295748,81.21494834008558,-41.328816336162504,469.9999955148861,161.0000057811872,0.8784313797950745,0.7450980544090271,0.4470588266849518,calibrated_uv_reprojection_plus_stereo_left
187.84056091308594,-129.91737365722656,-619.9034423828125,142.96186017888618,79.38556963702234,-42.02765832645957,470.99999967969194,161.00000579587373,0.8666666746139526,0.729411780834198,0.4313725531101227,calibrated_uv_reprojection_plus_stereo_left
189.40029907226562,-130.07000732421875,-620.6027221679688,142.46619625728113,77.76718156119159,-42.48785520785805,472.0000074795363,161.00000007466952,0.9058823585510254,0.7607843279838562,0.4470588266849518,calibrated_uv_reprojection_plus_stereo_left
190.9241180419922,-130.19595336914062,-621.1746215820312,141.91909700405995,76.22738369484932,-42.85797844114143,473.00000660169326,160.99999715528904,0.9058823585510254,0.7647058963775635,0.4470588266849518,calibrated_uv_reprojection_plus_stereo_left
192.5128936767578,-130.36407470703125,-621.9476928710938,141.44852353322773,74.55630330277756,-43.3701528536605,474.0000028297718,160.9999969983674,0.9058823585510254,0.7607843279838562,0.4588235318660736,calibrated_uv_reprojection_plus_stereo_left
103.09587097167969,-129.45651245117188,-625.9510498046875,193.78405918535083,151.515602671404,-49.16702010172395,406.9999996986217,161.99999199928897,0.6235294342041016,0.5254902243614197,0.2666666805744171,calibrated_uv_reprojection_plus_stereo_left
104.26626586914062,-129.2445068359375,-624.897216796875,192.52214580604965,150.88646232109016,-48.38378526387652,407.99999978043445,161.99999971831,0.7921568751335144,0.7411764860153198,0.4470588266849518,calibrated_uv_reprojection_plus_stereo_left
105.50582885742188,-129.1224365234375,-624.2782592773438,191.46567104591225,150.0359717632789,-47.9098867259375,409.00000030116144,162.00000212951653,0.8666666746139526,0.8313725590705872,0.5254902243614197,calibrated_uv_reprojection_plus_stereo_left
106.7491226196289,-129.00784301757812,-623.6954956054688,190.42745194951152,149.1688231901935,-47.46178422398748,409.9999965434035,162.0000036211067,0.9764705896377563,0.9686274528503418,0.6509804129600525,calibrated_uv_reprojection_plus_stereo_left
107.98127746582031,-128.8826904296875,-623.0617065429688,189.36685940458688,148.3302770936661,-46.97745876765737,410.99999817593977,162.00000069860886,1.0,1.0,0.6823529601097107,calibrated_uv_reprojection_plus_stereo_left
109.1883316040039,-128.7309112548828,-622.2992553710938,188.2481352596796,147.5612576688755,-46.40172855666157,411.9999979506578,161.99999771215823,1.0,1.0,0.6627451181411743,calibrated_uv_reprojection_plus_stereo_left
110.4723129272461,-128.67230224609375,-621.9872436523438,187.3391796896907,146.55836650636718,-46.14627662000146,412.9999988035195,161.99999465871792,1.0,1.0,0.658823549747467,calibrated_uv_reprojection_plus_stereo_left
111.73090362548828,-128.5857696533203,-621.540283203125,186.36871720922926,145.62758342903317,-45.79493029432513,414.0000052117555,161.99999163896348,1.0,0.9960784316062927,0.6980392336845398,calibrated_uv_reprojection_plus_stereo_left
112.9761734008789,-128.4860382080078,-621.0296020507812,185.36996690824805,144.73201210089053,-45.39834162608457,415.00000521144943,161.99999455443754,1.0,1.0,0.7058823704719543,calibrated_uv_reprojection_plus_stereo_left
114.14273834228516,-128.30007934570312,-620.1022338867188,184.18146947488702,144.0593599431819,-44.70566606258649,415.9999979769278,162.00000151886348,0.9882352948188782,0.9921568632125854,0.7764706015586853,calibrated_uv_reprojection_plus_stereo_left
115.48614501953125,-128.31478881835938,-620.144775390625,183.43826180129918,142.87336840512847,-44.70234905759696,416.99999918109245,162.00000844472754,1.0,1.0,0.7921568751335144,calibrated_uv_reprojection_plus_stereo_left
116.84693145751953,-128.3481903076172,-620.2775268554688,182.735955341806,141.6388101524061,-44.763112595668986,417.99999971495896,161.999997276944,0.9921568632125854,1.0,0.8588235378265381,calibrated_uv_reprojection_plus_stereo_left
118.17986297607422,-128.35047912597656,-620.260009765625,181.96490533374885,140.48419034805949,-44.71709576123288,419.00000059709475,162.00000194820475,0.9921568632125854,1.0,0.8588235378265381,calibrated_uv_reprojection_plus_stereo_left
119.39476013183594,-128.2258758544922,-619.6292724609375,180.9158844142499,139.65954816659826,-44.235388522907556,419.99999927556854,162.00000138898503,0.9921568632125854,1.0,0.8784313797950745,calibrated_uv_reprojection_plus_stereo_left
120.66455841064453,-128.16224670410156,-619.293212890625,180.00148282470144,138.67792065178855,-43.96309158631192,420.99999790274614,161.99999936880565,0.9921568632125854,1.0,0.8784313797950745,calibrated_uv_reprojection_plus_stereo_left
121.93415069580078,-128.09970092773438,-618.96240234375,179.090157107381,137.6945270831285,-43.69455328582086,422.0000001429843,161.9999954324042,0.9921568632125854,1.0,0.8784313797950745,calibrated_uv_reprojection_plus_stereo_left
123.17139434814453,-128.00479125976562,-618.4752807617188,178.1092609865869,136.79721903493453,-43.31501800181417,423.0000052080037,161.99999682364876,0.9882352948188782,1.0,0.8745098114013672,calibrated_uv_reprojection_plus_stereo_left
124.34078979492188,-127.84207916259766,-617.66064453125,176.98264178387393,136.08034011056958,-42.70291051866184,423.999995517046,162.0000024934267,0.9803921580314636,0.9960784316062927,0.8470588326454163,calibrated_uv_reprojection_plus_stereo_left
125.52113342285156,-127.69384765625,-616.916015625,175.88920369815406,135.32798888400748,-42.14060369007149,424.9999961434936,162.00000472623668,0.9843137264251709,0.9960784316062927,0.8509804010391235,calibrated_uv_reprojection_plus_stereo_left
126.7100830078125,-127.55729675292969,-616.2278442382812,174.8226547640008,134.54722388416047,-41.618462389273645,426.00000089864875,162.00000137672248,0.9882352948188782,0.9921568632125854,0.843137264251709,calibrated_uv_reprojection_plus_stereo_left
127.86430358886719,-127.3888931274414,-615.3858642578125,173.68930859162356,133.853688458146,-40.987170892290465,427.00000175023274,161.99999882733582,0.9450980424880981,0.9490196108818054,0.7960784435272217,calibrated_uv_reprojection_plus_stereo_left
129.2834930419922,-127.48513793945312,-615.8223876953125,173.1247287163818,132.45573398157075,-41.26377262920448,427.99999839244765,162.00000167550886,0.9254902005195618,0.9058823585510254,0.7568627595901489,calibrated_uv_reprojection_plus_stereo_left
130.5135040283203,-127.39469909667969,-615.3570556640625,172.16024431990428,131.55664946787516,-40.89999935681328,429.00000498422145,161.99999370994186,0.95686274766922,0.9450980424880981,0.800000011920929,calibrated_uv_reprojection_plus_stereo_left
131.78939819335938,-127.35033416748047,-615.1143798828125,171.29495183502758,130.53512202297105,-40.69435317182837,429.9999996312372,161.9999976563139,0.9411764740943909,0.9450980424880981,0.7960784435272217,calibrated_uv_reprojection_plus_stereo_left
133.0574493408203,-127.29926300048828,-614.83935546875,170.41591504100234,129.53241184133867,-40.46576673200525,430.99999602247806,162.0000053190539,0.9686274528503418,0.9764705896377563,0.8274509906768799,calibrated_uv_reprojection_plus_stereo_left
134.28968811035156,-127.21519470214844,-614.4049072265625,169.4675499753141,128.619947795729,-40.124031544220145,432.00000541029164,162.00000041710368,0.9960784316062927,1.0,0.8509804010391235,calibrated_uv_reprojection_plus_stereo_left
135.5693817138672,-127.17721557617188,-614.193115234375,168.61748540931728,127.58366833283333,-39.94037969441439,433.0000009735282,162.0000011377876,0.9960784316062927,1.0,0.8509804010391235,calibrated_uv_reprojection_plus_stereo_left
136.8489532470703,-127.1397705078125,-613.98388671875,167.76893899143403,126.54654299062315,-39.75856139594555,434.00001055371735,161.99999706796004,0.9882352948188782,0.9921568632125854,0.843137264251709,calibrated_uv_reprojection_plus_stereo_left
138.0876922607422,-127.06541442871094,-613.5964965820312,166.84335545184695,125.61099043232895,-39.45033228045054,434.99999243207833,162.00000325884136,0.9803921580314636,0.9803921580314636,0.8313725590705872,calibrated_uv_reprojection_plus_stereo_left
139.408203125,-127.06690216064453,-613.5753173828125,166.07734210409296,124.46854323369581,-39.40200346680234,436.00000244642837,162.0000013963752,0.9725490212440491,0.9607843160629272,0.8117647171020508,calibrated_uv_reprojection_plus_stereo_left
140.63922119140625,-126.98749542236328,-613.1635131835938,165.1424280512402,123.5487541382364,-39.076496645621546,437.00000684653213,161.9999962199612,0.9450980424880981,0.9372549057006836,0.7843137383460999,calibrated_uv_reprojection_plus_stereo_left
141.88043212890625,-126.9186019897461,-612.8025512695312,164.23032173567458,122.60125608038254,-38.787107545595916,438.0000101076858,161.99999845148199,0.9686274528503418,0.9607843160629272,0.8039215803146362,calibrated_uv_reprojection_plus_stereo_left
143.11122131347656,-126.84169006347656,-612.4028930664062,163.30237394679818,121.6771700116488,-38.4702985702458,438.9999972742578,161.99999882543787,1.0,0.9921568632125854,0.8313725590705872,calibrated_uv_reprojection_plus_stereo_left
143.93690490722656,-126.41030883789062,-610.2919311523438,161.64191800880457,121.73990447443703,-36.93952697048178,440.00000657909004,161.99999829826316,1.0,0.9882352948188782,0.8156862854957581,calibrated_uv_reprojection_plus_stereo_left
145.1447296142578,-126.31925201416016,-609.8240966796875,160.6886908808184,120.86107498545425,-36.57452310343206,441.00000276478,161.99999330635637,0.9960784316062927,0.9803921580314636,0.772549033164978,calibrated_uv_reprojection_plus_stereo_left
146.42202758789062,-126.28966522216797,-609.6531372070312,159.86298334835135,119.81176133158675,-36.420146208367726,441.99999382811694,162.00000326280264,1.0,0.9803921580314636,0.7137255072593689,calibrated_uv_reprojection_plus_stereo_left
147.72586059570312,-126.28321838378906,-609.5938110351562,159.08500935365112,118.69797294743364,-36.344948448300556,443.00000018914534,162.00000072118814,1.0,0.9607843160629272,0.6784313917160034,calibrated_uv_reprojection_plus_stereo_left
149.1494598388672,-126.3782958984375,-610.0245361328125,158.51465144013798,117.29832170425294,-36.617287513150416,444.00001037745074,161.99999738001566,1.0,0.929411768913269,0.6235294342041016,calibrated_uv_reprojection_plus_stereo_left
150.46286010742188,-126.37910461425781,-610.000244140625,157.75094103075992,116.16322410101981,-36.566913778086075,444.99999857964707,162.00000010491857,1.0,0.9333333373069763,0.6274510025978088,calibrated_uv_reprojection_plus_stereo_left
151.75111389160156,-126.35888671875,-609.8744506835938,156.9444247065672,115.08763052514826,-36.44456374423595,445.99999653364046,162.00000066925344,1.0,0.9176470637321472,0.6196078658103943,calibrated_uv_reprojection_plus_stereo_left
153.04627990722656,-126.34465026855469,-609.7775268554688,156.1502220514693,113.99532077656357,-36.342690626860644,447.00000124111176,162.0000003192519,1.0,0.9019607901573181,0.6039215922355652,calibrated_uv_reprojection_plus_stereo_left
154.55911254882812,-126.50875854492188,-610.5413208007812,155.71649520720888,112.39455891493867,-36.85104333296084,448.0000005179706,162.00000110132942,1.0,0.9098039269447327,0.615686297416687,calibrated_uv_reprojection_plus_stereo_left
155.91152954101562,-126.53984832763672,-610.6630859375,155.0127727014846,111.17136536025089,-36.904163738303396,448.99999696695585,161.99999780365448,1.0,0.9137254953384399,0.615686297416687,calibrated_uv_reprojection_plus_stereo_left
157.2944793701172,-126.59491729736328,-610.9005737304688,154.35678838970114,109.87870850783065,-37.03929896719609,449.99999904344475,161.9999982493771,1.0,0.9058823585510254,0.6000000238418579,calibrated_uv_reprojection_plus_stereo_left
158.71937561035156,-126.6824951171875,-611.294921875,153.76519508746884,108.49140650242668,-37.28558850948565,450.9999921204603,162.00000152172282,1.0,0.9137254953384399,0.6078431606292725,calibrated_uv_reprojection_plus_stereo_left
160.0712890625,-126.71078491210938,-611.4031372070312,153.05412464182967,107.2736731674247,-37.32903177616299,452.0000000191989,162.0000022934854,1.0,0.9176470637321472,0.6039215922355652,calibrated_uv_reprojection_plus_stereo_left
161.32958984375,-126.6650619506836,-611.1542358398438,152.1953747172061,106.26977625223378,-37.11937279920858,452.9999974741207,162.00000403809088,1.0,0.9411764740943909,0.6274510025978088,calibrated_uv_reprojection_plus_stereo_left
162.62869262695312,-126.65179443359375,-611.0618896484375,151.40150813191457,105.17233811697798,-37.02067111036109,454.000003887855,161.99999750680826,1.0,0.9686274528503418,0.6509804129600525,calibrated_uv_reprojection_plus_stereo_left
163.93402099609375,-126.64349365234375,-610.9935302734375,150.61759325549292,104.06059295500398,-36.938973554574716,455.0000007442134,161.9999941726115,1.0,0.9725490212440491,0.658823549747467,calibrated_uv_reprojection_plus_stereo_left
165.37937927246094,-126.74256896972656,-611.4432373046875,150.04549306758219,102.63496017305368,-37.22434959748648,455.9999977821841,161.9999988529724,0.9803921580314636,0.9490196108818054,0.6431372761726379,calibrated_uv_reprojection_plus_stereo_left
166.60914611816406,-126.67610168457031,-611.0942993164062,149.1466933195149,101.69297733785521,-36.94384962933003,456.99999500740495,162.00000194067752,0.9019607901573181,0.8509804010391235,0.5568627715110779,calibrated_uv_reprojection_plus_stereo_left
167.88168334960938,-126.64288330078125,-610.90576171875,148.31381290870547,100.65431739108959,-36.777012036560336,457.9999928340624,162.0000026339699,0.8313725590705872,0.7529411911964417,0.5058823823928833,calibrated_uv_reprojection_plus_stereo_left
169.17642211914062,-126.6267318725586,-610.799560546875,147.51462816543363,99.56581698923787,-36.66851392051137,458.99999900014103,162.00000316546937,0.7411764860153198,0.6549019813537598,0.4117647111415863,calibrated_uv_reprojection_plus_stereo_left
170.46319580078125,-126.6048583984375,-610.665771484375,146.70445283727423,98.49447512717012,-36.540482245096484,460.000000413092,162.00000467402356,0.729411780834198,0.6313725709915161,0.38823530077934265,calibrated_uv_reprojection_plus_stereo_left
171.9234619140625,-126.71113586425781,-611.1500244140625,146.14330875477174,97.04305212708715,-36.85018674714928,461.00000761515884,161.99999663435642,0.843137264251709,0.7529411911964417,0.501960813999176,calibrated_uv_reprojection_plus_stereo_left
173.3518829345703,-126.79244995117188,-611.513916015625,145.53254678069828,95.66396312323013,-37.07460274683547,461.9999937673621,162.0000019448936,0.9529411792755127,0.8980392217636108,0.6000000238418579,calibrated_uv_reprojection_plus_stereo_left
174.74705505371094,-126.84833526611328,-611.755126953125,144.8716760759072,94.35928238093379,-37.212096770445385,462.99999001183227,162.0000062621525,1.0,0.9411764740943909,0.6431372761726379,calibrated_uv_reprojection_plus_stereo_left
176.34788513183594,-127.0514907836914,-612.7064208984375,144.49331415011574,92.61240210924802,-37.85235384691589,464.0000117374281,161.9999946646521,1.0,0.9137254953384399,0.615686297416687,calibrated_uv_reprojection_plus_stereo_left
177.84298706054688,-127.17597198486328,-613.2783203125,143.96163167046456,91.09817150661377,-38.22388576180845,465.0000038735112,161.9999967703892,1.0,0.8941176533699036,0.6000000238418579,calibrated_uv_reprojection_plus_stereo_left
179.25320434570312,-127.23829650878906,-613.5504760742188,143.30959470974722,89.76892373830566,-38.383139854164654,465.9999977365959,162.00000467341565,1.0,0.8980392217636108,0.6039215922355652,calibrated_uv_reprojection_plus_stereo_left
180.8777618408203,-127.45068359375,-614.5460815429688,142.942636332218,87.98496213572975,-39.05450081714224,467.00000968674954,161.99999730867057,1.0,0.9137254953384399,0.615686297416687,calibrated_uv_reprojection_plus_stereo_left
182.7032012939453,-127.80044555664062,-616.2040405273438,142.83400396026093,85.78065785799669,-40.19462208837149,467.99999896156737,162.00000272430225,1.0,0.8705882430076599,0.572549045085907,calibrated_uv_reprojection_plus_stereo_left
184.69322204589844,-128.2593994140625,-618.3882446289062,142.92778828472308,83.23804074233385,-41.70703950442493,468.9999925880929,161.99999981748766,0.9411764740943909,0.8039215803146362,0.5098039507865906,calibrated_uv_reprojection_plus_stereo_left
186.4543914794922,-128.5539093017578,-619.7794799804688,142.70563308338876,81.18852661952565,-42.65798082731516,469.9999980893665,162.00000469338508,0.9098039269447327,0.7686274647712708,0.45098039507865906,calibrated_uv_reprojection_plus_stereo_left
188.0135955810547,-128.7059326171875,-620.4835815429688,142.21181368128606,79.56947850700664,-43.12246309877156,471.00000077431827,161.99999692321495,0.9098039269447327,0.7686274647712708,0.45098039507865906,calibrated_uv_reprojection_plus_stereo_left
189.38156127929688,-128.7257537841797,-620.5504150390625,141.46826079062203,78.35309636055598,-43.13590746885774,471.99998909401336,162.00000632560688,0.9215686321258545,0.7607843279838562,0.45098039507865906,calibrated_uv_reprojection_plus_stereo_left
190.88421630859375,-128.83615112304688,-621.0537109375,140.8936412693481,76.85769113382202,-43.45816499018292,473.0000096217855,161.9999927283521,0.9137254953384399,0.7529411911964417,0.4431372582912445,calibrated_uv_reprojection_plus_stereo_left
192.5018768310547,-129.02203369140625,-621.9209594726562,140.4583120457852,75.1272948097805,-44.03789316226994,473.99999956599794,162.00000147849016,0.9098039269447327,0.7568627595901489,0.46666666865348816,calibrated_uv_reprojection_plus_stereo_left
105.42036437988281,-127.68807983398438,-623.792236328125,190.26124922764302,150.8408528258626,-48.24958544784192,409.00000225578873,163.00000037321706,0.7686274647712708,0.6980392336845398,0.4313725531101227,calibrated_uv_reprojection_plus_stereo_left
106.6599349975586,-127.57140350341797,-623.1937255859375,189.21715287047783,149.98229433749276,-47.789706555932185,410.0000026926838,163.0000013146738,0.800000011920929,0.7529411911964417,0.47843137383461,calibrated_uv_reprojection_plus_stereo_left
107.88399505615234,-127.43920135498047,-622.5194091796875,188.13933980532454,149.1652602315949,-47.275906630750455,411.00000144660385,162.9999999371854,0.9333333373069763,0.8901960849761963,0.615686297416687,calibrated_uv_reprojection_plus_stereo_left
109.087158203125,-127.28575134277344,-621.7413330078125,187.01518761733814,148.40477195233473,-46.68829246001121,412.0000046811392,162.9999940193374,0.9843137264251709,0.9764705896377563,0.686274528503418,calibrated_uv_reprojection_plus_stereo_left
110.36497497558594,-127.22196197509766,-621.4013671875,186.094454347191,147.41735517290732,-46.41268681307571,412.99999857225924,163.0000044050443,1.0,0.9921568632125854,0.686274528503418,calibrated_uv_reprojection_plus_stereo_left
111.62870788574219,-127.14356231689453,-620.989990234375,185.1416673605421,146.4685906093091,-46.086265983852854,414.0000018189398,163.00000268671334,1.0,1.0,0.6705882549285889,calibrated_uv_reprojection_plus_stereo_left
112.87877655029297,-127.05154418945312,-620.5121459960938,184.15935030642385,145.55629326039917,-45.712570737280146,415.00000085158797,163.00000267088814,1.0,1.0,0.6705882549285889,calibrated_uv_reprojection_plus_stereo_left
114.02949523925781,-126.85106658935547,-619.504638671875,182.93628360525463,144.92627850556312,-44.961905788920205,415.99999746572905,162.99999998897204,1.0,1.0,0.7137255072593689,calibrated_uv_reprojection_plus_stereo_left
115.3531723022461,-126.84529113769531,-619.4480590820312,182.1485372808881,143.794179401934,-44.888165192567214,417.0000039480346,162.99999939357895,1.0,1.0,0.7137255072593689,calibrated_uv_reprojection_plus_stereo_left
116.67818450927734,-126.84102630615234,-619.3988647460938,181.36417536686645,142.6581886026936,-44.819682799484326,417.9999985767754,162.99999992576863,0.9843137264251709,1.0,0.7803921699523926,calibrated_uv_reprojection_plus_stereo_left
118.00016784667969,-126.83350372314453,-619.333740234375,180.57259923760006,141.5307214619731,-44.73986137817258,419.000004198734,162.99999701301329,0.9921568632125854,1.0,0.7921568751335144,calibrated_uv_reprojection_plus_stereo_left
119.1993637084961,-126.69556427001953,-618.6318359375,179.49348970796302,140.7455420468155,-44.2069218583984,419.9999991384903,162.99999728066172,0.9921568632125854,1.0,0.8666666746139526,calibrated_uv_reprojection_plus_stereo_left
120.48944091796875,-126.6561050415039,-618.4108276367188,178.63257876448904,139.70347753477182,-44.01622470881233,420.99999893617695,162.99999705510498,0.9921568632125854,1.0,0.8666666746139526,calibrated_uv_reprojection_plus_stereo_left
121.74706268310547,-126.58367156982422,-618.0288696289062,177.6997999508407,138.74916712452534,-43.7110373021502,421.99999852133476,163.0000010021239,0.9882352948188782,1.0,0.8745098114013672,calibrated_uv_reprojection_plus_stereo_left
122.99800872802734,-126.505859375,-617.6206665039062,176.75609524252246,137.81036955078622,-43.387213184306745,422.99999380096614,163.00000244589458,0.9882352948188782,1.0,0.8745098114013672,calibrated_uv_reprojection_plus_stereo_left
124.06160736083984,-126.23898315429688,-616.2894897460938,175.40098814595837,137.3758596263089,-42.40685288616635,423.99999493393807,163.00000237133204,0.9921568632125854,1.0,0.8745098114013672,calibrated_uv_reprojection_plus_stereo_left
125.22683715820312,-126.0799789428711,-615.4849853515625,174.28365735044588,136.6581801078052,-41.801255987342074,425.0000049303402,162.9999954213223,0.9921568632125854,1.0,0.8705882430076599,calibrated_uv_reprojection_plus_stereo_left
126.3899917602539,-125.92214965820312,-614.6864013671875,173.17081969386038,135.94012998037385,-41.19996474214565,425.99999587541686,163.0000063619127,0.9764705896377563,0.9843137264251709,0.8470588326454163,calibrated_uv_reprojection_plus_stereo_left
127.5303955078125,-125.74507904052734,-613.7938842773438,172.018228598809,135.27660474397896,-40.53194043715189,426.9999931111995,163.00000486442553,0.9058823585510254,0.9176470637321472,0.772549033164978,calibrated_uv_reprojection_plus_stereo_left
128.885009765625,-125.78059387207031,-613.9390869140625,171.32614726346515,134.04298615114527,-40.60198419966565,427.9999972343163,163.0000043034069,0.8823529481887817,0.8784313797950745,0.7372549176216125,calibrated_uv_reprojection_plus_stereo_left
130.1364288330078,-125.71563720703125,-613.5938720703125,170.4175552598104,133.0804957999024,-40.32327089533101,428.99999241312946,163.000000931013,0.9058823585510254,0.9019607901573181,0.7607843279838562,calibrated_uv_reprojection_plus_stereo_left
131.4038543701172,-125.66719055175781,-613.3292846679688,169.545103915266,132.07426773221658,-40.101921321505074,430.00000267303926,163.00000098902368,0.9450980424880981,0.9372549057006836,0.7921568751335144,calibrated_uv_reprojection_plus_stereo_left
132.6555938720703,-125.60478973388672,-612.99658203125,168.64335835557614,131.10687320224332,-39.83216268802539,431.00000867227817,162.99999574271834,1.0,1.0,0.8549019694328308,calibrated_uv_reprojection_plus_stereo_left
133.96762084960938,-125.60006713867188,-612.9454345703125,167.8653133665291,129.9829163621513,-39.76260825612877,432.0000025508423,162.999998458804,0.9921568632125854,0.9921568632125854,0.8470588326454163,calibrated_uv_reprojection_plus_stereo_left
135.2471160888672,-125.56514739990234,-612.7469482421875,167.0230897831422,128.9417494605529,-39.58831583459704,433.0000025240886,163.00000434760264,0.9803921580314636,0.9764705896377563,0.8274509906768799,calibrated_uv_reprojection_plus_stereo_left
136.52207946777344,-125.52667236328125,-612.5310668945312,166.17369331709256,127.91095356591478,-39.4016686572798,434.00000265320404,163.00000084031092,0.9843137264251709,0.9764705896377563,0.8274509906768799,calibrated_uv_reprojection_plus_stereo_left
137.75808715820312,-125.45338439941406,-612.1453247070312,165.25114153878388,126.97686418391311,-39.09430652294719,435.0000030732494,162.99999609547007,0.9882352948188782,0.9725490212440491,0.8274509906768799,calibrated_uv_reprojection_plus_stereo_left
139.0452880859375,-125.42758178710938,-611.9913330078125,164.42951431979526,125.91253809237179,-38.95169322384709,436.00000613918746,162.9999955674606,0.9882352948188782,0.9647058844566345,0.8235294222831726,calibrated_uv_reprojection_plus_stereo_left
140.26019287109375,-125.33759307861328,-611.5242309570312,163.47330707632892,125.02690433371157,-38.58658032912126,436.999996131193,163.00000199336517,0.9843137264251709,0.9686274528503418,0.8235294222831726,calibrated_uv_reprojection_plus_stereo_left
141.4748992919922,-125.2490234375,-611.0640258789062,162.52109660490328,124.13888904313859,-38.22640673413366,438.0000022034704,162.99999833228514,0.9921568632125854,0.9843137264251709,0.8313725590705872,calibrated_uv_reprojection_plus_stereo_left
142.6851806640625,-125.15812683105469,-610.592529296875,161.56506787844785,123.25890310607491,-37.858257110429975,439.0000087753121,162.99999823876152,1.0,0.9803921580314636,0.7882353067398071,calibrated_uv_reprojection_plus_stereo_left
143.54884338378906,-124.76757049560547,-608.6592407226562,159.9859608351416,123.22106946500321,-36.451549885555664,439.9999948860173,163.00000001640916,1.0,0.9843137264251709,0.7176470756530762,calibrated_uv_reprojection_plus_stereo_left
144.91514587402344,-124.81690979003906,-608.8720092773438,159.325148192683,121.95230279097399,-36.56970958575539,440.9999974477338,163.00000498293664,1.0,0.9607843160629272,0.6784313917160034,calibrated_uv_reprojection_plus_stereo_left
146.28652954101562,-124.8696517944336,-609.1012573242188,158.67070381042203,120.6730118625249,-36.69953804972869,442.0000017224196,162.9999950736236,0.9960784316062927,0.9137254953384399,0.6117647290229797,calibrated_uv_reprojection_plus_stereo_left
147.66146850585938,-124.92438507080078,-609.3402709960938,158.0197021872429,119.38702163449784,-36.83628182119861,443.000003167988,162.99999743083504,0.9960784316062927,0.9098039269447327,0.6117647290229797,calibrated_uv_reprojection_plus_stereo_left
148.98965454101562,-124.93888854980469,-609.383056640625,157.28518516563906,118.21427623787395,-36.8336189032043,443.9999957512361,163.00000241189406,1.0,0.929411768913269,0.6274510025978088,calibrated_uv_reprojection_plus_stereo_left
150.2947998046875,-124.93392181396484,-609.330810546875,156.51046061837508,117.09671574404797,-36.76344493733825,444.9999980441937,162.99999756184883,1.0,0.9254902005195618,0.6196078658103943,calibrated_uv_reprojection_plus_stereo_left
151.58570861816406,-124.917236328125,-609.221435546875,155.7117760204078,116.01267078570254,-36.652702349926926,446.0000025048386,162.99999631883153,1.0,0.929411768913269,0.615686297416687,calibrated_uv_reprojection_plus_stereo_left
152.81166076660156,-124.84770202636719,-608.8543701171875,154.8054484116442,115.08044309718764,-36.35897893325455,447.0000000209808,163.00000064547856,1.0,0.9215686321258545,0.6117647290229797,calibrated_uv_reprojection_plus_stereo_left
154.30589294433594,-124.99661254882812,-609.5525512695312,154.34421862394652,113.52084715737874,-36.821683036704144,448.0000005491975,162.99999861985089,1.0,0.9098039269447327,0.6039215922355652,calibrated_uv_reprojection_plus_stereo_left
155.63633728027344,-125.01138305664062,-609.5965576171875,153.60910351933893,112.34568011601147,-36.819833778174484,449.0000058550581,162.99999731008464,1.0,0.9137254953384399,0.6078431606292725,calibrated_uv_reprojection_plus_stereo_left
157.01365661621094,-125.06319427490234,-609.8211669921875,152.9486561029188,111.06293745942065,-36.94619552031975,449.99999753040845,162.99999546900153,1.0,0.9215686321258545,0.6078431606292725,calibrated_uv_reprojection_plus_stereo_left
158.38619995117188,-125.11029052734375,-610.0228271484375,152.27803672450062,109.7928417302789,-37.05624274013792,450.99999547558116,163.00000389457315,1.0,0.9254902005195618,0.6078431606292725,calibrated_uv_reprojection_plus_stereo_left
159.6164093017578,-125.04505157470703,-609.6766967773438,151.38104128181743,108.84916608256333,-36.77740724378435,451.9999972897791,163.0000029539189,1.0,0.9490196108818054,0.6235294342041016,calibrated_uv_reprojection_plus_stereo_left
160.8814239501953,-125.00785827636719,-609.46728515625,150.54096449600996,107.82464294124532,-36.59564184725701,453.00000869086773,162.9999952356476,1.0,0.9686274528503418,0.6470588445663452,calibrated_uv_reprojection_plus_stereo_left
162.1425323486328,-124.96819305419922,-609.2459106445312,149.69638851969353,106.80794960804559,-36.405411695653584,454.00000699310914,162.99999895434408,0.9960784316062927,0.9647058844566345,0.6509804129600525,calibrated_uv_reprojection_plus_stereo_left
163.45526123046875,-124.96858215332031,-609.2197875976562,148.93200136548126,105.67413135458474,-36.35376521088119,454.99999858395466,162.99999813030826,0.9490196108818054,0.9019607901573181,0.615686297416687,calibrated_uv_reprojection_plus_stereo_left
164.95535278320312,-125.11099243164062,-609.885986328125,148.44945995687664,104.12125210817464,-36.79341088227079,456.00000704987883,162.99999809951913,0.8509804010391235,0.7803921699523926,0.5568627715110779,calibrated_uv_reprojection_plus_stereo_left
166.23681640625,-125.08660125732422,-609.739013671875,147.63505525455776,103.05932761775864,-36.655967604878185,457.00000249761297,162.9999938934517,0.7882353067398071,0.6901960968971252,0.48235294222831726,calibrated_uv_reprojection_plus_stereo_left
167.54872131347656,-125.08524322509766,-609.704345703125,146.86633878884123,101.92938528051832,-36.59822042230007,458.0000088699374,162.99999361751907,0.7843137383460999,0.6745098233222961,0.5058823823928833,calibrated_uv_reprojection_plus_stereo_left
168.89674377441406,-125.11061096191406,-609.7999877929688,146.15017843893622,100.71982842903282,-36.63292861169697,458.99999525430184,163.000000691364,0.843137264251709,0.7411764860153198,0.5490196347236633,calibrated_uv_reprojection_plus_stereo_left
170.29078674316406,-125.16934967041016,-610.0582275390625,145.49906551143266,99.4100917683457,-36.782966594068114,459.9999939722792,163.00000236453363,0.9254902005195618,0.8588235378265381,0.5843137502670288,calibrated_uv_reprojection_plus_stereo_left
171.79075622558594,-125.30438995361328,-610.6882934570312,144.99629950131146,97.87067211210058,-37.196729024624176,460.9999980888887,163.000002171307,0.9921568632125854,0.9176470637321472,0.6392157077789307,calibrated_uv_reprojection_plus_stereo_left
173.24192810058594,-125.40199279785156,-611.1358642578125,144.41889931510053,96.44120304170713,-37.48097441359391,462.00000233571825,163.00000437383056,0.9960784316062927,0.9215686321258545,0.6196078658103943,calibrated_uv_reprojection_plus_stereo_left
174.68121337890625,-125.48954010009766,-611.5343627929688,143.82072931764122,95.04022117866293,-37.730359152259496,462.99999636899594,163.00000274586392,1.0,0.9137254953384399,0.615686297416687,calibrated_uv_reprojection_plus_stereo_left
176.25289916992188,-125.67012023925781,-612.3861694335938,143.40154971983088,93.35638434509445,-38.30118094215993,463.9999909134882,163.00000163517993,1.0,0.8980392217636108,0.6039215922355652,calibrated_uv_reprojection_plus_stereo_left
177.7174835205078,-125.77214813232422,-612.8551635742188,142.8285200959803,91.90731605417847,-38.60043940897515,464.9999918881511,163.00000601312422,1.0,0.9176470637321472,0.6196078658103943,calibrated_uv_reprojection_plus_stereo_left
179.14479064941406,-125.84642791748047,-613.1888427734375,142.2007881760386,90.54072059384384,-38.80368420397258,466.0000053907768,163.00000041702464,0.9921568632125854,0.8941176533699036,0.5960784554481506,calibrated_uv_reprojection_plus_stereo_left
180.78004455566406,-126.06458282470703,-614.2235107421875,141.8480115896001,88.733932460179,-39.50391572778432,467.0000022313154,162.99999820462443,0.9411764740943909,0.8039215803146362,0.5058823823928833,calibrated_uv_reprojection_plus_stereo_left
183.08367919921875,-126.74219512939453,-617.4966430664062,142.3707690288815,85.51769293418704,-41.791062406346896,467.9999957591946,163.00000469850255,0.9215686321258545,0.7843137383460999,0.48627451062202454,calibrated_uv_reprojection_plus_stereo_left
185.04046630859375,-127.17159271240234,-619.5601196289062,142.41220929129702,83.05061658405447,-43.22028180719906,469.0000029177033,162.9999978459348,0.9137254953384399,0.772549033164978,0.4745098054409027,calibrated_uv_reprojection_plus_stereo_left
186.6586456298828,-127.36373138427734,-620.4676513671875,141.99776832061372,81.3056909269227,-43.82986468319518,469.99999205412894,163.00000399090845,0.9215686321258545,0.7607843279838562,0.45098039507865906,calibrated_uv_reprojection_plus_stereo_left
188.06739807128906,-127.41119384765625,-620.6702270507812,141.30699971219974,80.00370737441477,-43.93964826194269,471.0000050952228,162.99999589837364,0.9215686321258545,0.7607843279838562,0.45098039507865906,calibrated_uv_reprojection_plus_stereo_left
189.3014373779297,-127.34040832519531,-620.296875,140.39251937151494,79.06676028662935,-43.641220287493866,471.9999895907957,163.0000032972563,0.9215686321258545,0.7529411911964417,0.4470588266849518,calibrated_uv_reprojection_plus_stereo_left
190.81085205078125,-127.45449829101562,-620.823974609375,139.826533784633,77.55716180565315,-43.98097391688384,473.0000008891722,162.99999589131033,0.9176470637321472,0.7490196228027344,0.4431372582912445,calibrated_uv_reprojection_plus_stereo_left
192.46353149414062,-127.66197204589844,-621.805908203125,139.4341853543217,75.7546840988494,-44.64298911646762,474.0000020267274,162.99999468327684,0.9176470637321472,0.7490196228027344,0.4588235318660736,calibrated_uv_reprojection_plus_stereo_left
106.69908905029297,-126.28900909423828,-623.44189453125,188.35515728643736,150.4066040255692,-48.65140771581554,409.9999998320275,163.99999597043603,0.6313725709915161,0.5764706134796143,0.30588236451148987,calibrated_uv_reprojection_plus_stereo_left
107.90837860107422,-126.1402359008789,-622.67919921875,187.23725620587078,149.63447070551734,-48.07388168808899,410.99999776057234,164.00000238283548,0.7882353067398071,0.7450980544090271,0.47058823704719543,calibrated_uv_reprojection_plus_stereo_left
109.05609893798828,-125.92391967773438,-621.5831298828125,185.9678030590601,149.03887360701788,-47.25869502611488,411.9999949713499,164.00000355501254,0.8313725590705872,0.7764706015586853,0.47843137383461,calibrated_uv_reprojection_plus_stereo_left
110.3176498413086,-125.84257507324219,-621.1533203125,185.00651448648335,148.0984816700572,-46.91870012272966,413.0000040593005,163.99999723608897,0.9686274528503418,0.9372549057006836,0.6392157077789307,calibrated_uv_reprojection_plus_stereo_left
111.58656311035156,-125.7713851928711,-620.773681640625,184.06911938027315,147.1331808185334,-46.61452048584715,414.00000599398163,163.99999318944828,0.9882352948188782,0.9803921580314636,0.6784313917160034,calibrated_uv_reprojection_plus_stereo_left
112.86243438720703,-125.70953369140625,-620.4402465820312,183.15361642011368,146.144791669811,-46.343326806303025,414.99999602884986,164.0000018752817,1.0,0.9960784316062927,0.686274528503418,calibrated_uv_reprojection_plus_stereo_left
113.95488739013672,-125.44711303710938,-619.1168823242188,181.7884277663939,145.6811313168252,-45.366433884328444,416.0000014671734,163.99999690791554,1.0,1.0,0.686274528503418,calibrated_uv_reprojection_plus_stereo_left
115.25138854980469,-125.41268157958984,-618.9188232421875,180.93697205975627,144.62485829063024,-45.191852906954466,417.00000463327217,163.99999946318468,1.0,1.0,0.6823529601097107,calibrated_uv_reprojection_plus_stereo_left
116.55221557617188,-125.38362121582031,-618.7472534179688,180.0978867470984,143.55504855094603,-45.03616673951626,417.9999972705803,163.99999739556532,0.9921568632125854,1.0,0.7098039388656616,calibrated_uv_reprojection_plus_stereo_left
117.85216522216797,-125.35417175292969,-618.5737915039062,179.25824026492967,142.48670205124228,-44.879146729463855,419.00000414192715,163.99999793717575,0.9921568632125854,1.0,0.7176470756530762,calibrated_uv_reprojection_plus_stereo_left
119.05072784423828,-125.21866607666016,-617.8770751953125,178.18341850772777,141.69958815733992,-44.34923174826491,419.9999931905846,164.00000702020563,0.9882352948188782,1.0,0.7960784435272217,calibrated_uv_reprojection_plus_stereo_left
120.31672668457031,-125.15620422363281,-617.5407104492188,177.27193048063708,140.7208687915885,-44.076171343348165,421.0000029702344,163.99999819403558,0.9921568632125854,1.0,0.8078431487083435,calibrated_uv_reprojection_plus_stereo_left
121.55033874511719,-125.06169891357422,-617.0463256835938,176.29042536474407,139.82862362446252,-43.69054679634246,422.0000037137536,163.99999760568988,0.9882352948188782,1.0,0.8627451062202454,calibrated_uv_reprojection_plus_stereo_left
122.802734375,-124.98826599121094,-616.656005859375,175.35646992153113,138.8816550035885,-43.37912553885701,422.9999955214505,164.00000606363895,0.9882352948188782,1.0,0.8666666746139526,calibrated_uv_reprojection_plus_stereo_left
123.9330062866211,-124.79335021972656,-615.666259765625,174.15654591424095,138.26204987268306,-42.64065600420099,424.00000250943447,163.99999561203072,0.9882352948188782,1.0,0.8784313797950745,calibrated_uv_reprojection_plus_stereo_left
125.0964126586914,-124.6354751586914,-614.8594360351562,173.04013622220913,137.54615140004455,-42.03261606025745,424.99999704579903,164.00000125246942,0.9882352948188782,1.0,0.8784313797950745,calibrated_uv_reprojection_plus_stereo_left
126.25809478759766,-124.47911071777344,-614.0601196289062,171.92891825580875,136.82898582034903,-41.43000446708538,425.99999879739266,164.00000481082253,0.9882352948188782,0.9960784316062927,0.8666666746139526,calibrated_uv_reprojection_plus_stereo_left
127.40360260009766,-124.31012725830078,-613.1986083984375,170.7921054882429,136.14883760312614,-40.783170900797074,426.9999957214857,164.00000587621818,0.9607843160629272,0.9725490212440491,0.8392156958580017,calibrated_uv_reprojection_plus_stereo_left
128.63243103027344,-124.22499084472656,-612.750732421875,169.83938396537985,135.2436110791166,-40.431035526602045,427.99999460754697,164.00000356996387,0.9411764740943909,0.9529411792755127,0.8196078538894653,calibrated_uv_reprojection_plus_stereo_left
129.8937530517578,-124.17256164550781,-612.4642333984375,168.95848828810676,134.25058554530358,-40.19387757125202,428.999992655905,164.00000381625495,0.9490196108818054,0.95686274766922,0.8196078538894653,calibrated_uv_reprojection_plus_stereo_left
131.16162109375,-124.12728881835938,-612.2130126953125,168.09361904778308,133.23884830910504,-39.9818641131659,430.00000777516107,163.9999979919574,0.9803921580314636,0.9764705896377563,0.8274509906768799,calibrated_uv_reprojection_plus_stereo_left
132.42417907714844,-124.077880859375,-611.9414672851562,167.2203913572792,132.2392339396597,-39.755405702957034,431.00000082108306,163.9999999243543,0.9803921580314636,0.9764705896377563,0.8313725590705872,calibrated_uv_reprojection_plus_stereo_left
133.68313598632812,-124.02601623535156,-611.6578369140625,166.3424501371819,131.24721264117557,-39.52036748200891,432.00000200575806,164.0000034516509,0.9725490212440491,0.9647058844566345,0.8156862854957581,calibrated_uv_reprojection_plus_stereo_left
134.9328155517578,-123.96658325195312,-611.3368530273438,165.4488938221084,130.27703956117904,-39.25875467415483,432.9999957388801,163.99999889826984,0.9764705896377563,0.9647058844566345,0.8196078538894653,calibrated_uv_reprojection_plus_stereo_left
136.13523864746094,-123.86520385742188,-610.80908203125,164.46650157712804,129.4242709330988,-38.84995745557359,434.00000168303666,163.9999999287627,0.9882352948188782,0.9647058844566345,0.8235294222831726,calibrated_uv_reprojection_plus_stereo_left
137.2349853515625,-123.67316436767578,-609.8342895507812,163.29237986070706,128.82574575090825,-38.122987642635564,435.0000058791837,163.999998008012,0.9960784316062927,0.9803921580314636,0.8352941274642944,calibrated_uv_reprojection_plus_stereo_left
138.55174255371094,-123.67841339111328,-609.8323974609375,162.53922844756477,127.67950488089076,-38.0886508556996,435.9999952551974,164.00000027596982,1.0,0.9882352948188782,0.8392156958580017,calibrated_uv_reprojection_plus_stereo_left
139.68521118164062,-123.52140808105469,-609.0304565429688,161.44266215596258,126.98787788031916,-37.48485789758712,436.99999595458854,163.99999653126434,1.0,0.9843137264251709,0.8117647171020508,calibrated_uv_reprojection_plus_stereo_left
140.81268310546875,-123.36198425292969,-608.2167358398438,160.34291187921082,126.3058235568979,-36.8727708788428,437.99999256472495,164.00000450471342,1.0,0.9803921580314636,0.7647058963775635,calibrated_uv_reprojection_plus_stereo_left
141.97537231445312,-123.23600006103516,-607.56787109375,159.3153940060797,125.53230746759499,-36.37807973192838,438.9999965812076,164.0000007981842,1.0,0.9764705896377563,0.729411780834198,calibrated_uv_reprojection_plus_stereo_left
143.37632751464844,-123.31716918945312,-607.9403076171875,158.7238189973504,124.17471472041944,-36.6102148365581,440.00000573244233,163.99999755542598,0.9960784316062927,0.95686274766922,0.6666666865348816,calibrated_uv_reprojection_plus_stereo_left
144.64016723632812,-123.27993774414062,-607.7290649414062,157.88363478694362,123.15175122890918,-36.42699222455781,441.00000730198576,163.9999996388388,0.9921568632125854,0.9254902005195618,0.6274510025978088,calibrated_uv_reprojection_plus_stereo_left
145.98448181152344,-123.3113021850586,-607.85595703125,157.1868789884566,121.93402427904459,-36.48436690537204,441.99999360822596,163.999998584126,1.0,0.9215686321258545,0.6078431606292725,calibrated_uv_reprojection_plus_stereo_left
147.34564208984375,-123.35611724853516,-608.0491333007812,156.5176274383453,120.67718609446689,-36.58887917220079,443.00000565511914,163.99999747661457,1.0,0.9176470637321472,0.6117647290229797,calibrated_uv_reprojection_plus_stereo_left
148.67210388183594,-123.37129974365234,-608.0962524414062,155.7863842028466,119.50442255680946,-36.58946548081542,443.9999981546239,163.99999993310644,1.0,0.9019607901573181,0.6039215922355652,calibrated_uv_reprojection_plus_stereo_left
149.97633361816406,-123.36785888671875,-608.051513671875,155.01639813299266,118.38488566869825,-36.524693548615744,445.00000579051755,163.99999324336596,1.0,0.9215686321258545,0.6196078658103943,calibrated_uv_reprojection_plus_stereo_left
151.26011657714844,-123.34773254394531,-607.9246215820312,154.2120641696651,117.31345420886925,-36.40149644009347,446.0000032756151,163.99999926709015,1.0,0.9176470637321472,0.6117647290229797,calibrated_uv_reprojection_plus_stereo_left
152.54083251953125,-123.32540893554688,-607.786865234375,153.40340324103153,116.24869615288128,-36.27057649676607,447.0000065651372,163.99999865914953,1.0,0.9137254953384399,0.6078431606292725,calibrated_uv_reprojection_plus_stereo_left
153.88796997070312,-123.35665893554688,-607.9131469726562,152.704690802752,115.02873678478954,-36.32744424986572,447.99999284693354,164.00000015827067,1.0,0.9098039269447327,0.6039215922355652,calibrated_uv_reprojection_plus_stereo_left
155.23651123046875,-123.38841247558594,-608.0418701171875,152.0065474957364,113.80665257141214,-36.38602612345579,449.00000405441165,163.9999979973207,1.0,0.9058823585510254,0.5921568870544434,calibrated_uv_reprojection_plus_stereo_left
156.53753662109375,-123.38213348388672,-607.983154296875,151.23056059606307,112.6950613039404,-36.31130750650317,450.00000433623956,163.99999388938596,1.0,0.9411764740943909,0.6117647290229797,calibrated_uv_reprojection_plus_stereo_left
157.83872985839844,-123.37601470947266,-607.92529296875,150.4549469081834,111.58301414820136,-36.237204453812694,451.0000038362485,163.99999972493237,1.0,0.9647058844566345,0.6392157077789307,calibrated_uv_reprojection_plus_stereo_left
159.5574951171875,-123.69364929199219,-609.4625854492188,150.3342851592135,109.51913368932145,-37.297176712285875,452.0000105544197,163.99999893517634,1.0,0.9686274528503418,0.6549019813537598,calibrated_uv_reprojection_plus_stereo_left
160.7318878173828,-123.58748626708984,-608.9116821289062,149.35495033930675,108.69930688187469,-36.872481217510085,453.00000235266054,163.999995974488,0.9725490212440491,0.9411764740943909,0.6352941393852234,calibrated_uv_reprojection_plus_stereo_left
161.89498901367188,-123.47434997558594,-608.3265380859375,148.36287629467375,107.90194518621621,-36.42350766145552,453.9999983656475,164.00000371430644,0.8980392217636108,0.843137264251709,0.5568627715110779,calibrated_uv_reprojection_plus_stereo_left
163.1177215576172,-123.40808868408203,-607.9722900390625,147.4660805551684,106.96750753148905,-36.13870198567514,455.0000063234784,163.9999984816365,0.8156862854957581,0.7254902124404907,0.49803921580314636,calibrated_uv_reprojection_plus_stereo_left
164.54054260253906,-123.49300384521484,-608.3628540039062,146.87216508959182,105.58418816091472,-36.383299261532045,455.9999966029583,164.00000005483724,0.7333333492279053,0.6274510025978088,0.5098039507865906,calibrated_uv_reprojection_plus_stereo_left
165.9274444580078,-123.54975891113281,-608.6146240234375,146.22103190521057,104.28332403774505,-36.529206533942386,457.0000067903955,163.9999962028349,0.7764706015586853,0.6705882549285889,0.529411792755127,calibrated_uv_reprojection_plus_stereo_left
167.34799194335938,-123.63042449951172,-608.9841918945312,145.6166535243799,102.90972683943448,-36.758796926966625,458.0000033154797,163.99999937899622,0.886274516582489,0.7921568751335144,0.5921568870544434,calibrated_uv_reprojection_plus_stereo_left
168.72633361816406,-123.67884063720703,-609.1948852539062,144.9473939977438,101.63146808280277,-36.87545164904304,458.9999946277541,164.00000439442982,0.9529411792755127,0.886274516582489,0.658823549747467,calibrated_uv_reprojection_plus_stereo_left
170.1314239501953,-123.74591064453125,-609.4973754882812,144.31428064755664,100.29606136595692,-37.057295612955215,459.9999931311787,164.00000054745675,1.0,0.9333333373069763,0.6549019813537598,calibrated_uv_reprojection_plus_stereo_left
171.5488739013672,-123.82080078125,-609.83837890625,143.69567474782212,98.9356922469866,-37.26646671322902,461.000000672512,164.00000133862864,1.0,0.9215686321258545,0.6352941393852234,calibrated_uv_reprojection_plus_stereo_left
172.97586059570312,-123.90133666992188,-610.2071533203125,143.0871762076834,97.55677762259819,-37.495325022341035,461.9999955500218,164.0000022926504,0.9960784316062927,0.9019607901573181,0.6078431606292725,calibrated_uv_reprojection_plus_stereo_left
174.38330078125,-123.96670532226562,-610.5011596679688,142.44796954036212,96.22245160600056,-37.67102237540206,462.99999656897995,163.9999977390026,1.0,0.9019607901573181,0.6078431606292725,calibrated_uv_reprojection_plus_stereo_left
176.14907836914062,-124.28385162353516,-612.0350341796875,142.2985417665904,94.11888180763759,-38.727364468269855,464.00000838753687,163.99999662513034,0.9960784316062927,0.8941176533699036,0.5960784554481506,calibrated_uv_reprojection_plus_stereo_left
177.5954132080078,-124.37252807617188,-612.4437255859375,141.70135061588832,92.70839700770222,-38.98437842269476,465.00000336240373,163.9999967201656,0.9647058844566345,0.8352941274642944,0.5372549295425415,calibrated_uv_reprojection_plus_stereo_left
179.21482849121094,-124.58015441894531,-613.4381103515625,141.33334662277974,90.93121824551292,-39.65730015991022,465.999994057854,163.99999996970632,0.9019607901573181,0.7647058963775635,0.46666666865348816,calibrated_uv_reprojection_plus_stereo_left
181.35826110839844,-125.1462631225586,-616.197509765625,141.65462829190528,88.04686772781741,-41.583513215752475,467.00000095568504,164.00000446490532,0.9098039269447327,0.7686274647712708,0.46666666865348816,calibrated_uv_reprojection_plus_stereo_left
183.385986328125,-125.62483215332031,-618.5255737304688,141.80041664508286,85.42232367896082,-43.20312971765634,468.000004954777,163.99999835556747,0.9254902005195618,0.7843137383460999,0.47058823704719543,calibrated_uv_reprojection_plus_stereo_left
185.1795654296875,-125.93718719482422,-620.03515625,141.6214982255206,83.30349692656722,-44.24134943947604,469.00000059402254,164.00000268596494,0.9176470637321472,0.7764706015586853,0.4588235318660736,calibrated_uv_reprojection_plus_stereo_left
186.73976135253906,-126.08743286132812,-620.7464599609375,141.1287702495066,81.68226470075115,-44.71263666377007,469.999998447594,163.99999958579644,0.9215686321258545,0.7607843279838562,0.45098039507865906,calibrated_uv_reprojection_plus_stereo_left
188.19204711914062,-126.16313171386719,-621.0906982421875,140.49208406681572,80.2903569815631,-44.92325280860035,471.00000828930973,163.99999529792336,0.9215686321258545,0.7607843279838562,0.45098039507865906,calibrated_uv_reprojection_plus_stereo_left
189.85348510742188,-126.37693786621094,-622.1148071289062,140.11672707090014,78.4656159099826,-45.616449029101034,471.9999969432043,163.99999802512468,0.9215686321258545,0.7529411911964417,0.4470588266849518,calibrated_uv_reprojection_plus_stereo_left
191.2627716064453,-126.42101287841797,-622.3032836914062,139.41735696132866,77.1685898147191,-45.716382459207864,473.0000014875078,163.9999949998509,0.9215686321258545,0.7490196228027344,0.4431372582912445,calibrated_uv_reprojection_plus_stereo_left
192.82571411132812,-126.56526947021484,-622.9849243164062,138.9064357484521,75.55590726480949,-46.16632440796536,473.99999596375756,164.00000220896652,0.9254902005195618,0.7529411911964417,0.4627451002597809,calibrated_uv_reprojection_plus_stereo_left
109.13068389892578,-124.68343353271484,-622.0269165039062,185.1968064097727,149.3592619194639,-48.25869807883845,412.0000056379813,164.99999828975618,0.6980392336845398,0.6274510025978088,0.364705890417099,calibrated_uv_reprojection_plus_stereo_left
110.37869262695312,-124.5865478515625,-621.5155029296875,184.1982712139847,148.46034445284823,-47.85998342083337,413.00000283432155,164.99999575969227,0.7607843279838562,0.6901960968971252,0.4313725531101227,calibrated_uv_reprojection_plus_stereo_left
111.62248229980469,-124.48716735839844,-620.9917602539062,183.19524883017607,147.5696426670433,-47.45252218159834,413.999996137149,165.0000043968602,0.8941176533699036,0.8392156958580017,0.5411764979362488,calibrated_uv_reprojection_plus_stereo_left
112.87496185302734,-124.39962005615234,-620.5269775390625,182.22021017020245,146.6496769955699,-47.08720116391788,415.00000150394055,164.99999662701953,0.9647058844566345,0.95686274766922,0.658823549747467,calibrated_uv_reprojection_plus_stereo_left
113.92362976074219,-124.09201049804688,-618.9646606445312,180.74856232866068,146.3109215668532,-45.93829600331702,416.0000016189626,165.00000205004386,0.9921568632125854,0.9843137264251709,0.6627451181411743,calibrated_uv_reprojection_plus_stereo_left
115.2016372680664,-124.03834533691406,-618.6690063476562,179.85340546590368,145.30651479881186,-45.693873457650966,417.0000028414193,164.99999555869312,1.0,1.0,0.6705882549285889,calibrated_uv_reprojection_plus_stereo_left
116.48065948486328,-123.98688507080078,-618.3844604492188,178.96386038921224,144.29714580594828,-45.45741720809514,417.99999857267335,165.00000253254916,1.0,1.0,0.6784313917160034,calibrated_uv_reprojection_plus_stereo_left
117.77412414550781,-123.95170593261719,-618.1810913085938,178.11141238290907,143.24533632626742,-45.27892910547371,418.99999398439377,165.0000029736422,1.0,1.0,0.686274528503418,calibrated_uv_reprojection_plus_stereo_left
118.90613555908203,-123.74918365478516,-617.1431274414062,176.88504336191,142.64111921951599,-44.504731152034026,420.0000065224979,164.99999430654304,0.9882352948188782,1.0,0.7058823704719543,calibrated_uv_reprojection_plus_stereo_left
120.16522979736328,-123.68184661865234,-616.7794799804688,175.96270329313404,141.67819999719666,-44.21192851071436,421.0000027562874,164.99999801655912,0.9921568632125854,1.0,0.7215686440467834,calibrated_uv_reprojection_plus_stereo_left
121.37789916992188,-123.56863403320312,-616.1870727539062,174.93911413285701,140.8398546649745,-43.75589705943861,422.00000000753755,164.9999978659221,0.9921568632125854,1.0,0.8117647171020508,calibrated_uv_reprojection_plus_stereo_left
122.60039520263672,-123.46766662597656,-615.6558227539062,173.9440633954472,139.97046017774574,-43.3435725968028,422.9999966224614,165.00000515864406,0.9921568632125854,1.0,0.8274509906768799,calibrated_uv_reprojection_plus_stereo_left
123.70204162597656,-123.24836730957031,-614.5345458984375,172.68849772766782,139.42333883189548,-42.51027080332807,423.9999986516107,165.0000048324356,0.9882352948188782,1.0,0.8745098114013672,calibrated_uv_reprojection_plus_stereo_left
124.92127990722656,-123.14954376220703,-614.0140380859375,171.70131683513313,138.55282573568434,-42.10574088150884,424.99999944123306,165.00000284297414,0.9882352948188782,1.0,0.8745098114013672,calibrated_uv_reprojection_plus_stereo_left
126.07145690917969,-122.98533630371094,-613.1675415039062,170.57151406531182,137.8623627770503,-41.468677069811065,426.0000055758951,164.99999365840813,0.9921568632125854,1.0,0.8745098114013672,calibrated_uv_reprojection_plus_stereo_left
127.23645782470703,-122.83875274658203,-612.4090576171875,169.48239096762774,137.12662267021716,-40.89449652849538,427.00000242020354,164.99999618451534,0.9921568632125854,1.0,0.8745098114013672,calibrated_uv_reprojection_plus_stereo_left
128.4882354736328,-122.77800750732422,-612.0785522460938,168.5827442936552,136.15788471672062,-40.62569089886745,428.00000353724283,164.99999705931648,0.9921568632125854,1.0,0.8705882430076599,calibrated_uv_reprojection_plus_stereo_left
129.73907470703125,-122.717529296875,-611.7493896484375,167.68438572142935,135.18946908282794,-40.35787221402347,429.00000565763787,164.9999957915899,0.9921568632125854,1.0,0.8627451062202454,calibrated_uv_reprojection_plus_stereo_left
131.0333709716797,-122.6988754272461,-611.6287841796875,166.87768453598318,134.1064969358289,-40.2388410000338,430.00000433372077,165.0000015260012,0.9921568632125854,0.9921568632125854,0.8470588326454163,calibrated_uv_reprojection_plus_stereo_left
132.2674560546875,-122.62471771240234,-611.2314453125,165.95082173351113,133.17774740138532,-39.92244643965137,430.9999966036427,164.9999953948626,0.9725490212440491,0.9725490212440491,0.8196078538894653,calibrated_uv_reprojection_plus_stereo_left
133.4539794921875,-122.50824737548828,-610.623291015625,164.93337013608522,132.36796839456576,-39.45575452533558,432.0000091141339,164.9999975513341,0.95686274766922,0.9490196108818054,0.7960784435272217,calibrated_uv_reprojection_plus_stereo_left
134.72279357910156,-122.46880340576172,-610.3991088867188,164.0833747685582,131.34528674759582,-39.26292903456198,432.99999705069666,165.00000157121798,0.9764705896377563,0.9647058844566345,0.8156862854957581,calibrated_uv_reprojection_plus_stereo_left
135.85292053222656,-122.30518341064453,-609.5560302734375,162.9669261531729,130.67103475420333,-38.628828377728894,433.99999583327,165.0000006605255,0.9960784316062927,0.9843137264251709,0.8352941274642944,calibrated_uv_reprojection_plus_stereo_left
136.86407470703125,-122.03852844238281,-608.1995239257812,161.63166803402447,130.289250877475,-37.62875210686792,434.99999825427,164.99999858149198,1.0,0.9882352948188782,0.8235294222831726,calibrated_uv_reprojection_plus_stereo_left
138.09710693359375,-121.97282409667969,-607.8445434570312,160.729064404359,129.34583925090936,-37.342823513596784,435.9999997434296,164.99999363500208,1.0,0.9843137264251709,0.7921568751335144,calibrated_uv_reprojection_plus_stereo_left
139.2200469970703,-121.81193542480469,-607.015380859375,159.62448083176048,128.6727358997552,-36.7189117197027,436.99999774735164,165.0000062670063,1.0,0.9803921580314636,0.7529411911964417,calibrated_uv_reprojection_plus_stereo_left
140.40769958496094,-121.71007537841797,-606.4803466796875,158.64722687482208,127.83507804993565,-36.30473440296754,437.9999961255942,165.00000632877203,0.9960784316062927,0.9686274528503418,0.686274528503418,calibrated_uv_reprojection_plus_stereo_left
141.6515350341797,-121.65827941894531,-606.1947631835938,157.77721602046313,126.85673043991466,-36.06840251359273,438.99999819489,164.9999984964291,0.9921568632125854,0.929411768913269,0.6392157077789307,calibrated_uv_reprojection_plus_stereo_left
143.16259765625,-121.83476257324219,-607.0466918945312,157.38989456837226,125.22724714440795,-36.64281444926513,439.999997740655,165.00000309087216,0.9960784316062927,0.9098039269447327,0.6117647290229797,calibrated_uv_reprojection_plus_stereo_left
144.45518493652344,-121.82374572753906,-606.9642944335938,156.6055204110881,124.13170463651738,-36.551275280052835,441.00000294306784,164.99999833606918,1.0,0.9098039269447327,0.6117647290229797,calibrated_uv_reprojection_plus_stereo_left
145.7473602294922,-121.81251525878906,-606.880859375,155.82079861753647,123.0369045363405,-36.459003195039145,442.00000277376284,164.99999717282532,1.0,0.9019607901573181,0.6039215922355652,calibrated_uv_reprojection_plus_stereo_left
147.06414794921875,-121.82180786132812,-606.8997192382812,155.07914649170834,121.88304597838771,-36.43962987857361,442.99999084656326,165.00000342910607,1.0,0.9176470637321472,0.615686297416687,calibrated_uv_reprojection_plus_stereo_left
148.36553955078125,-121.8182144165039,-606.8543090820312,154.310401803959,120.76623076804572,-36.374449841652165,444.00000530749344,164.999998923073,1.0,0.9058823585510254,0.6000000238418579,calibrated_uv_reprojection_plus_stereo_left
149.67417907714844,-121.8205337524414,-606.83837890625,153.55397896397187,119.63226171736062,-36.33027554523426,444.9999989177692,164.99999835023687,1.0,0.9019607901573181,0.5960784554481506,calibrated_uv_reprojection_plus_stereo_left
150.94766235351562,-121.79436492919922,-606.6805419921875,152.73837721591917,118.58110847904868,-36.18500612898242,446.0000075443836,164.99999797624452,1.0,0.9137254953384399,0.6078431606292725,calibrated_uv_reprojection_plus_stereo_left
152.2587127685547,-121.79864501953125,-606.6744384765625,151.9860571094187,117.44143010054034,-36.14783908817702,446.99999218333795,165.00000651694694,1.0,0.9137254953384399,0.6078431606292725,calibrated_uv_reprojection_plus_stereo_left
153.6214599609375,-121.84378814697266,-606.8717651367188,151.31784457503556,116.18189256847836,-36.25555485291147,447.9999972679726,165.00000060994012,1.0,0.9215686321258545,0.615686297416687,calibrated_uv_reprojection_plus_stereo_left
154.94195556640625,-121.85486602783203,-606.8994750976562,150.57901921243393,115.02154836445817,-36.24244735269161,448.9999999683532,165.00000513844253,1.0,0.9490196108818054,0.6274510025978088,calibrated_uv_reprojection_plus_stereo_left
156.2692108154297,-121.87097930908203,-606.9522094726562,149.8503166385433,113.84610843044806,-36.24714858117977,449.9999995444689,165.00000246537235,1.0,0.9725490212440491,0.6352941393852234,calibrated_uv_reprojection_plus_stereo_left
157.52365112304688,-121.83045196533203,-606.7228393554688,149.0056438463168,112.83784914792005,-36.050947707918,450.99999813333284,164.9999964189851,0.9921568632125854,0.9647058844566345,0.6392157077789307,calibrated_uv_reprojection_plus_stereo_left
159.1136016845703,-122.04786682128906,-607.778076171875,148.6868139573977,111.06487679669044,-36.769485642490395,451.99999536339703,165.00000287965833,0.9490196108818054,0.9137254953384399,0.6000000238418579,calibrated_uv_reprojection_plus_stereo_left
160.28469848632812,-121.9430160522461,-607.2283935546875,147.71083844836664,110.24702512542063,-36.34519375367603,453.00000115078944,164.99999964357522,0.8470588326454163,0.7882353067398071,0.5098039507865906,calibrated_uv_reprojection_plus_stereo_left
161.48733520507812,-121.86360931396484,-606.8054809570312,146.78764870506092,109.35507736073748,-36.011213220828665,453.9999938476244,165.00000079731626,0.7647058963775635,0.6745098233222961,0.45098039507865906,calibrated_uv_reprojection_plus_stereo_left
162.78924560546875,-121.8597183227539,-606.7586059570312,146.01778421611994,108.2383520218857,-35.94497126069757,454.99999901013297,165.00000181154297,0.7568627595901489,0.6666666865348816,0.4745098054409027,calibrated_uv_reprojection_plus_stereo_left
164.24693298339844,-121.97151184082031,-607.2877197265625,145.48064933324883,106.77409119762831,-36.28874057171089,456.0000020198993,165.00000336555942,0.800000011920929,0.7137255072593689,0.5647059082984924,calibrated_uv_reprojection_plus_stereo_left
165.75,-122.11492919921875,-607.9741821289062,145.00548493221578,105.21242666423876,-36.74444137918056,456.999995901473,164.9999979580714,0.8901960849761963,0.8117647171020508,0.6196078658103943,calibrated_uv_reprojection_plus_stereo_left
167.2178955078125,-122.23030853271484,-608.5210571289062,144.47243624143573,103.73274352419526,-37.100720803488514,457.99999700386695,165.00000271024857,0.9843137264251709,0.8941176533699036,0.6431372761726379,calibrated_uv_reprojection_plus_stereo_left
168.6440887451172,-122.3135986328125,-608.9080810546875,143.87393264116218,102.34817371252933,-37.343168792531,458.9999965218007,164.99999993015894,0.9882352948188782,0.9058823585510254,0.6431372761726379,calibrated_uv_reprojection_plus_stereo_left
170.01890563964844,-122.35855865478516,-609.104248046875,143.19817624425275,101.07855090094364,-37.449750527099695,460.00000931431555,164.99999576261084,1.0,0.9176470637321472,0.6352941393852234,calibrated_uv_reprojection_plus_stereo_left
171.48472595214844,-122.4677734375,-609.6203002929688,142.64909700078272,99.61201223157849,-37.783932677889936,460.99999772036824,165.00000068121386,1.0,0.9137254953384399,0.6313725709915161,calibrated_uv_reprojection_plus_stereo_left
172.9299774169922,-122.56068420410156,-610.0551147460938,142.0663971939593,98.19326639987673,-38.060248299610976,462.0000005036955,165.00000070368236,1.0,0.9058823585510254,0.6117647290229797,calibrated_uv_reprojection_plus_stereo_left
174.33897399902344,-122.62664031982422,-610.355712890625,141.42944313675548,96.85546374751658,-38.241021465335564,462.9999983833086,164.99999918992035,0.9960784316062927,0.8823529481887817,0.5882353186607361,calibrated_uv_reprojection_plus_stereo_left
176.14892578125,-122.97145080566406,-612.044189453125,141.33863909601752,94.65795589619927,-39.40910129018056,464.000004730408,165.00000033206888,0.9686274528503418,0.8352941274642944,0.5372549295425415,calibrated_uv_reprojection_plus_stereo_left
177.7709197998047,-123.18084716796875,-613.0585327148438,140.9786745227566,92.87210898509892,-40.09744467636261,465.0000065900124,164.99999634034785,0.929411768913269,0.7843137383460999,0.501960813999176,calibrated_uv_reprojection_plus_stereo_left
179.80340576171875,-123.66943359375,-615.4622802734375,141.16025792241248,90.21769288218394,-41.77395741170784,465.99999418627226,165.00000191376003,0.9137254953384399,0.7803921699523926,0.545098066329956,calibrated_uv_reprojection_plus_stereo_left
181.81826782226562,-124.13876342773438,-617.7698974609375,141.2982271981797,87.61397836943911,-43.3818233908666,467.0000054512034,164.99999565638018,0.9490196108818054,0.8156862854957581,0.5882353186607361,calibrated_uv_reprojection_plus_stereo_left
183.4551239013672,-124.3449935913086,-618.7681274414062,140.9207652845701,85.82111758340329,-44.05822156197246,468.00000540077764,164.99999974880097,0.9372549057006836,0.8078431487083435,0.6078431606292725,calibrated_uv_reprojection_plus_stereo_left
185.2346649169922,-124.64421081542969,-620.2289428710938,140.72017490442147,83.73383304457252,-45.06346384882812,468.9999993428423,165.00000036859961,0.8941176533699036,0.7647058963775635,0.5529412031173706,calibrated_uv_reprojection_plus_stereo_left
186.77011108398438,-124.7760009765625,-620.8565063476562,140.1936168390592,82.16562998133685,-45.47603035040913,470.00000830894834,164.99999553066652,0.9215686321258545,0.7607843279838562,0.45098039507865906,calibrated_uv_reprojection_plus_stereo_left
188.24131774902344,-124.86325073242188,-621.262451171875,139.57996258250563,80.7348974905156,-45.730953455507006,471.00000149242953,164.9999989676018,0.9215686321258545,0.7607843279838562,0.45098039507865906,calibrated_uv_reprojection_plus_stereo_left
189.88958740234375,-125.06582641601562,-622.2421264648438,139.18561968125545,78.93891875129759,-46.39373117082499,472.0000005086759,165.00000071120508,0.9372549057006836,0.7490196228027344,0.43921568989753723,calibrated_uv_reprojection_plus_stereo_left
191.32875061035156,-125.12874603271484,-622.5269165039062,138.5225996623107,77.58065783820223,-46.562393408649825,472.9999982476369,165.0000039029792,0.9372549057006836,0.7490196228027344,0.43921568989753723,calibrated_uv_reprojection_plus_stereo_left
110.49516296386719,-123.3908462524414,-622.1898193359375,183.53105859605898,148.6600499413512,-49.025333019579534,413.00000113419645,166.00000057683633,0.5843137502670288,0.4627451002597809,0.21568627655506134,calibrated_uv_reprojection_plus_stereo_left
111.7154312133789,-123.26493072509766,-621.5270385742188,182.4647911388942,147.84042552758092,-48.51786317701192,413.9999993189306,165.99999810751433,0.7137255072593689,0.6666666865348816,0.3921568691730499,calibrated_uv_reprojection_plus_stereo_left
112.94042205810547,-123.14703369140625,-620.9047241210938,181.41836728180067,147.0018380570492,-48.03939696562628,415.0000062017027,165.99999299614032,0.7607843279838562,0.7098039388656616,0.43529412150382996,calibrated_uv_reprojection_plus_stereo_left
113.93374633789062,-122.78213500976562,-619.0372314453125,179.81073633714163,146.82192816420962,-46.670577558654884,416.0000014728813,166.00000152083894,0.9215686321258545,0.886274516582489,0.5686274766921997,calibrated_uv_reprojection_plus_stereo_left
115.16497802734375,-122.67899322509766,-618.489501953125,178.8022842208287,145.9505405361632,-46.245637605963,416.99999884734524,166.00000191785512,0.9686274528503418,0.9607843160629272,0.6509804129600525,calibrated_uv_reprojection_plus_stereo_left
116.4296875,-122.61337280273438,-618.1309204101562,177.8800664364477,144.98058600842057,-45.95598491427461,418.00000115681377,165.99999432596013,1.0,0.9960784316062927,0.6705882549285889,calibrated_uv_reprojection_plus_stereo_left
117.66284942626953,-122.51628112792969,-617.61376953125,176.88754352647072,144.09629681849987,-45.55300385078971,419.00000619593834,165.999994494446,1.0,1.0,0.6745098233222961,calibrated_uv_reprojection_plus_stereo_left
118.79136657714844,-122.31352996826172,-616.5640869140625,175.6581864417057,143.49855613694217,-44.76937990654926,419.9999975589485,166.00000056633633,0.9921568632125854,1.0,0.6784313917160034,calibrated_uv_reprojection_plus_stereo_left
119.99034881591797,-122.1869125366211,-615.898193359375,174.60234619630984,142.69861299786112,-44.26020079337195,421.00000075929586,165.99999732996505,0.9921568632125854,1.0,0.686274528503418,calibrated_uv_reprojection_plus_stereo_left
121.20194244384766,-122.07566833496094,-615.3098754882812,173.58250467204692,141.8592234333724,-43.80654088114176,422.00000282748226,165.99999905423635,0.9882352948188782,0.9960784316062927,0.7215686440467834,calibrated_uv_reprojection_plus_stereo_left
122.38925170898438,-121.94255065917969,-614.611328125,172.51514527336207,141.08142891081172,-43.27415258926317,423.00000474565127,165.9999959582312,0.9921568632125854,1.0,0.7529411911964417,calibrated_uv_reprojection_plus_stereo_left
123.51189422607422,-121.74844360351562,-613.6055297851562,171.3135851082286,140.4727033628729,-42.522259847491625,423.99999848678453,166.00000395352745,0.9882352948188782,1.0,0.8274509906768799,calibrated_uv_reprojection_plus_stereo_left
124.70738220214844,-121.62940216064453,-612.97802734375,170.28112779121875,139.66171467575407,-42.04079529193632,425.00000613327984,165.99999694496805,0.9921568632125854,1.0,0.843137264251709,calibrated_uv_reprojection_plus_stereo_left
125.90574645996094,-121.51554870605469,-612.3768310546875,169.2616634973939,138.8385771685837,-41.57820236801928,425.9999929008493,166.00000636701213,0.9882352948188782,1.0,0.8705882430076599,calibrated_uv_reprojection_plus_stereo_left
127.08718872070312,-121.38780212402344,-611.70556640625,168.2128551723943,138.055879816759,-41.0655933671855,427.00000012207954,165.99999969465517,0.9882352948188782,1.0,0.8705882430076599,calibrated_uv_reprojection_plus_stereo_left
128.3789825439453,-121.36691284179688,-611.5728759765625,167.40097197832029,136.97945443587952,-40.93784357667664,428.0000003948976,166.0000020554641,0.9882352948188782,1.0,0.8705882430076599,calibrated_uv_reprojection_plus_stereo_left
129.63754272460938,-121.31526947021484,-611.2852172851562,166.52176187640754,135.98883638370933,-40.69939270891115,429.0000023171993,166.0000026341877,0.9921568632125854,1.0,0.8666666746139526,calibrated_uv_reprojection_plus_stereo_left
130.87548828125,-121.24549865722656,-610.9061889648438,165.60344532057076,135.0496950096363,-40.39569285694466,430.0000039921117,165.99999494127326,0.9960784316062927,1.0,0.8627451062202454,calibrated_uv_reprojection_plus_stereo_left
132.0715789794922,-121.13864135742188,-610.3403930664062,164.60500525930297,134.21554365265177,-39.95862849968387,431.0000014996951,165.9999959883438,0.9882352948188782,0.9921568632125854,0.8470588326454163,calibrated_uv_reprojection_plus_stereo_left
133.20205688476562,-120.9742202758789,-609.484619140625,163.4825378056845,133.5449403897059,-39.31450599866923,432.0000011825574,165.9999954585008,0.9843137264251709,0.9803921580314636,0.8274509906768799,calibrated_uv_reprojection_plus_stereo_left
134.3195343017578,-120.80123138427734,-608.5858154296875,162.34352158079935,132.90145417861328,-38.63974608384348,432.9999936480804,166.00000424923962,0.9921568632125854,0.9882352948188782,0.8235294222831726,calibrated_uv_reprojection_plus_stereo_left
135.42236328125,-120.61846160888672,-607.6376953125,161.1854228346067,132.28881229629752,-37.92984703674762,434.00000370283163,165.999994852773,0.9960784316062927,0.9882352948188782,0.8039215803146362,calibrated_uv_reprojection_plus_stereo_left
136.4871826171875,-120.40557861328125,-606.5380249023438,159.96461851648348,131.76488942940443,-37.11183363622217,435.0000043899933,165.99999498253135,0.9921568632125854,0.9843137264251709,0.7686274647712708,calibrated_uv_reprojection_plus_stereo_left
137.68495178222656,-120.31282043457031,-606.0435791015625,159.00495619668857,130.9030978203075,-36.72608039012755,436.00000583408035,166.00000023560716,1.0,0.9764705896377563,0.7176470756530762,calibrated_uv_reprojection_plus_stereo_left
138.93113708496094,-120.26365661621094,-605.7687377929688,158.13995325331405,129.91855560342077,-36.49716407099902,436.99999710611166,166.00000227136866,0.9960784316062927,0.9450980424880981,0.6627451181411743,calibrated_uv_reprojection_plus_stereo_left
140.1879425048828,-120.22443389892578,-605.5439453125,157.29676566442805,128.90639560199054,-36.30399808228259,438.00000446572494,165.9999978218978,0.9960784316062927,0.9215686321258545,0.6235294342041016,calibrated_uv_reprojection_plus_stereo_left
141.43753051757812,-120.17974090576172,-605.2916259765625,156.44236811694128,127.91062289466151,-36.09120223154582,439.0000013616556,165.99999461803094,1.0,0.9254902005195618,0.6235294342041016,calibrated_uv_reprojection_plus_stereo_left
142.99395751953125,-120.39412689208984,-606.3441772460938,156.1394607550647,126.1688078001037,-36.809856787261765,440.0000001687878,165.99999841133874,1.0,0.9137254953384399,0.6078431606292725,calibrated_uv_reprojection_plus_stereo_left
144.2661895751953,-120.3674545288086,-606.1826171875,155.32267431458916,125.12001257502942,-36.66181720320429,441.00000100146974,165.99999938068456,1.0,0.9137254953384399,0.6078431606292725,calibrated_uv_reprojection_plus_stereo_left
145.55563354492188,-120.35543060302734,-606.0947875976562,154.53712843176214,124.0291683399418,-36.5664063657253,442.0000045387355,165.9999930901979,1.0,0.9215686321258545,0.615686297416687,calibrated_uv_reprojection_plus_stereo_left
146.89306640625,-120.38286590576172,-606.2057495117188,153.83487811198216,122.82359124650583,-36.612874960667284,443.00000669296867,165.999999782682,1.0,0.9098039269447327,0.6039215922355652,calibrated_uv_reprojection_plus_stereo_left
148.118896484375,-120.3191146850586,-605.8574829101562,152.94061036374939,121.88371813602146,-36.33162097047722,443.9999998998272,165.99999852449304,1.0,0.9019607901573181,0.5960784554481506,calibrated_uv_reprojection_plus_stereo_left
149.38209533691406,-120.28649139404297,-605.6659545898438,152.11229824973265,120.85378373304036,-36.162235059096986,445.000005947562,165.99999363803994,1.0,0.9058823585510254,0.6000000238418579,calibrated_uv_reprojection_plus_stereo_left
150.7022247314453,-120.2998046875,-605.705810546875,151.3803275306749,119.68936897115799,-36.15796180287185,446.0000039778125,166.00000124898384,1.0,0.9137254953384399,0.6039215922355652,calibrated_uv_reprojection_plus_stereo_left
152.01397705078125,-120.30621337890625,-605.7108154296875,150.63374283091196,118.54503176159648,-36.12880739964811,446.99999942706484,165.99999654904326,1.0,0.9411764740943909,0.6235294342041016,calibrated_uv_reprojection_plus_stereo_left
153.37896728515625,-120.35420989990234,-605.9252319335938,149.97337652976353,117.27748955281527,-36.24904019422638,448.00000033678407,165.999998237471,1.0,0.9647058844566345,0.6313725709915161,calibrated_uv_reprojection_plus_stereo_left
154.65782165527344,-120.33432006835938,-605.7978515625,149.17184567023656,116.21038411792722,-36.12543322086094,448.99999744452845,165.99999779265943,1.0,0.9686274528503418,0.6352941393852234,calibrated_uv_reprojection_plus_stereo_left
155.94110107421875,-120.31810760498047,-605.6890258789062,148.37811632811696,115.13261918344114,-36.015073050015246,449.9999936981518,166.0000027401249,0.9764705896377563,0.9450980424880981,0.615686297416687,calibrated_uv_reprojection_plus_stereo_left
157.18942260742188,-120.27536010742188,-605.4465942382812,147.52994739725415,114.13432264377451,-35.80942643947168,450.9999901662077,166.00000179683684,0.9058823585510254,0.8588235378265381,0.5568627715110779,calibrated_uv_reprojection_plus_stereo_left
158.69407653808594,-120.4277572631836,-606.1864624023438,147.0824629453059,112.55233120860873,-36.30433453020004,452.00000539447757,166.00000091917315,0.7686274647712708,0.6941176652908325,0.43529412150382996,calibrated_uv_reprojection_plus_stereo_left
159.92335510253906,-120.37035369873047,-605.8702392578125,146.20407430755347,111.59769592383282,-36.04605480812717,453.00000668484785,165.99999801154297,0.7137255072593689,0.6313725709915161,0.40392157435417175,calibrated_uv_reprojection_plus_stereo_left
161.25634765625,-120.39125061035156,-605.9481811523438,145.4859721928093,110.40810057943986,-36.068867831394584,453.99999799215936,166.00000149591187,0.7960784435272217,0.7058823704719543,0.5137255191802979,calibrated_uv_reprojection_plus_stereo_left
162.63119506835938,-120.44274139404297,-606.1800537109375,144.82970071007713,109.12556600210894,-36.201415181472555,455.00000345163176,165.9999996886176,0.8705882430076599,0.7843137383460999,0.572549045085907,calibrated_uv_reprojection_plus_stereo_left
164.1121063232422,-120.57128143310547,-606.7996826171875,144.3288077304694,107.60837406006658,-36.61038156628433,455.99999945845946,166.0000001674598,0.9411764740943909,0.8666666746139526,0.6313725709915161,calibrated_uv_reprojection_plus_stereo_left
165.6368408203125,-120.72966766357422,-607.5694580078125,143.88650721562988,105.99792036176711,-37.126313845259574,456.9999982883551,166.000001588938,0.9921568632125854,0.9058823585510254,0.658823549747467,calibrated_uv_reprojection_plus_stereo_left
167.08900451660156,-120.8330307006836,-608.062255859375,143.3313957442902,104.55230443692221,-37.444717770092836,457.99999855772626,166.00000095919972,0.9921568632125854,0.886274516582489,0.6196078658103943,calibrated_uv_reprojection_plus_stereo_left
168.5464324951172,-120.93850708007812,-608.5656127929688,142.77916200050748,103.09822682309243,-37.77058682855932,459.0000003574496,165.9999962661858,0.9921568632125854,0.886274516582489,0.6117647290229797,calibrated_uv_reprojection_plus_stereo_left
169.8842315673828,-120.95711517333984,-608.6318969726562,142.0518170266356,101.90872490150582,-37.78489256323451,459.99999063943665,166.00000377198333,1.0,0.9176470637321472,0.6313725709915161,calibrated_uv_reprojection_plus_stereo_left
171.3580780029297,-121.07150268554688,-609.1799926757812,141.51512510433906,100.42392969126541,-38.14254797919028,461.00000194976957,165.99999625063836,1.0,0.9176470637321472,0.6274510025978088,calibrated_uv_reprojection_plus_stereo_left
172.85133361816406,-121.19770050048828,-609.7875366210938,141.00044501371656,98.90042274087602,-38.54251142640629,461.9999971844561,166.00000083525208,0.9843137264251709,0.8627451062202454,0.5647059082984924,calibrated_uv_reprojection_plus_stereo_left
174.32757568359375,-121.31009674072266,-610.3255615234375,140.4567669583277,97.41724097626701,-38.89286495302832,462.9999966473146,166.0000019767101,0.9372549057006836,0.8078431487083435,0.5176470875740051,calibrated_uv_reprojection_plus_stereo_left
176.19314575195312,-121.68964385986328,-612.20751953125,140.43922167508032,95.10183251795968,-40.20071540002073,464.0000019804332,165.99999986953605,0.929411768913269,0.800000011920929,0.5254902243614197,calibrated_uv_reprojection_plus_stereo_left
178.1962890625,-122.15779876708984,-614.5350952148438,140.5912789376211,92.50309341723823,-41.825842606729,464.99999909454766,166.00000305212492,0.929411768913269,0.7960784435272217,0.5764706134796143,calibrated_uv_reprojection_plus_stereo_left
180.34144592285156,-122.71562957763672,-617.3134765625,140.91330985658067,89.6152424551247,-43.77185676331612,466.0000044335655,165.999992806658,0.9372549057006836,0.8039215803146362,0.7411764860153198,calibrated_uv_reprojection_plus_stereo_left
182.14610290527344,-123.03521728515625,-618.893310546875,140.76227611216603,87.46375179196127,-44.86379811483255,466.99999507752784,166.00000061083176,0.95686274766922,0.8196078538894653,0.7529411911964417,calibrated_uv_reprojection_plus_stereo_left
183.55747985839844,-123.08638000488281,-619.1227416992188,140.08377886040915,86.15029540398308,-44.993674462671436,468.00000352447057,165.9999961673284,0.9372549057006836,0.800000011920929,0.6784313917160034,calibrated_uv_reprojection_plus_stereo_left
185.2039031982422,-123.29322814941406,-620.13525390625,139.70715881929527,84.34478695504191,-45.681265094478306,468.9999946678508,165.9999984994457,0.8901960849761963,0.7490196228027344,0.6000000238418579,calibrated_uv_reprojection_plus_stereo_left
186.75245666503906,-123.4323501586914,-620.8070678710938,139.19668334292572,82.74953561611159,-46.126103954606094,469.9999984913539,166.0000050664279,0.9254902005195618,0.7568627595901489,0.45098039507865906,calibrated_uv_reprojection_plus_stereo_left
188.24044799804688,-123.52970886230469,-621.2686767578125,138.60374016570307,81.28415484690618,-46.421161528638095,471.00000573794216,165.9999967709475,0.9254902005195618,0.7568627595901489,0.45098039507865906,calibrated_uv_reprojection_plus_stereo_left
189.97938537597656,-123.78914642333984,-622.5454711914062,138.32146123352646,79.30110012846836,-47.29664976467586,471.9999892643855,166.0000068432509,0.9215686321258545,0.7529411911964417,0.4470588266849518,calibrated_uv_reprojection_plus_stereo_left
191.40908813476562,-123.84480285644531,-622.7972412109375,137.644940285504,77.9634838941326,-47.44214348058887,473.0000026349844,165.9999992294388,0.9254902005195618,0.7529411911964417,0.4470588266849518,calibrated_uv_reprojection_plus_stereo_left
113.03362274169922,-121.92273712158203,-621.43505859375,180.6842159872789,147.27466305511416,-49.10173057473145,415.0000035021751,166.99999909055322,0.6039215922355652,0.5098039507865906,0.25882354378700256,calibrated_uv_reprojection_plus_stereo_left
114.0119857788086,-121.5445556640625,-619.47998046875,179.03934812053075,147.13823641084753,-47.66815173772568,415.9999970926428,167.00000539329554,0.7058823704719543,0.658823549747467,0.37254902720451355,calibrated_uv_reprojection_plus_stereo_left
115.17411041259766,-121.36864471435547,-618.5558471679688,177.86211187277814,146.4643746302919,-46.97307221473835,417.000004579375,166.9999973280186,0.8509804010391235,0.8039215803146362,0.5176470875740051,calibrated_uv_reprojection_plus_stereo_left
116.41057586669922,-121.27410125732422,-618.0465698242188,176.87280598600563,145.57391517792922,-46.5751723133107,417.99999665899645,167.00000499953728,0.9411764740943909,0.9215686321258545,0.6117647290229797,calibrated_uv_reprojection_plus_stereo_left
117.57635498046875,-121.1087875366211,-617.1766357421875,175.72357683710618,144.87703535080834,-45.919073499825856,418.99999796242014,167.00000545523676,0.9764705896377563,0.9686274528503418,0.6627451181411743,calibrated_uv_reprojection_plus_stereo_left
118.63999938964844,-120.84304809570312,-615.7949829101562,174.34848792066123,144.45642240548085,-44.89667731313153,419.99999892906413,166.99999994612017,1.0,1.0,0.6705882549285889,calibrated_uv_reprojection_plus_stereo_left
119.8380126953125,-120.71842193603516,-615.132568359375,173.29609938180892,143.6555069357753,-44.38935432075607,421.00000104012764,167.0000038132371,1.0,1.0,0.6705882549285889,calibrated_uv_reprojection_plus_stereo_left
121.03267669677734,-120.59310913085938,-614.4666137695312,172.24367205556553,142.85879657527494,-43.87955353142263,422.00000385589453,166.99999335297707,0.9921568632125854,1.0,0.6784313917160034,calibrated_uv_reprojection_plus_stereo_left
122.21060943603516,-120.45391082763672,-613.7301025390625,171.16159564428028,142.1024967775063,-43.31932741210784,422.9999971828971,167.00000328023097,0.9921568632125854,1.0,0.6941176652908325,calibrated_uv_reprojection_plus_stereo_left
123.33021545410156,-120.26072692871094,-612.718505859375,169.9600690429313,141.4976846703268,-42.56226821612057,424.0000034716164,166.99999912474135,0.9882352948188782,0.9960784316062927,0.7411764860153198,calibrated_uv_reprojection_plus_stereo_left
124.5639419555664,-120.18164825439453,-612.2883911132812,169.01629858808906,140.58063166991343,-42.22149439147012,424.99999809983717,167.00000467506396,0.9921568632125854,1.0,0.772549033164978,calibrated_uv_reprojection_plus_stereo_left
125.76876068115234,-120.07654571533203,-611.7256469726562,168.01539151478391,139.73729825578624,-41.785835238663424,426.00000326592004,166.99999740805634,0.9882352948188782,1.0,0.8313725590705872,calibrated_uv_reprojection_plus_stereo_left
126.98107147216797,-119.9806137084961,-611.209716796875,167.03619800926583,138.870307372043,-41.38373728730534,427.0000026960634,166.99999777828117,0.9921568632125854,1.0,0.8470588326454163,calibrated_uv_reprojection_plus_stereo_left
128.2654571533203,-119.95397186279297,-611.0468139648438,166.2119009639448,137.81131802354275,-41.23430164587643,427.99999848688077,167.00000124736817,0.9882352948188782,1.0,0.8705882430076599,calibrated_uv_reprojection_plus_stereo_left
129.47682189941406,-119.86019134521484,-610.5418701171875,165.2393558277654,136.9411262124188,-40.840141983758826,429.0000070953112,166.99999554075632,0.9921568632125854,1.0,0.8705882430076599,calibrated_uv_reprojection_plus_stereo_left
130.6937255859375,-119.77330017089844,-610.0721435546875,164.2831942726146,136.053225728649,-40.47123688739282,429.999994847637,167.00000254302893,0.9921568632125854,1.0,0.8705882430076599,calibrated_uv_reprojection_plus_stereo_left
131.81983947753906,-119.60567474365234,-609.191162109375,163.15049741252187,135.3949324357693,-39.80815989307678,431.000002360157,166.9999966468285,0.9960784316062927,1.0,0.8549019694328308,calibrated_uv_reprojection_plus_stereo_left
132.8828887939453,-119.38460540771484,-608.0381469726562,161.90272611902503,134.89115080365468,-38.95058589511291,432.0000015934023,167.00000385966462,0.9960784316062927,0.9921568632125854,0.8274509906768799,calibrated_uv_reprojection_plus_stereo_left
133.93902587890625,-119.16162872314453,-606.8754272460938,160.65352675520683,134.39693449617386,-38.08618030017249,433.000006479775,166.99999763842666,0.9921568632125854,0.9843137264251709,0.7803921699523926,calibrated_uv_reprojection_plus_stereo_left
135.03750610351562,-118.98019409179688,-605.9244384765625,159.4977244506532,133.78834062060116,-37.37333898704276,433.999993996052,167.0000022740934,0.9960784316062927,0.9843137264251709,0.7254902124404907,calibrated_uv_reprojection_plus_stereo_left
136.27369689941406,-118.92230987548828,-605.6026611328125,158.61272539348812,132.8294802591646,-37.11058715469596,435.0000058221903,167.0000009456221,0.9960784316062927,0.9529411792755127,0.6745098233222961,calibrated_uv_reprojection_plus_stereo_left
137.4869384765625,-118.84562683105469,-605.1851806640625,157.68768272975865,131.9256397865119,-36.77942593206967,436.00000460880324,166.9999995069319,1.0,0.9098039269447327,0.615686297416687,calibrated_uv_reprojection_plus_stereo_left
138.78060913085938,-118.83917999267578,-605.1253662109375,156.915343959795,130.8208245663518,-36.704059394967715,437.00000737650345,166.99999692743438,0.9960784316062927,0.9098039269447327,0.615686297416687,calibrated_uv_reprojection_plus_stereo_left
140.05543518066406,-118.8167953491211,-604.9844360351562,156.10871358235278,129.76211740086865,-36.570699043386355,438.0000045148321,166.99999951269496,1.0,0.9137254953384399,0.615686297416687,calibrated_uv_reprojection_plus_stereo_left
141.29896545410156,-118.7684555053711,-604.7113647460938,155.24656957817666,128.77903794472996,-36.34287362758084,438.9999940796712,167.0000023303655,1.0,0.9058823585510254,0.6039215922355652,calibrated_uv_reprojection_plus_stereo_left
142.8797607421875,-119.00182342529297,-605.87255859375,154.9883548649707,126.97720093810221,-37.14043693572984,439.999991571179,167.000003597781,1.0,0.9137254953384399,0.6078431606292725,calibrated_uv_reprojection_plus_stereo_left
144.1717987060547,-118.99256896972656,-605.7984008789062,154.2089842218743,125.87905707254788,-37.05477139393241,441.00000409303544,166.99999908876572,1.0,0.9176470637321472,0.6039215922355652,calibrated_uv_reprojection_plus_stereo_left
145.45303344726562,-118.97459411621094,-605.6798706054688,153.41113777533934,124.80656643778025,-36.937393938879666,441.9999962143817,166.99999737794894,1.0,0.9215686321258545,0.5960784554481506,calibrated_uv_reprojection_plus_stereo_left
146.7117919921875,-118.93862915039062,-605.4697875976562,152.57527942352567,123.78716627651386,-36.75458911906043,443.00000394288475,166.99999896988476,1.0,0.9254902005195618,0.6000000238418579,calibrated_uv_reprojection_plus_stereo_left
147.84963989257812,-118.80609130859375,-604.7681274414062,151.5354698658062,123.05301606049221,-36.220476869332344,443.9999928103013,167.00000061547456,1.0,0.9098039269447327,0.5882353186607361,calibrated_uv_reprojection_plus_stereo_left
149.1231689453125,-118.78386688232422,-604.6279907226562,150.7300288349902,121.99514376794735,-36.08771543012591,445.00000022208167,166.99999519217005,1.0,0.9176470637321472,0.5921568870544434,calibrated_uv_reprojection_plus_stereo_left
150.427734375,-118.78646850585938,-604.6142578125,149.97705810707686,120.86397261587337,-36.04529359372481,446.0000026837889,166.99999470134009,1.0,0.9529411792755127,0.6235294342041016,calibrated_uv_reprojection_plus_stereo_left
151.7544403076172,-118.8062973022461,-604.688232421875,149.2601480267998,119.68141504336688,-36.06554105195386,446.9999964457965,166.99999861504648,1.0,0.9686274528503418,0.6392157077789307,calibrated_uv_reprojection_plus_stereo_left
153.07054138183594,-118.8174819946289,-604.7182006835938,148.52485508365726,118.52420227121343,-36.05433360197611,448.00000104164525,167.0000023138736,0.9921568632125854,0.9725490212440491,0.6392157077789307,calibrated_uv_reprojection_plus_stereo_left
154.33993530273438,-118.79248046875,-604.56396484375,147.7139423249762,117.47509435494186,-35.91151514618326,448.9999970329933,167.00000040309118,0.9725490212440491,0.9254902005195618,0.6196078658103943,calibrated_uv_reprojection_plus_stereo_left
155.5792999267578,-118.74490356445312,-604.2948608398438,146.8563850230995,116.49418888011371,-35.68665089510375,450.0000020265579,166.99999984483009,0.8588235378265381,0.7764706015586853,0.5058823823928833,calibrated_uv_reprojection_plus_stereo_left
156.83572387695312,-118.71097564697266,-604.09521484375,146.027662203839,115.47299881147143,-35.5114237851725,451.00000061715497,166.9999964218835,0.7529411911964417,0.6549019813537598,0.4431372582912445,calibrated_uv_reprojection_plus_stereo_left
158.4024658203125,-118.91048431396484,-605.08349609375,145.6814338736641,113.74669894979837,-36.184707120312964,451.9999989223611,167.0000016070145,0.7450980544090271,0.6313725709915161,0.47843137383461,calibrated_uv_reprojection_plus_stereo_left
159.7555389404297,-118.94758605957031,-605.2453002929688,144.99824090895265,112.50902710705998,-36.26760402546779,452.9999977762019,167.00000622033573,0.7921568751335144,0.6980392336845398,0.501960813999176,calibrated_uv_reprojection_plus_stereo_left
161.1386260986328,-119.00621032714844,-605.5165405273438,144.3586906749086,111.20515086974422,-36.42862710165451,453.99998885496876,167.0000025809096,0.9098039269447327,0.8313725590705872,0.5921568870544434,calibrated_uv_reprojection_plus_stereo_left
162.5482635498047,-119.08325958251953,-605.8814697265625,143.75601178345948,109.84385354876304,-36.656515315042725,455.0000099233363,166.99999501197982,0.9921568632125854,0.9098039269447327,0.6627451181411743,calibrated_uv_reprojection_plus_stereo_left
163.96913146972656,-119.16719818115234,-606.281494140625,143.1663974930285,108.4599349305521,-36.90942780517071,455.9999982284053,166.99999960899504,0.9882352948188782,0.8941176533699036,0.6313725709915161,calibrated_uv_reprojection_plus_stereo_left
165.5025634765625,-119.33090209960938,-607.0872192382812,142.73781409026554,106.82946641755166,-37.451951344349084,457.0000082247739,166.99999528099684,0.9921568632125854,0.886274516582489,0.6117647290229797,calibrated_uv_reprojection_plus_stereo_left
166.97116088867188,-119.44561004638672,-607.6436767578125,142.20781614965426,105.34671533008202,-37.816428785460744,457.9999930655755,167.00000002780274,1.0,0.8980392217636108,0.6078431606292725,calibrated_uv_reprojection_plus_stereo_left
168.45993041992188,-119.5727767944336,-608.263427734375,141.70145188703373,103.8232242814006,-38.22602135719791,459.00000006158086,167.00000029973273,1.0,0.9019607901573181,0.6078431606292725,calibrated_uv_reprojection_plus_stereo_left
169.87152099609375,-119.64356994628906,-608.5963745117188,141.07988405736927,102.47193848875463,-38.43081497051185,459.99999581717356,167.0000025495422,0.9764705896377563,0.8666666746139526,0.572549045085907,calibrated_uv_reprojection_plus_stereo_left
171.33412170410156,-119.74887084960938,-609.1047973632812,140.52663727720517,101.01199098441037,-38.76081610599874,460.99999543987826,167.00000265947423,0.9372549057006836,0.8196078538894653,0.5254902243614197,calibrated_uv_reprojection_plus_stereo_left
172.78570556640625,-119.8448715209961,-609.5658569335938,139.95337974550722,99.57897522291267,-39.05695211002967,461.9999962106434,167.00000127222694,0.9254902005195618,0.7843137383460999,0.4941176474094391,calibrated_uv_reprojection_plus_stereo_left
174.29339599609375,-119.97798156738281,-610.215576171875,139.4528569523859,98.02803144327748,-39.48766900561998,463.00001078933633,166.9999946037733,0.9215686321258545,0.7882353067398071,0.545098066329956,calibrated_uv_reprojection_plus_stereo_left
176.3119659423828,-120.45809173583984,-612.6300659179688,139.64063246317272,95.38614394724664,-41.17767564666673,463.9999996325302,166.9999949114394,0.9058823585510254,0.7803921699523926,0.6352941393852234,calibrated_uv_reprojection_plus_stereo_left
178.61260986328125,-121.12227630615234,-615.98046875,140.1870733926138,92.15599205535784,-43.535243225276986,464.9999980849142,166.99999567107324,0.8823529481887817,0.7647058963775635,0.6666666865348816,calibrated_uv_reprojection_plus_stereo_left
180.54153442382812,-121.52637481689453,-618.0079345703125,140.2111047506774,89.73385269334403,-44.94852410998186,466.00000604529845,166.9999969765364,0.8941176533699036,0.7960784435272217,0.7843137383460999,calibrated_uv_reprojection_plus_stereo_left
182.28176879882812,-121.79841613769531,-619.3637084960938,139.9698669546699,87.72192894722627,-45.88236562320782,467.0000044379941,167.00000189228933,0.9254902005195618,0.8274509906768799,0.7882353067398071,calibrated_uv_reprojection_plus_stereo_left
183.4581756591797,-121.69245147705078,-618.7971801757812,138.98308535252147,86.9047288113137,-45.44469098414055,468.00000054303155,167.00000027070408,0.9254902005195618,0.8039215803146362,0.686274528503418,calibrated_uv_reprojection_plus_stereo_left
185.06761169433594,-121.87312316894531,-619.6881713867188,138.55843217317238,85.17685585536435,-46.04678147855935,468.99999676731926,167.0000006416999,0.8901960849761963,0.7568627595901489,0.6039215922355652,calibrated_uv_reprojection_plus_stereo_left
186.6881561279297,-122.05840301513672,-620.6024780273438,138.14038659688555,83.43077098016352,-46.66539741061257,470.00000773328674,166.9999965485488,0.9333333373069763,0.7647058963775635,0.45098039507865906,calibrated_uv_reprojection_plus_stereo_left
188.30181884765625,-122.23653411865234,-621.4804077148438,137.7060604682407,81.70400001609346,-47.257970401186526,470.99999131561015,167.00000046291365,0.929411768913269,0.7568627595901489,0.4431372582912445,calibrated_uv_reprojection_plus_stereo_left
190.0900115966797,-122.52456665039062,-622.9169311523438,137.48228233518967,79.62074302613922,-48.248812343863676,472.0000111490702,166.99999508025337,0.9411764740943909,0.7529411911964417,0.4431372582912445,calibrated_uv_reprojection_plus_stereo_left
191.53787231445312,-122.59069061279297,-623.2252807617188,136.82632418785767,78.2468754977283,-48.434976766879174,472.99999082733666,167.00000355342036,0.9411764740943909,0.7529411911964417,0.4431372582912445,calibrated_uv_reprojection_plus_stereo_left
115.29621887207031,-120.1757583618164,-619.2290649414062,177.193276090763,146.65833093408344,-48.13594452691291,416.9999962922989,168.0000029891342,0.6901960968971252,0.6117647290229797,0.3529411852359772,calibrated_uv_reprojection_plus_stereo_left
116.39106750488281,-119.93476867675781,-617.9600219726562,175.86482353937856,146.16824149558386,-47.192595742499805,418.0000043529073,167.9999988027883,0.7568627595901489,0.7137255072593689,0.41960784792900085,calibrated_uv_reprojection_plus_stereo_left
117.50149536132812,-119.71500396728516,-616.8004760742188,174.5881104119727,145.62460074605696,-46.32790592804969,419.00000071019684,167.99999941500522,0.8980392217636108,0.8549019694328308,0.5607843399047852,calibrated_uv_reprojection_plus_stereo_left
118.58366394042969,-119.47157287597656,-615.5191040039062,173.26006912637695,145.15005982603628,-45.375976450902726,420.0000009629026,168.00000080343978,0.9529411792755127,0.9333333373069763,0.6235294342041016,calibrated_uv_reprojection_plus_stereo_left
119.70513916015625,-119.27259063720703,-614.466796875,172.0364430023049,144.5576342820106,-44.58842196890515,421.0000028900257,167.99999704087492,0.9960784316062927,0.9764705896377563,0.6627451181411743,calibrated_uv_reprojection_plus_stereo_left
120.90776824951172,-119.1578369140625,-613.8485107421875,171.00682921585326,143.73603842000733,-44.112159945420615,422.00000481460154,167.99999683660872,1.0,1.0,0.6784313917160034,calibrated_uv_reprojection_plus_stereo_left
122.12928009033203,-119.06388854980469,-613.3374633789062,170.02581929959058,142.8588372666523,-43.712842466176994,423.0000012080126,167.9999985371219,0.9960784316062927,0.9960784316062927,0.6784313917160034,calibrated_uv_reprojection_plus_stereo_left
123.04518127441406,-118.6771011352539,-611.3179931640625,168.3839819932354,142.79863539211112,-42.2322332690502,424.00000075443506,167.99999734078915,0.9921568632125854,1.0,0.686274528503418,calibrated_uv_reprojection_plus_stereo_left
124.32637023925781,-118.6469955444336,-611.1359252929688,167.55108346651525,141.74932383694028,-42.068911795796,425.00000306505973,167.9999968016062,0.9882352948188782,0.9960784316062927,0.7019608020782471,calibrated_uv_reprojection_plus_stereo_left
125.59925079345703,-118.6095962524414,-610.9163208007812,166.7021396537736,140.72095715989718,-41.87870213156117,426.0000000084964,167.99999901721407,0.9882352948188782,1.0,0.7372549176216125,calibrated_uv_reprojection_plus_stereo_left
126.83638000488281,-118.53948211669922,-610.5281982421875,165.78029403625652,139.7852625715601,-41.567729136320224,427.0000001512457,167.99999558453555,0.9921568632125854,1.0,0.7764706015586853,calibrated_uv_reprojection_plus_stereo_left
127.90116882324219,-118.3113021850586,-609.3260498046875,164.5060648091822,139.29692562026293,-40.67342012796712,428.0000017804535,167.9999941334101,0.9960784316062927,1.0,0.8313725590705872,calibrated_uv_reprojection_plus_stereo_left
129.05712890625,-118.17113494873047,-608.5773315429688,163.43086808659876,138.56360965687418,-40.104169437054,429.00000482863345,168.00000247589315,0.9960784316062927,1.0,0.8392156958580017,calibrated_uv_reprojection_plus_stereo_left
130.22193908691406,-118.04174041748047,-607.8840942382812,162.381351357386,137.8023210458815,-39.574743155677425,430.00000452301094,168.0000022170015,0.9960784316062927,0.9960784316062927,0.843137264251709,calibrated_uv_reprojection_plus_stereo_left
131.2097930908203,-117.75603485107422,-606.385986328125,160.9871614343469,137.4890654211252,-38.46870315148021,430.9999993784813,168.0000015826093,1.0,0.9921568632125854,0.8078431487083435,calibrated_uv_reprojection_plus_stereo_left
132.2944793701172,-117.5619125366211,-605.3595581054688,159.79889157377193,136.91922807475765,-37.70074428906224,432.00000913287664,167.9999955048898,0.9960784316062927,0.9921568632125854,0.7647058963775635,calibrated_uv_reprojection_plus_stereo_left
133.29209899902344,-117.29489135742188,-603.9578857421875,158.45253435955124,136.56225082770794,-36.66407516033922,433.00000441633335,167.99999377646202,0.9960784316062927,0.9607843160629272,0.7058823704719543,calibrated_uv_reprojection_plus_stereo_left
134.4808807373047,-117.19953918457031,-603.4403076171875,157.48660085800663,135.71594405565406,-36.26086365319759,433.9999914624034,168.00000406874676,1.0,0.9215686321258545,0.6392157077789307,calibrated_uv_reprojection_plus_stereo_left
135.71487426757812,-117.14495086669922,-603.132568359375,156.61106612766235,134.75362720856856,-36.0079968830712,435.00000221900746,168.00000250098165,1.0,0.9176470637321472,0.6274510025978088,calibrated_uv_reprojection_plus_stereo_left
137.3336639404297,-117.42034149169922,-604.5237426757812,156.45661566845672,132.83578612398958,-36.97196337532114,435.99999229231946,168.0000062144611,1.0,0.9176470637321472,0.6196078658103943,calibrated_uv_reprojection_plus_stereo_left
138.599609375,-117.39163208007812,-604.3491821289062,155.6365890882612,131.79700656872984,-36.814437944911276,437.00000291705703,168.0000015273761,1.0,0.9058823585510254,0.615686297416687,calibrated_uv_reprojection_plus_stereo_left
139.90074157714844,-117.3929214477539,-604.3290405273438,154.88198680006775,130.67119034463065,-36.7675058902791,438.0000089028455,167.99999327299722,1.0,0.9058823585510254,0.615686297416687,calibrated_uv_reprojection_plus_stereo_left
141.19735717773438,-117.3903579711914,-604.2891845703125,154.1190290637732,129.55651658203675,-36.706466954750226,438.9999975965303,168.000003127048,1.0,0.9058823585510254,0.6117647290229797,calibrated_uv_reprojection_plus_stereo_left
142.470947265625,-117.36880493164062,-604.1514892578125,153.31505159048066,128.4976174132504,-36.57536408963796,440.00000133290393,167.99999943096037,1.0,0.8980392217636108,0.6000000238418579,calibrated_uv_reprojection_plus_stereo_left
143.7223663330078,-117.3294677734375,-603.9223022460938,152.47306335727114,127.4914410169597,-36.3787711843832,441.00000357169256,168.00000161482865,1.0,0.9058823585510254,0.6078431606292725,calibrated_uv_reprojection_plus_stereo_left
144.95709228515625,-117.27726745605469,-603.6268920898438,151.60393978598603,126.52398338294137,-36.134785533105,442.0000068349982,167.99999891456596,1.0,0.9098039269447327,0.6117647290229797,calibrated_uv_reprojection_plus_stereo_left
146.14540100097656,-117.18871307373047,-603.1444091796875,150.65772508470695,125.66526656269258,-35.75691274758418,443.0000021000855,167.99999791155028,1.0,0.9098039269447327,0.6078431606292725,calibrated_uv_reprojection_plus_stereo_left
147.77761840820312,-117.45446014404297,-604.4854125976562,150.46781657578265,123.75405129302334,-36.684326341289875,444.0000059251529,167.99999951063648,1.0,0.9333333373069763,0.6274510025978088,calibrated_uv_reprojection_plus_stereo_left
148.9684295654297,-117.36774444580078,-604.0123901367188,149.52541154935165,122.88970044916687,-36.31322069858243,445.00000136841237,167.9999987268253,1.0,0.9607843160629272,0.6392157077789307,calibrated_uv_reprojection_plus_stereo_left
150.1676788330078,-117.28904724121094,-603.5806884765625,148.6010682181116,122.00291289833916,-35.97173549888328,446.00000018784857,168.0000008205286,1.0,0.9686274528503418,0.6352941393852234,calibrated_uv_reprojection_plus_stereo_left
151.3721160888672,-117.21565246582031,-603.17626953125,147.68887654491988,121.10164110094041,-35.64981227068239,447.0000062538421,167.99999738507182,0.9803921580314636,0.9529411792755127,0.6431372761726379,calibrated_uv_reprojection_plus_stereo_left
152.6121063232422,-117.17074584960938,-602.9185180664062,146.83759681166907,120.11584991337185,-35.432884609239636,447.9999960814661,168.00000078590602,0.9176470637321472,0.8588235378265381,0.572549045085907,calibrated_uv_reprojection_plus_stereo_left
153.79164123535156,-117.08049774169922,-602.4274291992188,145.89163254357533,119.26791492319819,-35.04901521280817,449.000007886187,167.99999593701244,0.8274509906768799,0.7215686440467834,0.5215686559677124,calibrated_uv_reprojection_plus_stereo_left
155.03416442871094,-117.03926086425781,-602.1885986328125,145.04938620772612,118.27300760090952,-34.84568223713711,449.99999714345245,167.99999807511426,0.8039215803146362,0.6823529601097107,0.5490196347236633,calibrated_uv_reprojection_plus_stereo_left
156.3402557373047,-117.04622650146484,-602.1978149414062,144.30819629749755,117.13215956679227,-34.819829478163854,450.99999088179453,168.00000473772363,0.8313725590705872,0.7137255072593689,0.5647059082984924,calibrated_uv_reprojection_plus_stereo_left
158.16783142089844,-117.44022369384766,-604.1981201171875,144.37182836457532,114.8100394284208,-36.21831112151466,451.99999612434084,167.99999960698926,0.8823529481887817,0.7764706015586853,0.6078431606292725,calibrated_uv_reprojection_plus_stereo_left
159.64947509765625,-117.57296752929688,-604.854248046875,143.88863519495976,113.28005933364273,-36.65507409308151,452.9999985691187,167.99999781453874,0.9607843160629272,0.886274516582489,0.658823549747467,calibrated_uv_reprojection_plus_stereo_left
161.10691833496094,-117.6858139038086,-605.4080200195312,143.3625700265896,111.80853883430143,-37.0185573681016,453.9999975115605,168.00000562431717,1.0,0.9372549057006836,0.6666666865348816,calibrated_uv_reprojection_plus_stereo_left
162.4090576171875,-117.68426513671875,-605.3731689453125,142.5992465716347,110.68721640617844,-36.96098093895631,455.00000535866263,167.99999609574144,0.9960784316062927,0.9058823585510254,0.6313725709915161,calibrated_uv_reprojection_plus_stereo_left
163.82957458496094,-117.76776885986328,-605.77587890625,142.0106206215312,109.3030158539375,-37.21633022059547,456.00000673885734,167.9999966553931,0.9960784316062927,0.8941176533699036,0.615686297416687,calibrated_uv_reprojection_plus_stereo_left
165.20465087890625,-117.81748962402344,-606.0048217773438,141.35171118274712,108.02184883687801,-37.34737579349496,456.9999963160849,168.00000290227553,1.0,0.9019607901573181,0.615686297416687,calibrated_uv_reprojection_plus_stereo_left
166.51937866210938,-117.82366943359375,-606.009765625,140.6032244258315,106.87503701794321,-37.318220864928946,457.9999925379737,168.00000502527658,0.9960784316062927,0.886274516582489,0.5960784554481506,calibrated_uv_reprojection_plus_stereo_left
167.94772338867188,-117.90945434570312,-606.424072265625,140.01655460208792,105.47978103759374,-37.581742553386675,459.000005846108,167.99999939441085,0.9725490212440491,0.8509804010391235,0.5568627715110779,calibrated_uv_reprojection_plus_stereo_left
169.86184692382812,-118.332275390625,-608.5717163085938,140.11233479846464,103.02848316254779,-39.084433473933586,460.0000038899291,167.99999867244014,0.9333333373069763,0.800000011920929,0.501960813999176,calibrated_uv_reprojection_plus_stereo_left
171.37562561035156,-118.4718017578125,-609.2622680664062,139.6298455738617,101.45794581077973,-39.54524660712991,460.9999997803279,167.99999726490466,0.9215686321258545,0.7843137383460999,0.529411792755127,calibrated_uv_reprojection_plus_stereo_left
173.0977325439453,-118.75206756591797,-610.676513671875,139.42914178911883,99.4416980838613,-40.52329399904255,461.9999945177631,167.9999978957485,0.9176470637321472,0.7803921699523926,0.5921568870544434,calibrated_uv_reprojection_plus_stereo_left
174.7887420654297,-119.00686645507812,-611.9596557617188,139.1735963949268,97.5004080181838,-41.40747302439263,462.99999795008404,167.99999597926913,0.8470588326454163,0.729411780834198,0.5843137502670288,calibrated_uv_reprojection_plus_stereo_left
176.8692169189453,-119.52096557617188,-614.5760498046875,139.43394037921183,94.73305980329326,-43.244407577053494,464.00000006191016,168.00000141205584,0.7882353067398071,0.7019608020782471,0.6235294342041016,calibrated_uv_reprojection_plus_stereo_left
178.78282165527344,-119.91544342041016,-616.5770874023438,139.44881974877433,92.3357499915918,-44.64127809154979,465.00000402482414,167.9999986372826,0.8274509906768799,0.7490196228027344,0.686274528503418,calibrated_uv_reprojection_plus_stereo_left
180.59457397460938,-120.2362289428711,-618.1990966796875,139.3119620561742,90.16556049196055,-45.767076237414244,465.99999667183977,168.0000024536964,0.8627451062202454,0.8039215803146362,0.772549033164978,calibrated_uv_reprojection_plus_stereo_left
182.0052032470703,-120.28715515136719,-618.4334716796875,138.6357568182063,88.8514406611605,-45.90115104857637,466.9999990316693,167.9999981094075,0.9098039269447327,0.8352941274642944,0.772549033164978,calibrated_uv_reprojection_plus_stereo_left
183.61727905273438,-120.46944427490234,-619.3432006835938,138.21849316375682,87.11525785318048,-46.51773774690923,468.0000019691528,167.99999839355195,0.9058823585510254,0.7960784435272217,0.658823549747467,calibrated_uv_reprojection_plus_stereo_left
185.2256317138672,-120.64662170410156,-620.2265625,137.7887537348077,85.39194595314893,-47.11538284731648,469.00000172671935,167.99999811087858,0.886274516582489,0.7607843279838562,0.5803921818733215,calibrated_uv_reprojection_plus_stereo_left
186.772705078125,-120.78157043457031,-620.8927612304688,137.27375082044352,83.80130588477715,-47.5577882309874,470.00000466589955,167.99999804923954,0.9254902005195618,0.7568627595901489,0.4431372582912445,calibrated_uv_reprojection_plus_stereo_left
188.308837890625,-120.90751647949219,-621.5126342773438,136.73933921191997,82.23711232856675,-47.967025955584006,471.0000044504712,168.00000016580088,0.929411768913269,0.7568627595901489,0.4431372582912445,calibrated_uv_reprojection_plus_stereo_left
189.8656005859375,-121.04479217529297,-622.190673828125,136.22535747817528,80.63371005988864,-48.41773818245758,471.99999004659423,168.0000006824327,0.9372549057006836,0.7490196228027344,0.43921568989753723,calibrated_uv_reprojection_plus_stereo_left
191.33358764648438,-121.12387084960938,-622.5695190429688,135.59638992545473,79.21688223662261,-48.654678409154144,472.99999259738337,168.00000116775743,0.9411764740943909,0.7568627595901489,0.4470588266849518,calibrated_uv_reprojection_plus_stereo_left
116.67402648925781,-118.90404510498047,-619.4794921875,175.571252360776,145.91393988937278,-48.96342625607599,418.00000137729603,168.99999674457433,0.572549045085907,0.4941176474094391,0.250980406999588,calibrated_uv_reprojection_plus_stereo_left
117.72388458251953,-118.62232208251953,-617.9847412109375,174.14576012465375,145.54418465332589,-47.856680295814215,418.9999956789518,169.00000418743267,0.7372549176216125,0.6627451181411743,0.40784314274787903,calibrated_uv_reprojection_plus_stereo_left
118.67652130126953,-118.24991607666016,-616.0176391601562,172.514955867607,145.43116949342829,-46.41084825106981,420.0000016547837,169.00000169245874,0.8352941274642944,0.772549033164978,0.49803921580314636,calibrated_uv_reprojection_plus_stereo_left
119.74252319335938,-117.99736022949219,-614.675048828125,171.16428364134526,144.99191870660974,-45.41370348235671,420.9999938355586,169.00000159753426,0.9254902005195618,0.8745098114013672,0.5960784554481506,calibrated_uv_reprojection_plus_stereo_left
120.88563537597656,-117.82536315917969,-613.752197265625,170.0013685175008,144.3326029946905,-44.71810027022343,422.0000033018013,169.00000079936063,0.9607843160629272,0.9411764740943909,0.6392157077789307,calibrated_uv_reprojection_plus_stereo_left
122.06962585449219,-117.69641876220703,-613.0537109375,168.93900491658343,143.55595388912667,-44.1836940070861,422.9999976121969,169.0000053533017,1.0,0.9921568632125854,0.6784313917160034,calibrated_uv_reprojection_plus_stereo_left
122.86365509033203,-117.19816589355469,-610.4317016601562,167.03712861184385,143.81965142087466,-42.2683283598987,423.9999939875272,169.0000068607685,1.0,1.0,0.6705882549285889,calibrated_uv_reprojection_plus_stereo_left
124.1366195678711,-117.1623764038086,-610.218505859375,166.19195840108966,142.78871847806465,-42.08255258433212,425.0000034206996,168.99999857128574,0.9960784316062927,0.9960784316062927,0.6705882549285889,calibrated_uv_reprojection_plus_stereo_left
125.3366470336914,-117.05913543701172,-609.6541137695312,165.19449127577224,141.94925211024383,-41.644693275029624,425.9999998715754,169.00000231688392,0.9921568632125854,1.0,0.6745098233222961,calibrated_uv_reprojection_plus_stereo_left
126.51172637939453,-116.93489837646484,-608.9803466796875,164.15088373478397,141.17135184976405,-41.128371725909005,427.00000219495956,168.99999494818934,0.9921568632125854,1.0,0.7019608020782471,calibrated_uv_reprojection_plus_stereo_left
127.59547424316406,-116.72956848144531,-607.8843994140625,162.92628869949874,140.6267956932325,-40.309103040413504,427.99999759395973,168.99999731539324,0.9882352948188782,0.9960784316062927,0.7490196228027344,calibrated_uv_reprojection_plus_stereo_left
128.66864013671875,-116.51873016357422,-606.7598266601562,161.6919354841819,140.1018808283231,-39.46939877153193,429.0000060789364,168.99999488234175,0.9882352948188782,0.9882352948188782,0.7529411911964417,calibrated_uv_reprojection_plus_stereo_left
129.7204132080078,-116.29287719726562,-605.5572509765625,160.4267141599106,139.62401977694947,-38.57384088127975,429.99999178101325,169.0000051510562,0.9960784316062927,0.9882352948188782,0.7647058963775635,calibrated_uv_reprojection_plus_stereo_left
130.75906372070312,-116.05978393554688,-604.3169555664062,159.14817616265202,139.17131860911883,-37.651326996208525,431.0000005949501,168.99999756146872,1.0,0.9803921580314636,0.729411780834198,calibrated_uv_reprojection_plus_stereo_left
131.75254821777344,-115.79150390625,-602.8936157226562,157.79434485509472,138.82463924924684,-36.597605764717514,432.0000022229036,168.99999860093516,0.9529411792755127,0.9098039269447327,0.6352941393852234,calibrated_uv_reprojection_plus_stereo_left
132.96722412109375,-115.72088623046875,-602.49951171875,156.88256095444808,137.9103774885317,-36.28249253392073,432.9999987687529,168.99999787258787,0.9215686321258545,0.8392156958580017,0.5568627715110779,calibrated_uv_reprojection_plus_stereo_left
134.2060089111328,-115.67232513427734,-602.2202758789062,156.0204407674239,136.933273788681,-36.04982689392068,434.00000568681725,168.99999797948456,0.9725490212440491,0.8745098114013672,0.5843137502670288,calibrated_uv_reprojection_plus_stereo_left
135.52113342285156,-115.68980407714844,-602.284912109375,155.30461006193576,135.76441839827072,-36.063877499127614,434.9999910004466,169.00000470476775,1.0,0.9098039269447327,0.615686297416687,calibrated_uv_reprojection_plus_stereo_left
136.99559020996094,-115.84159851074219,-603.0486450195312,154.88385504430056,134.20211409186635,-36.57938287609329,436.0000065505872,168.99999462181,1.0,0.9058823585510254,0.6078431606292725,calibrated_uv_reprojection_plus_stereo_left
138.28414916992188,-115.83476257324219,-602.9866333007812,154.1132612160519,133.10252996237597,-36.50252863603714,437.0000016082479,168.99999767007557,1.0,0.9176470637321472,0.6117647290229797,calibrated_uv_reprojection_plus_stereo_left
139.56272888183594,-115.8197021484375,-602.8818359375,153.32473616510674,132.02722526955046,-36.39499206396886,437.9999922587528,169.00000430992264,1.0,0.9058823585510254,0.5921568870544434,calibrated_uv_reprojection_plus_stereo_left
140.90872192382812,-115.86028289794922,-603.0665893554688,152.65761659777644,130.78772262178222,-36.495109336088035,438.9999925517575,169.00000008613475,1.0,0.9058823585510254,0.5843137502670288,calibrated_uv_reprojection_plus_stereo_left
142.1120147705078,-115.78378295898438,-602.6419677734375,151.73548073650653,129.89449277633656,-36.15821709721479,439.9999942895955,169.0000014387253,1.0,0.9058823585510254,0.5803921818733215,calibrated_uv_reprojection_plus_stereo_left
143.33639526367188,-115.72562408447266,-602.3128051757812,150.85402088476468,128.94811981840598,-35.88981146102219,441.00000156554074,168.99999786136163,1.0,0.8980392217636108,0.572549045085907,calibrated_uv_reprojection_plus_stereo_left
144.54666137695312,-115.65715026855469,-601.9300537109375,149.95101985064855,128.0335666848174,-35.583020313300835,441.99999241163067,169.0000045965481,1.0,0.9176470637321472,0.5921568870544434,calibrated_uv_reprojection_plus_stereo_left
145.75502014160156,-115.58831024169922,-601.5453491210938,149.04804083648384,127.12138008439865,-35.27485697638866,443.0000002340302,168.99999995751148,1.0,0.9529411792755127,0.6235294342041016,calibrated_uv_reprojection_plus_stereo_left
147.36282348632812,-115.83460998535156,-602.8006591796875,148.82257664011053,125.2638688602392,-36.142447799763715,443.9999970656937,168.999995980189,1.0,0.9686274528503418,0.6352941393852234,calibrated_uv_reprojection_plus_stereo_left
148.54428100585938,-115.74432373046875,-602.3043823242188,147.87334333316903,124.41575900038856,-35.75429370564228,445.0000037349098,168.99999744403425,0.9960784316062927,0.9647058844566345,0.6509804129600525,calibrated_uv_reprojection_plus_stereo_left
149.7379608154297,-115.66498565673828,-601.8651123046875,146.94861068312485,123.5362372594837,-35.40704987212183,446.00000076522315,168.99999860773391,0.9764705896377563,0.9254902005195618,0.6235294342041016,calibrated_uv_reprojection_plus_stereo_left
150.972412109375,-115.61815643310547,-601.5950317382812,146.09402198333487,122.5595729699275,-35.18111183072011,447.00000887831317,169.00000009720435,0.8549019694328308,0.7647058963775635,0.5333333611488342,calibrated_uv_reprojection_plus_stereo_left
152.2592010498047,-115.61181640625,-601.53564453125,145.32588986299464,121.46057379234185,-35.10619851487127,447.99999951968505,169.00000238509472,0.772549033164978,0.6627451181411743,0.47843137383461,calibrated_uv_reprojection_plus_stereo_left
153.54910278320312,-115.60786437988281,-601.4886474609375,144.56282697045526,120.3543472279988,-35.04016205097156,448.99999615509273,168.99999942102767,0.8039215803146362,0.686274528503418,0.5607843399047852,calibrated_uv_reprojection_plus_stereo_left
154.84359741210938,-115.60733032226562,-601.45947265625,143.80697703603175,119.23763133291402,-34.986900351483655,449.99999970931157,169.0000024179963,0.8352941274642944,0.7215686440467834,0.6274510025978088,calibrated_uv_reprojection_plus_stereo_left
156.17633056640625,-115.63506317138672,-601.5773315429688,143.11048506538236,118.03404836971748,-35.038987251888955,450.99999873247657,169.00000242172487,0.929411768913269,0.8274509906768799,0.6392157077789307,calibrated_uv_reprojection_plus_stereo_left
158.10519409179688,-116.10002899169922,-603.9696655273438,143.32953299439737,115.48271226696352,-36.72062937176855,452.0000101713762,168.99999329703996,1.0,0.9215686321258545,0.658823549747467,calibrated_uv_reprojection_plus_stereo_left
159.56707763671875,-116.21723175048828,-604.5528564453125,142.81623403733425,113.9971381561752,-37.10593197836829,452.9999974786151,168.99999998252989,1.0,0.9176470637321472,0.6392157077789307,calibrated_uv_reprojection_plus_stereo_left
160.95684814453125,-116.2803726196289,-604.854736328125,142.18878225785102,112.67684400178348,-37.28964326615301,453.9999998654285,169.00000043519944,1.0,0.9098039269447327,0.6196078658103943,calibrated_uv_reprojection_plus_stereo_left
162.2474822998047,-116.27139282226562,-604.7814331054688,141.4107714834061,111.57956321422955,-37.2045704078717,455.00000796502155,168.99999802597227,1.0,0.9137254953384399,0.6274510025978088,calibrated_uv_reprojection_plus_stereo_left
163.69308471679688,-116.37267303466797,-605.2816772460938,140.8609657107014,110.13838509599657,-37.530309130188186,455.99999671135004,169.00000394175004,1.0,0.9176470637321472,0.6352941393852234,calibrated_uv_reprojection_plus_stereo_left
165.15579223632812,-116.4843521118164,-605.8358764648438,140.3311959844895,108.66264826697596,-37.89462264736187,457.00000679479615,168.999997886704,0.9764705896377563,0.8784313797950745,0.5921568870544434,calibrated_uv_reprojection_plus_stereo_left
166.59490966796875,-116.57771301269531,-606.2947998046875,139.76227965192447,107.24216813974715,-38.19064534744081,458.00000657982326,168.99999855132808,0.9529411792755127,0.8313725590705872,0.5411764979362488,calibrated_uv_reprojection_plus_stereo_left
168.09295654296875,-116.71047973632812,-606.9586181640625,139.272850341474,105.69572497871002,-38.63333713092641,459.00000236358716,169.00000030861622,0.9372549057006836,0.8039215803146362,0.529411792755127,calibrated_uv_reprojection_plus_stereo_left
170.12762451171875,-117.21084594726562,-609.5339965820312,139.53252320488878,102.98556787319376,-40.444691332468324,460.0000014521569,169.00000019666882,0.929411768913269,0.7960784435272217,0.545098066329956,calibrated_uv_reprojection_plus_stereo_left
171.8092803955078,-117.46214294433594,-610.81396484375,139.27847083258183,101.05475946986428,-41.3282767516032,460.99999318630387,169.00000053516732,0.9137254953384399,0.7960784435272217,0.6274510025978088,calibrated_uv_reprojection_plus_stereo_left
173.49209594726562,-117.71033477783203,-612.07763671875,139.014759942571,99.12887531538297,-42.20004831895153,462.0000038186625,168.9999960761031,0.8156862854957581,0.7215686440467834,0.6470588445663452,calibrated_uv_reprojection_plus_stereo_left
175.1930694580078,-117.9669418334961,-613.385009765625,138.76480031834984,97.17126223574184,-43.10296918745206,463.0000082198096,169.00000042534003,0.7137255072593689,0.6274510025978088,0.5686274766921997,calibrated_uv_reprojection_plus_stereo_left
177.1365966796875,-118.38175964355469,-615.5148315429688,138.83047579361602,94.70279363340308,-44.59446413191347,464.000004411636,168.99999975704026,0.7411764860153198,0.6666666865348816,0.6274510025978088,calibrated_uv_reprojection_plus_stereo_left
178.86398315429688,-118.64698028564453,-616.86669921875,138.58999898565565,92.70596751082877,-45.52889536416143,464.9999901790624,169.0000018981898,0.8235294222831726,0.7490196228027344,0.7176470756530762,calibrated_uv_reprojection_plus_stereo_left
180.3850555419922,-118.7723617553711,-617.4913940429688,138.0658081491203,91.15372233467303,-45.94272687369295,466.00000606635166,168.9999993535129,0.8745098114013672,0.8039215803146362,0.7764706015586853,calibrated_uv_reprojection_plus_stereo_left
181.74290466308594,-118.78917694091797,-617.5516357421875,137.32314280676707,89.94925590211119,-45.952533478523776,467.00000439756883,168.99999843823713,0.9176470637321472,0.8313725590705872,0.7647058963775635,calibrated_uv_reprojection_plus_stereo_left
183.53857421875,-119.08976745605469,-619.0870971679688,137.14504366784956,87.82608071433327,-47.01800088921942,468.000003105623,169.000001245485,0.9098039269447327,0.800000011920929,0.6627451181411743,calibrated_uv_reprojection_plus_stereo_left
185.14425659179688,-119.26358032226562,-619.96337890625,136.71145086975758,86.10849902927822,-47.61162132217902,468.9999992011894,169.00000158996815,0.8901960849761963,0.7607843279838562,0.5764706134796143,calibrated_uv_reprojection_plus_stereo_left
186.7058868408203,-119.40666961669922,-620.6798706054688,136.21478071905864,84.48749237352723,-48.090812556841456,469.9999975194686,169.0000009941077,0.9254902005195618,0.7568627595901489,0.45098039507865906,calibrated_uv_reprojection_plus_stereo_left
188.3016357421875,-119.56932830810547,-621.4979858398438,135.7547438520927,82.7997489439208,-48.64262393966658,471.000003748429,168.99999652504016,0.929411768913269,0.7568627595901489,0.4470588266849518,calibrated_uv_reprojection_plus_stereo_left
189.86492919921875,-119.70916748046875,-622.1974487304688,135.24771787203576,81.18349767501923,-49.109462822883586,472.0000035580445,168.99999636671058,0.9372549057006836,0.7490196228027344,0.43921568989753723,calibrated_uv_reprojection_plus_stereo_left
191.3659210205078,-119.8079833984375,-622.6836547851562,134.65850968837248,79.69919466224712,-49.423673884506115,472.99999730429636,168.9999992081951,0.9254902005195618,0.7411764860153198,0.4431372582912445,calibrated_uv_reprojection_plus_stereo_left
118.05680084228516,-117.63469696044922,-619.749267578125,173.95608221003965,145.1587335160268,-49.805468136673596,418.99999418516114,170.0000058534691,0.45490196347236633,0.3490196168422699,0.125490203499794,calibrated_uv_reprojection_plus_stereo_left
118.9932861328125,-117.24674224853516,-617.6785278320312,172.28044890599523,145.09575252369365,-48.2828858530267,419.999994777617,170.0000034711156,0.6235294342041016,0.5411764979362488,0.3137255012989044,calibrated_uv_reprojection_plus_stereo_left
119.9394760131836,-116.876708984375,-615.7023315429688,170.65134377655534,144.98995778925973,-46.82851400133069,421.00000204663587,169.9999950796236,0.7450980544090271,0.6705882549285889,0.42352941632270813,calibrated_uv_reprojection_plus_stereo_left
120.93973541259766,-116.5667724609375,-614.04296875,169.16581689127736,144.7219394062323,-45.60221645225488,421.9999965408678,169.99999991242385,0.8745098114013672,0.8196078538894653,0.545098066329956,calibrated_uv_reprojection_plus_stereo_left
122.00161743164062,-116.32218170166016,-612.7279052734375,167.83469780061432,144.27512699093063,-44.6236789388891,423.00000628084194,169.99999759142008,0.9411764740943909,0.9098039269447327,0.6235294342041016,calibrated_uv_reprojection_plus_stereo_left
122.68414306640625,-115.72490692138672,-609.5552978515625,165.69735943614018,144.83375238066554,-42.30958113462498,423.99999860933013,169.99999966283895,0.9803921580314636,0.9686274528503418,0.658823549747467,calibrated_uv_reprojection_plus_stereo_left
123.86041259765625,-115.6009750366211,-608.8760375976562,164.65102991518222,144.05625934839617,-41.78856463912939,425.00000360976776,169.9999952624733,1.0,0.9960784316062927,0.6745098233222961,calibrated_uv_reprojection_plus_stereo_left
125.03064727783203,-115.4739761352539,-608.1807861328125,163.59932747056246,143.28984169192518,-41.25612969125916,425.999994902615,170.00000643614996,1.0,1.0,0.6549019813537598,calibrated_uv_reprojection_plus_stereo_left
126.06471252441406,-115.2250747680664,-606.8434448242188,162.27184243535004,142.87534633987065,-40.26214772372197,426.9999985214657,169.99999787826243,0.9960784316062927,1.0,0.6705882549285889,calibrated_uv_reprojection_plus_stereo_left
127.19815826416016,-115.07108306884766,-606.006103515625,161.16292145283813,142.19259894763263,-39.627736388649566,428.0000041710692,169.9999979392902,0.9882352948188782,0.9960784316062927,0.6901960968971252,calibrated_uv_reprojection_plus_stereo_left
128.20533752441406,-114.80706787109375,-604.5894775390625,159.80712232443227,141.83033917546265,-38.57702470409373,428.99999949722434,170.00000457509714,0.9921568632125854,0.9921568632125854,0.6901960968971252,calibrated_uv_reprojection_plus_stereo_left
129.28953552246094,-114.61656951904297,-603.5599975585938,158.62053717209267,141.26030184067815,-37.804709175673736,429.99999645931916,169.99999568849458,0.9607843160629272,0.9450980424880981,0.658823549747467,calibrated_uv_reprojection_plus_stereo_left
130.3543243408203,-114.4127197265625,-602.4603881835938,157.40640905047792,140.73266058499183,-36.982105998802865,431.0000007304984,169.99999997032813,0.9137254953384399,0.8509804010391235,0.5607843399047852,calibrated_uv_reprojection_plus_stereo_left
131.47581481933594,-114.26209259033203,-601.6410522460938,156.31424099631488,140.05377842437252,-36.36102533699329,432.0000068395592,169.99999553930047,0.929411768913269,0.8313725590705872,0.5411764979362488,calibrated_uv_reprojection_plus_stereo_left
132.75567626953125,-114.25062561035156,-601.5545654296875,155.5351605102934,138.97065091933376,-36.26665001447117,432.99999720454394,170.0000018347915,0.9686274528503418,0.8784313797950745,0.5803921818733215,calibrated_uv_reprojection_plus_stereo_left
134.00904846191406,-114.21672821044922,-601.3499145507812,154.7061513215737,137.95352944524808,-36.08736695662685,434.0000016871412,169.99999762460504,0.9921568632125854,0.9176470637321472,0.615686297416687,calibrated_uv_reprojection_plus_stereo_left
135.24855041503906,-114.17169952392578,-601.0867309570312,153.85282495985092,136.96976340449214,-35.86605230949158,434.99999507279193,170.00000178186718,1.0,0.9254902005195618,0.6235294342041016,calibrated_uv_reprojection_plus_stereo_left
136.68609619140625,-114.29304504394531,-601.6994018554688,153.36868801382673,135.49522227370534,-36.273991660611955,436.00000182795645,169.99999909645766,1.0,0.9058823585510254,0.6039215922355652,calibrated_uv_reprojection_plus_stereo_left
137.937255859375,-114.25765228271484,-601.4869384765625,152.53663353215114,134.4828708133665,-36.089111754206954,437.00000399099747,170.00000241240505,1.0,0.9058823585510254,0.6000000238418579,calibrated_uv_reprojection_plus_stereo_left
139.24432373046875,-114.26873779296875,-601.5191040039062,151.80736063285434,133.33292414354838,-36.079966045435526,438.00000546947956,169.9999982620015,1.0,0.9254902005195618,0.6196078658103943,calibrated_uv_reprojection_plus_stereo_left
140.57510375976562,-114.29883575439453,-601.6513671875,151.1196600907677,132.12595203791926,-36.142711330867314,438.9999968561818,169.99999788307727,1.0,0.9372549057006836,0.6235294342041016,calibrated_uv_reprojection_plus_stereo_left
141.74192810058594,-114.19621276855469,-601.0850219726562,150.1409112009659,131.31565049915093,-35.70368930078655,439.9999981487313,169.99999742765493,1.0,0.9215686321258545,0.6078431606292725,calibrated_uv_reprojection_plus_stereo_left
142.9163818359375,-114.10147094726562,-600.5601806640625,149.18066303061812,130.48361965397925,-35.29452710740611,441.000001298608,169.99999358509746,1.0,0.9450980424880981,0.6196078658103943,calibrated_uv_reprojection_plus_stereo_left
144.15121459960938,-114.05612182617188,-600.29541015625,148.3291292939536,129.5044975203905,-35.07218059122522,442.00000299240156,169.99999970465961,1.0,0.9686274528503418,0.6352941393852234,calibrated_uv_reprojection_plus_stereo_left
145.38217163085938,-114.00849151611328,-600.0186157226562,147.47319376688438,128.533117380779,-34.84122051518142,442.9999925061243,170.00000028145507,1.0,0.9647058844566345,0.6470588445663452,calibrated_uv_reprojection_plus_stereo_left
146.9121551513672,-114.19404602050781,-600.968994140625,147.12221732970198,126.85534599844704,-35.49138663431103,444.0000067598769,169.9999966767295,0.9921568632125854,0.9647058844566345,0.6509804129600525,calibrated_uv_reprojection_plus_stereo_left
148.09060668945312,-114.10545349121094,-600.4766235351562,146.1775630993751,126.00803539373163,-35.1056389163636,444.9999992005465,169.9999971926853,0.9215686321258545,0.8549019694328308,0.5686274766921997,calibrated_uv_reprojection_plus_stereo_left
149.35997009277344,-114.08776092529297,-600.357421875,145.3864652437208,124.94593926233341,-34.98783634822922,445.99999517901074,170.0000032323005,0.7686274647712708,0.6784313917160034,0.40784314274787903,calibrated_uv_reprojection_plus_stereo_left
150.65394592285156,-114.08895111083984,-600.3375244140625,144.63600065434417,123.826315092691,-34.94131924904275,446.9999983588659,169.99999993226658,0.7843137383460999,0.6823529601097107,0.48627451062202454,calibrated_uv_reprojection_plus_stereo_left
152.09486389160156,-114.20038604736328,-600.897705078125,144.1210292644222,122.36791286327116,-35.3111680054688,448.00000498584507,169.99999611131997,0.8039215803146362,0.6941176652908325,0.5411764979362488,calibrated_uv_reprojection_plus_stereo_left
153.4103546142578,-114.21649932861328,-600.9563598632812,143.40152170111946,121.20100977222836,-35.32099986905229,448.9999942041212,170.0000021025924,0.8627451062202454,0.7568627595901489,0.5647059082984924,calibrated_uv_reprojection_plus_stereo_left
154.74807739257812,-114.24868774414062,-601.0994873046875,142.71584381578697,119.98403928774201,-35.391434305001326,450.00000834338965,169.9999942212964,0.9647058844566345,0.886274516582489,0.6784313917160034,calibrated_uv_reprojection_plus_stereo_left
156.11277770996094,-114.30003356933594,-601.3434448242188,142.07027107069933,118.70693602712868,-35.53421211914224,451.0000091978114,169.99999477838264,1.0,0.9215686321258545,0.658823549747467,calibrated_uv_reprojection_plus_stereo_left
157.96302795410156,-114.70304870605469,-603.4375,142.1661174312875,116.3346281961426,-37.00453022509379,452.0000029084263,170.0000008135776,1.0,0.9019607901573181,0.615686297416687,calibrated_uv_reprojection_plus_stereo_left
159.3944854736328,-114.79780578613281,-603.90966796875,141.6080808063585,114.91645044722429,-37.310887153593626,453.000008263346,169.99999708049103,1.0,0.8980392217636108,0.615686297416687,calibrated_uv_reprojection_plus_stereo_left
160.72006225585938,-114.81533813476562,-603.9755859375,140.8868144052725,113.7381213872905,-37.325724060888035,453.999997219308,169.99999751254705,1.0,0.9019607901573181,0.6196078658103943,calibrated_uv_reprojection_plus_stereo_left
162.0903778076172,-114.86421203613281,-604.2063598632812,140.23077139787563,112.46091960146481,-37.45881712567029,455.00000694896335,169.99999854340962,0.9882352948188782,0.886274516582489,0.6039215922355652,calibrated_uv_reprojection_plus_stereo_left
163.44943237304688,-114.90435028076172,-604.3911743164062,139.55585065430068,111.21022816698184,-37.55891340485698,455.9999922035498,170.00000149964444,0.9647058844566345,0.8509804010391235,0.5647059082984924,calibrated_uv_reprojection_plus_stereo_left
165.0058135986328,-115.0813980102539,-605.2960815429688,139.16473791620427,109.525997838754,-38.17550567188687,456.9999970133083,170.00000558064158,0.929411768913269,0.8078431487083435,0.529411792755127,calibrated_uv_reprojection_plus_stereo_left
166.67990112304688,-115.33707427978516,-606.6143798828125,138.93403561908747,107.58902189455353,-39.08849085309254,457.9999985091209,169.99999909827858,0.9254902005195618,0.800000011920929,0.529411792755127,calibrated_uv_reprojection_plus_stereo_left
168.4020233154297,-115.6216812133789,-608.084716796875,138.75961412880633,105.55496112146534,-40.110369812982015,459.000010193784,169.99999321025692,0.9215686321258545,0.8039215803146362,0.615686297416687,calibrated_uv_reprojection_plus_stereo_left
170.56410217285156,-116.20156860351562,-611.10791015625,139.18895814946518,102.57342961815442,-42.24570539433449,459.9999976855809,170.00000163943594,0.8666666746139526,0.7529411911964417,0.6431372761726379,calibrated_uv_reprojection_plus_stereo_left
172.21119689941406,-116.42434692382812,-612.2528076171875,138.8781783090866,100.72298135047606,-43.03381143198334,461.0000009081881,170.0000011560033,0.8196078538894653,0.7372549176216125,0.6745098233222961,calibrated_uv_reprojection_plus_stereo_left
173.7660675048828,-116.58180236816406,-613.0541381835938,138.43088390093897,99.0777095432544,-43.57544634943031,461.9999959240622,170.00000674655217,0.729411780834198,0.6705882549285889,0.6549019813537598,calibrated_uv_reprojection_plus_stereo_left
175.3195343017578,-116.73589324951172,-613.8375854492188,137.97455908951855,97.44015027743166,-44.104156077461084,463.00000934702837,169.9999954716389,0.6627451181411743,0.5960784554481506,0.572549045085907,calibrated_uv_reprojection_plus_stereo_left
177.18185424804688,-117.09172821044922,-615.681884765625,137.9259563261826,95.14809950597146,-45.3933371093151,463.99999049090394,170.00000293864863,0.7529411911964417,0.6745098233222961,0.6352941393852234,calibrated_uv_reprojection_plus_stereo_left
178.72787475585938,-117.23472595214844,-616.4068603515625,137.44167815617396,93.53827837863298,-45.87989899274021,465.0000038503893,169.99999831962887,0.8274509906768799,0.7529411911964417,0.7137255072593689,calibrated_uv_reprojection_plus_stereo_left
180.10122680664062,-117.26313781738281,-616.5293579101562,136.72426758418254,92.2977826411996,-45.934518235616565,466.0000001874336,169.9999997563148,0.8745098114013672,0.8039215803146362,0.7607843279838562,calibrated_uv_reprojection_plus_stereo_left
181.58251953125,-117.36083221435547,-617.01611328125,136.145775453314,90.8309094369165,-46.25020665232353,467.00000118318394,170.0000047578252,0.9137254953384399,0.8274509906768799,0.7490196228027344,calibrated_uv_reprojection_plus_stereo_left
183.53196716308594,-117.75743865966797,-619.0741577148438,136.16511327550984,88.3852944548488,-47.6919785745045,468.0000091451192,169.99999484611266,0.9019607901573181,0.7921568751335144,0.6549019813537598,calibrated_uv_reprojection_plus_stereo_left
185.1457061767578,-117.93441009521484,-619.9775390625,135.7403748786851,86.65167180476743,-48.30604642516289,468.9999954930348,170.00000417918702,0.8901960849761963,0.7607843279838562,0.572549045085907,calibrated_uv_reprojection_plus_stereo_left
186.66790771484375,-118.05089569091797,-620.5628051757812,135.1927627931558,85.11336886591113,-48.69204340419702,469.99999973856654,170.00000300898054,0.9333333373069763,0.7647058963775635,0.4588235318660736,calibrated_uv_reprojection_plus_stereo_left
188.29220581054688,-118.22978210449219,-621.4760131835938,134.76741392576457,83.3669728136424,-49.312955849801995,470.99999653008865,169.99999990535434,0.9372549057006836,0.7686274647712708,0.4627451002597809,calibrated_uv_reprojection_plus_stereo_left
189.86227416992188,-118.37226104736328,-622.19775390625,134.2676114657362,81.73738496683012,-49.79657832403399,472.00001017672633,169.9999946658707,0.9215686321258545,0.7529411911964417,0.4470588266849518,calibrated_uv_reprojection_plus_stereo_left
191.37319946289062,-118.47608184814453,-622.71630859375,133.68969763310093,80.23314957991346,-50.13455590702648,472.9999925124532,169.9999993107207,0.8666666746139526,0.6980392336845398,0.41960784792900085,calibrated_uv_reprojection_plus_stereo_left
120.37669372558594,-115.98314666748047,-617.963134765625,170.67524835900133,144.3333890164099,-49.134137653352695,421.00000331960314,170.99999633058462,0.5098039507865906,0.4117647111415863,0.1882352977991104,calibrated_uv_reprojection_plus_stereo_left
121.2248306274414,-115.52704620361328,-615.5065307617188,168.84137999946614,144.48545193211413,-47.331711371351105,422.00000153464316,170.99999824051213,0.6627451181411743,0.5843137502670288,0.3450980484485626,calibrated_uv_reprojection_plus_stereo_left
122.02716064453125,-115.03751373291016,-612.8720092773438,166.93598670893834,144.74190642038081,-45.401401162435945,423.0000043653464,170.99999830867807,0.800000011920929,0.7333333492279053,0.47843137383461,calibrated_uv_reprojection_plus_stereo_left
122.57402801513672,-114.3200912475586,-609.023681640625,164.5100089561281,145.66088377760332,-42.597225999953594,423.9999994558499,171.00000150835473,0.8941176533699036,0.8627451062202454,0.5764706134796143,calibrated_uv_reprojection_plus_stereo_left
123.69688415527344,-114.1492691040039,-608.0874633789062,163.354084346131,145.0225060205729,-41.89050531897078,424.9999976974278,171.00000091722524,0.9490196108818054,0.9215686321258545,0.6196078658103943,calibrated_uv_reprojection_plus_stereo_left
124.71730041503906,-113.88838958740234,-606.6715698242188,161.9932874378096,144.64723679528242,-40.83848176455405,426.0000019434811,170.99999663733593,1.0,0.9843137264251709,0.6549019813537598,calibrated_uv_reprojection_plus_stereo_left
125.79779052734375,-113.68711853027344,-605.5733642578125,160.77261380848864,144.10448216098354,-40.01534787062269,426.9999967354918,171.00000036207865,1.0,1.0,0.6705882549285889,calibrated_uv_reprojection_plus_stereo_left
126.85204315185547,-113.46641540527344,-604.3717041015625,159.51012732866968,143.62207937085435,-39.11783954469024,428.0000033192445,170.99999812274376,1.0,0.9960784316062927,0.6705882549285889,calibrated_uv_reprojection_plus_stereo_left
127.81986999511719,-113.17359161376953,-602.7860107421875,158.08613682679368,143.3541668699582,-37.94398896814397,429.0000054086706,170.99999540329657,1.0,0.9921568632125854,0.6784313917160034,calibrated_uv_reprojection_plus_stereo_left
128.93362426757812,-113.01448059082031,-601.9126586914062,156.9699332002466,142.70092655342592,-37.28308554571089,429.9999953310073,171.00000098833635,0.95686274766922,0.929411768913269,0.6313725709915161,calibrated_uv_reprojection_plus_stereo_left
130.1219024658203,-112.9231185913086,-601.400146484375,156.00930564379166,141.85196515993755,-36.88199580768219,431.0000023651719,170.99999998570598,0.9372549057006836,0.886274516582489,0.5803921818733215,calibrated_uv_reprojection_plus_stereo_left
131.26744079589844,-112.79676818847656,-600.7013549804688,154.97080469447678,141.1077579772532,-36.34688492037981,431.999994686174,171.0000006629466,0.9764705896377563,0.8980392217636108,0.5882353186607361,calibrated_uv_reprojection_plus_stereo_left
132.55877685546875,-112.7968521118164,-600.6759033203125,154.21875607825365,139.9924701349173,-36.296435356188795,433.0000043119036,170.99999909456173,0.9960784316062927,0.9098039269447327,0.6000000238418579,calibrated_uv_reprojection_plus_stereo_left
133.7847442626953,-112.74178314208984,-600.3568115234375,153.34280192589017,139.04056848909278,-36.03467621584957,433.99999741517337,171.00000536006016,1.0,0.9254902005195618,0.615686297416687,calibrated_uv_reprojection_plus_stereo_left
135.09222412109375,-112.75572967529297,-600.4051513671875,152.62205536359414,137.88446696279908,-36.037333625893325,435.0000057924941,170.99999886886064,1.0,0.9098039269447327,0.5921568870544434,calibrated_uv_reprojection_plus_stereo_left
136.42483520507812,-112.79011535644531,-600.5623779296875,151.9467339490817,136.6670093371223,-36.118334234237864,436.0000060332567,171.00000176747628,1.0,0.9137254953384399,0.5921568870544434,calibrated_uv_reprojection_plus_stereo_left
137.68917846679688,-112.76789093017578,-600.4181518554688,151.14488406601237,135.61828905954752,-35.98242450985322,436.99999430947724,171.00000142703686,1.0,0.9450980424880981,0.6235294342041016,calibrated_uv_reprojection_plus_stereo_left
138.97959899902344,-112.76715087890625,-600.3883056640625,150.39094612036007,134.50539126193632,-35.92881038195861,438.0000020988323,170.9999990493484,1.0,0.9607843160629272,0.6352941393852234,calibrated_uv_reprojection_plus_stereo_left
140.19102478027344,-112.70285034179688,-600.0200805664062,149.4963269124877,133.58396216666887,-35.63177783627992,439.00000695081076,170.99999854680775,1.0,0.9686274528503418,0.6352941393852234,calibrated_uv_reprojection_plus_stereo_left
141.34408569335938,-112.59317016601562,-599.4102783203125,148.50240076248167,132.8009394661387,-35.16100892554772,440.0000069866337,170.9999953701558,1.0,0.9686274528503418,0.6352941393852234,calibrated_uv_reprojection_plus_stereo_left
142.55099487304688,-112.52790832519531,-599.0370483398438,147.6076081157094,131.88526157635084,-34.860463426866886,440.99999940524367,171.0000016251061,1.0,0.9686274528503418,0.6431372761726379,calibrated_uv_reprojection_plus_stereo_left
143.7301483154297,-112.4420394897461,-598.5540771484375,146.6684223937915,131.03353432273173,-34.48101921712157,442.00000116472296,170.99999711639032,1.0,0.9764705896377563,0.658823549747467,calibrated_uv_reprojection_plus_stereo_left
144.99974060058594,-112.42774200439453,-598.4521484375,145.88680072957936,129.96490857741907,-34.37565178703852,443.000007824258,170.9999971494844,0.9921568632125854,0.9490196108818054,0.6470588445663452,calibrated_uv_reprojection_plus_stereo_left
146.48599243164062,-112.58015441894531,-599.2376098632812,145.46867515920366,128.38589489880053,-34.90841359964918,443.9999963932131,171.00000118635057,0.8274509906768799,0.7372549176216125,0.4431372582912445,calibrated_uv_reprojection_plus_stereo_left
147.7918701171875,-112.59241485595703,-599.2769775390625,144.74391505737685,127.23444250166801,-34.90460588386304,445.0000076817892,170.99999678172787,0.6431372761726379,0.5254902243614197,0.2823529541492462,calibrated_uv_reprojection_plus_stereo_left
149.1050567626953,-112.60992431640625,-599.3442993164062,144.0303258339723,126.06649258916394,-34.920890455072026,446.0000082125779,170.99999592683724,0.6352941393852234,0.5137255191802979,0.29411765933036804,calibrated_uv_reprojection_plus_stereo_left
150.47830200195312,-112.67204284667969,-599.6490478515625,143.41279547976143,124.76016647135333,-35.10786026091745,446.9999996921091,170.99999850399942,0.7647058963775635,0.6666666865348816,0.43529412150382996,calibrated_uv_reprojection_plus_stereo_left
151.99090576171875,-112.83649444580078,-600.4983520507812,143.01467257111972,123.13505729843257,-35.68626266806086,447.9999988225314,170.99999894326555,0.9411764740943909,0.8509804010391235,0.615686297416687,calibrated_uv_reprojection_plus_stereo_left
153.32839965820312,-112.86920166015625,-600.646484375,142.33156854947435,121.91664330230589,-35.76054581252697,449.00000188197237,170.99999915773373,1.0,0.929411768913269,0.6784313917160034,calibrated_uv_reprojection_plus_stereo_left
154.69483947753906,-112.92243194580078,-600.90380859375,141.69188618349932,120.63343548500876,-35.913292489769276,450.00000173374167,170.99999899153227,1.0,0.9333333373069763,0.6666666865348816,calibrated_uv_reprojection_plus_stereo_left
156.03887939453125,-112.95849609375,-601.0697631835938,141.0148285997762,119.40285955487946,-36.000337127278726,451.0000067919791,170.99999888222328,1.0,0.9058823585510254,0.6235294342041016,calibrated_uv_reprojection_plus_stereo_left
157.79347229003906,-113.28868103027344,-602.8006591796875,140.96254936447178,117.24740206400185,-37.212030125237106,452.00000023673186,170.99999360559212,1.0,0.9019607901573181,0.6078431606292725,calibrated_uv_reprojection_plus_stereo_left
159.18780517578125,-113.35685729980469,-603.1373901367188,140.3505297363509,115.91111766643883,-37.42166998000653,453.00000130447177,170.99999663923958,1.0,0.8901960849761963,0.6000000238418579,calibrated_uv_reprojection_plus_stereo_left
160.54293823242188,-113.39617919921875,-603.320556640625,139.6765829061103,114.6646422582325,-37.520921946953365,454.00000626765205,170.99999784412523,0.9764705896377563,0.8588235378265381,0.572549045085907,calibrated_uv_reprojection_plus_stereo_left
161.9271697998047,-113.45520782470703,-603.6085205078125,139.04356057559153,113.35483144696764,-37.69544455830032,455.0000047756098,170.99999506658287,0.9450980424880981,0.8117647171020508,0.529411792755127,calibrated_uv_reprojection_plus_stereo_left
163.43011474609375,-113.59574890136719,-604.3301391601562,138.5808344063667,111.78442632265336,-38.181496017494965,455.99999681860385,170.99999761532837,0.9215686321258545,0.7764706015586853,0.49803921580314636,calibrated_uv_reprojection_plus_stereo_left
165.1181182861328,-113.86160278320312,-605.7183227539062,138.3783985993752,109.81120866995434,-39.14632435161724,457.0000088561977,170.9999995279801,0.9254902005195618,0.7843137383460999,0.5764706134796143,calibrated_uv_reprojection_plus_stereo_left
167.063720703125,-114.29948425292969,-608.021484375,138.53121509637464,107.28194794578343,-40.768269792210674,458.0000027871058,171.00000037555765,0.8941176533699036,0.7568627595901489,0.6039215922355652,calibrated_uv_reprojection_plus_stereo_left
169.03929138183594,-114.7508316040039,-610.3960571289062,138.70612234528716,104.7006994393592,-42.44125538744174,459.0000015635153,170.9999990716992,0.8235294222831726,0.7176470756530762,0.6313725709915161,calibrated_uv_reprojection_plus_stereo_left
170.88116455078125,-115.1050796508789,-612.2539672851562,138.67370311588246,102.4231926980512,-43.7428960390838,460.0000050312925,171.00000156496165,0.7450980544090271,0.6627451181411743,0.6274510025978088,calibrated_uv_reprojection_plus_stereo_left
172.3397979736328,-115.19767761230469,-612.7200317382812,138.09595960726386,100.9840246950788,-44.04472903016102,460.99999736468027,171.00000378433538,0.7529411911964417,0.6941176652908325,0.6823529601097107,calibrated_uv_reprojection_plus_stereo_left
173.74444580078125,-115.25299072265625,-612.9877319335938,137.44013723187112,99.66378311363383,-44.20405342522969,462.00000013058695,171.00000380141745,0.6980392336845398,0.658823549747467,0.6666666865348816,calibrated_uv_reprojection_plus_stereo_left
175.24227905273438,-115.36876678466797,-613.576904296875,136.90760797335923,98.14584068827924,-44.59417950336342,463.0000072592079,170.9999943243784,0.6627451181411743,0.6078431606292725,0.5882353186607361,calibrated_uv_reprojection_plus_stereo_left
176.99990844726562,-115.6524887084961,-615.059326171875,136.71712204915656,96.07783079051421,-45.62562596110331,463.99999924107993,171.00000480761904,0.7529411911964417,0.6823529601097107,0.6352941393852234,calibrated_uv_reprojection_plus_stereo_left
178.46029663085938,-115.73916625976562,-615.49365234375,136.12095059901264,94.64863854805623,-45.904396917725535,465.0000018348181,171.00000196349077,0.8235294222831726,0.7529411911964417,0.7058823704719543,calibrated_uv_reprojection_plus_stereo_left
179.94741821289062,-115.84172058105469,-616.0123291015625,135.55582771343757,93.16558273160194,-46.24366925709427,466.00000735257606,170.99999404854665,0.8784313797950745,0.8078431487083435,0.7607843279838562,calibrated_uv_reprojection_plus_stereo_left
181.5677490234375,-116.02783203125,-616.9754028320312,135.1586019306369,91.40542228280987,-46.90191028748251,466.99999284538734,171.0000049244279,0.9098039269447327,0.8313725590705872,0.7411764860153198,calibrated_uv_reprojection_plus_stereo_left
183.48826599121094,-116.401611328125,-618.9361572265625,135.13771952787937,89.0221418356254,-48.27617577299753,468.0000011363236,171.00000050945562,0.886274516582489,0.800000011920929,0.6431372761726379,calibrated_uv_reprojection_plus_stereo_left
185.08328247070312,-116.56493377685547,-619.7777709960938,134.68826941580608,87.32805470651869,-48.84695985007437,469.0000006359817,171.00000114279254,0.8823529481887817,0.7764706015586853,0.5647059082984924,calibrated_uv_reprojection_plus_stereo_left
186.64146423339844,-116.70282745361328,-620.4840698242188,134.18556607648264,85.71509869253521,-49.32052864031522,470.0000056217014,170.9999963443613,0.9254902005195618,0.7803921699523926,0.48235294222831726,calibrated_uv_reprojection_plus_stereo_left
188.21844482421875,-116.85037231445312,-621.24169921875,133.70029600485998,84.0671692271394,-49.83086238536248,470.99999088493473,171.0000034234514,0.886274516582489,0.7333333492279053,0.4431372582912445,calibrated_uv_reprojection_plus_stereo_left
189.77099609375,-116.980712890625,-621.90771484375,133.17868765988493,82.47372117663195,-50.27535956998162,471.99999727674685,170.9999992388157,0.8156862854957581,0.6392157077789307,0.3686274588108063,calibrated_uv_reprojection_plus_stereo_left
121.94474029541016,-114.89071655273438,-619.177978515625,169.47285347287686,143.07440503908902,-50.65714699409057,422.0000026686937,171.9999971651003,0.3921568691730499,0.27843138575553894,0.06666667014360428,calibrated_uv_reprojection_plus_stereo_left
122.65013885498047,-114.30902099609375,-616.0167846679688,167.33852063700306,143.60346162305393,-48.343895912970595,423.00000019163804,171.99999836292966,0.5372549295425415,0.43921568989753723,0.22745098173618317,calibrated_uv_reprojection_plus_stereo_left
123.31981658935547,-113.70671844482422,-612.7448120117188,165.16394178426083,144.20368876923305,-45.951076041156796,423.9999993845704,171.9999999740659,0.7019608020782471,0.6313725709915161,0.3960784375667572,calibrated_uv_reprojection_plus_stereo_left
124.0648422241211,-113.18579864501953,-609.91162109375,163.1865807855816,144.57960811386982,-43.87505274394289,425.00000018277086,171.99999711215162,0.8509804010391235,0.7843137383460999,0.5215686559677124,calibrated_uv_reprojection_plus_stereo_left
125.15838623046875,-112.99031829833984,-608.832275390625,161.97043067199036,144.01773404583753,-43.064133422818315,425.9999991440935,171.99999751758247,0.929411768913269,0.8823529481887817,0.5882353186607361,calibrated_uv_reprojection_plus_stereo_left
126.37174224853516,-112.90583801269531,-608.3511352539062,161.01337593660372,143.13518002856648,-42.68469804564728,427.0000007488434,172.000002901565,0.9725490212440491,0.9490196108818054,0.6470588445663452,calibrated_uv_reprojection_plus_stereo_left
126.63607788085938,-111.98380279541016,-603.3572998046875,158.12758447906913,144.71111299244382,-39.05140472878816,428.00000647039843,171.99999805250155,1.0,0.9921568632125854,0.6745098233222961,calibrated_uv_reprojection_plus_stereo_left
127.69207000732422,-111.77334594726562,-602.1976928710938,156.88894441705838,144.21096806681828,-38.18312689378536,428.99999983428796,172.0000014741453,1.0,0.9882352948188782,0.6745098233222961,calibrated_uv_reprojection_plus_stereo_left
128.8347930908203,-111.6421890258789,-601.46533203125,155.83470392927705,143.48077214749605,-37.622982497673604,430.00000889812685,171.99999452669095,0.9882352948188782,0.9686274528503418,0.6549019813537598,calibrated_uv_reprojection_plus_stereo_left
129.91114807128906,-111.45662689208984,-600.4400024414062,154.65795749283507,142.9143310756474,-36.85171859980261,431.0000038087209,171.99999685957374,0.9921568632125854,0.9686274528503418,0.6470588445663452,calibrated_uv_reprojection_plus_stereo_left
131.30267333984375,-111.5423812866211,-600.8763427734375,154.1014863790595,141.54480525572205,-37.13419127204736,431.99999619175003,172.00000065434327,0.9960784316062927,0.9647058844566345,0.6392157077789307,calibrated_uv_reprojection_plus_stereo_left
132.5265350341797,-111.48533630371094,-600.5433959960938,153.2195838188365,140.5995036360406,-36.86211769362234,433.00000306537584,172.00000137264126,1.0,0.9607843160629272,0.6392157077789307,calibrated_uv_reprojection_plus_stereo_left
133.739990234375,-111.42066192626953,-600.1693725585938,152.3211363183771,139.67811953927082,-36.560469244841386,433.99999966674596,172.00000128615312,1.0,0.9450980424880981,0.6274510025978088,calibrated_uv_reprojection_plus_stereo_left
135.03399658203125,-111.42361450195312,-600.1596069335938,151.57612156169284,138.55484997896446,-36.52136630480868,435.0000053529709,171.99999712640505,1.0,0.9490196108818054,0.6196078658103943,calibrated_uv_reprojection_plus_stereo_left
136.07424926757812,-111.21903228759766,-599.0321044921875,150.3640582024383,138.0568001005817,-35.67679428692429,436.0000049632062,172.00000169034666,1.0,0.9647058844566345,0.6274510025978088,calibrated_uv_reprojection_plus_stereo_left
137.3385467529297,-111.19963836669922,-598.9020385742188,149.57014554220171,137.00291031944283,-35.55105979424167,436.99999607670804,171.99999927422846,1.0,0.9686274528503418,0.6352941393852234,calibrated_uv_reprojection_plus_stereo_left
138.56556701660156,-111.15061950683594,-598.6124877929688,148.7101971137888,136.03916592048097,-35.3104275172098,437.9999905666639,172.00000496148402,1.0,0.9725490212440491,0.6352941393852234,calibrated_uv_reprojection_plus_stereo_left
139.7848358154297,-111.09626770019531,-598.294189453125,147.83894349997644,135.09256477508745,-35.04910459228239,438.999999590738,172.00000368162705,1.0,0.9725490212440491,0.6352941393852234,calibrated_uv_reprojection_plus_stereo_left
141.1746826171875,-111.17717742919922,-598.7042846679688,147.2690687044548,133.73398746352086,-35.312552012101264,440.00000922125326,171.99999782638315,1.0,0.9764705896377563,0.6392157077789307,calibrated_uv_reprojection_plus_stereo_left
142.2837371826172,-111.03743743896484,-597.9262084960938,146.20903195869,133.04964740359702,-34.72004491702978,441.00000095727205,171.9999985174091,1.0,0.9843137264251709,0.6627451181411743,calibrated_uv_reprojection_plus_stereo_left
143.4403533935547,-110.93690490722656,-597.3593139648438,145.23745456845728,132.2475136267651,-34.279731112295224,442.0000070010971,171.99999919796352,0.9215686321258545,0.8549019694328308,0.5411764979362488,calibrated_uv_reprojection_plus_stereo_left
144.62973022460938,-110.86321258544922,-596.93701171875,144.3263278849036,131.36456004407734,-33.943619125617715,442.99999907547556,172.00000389828244,0.686274528503418,0.5843137502670288,0.3294117748737335,calibrated_uv_reprojection_plus_stereo_left
146.07476806640625,-110.98500061035156,-597.5671997070312,143.84542814657192,129.87832433139698,-34.36554496315915,443.9999987885724,172.00000132016916,0.5843137502670288,0.47843137383461,0.250980406999588,calibrated_uv_reprojection_plus_stereo_left
147.4185791015625,-111.02835845947266,-597.7750854492188,143.19112894084168,128.63297052035858,-34.48328163939101,444.9999942417901,172.00000198974436,0.6313725709915161,0.5254902243614197,0.2823529541492462,calibrated_uv_reprojection_plus_stereo_left
148.78961181640625,-111.09121704101562,-598.087890625,142.57873112501494,127.32596293865049,-34.67653791181789,446.00000764359055,171.99999605682234,0.8117647171020508,0.7176470756530762,0.46666666865348816,calibrated_uv_reprojection_plus_stereo_left
150.13818359375,-111.13631439208984,-598.3051147460938,141.92682151634654,126.07308780115488,-34.80094083978514,447.00000000748787,171.9999998432217,0.9647058844566345,0.9058823585510254,0.658823549747467,calibrated_uv_reprojection_plus_stereo_left
151.69671630859375,-111.33467864990234,-599.3473510742188,141.60669070344323,124.33899742956845,-35.51930745962642,447.99999986379584,171.9999969728018,1.0,0.929411768913269,0.6823529601097107,calibrated_uv_reprojection_plus_stereo_left
153.09593200683594,-111.41368103027344,-599.7470092773438,141.02573575111222,122.97604181217906,-35.77494981337651,449.00000189956666,172.0000009925251,0.9960784316062927,0.9058823585510254,0.6235294342041016,calibrated_uv_reprojection_plus_stereo_left
154.4269561767578,-111.44210052490234,-599.8743286132812,140.33462611962324,121.77096106486084,-35.83449191572578,449.99999517206226,172.0000018766767,1.0,0.9137254953384399,0.615686297416687,calibrated_uv_reprojection_plus_stereo_left
155.7643585205078,-111.47454071044922,-600.0232543945312,139.65170539791217,120.55251038804028,-35.909565917127225,451.00000334307015,171.999999854345,1.0,0.9019607901573181,0.6117647290229797,calibrated_uv_reprojection_plus_stereo_left
157.70135498046875,-111.93196105957031,-602.4595947265625,139.87866702954506,117.98465878074018,-37.631036439305035,452.0000046548907,172.000002043282,0.9960784316062927,0.8823529481887817,0.5960784554481506,calibrated_uv_reprojection_plus_stereo_left
159.00900268554688,-111.9388198852539,-602.470703125,139.13728415128406,116.84196189423307,-37.606756770605955,452.9999960091389,171.99999945244457,0.9803921580314636,0.8470588326454163,0.5568627715110779,calibrated_uv_reprojection_plus_stereo_left
160.3170623779297,-111.9457778930664,-602.4823608398438,138.39596375404136,115.69870917869622,-37.58286783347535,454.0000012495426,171.99999984868583,0.9372549057006836,0.7960784435272217,0.5058823823928833,calibrated_uv_reprojection_plus_stereo_left
161.83428955078125,-112.09745025634766,-603.2728271484375,137.96156671624658,114.09164661248411,-38.11941207725914,455.00000168572114,172.00000121860433,0.9254902005195618,0.7843137383460999,0.5529412031173706,calibrated_uv_reprojection_plus_stereo_left
163.58497619628906,-112.40706634521484,-604.9132080078125,137.85914434844477,111.97390530480448,-39.26743024542384,455.9999978803995,172.0000053853321,0.9411764740943909,0.800000011920929,0.6000000238418579,calibrated_uv_reprojection_plus_stereo_left
165.65699768066406,-112.93079376220703,-607.70556640625,138.20389075354188,109.15971209997724,-41.24411320595175,456.9999964303374,172.00000120170674,0.8941176533699036,0.772549033164978,0.6666666865348816,calibrated_uv_reprojection_plus_stereo_left
167.50863647460938,-113.29718017578125,-609.6510620117188,138.21085194434033,106.84371072787354,-42.611219915031995,457.9999935814697,172.00000142292976,0.7764706015586853,0.6666666865348816,0.6196078658103943,calibrated_uv_reprojection_plus_stereo_left
169.14395141601562,-113.51261901855469,-610.7841796875,137.8965956941792,105.00989278916506,-43.39369205620369,458.99999935220217,172.0000024388533,0.7176470756530762,0.6392157077789307,0.6039215922355652,calibrated_uv_reprojection_plus_stereo_left
170.9992218017578,-113.87115478515625,-612.6870727539062,137.8781587699878,102.70613286503107,-44.729763754809824,460.0000034998448,171.99999485670278,0.686274528503418,0.6313725709915161,0.6039215922355652,calibrated_uv_reprojection_plus_stereo_left
172.46974182128906,-113.9698715209961,-613.1920166015625,137.3140958203852,101.24301118070258,-45.060109453053826,460.9999998906478,172.00000447556064,0.7372549176216125,0.6941176652908325,0.6784313917160034,calibrated_uv_reprojection_plus_stereo_left
173.96534729003906,-114.08348846435547,-613.7769775390625,136.7795258296312,99.72909818306431,-45.44793721575388,462.000005599706,172.00000004066416,0.6941176652908325,0.658823549747467,0.6509804129600525,calibrated_uv_reprojection_plus_stereo_left
175.43333435058594,-114.17736053466797,-614.2556762695312,136.20254994161326,98.2776677898056,-45.759277185772476,463.00000327648837,171.999997862521,0.6627451181411743,0.615686297416687,0.5882353186607361,calibrated_uv_reprojection_plus_stereo_left
177.0677947998047,-114.3772964477539,-615.304931640625,135.84285825972825,96.47492410182753,-46.480865563726354,464.0000026270428,171.99999849396056,0.7450980544090271,0.686274528503418,0.6470588445663452,calibrated_uv_reprojection_plus_stereo_left
178.7603759765625,-114.61145782470703,-616.5382080078125,135.55071616675008,94.55501545502369,-47.334661085564164,465.0000081557932,171.99999961102029,0.8156862854957581,0.7607843279838562,0.7176470756530762,calibrated_uv_reprojection_plus_stereo_left
180.26821899414062,-114.72454833984375,-617.1201171875,135.00747447557023,93.03155294607433,-47.71997357667158,465.9999967046124,172.00000072366237,0.8705882430076599,0.8156862854957581,0.7607843279838562,calibrated_uv_reprojection_plus_stereo_left
181.7406005859375,-114.81350708007812,-617.5721435546875,134.41338072291222,91.58594226825937,-48.01183395416274,467.00000771283806,171.99999826110994,0.9058823585510254,0.8274509906768799,0.7333333492279053,calibrated_uv_reprojection_plus_stereo_left
183.2392120361328,-114.9175796508789,-618.1054077148438,133.8487823465756,90.08810894027977,-48.362042942718176,468.0000031881723,171.99999407582206,0.9098039269447327,0.800000011920929,0.6627451181411743,calibrated_uv_reprojection_plus_stereo_left
184.92823791503906,-115.13862609863281,-619.267822265625,133.51986425146413,88.19692653852604,-49.16446560703281,469.0000093460727,171.99999854781595,0.886274516582489,0.7607843279838562,0.572549045085907,calibrated_uv_reprojection_plus_stereo_left
186.65455627441406,-115.37950897216797,-620.5368041992188,133.2279890670227,86.23472729522007,-50.043358598850546,470.0000036477427,172.00000106305936,0.8235294222831726,0.6784313917160034,0.41960784792900085,calibrated_uv_reprojection_plus_stereo_left
124.08941650390625,-113.09912872314453,-616.5844116210938,165.85724199764223,142.68959788577513,-49.39869779354359,424.00000473334416,172.999995402146,0.43529412150382996,0.32156863808631897,0.13333334028720856,calibrated_uv_reprojection_plus_stereo_left
124.91107940673828,-112.64582061767578,-614.087158203125,164.02388561300552,142.8751228821289,-47.562060689124166,425.0000066027523,172.9999981951912,0.5960784554481506,0.501960813999176,0.2862745225429535,calibrated_uv_reprojection_plus_stereo_left
125.49319458007812,-111.98815155029297,-610.47607421875,161.7192616425479,143.67109429403024,-44.9212072419881,425.99999871246456,172.99999903027032,0.7803921699523926,0.7098039388656616,0.4588235318660736,calibrated_uv_reprojection_plus_stereo_left
126.41165924072266,-111.64104461669922,-608.5581665039062,160.14692350023785,143.56330425072701,-43.503557475663115,427.00000156331396,172.99999888780198,0.8666666746139526,0.8117647171020508,0.5411764979362488,calibrated_uv_reprojection_plus_stereo_left
126.4509048461914,-110.53243255615234,-602.4896240234375,156.81073540476092,145.71861165636744,-39.08870946795565,427.99999927448937,173.0000008760735,0.9137254953384399,0.8705882430076599,0.5843137502670288,calibrated_uv_reprojection_plus_stereo_left
127.4657974243164,-110.29039764404297,-601.1448974609375,155.49626192935892,145.32005683895744,-38.08557333953769,429.0000008341167,172.9999989004413,0.9803921580314636,0.95686274766922,0.6509804129600525,calibrated_uv_reprojection_plus_stereo_left
128.51519775390625,-110.08269500732422,-599.9874267578125,154.26431003680455,144.82389576295282,-37.21778547655833,430.00000531645884,173.0000002989671,1.0,0.9882352948188782,0.6627451181411743,calibrated_uv_reprojection_plus_stereo_left
129.56707763671875,-109.88115692138672,-598.8636474609375,153.0493380242711,144.31342000835963,-36.37444137939417,431.00000110837976,173.00000165769058,1.0,0.9843137264251709,0.6549019813537598,calibrated_uv_reprojection_plus_stereo_left
131.07005310058594,-110.06230926513672,-599.8255615234375,152.71539121184315,142.65765012109546,-37.03695915683846,431.999994798221,173.0000013015745,1.0,0.9843137264251709,0.6549019813537598,calibrated_uv_reprojection_plus_stereo_left
132.3056640625,-110.01752471923828,-599.5560913085938,151.86188940632928,141.67895985107714,-36.81044543267882,433.0000018144173,172.99999758848588,1.0,0.9803921580314636,0.6549019813537598,calibrated_uv_reprojection_plus_stereo_left
133.53440856933594,-109.96788024902344,-599.2601928710938,150.9978768085145,140.7157863962858,-36.564882468890175,434.00000002557385,172.99999906691926,1.0,0.9764705896377563,0.6509804129600525,calibrated_uv_reprojection_plus_stereo_left
134.8007354736328,-109.94976806640625,-599.1361083984375,150.20620354302764,139.6578965018582,-36.44335509398172,435.0000028756453,172.9999959409045,1.0,0.9764705896377563,0.6352941393852234,calibrated_uv_reprojection_plus_stereo_left
135.82122802734375,-109.73331451416016,-597.9313354492188,148.96494436724333,139.20397509016198,-35.54187881105969,435.99999370439616,173.0000009313984,1.0,0.9803921580314636,0.6274510025978088,calibrated_uv_reprojection_plus_stereo_left
137.06503295898438,-109.69956970214844,-597.72216796875,148.13968148485418,138.19639620189622,-35.35902694214229,436.9999966428546,173.00000292564374,1.0,0.9803921580314636,0.6313725709915161,calibrated_uv_reprojection_plus_stereo_left
138.29568481445312,-109.65595245361328,-597.4591674804688,147.29254972940197,137.21968858808611,-35.13733978271671,438.00001068257933,172.99999679235134,1.0,0.9843137264251709,0.6392157077789307,calibrated_uv_reprojection_plus_stereo_left
139.5303955078125,-109.61627960205078,-597.2177124023438,146.4548577354508,136.23167607093143,-34.931226588875916,438.9999972160217,172.99999584751325,1.0,0.9921568632125854,0.6509804129600525,calibrated_uv_reprojection_plus_stereo_left
140.8000030517578,-109.60440063476562,-597.1277465820312,145.67993067804883,135.15862486919963,-34.83444025466406,440.0000014512449,173.0000022579635,1.0,0.9607843160629272,0.6235294342041016,calibrated_uv_reprojection_plus_stereo_left
141.96310424804688,-109.51052856445312,-596.591064453125,144.72196403176338,134.33948289192824,-34.41536698274757,440.9999938089651,173.00000312886016,0.8078431487083435,0.7254902124404907,0.42352941632270813,calibrated_uv_reprojection_plus_stereo_left
143.14732360839844,-109.43441009521484,-596.151123046875,143.8047523932907,133.46704787975182,-34.066133972559385,441.9999956488039,173.0000019115143,0.6000000238418579,0.5058823823928833,0.2235294133424759,calibrated_uv_reprojection_plus_stereo_left
144.3916473388672,-109.40512084960938,-595.96630859375,142.99249414370132,132.450229106682,-33.90097996341274,442.99999539656085,173.00000055339632,0.5647059082984924,0.45490196347236633,0.20000000298023224,calibrated_uv_reprojection_plus_stereo_left
145.8262176513672,-109.51915740966797,-596.562255859375,142.49781049417072,130.98606336989081,-34.29900869380623,443.9999922197358,173.00000483558267,0.7019608020782471,0.5921568870544434,0.3490196168422699,calibrated_uv_reprojection_plus_stereo_left
147.21678161621094,-109.59838104248047,-596.9684448242188,141.92467671574286,129.62867325151228,-34.56009811499473,445.00000009196634,172.9999973430272,0.9333333373069763,0.843137264251709,0.5764706134796143,calibrated_uv_reprojection_plus_stereo_left
148.5731964111328,-109.65096282958984,-597.2295532226562,141.2918342417036,128.35336746239108,-34.716514564419185,445.9999985927004,172.99999933300293,1.0,0.9411764740943909,0.6666666865348816,calibrated_uv_reprojection_plus_stereo_left
149.9839630126953,-109.74234008789062,-597.701904296875,140.74327406304405,126.95451807129058,-35.025230927246184,447.0000097592681,172.9999974398316,1.0,0.9098039269447327,0.6470588445663452,calibrated_uv_reprojection_plus_stereo_left
151.51217651367188,-109.91732025146484,-598.6295776367188,140.37619702612437,125.289128771388,-35.662224444535696,447.9999928237796,173.0000025548406,1.0,0.8941176533699036,0.6313725709915161,calibrated_uv_reprojection_plus_stereo_left
152.91921997070312,-110.00210571289062,-599.06591796875,139.81010212714278,123.90651331133182,-35.9448403099405,449.000003327885,172.99999994577195,1.0,0.9019607901573181,0.6196078658103943,calibrated_uv_reprojection_plus_stereo_left
154.2899932861328,-110.0595474243164,-599.3533325195312,139.18341739908988,122.60921293311583,-36.12003456970257,449.99999858043714,173.0000003511807,1.0,0.8980392217636108,0.6117647290229797,calibrated_uv_reprojection_plus_stereo_left
155.6710662841797,-110.12325286865234,-599.6748046875,138.56944504431863,121.29065464470256,-36.31974369316697,451.000005953305,172.99999748799934,0.9843137264251709,0.8784313797950745,0.5921568870544434,calibrated_uv_reprojection_plus_stereo_left
157.75599670410156,-110.6796646118164,-602.67919921875,139.01811389131097,118.39123807448391,-38.45346453308895,452.00000627093334,173.0000004771979,0.9647058844566345,0.8313725590705872,0.545098066329956,calibrated_uv_reprojection_plus_stereo_left
159.0701141357422,-110.69056701660156,-602.7130126953125,138.28533666119273,117.23476868046453,-38.44560510831258,452.99999236333315,173.00000200038198,0.9372549057006836,0.800000011920929,0.5254902243614197,calibrated_uv_reprojection_plus_stereo_left
160.5601043701172,-110.82260131835938,-603.4063720703125,137.81216399860068,115.68720013177165,-38.91311626313842,454.0000002309235,173.00000563286065,0.9450980424880981,0.8117647171020508,0.5372549295425415,calibrated_uv_reprojection_plus_stereo_left
162.39801025390625,-111.19068145751953,-605.384765625,137.84180608556818,113.37304836834397,-40.30668237084535,455.00000337528706,172.9999993625851,0.8666666746139526,0.7411764860153198,0.5921568870544434,calibrated_uv_reprojection_plus_stereo_left
164.40196228027344,-111.66561126708984,-607.9447631835938,138.09410506286957,110.70447752029708,-42.119175020222656,456.00000214126766,173.00000025052987,0.8509804010391235,0.729411780834198,0.6431372761726379,calibrated_uv_reprojection_plus_stereo_left
166.2943572998047,-112.05780029296875,-610.0540771484375,138.16408197162843,108.29564706104946,-43.60662231077373,457.00000005320896,172.99999928303427,0.8156862854957581,0.7137255072593689,0.6705882549285889,calibrated_uv_reprojection_plus_stereo_left
167.84194946289062,-112.21324920654297,-610.8744506835938,137.72733765766253,106.65209529620574,-44.16509238746983,457.99999617024304,173.00000183403114,0.7215686440467834,0.6274510025978088,0.6078431606292725,calibrated_uv_reprojection_plus_stereo_left
169.2799072265625,-112.29348754882812,-611.2852783203125,137.12964090067874,105.2517646759498,-44.42838689754541,459.0000073525077,172.99999701039317,0.6980392336845398,0.6313725709915161,0.6078431606292725,calibrated_uv_reprojection_plus_stereo_left
171.06900024414062,-112.60356903076172,-612.9472045898438,137.01437735946877,103.09429684292633,-45.592981484571,460.0000026366739,172.99999317391914,0.6823529601097107,0.6274510025978088,0.6039215922355652,calibrated_uv_reprojection_plus_stereo_left
172.4479522705078,-112.64092254638672,-613.1245727539062,136.32291732910983,101.82958345292309,-45.68793884048932,460.9999957660707,173.0000024077176,0.7490196228027344,0.7019608020782471,0.6784313917160034,calibrated_uv_reprojection_plus_stereo_left
173.9698028564453,-112.77027893066406,-613.8026123046875,135.82317042124697,100.25979702019475,-46.143517130391615,462.00000447825147,173.00000104991406,0.6980392336845398,0.6549019813537598,0.6313725709915161,calibrated_uv_reprojection_plus_stereo_left
175.402587890625,-112.84033203125,-614.1578369140625,135.19806284660757,98.88403485466489,-46.366501167758884,463.00000195963685,173.0000020954945,0.6705882549285889,0.6352941393852234,0.6000000238418579,calibrated_uv_reprojection_plus_stereo_left
177.0169219970703,-113.02519226074219,-615.1378784179688,134.81035096349655,97.12476086011947,-47.03945590218336,464.00000082012974,173.00000523476655,0.7607843279838562,0.7254902124404907,0.6823529601097107,calibrated_uv_reprojection_plus_stereo_left
178.6519775390625,-113.22039031982422,-616.1740112304688,134.44143329054668,95.32720009849811,-47.75268842571967,465.00000097925226,172.99999690684956,0.8313725590705872,0.7921568751335144,0.7411764860153198,calibrated_uv_reprojection_plus_stereo_left
180.24195861816406,-113.38427734375,-617.0397338867188,134.00521973668106,93.63037644416022,-48.343095687281675,466.0000030062904,172.9999993161543,0.8745098114013672,0.8235294222831726,0.7686274647712708,calibrated_uv_reprojection_plus_stereo_left
181.89093017578125,-113.58255004882812,-618.0924682617188,133.63740575362505,91.81471212025167,-49.06806388733838,467.00000093634253,172.99999749390196,0.9254902005195618,0.8274509906768799,0.7254902124404907,calibrated_uv_reprojection_plus_stereo_left
183.3516082763672,-113.66114807128906,-618.493896484375,133.02158443845707,90.39799089640928,-49.323963159013886,468.00000628913244,172.99999628694567,0.8941176533699036,0.7490196228027344,0.5960784554481506,calibrated_uv_reprojection_plus_stereo_left
185.0374755859375,-113.87715148925781,-619.6429443359375,132.6852714540712,88.51544996597517,-50.118072025031324,469.00000190331684,172.99999365347765,0.7176470756530762,0.572549045085907,0.3843137323856354,calibrated_uv_reprojection_plus_stereo_left
125.52262878417969,-111.87882232666016,-617.1091918945312,164.3541512575843,141.79753233479659,-50.42380266644619,424.99999971145735,173.99999681715894,0.3450980484485626,0.23529411852359772,0.054901961237192154,calibrated_uv_reprojection_plus_stereo_left
126.4295883178711,-111.50953674316406,-615.0465087890625,162.7125029653909,141.75021407073473,-48.89892028493199,425.9999982332821,173.99999833488792,0.47843137383461,0.38823530077934265,0.1882352977991104,calibrated_uv_reprojection_plus_stereo_left
126.80005645751953,-110.67952728271484,-610.44287109375,159.9940541443931,143.08455324148724,-45.53635548642956,427.00000175616185,173.9999939696499,0.6549019813537598,0.5803921818733215,0.33725491166114807,calibrated_uv_reprojection_plus_stereo_left
126.23226165771484,-109.05583953857422,-601.46240234375,155.42887171162005,146.81114723432182,-39.008717807079904,427.99999657989645,173.99999850865072,0.8039215803146362,0.7333333492279053,0.47058823704719543,calibrated_uv_reprojection_plus_stereo_left
127.0491714477539,-108.64913940429688,-599.1942749023438,153.72684512920017,146.91617897337272,-37.33640333993321,429.0000059490772,173.99999897410484,0.929411768913269,0.8784313797950745,0.5803921818733215,calibrated_uv_reprojection_plus_stereo_left
128.18826293945312,-108.52330017089844,-598.4752197265625,152.68407574325335,146.1831481358359,-36.784536668648116,429.99999615097397,174.0000019020372,0.9921568632125854,0.9647058844566345,0.6470588445663452,calibrated_uv_reprojection_plus_stereo_left
129.34609985351562,-108.41558837890625,-597.8561401367188,151.68503097452344,145.39780931982187,-36.30502888503679,431.0000036065078,173.99999861670187,1.0,0.9843137264251709,0.658823549747467,calibrated_uv_reprojection_plus_stereo_left
130.87693786621094,-108.61949157714844,-598.9554443359375,151.40837840752243,143.66922030243762,-37.06804681666466,432.00000720854484,173.99999695258975,1.0,0.9843137264251709,0.6509804129600525,calibrated_uv_reprojection_plus_stereo_left
132.14907836914062,-108.60674285888672,-598.8600463867188,150.6291205343303,142.59587650603754,-36.96718856811623,433.00000353469665,173.99999772728762,1.0,0.9843137264251709,0.6470588445663452,calibrated_uv_reprojection_plus_stereo_left
133.34405517578125,-108.53136444091797,-598.4193115234375,149.7059474314923,141.71401146475006,-36.6166779929722,434.0000008005115,173.9999965300425,1.0,0.9882352948188782,0.6431372761726379,calibrated_uv_reprojection_plus_stereo_left
134.56451416015625,-108.4778823852539,-598.099365234375,148.83397021863107,140.76648715581837,-36.353527766998354,435.00000778691765,173.9999994045156,1.0,0.9882352948188782,0.6352941393852234,calibrated_uv_reprojection_plus_stereo_left
135.61660766601562,-108.29092407226562,-597.0435180664062,147.65756237930123,140.230421640043,-35.558474498540306,435.99999690839604,173.9999986324292,1.0,0.9843137264251709,0.6274510025978088,calibrated_uv_reprojection_plus_stereo_left
136.86776733398438,-108.26484680175781,-596.8746948242188,146.85032343173737,139.20177131612536,-35.40464616881337,437.00000911618963,173.9999959900618,1.0,0.9803921580314636,0.6274510025978088,calibrated_uv_reprojection_plus_stereo_left
138.09317016601562,-108.2190170288086,-596.5970458984375,145.99854800802404,138.23472015506303,-35.172186309259814,437.999994455874,174.00000132128073,1.0,0.9843137264251709,0.6352941393852234,calibrated_uv_reprojection_plus_stereo_left
139.3228759765625,-108.17729187011719,-596.3419799804688,145.15661715958254,137.25578962425772,-34.95606460215697,439.00000296837516,173.99999769848415,0.9058823585510254,0.843137264251709,0.5058823823928833,calibrated_uv_reprojection_plus_stereo_left
140.5535888671875,-108.13703155517578,-596.0950927734375,144.31855232883987,136.27304501029164,-34.74588369604288,439.9999992500149,174.00000628486623,0.6627451181411743,0.5764706134796143,0.24313725531101227,calibrated_uv_reprojection_plus_stereo_left
141.74676513671875,-108.06883239746094,-595.694091796875,143.4180511613814,135.37844260003732,-34.42435547150359,440.9999997820875,173.9999968654172,0.5843137502670288,0.4627451002597809,0.21960784494876862,calibrated_uv_reprojection_plus_stereo_left
143.00857543945312,-108.05362701416016,-595.5853271484375,142.63741643390375,134.31890709616948,-34.31401860444407,442.0000010760704,174.00000277332794,0.6313725709915161,0.501960813999176,0.2862745225429535,calibrated_uv_reprojection_plus_stereo_left
144.26766967773438,-108.03660583496094,-595.4664916992188,141.8528601308564,133.26535606106796,-34.19640649790267,443.0000003187132,173.99999901701315,0.8352941274642944,0.729411780834198,0.48235294222831726,calibrated_uv_reprojection_plus_stereo_left
145.66934204101562,-108.12564849853516,-595.9322509765625,141.3050933938389,131.87725665367782,-34.50111682703181,443.99999745101803,173.99999808344634,0.9725490212440491,0.9254902005195618,0.6666666865348816,calibrated_uv_reprojection_plus_stereo_left
147.0708465576172,-108.21294403076172,-596.3883666992188,140.75216801446993,130.49277636097378,-34.79880927154335,444.9999934274233,174.00000115357437,1.0,0.929411768913269,0.658823549747467,calibrated_uv_reprojection_plus_stereo_left
148.43795776367188,-108.27357482910156,-596.6974487304688,140.1388528815816,129.1911594871214,-34.99024217865082,445.99999953031227,173.99999833071155,1.0,0.8980392217636108,0.6235294342041016,calibrated_uv_reprojection_plus_stereo_left
149.8329315185547,-108.3532485961914,-597.1115112304688,139.56676006190656,127.82750322959657,-35.2574653260649,446.9999940777369,174.0000051823258,1.0,0.8980392217636108,0.6078431606292725,calibrated_uv_reprojection_plus_stereo_left
151.37086486816406,-108.53401184082031,-598.08251953125,139.21619663229052,126.13891063761127,-35.92685241488624,447.9999968573982,174.00000148867468,1.0,0.9098039269447327,0.6117647290229797,calibrated_uv_reprojection_plus_stereo_left
152.77011108398438,-108.61305236816406,-598.492919921875,138.63967670959107,124.77284693405073,-36.19129593660256,449.0000086407845,173.99999818216827,0.9960784316062927,0.9019607901573181,0.6117647290229797,calibrated_uv_reprojection_plus_stereo_left
154.1446533203125,-108.67330932617188,-598.7998046875,138.02091431267314,123.46555186534022,-36.380946714540244,449.99999614780535,173.99999788223118,0.9764705896377563,0.8745098114013672,0.5843137502670288,calibrated_uv_reprojection_plus_stereo_left
155.5620574951172,-108.76245880126953,-599.265869140625,137.46431677466603,122.06364612546702,-36.68549332701133,450.99999437241064,173.99999982341555,0.9450980424880981,0.8117647171020508,0.529411792755127,calibrated_uv_reprojection_plus_stereo_left
157.6847686767578,-109.33914184570312,-602.41796875,137.96701144665394,119.08086813173207,-38.92923212181671,452.0000020560494,173.99999469752424,0.9333333373069763,0.7921568751335144,0.5137255191802979,calibrated_uv_reprojection_plus_stereo_left
159.2729034423828,-109.53868865966797,-603.4920654296875,137.64387108465917,117.31146473526604,-39.67247851260248,453.0000067485343,173.99999782657062,0.9215686321258545,0.7960784435272217,0.6000000238418579,calibrated_uv_reprojection_plus_stereo_left
161.30038452148438,-110.03466033935547,-606.1990966796875,137.95867011776056,114.57179466113928,-41.59436754962138,454.0000072691237,173.99999746102603,0.9058823585510254,0.7882353067398071,0.6235294342041016,calibrated_uv_reprojection_plus_stereo_left
163.32391357421875,-110.51992797851562,-608.846923828125,138.2434930640432,111.8568737483227,-43.4732275481378,455.0000083617373,173.99999642336167,0.6823529601097107,0.5803921818733215,0.5137255191802979,calibrated_uv_reprojection_plus_stereo_left
165.0387420654297,-110.79017639160156,-610.31005859375,138.05974978764812,109.83713360499246,-44.49673512358328,455.99999922609226,173.99999686452963,0.7176470756530762,0.6196078658103943,0.5921568870544434,calibrated_uv_reprojection_plus_stereo_left
166.6175537109375,-110.96549224853516,-611.2501831054688,137.66898869878997,108.12406887482962,-45.14262495155674,456.9999936981062,174.00000421080722,0.7803921699523926,0.6823529601097107,0.6627451181411743,calibrated_uv_reprojection_plus_stereo_left
167.89718627929688,-110.94031524658203,-611.0857543945312,136.84786863468076,107.06904228151575,-44.99129233584762,458.0000046346306,173.99999671200536,0.7215686440467834,0.6196078658103943,0.6000000238418579,calibrated_uv_reprojection_plus_stereo_left
169.19715881347656,-110.92880249023438,-610.9967041015625,136.056148681134,105.96918335960203,-44.89437589215078,458.9999977126447,174.00000378646894,0.6980392336845398,0.6274510025978088,0.6039215922355652,calibrated_uv_reprojection_plus_stereo_left
171.06517028808594,-111.28695678710938,-612.943603515625,136.04823983361314,103.64194602744516,-46.266490364624076,460.00000081776295,173.99999745798686,0.686274528503418,0.6274510025978088,0.6039215922355652,calibrated_uv_reprojection_plus_stereo_left
172.4633026123047,-111.33621215820312,-613.1891479492188,135.38258525691697,102.33619110186737,-46.41088138661053,460.99999775900534,174.0000031509321,0.7529411911964417,0.7137255072593689,0.6901960968971252,calibrated_uv_reprojection_plus_stereo_left
173.9160614013672,-111.41966247558594,-613.6229248046875,134.78819927019873,100.91511932143203,-46.69103348442701,462.0000008803763,173.99999986649703,0.7450980544090271,0.7176470756530762,0.6941176652908325,calibrated_uv_reprojection_plus_stereo_left
175.37631225585938,-111.50655364990234,-614.0756225585938,134.19983053758892,99.48071506048018,-46.98478454058136,463.0000063045368,173.9999982829582,0.7372549176216125,0.7098039388656616,0.6745098233222961,calibrated_uv_reprojection_plus_stereo_left
176.97702026367188,-111.68072509765625,-615.0089721679688,133.7928632754818,97.75102231206273,-47.625198438282894,463.99999321624534,174.00000414027892,0.8274509906768799,0.800000011920929,0.7568627595901489,calibrated_uv_reprojection_plus_stereo_left
178.6581573486328,-111.90261840820312,-616.2049560546875,133.48292438313786,95.856767255107,-48.45493336687264,465.0000015832058,174.00000054147395,0.9058823585510254,0.8588235378265381,0.7960784435272217,calibrated_uv_reprojection_plus_stereo_left
180.40939331054688,-112.16476440429688,-617.6224975585938,133.2535427594762,93.82173497993381,-49.44433040490162,465.9999997146987,173.9999990276592,0.9019607901573181,0.8352941274642944,0.7568627595901489,calibrated_uv_reprojection_plus_stereo_left
182.16162109375,-112.42361450195312,-619.0217895507812,133.01365448566543,91.79240898424825,-50.42041150955458,467.0000010719179,174.0000004651633,0.7843137383460999,0.6705882549285889,0.529411792755127,calibrated_uv_reprojection_plus_stereo_left
183.46376037597656,-112.40289306640625,-618.8816528320312,132.19288603741592,90.7090465347137,-50.286224232154325,467.99999190475336,174.00000081152092,0.6313725709915161,0.47843137383461,0.27843138575553894,calibrated_uv_reprojection_plus_stereo_left
125.71082305908203,-110.72599029541016,-618.0499267578125,163.78696182132546,141.84116488040604,-51.784272511837855,425.00000051403646,174.99999667840927,0.30980393290519714,0.1764705926179886,0.003921568859368563,calibrated_uv_reprojection_plus_stereo_left
126.83110809326172,-110.54517364501953,-617.0150756835938,162.58454901031206,141.23729605222587,-51.00174795695949,425.99999923349924,174.99999961885305,0.2980392277240753,0.18039216101169586,0.01568627543747425,calibrated_uv_reprojection_plus_stereo_left
127.61981201171875,-110.0820083618164,-614.4044189453125,160.7161735853802,141.48790401806485,-49.077801247672824,426.99999447261126,175.00000178652272,0.3607843220233917,0.2549019753932953,0.09019608050584793,calibrated_uv_reprojection_plus_stereo_left
126.41006469726562,-107.92207336425781,-602.3240966796875,154.84909548620692,146.87850327907796,-40.294722526118846,428.00000013649645,174.99999943941623,0.45098039507865906,0.35686275362968445,0.14509804546833038,calibrated_uv_reprojection_plus_stereo_left
126.8077392578125,-107.16426849365234,-598.0698852539062,152.3119685144482,148.05967183328949,-37.181390818440775,429.0000028473264,174.99999782924507,0.7803921699523926,0.6980392336845398,0.42352941632270813,calibrated_uv_reprojection_plus_stereo_left
127.87324523925781,-106.98031616210938,-597.0184936523438,151.13190037897283,147.50943526413334,-36.38814573952277,430.00000140677446,174.99999715539388,0.9843137264251709,0.9450980424880981,0.6470588445663452,calibrated_uv_reprojection_plus_stereo_left
129.17584228515625,-106.99633026123047,-597.0830688476562,150.4221634741442,146.3520914772679,-36.40318499052324,430.99999921220217,174.99999496924826,1.0,0.9803921580314636,0.6627451181411743,calibrated_uv_reprojection_plus_stereo_left
130.66783142089844,-107.16727447509766,-598.01220703125,150.07352999722002,144.71943820330205,-37.04428249535158,432.00000195250357,174.99999768840655,1.0,0.9803921580314636,0.6509804129600525,calibrated_uv_reprojection_plus_stereo_left
131.9202117919922,-107.14022064208984,-597.83642578125,149.2620069521775,143.69211554725706,-36.885214058156976,433.0000021210768,174.9999975246923,1.0,0.9843137264251709,0.6431372761726379,calibrated_uv_reprojection_plus_stereo_left
133.16641235351562,-107.108642578125,-597.6354370117188,148.44032807282412,142.6792259173081,-36.707910676583595,434.00000148045484,175.00000093885328,1.0,0.9882352948188782,0.6392157077789307,calibrated_uv_reprojection_plus_stereo_left
134.40037536621094,-107.06785583496094,-597.383056640625,147.59774753195637,141.69544105108645,-36.49341497381755,434.9999974258558,175.0000008640766,1.0,0.9882352948188782,0.6313725709915161,calibrated_uv_reprojection_plus_stereo_left
135.43788146972656,-106.87274932861328,-596.2697143554688,146.40005239792646,141.1918272898763,-35.655666081540005,435.99999091488047,175.00000209068844,1.0,0.9882352948188782,0.6274510025978088,calibrated_uv_reprojection_plus_stereo_left
136.67526245117188,-106.83746337890625,-596.048095703125,145.57221867217976,140.19402203791367,-35.46352783916922,436.99999521691586,175.0000024108907,1.0,0.9803921580314636,0.6274510025978088,calibrated_uv_reprojection_plus_stereo_left
137.92465209960938,-106.81207275390625,-595.8816528320312,144.76748094083018,139.16594763795968,-35.31134196031974,437.99999827349984,174.99999672820283,1.0,0.9882352948188782,0.6352941393852234,calibrated_uv_reprojection_plus_stereo_left
139.16342163085938,-106.77891540527344,-595.6719360351562,143.94531508733394,138.16266022358053,-35.12785225172951,439.0000109164505,174.99999712931896,0.9254902005195618,0.8666666746139526,0.5372549295425415,calibrated_uv_reprojection_plus_stereo_left
140.4145050048828,-106.75567626953125,-595.517578125,143.1461621890375,137.1287766787521,-34.98444654130179,440.0000008822313,175.00000001580008,0.7098039388656616,0.6352941393852234,0.3176470696926117,calibrated_uv_reprojection_plus_stereo_left
141.64414978027344,-106.71663665771484,-595.2750244140625,142.3113921113532,136.14522004883128,-34.77722159104184,441.0000047854788,174.9999933497035,0.7372549176216125,0.6431372761726379,0.3490196168422699,calibrated_uv_reprojection_plus_stereo_left
142.90545654296875,-106.70185852050781,-595.1679077148438,141.5320390850875,135.08547563144066,-34.6680300342083,442.0000043383367,174.99999981134988,0.9490196108818054,0.8784313797950745,0.5960784554481506,calibrated_uv_reprojection_plus_stereo_left
144.16619873046875,-106.68687438964844,-595.0595703125,140.75235623959003,134.02665537155553,-34.55795476277996,443.0000020864656,174.99999546666288,1.0,0.9490196108818054,0.6627451181411743,calibrated_uv_reprojection_plus_stereo_left
145.5553741455078,-106.76628875732422,-595.477783203125,140.1851124565551,132.66696194466152,-34.8288519484654,443.9999982953374,174.99999776861017,1.0,0.9333333373069763,0.6431372761726379,calibrated_uv_reprojection_plus_stereo_left
146.94482421875,-106.84445190429688,-595.8889770507812,139.61390106438165,131.30954930769587,-35.09462162000705,444.99999416897543,174.9999997518883,1.0,0.9019607901573181,0.6078431606292725,calibrated_uv_reprojection_plus_stereo_left
148.31802368164062,-106.90946960449219,-596.226806640625,139.01215158587513,129.99262533355449,-35.307269185793075,446.0000082557006,174.99999968772522,1.0,0.9098039269447327,0.6117647290229797,calibrated_uv_reprojection_plus_stereo_left
149.70184326171875,-106.98091888427734,-596.6004638671875,138.42378275407992,128.65359048172468,-35.54579160283646,446.99999988156554,174.99999849779567,1.0,0.9058823585510254,0.6039215922355652,calibrated_uv_reprojection_plus_stereo_left
151.3283233642578,-107.22301483154297,-597.9257202148438,138.21331506190086,126.76161617125734,-36.47255503375226,447.99999688805326,175.00000128937393,0.9921568632125854,0.8980392217636108,0.5960784554481506,calibrated_uv_reprojection_plus_stereo_left
152.658447265625,-107.25275421142578,-598.066650390625,137.52929781802288,125.55288882619533,-36.542616840041774,449.00000370101,174.99999547082447,0.9725490212440491,0.8470588326454163,0.5490196347236633,calibrated_uv_reprojection_plus_stereo_left
153.99884033203125,-107.2890853881836,-598.244384765625,136.85938266285513,124.32201085156424,-36.63928115972027,450.00000052532226,174.9999985417848,0.9254902005195618,0.7882353067398071,0.4901960790157318,calibrated_uv_reprojection_plus_stereo_left
155.4616241455078,-107.40931701660156,-598.889892578125,136.37345829936544,122.81661909812323,-37.07418169179641,450.9999951198251,174.9999991179114,0.9333333373069763,0.8039215803146362,0.5803921818733215,calibrated_uv_reprojection_plus_stereo_left
157.85842895507812,-108.16751098632812,-603.0923461914062,137.28465555997923,119.22091016806013,-40.080959339421725,451.9999917683546,175.00000226334492,0.8823529481887817,0.7568627595901489,0.5647059082984924,calibrated_uv_reprojection_plus_stereo_left
160.02645874023438,-108.75778198242188,-606.3582153320312,137.81816155012933,116.16066138540822,-42.410109469820156,452.99998984850754,175.00000418554953,0.8392156958580017,0.7490196228027344,0.6784313917160034,calibrated_uv_reprojection_plus_stereo_left
162.0787811279297,-109.26042938232422,-609.13525390625,138.15243123463716,113.37666279129371,-44.385491287469904,453.99999768598275,174.99999971320952,0.7921568751335144,0.7137255072593689,0.6745098233222961,calibrated_uv_reprojection_plus_stereo_left
163.81565856933594,-109.54399871826172,-610.6907958984375,138.00386836933052,111.30588640715109,-45.477536383246616,454.9999934609194,175.0000040620926,0.5843137502670288,0.501960813999176,0.47843137383461,calibrated_uv_reprojection_plus_stereo_left
165.27137756347656,-109.636474609375,-611.180908203125,137.43761394645685,109.86243894573107,-45.79924672298404,455.9999930897237,175.00000507577312,0.6901960968971252,0.6039215922355652,0.5882353186607361,calibrated_uv_reprojection_plus_stereo_left
166.58958435058594,-109.63692474365234,-611.157958984375,136.67143284944484,108.7229279291439,-45.75005005991943,457.0000014496096,175.00000198666027,0.7803921699523926,0.6823529601097107,0.6666666865348816,calibrated_uv_reprojection_plus_stereo_left
167.71852111816406,-109.51372528076172,-610.44580078125,135.63927469471088,107.99566658881974,-45.2027230726618,457.99999872580946,175.0000035430915,0.7176470756530762,0.6117647290229797,0.6000000238418579,calibrated_uv_reprojection_plus_stereo_left
169.08880615234375,-109.54874420166016,-610.6156005859375,134.94796050315045,106.74161050181647,-45.29286268165754,459.0000000660144,175.00000600552272,0.6901960968971252,0.6078431606292725,0.5921568870544434,calibrated_uv_reprojection_plus_stereo_left
170.98318481445312,-109.92009735107422,-612.6599731445312,134.97474899217548,104.3581877834751,-46.73763883972953,459.99999599154063,175.00000431706246,0.6941176652908325,0.6196078658103943,0.6039215922355652,calibrated_uv_reprojection_plus_stereo_left
172.48617553710938,-110.03600311279297,-613.2804565429688,134.45224952922774,102.82677245403045,-47.153293003121746,461.00000306030114,175.0000038881201,0.7450980544090271,0.7098039388656616,0.6823529601097107,calibrated_uv_reprojection_plus_stereo_left
173.88446044921875,-110.08380889892578,-613.5213623046875,133.78353221933543,101.52280692682587,-47.29461596097241,461.9999947984753,175.0000053308592,0.7686274647712708,0.7490196228027344,0.7215686440467834,calibrated_uv_reprojection_plus_stereo_left
175.3514404296875,-110.17398834228516,-613.9983520507812,133.2037191231214,100.07426344014038,-47.60647252740972,463.00000404740035,175.00000139585248,0.8156862854957581,0.7921568751335144,0.7529411911964417,calibrated_uv_reprojection_plus_stereo_left
176.99461364746094,-110.37263488769531,-615.0797729492188,132.8513252545082,98.25529803930306,-48.35493847571797,464.00000548803513,174.9999993568207,0.8784313797950745,0.8509804010391235,0.8078431487083435,calibrated_uv_reprojection_plus_stereo_left
178.69935607910156,-110.60638427734375,-616.356689453125,132.56987099533575,96.31253312499013,-49.24450496600366,465.0000015624153,174.9999943482614,0.8352941274642944,0.7607843279838562,0.6509804129600525,calibrated_uv_reprojection_plus_stereo_left
180.56492614746094,-110.93541717529297,-618.16455078125,132.4847113154355,94.03911622863575,-50.51745786413039,465.99999264550684,175.00000389834742,0.6509804129600525,0.5529412031173706,0.3960784375667572,calibrated_uv_reprojection_plus_stereo_left
126.9155044555664,-109.29927062988281,-617.44091796875,161.79654870084835,141.55651217468625,-51.9895737676934,426.0000039929432,175.99999952670726,0.3176470696926117,0.1725490242242813,0.003921568859368563,calibrated_uv_reprojection_plus_stereo_left
128.00645446777344,-109.09839630126953,-616.2808837890625,160.54469292338905,141.02214724423396,-51.11522353612145,426.9999989234935,176.00000298271598,0.27843138575553894,0.1568627506494522,0.0,calibrated_uv_reprojection_plus_stereo_left
127.83985137939453,-107.84073638916016,-609.1514892578125,156.7803237624986,143.72066289504681,-45.91047923943563,428.0000024960393,175.99999705993423,0.26274511218070984,0.1568627506494522,0.003921568859368563,calibrated_uv_reprojection_plus_stereo_left
127.03495788574219,-106.07551574707031,-599.1558227539062,151.82923036090648,148.00149903451688,-38.62728988346328,428.9999987909921,175.9999974257433,0.7215686440467834,0.6313725709915161,0.38823530077934265,calibrated_uv_reprojection_plus_stereo_left
128.0908203125,-105.88379669189453,-598.0484008789062,150.62591910899982,147.478841214211,-37.79224317486944,429.999997098584,176.00000370244146,0.9725490212440491,0.9019607901573181,0.6117647290229797,calibrated_uv_reprojection_plus_stereo_left
129.2782440185547,-105.8034896850586,-597.5702514648438,149.68805403663066,146.6162536958895,-37.41371237383356,431.0000014093275,176.00000147479534,0.9921568632125854,0.9333333373069763,0.615686297416687,calibrated_uv_reprojection_plus_stereo_left
130.43739318847656,-105.70178985595703,-596.9713134765625,148.70096652788817,145.82154497020957,-36.94762634407715,431.9999940130689,175.99999864992793,1.0,0.9607843160629272,0.6274510025978088,calibrated_uv_reprojection_plus_stereo_left
131.67727661132812,-105.66676330566406,-596.7489624023438,147.87158444175736,144.82166641938636,-36.75469620000109,433.00000738893027,175.99999681653597,1.0,0.9803921580314636,0.6352941393852234,calibrated_uv_reprojection_plus_stereo_left
132.92210388183594,-105.63627624511719,-596.5523071289062,147.0532803359893,143.80828357283195,-36.58042237738363,434.00000667169104,176.0000012699458,1.0,0.9843137264251709,0.6352941393852234,calibrated_uv_reprojection_plus_stereo_left
134.1655731201172,-105.60523986816406,-596.3525390625,146.2340706593369,142.79719628254549,-36.40390556346995,435.0000019807008,176.00000249422646,1.0,0.9882352948188782,0.6313725709915161,calibrated_uv_reprojection_plus_stereo_left
135.3539581298828,-105.53177642822266,-595.9131469726562,145.31664262228156,141.9198878479288,-36.05366451147472,436.00000463074855,175.99999528274193,1.0,0.9921568632125854,0.6313725709915161,calibrated_uv_reprojection_plus_stereo_left
136.5752716064453,-105.48504638671875,-595.6248168945312,144.46215524043254,140.95981132082267,-35.81298924053249,437.0000011520795,175.99999894984356,1.0,0.9843137264251709,0.6274510025978088,calibrated_uv_reprojection_plus_stereo_left
137.7906036376953,-105.43453979492188,-595.3151245117188,143.59953094609074,140.0125894389849,-35.55684807200953,438.0000072592754,175.99999450128882,1.0,0.9843137264251709,0.6274510025978088,calibrated_uv_reprojection_plus_stereo_left
139.0230712890625,-105.39788818359375,-595.083740234375,142.76949380943609,139.0224058261757,-35.35750415907546,439.0000003465912,175.9999983653815,1.0,0.9921568632125854,0.6549019813537598,calibrated_uv_reprojection_plus_stereo_left
140.2279510498047,-105.34110260009766,-594.7387084960938,141.89370564084095,138.09694659847503,-35.07580689130765,440.00000248454876,176.00000370426818,1.0,0.9960784316062927,0.6705882549285889,calibrated_uv_reprojection_plus_stereo_left
141.5261993408203,-105.35480499267578,-594.7915649414062,141.17994189376128,136.94768148469308,-35.082509677899054,440.9999961924491,175.99999738683647,1.0,0.9843137264251709,0.6745098233222961,calibrated_uv_reprojection_plus_stereo_left
142.819580078125,-105.36458587646484,-594.8223266601562,140.45699339158443,135.81057159510152,-35.07319412139344,441.9999995873725,175.9999982900162,1.0,0.9450980424880981,0.6392157077789307,calibrated_uv_reprojection_plus_stereo_left
144.10321044921875,-105.36700439453125,-594.8115234375,139.71711810535083,134.69683804489057,-35.03375054740479,442.9999950909634,175.99999957103415,0.9960784316062927,0.9098039269447327,0.6078431606292725,calibrated_uv_reprojection_plus_stereo_left
145.37188720703125,-105.35847473144531,-594.7388916015625,138.9523247717816,133.6182667614243,-34.94949948685047,443.9999977818967,175.99999750301438,1.0,0.929411768913269,0.6274510025978088,calibrated_uv_reprojection_plus_stereo_left
146.71006774902344,-105.39995574951172,-594.9486083984375,138.30063514710116,132.37805923856087,-35.06983264977475,444.9999975293678,176.00000269035274,1.0,0.9137254953384399,0.615686297416687,calibrated_uv_reprojection_plus_stereo_left
148.01353454589844,-105.41593933105469,-595.0143432617188,137.59085397461604,131.21964102901268,-35.08582002257634,445.9999961588437,176.00000202766614,0.9921568632125854,0.9176470637321472,0.6235294342041016,calibrated_uv_reprojection_plus_stereo_left
149.30784606933594,-105.42511749267578,-595.0416870117188,136.86552049473926,130.0829462337869,-35.073986004036215,446.9999921311247,176.00000541918564,0.9803921580314636,0.8901960849761963,0.5960784554481506,calibrated_uv_reprojection_plus_stereo_left
151.10491943359375,-105.78604888916016,-597.0542602539062,136.92744151608696,127.797483886164,-36.50022587732877,448.0000010437006,176.00000157243045,0.95686274766922,0.8313725590705872,0.5372549295425415,calibrated_uv_reprojection_plus_stereo_left
152.33740234375,-105.7489013671875,-596.820068359375,136.09587502966065,126.80829293704903,-36.298830768691914,448.9999975278247,176.00000612963692,0.929411768913269,0.7960784435272217,0.5333333611488342,calibrated_uv_reprojection_plus_stereo_left
153.74488830566406,-105.8327865600586,-597.2688598632812,135.53399333126703,125.42211075137817,-36.59212389197626,450.0000020460526,175.99999936477093,0.9529411792755127,0.8156862854957581,0.5647059082984924,calibrated_uv_reprojection_plus_stereo_left
155.7251739501953,-106.30623626708984,-599.9160766601562,135.8347215053284,122.7498307426111,-38.47754191963776,451.0000029726907,175.9999986186152,0.9019607901573181,0.8078431487083435,0.7098039388656616,calibrated_uv_reprojection_plus_stereo_left
157.66860961914062,-106.74687957763672,-602.3779296875,136.05617311077486,120.17602336621093,-40.22843509500336,452.0000081001252,175.99999598749702,0.6980392336845398,0.615686297416687,0.5529412031173706,calibrated_uv_reprojection_plus_stereo_left
159.93898010253906,-107.39981079101562,-606.0375366210938,136.73909292220327,116.88858407717834,-42.84639331029291,452.99999353967235,176.00000130224026,0.7176470756530762,0.6784313917160034,0.658823549747467,calibrated_uv_reprojection_plus_stereo_left
161.96119689941406,-107.8768081665039,-608.7040405273438,137.02628891519953,114.17288620021577,-44.74486926104697,454.00000430535056,175.99999631464146,0.7254902124404907,0.6941176652908325,0.686274528503418,calibrated_uv_reprojection_plus_stereo_left
163.4566650390625,-107.998046875,-609.3630981445312,136.52791412591688,112.63480033229558,-45.18963270060857,454.9999985379295,176.00000389569055,0.5843137502670288,0.5137255191802979,0.4941176474094391,calibrated_uv_reprojection_plus_stereo_left
165.1785888671875,-108.26573181152344,-610.8482666015625,136.34728877978938,110.60366183403409,-46.232389103479534,456.0000007129287,175.99999818712072,0.7098039388656616,0.6274510025978088,0.6039215922355652,calibrated_uv_reprojection_plus_stereo_left
166.4456787109375,-108.23335266113281,-610.6404418945312,135.5102090827873,109.57489535764228,-46.04940630636622,456.99999967888897,176.00000071924018,0.7803921699523926,0.686274528503418,0.6745098233222961,calibrated_uv_reprojection_plus_stereo_left
167.81680297851562,-108.26853942871094,-610.8137817382812,134.81999425735887,108.3190301648861,-46.14234758535122,458.00000653015474,175.99999890445451,0.7215686440467834,0.6274510025978088,0.615686297416687,calibrated_uv_reprojection_plus_stereo_left
169.22169494628906,-108.32473754882812,-611.1056518554688,134.17463679794923,106.99131307734649,-46.3210600394612,459.0000068547206,175.99999902604222,0.7058823704719543,0.6470588445663452,0.6235294342041016,calibrated_uv_reprojection_plus_stereo_left
170.79969787597656,-108.4899673461914,-612.0125732421875,133.76325760715918,105.29258945215628,-46.94488348327678,460.0000034176238,176.00000058162544,0.7333333492279053,0.686274528503418,0.658823549747467,calibrated_uv_reprojection_plus_stereo_left
172.39988708496094,-108.66658782958984,-612.983642578125,133.3739229243422,103.5515719003518,-47.615026462694345,461.00000673296876,175.9999984076408,0.7803921699523926,0.7568627595901489,0.7176470756530762,calibrated_uv_reprojection_plus_stereo_left
173.90005493164062,-108.77790069580078,-613.5862426757812,132.8423060168954,102.02960952624522,-48.01841888772242,462.0000052180353,175.99999582023446,0.8352941274642944,0.8156862854957581,0.772549033164978,calibrated_uv_reprojection_plus_stereo_left
175.3079833984375,-108.83020782470703,-613.8560180664062,132.18324683715576,100.70716432992259,-48.18091672219299,462.9999982297659,175.99999997893178,0.886274516582489,0.8313725590705872,0.7450980544090271,calibrated_uv_reprojection_plus_stereo_left
177.0567169189453,-109.09165954589844,-615.3053588867188,131.96789020252243,98.66551831998464,-49.1968411391245,463.9999956522114,175.99999898648008,0.7686274647712708,0.6941176652908325,0.5882353186607361,calibrated_uv_reprojection_plus_stereo_left
128.0845184326172,-107.84693145751953,-616.6718139648438,159.7418652804339,141.3591268780737,-52.0773815410264,426.99999618827377,177.00000353368364,0.3176470696926117,0.18431372940540314,0.0,calibrated_uv_reprojection_plus_stereo_left
128.44512939453125,-107.0430679321289,-612.0503540039062,157.04093707632154,142.69633208324768,-48.686974501094085,428.00000700367116,176.99999332627056,0.2705882489681244,0.14509804546833038,0.0,calibrated_uv_reprojection_plus_stereo_left
127.52581787109375,-105.19957733154297,-601.4852905273438,151.8635516418226,147.27143151068128,-40.97902119267712,428.99999579933865,177.0000042399211,0.7019608020782471,0.5843137502670288,0.3529411852359772,calibrated_uv_reprojection_plus_stereo_left
128.40467834472656,-104.86149597167969,-599.5278930664062,150.30432128116672,147.20561413224203,-39.52521076342458,429.99999503948936,177.00000010442895,0.8901960849761963,0.7764706015586853,0.4941176474094391,calibrated_uv_reprojection_plus_stereo_left
129.47760009765625,-104.68695068359375,-598.505615234375,149.1388937717087,146.63674044885107,-38.750871762976544,431.00000520046973,176.9999976741461,0.9372549057006836,0.8117647171020508,0.5058823823928833,calibrated_uv_reprojection_plus_stereo_left
130.4979248046875,-104.47367095947266,-597.261962890625,147.88404786306768,146.19275144723707,-37.815841156494,432.0000061078013,176.99999324781095,0.9882352948188782,0.8823529481887817,0.5607843399047852,calibrated_uv_reprojection_plus_stereo_left
131.66323852539062,-104.37940979003906,-596.6988525390625,146.9136394259849,145.3793893595667,-37.375214419057954,433.00000597430966,176.9999968970781,1.0,0.9450980424880981,0.6078431606292725,calibrated_uv_reprojection_plus_stereo_left
132.86306762695312,-104.31400299072266,-596.3007202148438,146.01254959296074,144.47703289280804,-37.05445540766783,433.9999990971455,176.99999954189963,1.0,0.9725490212440491,0.6235294342041016,calibrated_uv_reprojection_plus_stereo_left
134.10633850097656,-104.28355407714844,-596.1024169921875,145.19448858922345,143.46545755499903,-36.87884425735473,434.999999008627,176.9999988213758,1.0,0.9843137264251709,0.6352941393852234,calibrated_uv_reprojection_plus_stereo_left
135.30984497070312,-104.22297668457031,-595.73193359375,144.30622145111306,142.55002064879272,-36.57822546929242,436.0000014219295,177.00000083181249,1.0,0.9882352948188782,0.6392157077789307,calibrated_uv_reprojection_plus_stereo_left
136.53001403808594,-104.17619323730469,-595.4403076171875,143.45099456606204,141.59190160595637,-36.334897197741554,436.9999923876619,177.0000012814421,1.0,0.9882352948188782,0.6352941393852234,calibrated_uv_reprojection_plus_stereo_left
137.73622131347656,-104.11963653564453,-595.0928344726562,142.57360649402472,140.66589074214812,-36.05104713726422,438.0000050015949,177.00000064690116,1.0,0.9882352948188782,0.6352941393852234,calibrated_uv_reprojection_plus_stereo_left
138.9620361328125,-104.07875061035156,-594.8349609375,141.73337015659712,139.69079751392746,-35.83227758910613,439.0000028800624,177.0000017199107,1.0,0.9843137264251709,0.6352941393852234,calibrated_uv_reprojection_plus_stereo_left
140.18597412109375,-104.03714752197266,-594.572998046875,140.89200071024663,138.7187987887674,-35.610561179789215,440.00000508854316,177.0000017033281,1.0,0.9764705896377563,0.6274510025978088,calibrated_uv_reprojection_plus_stereo_left
141.4699249267578,-104.04036712646484,-594.5671997070312,140.15459110767324,137.60302773945318,-35.574808744433824,441.0000055421638,177.0000010443129,0.9960784316062927,0.8980392217636108,0.5921568870544434,calibrated_uv_reprojection_plus_stereo_left
142.76268005371094,-104.04988861083984,-594.597412109375,139.4315851547865,136.46672548727508,-35.565189645270834,441.9999957129401,177.0000005726788,1.0,0.9098039269447327,0.6117647290229797,calibrated_uv_reprojection_plus_stereo_left
144.05911254882812,-104.06182098388672,-594.6414184570312,138.7139192038219,135.3222949899665,-35.565575544614376,442.99999247758217,177.00000335386466,1.0,0.9529411792755127,0.6509804129600525,calibrated_uv_reprojection_plus_stereo_left
145.29371643066406,-104.02920532226562,-594.4307861328125,137.8941664200583,134.32266640862247,-35.381150908364305,444.0000082964188,176.99999514548026,1.0,0.9607843160629272,0.658823549747467,calibrated_uv_reprojection_plus_stereo_left
146.63095092773438,-104.06993865966797,-594.6393432617188,137.2419934097138,133.08392074718472,-35.500937473758086,445.00000713809135,176.99999666851028,0.9843137264251709,0.9450980424880981,0.6431372761726379,calibrated_uv_reprojection_plus_stereo_left
147.93858337402344,-104.08908081054688,-594.7244873046875,136.54013370277784,131.91503873307136,-35.531145803995116,446.00000454391073,176.99999423857287,0.9490196108818054,0.8588235378265381,0.5529412031173706,calibrated_uv_reprojection_plus_stereo_left
149.2166290283203,-104.0871810913086,-594.689453125,135.79031431712303,130.8148572011583,-35.47414981514851,447.0000039860888,176.99999902973312,0.9176470637321472,0.7960784435272217,0.4941176474094391,calibrated_uv_reprojection_plus_stereo_left
150.89881896972656,-104.3647689819336,-596.2511596679688,135.67130563638534,128.79232775726655,-36.57557960303603,448.0000012103733,177.00000217479965,0.929411768913269,0.8039215803146362,0.501960813999176,calibrated_uv_reprojection_plus_stereo_left
152.35768127441406,-104.48445892333984,-596.91064453125,135.192992580264,127.28657932371226,-37.02232594167339,448.99999967773374,177.00000073534505,0.9333333373069763,0.8156862854957581,0.6745098233222961,calibrated_uv_reprojection_plus_stereo_left
154.10818481445312,-104.80040740966797,-598.6912231445312,135.15307087978357,125.12637176076043,-38.28222528168362,450.00000558643154,176.99999780319249,0.9647058844566345,0.8509804010391235,0.7411764860153198,calibrated_uv_reprojection_plus_stereo_left
156.25770568847656,-105.38014221191406,-601.9785766601562,135.69831855554236,122.08042824547414,-40.6348539666555,451.00000428059184,177.00000275768178,0.8196078538894653,0.7647058963775635,0.7490196228027344,calibrated_uv_reprojection_plus_stereo_left
158.0325469970703,-105.6996841430664,-603.779296875,135.6553542967897,119.89183341862872,-41.90889140980306,451.9999991953845,176.99999630079859,0.5843137502670288,0.5411764979362488,0.5372549295425415,calibrated_uv_reprojection_plus_stereo_left
160.1163330078125,-106.21887969970703,-606.7203979492188,136.05128108358497,117.02683261752207,-44.009780881205245,452.9999893852906,177.0000051319118,0.6901960968971252,0.6823529601097107,0.658823549747467,calibrated_uv_reprojection_plus_stereo_left
161.8721160888672,-106.5137710571289,-608.3800048828125,135.9430376057187,114.90525009821272,-45.18103549857722,453.9999977144737,177.0000030664931,0.7098039388656616,0.7098039388656616,0.6784313917160034,calibrated_uv_reprojection_plus_stereo_left
163.17449951171875,-106.50791931152344,-608.32177734375,135.16678563833426,113.7921626809175,-45.10646734002489,455.0000026339472,177.00000152078348,0.5803921818733215,0.5254902243614197,0.501960813999176,calibrated_uv_reprojection_plus_stereo_left
165.07362365722656,-106.88850402832031,-610.4706420898438,135.24066668453167,111.37098347554473,-46.63220133881623,455.9999962628409,177.0000056782016,0.7098039388656616,0.6392157077789307,0.615686297416687,calibrated_uv_reprojection_plus_stereo_left
166.35348510742188,-106.86519622802734,-610.3126220703125,134.42342746120562,110.31315756906332,-46.485166039288,456.9999988962487,177.00000252745565,0.7803921699523926,0.7019608020782471,0.6823529601097107,calibrated_uv_reprojection_plus_stereo_left
167.76417541503906,-106.92557525634766,-610.632568359375,133.78937435305602,108.97066201241654,-46.68465425935335,457.99999831559467,177.0000043021347,0.7607843279838562,0.6823529601097107,0.6627451181411743,calibrated_uv_reprojection_plus_stereo_left
169.2047882080078,-107.0038833618164,-611.0548095703125,133.19343639439603,107.56556253019716,-46.958252522468,459.0000028931675,176.9999979870203,0.7686274647712708,0.7058823704719543,0.6784313917160034,calibrated_uv_reprojection_plus_stereo_left
170.8500213623047,-107.20932006835938,-612.2030639648438,132.8723735332478,105.72293031324244,-47.75806664805481,459.9999889437706,177.00000525742834,0.8039215803146362,0.7411764860153198,0.7137255072593689,calibrated_uv_reprojection_plus_stereo_left
172.31910705566406,-107.3018569946289,-612.7064819335938,132.303967703512,104.26404098965264,-48.09036680220788,460.9999941647802,177.00000356551521,0.8705882430076599,0.8235294222831726,0.7647058963775635,calibrated_uv_reprojection_plus_stereo_left
173.7082061767578,-107.34349822998047,-612.9192504882812,131.62440966224267,102.9786344921261,-48.211960321372885,461.99999936932966,177.00000242433094,0.8392156958580017,0.800000011920929,0.7254902124404907,calibrated_uv_reprojection_plus_stereo_left
175.15740966796875,-107.42132568359375,-613.3385620117188,131.0219783203474,101.56710186091914,-48.48320336675238,462.9999995480711,176.9999950661831,0.6941176652908325,0.5921568870544434,0.45098039507865906,calibrated_uv_reprojection_plus_stereo_left
128.0506591796875,-106.50069427490234,-616.5238647460938,158.71176401462526,141.98630104070304,-52.64825727210126,426.99999709877466,177.9999979281033,0.35686275362968445,0.19607843458652496,0.007843137718737125,calibrated_uv_reprojection_plus_stereo_left
128.70162963867188,-105.94587707519531,-613.2874145507812,156.59743095096042,142.5730571761602,-50.260641330782505,428.0000040175988,177.99999652768247,0.3607843220233917,0.19607843458652496,0.003921568859368563,calibrated_uv_reprojection_plus_stereo_left
127.70429229736328,-104.05912017822266,-602.3413696289062,151.27616348428984,147.34256751919366,-42.26383668535345,429.0000049142765,177.99999770862422,0.7254902124404907,0.5490196347236633,0.30588236451148987,calibrated_uv_reprojection_plus_stereo_left
128.55592346191406,-103.70166015625,-600.2481079101562,149.66238005721578,147.34719181539538,-40.70903229722222,430.0000064478504,177.99999879432892,0.8627451062202454,0.6823529601097107,0.42352941632270813,calibrated_uv_reprojection_plus_stereo_left
129.65736389160156,-103.55074310302734,-599.3504638671875,148.54926013171064,146.70820726290515,-40.024252239074144,431.00000765222444,177.99999784151362,0.8705882430076599,0.7058823704719543,0.40784314274787903,calibrated_uv_reprojection_plus_stereo_left
130.60293579101562,-103.27947235107422,-597.7562866210938,147.1503839505961,146.45316783809142,-38.83287084596731,432.0000041001754,177.99999364008914,0.9137254953384399,0.7568627595901489,0.4470588266849518,calibrated_uv_reprojection_plus_stereo_left
131.68667602539062,-103.12159729003906,-596.818603515625,146.0258283330129,145.84386781572948,-38.11918973439896,433.00000124452185,178.00000152027206,0.9490196108818054,0.8352941274642944,0.5058823823928833,calibrated_uv_reprojection_plus_stereo_left
132.84580993652344,-103.0251693725586,-596.236572265625,145.0495846418284,145.04217175313073,-37.664279511566576,434.00000190094613,178.0000050570548,0.9921568632125854,0.9215686321258545,0.5882353186607361,calibrated_uv_reprojection_plus_stereo_left
134.0218505859375,-102.94351196289062,-595.739990234375,144.10967319020898,144.19529706073087,-37.27156571098362,435.00000312262847,177.99999889488535,1.0,0.9803921580314636,0.6274510025978088,calibrated_uv_reprojection_plus_stereo_left
135.2886199951172,-102.93235778808594,-595.6514892578125,143.3375116996753,143.12399581146082,-37.17567480661103,435.9999974546786,178.0000001409398,1.0,0.9843137264251709,0.6274510025978088,calibrated_uv_reprojection_plus_stereo_left
136.49166870117188,-102.87330627441406,-595.2858276367188,142.45261400502233,142.20695104593398,-36.87824222722969,437.0000031316228,178.00000118608068,1.0,0.9882352948188782,0.6352941393852234,calibrated_uv_reprojection_plus_stereo_left
137.71266174316406,-102.82868957519531,-595.0037231445312,141.60242680807443,141.24450422390652,-36.641601036401994,438.0000000934179,178.0000030641945,1.0,0.9882352948188782,0.6352941393852234,calibrated_uv_reprojection_plus_stereo_left
138.9279327392578,-102.78059387207031,-594.7014770507812,140.744675015069,140.2942153904924,-36.39033760245394,439.00000171299155,178.00000079850298,1.0,0.9843137264251709,0.6352941393852234,calibrated_uv_reprojection_plus_stereo_left
140.14248657226562,-102.7327880859375,-594.4009399414062,139.88825190096452,139.34394258785176,-36.14034503132228,439.9999955464308,177.99999998238096,1.0,0.9647058844566345,0.615686297416687,calibrated_uv_reprojection_plus_stereo_left
141.43014526367188,-102.73887634277344,-594.4122314453125,139.15785846263265,138.21888722357977,-36.11706831690884,440.9999999332553,177.99999858347743,1.0,0.9529411792755127,0.6235294342041016,calibrated_uv_reprojection_plus_stereo_left
142.72711181640625,-102.75149536132812,-594.4613037109375,138.44247660928397,137.07226333543628,-36.121249387110026,441.9999978432188,177.99999744589852,1.0,0.9647058844566345,0.6431372761726379,calibrated_uv_reprojection_plus_stereo_left
144.01268005371094,-102.75568389892578,-594.4616088867188,137.70736358034458,135.95294453856923,-36.089974423172976,443.0000013564015,177.9999980203465,1.0,0.95686274766922,0.6431372761726379,calibrated_uv_reprojection_plus_stereo_left
145.2509307861328,-102.72627258300781,-594.2675170898438,136.8946822752165,134.94410295105297,-35.91740335037741,444.0000042430958,177.99999595712643,0.9843137264251709,0.9137254953384399,0.6000000238418579,calibrated_uv_reprojection_plus_stereo_left
146.5594482421875,-102.74656677246094,-594.3610229492188,136.19660440211078,133.77158978453673,-35.95386633291031,445.00000178324194,178.00000104193919,0.9215686321258545,0.8078431487083435,0.501960813999176,calibrated_uv_reprojection_plus_stereo_left
147.8557891845703,-102.75799560546875,-594.4031982421875,135.47786707282495,132.62796923634016,-35.95300934762258,445.9999920644872,178.00000098081915,0.8901960849761963,0.7686274647712708,0.4627451002597809,calibrated_uv_reprojection_plus_stereo_left
149.09390258789062,-102.72903442382812,-594.2117309570312,134.66667618944865,131.61831224453613,-35.78236541039712,446.9999953266606,177.99999973299535,0.929411768913269,0.7843137383460999,0.48627451062202454,calibrated_uv_reprojection_plus_stereo_left
150.8248748779297,-103.03720092773438,-595.9702758789062,134.62318144153426,129.48458216963314,-37.028614805986706,447.9999928346735,178.0000044017691,0.9529411792755127,0.8078431487083435,0.5098039507865906,calibrated_uv_reprojection_plus_stereo_left
152.63436889648438,-103.39330291748047,-598.005859375,134.68390025651246,127.1837486510239,-38.47594784854027,448.9999915494566,178.0000002550787,0.9254902005195618,0.8470588326454163,0.7882353067398071,calibrated_uv_reprojection_plus_stereo_left
154.65911865234375,-103.8879623413086,-600.8426513671875,135.05275072863583,124.40996064634709,-40.50513268950675,449.9999990077037,177.9999989099839,0.929411768913269,0.8588235378265381,0.8352941274642944,calibrated_uv_reprojection_plus_stereo_left
156.60519409179688,-104.32193756103516,-603.3283081054688,135.27759396181943,121.82981657781482,-42.27893868247742,450.9999969349481,178.00000473942046,0.7960784435272217,0.7686274647712708,0.7568627595901489,calibrated_uv_reprojection_plus_stereo_left
158.18560791015625,-104.50713348388672,-604.375,134.93706163052332,120.08086788070972,-43.00722916761049,451.9999954181967,178.00000443652004,0.5529412031173706,0.5333333611488342,0.5215686559677124,calibrated_uv_reprojection_plus_stereo_left
160.09716796875,-104.90623474121094,-606.6585693359375,135.07288098875387,117.60279314459484,-44.63378571572139,452.99999446859306,178.00000146148585,0.7176470756530762,0.6980392336845398,0.6627451181411743,calibrated_uv_reprojection_plus_stereo_left
161.54946899414062,-105.00030517578125,-607.1781005859375,134.52187770604183,116.15326267699714,-44.978913770698114,453.99999242551917,178.0000025612453,0.729411780834198,0.7058823704719543,0.6705882549285889,calibrated_uv_reprojection_plus_stereo_left
163.04188537597656,-105.11866760253906,-607.8380126953125,134.02349532699924,114.61877261314396,-45.42592626885465,454.99999688582085,177.99999844372945,0.5607843399047852,0.5098039507865906,0.48627451062202454,calibrated_uv_reprojection_plus_stereo_left
164.83152770996094,-105.42517852783203,-609.5858154296875,133.94066547475882,112.43779152846872,-46.66286417108489,456.000001494291,177.9999998774982,0.7058823704719543,0.6509804129600525,0.6274510025978088,calibrated_uv_reprojection_plus_stereo_left
166.2873077392578,-105.51494598388672,-610.0802612304688,133.37417196101802,110.99417185220767,-46.98952316914199,456.99999380963163,177.99999912720762,0.7921568751335144,0.729411780834198,0.6980392336845398,calibrated_uv_reprojection_plus_stereo_left
167.77220153808594,-105.6215591430664,-610.6720581054688,132.84342617948715,109.49050926161698,-47.38680736885834,458.0000032644391,177.9999981603204,0.8313725590705872,0.7686274647712708,0.7333333492279053,calibrated_uv_reprojection_plus_stereo_left
169.18190002441406,-105.67948913574219,-610.9823608398438,132.20417220252,108.15263871103036,-47.57965711803274,458.9999996757289,177.99999944947308,0.8588235378265381,0.7921568751335144,0.7372549176216125,calibrated_uv_reprojection_plus_stereo_left
170.74195861816406,-105.82965850830078,-611.825927734375,131.7659442547125,106.4938094702452,-48.15960092978116,459.9999917422749,178.00000541492105,0.886274516582489,0.8196078538894653,0.7568627595901489,calibrated_uv_reprojection_plus_stereo_left
172.12771606445312,-105.8702621459961,-612.0359497070312,131.08641213562282,105.2125198158447,-48.27954835636308,460.9999947746648,178.0000017183625,0.8117647171020508,0.7098039388656616,0.5882353186607361,calibrated_uv_reprojection_plus_stereo_left
128.75811767578125,-104.6807632446289,-613.5714111328125,155.75292713296346,142.96494306200873,-51.14249051948411,428.0000018679093,179.00000335412466,0.4000000059604645,0.21960784494876862,0.01568627543747425,calibrated_uv_reprojection_plus_stereo_left
127.65180206298828,-102.72911834716797,-602.108154296875,150.23356479246917,148.0035725000434,-42.7567772262754,429.00000116198424,178.9999981008517,0.7450980544090271,0.5098039507865906,0.29019609093666077,calibrated_uv_reprojection_plus_stereo_left
128.6068572998047,-102.45883178710938,-600.5001220703125,148.82425832294996,147.74383759990445,-41.553295862398556,429.999993780558,179.00000043745115,0.8549019694328308,0.6000000238418579,0.37254902720451355,calibrated_uv_reprojection_plus_stereo_left
129.80563354492188,-102.38607025146484,-600.0498046875,147.8968779784069,146.8603248356883,-41.1934849671556,431.0000034041031,178.9999980432982,0.8549019694328308,0.6274510025978088,0.3529411852359772,calibrated_uv_reprojection_plus_stereo_left
130.78187561035156,-102.14087677001953,-598.5890502929688,146.554492288976,146.52978534527898,-40.097572782876455,431.9999945723104,179.00000295807905,0.8784313797950745,0.658823549747467,0.37254902720451355,calibrated_uv_reprojection_plus_stereo_left
131.88267517089844,-101.99671936035156,-597.720458984375,145.45867074111334,145.880276911578,-39.43319280598723,432.99999434371466,179.00000254864966,0.8666666746139526,0.6980392336845398,0.3843137323856354,calibrated_uv_reprojection_plus_stereo_left
132.9334716796875,-101.81697082519531,-596.6433715820312,144.27955375052284,145.3484257186057,-38.61702288178117,433.9999974908904,179.00000228735217,0.886274516582489,0.7333333492279053,0.4117647111415863,calibrated_uv_reprojection_plus_stereo_left
133.9227752685547,-101.59394073486328,-595.312744140625,142.99953968409216,144.96024847942834,-37.61628632273181,435.00000019473043,179.00000149160107,0.9411764740943909,0.8274509906768799,0.47843137383461,calibrated_uv_reprojection_plus_stereo_left
135.24844360351562,-101.62781524658203,-595.487548828125,142.3350703431983,143.74402010268045,-37.712143286715786,436.0000025393382,179.0000005575651,0.9921568632125854,0.9411764740943909,0.5882353186607361,calibrated_uv_reprojection_plus_stereo_left
136.4703369140625,-101.58374786376953,-595.2056274414062,141.4848449218133,142.78051177562998,-37.475349693204066,436.9999990912838,178.99999603682016,0.9960784316062927,0.9803921580314636,0.6313725709915161,calibrated_uv_reprojection_plus_stereo_left
137.67129516601562,-101.52497100830078,-594.8375854492188,140.6003690523537,141.8658501960798,-37.175869023328744,438.0000102621892,178.99999741937768,1.0,0.9843137264251709,0.6352941393852234,calibrated_uv_reprojection_plus_stereo_left
138.89356994628906,-101.48280334472656,-594.56689453125,139.75594526603214,140.8980211893852,-36.94731321552274,438.99999741610986,179.00000081207938,1.0,0.9803921580314636,0.6352941393852234,calibrated_uv_reprojection_plus_stereo_left
140.10960388183594,-101.43680572509766,-594.2737426757812,138.90304181428831,139.9436079026121,-36.70242267806418,440.00000666881874,178.9999988072771,1.0,0.9803921580314636,0.6352941393852234,calibrated_uv_reprojection_plus_stereo_left
141.39781188964844,-101.443359375,-594.2885131835938,138.1741076079578,138.81689008682537,-36.68175127852112,441.00000178389456,179.0000021247189,1.0,0.9686274528503418,0.6470588445663452,calibrated_uv_reprojection_plus_stereo_left
142.6825714111328,-101.44727325439453,-594.2877807617188,137.43882996671653,137.69868374686638,-36.6497838189656,442.00000731003695,179.00000090460304,0.9921568632125854,0.9490196108818054,0.6352941393852234,calibrated_uv_reprojection_plus_stereo_left
143.9860076904297,-101.46422576904297,-594.3634033203125,136.73385044724688,136.5370702955296,-36.673393877607964,443.00000220069825,178.9999969737363,0.9803921580314636,0.8745098114013672,0.5647059082984924,calibrated_uv_reprojection_plus_stereo_left
145.2517852783203,-101.45450592041016,-594.2828369140625,135.9665799949043,135.4637748146411,-36.583304636814205,443.99999144574593,179.0000007237275,0.9098039269447327,0.7960784435272217,0.48627451062202454,calibrated_uv_reprojection_plus_stereo_left
146.51458740234375,-101.44281768798828,-594.1907348632812,135.19482154299868,134.39717032057735,-36.48482154528023,444.9999970335531,179.000003341704,0.9215686321258545,0.7803921699523926,0.48235294222831726,calibrated_uv_reprojection_plus_stereo_left
147.75587463378906,-101.41651153564453,-594.012939453125,134.3893888552899,133.37975689054275,-36.323968446500885,446.00000463178515,178.999995575451,0.929411768913269,0.7843137383460999,0.48235294222831726,calibrated_uv_reprojection_plus_stereo_left
148.9898223876953,-101.3855972290039,-593.8082275390625,133.57370080843032,132.37830692294892,-36.14354659964573,447.0000020538183,178.9999961626395,0.9333333373069763,0.7882353067398071,0.4901960790157318,calibrated_uv_reprojection_plus_stereo_left
150.91464233398438,-101.8212661743164,-596.336181640625,133.82941670683692,129.80386901378552,-37.95170265350953,448.0000046318984,178.9999990670444,0.9647058844566345,0.8196078538894653,0.5215686559677124,calibrated_uv_reprojection_plus_stereo_left
152.9853515625,-102.34712982177734,-599.3921508789062,134.28506277243753,126.9147005534553,-40.14379484114119,448.9999933332799,179.0000016649676,0.9058823585510254,0.8588235378265381,0.8039215803146362,calibrated_uv_reprojection_plus_stereo_left
155.01841735839844,-102.83914947509766,-602.2496337890625,134.6557210186175,124.12886778506675,-42.1911371292415,449.99999622820656,178.9999988576218,0.9098039269447327,0.8705882430076599,0.8392156958580017,calibrated_uv_reprojection_plus_stereo_left
156.71649169921875,-103.10254669189453,-603.76806640625,134.49934498294846,122.11073660342146,-43.26395764180427,451.00000361189973,178.99999517442063,0.8039215803146362,0.7843137383460999,0.7529411911964417,calibrated_uv_reprojection_plus_stereo_left
158.1470947265625,-103.18701934814453,-604.2387084960938,133.93361825100385,120.69798092868115,-43.57436442665528,452.00000395372234,179.0000012076008,0.5333333611488342,0.5137255191802979,0.48627451062202454,calibrated_uv_reprojection_plus_stereo_left
159.8099822998047,-103.4203872680664,-605.5811157226562,133.70289614794137,118.77306548179575,-44.51886407249975,452.99999761263393,179.00000006751725,0.7450980544090271,0.7137255072593689,0.6901960968971252,calibrated_uv_reprojection_plus_stereo_left
161.4124755859375,-103.61113739013672,-606.6738891601562,133.3727423680695,116.9894802442854,-45.281638795746005,453.99999727493395,179.00000114301633,0.7529411911964417,0.7215686440467834,0.6980392336845398,calibrated_uv_reprojection_plus_stereo_left
163.07872009277344,-103.83935546875,-607.9859008789062,133.12379111465197,115.07244664256035,-46.20374662043906,455.00000444176965,178.99999593495457,0.615686297416687,0.5803921818733215,0.545098066329956,calibrated_uv_reprojection_plus_stereo_left
164.68812561035156,-104.02796936035156,-609.0659790039062,132.78286982612667,113.28735756461134,-46.95703548037608,456.00000239778274,178.9999973091145,0.7372549176216125,0.6980392336845398,0.6627451181411743,calibrated_uv_reprojection_plus_stereo_left
166.23033142089844,-104.17142486572266,-609.881591796875,132.338450714416,111.65479570631936,-47.51788044883136,457.00000079049835,178.99999979993063,0.7882353067398071,0.7568627595901489,0.7137255072593689,calibrated_uv_reprojection_plus_stereo_left
167.65213012695312,-104.23770904541016,-610.245361328125,131.72040451355105,110.28770010877633,-47.75006877841366,457.999991507821,179.00000413868344,0.8745098114013672,0.843137264251709,0.8039215803146362,calibrated_uv_reprojection_plus_stereo_left
168.97975158691406,-104.24480438232422,-610.2625122070312,130.9702129973141,109.12581855933502,-47.73017330202998,458.9999980293836,178.9999972097429,0.8745098114013672,0.800000011920929,0.6901960968971252,calibrated_uv_reprojection_plus_stereo_left
127.88703155517578,-102.66976165771484,-609.4351196289062,153.07274670459793,145.7324745020232,-48.798784516404055,428.0000034423745,179.99999517708534,0.40392157435417175,0.20392157137393951,0.003921568859368563,calibrated_uv_reprojection_plus_stereo_left
127.78294372558594,-101.5460205078125,-602.7410888671875,149.55013730856012,148.19713417205622,-43.881334037519366,428.99999984908686,179.99999931782867,0.7490196228027344,0.48235294222831726,0.2705882489681244,calibrated_uv_reprojection_plus_stereo_left
129.01803588867188,-101.49829864501953,-602.4341430664062,148.67934081494957,147.23080246454077,-43.62556627038714,430.00000168776205,179.99999641364417,0.8509804010391235,0.5607843399047852,0.34117648005485535,calibrated_uv_reprojection_plus_stereo_left
130.30291748046875,-101.49022674560547,-602.3626098632812,147.90602955336095,146.13764239459726,-43.54161197701433,430.99999699307153,180.00000164848188,0.8784313797950745,0.5647059082984924,0.3176470696926117,calibrated_uv_reprojection_plus_stereo_left
131.19525146484375,-101.17950439453125,-600.4948120117188,146.3960570139963,146.02325169117466,-42.14701766152842,431.99999843366504,180.00000000649328,0.9058823585510254,0.5764706134796143,0.32156863808631897,calibrated_uv_reprojection_plus_stereo_left
132.34568786621094,-101.07188415527344,-599.83251953125,145.38353093513865,145.25664107135606,-41.632145601119305,432.9999918564902,179.99999960081973,0.8745098114013672,0.6196078658103943,0.3333333432674408,calibrated_uv_reprojection_plus_stereo_left
133.46803283691406,-100.94500732421875,-599.0559692382812,144.32593592194996,144.55500469626833,-41.03397973823235,434.0000063520681,179.99999552812838,0.8941176533699036,0.6549019813537598,0.364705890417099,calibrated_uv_reprojection_plus_stereo_left
134.52255249023438,-100.76968383789062,-597.9920654296875,143.15336034699368,144.01432852922596,-40.22627781974711,435.0000003649431,180.00000234413523,0.8509804010391235,0.6941176652908325,0.3764705955982208,calibrated_uv_reprojection_plus_stereo_left
135.59703063964844,-100.61241912841797,-597.0353393554688,142.02672874013246,143.41826274054517,-39.49685673588408,436.0000062264001,180.00000088081953,0.8549019694328308,0.7137255072593689,0.38823530077934265,calibrated_uv_reprojection_plus_stereo_left
136.67092895507812,-100.4576187133789,-596.0933227539062,140.9082983988107,142.8174860275135,-38.77826231610919,436.9999998825864,180.0000013892047,0.8980392217636108,0.7882353067398071,0.45490196347236633,calibrated_uv_reprojection_plus_stereo_left
137.7360382080078,-100.29922485351562,-595.1300659179688,139.783528329722,142.231894135306,-38.044272327462124,437.9999940846297,180.00000337426223,0.9843137264251709,0.9137254953384399,0.5764706134796143,calibrated_uv_reprojection_plus_stereo_left
138.8579559326172,-100.18466186523438,-594.4268798828125,138.765438972891,141.5046097806627,-37.50003685787925,439.0000059064265,179.9999970025832,0.9843137264251709,0.95686274766922,0.6274510025978088,calibrated_uv_reprojection_plus_stereo_left
140.19171142578125,-100.22356414794922,-594.6343383789062,138.11346684432567,140.26995742923623,-37.619941380912735,440.0000071875319,180.00000001292915,0.9686274528503418,0.9450980424880981,0.615686297416687,calibrated_uv_reprojection_plus_stereo_left
141.42904663085938,-100.19339752197266,-594.4320068359375,137.2973628483008,139.26457497559312,-37.441012787063585,440.9999966924278,180.00000365246999,0.9843137264251709,0.9254902005195618,0.6117647290229797,calibrated_uv_reprojection_plus_stereo_left
142.6445770263672,-100.14839172363281,-594.1416015625,136.44660820350128,138.3094062572382,-37.197879717622016,442.0000008500174,180.00000059052778,0.9372549057006836,0.843137264251709,0.529411792755127,calibrated_uv_reprojection_plus_stereo_left
143.9083251953125,-100.1376724243164,-594.0546264648438,135.67712967809712,137.24011634125407,-37.10308748682513,443.00000254656413,179.99999889448117,0.9411764740943909,0.7921568751335144,0.4901960790157318,calibrated_uv_reprojection_plus_stereo_left
145.1361846923828,-100.1023178100586,-593.821533203125,134.8499875950394,136.25389099502604,-36.90177914891666,444.0000073259283,179.99999970139584,0.9372549057006836,0.7882353067398071,0.48627451062202454,calibrated_uv_reprojection_plus_stereo_left
146.43841552734375,-100.11837005615234,-593.8934326171875,134.14350575583683,135.094759472649,-36.922821803755255,444.99999671233985,180.0000053472691,0.9450980424880981,0.7843137383460999,0.4745098054409027,calibrated_uv_reprojection_plus_stereo_left
147.75904846191406,-100.14655303955078,-594.0371704101562,133.46495274349724,133.89412326588132,-36.99620563968864,446.00000610632225,179.99999675726895,0.9450980424880981,0.7843137383460999,0.4745098054409027,calibrated_uv_reprojection_plus_stereo_left
149.0322265625,-100.14230346679688,-593.9885864257812,132.7106222702203,132.80300970584932,-36.92940097916318,447.0000002424691,179.99999672895922,0.9372549057006836,0.7843137383460999,0.48627451062202454,calibrated_uv_reprojection_plus_stereo_left
150.7518310546875,-100.43547821044922,-595.7041015625,132.64492365448706,130.6976282419527,-38.14827580905097,448.0000009694656,179.9999983397305,0.9764705896377563,0.8274509906768799,0.529411792755127,calibrated_uv_reprojection_plus_stereo_left
152.77232360839844,-100.92240905761719,-598.568603515625,133.02195691128247,127.92282162330895,-40.20428365996054,449.0000093482522,179.99999499585897,0.9019607901573181,0.8588235378265381,0.8117647171020508,calibrated_uv_reprojection_plus_stereo_left
154.656494140625,-101.31182861328125,-600.8546142578125,133.16740216860813,125.47185404564516,-41.838444652686974,450.0000015233764,179.99999849596782,0.9098039269447327,0.8705882430076599,0.8392156958580017,calibrated_uv_reprojection_plus_stereo_left
156.14756774902344,-101.43934631347656,-601.5872192382812,132.70645521379237,123.91400681920032,-42.34047976222121,450.999999007972,180.00000066165154,0.8078431487083435,0.7882353067398071,0.7647058963775635,calibrated_uv_reprojection_plus_stereo_left
159.25253295898438,-102.6045150756836,-608.4733276367188,134.6151671955696,118.76886672702659,-47.32581481575437,451.9999931265101,180.0000034859811,0.5215686559677124,0.501960813999176,0.48235294222831726,calibrated_uv_reprojection_plus_stereo_left
160.757080078125,-102.72787475585938,-609.1808471679688,134.13309651564697,117.20818257073682,-47.80907803593533,453.0000071205284,179.9999975114908,0.7607843279838562,0.7411764860153198,0.7215686440467834,calibrated_uv_reprojection_plus_stereo_left
162.13233947753906,-102.7672348022461,-609.3902587890625,133.45842890344522,115.93670588718152,-47.92940297759071,453.9999987444617,179.99999836568708,0.7568627595901489,0.7372549176216125,0.7176470756530762,calibrated_uv_reprojection_plus_stereo_left
163.5413360595703,-102.82710266113281,-609.7212524414062,132.82952338173646,114.59274064882112,-48.13826457077624,455.0000031214847,179.99999919932043,0.7019608020782471,0.6705882549285889,0.6352941393852234,calibrated_uv_reprojection_plus_stereo_left
164.57350158691406,-102.65091705322266,-608.652587890625,131.6671920270752,114.0732106717764,-47.327606802270225,455.9999968960421,180.00000176738322,0.8235294222831726,0.7921568751335144,0.7568627595901489,calibrated_uv_reprojection_plus_stereo_left
166.13902282714844,-102.80750274658203,-609.5570068359375,131.25560268116118,112.3896181136891,-47.95410114417973,456.9999964779966,179.99999987062728,0.8627451062202454,0.8313725590705872,0.7490196228027344,calibrated_uv_reprojection_plus_stereo_left
167.55328369140625,-102.86869812011719,-609.8958129882812,130.62786653948757,111.0382993271154,-48.168576083921266,457.9999997608986,180.00000051143104,0.7803921699523926,0.7490196228027344,0.658823549747467,calibrated_uv_reprojection_plus_stereo_left
127.7444839477539,-101.25387573242188,-608.7705078125,151.84111426793731,146.63032346119024,-48.98364179221852,428.0000042464704,180.99999709454892,0.41960784792900085,0.21176470816135406,0.01568627543747425,calibrated_uv_reprojection_plus_stereo_left
127.8061294555664,-100.27549743652344,-602.8648071289062,148.65477086883925,148.66594416319037,-44.635102788930965,429.0000010971176,180.99999849369206,0.772549033164978,0.48235294222831726,0.26274511218070984,calibrated_uv_reprojection_plus_stereo_left
129.02976989746094,-100.21922302246094,-602.5031127929688,147.7617205628261,147.72872144515793,-44.33903096803692,429.9999997569413,180.99999990103348,0.8588235378265381,0.545098066329956,0.3176470696926117,calibrated_uv_reprojection_plus_stereo_left
130.35305786132812,-100.24061584472656,-602.6083374023438,147.06079339559358,146.5395708769106,-44.38421547755138,431.0000052116226,180.99999986725095,0.8941176533699036,0.5254902243614197,0.2862745225429535,calibrated_uv_reprojection_plus_stereo_left
131.1999969482422,-99.89881896972656,-600.5302734375,145.46746662607075,146.53747310754636,-42.833952089319666,432.0000022373808,180.9999993320134,0.9137254953384399,0.529411792755127,0.29019609093666077,calibrated_uv_reprojection_plus_stereo_left
132.4512939453125,-99.86849212646484,-600.3246459960938,144.64186904880307,145.5209608760976,-42.652080206795915,433.0000086753807,180.9999969013686,0.9215686321258545,0.5411764979362488,0.2862745225429535,calibrated_uv_reprojection_plus_stereo_left
133.5847930908203,-99.75072479248047,-599.593505859375,143.60326138922784,144.79290950926315,-42.0862704208468,433.99999381239763,181.00000379585003,0.9372549057006836,0.5568627715110779,0.2980392277240753,calibrated_uv_reprojection_plus_stereo_left
134.67242431640625,-99.60120391845703,-598.6714477539062,142.48904173087976,144.1723204970611,-41.3810398553976,435.00000961302635,180.99999645373083,0.8666666746139526,0.6196078658103943,0.3294117748737335,calibrated_uv_reprojection_plus_stereo_left
135.80137634277344,-99.48472595214844,-597.9481811523438,141.45723536259737,143.44544264091832,-40.8211373147189,435.9999934198863,181.00000466138195,0.8941176533699036,0.6627451181411743,0.3686274588108063,calibrated_uv_reprojection_plus_stereo_left
136.85292053222656,-99.3141860961914,-596.89990234375,140.29631718267086,142.90091964255578,-40.023877122720194,437.00000527144095,180.9999946336738,0.8549019694328308,0.7019608020782471,0.38823530077934265,calibrated_uv_reprojection_plus_stereo_left
137.904296875,-99.1466293334961,-595.8697509765625,139.1451524488084,142.3501380259671,-39.23997448959909,437.99999372905717,181.0000002934189,0.8666666746139526,0.7176470756530762,0.40392157435417175,calibrated_uv_reprojection_plus_stereo_left
138.93336486816406,-98.96619415283203,-594.76220703125,137.96546553722743,141.84615036463254,-38.399642935201655,439.00000213674116,180.99999651001139,0.8235294222831726,0.7098039388656616,0.4000000059604645,calibrated_uv_reprojection_plus_stereo_left
140.1680908203125,-98.93414306640625,-594.5465087890625,137.1439706686944,140.84762851436113,-38.21076535109802,440.00000343231767,180.99999874714274,0.7607843279838562,0.6509804129600525,0.34117648005485535,calibrated_uv_reprojection_plus_stereo_left
141.3681182861328,-98.87834167480469,-594.1881103515625,136.26618642298325,139.92979596238786,-37.91769664145056,440.9999958648312,181.0000021240255,0.9215686321258545,0.7960784435272217,0.4901960790157318,calibrated_uv_reprojection_plus_stereo_left
142.57049560546875,-98.8250961303711,-593.8450927734375,135.3952646599123,139.00447641022527,-37.63589196410993,441.99999654008803,181.0000053099924,0.9333333373069763,0.8078431487083435,0.49803921580314636,calibrated_uv_reprojection_plus_stereo_left
143.81568908691406,-98.80215454101562,-593.6841430664062,134.59699782795258,137.9774712766271,-37.487054803661294,442.99999619479956,181.0000024543735,0.9490196108818054,0.7803921699523926,0.4745098054409027,calibrated_uv_reprojection_plus_stereo_left
145.1134796142578,-98.81536102294922,-593.7404174804688,133.8845406163482,136.82783322946295,-37.49682964100782,444.0000006530549,181.00000175759754,0.9490196108818054,0.7803921699523926,0.4745098054409027,calibrated_uv_reprojection_plus_stereo_left
146.45376586914062,-98.85696411132812,-593.96728515625,133.23879548725807,135.58085005048486,-37.631136246595645,444.9999996592138,180.99999900586,0.9529411792755127,0.7803921699523926,0.47058823704719543,calibrated_uv_reprojection_plus_stereo_left
147.75596618652344,-98.87228393554688,-594.0362548828125,132.5305866272434,134.42288341751072,-37.65015000986057,446.00000673917407,181.0000010013277,0.95686274766922,0.7803921699523926,0.4745098054409027,calibrated_uv_reprojection_plus_stereo_left
149.07728576660156,-98.89997863769531,-594.1795654296875,131.8511047222272,133.22197375402828,-37.723418146091774,446.99999241929333,181.0000033084392,0.9098039269447327,0.7411764860153198,0.45490196347236633,calibrated_uv_reprojection_plus_stereo_left
150.83984375,-99.21735382080078,-596.0631103515625,131.8477179797452,131.0213123777056,-39.066864845196164,448.00000726972644,180.99999919793106,0.9882352948188782,0.8196078538894653,0.5333333611488342,calibrated_uv_reprojection_plus_stereo_left
152.72360229492188,-99.60836791992188,-598.388916015625,132.01096171856852,128.55868748979378,-40.732895600510915,449.00000218679924,180.99999909589877,0.9019607901573181,0.8588235378265381,0.8235294222831726,calibrated_uv_reprojection_plus_stereo_left
154.69171142578125,-100.04732513427734,-601.0025024414062,132.27950159531036,125.92082335364773,-42.60869436279751,450.00000614318856,180.99999413716148,0.9098039269447327,0.8666666746139526,0.8392156958580017,calibrated_uv_reprojection_plus_stereo_left
156.0277557373047,-100.07353210449219,-601.1365966796875,131.5866745587876,124.71035818778984,-42.67482192875883,450.99999713615455,181.00000002065605,0.7960784435272217,0.7686274647712708,0.7450980544090271,calibrated_uv_reprojection_plus_stereo_left
159.26324462890625,-101.30747985839844,-608.525146484375,133.67788127371455,119.27998016933344,-48.03444492535232,452.0000097415587,180.999995003299,0.5098039507865906,0.48235294222831726,0.4588235318660736,calibrated_uv_reprojection_plus_stereo_left
160.6236114501953,-101.33818817138672,-608.6859741210938,132.98540221728308,118.0388850680365,-48.11965770197594,452.99999820176765,181.00000162103441,0.7176470756530762,0.6980392336845398,0.6705882549285889,calibrated_uv_reprojection_plus_stereo_left
162.05819702148438,-101.41477966308594,-609.122314453125,132.39747236948983,116.63570932220784,-48.40585371973037,454.0000015815991,181.00000102703586,0.7764706015586853,0.7568627595901489,0.7254902124404907,calibrated_uv_reprojection_plus_stereo_left
163.5447235107422,-101.52232360839844,-609.7445068359375,131.87899188565416,115.12156853390968,-48.82758317354893,455.00000466724157,180.99999900251214,0.8235294222831726,0.7882353067398071,0.7254902124404907,calibrated_uv_reprojection_plus_stereo_left
164.73892211914062,-101.44808197021484,-609.27490234375,130.94520954453378,114.24815025350506,-48.4527987053869,455.99999233773895,180.99999941068845,0.8666666746139526,0.8352941274642944,0.7686274647712708,calibrated_uv_reprojection_plus_stereo_left
166.21522521972656,-101.54728698730469,-609.8469848632812,130.40583727688596,112.76063867870363,-48.837895563432085,456.9999977869366,181.0000014124654,0.7333333492279053,0.6509804129600525,0.4941176474094391,calibrated_uv_reprojection_plus_stereo_left
127.80931091308594,-98.98893737792969,-602.8941650390625,147.7202507357207,149.1856912112903,-45.32007871335236,429.00000291261284,181.99999490099853,0.8117647171020508,0.49803921580314636,0.27843138575553894,calibrated_uv_reprojection_plus_stereo_left
129.02407836914062,-98.92648315429688,-602.49072265625,146.81056274888573,148.27064643747286,-44.99310095156767,429.9999966643862,181.99999737947488,0.8745098114013672,0.529411792755127,0.30980393290519714,calibrated_uv_reprojection_plus_stereo_left
130.35545349121094,-98.95370483398438,-602.6334228515625,146.124707088045,147.06136519720621,-45.06588111450441,431.00000172899604,181.99999786754825,0.9058823585510254,0.5254902243614197,0.29019609093666077,calibrated_uv_reprojection_plus_stereo_left
131.17825317382812,-98.59806060791016,-600.4445190429688,144.48942178001573,147.11759872439092,-43.43226158314366,432.0000006280636,181.99999772816386,0.9254902005195618,0.5372549295425415,0.2980392277240753,calibrated_uv_reprojection_plus_stereo_left
132.43927001953125,-98.575439453125,-600.2837524414062,143.68237816255896,146.07665436300374,-43.28304862645331,433.00000541268787,181.99999758744224,0.9098039269447327,0.5411764979362488,0.27843138575553894,calibrated_uv_reprojection_plus_stereo_left
133.63636779785156,-98.50607299804688,-599.83837890625,142.76049125005494,145.191788703891,-42.92559181712022,433.9999979144805,182.0000016185377,0.9058823585510254,0.5411764979362488,0.27450981736183167,calibrated_uv_reprojection_plus_stereo_left
134.77259826660156,-98.39352416992188,-599.1300659179688,141.73354932676955,144.45269483856327,-42.37578434638186,434.9999950584565,182.00000216649954,0.9098039269447327,0.545098066329956,0.27843138575553894,calibrated_uv_reprojection_plus_stereo_left
135.9595489501953,-98.31970977783203,-598.6576538085938,140.803086874114,143.58620193978066,-41.998640388165995,435.9999981135979,182.0000027915712,0.9333333373069763,0.5647059082984924,0.2980392277240753,calibrated_uv_reprojection_plus_stereo_left
136.9730987548828,-98.12300109863281,-597.4369506835938,139.5737532345065,143.13471450104532,-41.07409744766045,437.0000025354972,181.9999953506504,0.8666666746139526,0.6274510025978088,0.3333333432674408,calibrated_uv_reprojection_plus_stereo_left
138.00546264648438,-97.94322967529297,-596.319580078125,138.38861343459251,142.6303924510529,-40.22527996273345,437.9999898292129,182.0000034149001,0.8980392217636108,0.6627451181411743,0.3686274588108063,calibrated_uv_reprojection_plus_stereo_left
139.00772094726562,-97.74552154541016,-595.093017578125,137.1626172841348,142.19080503651236,-39.296696758119936,439.0000026670131,182.00000230531663,0.843137264251709,0.7019608020782471,0.38823530077934265,calibrated_uv_reprojection_plus_stereo_left
140.1094970703125,-97.62071228027344,-594.310302734375,136.11581439619363,141.50795469461417,-38.692876390810625,440.0000043377684,181.99999499175073,0.8392156958580017,0.7019608020782471,0.3843137323856354,calibrated_uv_reprojection_plus_stereo_left
141.2920684814453,-97.55387115478516,-593.880615234375,135.21058543377796,140.63019748967474,-38.347335504158536,441.0000006035549,181.9999975836534,0.95686274766922,0.7960784435272217,0.48627451062202454,calibrated_uv_reprojection_plus_stereo_left
142.52406311035156,-97.52197265625,-593.6636962890625,134.39026845515605,139.6343353151077,-38.15743950042281,442.0000003498544,182.0000035841197,0.9450980424880981,0.7843137383460999,0.4745098054409027,calibrated_uv_reprojection_plus_stereo_left
143.78306579589844,-97.50890350341797,-593.5613403320312,133.61545455248074,138.57452984164843,-38.05133215041724,442.9999988740823,182.0000006564013,0.9490196108818054,0.7803921699523926,0.47058823704719543,calibrated_uv_reprojection_plus_stereo_left
145.0911102294922,-97.52896118164062,-593.66064453125,132.91986290651715,137.40087060891005,-38.092689027871415,443.9999992430306,181.99999929944772,0.9450980424880981,0.7803921699523926,0.46666666865348816,calibrated_uv_reprojection_plus_stereo_left
146.43841552734375,-97.57476043701172,-593.9166259765625,132.28515964270076,136.13774541615754,-38.248587741925405,445.0000027475147,181.99999858381824,0.9647058844566345,0.7764706015586853,0.46666666865348816,calibrated_uv_reprojection_plus_stereo_left
147.74998474121094,-97.59609985351562,-594.023681640625,131.59167763466854,134.95828103734186,-38.2955711062159,446.0000077009566,181.99999444645982,0.9725490212440491,0.7843137383460999,0.4745098054409027,calibrated_uv_reprojection_plus_stereo_left
149.0485382080078,-97.60848236083984,-594.0762939453125,130.87666880690477,133.80936496445054,-38.30274449209401,447.00000011277245,182.00000096783498,0.8549019694328308,0.6705882549285889,0.3960784375667572,calibrated_uv_reprojection_plus_stereo_left
150.74159240722656,-97.87674713134766,-595.6861572265625,130.7644092692331,131.7674947801056,-39.4482617921596,447.99999695174864,181.99999943209218,0.9960784316062927,0.8156862854957581,0.5411764979362488,calibrated_uv_reprojection_plus_stereo_left
152.71527099609375,-98.32108306884766,-598.367431640625,131.0615800636129,129.1032516627797,-41.37675534333789,449.00000408771604,181.9999973462573,0.8941176533699036,0.8627451062202454,0.8274509906768799,calibrated_uv_reprojection_plus_stereo_left
154.62384033203125,-98.71635437011719,-600.7499389648438,131.2370555424364,126.60112020241343,-43.086595449262575,449.9999978678653,181.99999917996772,0.9019607901573181,0.8705882430076599,0.8352941274642944,calibrated_uv_reprojection_plus_stereo_left
156.09426879882812,-98.82759094238281,-601.40380859375,130.74357936596198,125.09040849281644,-43.53280901445038,451.0000006605968,182.00000218288574,0.8156862854957581,0.7843137383460999,0.7529411911964417,calibrated_uv_reprojection_plus_stereo_left
158.8386993408203,-99.73690795898438,-606.9140014648438,132.1047467227101,120.75693122351464,-47.527920688558424,452.00000111897293,181.99999730273217,0.6549019813537598,0.6235294342041016,0.5921568870544434,calibrated_uv_reprojection_plus_stereo_left
160.49124145507812,-99.95128631591797,-608.1951904296875,131.8408062713316,118.8663163563711,-48.432139846796474,453.00000057639863,182.00000080869972,0.7960784435272217,0.7647058963775635,0.7176470756530762,calibrated_uv_reprojection_plus_stereo_left
162.07444763183594,-100.11930084228516,-609.194091796875,131.46636891834015,117.13566955434374,-49.1299475847004,454.0000108864354,181.99999472788335,0.8627451062202454,0.8313725590705872,0.7843137383460999,calibrated_uv_reprojection_plus_stereo_left
163.43618774414062,-100.14884948730469,-609.3505249023438,130.7704395250786,115.89511342308447,-49.21211595522033,454.99999528643843,182.00000121687464,0.8352941274642944,0.7568627595901489,0.6352941393852234,calibrated_uv_reprojection_plus_stereo_left
164.93197631835938,-100.25934600830078,-609.9993896484375,130.25979389635415,114.36409075353623,-49.65402025444473,455.99999835649635,182.000000593785,0.6509804129600525,0.572549045085907,0.4470588266849518,calibrated_uv_reprojection_plus_stereo_left
127.80455017089844,-97.69615173339844,-602.8860473632812,146.7702845076209,149.72560663128132,-45.97765948215152,429.0000066734367,182.99999861709563,0.8352941274642944,0.501960813999176,0.27450981736183167,calibrated_uv_reprojection_plus_stereo_left
129.05349731445312,-97.66033935546875,-602.6422729492188,145.9262960180725,148.7242877599906,-45.767333139759444,429.9999960330656,182.9999999820741,0.886274516582489,0.5254902243614197,0.3019607961177826,calibrated_uv_reprojection_plus_stereo_left
130.3746795654297,-97.67926788330078,-602.7362670898438,145.2201428700547,147.54118966936971,-45.80460929783959,431.00000681934114,182.99999780357166,0.8980392217636108,0.545098066329956,0.2823529541492462,calibrated_uv_reprojection_plus_stereo_left
131.15928649902344,-97.2997055053711,-600.3714599609375,143.51677585631546,147.69069536844682,-44.039698370020915,432.0000012003299,182.99999939342888,0.9450980424880981,0.5921568870544434,0.32156863808631897,calibrated_uv_reprojection_plus_stereo_left
132.4249267578125,-97.28083801269531,-600.2322998046875,142.71873283257878,146.63801662275375,-43.9061945864911,433.00000975633407,182.99999455992963,0.9254902005195618,0.5568627715110779,0.30980393290519714,calibrated_uv_reprojection_plus_stereo_left
133.6780548095703,-97.25316619873047,-600.0388793945312,141.89906127230256,145.6153332490166,-43.732941296613376,434.000002164769,182.9999965045837,0.9019607901573181,0.5333333611488342,0.2862745225429535,calibrated_uv_reprojection_plus_stereo_left
134.84982299804688,-97.16732025146484,-599.486572265625,140.93557536917314,144.78980477139066,-43.29671554364239,434.99999952717513,183.00000036669303,0.9176470637321472,0.529411792755127,0.2705882489681244,calibrated_uv_reprojection_plus_stereo_left
136.04425048828125,-97.09920501708984,-599.0436401367188,140.017146441141,143.90604722288498,-42.940681840047944,436.00000318868,182.99999779465645,0.9215686321258545,0.5333333611488342,0.2705882489681244,calibrated_uv_reprojection_plus_stereo_left
137.03907775878906,-96.89117431640625,-597.7376098632812,138.7551060655377,143.49985899108873,-41.95231263139016,437.0000008919718,182.99999941572494,0.9137254953384399,0.5411764979362488,0.29411765933036804,calibrated_uv_reprojection_plus_stereo_left
138.0703582763672,-96.71247100830078,-596.6126098632812,137.56823039714385,142.9982153590036,-41.096705938128196,438.00000253675637,183.0000031102444,0.9333333373069763,0.5568627715110779,0.30980393290519714,calibrated_uv_reprojection_plus_stereo_left
139.05592346191406,-96.50527954101562,-595.3118896484375,136.3143127515866,142.59821656745197,-40.11247783068319,439.0000007424437,182.9999982904659,0.8156862854957581,0.6666666865348816,0.3529411852359772,calibrated_uv_reprojection_plus_stereo_left
140.07638549804688,-96.32579040527344,-594.1821899414062,135.13113743441232,142.1076426571094,-39.253662638419485,440.000003155634,182.9999991457981,0.8745098114013672,0.7254902124404907,0.4117647111415863,calibrated_uv_reprojection_plus_stereo_left
141.2186737060547,-96.23250579833984,-593.5842895507812,134.16034043015105,141.32382200475485,-38.78449081364039,441.0000012813439,182.99999843795445,0.95686274766922,0.7960784435272217,0.48627451062202454,calibrated_uv_reprojection_plus_stereo_left
142.49911499023438,-96.23412322998047,-593.5718383789062,133.42102962539929,140.21366151347723,-38.744178353538985,441.9999940960869,183.00000432340664,0.9450980424880981,0.7843137383460999,0.4745098054409027,calibrated_uv_reprojection_plus_stereo_left
143.75936889648438,-96.22212982177734,-593.475341796875,132.64870049414998,139.15065223043672,-38.642301482777896,443.0000093794403,182.9999982381617,0.9529411792755127,0.7843137383460999,0.45098039507865906,calibrated_uv_reprojection_plus_stereo_left
145.07345581054688,-96.24600982666016,-593.6001586914062,131.96295380595507,137.96288188693558,-38.70250763897417,443.9999982614815,182.9999996255114,0.9529411792755127,0.7843137383460999,0.45098039507865906,calibrated_uv_reprojection_plus_stereo_left
146.38275146484375,-96.26624298095703,-593.7024536132812,131.26800426533822,136.7872090475796,-38.74620175603434,445.00000700185035,182.99999879297965,0.9647058844566345,0.7764706015586853,0.46666666865348816,calibrated_uv_reprojection_plus_stereo_left
147.71536254882812,-96.30126953125,-593.89599609375,130.60811144485825,135.55912241896198,-38.85669569037566,446.0000010706617,183.00000134868137,0.9607843160629272,0.772549033164978,0.46666666865348816,calibrated_uv_reprojection_plus_stereo_left
149.04891967773438,-96.33625030517578,-594.0891723632812,129.94749084884916,134.33033682960797,-38.966890793497896,446.99999818701326,182.99999553652117,0.8549019694328308,0.6666666865348816,0.3960784375667572,calibrated_uv_reprojection_plus_stereo_left
150.60498046875,-96.51314544677734,-595.1575317382812,129.62377353005456,132.59979881514624,-39.7177953399958,447.999999523147,182.99999898568294,0.9882352948188782,0.8117647171020508,0.545098066329956,calibrated_uv_reprojection_plus_stereo_left
152.600341796875,-96.96613311767578,-597.9282836914062,129.95169954242238,129.88760063753892,-41.71482761187724,449.0000029090777,183.0000012219492,0.8980392217636108,0.8666666746139526,0.8156862854957581,calibrated_uv_reprojection_plus_stereo_left
154.57640075683594,-97.3993148803711,-600.57666015625,130.2257620377352,127.23528010829335,-43.62198124059097,450.000007167694,182.99999887601535,0.886274516582489,0.8549019694328308,0.8039215803146362,calibrated_uv_reprojection_plus_stereo_left
156.33042907714844,-97.6865005493164,-602.3246459960938,130.14926958751494,125.09317933928952,-44.86981114523053,451.0000076010019,182.99999780393438,0.8627451062202454,0.8352941274642944,0.7960784435272217,calibrated_uv_reprojection_plus_stereo_left
158.34951782226562,-98.13316345214844,-605.0557861328125,130.44260861513368,122.37427075579541,-46.8370213302091,451.9999997081443,182.9999976883259,0.8549019694328308,0.8274509906768799,0.7882353067398071,calibrated_uv_reprojection_plus_stereo_left
160.27972412109375,-98.517822265625,-607.4044189453125,130.58391209994903,119.86737793129168,-48.52400129178233,453.000008868102,182.99999574614677,0.8941176533699036,0.843137264251709,0.7450980544090271,calibrated_uv_reprojection_plus_stereo_left
161.89442443847656,-98.7038345336914,-608.5282592773438,130.25606443848778,118.06627007696113,-49.314443129053075,453.9999918377242,183.00000409985205,0.7333333492279053,0.6745098233222961,0.5764706134796143,calibrated_uv_reprojection_plus_stereo_left
127.85910034179688,-96.44813537597656,-603.1577758789062,145.9343961214518,150.115623174483,-46.84069501336984,429.0000014212981,183.9999998524903,0.8352941274642944,0.49803921580314636,0.2705882489681244,calibrated_uv_reprojection_plus_stereo_left
129.03091430664062,-96.35469818115234,-602.5509643554688,144.9428597700802,149.30874292578613,-46.363609142162375,429.99999975712814,183.99999842891418,0.886274516582489,0.5254902243614197,0.3019607961177826,calibrated_uv_reprojection_plus_stereo_left
130.30755615234375,-96.34054565429688,-602.4400024414062,144.15357528522878,148.2365074803173,-46.25058812050702,430.9999955418031,183.99999974541157,0.9098039269447327,0.529411792755127,0.2666666805744171,calibrated_uv_reprojection_plus_stereo_left
131.14337158203125,-96.00387573242188,-600.3123168945312,142.54996354731912,148.2561255282364,-44.657195902469994,432.000010247683,183.99999777751543,0.9647058844566345,0.5803921818733215,0.3137255012989044,calibrated_uv_reprojection_plus_stereo_left
132.32066345214844,-95.92125701904297,-599.7733154296875,141.59115565730713,147.42066635960913,-44.23011260807624,433.000005033903,183.99999644283002,0.9529411792755127,0.6000000238418579,0.32156863808631897,calibrated_uv_reprojection_plus_stereo_left
133.4871826171875,-95.8324203491211,-599.1954956054688,140.61797979437085,146.6082161095162,-43.774592229756365,434.0000038065009,183.99999796013265,0.886274516582489,0.5372549295425415,0.25882354378700256,calibrated_uv_reprojection_plus_stereo_left
134.67567443847656,-95.7608413696289,-598.7256469726562,139.6893296826039,145.73872950395423,-43.39836978932192,434.9999902951739,184.00000333620596,0.9058823585510254,0.5215686559677124,0.2549019753932953,calibrated_uv_reprojection_plus_stereo_left
135.95191955566406,-95.7523422241211,-598.650146484375,138.91903062173895,144.6543854075283,-43.31157439101867,436.00000001643485,184.0000009367077,0.9058823585510254,0.5215686559677124,0.2549019753932953,calibrated_uv_reprojection_plus_stereo_left
137.02163696289062,-95.59984588623047,-597.6744384765625,137.79081644027605,144.06590777777006,-42.564224521146855,436.9999948153924,184.000003096857,0.9254902005195618,0.5137255191802979,0.26274511218070984,calibrated_uv_reprojection_plus_stereo_left
138.02610778808594,-95.40501403808594,-596.43408203125,136.5599802965254,143.62714699394496,-41.62278558109358,438.0000029287253,183.99999865458028,0.929411768913269,0.5215686559677124,0.2666666805744171,calibrated_uv_reprojection_plus_stereo_left
139.06173706054688,-95.23504638671875,-595.3493041992188,135.39358901915278,143.10663901713053,-40.795622147407244,438.9999973843387,184.0000009478751,0.8039215803146362,0.6039215922355652,0.30588236451148987,calibrated_uv_reprojection_plus_stereo_left
140.18496704101562,-95.1275634765625,-594.6551513671875,134.38366591282033,142.37271433503622,-40.25513751856636,439.9999970462743,183.99999659736847,0.9058823585510254,0.7058823704719543,0.40784314274787903,calibrated_uv_reprojection_plus_stereo_left
141.38612365722656,-95.07434844970703,-594.3003540039062,133.50861570864072,141.45180525529304,-39.9636715198144,440.999994745303,184.00000276515152,0.95686274766922,0.7882353067398071,0.4745098054409027,calibrated_uv_reprojection_plus_stereo_left
142.68812561035156,-95.0892333984375,-594.3711547851562,132.8009556039351,140.29366792033352,-39.984416880892184,442.0000014606767,183.9999969999438,0.9490196108818054,0.7803921699523926,0.46666666865348816,calibrated_uv_reprojection_plus_stereo_left
143.9669647216797,-95.08848571777344,-594.3442993164062,132.0548952134073,139.18998707812545,-39.93352727038433,443.0000001178929,183.9999991400806,0.9647058844566345,0.7764706015586853,0.45490196347236633,calibrated_uv_reprojection_plus_stereo_left
145.13226318359375,-95.01335906982422,-593.8525390625,131.1279349862341,138.34837921188313,-39.54166352538499,443.9999969149188,183.99999877141474,0.9647058844566345,0.7803921699523926,0.45490196347236633,calibrated_uv_reprojection_plus_stereo_left
146.4130401611328,-95.01441955566406,-593.8369750976562,130.38674028456643,137.2390451236525,-39.49907329365482,444.99999472661966,183.9999978868222,0.9607843160629272,0.772549033164978,0.4627451002597809,calibrated_uv_reprojection_plus_stereo_left
147.73175048828125,-95.03978729248047,-593.9733276367188,129.70418219579545,136.04334962193064,-39.56788257035856,446.0000080665563,183.99999766061228,0.9450980424880981,0.7568627595901489,0.45098039507865906,calibrated_uv_reprojection_plus_stereo_left
149.0646514892578,-95.07372283935547,-594.1632080078125,129.0418133281022,134.81650633871567,-39.6759230410392,447.0000019371914,183.99999698949244,0.8745098114013672,0.6941176652908325,0.4156862795352936,calibrated_uv_reprojection_plus_stereo_left
150.5324249267578,-95.19229888916016,-594.882080078125,128.58202521759534,133.28652229221348,-40.171806658516346,447.9999918596874,184.0000048662311,0.9764705896377563,0.8039215803146362,0.5372549295425415,calibrated_uv_reprojection_plus_stereo_left
152.33901977539062,-95.5212631225586,-596.91552734375,128.6236005691294,131.00001684188334,-41.63139305966871,448.9999969515974,184.000001446461,0.9098039269447327,0.8549019694328308,0.7960784435272217,calibrated_uv_reprojection_plus_stereo_left
154.3997039794922,-96.00263977050781,-599.9012451171875,129.02339958297352,128.15796985618107,-43.7888780983597,450.0000000204692,184.00000194379248,0.9019607901573181,0.843137264251709,0.7882353067398071,calibrated_uv_reprojection_plus_stereo_left
156.254150390625,-96.34880065917969,-602.0418090820312,129.09424139994297,125.79220140302664,-45.32650078118098,450.9999929944448,183.99999961105578,0.9098039269447327,0.8627451062202454,0.800000011920929,calibrated_uv_reprojection_plus_stereo_left
158.355224609375,-96.84000396728516,-605.0885009765625,129.50317454281026,122.89358776170667,-47.52808656061825,452.000000769322,183.99999958587097,0.843137264251709,0.7921568751335144,0.7215686440467834,calibrated_uv_reprojection_plus_stereo_left
160.41229248046875,-97.29643249511719,-607.9176635742188,129.82224712087321,120.10965983165039,-49.56990794863941,453.00000599680163,183.99999688475472,0.6980392336845398,0.5960784554481506,0.4313725531101227,calibrated_uv_reprojection_plus_stereo_left
127.93577575683594,-95.21540832519531,-603.5338745117188,145.14001714408954,150.4503107097671,-47.78107901209978,428.99999914665034,184.99999701115482,0.8392156958580017,0.4941176474094391,0.2549019753932953,calibrated_uv_reprojection_plus_stereo_left
129.03134155273438,-95.0663833618164,-602.567138671875,144.0032026788483,149.83537080698352,-47.03872312413324,429.9999984235408,185.00000056894328,0.8901960849761963,0.5215686559677124,0.2823529541492462,calibrated_uv_reprojection_plus_stereo_left
130.2899627685547,-95.0391845703125,-602.3726196289062,143.18027119387114,148.80803076111437,-46.86419912236232,431.0000005541172,185.00000372061112,0.9019607901573181,0.5176470875740051,0.26274511218070984,calibrated_uv_reprojection_plus_stereo_left
131.11758422851562,-94.701171875,-600.2081298828125,141.5652201811011,148.84582955955358,-45.241460412722176,431.9999938549207,184.99999840949724,0.9725490212440491,0.5882353186607361,0.3294117748737335,calibrated_uv_reprojection_plus_stereo_left
132.27792358398438,-94.60762023925781,-599.5931396484375,140.57682108582196,148.0513052465622,-44.75797917429776,433.0000081420934,184.99999643051325,0.95686274766922,0.6235294342041016,0.33725491166114807,calibrated_uv_reprojection_plus_stereo_left
133.4699249267578,-94.53823852539062,-599.1314086914062,139.6511125292335,147.17554445551622,-44.387213970384266,434.0000057093155,184.99999953175524,0.9098039269447327,0.5764706134796143,0.29019609093666077,calibrated_uv_reprojection_plus_stereo_left
134.67604064941406,-94.48001861572266,-598.7404174804688,138.75463123357008,146.26271953154787,-44.06848348878657,435.00000288695514,184.9999994836367,0.9098039269447327,0.5254902243614197,0.25882354378700256,calibrated_uv_reprojection_plus_stereo_left
135.9197235107422,-94.44893646240234,-598.5214233398438,137.92734632890227,145.25695255075465,-43.87619689759197,435.99999964334984,184.99999945086324,0.9058823585510254,0.5215686559677124,0.2549019753932953,calibrated_uv_reprojection_plus_stereo_left
137.05111694335938,-94.341064453125,-597.8158569335938,136.90774805936832,144.51934963106885,-43.32635282965924,437.0000021564646,185.00000105791082,0.9137254953384399,0.5215686559677124,0.2549019753932953,calibrated_uv_reprojection_plus_stereo_left
138.09011840820312,-94.17212677001953,-596.723388671875,135.73700888490868,143.99768015141865,-42.49226785804257,438.00000020781727,185.00000183440167,0.9098039269447327,0.5254902243614197,0.25882354378700256,calibrated_uv_reprojection_plus_stereo_left
139.1265106201172,-94.00447845458984,-595.63916015625,134.57210890266578,143.4753951408914,-41.66434658527038,438.9999911679349,185.0000017166235,0.8196078538894653,0.6000000238418579,0.3019607961177826,calibrated_uv_reprojection_plus_stereo_left
140.2438507080078,-93.89400482177734,-594.917236328125,133.55193373442523,142.7557502917303,-41.1027274622557,440.0000050413402,184.99999751367247,0.9333333373069763,0.7137255072593689,0.4156862795352936,calibrated_uv_reprojection_plus_stereo_left
141.4456024169922,-93.84146881103516,-594.5625,132.67706553733467,141.83402630552473,-40.81094915968475,441.00000563139713,185.00000013484424,0.9529411792755127,0.7803921699523926,0.46666666865348816,calibrated_uv_reprojection_plus_stereo_left
142.75723266601562,-93.862060546875,-594.6710815429688,131.9836279033098,140.6543819113797,-40.859568281372106,441.99999961918195,185.00000125812016,0.9529411792755127,0.7803921699523926,0.46666666865348816,calibrated_uv_reprojection_plus_stereo_left
143.98036193847656,-93.82454681396484,-594.4115600585938,131.14673150560537,139.6807019522704,-40.637774417964636,442.99999054062175,185.00000570513555,0.9607843160629272,0.772549033164978,0.4588235318660736,calibrated_uv_reprojection_plus_stereo_left
145.1490020751953,-93.75243377685547,-593.9328002929688,130.22541986842208,138.83123539108664,-40.254962122071106,443.99999367100185,185.00000234123706,0.9647058844566345,0.7764706015586853,0.4588235318660736,calibrated_uv_reprojection_plus_stereo_left
146.40309143066406,-93.73622131347656,-593.8082275390625,129.44196869126296,137.78333865372133,-40.132337449978934,444.99999632408014,185.00000286062226,0.9607843160629272,0.772549033164978,0.45490196347236633,calibrated_uv_reprojection_plus_stereo_left
147.7145538330078,-93.75664520263672,-593.9157104492188,128.7480516850058,136.60422297372895,-40.18014443904491,445.99999927254737,184.99999982208755,0.95686274766922,0.7686274647712708,0.45490196347236633,calibrated_uv_reprojection_plus_stereo_left
149.07528686523438,-93.80765533447266,-594.2169799804688,128.12811681702402,135.31435003800397,-40.37024986244114,446.9999963645831,185.00000318815796,0.9215686321258545,0.7411764860153198,0.4470588266849518,calibrated_uv_reprojection_plus_stereo_left
150.617919921875,-93.97122955322266,-595.2311401367188,127.78000513230812,133.61644956336778,-41.083796241114385,448.00000034598816,184.9999959771752,0.9764705896377563,0.8039215803146362,0.5333333611488342,calibrated_uv_reprojection_plus_stereo_left
152.5513916015625,-94.37374877929688,-597.7587890625,128.00628306900848,131.048257110037,-42.90853389107525,449.00000494966974,185.00000121641244,0.9490196108818054,0.8470588326454163,0.7764706015586853,calibrated_uv_reprojection_plus_stereo_left
154.88502502441406,-95.01496124267578,-601.7980346679688,128.80063205669643,127.60231228134558,-45.84282534997078,449.99999440780704,185.00000275333898,0.9333333373069763,0.8313725590705872,0.7529411911964417,calibrated_uv_reprojection_plus_stereo_left
157.01373291015625,-95.52078247070312,-604.9794921875,129.2599374792872,124.6351835113075,-48.14693937343526,450.9999928715606,185.00000568120305,0.7803921699523926,0.7058823704719543,0.5647059082984924,calibrated_uv_reprojection_plus_stereo_left
159.30398559570312,-96.11567687988281,-608.7247924804688,129.92411521786812,121.32995294186685,-50.86462955632658,451.99999752135125,185.00000348794885,0.615686297416687,0.5333333611488342,0.38823530077934265,calibrated_uv_reprojection_plus_stereo_left
129.06838989257812,-93.80459594726562,-602.7543334960938,143.13243485888614,150.27040956650194,-47.83981421521747,429.99999748032747,186.00000354696218,0.8901960849761963,0.5215686559677124,0.2823529541492462,calibrated_uv_reprojection_plus_stereo_left
130.25315856933594,-93.72428894042969,-602.2164916992188,142.1715082153907,149.42716616836043,-47.412324816180046,430.9999926314789,186.00000311793443,0.9019607901573181,0.5176470875740051,0.25882354378700256,calibrated_uv_reprojection_plus_stereo_left
131.17881774902344,-93.46086883544922,-600.5021362304688,140.74033365287227,149.22049553968145,-46.11867521124026,432.0000045596622,186.00000077706417,0.9686274528503418,0.5882353186607361,0.32549020648002625,calibrated_uv_reprojection_plus_stereo_left
132.3413543701172,-93.3696517944336,-599.894287109375,139.7553283707294,148.42105978583794,-45.63980869221098,432.9999998494021,185.99999732727574,0.95686274766922,0.6196078658103943,0.3333333432674408,calibrated_uv_reprojection_plus_stereo_left
133.5281524658203,-93.29706573486328,-599.40625,138.81941987764822,147.55865203306791,-45.24920597553512,433.9999940780435,186.00000267901345,0.9647058844566345,0.6274510025978088,0.34117648005485535,calibrated_uv_reprojection_plus_stereo_left
134.70460510253906,-93.21863555908203,-598.880615234375,137.8696753585068,146.71837915618943,-44.830966800063095,435.0000049804635,185.99999785501885,0.929411768913269,0.5647059082984924,0.2862745225429535,calibrated_uv_reprojection_plus_stereo_left
135.92642211914062,-93.17272186279297,-598.56396484375,137.00383356736842,145.76561066657382,-44.56660406303132,436.00000031879944,185.99999976829127,0.8980392217636108,0.529411792755127,0.250980406999588,calibrated_uv_reprojection_plus_stereo_left
137.07701110839844,-93.07923889160156,-597.9417114257812,136.01809303343248,144.98160661128077,-44.07734582339492,436.9999968200782,185.99999715884985,0.9058823585510254,0.5215686559677124,0.26274511218070984,calibrated_uv_reprojection_plus_stereo_left
138.1699981689453,-92.94866943359375,-597.081298828125,134.9401052768411,144.33094814502346,-43.41288020366392,437.9999948058824,185.99999871224514,0.9019607901573181,0.5254902243614197,0.26274511218070984,calibrated_uv_reprojection_plus_stereo_left
139.20401000976562,-92.78112030029297,-595.9833984375,133.77101396318403,143.8145933370244,-42.57373505150849,439.00000561791944,185.99999952614618,0.843137264251709,0.5921568870544434,0.2980392277240753,calibrated_uv_reprojection_plus_stereo_left
140.30087280273438,-92.65808868408203,-595.1715087890625,132.71632160900407,143.14360694002374,-41.94515543319602,439.99999957314003,185.9999984276863,0.9764705896377563,0.7333333492279053,0.43921568989753723,calibrated_uv_reprojection_plus_stereo_left
141.4675750732422,-92.58291625976562,-594.6670532226562,131.7832925394655,142.3044209156306,-41.54285776463831,441.00000625964407,185.99999434246587,0.9647058844566345,0.7764706015586853,0.46666666865348816,calibrated_uv_reprojection_plus_stereo_left
142.73388671875,-92.57362365722656,-594.5858764648438,131.01577772611972,141.23065908915146,-41.45203561413746,442.00000022303175,186.0000036282886,0.9647058844566345,0.7764706015586853,0.46666666865348816,calibrated_uv_reprojection_plus_stereo_left
143.98672485351562,-92.55577850341797,-594.4496459960938,130.2270445369017,140.18785082618217,-41.320704995801464,443.00000665282715,185.9999974864678,0.9647058844566345,0.7764706015586853,0.4470588266849518,calibrated_uv_reprojection_plus_stereo_left
145.13723754882812,-92.47298431396484,-593.8963623046875,129.27760470055057,139.37981848949897,-40.882595187415404,444.0000032697221,185.99999954793765,0.9647058844566345,0.7764706015586853,0.4470588266849518,calibrated_uv_reprojection_plus_stereo_left
146.40521240234375,-92.46576690673828,-593.8284301757812,128.51611386988935,138.29997455944925,-40.80154541380898,444.99999871614193,185.99999546340354,0.9647058844566345,0.7764706015586853,0.4470588266849518,calibrated_uv_reprojection_plus_stereo_left
147.74795532226562,-92.50540924072266,-594.0615234375,127.87008219797225,137.0498881934073,-40.94191561717872,445.9999927222994,186.00000294804212,0.9647058844566345,0.7764706015586853,0.45490196347236633,calibrated_uv_reprojection_plus_stereo_left
149.19161987304688,-92.6069564819336,-594.6920166015625,127.37523303695382,135.5731113801104,-41.37452166904751,447.0000021562807,185.99999663411208,0.95686274766922,0.7803921699523926,0.4745098054409027,calibrated_uv_reprojection_plus_stereo_left
150.9526824951172,-92.90204620361328,-596.5653686523438,127.35214148421495,133.3858548784806,-42.7210808021444,447.9999992249659,186.0000007370925,0.9843137264251709,0.8078431487083435,0.5215686559677124,calibrated_uv_reprojection_plus_stereo_left
153.3428955078125,-93.5760269165039,-600.8714599609375,128.24796927824497,129.8010479168493,-45.856378707547606,449.0000013771887,185.99999747303355,0.9333333373069763,0.7764706015586853,0.6274510025978088,calibrated_uv_reprojection_plus_stereo_left
155.89060974121094,-94.3339614868164,-605.7163696289062,129.33692510774034,125.8909085283675,-49.387425098245274,449.9999928866285,186.00000242896428,0.7529411911964417,0.6000000238418579,0.4431372582912445,calibrated_uv_reprojection_plus_stereo_left
130.26611328125,-92.44534301757812,-602.2903442382812,141.25529330220496,149.92257695778358,-48.129704747564006,430.99999713736145,187.00000362996363,0.8941176533699036,0.5254902243614197,0.2549019753932953,calibrated_uv_reprojection_plus_stereo_left
131.2283935546875,-92.21111297607422,-600.7428588867188,139.89325385121015,149.62440299745737,-46.957256081199716,432.0000034901825,187.00000046983618,0.9647058844566345,0.6000000238418579,0.32549020648002625,calibrated_uv_reprojection_plus_stereo_left
132.40109252929688,-92.12779998779297,-600.1786499023438,138.9261912737108,148.80041699282282,-46.509934033381,433.00000172134924,186.9999973074768,0.9490196108818054,0.5882353186607361,0.29411765933036804,calibrated_uv_reprojection_plus_stereo_left
133.56564331054688,-92.0404052734375,-599.5879516601562,137.9499003491474,147.99275827803905,-46.04314212925027,433.9999933297772,187.00000173854036,0.929411768913269,0.5647059082984924,0.27450981736183167,calibrated_uv_reprojection_plus_stereo_left
134.75582885742188,-91.97210693359375,-599.1216430664062,137.0241447389393,147.11943530858127,-45.66810271045074,434.99999301715775,187.00000067380657,0.9333333373069763,0.545098066329956,0.26274511218070984,calibrated_uv_reprojection_plus_stereo_left
136.00979614257812,-91.94815063476562,-598.9442138671875,136.2133062217821,146.08992534416006,-45.506053436194236,435.9999920120172,187.00000059176602,0.9098039269447327,0.5215686559677124,0.239215686917305,calibrated_uv_reprojection_plus_stereo_left
137.14207458496094,-91.84307861328125,-598.2384033203125,135.1951552949285,145.35046739322667,-44.95455023113294,436.9999971321914,186.99999727936518,0.9137254953384399,0.5215686559677124,0.2549019753932953,calibrated_uv_reprojection_plus_stereo_left
138.2742156982422,-91.73979187011719,-597.5443115234375,134.18322103037514,144.6070476059054,-44.411756432647735,438.00000504153365,186.99999915376827,0.9019607901573181,0.5215686559677124,0.250980406999588,calibrated_uv_reprojection_plus_stereo_left
139.3098602294922,-91.57492065429688,-596.4491577148438,133.0162898496627,144.08738465202134,-43.57345374575806,438.99999768065516,187.0000017085003,0.8313725590705872,0.5568627715110779,0.250980406999588,calibrated_uv_reprojection_plus_stereo_left
140.36634826660156,-91.42657470703125,-595.461669921875,131.89386935130943,143.51205620355495,-42.81460045137061,439.9999909802471,186.9999996955134,0.9960784316062927,0.7411764860153198,0.43529412150382996,calibrated_uv_reprojection_plus_stereo_left
141.4753875732422,-91.31475067138672,-594.712158203125,130.866106705224,142.80805776926326,-42.23120961043679,440.99999368411557,187.00000371433612,0.9686274528503418,0.772549033164978,0.4627451002597809,calibrated_uv_reprojection_plus_stereo_left
142.7015838623047,-91.27981567382812,-594.46337890625,130.03376712612902,141.82758183393872,-42.01684236684662,441.99999645989385,187.0000004211806,0.9686274528503418,0.772549033164978,0.4588235318660736,calibrated_uv_reprojection_plus_stereo_left
143.96209716796875,-91.2671890258789,-594.3599243164062,129.25795810262872,140.76659417923628,-41.90957097935592,442.99999677994936,187.00000089956515,0.9686274528503418,0.7764706015586853,0.45098039507865906,calibrated_uv_reprojection_plus_stereo_left
145.1236114501953,-91.19251251220703,-593.8524169921875,128.32701574559866,139.93258424321698,-41.50463099089666,443.9999916540009,187.000003346923,0.9686274528503418,0.7764706015586853,0.45098039507865906,calibrated_uv_reprojection_plus_stereo_left
146.44871520996094,-91.2209701538086,-594.0164794921875,127.65446822562525,138.7221476898236,-41.59446218201123,445.00000205069966,186.99999902757423,0.9686274528503418,0.7764706015586853,0.45098039507865906,calibrated_uv_reprojection_plus_stereo_left
147.8354949951172,-91.28695678710938,-594.4249877929688,127.07474245077445,137.3728472687643,-41.864342898512405,445.9999931707597,187.0000051013259,0.9686274528503418,0.7764706015586853,0.45490196347236633,calibrated_uv_reprojection_plus_stereo_left
149.5671844482422,-91.56289672851562,-596.200439453125,127.01413388794971,135.24696670748824,-43.14101532485944,447.0000028037241,186.9999980804497,0.9607843160629272,0.7686274647712708,0.4745098054409027,calibrated_uv_reprojection_plus_stereo_left
151.80393981933594,-92.140625,-599.9408569335938,127.69441855941976,131.9967166987945,-45.86473680591632,448.00000158601506,187.0000040938557,0.8705882430076599,0.686274528503418,0.4000000059604645,calibrated_uv_reprojection_plus_stereo_left
154.62457275390625,-93.05995178222656,-605.905029296875,129.20616001486047,127.46330304725973,-50.22577208709873,448.9999958144047,186.99999912427447,0.7098039388656616,0.5411764979362488,0.32156863808631897,calibrated_uv_reprojection_plus_stereo_left
131.41464233398438,-91.05500793457031,-601.6093139648438,139.29418348909047,149.69227671671706,-48.25845340362372,431.99999577987387,188.00000493746313,0.8980392217636108,0.5176470875740051,0.25882354378700256,calibrated_uv_reprojection_plus_stereo_left
132.6058349609375,-90.98420715332031,-601.120361328125,138.3566851001355,148.82557354536704,-47.86608130285941,433.00000165090086,187.9999969794444,0.9019607901573181,0.5176470875740051,0.250980406999588,calibrated_uv_reprojection_plus_stereo_left
133.81639099121094,-90.92784881591797,-600.7269287109375,137.45801515900138,147.90881741402973,-47.54428814838258,434.00000683567845,187.99999759140738,0.8980392217636108,0.5176470875740051,0.250980406999588,calibrated_uv_reprojection_plus_stereo_left
135.02320861816406,-90.8699951171875,-600.3236694335938,136.5563466504828,146.9987325348432,-47.215278985794555,434.9999912514207,188.00000143466872,0.9098039269447327,0.5176470875740051,0.24705882370471954,calibrated_uv_reprojection_plus_stereo_left
136.20535278320312,-90.79670715332031,-599.8184204101562,135.61550618813595,146.1455722067907,-46.811008804532776,435.9999989354202,187.99999904567784,0.9098039269447327,0.5176470875740051,0.24705882370471954,calibrated_uv_reprojection_plus_stereo_left
137.39016723632812,-90.72648620605469,-599.33349609375,134.68375585216836,145.28302443137665,-46.42179261029986,437.00000372668705,188.00000040791593,0.9098039269447327,0.5176470875740051,0.24705882370471954,calibrated_uv_reprojection_plus_stereo_left
138.49002075195312,-90.6019287109375,-598.4896850585938,133.61307743589435,144.61917829392036,-45.767714764294396,437.9999953221925,188.00000335386682,0.9019607901573181,0.5176470875740051,0.24313725531101227,calibrated_uv_reprojection_plus_stereo_left
139.37841796875,-90.34253692626953,-596.7551879882812,132.19796496589453,144.4489844417655,-44.456306857226366,439.000004082639,187.99999479138282,0.8392156958580017,0.545098066329956,0.24705882370471954,calibrated_uv_reprojection_plus_stereo_left
140.51812744140625,-90.24921417236328,-596.1178588867188,131.2123808578636,143.67867408493953,-43.95483477415547,440.0000023950729,188.0000007832116,0.9960784316062927,0.729411780834198,0.4313725531101227,calibrated_uv_reprojection_plus_stereo_left
141.58889770507812,-90.1136474609375,-595.2014770507812,130.12042982164667,143.06536365980332,-43.247482181192254,441.0000018774433,187.99999818425462,0.9686274528503418,0.7764706015586853,0.45098039507865906,calibrated_uv_reprojection_plus_stereo_left
142.7654571533203,-90.04717254638672,-594.7415161132812,129.20645334948517,142.20132137703808,-42.87703004412543,441.99999591216186,187.99999838964874,0.9647058844566345,0.772549033164978,0.4470588266849518,calibrated_uv_reprojection_plus_stereo_left
144.0062713623047,-90.02197265625,-594.55419921875,128.39818295265866,141.18658006658592,-42.707800413740244,442.99999823215177,188.00000005896413,0.9647058844566345,0.7764706015586853,0.45098039507865906,calibrated_uv_reprojection_plus_stereo_left
144.9413604736328,-89.80772399902344,-593.1183471679688,127.11241303172586,140.87193720370635,-41.6173811071655,443.99999688680947,188.00000078904236,0.9686274528503418,0.7803921699523926,0.45098039507865906,calibrated_uv_reprojection_plus_stereo_left
146.4427032470703,-89.94493865966797,-594.003662109375,126.71558825468365,139.25757855078808,-42.239605099439416,445.00001140891055,187.99999882185705,0.9686274528503418,0.7803921699523926,0.45490196347236633,calibrated_uv_reprojection_plus_stereo_left
148.25881958007812,-90.2713851928711,-596.1385498046875,126.7916282144897,136.9348842245078,-43.78357002750852,446.0000099507123,187.99999439605966,0.9254902005195618,0.7372549176216125,0.41960784792900085,calibrated_uv_reprojection_plus_stereo_left
150.46144104003906,-90.8254623413086,-599.7765502929688,127.4319641381209,133.75329500593796,-46.43611701450146,447.00000433670857,187.9999995166591,0.7843137383460999,0.6039215922355652,0.3176470696926117,calibrated_uv_reprojection_plus_stereo_left
131.57095336914062,-89.8747329711914,-602.3386840820312,138.63809429223215,149.83527193957207,-49.46017760998791,431.9999995373699,188.9999976357597,0.8117647171020508,0.4901960790157318,0.21568627655506134,calibrated_uv_reprojection_plus_stereo_left
132.70338439941406,-89.76405334472656,-601.576171875,137.5923832415129,149.114177930415,-48.86498840642918,433.00000366254403,188.9999996297152,0.8666666746139526,0.5058823823928833,0.23137255012989044,calibrated_uv_reprojection_plus_stereo_left
133.8964080810547,-89.69603729248047,-601.099609375,136.6609815328435,148.2411978387209,-48.481318633973615,434.0000012175633,189.00000040122438,0.8823529481887817,0.5176470875740051,0.24313725531101227,calibrated_uv_reprojection_plus_stereo_left
135.10006713867188,-89.63630676269531,-600.6785888671875,135.7524331920148,147.33970211575655,-48.138760332920924,435.0000014896325,188.99999985990615,0.9058823585510254,0.5176470875740051,0.23529411852359772,calibrated_uv_reprojection_plus_stereo_left
136.2202911376953,-89.5228042602539,-599.8972778320312,134.70391683184192,146.63574931102096,-47.529862673486605,436.0000000496889,189.00000076951852,0.9058823585510254,0.5176470875740051,0.23529411852359772,calibrated_uv_reprojection_plus_stereo_left
137.38784790039062,-89.44217681884766,-599.3363037109375,133.74311199907078,145.81420186273505,-47.083934946092256,437.00000028089795,189.00000123646552,0.9098039269447327,0.5215686559677124,0.23529411852359772,calibrated_uv_reprojection_plus_stereo_left
138.46527099609375,-89.30484771728516,-598.3953857421875,132.6359399063768,145.2028381883605,-46.35718670774992,438.00000790987417,188.9999965247327,0.8980392217636108,0.5215686559677124,0.23529411852359772,calibrated_uv_reprojection_plus_stereo_left
139.40933227539062,-89.08477020263672,-596.900146484375,131.31627607692758,144.89975044133422,-45.22078818268096,438.999994087702,188.99999887370427,0.8549019694328308,0.5529412031173706,0.26274511218070984,calibrated_uv_reprojection_plus_stereo_left
140.4708251953125,-88.9429931640625,-595.9296264648438,130.20279386799552,144.31251819000977,-44.47237981075409,439.99999024273154,189.00000076179347,0.9960784316062927,0.7215686440467834,0.42352941632270813,calibrated_uv_reprojection_plus_stereo_left
141.53211975097656,-88.80358123779297,-594.9749755859375,129.0976986579106,143.71995337293197,-43.735792656199976,441.00000652053916,188.99999793593025,0.9647058844566345,0.772549033164978,0.4470588266849518,calibrated_uv_reprojection_plus_stereo_left
142.81907653808594,-88.80693054199219,-594.9769287109375,128.36185064533032,142.59930353459657,-43.70627039437363,441.99999889264524,189.00000540107084,0.9607843160629272,0.7686274647712708,0.4470588266849518,calibrated_uv_reprojection_plus_stereo_left
144.1778106689453,-88.85440063476562,-595.2743530273438,127.73888035412527,141.31372637900301,-43.895082419683376,442.99999741359477,189.00000002086256,0.9647058844566345,0.7764706015586853,0.4588235318660736,calibrated_uv_reprojection_plus_stereo_left
145.24143981933594,-88.72068786621094,-594.3580322265625,126.65241711197312,140.7058410572235,-43.18699069566543,444.0000043769926,189.0000016339523,0.9607843160629272,0.772549033164978,0.45490196347236633,calibrated_uv_reprojection_plus_stereo_left
147.0764923095703,-89.05636596679688,-596.586181640625,126.7627741258046,138.33625991773732,-44.80236678533578,444.9999990535189,189.0000000943638,0.8666666746139526,0.6784313917160034,0.364705890417099,calibrated_uv_reprojection_plus_stereo_left
149.27420043945312,-89.60384368896484,-600.2329711914062,127.40470561711815,135.1591565177941,-47.46563389658456,446.00000185038556,188.9999993282941,0.7215686440467834,0.5372549295425415,0.23529411852359772,calibrated_uv_reprojection_plus_stereo_left
132.8895263671875,-88.60101318359375,-602.4336547851562,136.98458591995228,149.18756688727092,-50.16238299797095,433.00000033918343,189.99999447013107,0.7254902124404907,0.3921568691730499,0.125490203499794,calibrated_uv_reprojection_plus_stereo_left
134.0323028564453,-88.49950408935547,-601.72314453125,135.96108655796013,148.43885439449957,-49.6049501643256,433.9999988704564,190.00000448492608,0.800000011920929,0.46666666865348816,0.20000000298023224,calibrated_uv_reprojection_plus_stereo_left
135.18955993652344,-88.40934753417969,-601.0897216796875,134.96935870708063,147.6508691085624,-49.104658382241894,435.00000789067974,189.99999823364243,0.8823529481887817,0.49803921580314636,0.22745098173618317,calibrated_uv_reprojection_plus_stereo_left
136.2903289794922,-88.28424072265625,-600.21875,133.88656404937126,146.99420544444058,-48.4285375501816,436.0000091089517,189.999995141978,0.8980392217636108,0.5137255191802979,0.24313725531101227,calibrated_uv_reprojection_plus_stereo_left
137.4479522705078,-88.1978988647461,-599.6114501953125,132.90818688594226,146.19687220124905,-47.94772988218949,436.9999937278589,190.00000038913146,0.9019607901573181,0.5137255191802979,0.23529411852359772,calibrated_uv_reprojection_plus_stereo_left
138.51852416992188,-88.0577392578125,-598.6383056640625,131.78959729336145,145.60182949497005,-47.19612790453283,437.9999997320152,190.00000381394796,0.8941176533699036,0.5215686559677124,0.239215686917305,calibrated_uv_reprojection_plus_stereo_left
139.51052856445312,-87.87062072753906,-597.345947265625,130.55016620713917,145.18556386763117,-46.208307375655465,439.00000078343857,190.00000158654757,0.8627451062202454,0.5568627715110779,0.26274511218070984,calibrated_uv_reprojection_plus_stereo_left
140.5205078125,-87.69806671142578,-596.1527099609375,129.35193389642347,144.71937418512096,-45.293992003911626,440.0000020438731,190.00000281112546,0.9882352948188782,0.7058823704719543,0.40784314274787903,calibrated_uv_reprojection_plus_stereo_left
141.66505432128906,-87.61180114746094,-595.5460815429688,128.38139941898385,143.93318507439398,-44.813995273095145,440.999995714589,190.00000177171486,0.9647058844566345,0.772549033164978,0.4431372582912445,calibrated_uv_reprojection_plus_stereo_left
142.9525146484375,-87.6146011352539,-595.544921875,127.64357671612028,142.81321258713467,-44.78218748510727,441.9999937568124,190.00000341248895,0.9647058844566345,0.772549033164978,0.4470588266849518,calibrated_uv_reprojection_plus_stereo_left
144.55279541015625,-87.80731201171875,-596.8345336914062,127.39720821228953,140.97456391827996,-45.70564874416789,442.9999955820017,189.9999972721996,0.9450980424880981,0.7529411911964417,0.43529412150382996,calibrated_uv_reprojection_plus_stereo_left
145.96713256835938,-87.88459777832031,-597.339599609375,126.84972408854226,139.56908871986167,-46.04838805873078,443.99999280256674,189.99999956884352,0.8156862854957581,0.6274510025978088,0.3176470696926117,calibrated_uv_reprojection_plus_stereo_left
148.0684814453125,-88.3704833984375,-600.6217041015625,127.35155730297286,136.60524395425495,-48.44601974256477,445.00000450126583,189.9999987845414,0.6627451181411743,0.47058823704719543,0.1921568661928177,calibrated_uv_reprojection_plus_stereo_left
135.29373168945312,-87.19007873535156,-601.5662231445312,134.21042576743656,147.92744655181042,-50.119950859761275,435.00000005716487,190.99999976468996,0.7254902124404907,0.38823530077934265,0.125490203499794,calibrated_uv_reprojection_plus_stereo_left
136.40406799316406,-87.07218170166016,-600.7327880859375,133.14289179657914,147.24877836192496,-49.47073256899188,436.0000026390841,190.99999801896791,0.8117647171020508,0.47058823704719543,0.19607843458652496,calibrated_uv_reprojection_plus_stereo_left
137.5198516845703,-86.95986938476562,-599.93798828125,132.09224374338987,146.55204394231822,-48.850247985940996,437.0000007964049,191.00000231789357,0.8784313797950745,0.501960813999176,0.23529411852359772,calibrated_uv_reprojection_plus_stereo_left
138.5797576904297,-86.81458282470703,-598.9157104492188,130.95577744624393,145.98241099187806,-48.061175397743,437.999994257444,191.0000014876896,0.8705882430076599,0.5137255191802979,0.24313725531101227,calibrated_uv_reprojection_plus_stereo_left
139.61236572265625,-86.65495300292969,-597.7945556640625,129.78372976833094,145.47064541038554,-47.1988974999295,438.9999993963544,191.00000135008008,0.8627451062202454,0.5568627715110779,0.27450981736183167,calibrated_uv_reprojection_plus_stereo_left
140.6660919189453,-86.51116180419922,-596.78271484375,128.65620956100128,144.90278859868005,-46.417768759479884,440.0000055525843,190.99999920624904,0.9725490212440491,0.6941176652908325,0.40392157435417175,calibrated_uv_reprojection_plus_stereo_left
141.89149475097656,-86.47454071044922,-596.51025390625,127.81333338174615,143.93045688082918,-46.184838522986695,440.99999503035144,191.00000214272512,0.9647058844566345,0.772549033164978,0.45098039507865906,calibrated_uv_reprojection_plus_stereo_left
143.35311889648438,-86.5811767578125,-597.2258911132812,127.34697634190654,142.4116684167762,-46.68434007722328,442.0000058501066,190.99999533175088,0.8941176533699036,0.7058823704719543,0.3843137323856354,calibrated_uv_reprojection_plus_stereo_left
145.1862030029297,-86.908203125,-599.4617919921875,127.45530312971785,140.0451561507018,-48.310571253820626,442.99999219886007,191.00000437231512,0.7450980544090271,0.5686274766921997,0.250980406999588,calibrated_uv_reprojection_plus_stereo_left
137.7350311279297,-85.8096923828125,-600.8896484375,131.51600613890412,146.5680054873053,-50.21770911947539,437.00000303333206,192.0000044192954,0.7568627595901489,0.4313725531101227,0.16078431904315948,calibrated_uv_reprojection_plus_stereo_left
138.91249084472656,-85.73777770996094,-600.366455078125,130.5714734796274,145.72347182795352,-49.798104624808104,438.0000008575752,192.0000033744928,0.800000011920929,0.4901960790157318,0.2235294133424759,calibrated_uv_reprojection_plus_stereo_left
140.05661010742188,-85.64673614501953,-599.7093505859375,129.57688679468293,144.95403075333866,-49.279120365485085,438.9999959035206,192.0000008385965,0.8352941274642944,0.5647059082984924,0.3019607961177826,calibrated_uv_reprojection_plus_stereo_left
141.39407348632812,-85.67443084716797,-599.8837280273438,128.90092932537925,143.73022131980974,-49.37753170393171,439.99999430112103,192.0000052710319,0.9176470637321472,0.6627451181411743,0.38823530077934265,calibrated_uv_reprojection_plus_stereo_left
142.76547241210938,-85.72193145751953,-600.1967163085938,128.27711848692837,142.4291805195171,-49.57881977105632,441.0000025644531,192.0000042579947,0.8549019694328308,0.6745098233222961,0.364705890417099,calibrated_uv_reprojection_plus_stereo_left
144.28086853027344,-85.85420989990234,-601.1032104492188,127.87732121274904,140.79859810767238,-50.220650840971416,442.00000163843066,191.99999904269228,0.6901960968971252,0.5098039507865906,0.21176470816135406,calibrated_uv_reprojection_plus_stereo_left
