camera_x_mm,camera_y_mm,camera_z_mm,robot_x_mm,robot_y_mm,robot_z_mm,u_px,v_px,red,green,blue,color_source
1.303993821144104,-119.23545837402344,-597.0166015625,232.82065705145862,252.47556348440366,-32.98276824608689,330.9999999919,164.99999504650424,0.9960784316062927,0.9019607901573181,0.6823529601097107,calibrated_uv_reprojection_plus_stereo_left
2.5730156898498535,-119.22879028320312,-596.95654296875,232.0622112888409,251.39233564084674,-32.90787808190322,332.0000000422138,165.00000080208326,1.0,0.8509804010391235,0.6274510025978088,calibrated_uv_reprojection_plus_stereo_left
3.8403244018554688,-119.17092895507812,-596.64013671875,231.16156998351073,250.4048831176299,-32.64881421254154,332.9999999805147,164.9999994171168,0.9921568632125854,0.8078431487083435,0.5843137502670288,calibrated_uv_reprojection_plus_stereo_left
5.10983943939209,-119.19142150878906,-596.716064453125,230.47879709338474,249.27120844306594,-32.67163133194879,333.99999998435976,165.000004550957,1.0,0.7333333492279053,0.5411764979362488,calibrated_uv_reprojection_plus_stereo_left
6.378733158111572,-119.19068908691406,-596.6856689453125,229.73700155765124,248.17717684199602,-32.61805405098181,334.9999999361642,165.0000006894719,1.0,0.7137255072593689,0.5254902243614197,calibrated_uv_reprojection_plus_stereo_left
7.650132179260254,-119.22801971435547,-596.8458251953125,229.10020415151672,247.01087755704555,-32.70134624369871,335.99999973643475,164.99999880160368,1.0,0.6980392336845398,0.5098039507865906,calibrated_uv_reprojection_plus_stereo_left
8.918000221252441,-119.20645904541016,-596.711181640625,228.30076427567258,245.9560845570857,-32.5728841376864,337.0000002687235,164.99999856275042,1.0,0.6745098233222961,0.49803921580314636,calibrated_uv_reprojection_plus_stereo_left
10.188189506530762,-119.21652221679688,-596.73486328125,227.5884259759925,244.84103842239628,-32.55813931592098,337.9999997255065,165.00000225095914,1.0,0.6901960968971252,0.5372549295425415,calibrated_uv_reprojection_plus_stereo_left
11.463729858398438,-119.27921295166016,-597.0219116210938,227.02013826499348,243.62445954983698,-32.732512249501156,338.9999997016468,164.9999994745466,1.0,0.772549033164978,0.6117647290229797,calibrated_uv_reprojection_plus_stereo_left
12.740309715270996,-119.33838653564453,-597.2913208007812,226.44140543642476,242.41346261118295,-32.89418304287443,340.00000056242254,164.99999576402115,1.0,0.8627451062202454,0.686274528503418,calibrated_uv_reprojection_plus_stereo_left
14.063347816467285,-119.7818603515625,-599.4840698242188,226.9103962646421,240.4545811959472,-34.43680985357122,341.0000003421353,164.99999563952593,0.9882352948188782,0.8588235378265381,0.6941176652908325,calibrated_uv_reprojection_plus_stereo_left
-2.5074360370635986,-117.9920425415039,-597.22607421875,234.18277546184004,256.2420221627685,-33.880649345464064,327.9999999790473,165.99999582766907,0.9882352948188782,0.9529411792755127,0.7960784435272217,calibrated_uv_reprojection_plus_stereo_left
-1.2373286485671997,-117.90673065185547,-596.767822265625,233.20194445708898,255.30394687116097,-33.51914020877746,329.0000000127626,166.00000403388637,1.0,0.9686274528503418,0.8156862854957581,calibrated_uv_reprojection_plus_stereo_left
0.03102477453649044,-117.82780456542969,-596.3418579101562,232.2401089534087,254.35554631125933,-33.18090510114183,330.00000000425285,166.0000015801991,1.0,0.9333333373069763,0.6784313917160034,calibrated_uv_reprojection_plus_stereo_left
1.2990612983703613,-117.86699676513672,-596.5137329101562,231.6114364820785,253.18805724318796,-33.272941197738476,330.99999993801225,166.0000022521865,1.0,0.9176470637321472,0.6470588445663452,calibrated_uv_reprojection_plus_stereo_left
2.5655736923217773,-117.79383087158203,-596.116943359375,230.66690495235952,252.2305536412894,-32.95574728185471,332.0000001286976,165.99999718243953,1.0,0.8901960849761963,0.658823549747467,calibrated_uv_reprojection_plus_stereo_left
3.832965135574341,-117.79363250732422,-596.0894775390625,229.92757106692835,251.13677141258103,-32.90433582005619,332.99999991561225,165.9999988986266,0.9764705896377563,0.8274509906768799,0.5960784554481506,calibrated_uv_reprojection_plus_stereo_left
5.1016926765441895,-117.82254028320312,-596.2092895507812,229.2695054237969,249.98778423278262,-32.95888548913695,334.00000013546156,165.99999993157635,1.0,0.7764706015586853,0.5647059082984924,calibrated_uv_reprojection_plus_stereo_left
6.368858337402344,-117.8095932006836,-596.1172485351562,228.49434165263386,248.91788869336196,-32.860999522183306,335.00000008367863,165.99999277480816,0.9960784316062927,0.7647058963775635,0.5568627715110779,calibrated_uv_reprojection_plus_stereo_left
7.636685848236084,-117.8099136352539,-596.0924072265625,227.7562193053538,247.8227642909639,-32.811466819677946,336.0000002957817,165.99999572355017,1.0,0.7372549176216125,0.5490196347236633,calibrated_uv_reprojection_plus_stereo_left
8.90093994140625,-117.7618179321289,-595.8226318359375,226.8837102209814,246.82062888998794,-32.5857490510769,336.9999997947392,166.00000364816822,1.0,0.7215686440467834,0.5333333611488342,calibrated_uv_reprojection_plus_stereo_left
10.166690826416016,-117.74212646484375,-595.696533203125,226.09037841996349,245.76446623378536,-32.46339213371999,337.9999996929449,166.00000383030198,1.0,0.7019608020782471,0.5176470875740051,calibrated_uv_reprojection_plus_stereo_left
11.430908203125,-117.71018981933594,-595.5084228515625,225.26339340450767,244.73238763291383,-32.29643703115045,339.00000060017874,165.99999321169514,1.0,0.686274528503418,0.5098039507865906,calibrated_uv_reprojection_plus_stereo_left
12.708881378173828,-117.8114013671875,-595.9940185546875,224.80377487506945,243.44113324351156,-32.61401190399977,340.0000002789442,166.00000011300153,1.0,0.6745098233222961,0.5058823823928833,calibrated_uv_reprojection_plus_stereo_left
13.98374080657959,-117.86734008789062,-596.25048828125,224.21832502144593,242.2366595813281,-32.766757989764926,340.9999999583388,165.99999779878596,1.0,0.7176470756530762,0.5568627715110779,calibrated_uv_reprojection_plus_stereo_left
15.260457992553711,-117.92770385742188,-596.5293579101562,223.64428395041728,241.02235213454702,-32.9355831170148,341.9999997288497,166.00000217145865,1.0,0.8039215803146362,0.6431372761726379,calibrated_uv_reprojection_plus_stereo_left
16.57765769958496,-118.26702880859375,-598.21923828125,223.83302221555738,239.25504081850272,-34.11889265038985,343.0000000634744,166.00000589717484,0.9960784316062927,0.8627451062202454,0.6980392336845398,calibrated_uv_reprojection_plus_stereo_left
17.930652618408203,-118.7945785522461,-600.8609619140625,224.53147546772027,237.1072882517883,-35.986339980591424,343.9999998684059,166.00000336485476,0.9764705896377563,0.843137264251709,0.6745098233222961,calibrated_uv_reprojection_plus_stereo_left
-3.768019199371338,-116.33930206298828,-595.2902221679688,232.89570340379498,258.57229184711025,-33.168791074024114,327.0000001462056,167.0000014866376,0.9647058844566345,0.9176470637321472,0.7568627595901489,calibrated_uv_reprojection_plus_stereo_left
-2.5090932846069336,-116.62023162841797,-596.701416015625,232.96023952555623,256.9592696312674,-34.154574552472525,328.0000000810494,167.00000199799788,1.0,0.9764705896377563,0.7960784435272217,calibrated_uv_reprojection_plus_stereo_left
-1.2409172058105469,-116.61356353759766,-596.6409912109375,232.2021286717728,255.8768815223015,-34.07940298198031,328.99999994673175,166.99999830954027,1.0,0.9450980424880981,0.7607843279838562,calibrated_uv_reprojection_plus_stereo_left
0.02718643844127655,-116.57283782958984,-596.4063720703125,231.34730122859656,254.85832506206904,-33.87868133427935,330.0000000056556,167.00000215241135,1.0,0.9254902005195618,0.6784313917160034,calibrated_uv_reprojection_plus_stereo_left
1.2950091361999512,-116.5793228149414,-596.4132690429688,230.6267810951643,253.75160298248454,-33.85204526035983,331.000000014427,167.00000170450147,1.0,0.9333333373069763,0.6745098233222961,calibrated_uv_reprojection_plus_stereo_left
2.5590357780456543,-116.40306854248047,-595.4852905273438,229.38918561016436,252.9904001408946,-33.15165608073556,332.0000000165026,166.99999688439613,1.0,1.0,0.7607843279838562,calibrated_uv_reprojection_plus_stereo_left
3.8256802558898926,-116.42070007324219,-595.5492553710938,228.70103298747813,251.8638155414403,-33.166184671209066,333.00000012429444,166.99999887324896,1.0,0.9921568632125854,0.7490196228027344,calibrated_uv_reprojection_plus_stereo_left
5.092073917388916,-116.4219970703125,-595.5296630859375,227.9666132450954,250.76803649597707,-33.12049353185847,333.99999995138836,167.00000209468328,0.9960784316062927,0.8980392217636108,0.6784313917160034,calibrated_uv_reprojection_plus_stereo_left
6.359708786010742,-116.44403076171875,-595.6160888671875,227.29037587386358,249.63236411137376,-33.15118286239874,335.00000018970763,166.99999779241335,0.9843137264251709,0.8392156958580017,0.6274510025978088,calibrated_uv_reprojection_plus_stereo_left
7.623974323272705,-116.40607452392578,-595.3956909179688,226.44564394487247,248.61194246559347,-32.96080457427695,336.00000025348163,166.9999974018483,1.0,0.7803921699523926,0.5921568870544434,calibrated_uv_reprojection_plus_stereo_left
8.888416290283203,-116.38018798828125,-595.237060546875,225.63511519537252,247.56875851625054,-32.814945138034034,337.00000020918236,167.00000018262415,0.9960784316062927,0.7607843279838562,0.572549045085907,calibrated_uv_reprojection_plus_stereo_left
10.15195369720459,-116.34947204589844,-595.0537109375,224.8113779933392,246.5354085611025,-32.65128797624175,338.0000003252248,166.99999834650924,1.0,0.7333333492279053,0.545098066329956,calibrated_uv_reprojection_plus_stereo_left
11.41280746459961,-116.29740905761719,-594.76123046875,223.92855649997648,245.54434605352796,-32.40904063708865,338.99999954452306,167.00000094584777,1.0,0.7215686440467834,0.5372549295425415,calibrated_uv_reprojection_plus_stereo_left
12.695237159729004,-116.45291137695312,-595.5302124023438,223.62296942168956,244.14593664582748,-32.93133926874799,339.99999976648724,166.99999881687182,1.0,0.7098039388656616,0.5333333611488342,calibrated_uv_reprojection_plus_stereo_left
13.966022491455078,-116.4823989868164,-595.6547241210938,222.9660835074252,242.99358013437197,-32.98940343330662,340.9999999351802,166.99999693842506,1.0,0.6941176652908325,0.529411792755127,calibrated_uv_reprojection_plus_stereo_left
15.242074966430664,-116.546630859375,-595.9569091796875,222.40486799640172,241.77160013331755,-33.17540318463665,342.00000048428774,166.99999888870332,1.0,0.6666666865348816,0.5098039507865906,calibrated_uv_reprojection_plus_stereo_left
16.52475929260254,-116.6472396850586,-596.445068359375,221.94315705415482,240.4757675852821,-33.49528516893372,343.00000096015845,167.00000095339095,0.9882352948188782,0.6705882549285889,0.5098039507865906,calibrated_uv_reprojection_plus_stereo_left
17.807580947875977,-116.73387908935547,-596.8617553710938,221.44167050690828,239.20597819511917,-33.76364767907489,343.99999963423227,167.000003117699,0.9960784316062927,0.7254902124404907,0.5647059082984924,calibrated_uv_reprojection_plus_stereo_left
19.094289779663086,-116.83226776123047,-597.3384399414062,220.97129166545596,237.91083825644762,-34.07515533394803,344.9999993116919,167.00000017792496,1.0,0.8117647171020508,0.6705882549285889,calibrated_uv_reprojection_plus_stereo_left
20.421449661254883,-117.14994812011719,-598.9362182617188,221.10047957459687,236.17008628891458,-35.19372267299633,346.0000004643751,166.99999690509628,1.0,0.843137264251709,0.7098039388656616,calibrated_uv_reprojection_plus_stereo_left
21.820711135864258,-117.81915283203125,-602.3309936523438,222.18655629391293,233.7087418629231,-37.60574551719242,347.000000881215,166.99999851485074,0.9725490212440491,0.8235294222831726,0.6745098233222961,calibrated_uv_reprojection_plus_stereo_left
-3.7699575424194336,-115.015625,-594.987060546875,231.79990704360875,259.2067064588979,-33.599887610112205,327.0000001859484,168.00000418243008,0.9960784316062927,0.9764705896377563,0.8117647171020508,calibrated_uv_reprojection_plus_stereo_left
-2.50768780708313,-115.11035919189453,-595.4510498046875,231.33565114562435,257.93794188234057,-33.9034057097777,327.9999999347471,167.9999950476108,1.0,0.9529411792755127,0.7529411911964417,calibrated_uv_reprojection_plus_stereo_left
-1.2414882183074951,-115.04145050048828,-595.068603515625,230.40033330880544,256.97485992032284,-33.59581056084056,328.9999999764836,167.99999745581403,1.0,0.9215686321258545,0.7098039388656616,calibrated_uv_reprojection_plus_stereo_left
0.023278620094060898,-114.97875213623047,-594.7183227539062,229.48364735637944,256.0012807160605,-33.31147200436101,330.000000004712,168.00000195035273,1.0,0.9254902005195618,0.658823549747467,calibrated_uv_reprojection_plus_stereo_left
1.2859257459640503,-114.8426284790039,-593.98828125,228.3578412804963,255.1682262209133,-32.753043654251826,331.00000001671384,168.00000375479698,1.0,0.9607843160629272,0.6901960968971252,calibrated_uv_reprojection_plus_stereo_left
2.551201820373535,-114.95620727539062,-594.5497436523438,227.94584504236877,253.86125341022492,-33.12685683680081,331.9999998553016,168.0000041977147,1.0,1.0,0.7882353067398071,calibrated_uv_reprojection_plus_stereo_left
3.815070390701294,-114.94966888427734,-594.4898681640625,227.1905295333691,252.78239938596374,-33.052168155442814,333.0000001867838,167.9999939554533,1.0,1.0,0.7882353067398071,calibrated_uv_reprojection_plus_stereo_left
5.078054428100586,-114.92453002929688,-594.3339233398438,226.38249328214505,251.73940778793585,-32.90816329351901,334.00000005336716,168.00000236709667,0.9960784316062927,1.0,0.8078431487083435,calibrated_uv_reprojection_plus_stereo_left
6.342445373535156,-114.93344116210938,-594.35400390625,225.67115579977934,250.63090509184258,-32.89118559534228,335.0000000973507,168.000000585711,0.9960784316062927,0.9921568632125854,0.7921568751335144,calibrated_uv_reprojection_plus_stereo_left
7.605574607849121,-114.91910552978516,-594.2538452148438,224.8939469605004,249.56740804785673,-32.78743897233869,336.00000020121365,167.99999527192168,0.9960784316062927,0.9411764740943909,0.7215686440467834,calibrated_uv_reprojection_plus_stereo_left
8.871505737304688,-114.94410705566406,-594.3571166992188,224.22780597989805,248.42718425138042,-32.8304762331926,337.00000028818033,167.99999292074676,0.9960784316062927,0.8823529481887817,0.6666666865348816,calibrated_uv_reprojection_plus_stereo_left
10.13504409790039,-114.934814453125,-594.2831420898438,223.46485034649697,247.3537776617099,-32.74563183872459,337.99999946042783,168.00000409778232,1.0,0.8117647171020508,0.5960784554481506,calibrated_uv_reprojection_plus_stereo_left
11.399704933166504,-114.93807983398438,-594.2739868164062,222.7371701112623,246.25571394479545,-32.70753993431566,339.0000002993428,167.9999980234125,1.0,0.7882353067398071,0.5764706134796143,calibrated_uv_reprojection_plus_stereo_left
12.660249710083008,-114.9026107788086,-594.0645751953125,221.90092661450967,245.23436482108863,-32.52499088004441,340.0000002121251,167.99999346418076,1.0,0.7607843279838562,0.5647059082984924,calibrated_uv_reprojection_plus_stereo_left
13.930055618286133,-114.9493179321289,-594.2800903320312,221.2947312783274,244.04978180112158,-32.64896310842431,341.0000006109894,167.99999916413373,1.0,0.7372549176216125,0.5490196347236633,calibrated_uv_reprojection_plus_stereo_left
15.200309753417969,-114.99103546142578,-594.4697875976562,220.67398040502252,242.87423650307193,-32.754286814415025,342.00000002945825,168.0000048278082,1.0,0.7215686440467834,0.5372549295425415,calibrated_uv_reprojection_plus_stereo_left
16.476316452026367,-115.06596374511719,-594.8310546875,220.14498107700223,241.6310204897315,-32.98331062514558,342.9999996590923,167.99999643520877,1.0,0.7137255072593689,0.529411792755127,calibrated_uv_reprojection_plus_stereo_left
17.76798439025879,-115.2312240600586,-595.6593017578125,219.86566457047087,240.2036397420677,-33.549053641373746,343.99999982414,167.99999820891628,1.0,0.6901960968971252,0.5137255191802979,calibrated_uv_reprojection_plus_stereo_left
19.043556213378906,-115.27653503417969,-595.8674926757812,219.25211579452548,239.01671105164695,-33.66759674576372,344.99999961814893,168.00000632584852,1.0,0.6705882549285889,0.529411792755127,calibrated_uv_reprojection_plus_stereo_left
20.32585334777832,-115.3539047241211,-596.2412719726562,218.7264502399504,237.7634485519431,-33.90549761075977,345.99999996187023,168.00000002166362,1.0,0.6980392336845398,0.572549045085907,calibrated_uv_reprojection_plus_stereo_left
21.630168914794922,-115.53935241699219,-597.1736450195312,218.4975825703038,236.28702590185546,-34.5460888908479,347.0000003536315,167.99999697641132,0.9960784316062927,0.7843137383460999,0.6509804129600525,calibrated_uv_reprojection_plus_stereo_left
22.914466857910156,-115.6028060913086,-597.4754638671875,217.93090929883982,235.058304014589,-34.73199929172597,347.9999995560794,167.99999984706818,0.9764705896377563,0.8470588326454163,0.7098039388656616,calibrated_uv_reprojection_plus_stereo_left
24.226200103759766,-115.79032135009766,-598.4183959960938,217.70364902387638,233.57156668610946,-35.380030019250455,348.99999939821845,167.9999994325915,0.9882352948188782,0.8509804010391235,0.7019608020782471,calibrated_uv_reprojection_plus_stereo_left
25.567401885986328,-116.09251403808594,-599.9539184570312,217.78775692538625,231.84276724230534,-36.45510855878064,350.0000001984196,168.00000448212307,0.9450980424880981,0.800000011920929,0.6509804129600525,calibrated_uv_reprojection_plus_stereo_left
26.93818473815918,-116.49351501464844,-601.9998779296875,218.13767717681986,229.90180270049345,-37.897920598352016,350.99999970834097,168.00000451746837,0.8980392217636108,0.7843137383460999,0.6274510025978088,calibrated_uv_reprojection_plus_stereo_left
-5.049965858459473,-114.0196762084961,-596.4172973632812,232.39274645103967,260.3221598847625,-35.31528718697302,326.0000001016398,169.00000491121207,0.9725490212440491,0.9058823585510254,0.7411764860153198,calibrated_uv_reprojection_plus_stereo_left
-3.775576114654541,-113.80426788330078,-595.2647094726562,231.02793339385386,259.6322088647604,-34.45032693674392,327.00000004114105,169.00000087345188,1.0,0.9843137264251709,0.8117647171020508,calibrated_uv_reprojection_plus_stereo_left
-2.510023355484009,-113.77609252929688,-595.091552734375,230.20910272343104,258.59314962741917,-34.29368892373742,328.0000001681769,169.0000023686927,0.9960784316062927,0.9215686321258545,0.7058823704719543,calibrated_uv_reprojection_plus_stereo_left
-1.2451452016830444,-113.7597885131836,-594.98046875,229.42494401889968,257.5320626208564,-34.18194172251697,328.9999999764187,168.99999975116123,0.9921568632125854,0.8941176533699036,0.6666666865348816,calibrated_uv_reprojection_plus_stereo_left
0.019446205347776413,-113.70585632324219,-594.672607421875,228.53226817321848,256.54291211033274,-33.927938510602644,329.9999999960917,168.99999853979145,1.0,0.9215686321258545,0.6705882549285889,calibrated_uv_reprojection_plus_stereo_left
1.282159686088562,-113.58452606201172,-594.0123291015625,227.44602190560312,255.68378513678115,-33.41919826865819,331.0000000316193,169.0000020975014,1.0,0.9725490212440491,0.7176470756530762,calibrated_uv_reprojection_plus_stereo_left
2.5452072620391846,-113.59486389160156,-594.0406494140625,226.73989745363957,254.57350984981167,-33.408284795695636,331.9999998975484,169.0000043399796,1.0,1.0,0.7882353067398071,calibrated_uv_reprojection_plus_stereo_left
3.807554244995117,-113.57500457763672,-593.9110107421875,225.94693920111246,253.52138568374326,-33.28318480818899,332.9999999189689,168.99999984519408,1.0,1.0,0.7882353067398071,calibrated_uv_reprojection_plus_stereo_left
5.069674968719482,-113.5581283569336,-593.7969970703125,225.16273722416298,252.4637678716388,-33.169388714465754,334.00000017514805,168.99999823173465,0.9921568632125854,1.0,0.8078431487083435,calibrated_uv_reprojection_plus_stereo_left
6.331915855407715,-113.54867553710938,-593.7218017578125,224.39990629838712,251.39190363552356,-33.08365383479543,335.0000002172278,168.99999616165144,0.9843137264251709,0.9686274528503418,0.7764706015586853,calibrated_uv_reprojection_plus_stereo_left
7.589158058166504,-113.46640014648438,-593.2659301757812,223.42967418810406,250.4630792877458,-32.72283347929181,335.9999998614671,169.0000059554262,0.9921568632125854,0.886274516582489,0.7098039388656616,calibrated_uv_reprojection_plus_stereo_left
8.853389739990234,-113.49613952636719,-593.3956298828125,222.77887384030663,249.3148351127067,-32.78517841191979,337.00000044648476,168.99999833574154,1.0,0.95686274766922,0.7607843279838562,calibrated_uv_reprojection_plus_stereo_left
10.115652084350586,-113.49545288085938,-593.3662719726562,222.04134775507055,248.22625293372852,-32.73258120705361,338.0000001407198,168.9999949639601,1.0,0.9607843160629272,0.7254902124404907,calibrated_uv_reprojection_plus_stereo_left
11.37954330444336,-113.51033782958984,-593.4183349609375,221.34785721126588,247.10659179978404,-32.73880991898989,339.0000006475901,168.99999399633515,1.0,0.9215686321258545,0.6901960968971252,calibrated_uv_reprojection_plus_stereo_left
12.637124061584473,-113.46485900878906,-593.1548461914062,220.48369176000864,246.10738327559784,-32.517062827365635,340.00000051561506,168.99999567387832,1.0,0.8627451062202454,0.6352941393852234,calibrated_uv_reprojection_plus_stereo_left
13.903900146484375,-113.50203704833984,-593.323486328125,219.85293168245119,244.94274422692598,-32.60750598789042,340.9999997706985,169.00000149505385,1.0,0.8117647171020508,0.5921568870544434,calibrated_uv_reprojection_plus_stereo_left
15.171366691589355,-113.53758239746094,-593.4835205078125,219.21703143868012,243.78063484081304,-32.69170493417619,341.9999995940662,168.99999928218193,1.0,0.7764706015586853,0.5607843399047852,calibrated_uv_reprojection_plus_stereo_left
16.437721252441406,-113.55941009521484,-593.5718383789062,218.5421574124066,242.64562038695408,-32.724083123027754,343.00000004155197,168.99999756845716,1.0,0.7490196228027344,0.5647059082984924,calibrated_uv_reprojection_plus_stereo_left
17.728515625,-113.73439025878906,-594.4606323242188,218.29541870481336,241.19770810447238,-33.334573725421365,343.99999999305743,168.99999567141344,1.0,0.729411780834198,0.5607843399047852,calibrated_uv_reprojection_plus_stereo_left
18.99790382385254,-113.75737762451172,-594.5549926757812,217.62214283747954,240.0578535540098,-33.37124891944984,344.9999998894497,168.9999999124982,1.0,0.772549033164978,0.6235294342041016,calibrated_uv_reprojection_plus_stereo_left
20.27106285095215,-113.79821014404297,-594.7425537109375,216.99819386852448,238.8807579998737,-33.47520663673589,345.99999974751256,168.99999641486716,1.0,0.8235294222831726,0.6823529601097107,calibrated_uv_reprojection_plus_stereo_left
21.54823875427246,-113.85501861572266,-595.013671875,216.41808580949186,237.66973114296013,-33.639482246378634,346.9999991050663,169.00000591099496,0.9921568632125854,0.7921568751335144,0.658823549747467,calibrated_uv_reprojection_plus_stereo_left
22.84228515625,-113.98930358886719,-595.6895751953125,216.05190852918463,236.2965435233654,-34.095979395028905,347.99999896437174,169.00000528395196,0.9372549057006836,0.7529411911964417,0.6235294342041016,calibrated_uv_reprojection_plus_stereo_left
24.12299919128418,-114.04603576660156,-595.9600830078125,215.46946106512195,235.08264675818313,-34.25971213704554,349.0000012476865,168.9999937818468,0.9686274528503418,0.7607843279838562,0.6313725709915161,calibrated_uv_reprojection_plus_stereo_left
25.40007972717285,-114.08040618896484,-596.1138305664062,214.8245872407889,233.91445926386183,-34.33913244490117,350.0000000355624,168.99999975497767,0.9803921580314636,0.7960784435272217,0.6666666865348816,calibrated_uv_reprojection_plus_stereo_left
26.688488006591797,-114.15960693359375,-596.5017700195312,214.30258898171763,232.65108766323823,-34.58758130703643,350.9999996927345,169.00000026272625,0.9764705896377563,0.8509804010391235,0.7019608020782471,calibrated_uv_reprojection_plus_stereo_left
27.977916717529297,-114.23543548583984,-596.8720703125,213.77026300940514,231.39325476023328,-34.82325399575586,351.9999991422118,169.00000347237696,0.9843137264251709,0.8313725590705872,0.6823529601097107,calibrated_uv_reprojection_plus_stereo_left
29.337631225585938,-114.57884979248047,-598.640380859375,213.96989181170693,229.5649152915159,-36.06789800251329,352.9999991055073,169.00000524451116,0.9411764740943909,0.8117647171020508,0.6549019813537598,calibrated_uv_reprojection_plus_stereo_left
-5.0528483390808105,-112.73013305664062,-596.3001708984375,231.39918358716153,260.89021567261045,-35.881641490981735,326.00000006826104,170.00000247988675,0.8784313797950745,0.7686274647712708,0.5921568870544434,calibrated_uv_reprojection_plus_stereo_left
-3.7819108963012695,-112.61293029785156,-595.6546020507812,230.31730385418518,260.0180386037325,-35.38267232214855,326.99999998187593,170.00000056931708,0.9647058844566345,0.9019607901573181,0.7137255072593689,calibrated_uv_reprojection_plus_stereo_left
-2.5102250576019287,-112.34803009033203,-594.2279052734375,228.80479806097736,259.42909112583595,-34.31810148707598,328.0000000126062,170.00000126831236,0.9803921580314636,0.8941176533699036,0.6823529601097107,calibrated_uv_reprojection_plus_stereo_left
-1.246788501739502,-112.2972183227539,-593.9336547851562,227.92068303621227,258.43577233719975,-34.073698812453586,329.0000000931363,170.00000584829792,0.9803921580314636,0.886274516582489,0.6627451181411743,calibrated_uv_reprojection_plus_stereo_left
0.015589634887874126,-112.2553482055664,-593.6866455078125,227.06320010412628,257.4262012524284,-33.86352114466382,329.9999999996274,169.9999999329567,0.9960784316062927,0.9176470637321472,0.6705882549285889,calibrated_uv_reprojection_plus_stereo_left
1.2766236066818237,-112.17082214355469,-593.214111328125,226.08227449385237,256.4997650676738,-33.490087089848544,330.9999999627033,170.00000048965842,1.0,0.9490196108818054,0.7019608020782471,calibrated_uv_reprojection_plus_stereo_left
2.539174795150757,-112.23370361328125,-593.5211791992188,225.52983239335776,255.28868498531767,-33.68109882393509,331.9999999474937,170.0000064048187,1.0,0.9843137264251709,0.7372549176216125,calibrated_uv_reprojection_plus_stereo_left
3.799842357635498,-112.19678497314453,-593.3003540039062,224.68775280038005,254.27108472128987,-33.489918850552215,333.0000000629995,169.99999486854776,1.0,0.9882352948188782,0.7411764860153198,calibrated_uv_reprojection_plus_stereo_left
5.060924053192139,-112.18560791015625,-593.2157592773438,223.92044993692156,253.20362222153176,-33.39737746690287,334.0000001300677,169.99999815219974,0.9960784316062927,0.9725490212440491,0.7529411911964417,calibrated_uv_reprojection_plus_stereo_left
6.319765090942383,-112.1376724243164,-592.936767578125,223.04737122269745,252.20875643539796,-33.164132659027814,335.0000001075131,169.99999583880586,0.9686274528503418,0.9137254953384399,0.6941176652908325,calibrated_uv_reprojection_plus_stereo_left
7.5733466148376465,-112.02665710449219,-592.3243408203125,221.99365363082273,251.33965435907592,-32.68959761881496,335.99999970714384,170.00000403802073,0.9764705896377563,0.772549033164978,0.6078431606292725,calibrated_uv_reprojection_plus_stereo_left
8.83498764038086,-112.04846954345703,-592.4141845703125,221.32210391551257,250.2083080416719,-32.72334439420598,337.00000012972833,170.00000396198877,1.0,0.9254902005195618,0.7529411911964417,calibrated_uv_reprojection_plus_stereo_left
10.09758186340332,-112.07450866699219,-592.5263061523438,220.66228653297844,249.06803093746296,-32.77319254035842,338.00000058520834,169.99999538859652,0.9921568632125854,0.9450980424880981,0.7490196228027344,calibrated_uv_reprojection_plus_stereo_left
11.361063003540039,-112.10270690917969,-592.64990234375,220.0082715497553,247.92281706709167,-32.831334150738314,338.999999895162,169.99999785552416,0.9803921580314636,0.9215686321258545,0.7019608020782471,calibrated_uv_reprojection_plus_stereo_left
12.6192045211792,-112.07710266113281,-592.4890747070312,219.2006634884401,246.88562051140468,-32.68366926414649,339.9999998264846,170.00000248444235,0.9882352948188782,0.9372549057006836,0.6901960968971252,calibrated_uv_reprojection_plus_stereo_left
13.882122039794922,-112.09404754638672,-592.5531616210938,218.51419733630632,245.76252413966657,-32.698736003377974,340.9999999588125,170.00000422417511,1.0,0.9411764740943909,0.6941176652908325,calibrated_uv_reprojection_plus_stereo_left
15.14706039428711,-112.12252044677734,-592.6781616210938,217.86012536294197,244.6155295768735,-32.75785602357445,341.99999995624967,170.00000379232915,1.0,0.8980392217636108,0.6509804129600525,calibrated_uv_reprojection_plus_stereo_left
16.4104061126709,-112.13517761230469,-592.719482421875,217.1608875911632,243.50032772863943,-32.75642020846004,343.000000210898,169.99999340070678,1.0,0.8352941274642944,0.6196078658103943,calibrated_uv_reprojection_plus_stereo_left
17.692108154296875,-112.261962890625,-593.3641357421875,216.7834210025652,242.1498841113567,-33.1913897678686,344.00000011869423,169.99999984265975,1.0,0.8039215803146362,0.6000000238418579,calibrated_uv_reprojection_plus_stereo_left
18.958871841430664,-112.28289794921875,-593.44921875,216.10632411088687,241.0158055883464,-33.221560717905504,345.000000041735,169.99999723409005,1.0,0.8156862854957581,0.6392157077789307,calibrated_uv_reprojection_plus_stereo_left
20.229421615600586,-112.32176971435547,-593.6290893554688,215.4792662117062,239.84398211419807,-33.32026998006745,346.00000124854193,169.99999492271292,1.0,0.8352941274642944,0.6627451181411743,calibrated_uv_reprojection_plus_stereo_left
21.505889892578125,-112.3865737915039,-593.946044921875,214.92431584634238,238.61718905445562,-33.51809578489332,346.99999965423416,170.00000098385578,1.0,0.8196078538894653,0.6784313917160034,calibrated_uv_reprojection_plus_stereo_left
22.793663024902344,-112.49956512451172,-594.517578125,214.50311593035968,237.2880284810557,-33.899966851035344,347.99999916655054,170.00000067329987,1.0,0.886274516582489,0.7529411911964417,calibrated_uv_reprojection_plus_stereo_left
24.072620391845703,-112.55905151367188,-594.8062744140625,213.93119144836982,236.0693312365583,-34.07726115934355,349.0000005363325,169.99999400090746,1.0,0.8549019694328308,0.7176470756530762,calibrated_uv_reprojection_plus_stereo_left
25.348480224609375,-112.59845733642578,-594.9889526367188,213.30263252963783,234.89187022962835,-34.17788034249179,349.9999987282911,170.00000521036236,0.95686274766922,0.8078431487083435,0.6705882549285889,calibrated_uv_reprojection_plus_stereo_left
26.627487182617188,-112.6470718383789,-595.2201538085938,212.69901443867843,233.69402518577857,-34.31354382151977,351.0000007610429,169.9999991740819,0.9490196108818054,0.7529411911964417,0.6196078658103943,calibrated_uv_reprojection_plus_stereo_left
27.90171241760254,-112.671630859375,-595.3242797851562,212.02813707000968,232.5465303139968,-34.35732060495121,351.99999917614923,170.00000071535686,0.9764705896377563,0.7686274647712708,0.6313725709915161,calibrated_uv_reprojection_plus_stereo_left
29.177242279052734,-112.69876098632812,-595.4419555664062,211.36397949006295,231.39297331046058,-34.41087380576823,353.00000058396927,169.99999902472115,0.9764705896377563,0.8235294222831726,0.6745098233222961,calibrated_uv_reprojection_plus_stereo_left
30.462753295898438,-112.7602767944336,-595.7412719726562,210.79415574936155,230.16471078197307,-34.59569702267231,354.00000064055905,169.99999529242427,0.9686274528503418,0.843137264251709,0.6901960968971252,calibrated_uv_reprojection_plus_stereo_left
31.80290985107422,-113.01074981689453,-597.0388793945312,210.74289004059221,228.5260626126771,-35.50199386315961,354.99999976653885,169.99999970061026,0.9686274528503418,0.8274509906768799,0.6666666865348816,calibrated_uv_reprojection_plus_stereo_left
33.200347900390625,-113.43738555908203,-599.2669677734375,211.17134294677265,226.49936999278384,-37.08059148795712,355.9999993096917,169.99999880179644,0.9215686321258545,0.8078431487083435,0.6470588445663452,calibrated_uv_reprojection_plus_stereo_left
-5.0616536140441895,-111.57166290283203,-596.8816528320312,230.79302179594862,261.2099508382463,-36.95449124090919,326.0000000603965,170.99999576165067,0.7568627595901489,0.5960784554481506,0.4156862795352936,calibrated_uv_reprojection_plus_stereo_left
-3.791876792907715,-111.52657318115234,-596.6150512695312,229.9208556472492,260.20086849671,-36.72970937299607,327.0000001227444,171.00000079717105,0.9333333373069763,0.7686274647712708,0.5843137502670288,calibrated_uv_reprojection_plus_stereo_left
-2.507296323776245,-110.78580474853516,-592.6270141601562,226.99651366314822,260.52808207491114,-33.805942581321005,327.99999998337216,170.99999741579833,0.9882352948188782,0.8784313797950745,0.6705882549285889,calibrated_uv_reprojection_plus_stereo_left
-1.2475045919418335,-110.7579574584961,-592.4528198242188,226.1808051508781,259.49419147067874,-33.64841559319791,329.0000000494621,170.99999949385864,0.9960784316062927,0.9098039269447327,0.6941176652908325,calibrated_uv_reprojection_plus_stereo_left
0.011741993017494678,-110.77388763427734,-592.5128173828125,225.49401775760742,258.37587193871343,-33.66072932198466,330.00000001422296,171.0000048115208,1.0,0.9176470637321472,0.686274528503418,calibrated_uv_reprojection_plus_stereo_left
1.2705172300338745,-110.70989990234375,-592.145263671875,224.5727115304286,257.41296278618586,-33.3630055387589,331.0000000140857,170.9999965098404,1.0,0.9254902005195618,0.6901960968971252,calibrated_uv_reprojection_plus_stereo_left
2.532707691192627,-110.85543060302734,-592.8983764648438,224.26488913239734,256.04079047370976,-33.87785759321895,332.00000008678666,170.99999594816114,1.0,0.9411764740943909,0.6980392336845398,calibrated_uv_reprojection_plus_stereo_left
3.7920355796813965,-110.8181381225586,-592.6737060546875,223.4217206126503,255.02560643155724,-33.68374259902663,332.99999997698484,171.00000329735326,1.0,0.9450980424880981,0.7019608020782471,calibrated_uv_reprojection_plus_stereo_left
5.050276756286621,-110.7737808227539,-592.4111938476562,222.5584016957987,254.02508232627972,-33.462206213647164,334.000000171121,170.9999995325371,1.0,0.9176470637321472,0.6980392336845398,calibrated_uv_reprojection_plus_stereo_left
6.3077850341796875,-110.73280334472656,-592.1668090820312,221.70545207748137,253.0186270767706,-33.253836488017555,335.0000001460493,171.0000008997565,1.0,0.886274516582489,0.6745098233222961,calibrated_uv_reprojection_plus_stereo_left
7.555205345153809,-110.55663299560547,-591.199462890625,220.46124045757523,252.28306047954817,-32.52145497632381,335.99999999553097,170.9999967460699,0.9960784316062927,0.7882353067398071,0.6117647290229797,calibrated_uv_reprojection_plus_stereo_left
8.816842079162598,-110.60802459716797,-591.4490966796875,219.87722973429243,251.09390819849708,-32.671225503625976,337.0000000243576,171.00000300345374,1.0,0.9098039269447327,0.7254902124404907,calibrated_uv_reprojection_plus_stereo_left
10.079452514648438,-110.65636444091797,-591.6823120117188,219.28365623531556,249.90985462227556,-32.8090587484258,338.00000017273476,170.99999803336908,0.9647058844566345,0.9215686321258545,0.7098039388656616,calibrated_uv_reprojection_plus_stereo_left
11.34508228302002,-110.72261810302734,-592.0112915039062,218.7409475065889,248.6884533437865,-33.0162615342245,339.00000075849067,170.99999401163203,0.9254902005195618,0.8392156958580017,0.6235294342041016,calibrated_uv_reprojection_plus_stereo_left
12.6022310256958,-110.70040130615234,-591.8673095703125,217.94333566753704,247.64591420547362,-32.88071276499437,339.9999996751709,171.00000243654327,0.9803921580314636,0.8980392217636108,0.6784313917160034,calibrated_uv_reprojection_plus_stereo_left
13.863719940185547,-110.7162094116211,-591.9265747070312,217.25486916650937,246.5259048927815,-32.892436506441584,341.00000000353344,171.0000026282069,1.0,0.929411768913269,0.6980392336845398,calibrated_uv_reprojection_plus_stereo_left
15.126636505126953,-110.73922729492188,-592.0243530273438,216.58674024235933,245.39068784640224,-32.93205072138818,342.00000040041255,170.99999952146698,1.0,0.9215686321258545,0.6784313917160034,calibrated_uv_reprojection_plus_stereo_left
16.38831901550293,-110.74980926513672,-592.0556640625,215.88281087867352,244.28064487272673,-32.92349899247915,342.9999993254013,171.0000002476034,1.0,0.929411768913269,0.6941176652908325,calibrated_uv_reprojection_plus_stereo_left
17.660911560058594,-110.8268051147461,-592.4420166015625,215.36762296307245,243.03238412580825,-33.172138769012065,343.9999994300867,171.00000427873567,1.0,0.9215686321258545,0.6901960968971252,calibrated_uv_reprojection_plus_stereo_left
18.925830841064453,-110.84811401367188,-592.5306396484375,214.6933179496874,241.89874429694626,-33.205066882837855,344.9999987328574,171.0000050271284,1.0,0.8666666746139526,0.6705882549285889,calibrated_uv_reprojection_plus_stereo_left
20.192089080810547,-110.87364959716797,-592.6417846679688,214.0306242803581,240.7557686737,-33.2542880409884,345.9999999722786,170.9999970165456,1.0,0.8392156958580017,0.6509804129600525,calibrated_uv_reprojection_plus_stereo_left
21.461578369140625,-110.91244506835938,-592.8238525390625,213.4050244224145,239.58427142924134,-33.35486511832721,346.9999998404253,170.9999982670402,1.0,0.8117647171020508,0.6549019813537598,calibrated_uv_reprojection_plus_stereo_left
22.742319107055664,-111.00143432617188,-593.274169921875,212.920310417179,238.3057231630748,-33.64968518501513,348.00000032184823,170.9999989251903,1.0,0.8627451062202454,0.7098039388656616,calibrated_uv_reprojection_plus_stereo_left
24.018442153930664,-111.059326171875,-593.5582275390625,212.34693216259564,237.0914715567028,-33.82405414574464,348.99999961278957,170.99999707848963,1.0,0.8549019694328308,0.7058823704719543,calibrated_uv_reprojection_plus_stereo_left
25.301692962646484,-111.1423568725586,-593.9766235351562,211.8432530022177,235.82231048355652,-34.095664151252834,350.0000006699407,170.99999779152478,1.0,0.9019607901573181,0.7568627595901489,calibrated_uv_reprojection_plus_stereo_left
26.58646011352539,-111.22348022460938,-594.384765625,211.3330789031362,234.55554482049612,-34.35979887870093,351.00000067261243,170.9999953446158,0.9960784316062927,0.8823529481887817,0.7411764860153198,calibrated_uv_reprojection_plus_stereo_left
27.871402740478516,-111.2975845336914,-594.7554321289062,210.80221397245447,233.30221850887824,-34.5967605905044,351.9999996212608,171.0000034930731,0.9803921580314636,0.8196078538894653,0.6784313917160034,calibrated_uv_reprojection_plus_stereo_left
29.138790130615234,-111.2978744506836,-594.7315673828125,210.064724211454,232.20721057156751,-34.54805557308191,352.9999994587545,171.00000262883626,0.9607843160629272,0.7882353067398071,0.6509804129600525,calibrated_uv_reprojection_plus_stereo_left
30.412071228027344,-111.31940460205078,-594.8211669921875,209.3861816319017,231.06593207417507,-34.581480916547946,354.0000006484863,170.99999758279478,0.9490196108818054,0.7450980544090271,0.6039215922355652,calibrated_uv_reprojection_plus_stereo_left
31.689186096191406,-111.35238647460938,-594.9719848632812,208.73906171545798,229.8991238446268,-34.65920792136984,355.0000004685249,170.99999867375064,0.9725490212440491,0.7764706015586853,0.6235294342041016,calibrated_uv_reprojection_plus_stereo_left
32.9865837097168,-111.4510726928711,-595.473876953125,208.27314529613625,228.58737549081113,-34.991018855357254,355.9999990970977,171.00000538155763,0.9686274528503418,0.8117647171020508,0.658823549747467,calibrated_uv_reprojection_plus_stereo_left
34.29652786254883,-111.58299255371094,-596.1531982421875,207.89750876945698,227.20036892740993,-35.451174607739006,357.0000008623219,171.00000013909124,0.9803921580314636,0.8274509906768799,0.6745098233222961,calibrated_uv_reprojection_plus_stereo_left
35.687278747558594,-111.95873260498047,-598.1350708007812,208.1910144063715,225.2707609697954,-36.853879563386045,358.00000101826646,170.99999689802388,0.95686274766922,0.8156862854957581,0.658823549747467,calibrated_uv_reprojection_plus_stereo_left
37.286861419677734,-112.94082641601562,-603.3560791015625,210.14401215304662,221.98496559365307,-40.60028460123516,359.00000186509374,170.99999758955235,0.9019607901573181,0.7921568751335144,0.6352941393852234,calibrated_uv_reprojection_plus_stereo_left
-5.110082149505615,-111.27333068847656,-602.131103515625,232.76392315326848,259.8769615674869,-41.419697083176914,325.9999999301063,171.9999972026909,0.8117647171020508,0.5607843399047852,0.38823530077934265,calibrated_uv_reprojection_plus_stereo_left
-3.829306125640869,-111.23350524902344,-601.8901977539062,231.89988958569091,258.8488121225643,-41.213060833477755,327.0000000620255,171.9999990535763,1.0,0.686274528503418,0.5137255191802979,calibrated_uv_reprojection_plus_stereo_left
-2.5315794944763184,-110.41815185546875,-597.4530639648438,228.72825011956184,259.32354725956657,-37.9585126621397,328.0000001515094,172.00000088952478,1.0,0.7568627595901489,0.5490196347236633,calibrated_uv_reprojection_plus_stereo_left
-1.2595618963241577,-110.21904754638672,-596.3505859375,227.39741174671394,258.6146291749846,-37.126380925188016,328.9999999998033,172.00000434846197,1.0,0.8039215803146362,0.5882353186607361,calibrated_uv_reprojection_plus_stereo_left
0.007964142598211765,-110.05355834960938,-595.4300537109375,226.16877886673274,257.8438171066408,-36.42649636117329,330.00000001716205,172.00000583890372,1.0,0.8627451062202454,0.6470588445663452,calibrated_uv_reprojection_plus_stereo_left
1.2712464332580566,-109.84295654296875,-594.2654418945312,224.80892212430354,257.1649696838064,-35.549446644906425,331.0000000391439,171.9999944441953,1.0,0.9019607901573181,0.686274528503418,calibrated_uv_reprojection_plus_stereo_left
2.5286011695861816,-109.58174133300781,-592.8272094726562,223.30260154646595,256.5902514517984,-34.473837131200355,332.00000005462573,171.9999974754568,1.0,0.929411768913269,0.7058823704719543,calibrated_uv_reprojection_plus_stereo_left
3.7877578735351562,-109.54398345947266,-592.597900390625,222.4572789803156,255.57673213212206,-34.276155865282874,333.0000000329766,171.99999654175036,1.0,0.929411768913269,0.7058823704719543,calibrated_uv_reprojection_plus_stereo_left
5.043697834014893,-109.45343017578125,-592.0830078125,221.45740604509683,254.66930017964253,-33.871149916300965,334.0000002579108,171.9999948931735,1.0,0.9058823585510254,0.686274528503418,calibrated_uv_reprojection_plus_stereo_left
6.301096439361572,-109.42292022705078,-591.8930053710938,220.6346054891266,253.64310020245378,-33.70206390290076,335.00000001563717,172.00000244169718,1.0,0.8941176533699036,0.6784313917160034,calibrated_uv_reprojection_plus_stereo_left
7.55313777923584,-109.32381439208984,-591.3319091796875,219.6116604438012,252.75577285270583,-33.26359839250938,335.999999940302,171.9999995273157,1.0,0.886274516582489,0.686274528503418,calibrated_uv_reprojection_plus_stereo_left
8.815585136413574,-109.38106536865234,-591.6165771484375,219.0459170457164,251.5534993423755,-33.43911027850476,337.00000007215846,172.00000001231766,1.0,0.9098039269447327,0.7058823704719543,calibrated_uv_reprojection_plus_stereo_left
10.078164100646973,-109.42453002929688,-591.82666015625,218.4392536804358,250.3780867967121,-33.56045253575087,337.99999968600304,172.00000147863534,0.9607843160629272,0.8470588326454163,0.6392157077789307,calibrated_uv_reprojection_plus_stereo_left
11.340243339538574,-109.45269775390625,-591.9539794921875,217.78755491878002,249.23304156278783,-33.62169929437192,338.9999997817375,172.00000124743485,0.9333333373069763,0.8196078538894653,0.6039215922355652,calibrated_uv_reprojection_plus_stereo_left
12.597878456115723,-109.4358901977539,-591.8380737304688,217.0052001713529,248.1798346132751,-33.506416636704955,339.9999999619718,172.00000386297955,1.0,0.9490196108818054,0.7215686440467834,calibrated_uv_reprojection_plus_stereo_left
13.858940124511719,-109.44853973388672,-591.8814086914062,216.30809815127628,247.06604652411406,-33.50669095322036,341.00000039067004,171.99999695393637,0.9803921580314636,0.8588235378265381,0.6313725709915161,calibrated_uv_reprojection_plus_stereo_left
15.121406555175781,-109.46863555908203,-591.9650268554688,215.63224957896261,245.93646783924,-33.53618830053756,342.000000897573,171.99999356319017,0.9843137264251709,0.8313725590705872,0.6078431606292725,calibrated_uv_reprojection_plus_stereo_left
16.385873794555664,-109.49844360351562,-592.1011962890625,214.98402915347748,244.78614410951522,-33.603805502338105,343.0000007629161,171.9999966813146,1.0,0.8941176533699036,0.6784313917160034,calibrated_uv_reprojection_plus_stereo_left
17.657773971557617,-109.56959533691406,-592.4609375,214.45398644650584,243.5484916202917,-33.833610207772324,343.99999925851284,172.00000491753497,1.0,0.9098039269447327,0.6980392336845398,calibrated_uv_reprojection_plus_stereo_left
18.92308807373047,-109.5926284790039,-592.5603637695312,213.78517056336693,242.41071385086718,-33.87451509532599,344.9999999861583,171.99999753129157,0.9960784316062927,0.8941176533699036,0.6941176652908325,calibrated_uv_reprojection_plus_stereo_left
20.18511199951172,-109.59445190429688,-592.545166015625,213.05545702624624,241.31726185144643,-33.83226213954475,346.0000002079835,171.99999937430323,1.0,0.929411768913269,0.7333333492279053,calibrated_uv_reprojection_plus_stereo_left
21.448320388793945,-109.60169219970703,-592.5592041015625,212.34108291314368,240.21220109676364,-33.81120774229049,346.99999997223586,171.99999420006856,1.0,0.8941176533699036,0.7215686440467834,calibrated_uv_reprojection_plus_stereo_left
22.71209716796875,-109.6104507446289,-592.5814819335938,211.63089111981736,239.10366814127428,-33.79612685560181,348.00000065468623,171.99999441231483,1.0,0.8666666746139526,0.6980392336845398,calibrated_uv_reprojection_plus_stereo_left
23.989931106567383,-109.68216705322266,-592.9441528320312,211.0990618839527,237.859788522483,-34.027911797301954,349.00000022260394,172.00000161951363,0.9960784316062927,0.8313725590705872,0.6666666865348816,calibrated_uv_reprojection_plus_stereo_left
25.263418197631836,-109.72747039794922,-593.1639404296875,210.4914812828809,236.67136548223039,-34.15602962453619,350.0000002337086,171.9999991831262,1.0,0.8470588326454163,0.6823529601097107,calibrated_uv_reprojection_plus_stereo_left
26.538780212402344,-109.77586364746094,-593.400390625,209.89195603484728,235.47528209966345,-34.29620053701234,351.00000068108903,171.99999416421568,1.0,0.8313725590705872,0.6784313917160034,calibrated_uv_reprojection_plus_stereo_left
27.795299530029297,-109.7451171875,-593.2091064453125,209.06895885214192,234.45030986181712,-34.12620355559261,352.0000001011714,171.9999988185121,1.0,0.8352941274642944,0.6823529601097107,calibrated_uv_reprojection_plus_stereo_left
29.071685791015625,-109.79175567626953,-593.4360961914062,208.4636601466961,233.25676023571268,-34.25948363070603,352.9999996107966,172.00000167010108,1.0,0.8745098114013672,0.7137255072593689,calibrated_uv_reprojection_plus_stereo_left
30.344493865966797,-109.82125091552734,-593.5703735351562,207.80964046537855,232.09985516363278,-34.325517169643774,353.9999998392975,171.9999998082194,0.9921568632125854,0.8509804010391235,0.6941176652908325,calibrated_uv_reprojection_plus_stereo_left
31.620603561401367,-109.85955810546875,-593.7522583007812,207.17980445446852,230.92285675574902,-34.42604345517816,355.0000009222463,171.9999975286585,0.9725490212440491,0.8196078538894653,0.6823529601097107,calibrated_uv_reprojection_plus_stereo_left
32.8919677734375,-109.8787841796875,-593.8310546875,206.49622108028285,229.78727854565457,-34.45182467846627,355.99999886630076,172.00000302066505,0.9529411792755127,0.7450980544090271,0.6000000238418579,calibrated_uv_reprojection_plus_stereo_left
34.178462982177734,-109.94498443603516,-594.1636352539062,205.94297313135195,228.54673389970506,-34.66153534277697,356.9999996877919,171.99999934215398,0.9764705896377563,0.7098039388656616,0.5607843399047852,calibrated_uv_reprojection_plus_stereo_left
35.47758483886719,-110.04534912109375,-594.6808471679688,205.48360904538447,227.22842183394297,-35.00502521515364,358.00000021449733,172.00000152394358,1.0,0.7647058963775635,0.615686297416687,calibrated_uv_reprojection_plus_stereo_left
36.806026458740234,-110.22634887695312,-595.6337280273438,205.24606605779036,225.72700966934954,-35.66419123825068,358.9999987571595,172.00000168355263,1.0,0.8039215803146362,0.6470588445663452,calibrated_uv_reprojection_plus_stereo_left
38.09929656982422,-110.29319763183594,-595.9697265625,204.69081124917352,224.4793327313134,-35.876220781613256,359.99999944368795,172.00000441790095,0.9882352948188782,0.8078431487083435,0.6549019813537598,calibrated_uv_reprojection_plus_stereo_left
39.542537689208984,-110.775634765625,-598.5512084960938,205.2794941442267,222.2889404427461,-37.715311268015284,360.99999833181636,172.00000385683003,0.9372549057006836,0.8039215803146362,0.6509804129600525,calibrated_uv_reprojection_plus_stereo_left
41.12905502319336,-111.6164779663086,-603.0689697265625,206.8466113656665,219.27349507118387,-40.957073958786,361.99999894709293,172.00000582969417,0.9058823585510254,0.7882353067398071,0.6313725709915161,calibrated_uv_reprojection_plus_stereo_left
-6.426171779632568,-110.5589370727539,-605.25048828125,234.279978632459,260.42551494377824,-44.37840356620433,324.99999994374167,172.99999933262387,0.5137255191802979,0.35686275362968445,0.16470588743686676,calibrated_uv_reprojection_plus_stereo_left
-5.1279473304748535,-110.29383850097656,-603.7739868164062,232.73157199345928,259.8277943978936,-43.27242875088666,326.000000184756,173.00000267811737,0.8274509906768799,0.529411792755127,0.3450980484485626,calibrated_uv_reprojection_plus_stereo_left
-3.847780466079712,-110.372314453125,-604.1782836914062,232.22051198175444,258.5672174735711,-43.534870946650756,327.00000000782546,172.99999904227894,1.0,0.615686297416687,0.43529412150382996,calibrated_uv_reprojection_plus_stereo_left
-2.5483078956604004,-109.70204162597656,-600.4840698242188,229.4604070527094,258.76853916871187,-40.815835472738115,327.99999993224475,172.99999651220037,1.0,0.6000000238418579,0.40784314274787903,calibrated_uv_reprojection_plus_stereo_left
-1.2708944082260132,-109.59672546386719,-599.8825073242188,228.401662524951,257.8732683498862,-40.34674979660804,328.9999999979304,172.99999839812708,1.0,0.615686297416687,0.41960784792900085,calibrated_uv_reprojection_plus_stereo_left
0.004154889844357967,-109.48507690429688,-599.246337890625,227.32537151266672,256.99254247969884,-39.85255211682994,330.00000000328913,173.000001110392,1.0,0.6980392336845398,0.4901960790157318,calibrated_uv_reprojection_plus_stereo_left
1.2758005857467651,-109.2969970703125,-598.19189453125,226.02262729363844,256.2656894141602,-39.05421128365526,331.00000002046676,173.00000262106033,1.0,0.7490196228027344,0.5411764979362488,calibrated_uv_reprojection_plus_stereo_left
2.534062147140503,-108.7187728881836,-595.0023193359375,223.56163911675338,256.3208274708868,-36.70323785345926,331.99999998787604,173.0000024110287,1.0,0.8274509906768799,0.6117647290229797,calibrated_uv_reprojection_plus_stereo_left
3.7900257110595703,-108.45741271972656,-593.5470581054688,222.0489971466116,255.752238373663,-35.61375057278707,332.99999998712605,172.9999981218444,1.0,0.8627451062202454,0.6509804129600525,calibrated_uv_reprojection_plus_stereo_left
5.045765399932861,-108.31998443603516,-592.7701416015625,220.90689293156868,254.93910474971628,-35.01765661714563,334.0000001771806,172.99999700304448,1.0,0.9098039269447327,0.6980392336845398,calibrated_uv_reprojection_plus_stereo_left
6.299373149871826,-108.19941711425781,-592.0855712890625,219.81643093923037,254.09451120141503,-34.488783954654195,334.9999998868497,172.9999986175813,1.0,0.9137254953384399,0.7019608020782471,calibrated_uv_reprojection_plus_stereo_left
7.548872947692871,-108.05899047851562,-591.2923583984375,218.66899628356975,253.29268995101708,-33.88099034705073,336.00000011389494,172.99999629128666,1.0,0.8980392217636108,0.6901960968971252,calibrated_uv_reprojection_plus_stereo_left
8.805785179138184,-108.048583984375,-591.210693359375,217.90586054524653,252.2276977304001,-33.79055422279731,336.999999444997,173.00000158939042,1.0,0.8823529481887817,0.6784313917160034,calibrated_uv_reprojection_plus_stereo_left
10.068170547485352,-108.09861755371094,-591.4596557617188,217.32014606927538,251.03864668293625,-33.94045396034187,338.00000018984315,172.99999637344283,1.0,0.8549019694328308,0.6509804129600525,calibrated_uv_reprojection_plus_stereo_left
11.328619956970215,-108.11824035644531,-591.5422973632812,216.64470629710524,249.9112952305588,-33.969438447396215,338.9999999230972,173.00000405657624,0.9960784316062927,0.8666666746139526,0.6470588445663452,calibrated_uv_reprojection_plus_stereo_left
12.585973739624023,-108.10662078857422,-591.4539184570312,215.87766081179996,248.84833588692487,-33.874102008295324,340.0000003286784,172.99999982057176,1.0,0.9137254953384399,0.6784313917160034,calibrated_uv_reprojection_plus_stereo_left
13.84549331665039,-108.11336517333984,-591.466064453125,215.16426172536097,247.747226335119,-33.85183287844018,340.9999991535876,173.00000368995916,0.9764705896377563,0.8274509906768799,0.6039215922355652,calibrated_uv_reprojection_plus_stereo_left
15.10672378540039,-108.13060760498047,-591.5355834960938,214.4812203767272,246.6239233531325,-33.871246160567296,342.00000031543465,172.99999995130094,0.9803921580314636,0.8196078538894653,0.6078431606292725,calibrated_uv_reprojection_plus_stereo_left
16.367658615112305,-108.14269256591797,-591.576904296875,213.78294700390188,245.51105333006902,-33.870159388236004,342.9999994211094,172.99999975603538,1.0,0.8470588326454163,0.6431372761726379,calibrated_uv_reprojection_plus_stereo_left
17.634445190429688,-108.18841552734375,-591.80224609375,213.18181041066708,244.3266965145892,-34.002775843650454,343.99999947272994,173.0000031574718,0.9803921580314636,0.8196078538894653,0.6235294342041016,calibrated_uv_reprojection_plus_stereo_left
18.896286010742188,-108.1992416381836,-591.8366088867188,212.47922638505594,243.21554421321522,-33.996601173296256,344.9999999599215,172.99999569618114,0.9882352948188782,0.8588235378265381,0.6627451181411743,calibrated_uv_reprojection_plus_stereo_left
20.157190322875977,-108.20321655273438,-591.8335571289062,211.75673854903698,242.1187111952609,-33.96324278956905,346.00000053793343,172.99999777662742,1.0,0.95686274766922,0.7607843279838562,calibrated_uv_reprojection_plus_stereo_left
21.42089080810547,-108.22042846679688,-591.9028930664062,211.072180816541,240.9933259581427,-33.982464946406026,346.99999964166705,172.99999876344836,1.0,0.9176470637321472,0.7490196228027344,calibrated_uv_reprojection_plus_stereo_left
22.675661087036133,-108.19270324707031,-591.7264404296875,210.2585156571373,239.96439448899199,-33.82313547019629,348.00000014865543,172.99999840880758,0.9960784316062927,0.8980392217636108,0.7333333492279053,calibrated_uv_reprojection_plus_stereo_left
23.946792602539062,-108.24146270751953,-591.9683227539062,209.6639263645951,238.7702871013231,-33.96767576577355,349.0000000579751,173.00000272829536,1.0,0.9058823585510254,0.7372549176216125,calibrated_uv_reprojection_plus_stereo_left
25.219280242919922,-108.29080200195312,-592.2133178710938,209.07026614892254,237.57387322248707,-34.11444341854002,350.0000005636985,173.00000209847786,1.0,0.8941176533699036,0.7215686440467834,calibrated_uv_reprojection_plus_stereo_left
26.492767333984375,-108.33917999267578,-592.4530639648438,208.47316401309047,236.3784852991127,-34.25737159483606,350.9999993586377,173.00000612890935,1.0,0.8509804010391235,0.6745098233222961,calibrated_uv_reprojection_plus_stereo_left
27.745174407958984,-108.300537109375,-592.2168579101562,207.6282271619176,235.3731668046815,-34.05463542362048,352.00000124829467,172.9999993847249,1.0,0.843137264251709,0.6705882549285889,calibrated_uv_reprojection_plus_stereo_left
29.01279640197754,-108.3217544555664,-592.3080444335938,206.95335857878172,234.2364837571421,-34.08965393821103,352.9999985737137,173.0000010638581,1.0,0.8274509906768799,0.6627451181411743,calibrated_uv_reprojection_plus_stereo_left
30.28277015686035,-108.34929656982422,-592.4337768554688,206.2960128758897,233.08528713230086,-34.149738537903715,353.99999993113283,172.99999908429027,0.9960784316062927,0.8549019694328308,0.6941176652908325,calibrated_uv_reprojection_plus_stereo_left
31.54997444152832,-108.36483001708984,-592.493896484375,205.60441423822977,231.96017909548323,-34.16217449589357,354.9999981642973,173.00000578052772,1.0,0.8705882430076599,0.7215686440467834,calibrated_uv_reprojection_plus_stereo_left
32.82801055908203,-108.41465759277344,-592.7413940429688,205.00895676374608,230.75802642064642,-34.31061952885102,356.0000008717691,172.99999634419515,1.0,0.7921568751335144,0.6392157077789307,calibrated_uv_reprojection_plus_stereo_left
34.10287094116211,-108.4504165649414,-592.9120483398438,204.3733413042267,229.58637068014608,-34.40326100881117,357.00000020930526,173.00000082227172,1.0,0.7058823704719543,0.5529412031173706,calibrated_uv_reprojection_plus_stereo_left
35.38233184814453,-108.49747467041016,-593.1444091796875,203.76879721601807,228.3884423018059,-34.540665994644826,357.9999986990783,172.99999855587762,1.0,0.6823529601097107,0.5215686559677124,calibrated_uv_reprojection_plus_stereo_left
36.669960021972656,-108.56519317626953,-593.48974609375,203.2212676649329,227.14264565116764,-34.760046293553444,358.9999991736822,173.00000437804016,1.0,0.6745098233222961,0.5058823823928833,calibrated_uv_reprojection_plus_stereo_left
37.924407958984375,-108.533203125,-593.2899169921875,202.3950273428582,226.12242587686973,-34.58371843432582,360.0000003491925,172.99999823874538,1.0,0.7137255072593689,0.5490196347236633,calibrated_uv_reprojection_plus_stereo_left
39.204769134521484,-108.57479858398438,-593.492431640625,201.7736615380033,224.93448714643415,-34.699399524891874,360.99999865889424,173.0000061351438,1.0,0.7529411911964417,0.5921568870544434,calibrated_uv_reprojection_plus_stereo_left
40.514427185058594,-108.69216918945312,-594.1090087890625,201.3616617273804,223.57164010490712,-35.115510792299006,361.99999923513224,172.9999992836154,0.9960784316062927,0.7921568751335144,0.6313725709915161,calibrated_uv_reprojection_plus_stereo_left
41.87098693847656,-108.92420196533203,-595.352294921875,201.26505979945398,221.941845697636,-35.98629754941106,362.9999987330381,172.99999965658043,0.9686274528503418,0.7921568751335144,0.6313725709915161,calibrated_uv_reprojection_plus_stereo_left
43.362518310546875,-109.4831314086914,-598.3821411132812,202.06685562239136,219.54994911815194,-38.153184342584154,363.9999989534612,173.00000122729386,0.9215686321258545,0.8196078538894653,0.6666666865348816,calibrated_uv_reprojection_plus_stereo_left
-6.431986331939697,-109.30463409423828,-605.4268798828125,233.43487390756962,260.8978078723113,-45.1677574896795,325.00000020144375,174.00000138366417,0.5568627715110779,0.3686274588108063,0.1725490242242813,calibrated_uv_reprojection_plus_stereo_left
-5.139117240905762,-109.1646728515625,-604.6265869140625,232.2599574223018,260.060115693842,-44.55291971134784,326.00000005178947,173.99999934572054,0.8549019694328308,0.5490196347236633,0.33725491166114807,calibrated_uv_reprojection_plus_stereo_left
-3.859205484390259,-109.30088806152344,-605.35595703125,231.92533743488366,258.68315896065667,-45.05265503131005,326.9999999954664,173.99999941439265,1.0,0.6235294342041016,0.40784314274787903,calibrated_uv_reprojection_plus_stereo_left
-2.557849884033203,-108.66606140136719,-601.8150634765625,229.2533312421342,258.8244595776902,-42.441273224426766,327.9999999268414,173.99999800986666,1.0,0.615686297416687,0.40392157435417175,calibrated_uv_reprojection_plus_stereo_left
-1.277917504310608,-108.58929443359375,-601.3650512695312,228.27652643442394,257.87196610359535,-42.08191630760098,329.0000001061349,174.00000649490255,1.0,0.615686297416687,0.4000000059604645,calibrated_uv_reprojection_plus_stereo_left
0.00029562911367975175,-108.611328125,-601.4620971679688,227.59858812495474,256.72406739368495,-42.12108515497965,329.9999999989492,173.99999965167484,1.0,0.6117647290229797,0.3960784375667572,calibrated_uv_reprojection_plus_stereo_left
1.2780735492706299,-108.54488372802734,-601.0692138671875,226.6541315459911,255.75288260239225,-41.80338862805746,331.00000007822223,173.99999727471157,1.0,0.6078431606292725,0.38823530077934265,calibrated_uv_reprojection_plus_stereo_left
2.5431361198425293,-108.00116729736328,-598.0336303710938,224.27800506991156,255.74392015705078,-39.56098992480702,331.9999998778214,174.0000039430971,1.0,0.6509804129600525,0.43921568989753723,calibrated_uv_reprojection_plus_stereo_left
3.804833173751831,-107.72215270996094,-596.4638671875,222.70194417577449,255.2103109341824,-38.38641241327679,333.0000000994249,173.99999680296497,1.0,0.6941176652908325,0.48235294222831726,calibrated_uv_reprojection_plus_stereo_left
5.060417652130127,-107.45101165771484,-594.9378662109375,221.15320070762658,254.66627648953843,-37.243867158646765,334.0000000200208,173.99999553278508,1.0,0.772549033164978,0.5647059082984924,calibrated_uv_reprojection_plus_stereo_left
6.309906482696533,-107.18330383300781,-593.4310302734375,219.61837300709675,254.12065439919422,-36.11543573376275,335.00000017127996,173.99999909848236,1.0,0.8156862854957581,0.6078431606292725,calibrated_uv_reprojection_plus_stereo_left
7.550760746002197,-106.88139343261719,-591.7349243164062,217.98543014078956,253.65066915736952,-34.84934421545705,336.00000045051905,173.9999979258451,1.0,0.8627451062202454,0.658823549747467,calibrated_uv_reprojection_plus_stereo_left
8.80310344696045,-106.8041000366211,-591.282470703125,217.02307819860545,252.72307251210708,-34.488883254550615,337.0000000989074,173.99999734258247,1.0,0.886274516582489,0.6823529601097107,calibrated_uv_reprojection_plus_stereo_left
10.061538696289062,-106.80988311767578,-591.2899780273438,216.30768532106651,251.6246260834663,-34.463323479707014,338.00000020029125,174.0000000893553,1.0,0.8941176533699036,0.686274528503418,calibrated_uv_reprojection_plus_stereo_left
11.321449279785156,-106.8274917602539,-591.3629150390625,215.62707873164914,250.5013438334741,-34.48538561643318,339.0000002399014,173.99999874139513,1.0,0.886274516582489,0.6745098233222961,calibrated_uv_reprojection_plus_stereo_left
12.57445240020752,-106.78218078613281,-591.0875854492188,214.7607884676546,249.50942460802497,-34.25393323407343,340.00000027232016,174.00000193941952,1.0,0.8823529481887817,0.6627451181411743,calibrated_uv_reprojection_plus_stereo_left
13.83359146118164,-106.79181671142578,-591.1163940429688,214.05659438691242,248.40269714932907,-34.24387062873234,341.0000001514788,174.00000165825094,1.0,0.8705882430076599,0.6509804129600525,calibrated_uv_reprojection_plus_stereo_left
15.093213081359863,-106.80265045166016,-591.15185546875,213.3557429826485,247.29315722990762,-34.23864494023752,341.99999935512,174.0000055469502,1.0,0.8666666746139526,0.6431372761726379,calibrated_uv_reprojection_plus_stereo_left
16.351106643676758,-106.79995727539062,-591.1124267578125,212.6151044278318,246.21207487980516,-34.17890824420533,342.9999997816833,174.00000725601313,1.0,0.8470588326454163,0.6352941393852234,calibrated_uv_reprojection_plus_stereo_left
17.61296272277832,-106.8211669921875,-591.2052612304688,211.94422042923787,245.07993678157845,-34.215415715512904,343.9999995351258,174.0000049814322,0.9764705896377563,0.7960784435272217,0.5843137502670288,calibrated_uv_reprojection_plus_stereo_left
18.871767044067383,-106.82178497314453,-591.18408203125,211.21300705916104,243.99148800341004,-34.16894364216017,345.00000024629475,173.99999677467247,0.9921568632125854,0.9176470637321472,0.7019608020782471,calibrated_uv_reprojection_plus_stereo_left
20.130985260009766,-106.82405853271484,-591.172119140625,210.48656781577762,242.89936594352312,-34.12918001094761,346.0000003608172,173.99999663484988,1.0,0.9843137264251709,0.7647058963775635,calibrated_uv_reprojection_plus_stereo_left
21.39024543762207,-106.82583618164062,-591.157470703125,209.75863416579074,241.80817849654002,-34.087464817791556,346.9999997038414,174.00000532085434,1.0,0.9137254953384399,0.7333333492279053,calibrated_uv_reprojection_plus_stereo_left
22.646888732910156,-106.81468200683594,-591.0711669921875,208.99319322295827,240.74505245504344,-33.99360967394114,347.99999890162655,174.00000064243676,0.95686274766922,0.8313725590705872,0.6549019813537598,calibrated_uv_reprojection_plus_stereo_left
23.91352081298828,-106.84893035888672,-591.2361450195312,208.3588560665778,239.58279266812727,-34.08255386612717,348.99999972011943,174.00000296254302,1.0,0.9529411792755127,0.7686274647712708,calibrated_uv_reprojection_plus_stereo_left
25.182321548461914,-106.88859558105469,-591.4310302734375,207.7395696369927,238.40787698586516,-34.193225470542984,350.0000009696952,173.99999843315476,1.0,0.9607843160629272,0.7764706015586853,calibrated_uv_reprojection_plus_stereo_left
26.451934814453125,-106.92742156982422,-591.6212768554688,207.11728967414234,237.23392517704394,-34.30050037810895,351.000000251923,173.99999743873173,1.0,0.9490196108818054,0.7607843279838562,calibrated_uv_reprojection_plus_stereo_left
27.701982498168945,-106.88687896728516,-591.3724365234375,206.26710891994895,236.23504735182573,-34.08841880974069,351.9999995061156,174.00000430235008,1.0,0.9176470637321472,0.7333333492279053,calibrated_uv_reprojection_plus_stereo_left
28.964174270629883,-106.89437103271484,-591.3892822265625,205.55465996185023,235.12996512510935,-34.069563909613976,353.0000000879072,173.99999954556768,1.0,0.8941176533699036,0.7176470756530762,calibrated_uv_reprojection_plus_stereo_left
30.230478286743164,-106.91547393798828,-591.4814453125,204.8808664980035,233.99419626629816,-34.10547328099415,354.0000002247485,173.99999825536037,0.9960784316062927,0.8588235378265381,0.6823529601097107,calibrated_uv_reprojection_plus_stereo_left
31.492067337036133,-106.91858673095703,-591.4740600585938,204.1555674104481,232.89836055518765,-34.06898348832317,355.0000007555162,173.99999473274963,1.0,0.8352941274642944,0.6627451181411743,calibrated_uv_reprojection_plus_stereo_left
32.772308349609375,-106.98206329345703,-591.8006591796875,203.60144749847183,231.6660835005084,-34.275324337089785,355.99999871826384,174.00000106324404,1.0,0.7882353067398071,0.6117647290229797,calibrated_uv_reprojection_plus_stereo_left
34.04627990722656,-107.02084350585938,-591.9906005859375,202.9765052124459,230.48844915468274,-34.382272569322254,356.9999999998667,174.00000483748812,1.0,0.7450980544090271,0.5686274766921997,calibrated_uv_reprojection_plus_stereo_left
35.3234977722168,-107.06644439697266,-592.2182006835938,202.37021834348042,229.29443060615682,-34.51656790404223,357.999999223013,174.00000156481565,1.0,0.7254902124404907,0.5411764979362488,calibrated_uv_reprojection_plus_stereo_left
36.612060546875,-107.14183807373047,-592.610595703125,201.8471708166495,228.0312240542726,-34.77062792968843,358.99999846495984,174.00000275854512,1.0,0.7137255072593689,0.529411792755127,calibrated_uv_reprojection_plus_stereo_left
37.86850357055664,-107.12108612060547,-592.47119140625,201.0529254453071,226.98738745971923,-34.63810190223836,360.0000001699342,174.00000461602667,1.0,0.6941176652908325,0.5176470875740051,calibrated_uv_reprojection_plus_stereo_left
39.1383171081543,-107.13804626464844,-592.5403442382812,200.36459662066176,225.8568444914636,-34.657163357684624,361.00000041398977,174.00000329068592,1.0,0.6705882549285889,0.4941176474094391,calibrated_uv_reprojection_plus_stereo_left
40.413509368896484,-107.16798400878906,-592.6812133789062,199.71224769162376,224.6958030291277,-34.72832826423365,362.0000013994669,173.99999546168738,0.9960784316062927,0.6784313917160034,0.501960813999176,calibrated_uv_reprojection_plus_stereo_left
41.69785690307617,-107.21942138671875,-592.9410400390625,199.11942583454044,223.48398104463175,-34.885926723223974,362.999998958113,173.9999985705805,1.0,0.7098039388656616,0.5333333611488342,calibrated_uv_reprojection_plus_stereo_left
42.99506759643555,-107.2997055053711,-593.3603515625,198.6060895139637,222.20355715998892,-35.1593805819021,363.99999986106025,174.00000020577164,0.9960784316062927,0.7568627595901489,0.5882353186607361,calibrated_uv_reprojection_plus_stereo_left
44.27741622924805,-107.33915710449219,-593.5538330078125,197.97828731133603,221.0173535209905,-35.26869957093521,365.0000005538563,174.00000188498495,1.0,0.7764706015586853,0.6039215922355652,calibrated_uv_reprojection_plus_stereo_left
45.60331344604492,-107.47885131835938,-594.3015747070312,197.62737919810337,219.59374426472226,-35.78068362316037,365.99999978490985,174.0000022883898,0.9647058844566345,0.8274509906768799,0.658823549747467,calibrated_uv_reprojection_plus_stereo_left
47.1038818359375,-108.01131439208984,-597.220947265625,198.35904699804962,217.2364424259987,-37.87023968425717,367.00000013420384,174.0000001074614,0.929411768913269,0.8352941274642944,0.6666666865348816,calibrated_uv_reprojection_plus_stereo_left
-6.434843063354492,-107.99987030029297,-605.32470703125,232.4362781457741,261.4678542275194,-45.7542103287218,324.99999960341165,174.9999982466061,0.6352941393852234,0.3960784375667572,0.21176470816135406,calibrated_uv_reprojection_plus_stereo_left
-5.1457695960998535,-107.93687438964844,-604.94677734375,231.49402598219024,260.48115982459655,-45.44676400892706,325.999999857767,174.99999379496495,0.8901960849761963,0.5686274766921997,0.3529411852359772,calibrated_uv_reprojection_plus_stereo_left
-3.8645102977752686,-108.05288696289062,-605.5722045898438,231.10098380579132,259.14103347814864,-45.871489495554556,327.00000007543565,175.00000232772072,1.0,0.6313725709915161,0.3960784375667572,calibrated_uv_reprojection_plus_stereo_left
-2.565744638442993,-107.55463409423828,-602.7550659179688,228.82886155419055,259.02166966156034,-43.784351320813016,328.0000000701543,175.00000261698852,1.0,0.6235294342041016,0.38823530077934265,calibrated_uv_reprojection_plus_stereo_left
-1.2842960357666016,-107.51997375488281,-602.5360717773438,227.9772597699925,257.98455064758747,-43.593040033130194,328.9999999721237,174.9999986906306,1.0,0.6196078658103943,0.3843137323856354,calibrated_uv_reprojection_plus_stereo_left
-0.003585560480132699,-107.52806091308594,-602.5567016601562,227.25617098940216,256.86204513995654,-43.57656384684077,330.0000000116238,175.000003817039,1.0,0.6196078658103943,0.38823530077934265,calibrated_uv_reprojection_plus_stereo_left
1.2771011590957642,-107.51043701171875,-602.4332275390625,226.45686070340827,255.79129703718968,-43.45495874249866,330.9999999841486,175.00000518061674,1.0,0.6274510025978088,0.3921568691730499,calibrated_uv_reprojection_plus_stereo_left
2.549243688583374,-107.1476058959961,-600.3754272460938,224.6122351907528,255.42247993155732,-41.92242625846791,331.9999999628302,174.9999998149747,1.0,0.6274510025978088,0.3921568691730499,calibrated_uv_reprojection_plus_stereo_left
3.818601608276367,-106.94641876220703,-599.2235717773438,223.26105696184152,254.73082559251262,-41.050876640686,332.9999998684169,175.00000622356487,1.0,0.6235294342041016,0.38823530077934265,calibrated_uv_reprojection_plus_stereo_left
5.079658508300781,-106.66973876953125,-597.6487426757812,221.68499154925593,254.19825528982634,-39.87095429138992,333.99999978334245,174.9999995461094,1.0,0.6196078658103943,0.4000000059604645,calibrated_uv_reprojection_plus_stereo_left
6.33249568939209,-106.36425018310547,-595.9126586914062,220.0260727956267,253.73073991521534,-38.57359731141423,335.0000000577092,174.99999587094482,1.0,0.658823549747467,0.43921568989753723,calibrated_uv_reprojection_plus_stereo_left
7.563932418823242,-105.85991668701172,-593.062744140625,217.77465302445603,253.68176634319744,-36.464205822859924,335.9999999901432,174.9999959066372,1.0,0.7254902124404907,0.501960813999176,calibrated_uv_reprojection_plus_stereo_left
8.812237739562988,-105.70104217529297,-592.1483764648438,216.56445537006232,252.92317335878062,-35.76642460862337,336.9999999113482,174.99999862703805,1.0,0.7686274647712708,0.5490196347236633,calibrated_uv_reprojection_plus_stereo_left
10.059704780578613,-105.57219696044922,-591.4022827148438,215.44610061473406,252.10489232600713,-35.19142190650359,337.9999996708425,174.99999881886515,1.0,0.8274509906768799,0.6196078658103943,calibrated_uv_reprojection_plus_stereo_left
11.3134126663208,-105.52938842773438,-591.13818359375,214.58586892281716,251.1081226806978,-34.96789028856955,339.0000003748868,174.99999760263847,1.0,0.8784313797950745,0.6627451181411743,calibrated_uv_reprojection_plus_stereo_left
12.564163208007812,-105.46959686279297,-590.7789916992188,213.67569691635498,250.148071155841,-34.67506088518115,339.99999990819487,174.9999989697674,1.0,0.9098039269447327,0.6901960968971252,calibrated_uv_reprojection_plus_stereo_left
13.822186470031738,-105.47550964355469,-590.787841796875,212.96118896002577,249.049546107632,-34.6505465764144,340.99999990311375,174.99999948225,1.0,0.9058823585510254,0.686274528503418,calibrated_uv_reprojection_plus_stereo_left
15.079023361206055,-105.47152709960938,-590.7412719726562,212.21726909958898,247.97195240940079,-34.58563213885935,341.9999997308193,175.00000109544686,1.0,0.8941176533699036,0.6823529601097107,calibrated_uv_reprojection_plus_stereo_left
16.336498260498047,-105.47171020507812,-590.718017578125,211.48564513777643,246.88543096412153,-34.53770970223894,343.00000014727425,175.000000527187,1.0,0.8823529481887817,0.658823549747467,calibrated_uv_reprojection_plus_stereo_left
17.5904541015625,-105.45024871826172,-590.5735473632812,210.6902205599277,245.84549499412913,-34.40144488894106,344.00000025828365,175.0000008631126,1.0,0.8549019694328308,0.6313725709915161,calibrated_uv_reprojection_plus_stereo_left
18.849021911621094,-105.45696258544922,-590.5868530273438,209.97782332163752,244.7448944068928,-34.38016550055556,345.0000012304523,174.9999981126719,1.0,0.9098039269447327,0.6901960968971252,calibrated_uv_reprojection_plus_stereo_left
20.106143951416016,-105.45480346679688,-590.5504760742188,209.23927701736295,243.66339137017354,-34.32267817068657,346.00000074401675,174.99999694609846,1.0,0.9372549057006836,0.7176470756530762,calibrated_uv_reprojection_plus_stereo_left
21.36300277709961,-105.45116424560547,-590.505859375,208.49640114105694,242.5850795136007,-34.259190760213585,346.9999994712169,175.00000277114376,1.0,0.9019607901573181,0.7176470756530762,calibrated_uv_reprojection_plus_stereo_left
22.62356185913086,-105.46476745605469,-590.5577392578125,207.80380761461987,241.46889606052423,-34.266003704866705,348.0000004078353,175.000000978398,0.95686274766922,0.8078431487083435,0.6235294342041016,calibrated_uv_reprojection_plus_stereo_left
23.88726806640625,-105.4904556274414,-590.6773071289062,207.14616089961862,240.3256719936319,-34.322121614143384,348.9999994612327,175.0000031697411,1.0,0.9490196108818054,0.7490196228027344,calibrated_uv_reprojection_plus_stereo_left
25.15122413635254,-105.51425170898438,-590.7861938476562,206.4825818267837,239.1860598863741,-34.37043449055352,350.00000141865036,174.99999491835086,1.0,0.9843137264251709,0.7843137383460999,calibrated_uv_reprojection_plus_stereo_left
26.41860008239746,-105.5490951538086,-590.95703125,205.85066785410896,238.02123565522948,-34.46386767806064,350.9999993615862,175.00000233462325,0.9921568632125854,0.9647058844566345,0.772549033164978,calibrated_uv_reprojection_plus_stereo_left
27.659793853759766,-105.4805908203125,-590.5491333007812,204.919524896074,237.0869874903034,-34.13573530382439,352.00000075756486,174.99999424056222,0.9607843160629272,0.8901960849761963,0.6941176652908325,calibrated_uv_reprojection_plus_stereo_left
28.919788360595703,-105.48629760742188,-590.5568237304688,204.2032559134032,235.9871648730097,-34.11032946172821,353.0000005748733,174.9999993958725,0.9960784316062927,0.95686274766922,0.7607843279838562,calibrated_uv_reprojection_plus_stereo_left
30.18236541748047,-105.50025939941406,-590.6106567382812,203.5105712306359,234.86852187115437,-34.11851598730743,354.00000072804613,174.9999951494551,0.9882352948188782,0.9176470637321472,0.7215686440467834,calibrated_uv_reprojection_plus_stereo_left
31.447023391723633,-105.51978302001953,-590.6956787109375,202.83362204214563,233.73687361784113,-34.149410021667336,355.00000051946796,174.99999973280234,1.0,0.9333333373069763,0.7372549176216125,calibrated_uv_reprojection_plus_stereo_left
32.713661193847656,-105.54391479492188,-590.8064575195312,202.16952866319116,232.59425184289333,-34.199042949204056,355.99999985958175,175.00000038230021,1.0,0.8901960849761963,0.686274528503418,calibrated_uv_reprojection_plus_stereo_left
33.987831115722656,-105.5893783569336,-591.03662109375,201.56594726740997,231.40220782635996,-34.33558359734661,357.00000124175807,175.00000002825897,1.0,0.8509804010391235,0.6431372761726379,calibrated_uv_reprojection_plus_stereo_left
35.26967239379883,-105.65432739257812,-591.3757934570312,201.01716834381045,230.1643437052874,-34.55145655410985,357.99999942271285,174.99999483725531,1.0,0.7960784435272217,0.5960784554481506,calibrated_uv_reprojection_plus_stereo_left
36.56093978881836,-105.74178314208984,-591.8410034179688,200.5314166691074,228.87302740870507,-34.85905365679548,358.99999792163356,175.00000357667255,1.0,0.7529411911964417,0.5607843399047852,calibrated_uv_reprojection_plus_stereo_left
37.83236312866211,-105.7676773071289,-591.9615478515625,199.86989143096736,227.722731372758,-34.91569136486822,360.00000047412556,175.00000168835894,1.0,0.7215686440467834,0.5372549295425415,calibrated_uv_reprojection_plus_stereo_left
39.09566879272461,-105.76971435546875,-591.9485473632812,199.14050367303372,226.62744995004437,-34.875103769001726,360.99999952894717,174.99999793954782,1.0,0.7098039388656616,0.529411792755127,calibrated_uv_reprojection_plus_stereo_left
40.372398376464844,-105.80655670166016,-592.13037109375,198.50921080702784,225.4505345715378,-34.97631829784285,362.00000175995535,175.00000047355667,1.0,0.6980392336845398,0.5137255191802979,calibrated_uv_reprojection_plus_stereo_left
41.65181350708008,-105.8477783203125,-592.336669921875,197.88967244140463,224.26249246690597,-35.09532061677061,363.00000051761145,175.00000113232272,1.0,0.6823529601097107,0.49803921580314636,calibrated_uv_reprojection_plus_stereo_left
42.94541931152344,-105.92135620117188,-592.7239990234375,197.3603086490836,222.99709725943603,-35.34603811573419,363.9999997026605,175.00000023095794,1.0,0.6745098233222961,0.4745098054409027,calibrated_uv_reprojection_plus_stereo_left
44.20787048339844,-105.91586303710938,-592.6688842773438,196.60853560528386,221.91768531319025,-35.274754371286804,364.9999990328883,175.0000058692886,1.0,0.6745098233222961,0.4745098054409027,calibrated_uv_reprojection_plus_stereo_left
45.474517822265625,-105.92024993896484,-592.6690063476562,195.88435928620817,220.81478425220106,-35.24365945812599,365.9999991818339,175.0000048329153,1.0,0.7372549176216125,0.5568627715110779,calibrated_uv_reprojection_plus_stereo_left
46.741424560546875,-105.92479705810547,-592.6699829101562,195.16050359928363,219.71134771908257,-35.21317801734875,366.9999985304232,174.99999838539227,1.0,0.7607843279838562,0.5843137502670288,calibrated_uv_reprojection_plus_stereo_left
47.99831008911133,-105.90678405761719,-592.5447998046875,194.373872933734,218.66193753297551,-35.090913219923266,367.99999907849946,175.00000145054156,0.9882352948188782,0.7960784435272217,0.6392157077789307,calibrated_uv_reprojection_plus_stereo_left
49.32512283325195,-106.03984069824219,-593.2647705078125,194.00612627465665,217.248197227025,-35.583480765353386,369.00000144404726,174.99999782205052,0.9607843160629272,0.843137264251709,0.686274528503418,calibrated_uv_reprojection_plus_stereo_left
-6.435201168060303,-106.65414428710938,-604.9878540039062,231.30950562220494,262.1196090735914,-46.16893057374256,324.99999986005747,176.0000005693571,0.6784313917160034,0.4470588266849518,0.26274511218070984,calibrated_uv_reprojection_plus_stereo_left
-5.141808986663818,-106.48780822753906,-604.019775390625,230.045812036317,261.3402315728378,-45.429845057472335,325.99999989767036,175.99999698064843,0.8901960849761963,0.5686274766921997,0.3607843220233917,calibrated_uv_reprojection_plus_stereo_left
-3.8577208518981934,-106.47008514404297,-603.8947143554688,229.2438218238375,260.2670205604187,-45.306910016466816,326.9999999618676,175.99999543363495,1.0,0.6235294342041016,0.3960784375667572,calibrated_uv_reprojection_plus_stereo_left
-2.563084125518799,-106.00215148925781,-601.2162475585938,227.05345259394608,260.0991579389254,-43.31816746013175,328.0000000905727,176.00000260012058,1.0,0.6235294342041016,0.3843137323856354,calibrated_uv_reprojection_plus_stereo_left
-1.285444974899292,-106.01311492919922,-601.2539672851562,226.34327894795643,258.97325791875625,-43.314317972815104,328.99999995797776,175.99999668606176,1.0,0.6235294342041016,0.3843137323856354,calibrated_uv_reprojection_plus_stereo_left
-0.007448941003531218,-105.9853286743164,-601.0719604492188,225.5139424963482,257.92574739672943,-43.14992807217209,329.99999998857106,175.99999634470183,1.0,0.6235294342041016,0.3803921639919281,calibrated_uv_reprojection_plus_stereo_left
1.2700297832489014,-105.96278381347656,-600.919677734375,224.70099506871486,256.86804047020223,-43.007266735955454,331.0000000420624,175.99999446500823,1.0,0.6274510025978088,0.3803921639919281,calibrated_uv_reprojection_plus_stereo_left
2.5430121421813965,-105.7720947265625,-599.81396484375,223.37444994976056,256.1557344877827,-42.16813336978231,331.9999999407408,176.00000306579727,1.0,0.6313725709915161,0.3803921639919281,calibrated_uv_reprojection_plus_stereo_left
3.8142483234405518,-105.65792846679688,-599.1422119140625,222.28384367716995,255.28951767108762,-41.64609513064704,332.9999999117604,176.00000403040315,1.0,0.6274510025978088,0.3803921639919281,calibrated_uv_reprojection_plus_stereo_left
5.083712100982666,-105.5622787475586,-598.575439453125,221.25109278226358,254.3872394139795,-41.20079469779051,333.9999999062216,175.99999588437194,1.0,0.6274510025978088,0.3921568691730499,calibrated_uv_reprojection_plus_stereo_left
6.349682331085205,-105.44542694091797,-597.8885498046875,220.15530408365078,253.53102830997324,-40.66782617390538,335.0000000615905,175.99999589021593,1.0,0.6274510025978088,0.38823530077934265,calibrated_uv_reprojection_plus_stereo_left
7.610416889190674,-105.29389190673828,-597.0050659179688,218.95607849962147,252.7497881715704,-39.9913521857539,336.0000002958638,175.9999964228552,1.0,0.6235294342041016,0.37254902720451355,calibrated_uv_reprojection_plus_stereo_left
8.857294082641602,-105.02033996582031,-595.4298706054688,217.3903028803856,252.2283575786063,-38.809846132385815,336.99999979936035,175.99999905506684,1.0,0.6313725709915161,0.3843137323856354,calibrated_uv_reprojection_plus_stereo_left
10.097454071044922,-104.74462890625,-593.842529296875,215.82179672003787,251.7171234480783,-37.61962848901703,338.0000001842867,175.99999759694333,1.0,0.6745098233222961,0.4470588266849518,calibrated_uv_reprojection_plus_stereo_left
11.330816268920898,-104.46675109863281,-592.2430419921875,214.25060069697378,251.21615897858894,-36.42070501635851,339.0000002469238,175.99999785661902,1.0,0.729411780834198,0.5098039507865906,calibrated_uv_reprojection_plus_stereo_left
12.583358764648438,-104.40290069580078,-591.8569946289062,213.32535758953628,250.26388916339704,-36.10786614535692,340.0000001387653,175.9999978953981,1.0,0.7882353067398071,0.572549045085907,calibrated_uv_reprojection_plus_stereo_left
13.829968452453613,-104.30525207519531,-591.2793579101562,212.29978931024567,249.38540272570518,-35.6551930854402,341.0000008946553,175.99999460208375,1.0,0.8470588326454163,0.6392157077789307,calibrated_uv_reprojection_plus_stereo_left
15.07458782196045,-104.20952606201172,-590.7127075195312,211.28130105752138,248.50471756078036,-35.21059975791286,342.0000002773374,175.99999756850485,1.0,0.8980392217636108,0.6980392336845398,calibrated_uv_reprojection_plus_stereo_left
16.3253231048584,-104.1669921875,-590.4476318359375,210.4225760248807,247.51069727856458,-34.98619301034847,342.99999991210234,176.00000396117014,1.0,0.9176470637321472,0.7019608020782471,calibrated_uv_reprojection_plus_stereo_left
17.578107833862305,-104.14215850830078,-590.2828369140625,209.61697622324505,246.47897149915912,-34.83499673238708,344.0000007786312,176.00000155094554,1.0,0.9058823585510254,0.686274528503418,calibrated_uv_reprojection_plus_stereo_left
18.834468841552734,-104.13993835449219,-590.2462158203125,208.87872160830273,245.39822486674592,-34.777357658853646,344.99999978460227,175.99999839128623,1.0,0.8941176533699036,0.6784313917160034,calibrated_uv_reprojection_plus_stereo_left
20.089570999145508,-104.13099670410156,-590.1715698242188,208.12059215757273,244.33219839360967,-34.69197438747727,345.9999994467847,176.00000512656737,1.0,0.8941176533699036,0.6784313917160034,calibrated_uv_reprojection_plus_stereo_left
21.345291137695312,-104.12570190429688,-590.1174926757812,207.37325785228245,243.2582595353233,-34.621594607788836,347.000000100533,175.99999759539187,1.0,0.8588235378265381,0.6666666865348816,calibrated_uv_reprojection_plus_stereo_left
22.597200393676758,-104.10302734375,-589.9649658203125,206.57479942090959,242.2229025266978,-34.47938364800706,348.00000050772655,175.99999607962326,1.0,0.8352941274642944,0.6431372761726379,calibrated_uv_reprojection_plus_stereo_left
23.856332778930664,-104.11387634277344,-590.00244140625,205.8750697962035,241.11320674638452,-34.47581532333891,349.0000008587683,175.99999725655357,1.0,0.8666666746139526,0.6745098233222961,calibrated_uv_reprojection_plus_stereo_left
25.117597579956055,-104.13211822509766,-590.0818481445312,205.19681526724776,239.98663955781083,-34.50283413187168,349.9999987634899,176.00000472565256,1.0,0.9254902005195618,0.7372549176216125,calibrated_uv_reprojection_plus_stereo_left
26.382171630859375,-104.16133117675781,-590.2233276367188,204.55028362464407,238.8349530525938,-34.57511521729805,351.0000007028805,176.00000041130522,0.9764705896377563,0.8745098114013672,0.6823529601097107,calibrated_uv_reprojection_plus_stereo_left
27.635902404785156,-104.14669799804688,-590.1163940429688,203.7754634323835,237.78168212527123,-34.46617266023969,351.9999993072114,176.00000215073263,0.9647058844566345,0.8627451062202454,0.6705882549285889,calibrated_uv_reprojection_plus_stereo_left
28.903223037719727,-104.18199920654297,-590.2923583984375,203.14602909890192,236.61525385171024,-34.563582189676765,353.0000003338821,175.99999912506706,0.9803921580314636,0.9450980424880981,0.7411764860153198,calibrated_uv_reprojection_plus_stereo_left
30.169689178466797,-104.21109771728516,-590.4331665039062,202.49805023675657,235.46216145027736,-34.63532749287606,354.0000013996596,175.99999674935418,0.9490196108818054,0.8666666746139526,0.6705882549285889,calibrated_uv_reprojection_plus_stereo_left
31.435928344726562,-104.23682403564453,-590.554931640625,201.83988185168158,234.31609272313383,-34.69317231976436,354.9999982522612,176.000005214333,1.0,0.8980392217636108,0.7137255072593689,calibrated_uv_reprojection_plus_stereo_left
32.69996643066406,-104.25326538085938,-590.6239624023438,201.15443866746506,233.1908190882354,-34.712532014688975,356.000001092857,175.9999970237646,1.0,0.9098039269447327,0.7058823704719543,calibrated_uv_reprojection_plus_stereo_left
33.97193145751953,-104.29255676269531,-590.822509765625,200.53456879134467,232.012261886808,-34.826330686941844,356.9999990409038,175.99999994264272,1.0,0.9450980424880981,0.7176470756530762,calibrated_uv_reprojection_plus_stereo_left
35.23006820678711,-104.28783416748047,-590.771728515625,199.78762433109944,230.9350455809323,-34.75830831877295,357.9999978839495,176.00000600868043,1.0,0.9058823585510254,0.6784313917160034,calibrated_uv_reprojection_plus_stereo_left
36.492530822753906,-104.29554748535156,-590.7913208007812,199.0763135767562,229.82885274643616,-34.74158905447297,359.0000000786308,176.00000208876523,1.0,0.8784313797950745,0.6509804129600525,calibrated_uv_reprojection_plus_stereo_left
37.73825454711914,-104.25626373291016,-590.5447387695312,198.23047071112683,228.8325696253523,-34.53081409114327,359.9999987355391,176.00000364675685,1.0,0.843137264251709,0.6235294342041016,calibrated_uv_reprojection_plus_stereo_left
39.01181411743164,-104.29368591308594,-590.7326049804688,197.6039130216045,227.65644605091555,-34.636765247796404,361.00000259441555,175.99999956863428,1.0,0.7921568751335144,0.5803921818733215,calibrated_uv_reprojection_plus_stereo_left
40.27150344848633,-104.29263305664062,-590.7025756835938,196.86731918255902,226.57044323838127,-34.5838636242911,361.9999991916313,176.0000013649541,1.0,0.7254902124404907,0.529411792755127,calibrated_uv_reprojection_plus_stereo_left
41.547813415527344,-104.33314514160156,-590.907958984375,196.24866600552366,225.38565442913634,-34.702549569830694,362.9999997256613,176.00000372327318,1.0,0.7176470756530762,0.5254902243614197,calibrated_uv_reprojection_plus_stereo_left
42.811195373535156,-104.33955383300781,-590.920166015625,195.53282733852564,224.2813085356017,-34.68041476535694,363.9999986384107,176.00000417521073,1.0,0.7176470756530762,0.5215686559677124,calibrated_uv_reprojection_plus_stereo_left
44.0806999206543,-104.3598861694336,-591.0111694335938,194.85615226143784,223.14340649714345,-34.715694552803086,364.9999987572901,175.99999742839196,1.0,0.7019608020782471,0.501960813999176,calibrated_uv_reprojection_plus_stereo_left
45.34543991088867,-104.36790466308594,-591.032470703125,194.14446159880788,222.0346203414897,-34.7001698906123,366.0000007162512,175.99999655947784,1.0,0.6784313917160034,0.4901960790157318,calibrated_uv_reprojection_plus_stereo_left
46.602291107177734,-104.35762786865234,-590.9501953125,193.38120476404157,220.9698018511242,-34.60916731131874,366.99999971365804,175.99999991519778,1.0,0.6666666865348816,0.47843137383461,calibrated_uv_reprojection_plus_stereo_left
47.86061096191406,-104.35090637207031,-590.8880004882812,192.62798617488562,219.89650864290357,-34.53279484417533,368.00000024420086,175.99999565161846,0.9960784316062927,0.7058823704719543,0.5254902243614197,calibrated_uv_reprojection_plus_stereo_left
49.1353759765625,-104.3792724609375,-591.0245361328125,191.9729435719933,218.73772388457522,-34.60121825563073,368.99999879159674,175.99999886304127,0.9803921580314636,0.7450980544090271,0.5647059082984924,calibrated_uv_reprojection_plus_stereo_left
50.42639923095703,-104.439697265625,-591.3425903320312,191.40687073128095,217.49977217994484,-34.801863438547684,369.9999999969672,176.0000042346291,0.929411768913269,0.7843137383460999,0.6000000238418579,calibrated_uv_reprojection_plus_stereo_left
51.762168884277344,-104.58741760253906,-592.15478515625,191.08273401918063,216.0458742962378,-35.36242745885431,371.00000063335386,175.99999825101952,0.9764705896377563,0.8274509906768799,0.6470588445663452,calibrated_uv_reprojection_plus_stereo_left
53.16310119628906,-104.85643768310547,-593.6536865234375,191.09309412019775,214.2892931421061,-36.423109701357134,372.0000007919323,175.99999614189426,0.95686274766922,0.8627451062202454,0.6941176652908325,calibrated_uv_reprojection_plus_stereo_left
-6.440927028656006,-105.39774322509766,-605.1557006835938,230.45928971087466,262.5951293850303,-46.952343239406446,324.99999981694106,176.9999959395979,0.6980392336845398,0.48627451062202454,0.2862745225429535,calibrated_uv_reprojection_plus_stereo_left
-5.14451789855957,-105.17927551269531,-603.8770751953125,229.0276710802733,261.9232711477471,-45.98494974177896,325.9999999756144,176.99999536816603,0.8980392217636108,0.5843137502670288,0.3607843220233917,calibrated_uv_reprojection_plus_stereo_left
-3.8573861122131348,-105.07079315185547,-603.2300415039062,227.94229125065272,261.0338365001217,-45.47992772415296,326.99999997058575,177.00000123348423,1.0,0.6235294342041016,0.38823530077934265,calibrated_uv_reprojection_plus_stereo_left
-2.568208932876587,-104.77461242675781,-601.5054321289062,226.27406351796725,260.5276162445985,-44.186381646386735,327.99999988618185,176.99999925554346,1.0,0.6235294342041016,0.3764705955982208,calibrated_uv_reprojection_plus_stereo_left
-1.2892533540725708,-104.72906494140625,-601.2197875976562,225.38844625117076,259.5161788538093,-43.9459871724124,329.00000003868763,176.9999994177826,1.0,0.6274510025978088,0.37254902720451355,calibrated_uv_reprojection_plus_stereo_left
-0.011323769576847553,-104.73120880126953,-601.2079467773438,224.65121591735993,258.4078102810654,-43.90596288120673,330.0000000037643,177.00000134628817,1.0,0.6274510025978088,0.37254902720451355,calibrated_uv_reprojection_plus_stereo_left
1.2662546634674072,-104.69247436523438,-600.96142578125,223.7875071066964,257.38359278966954,-43.69422799661413,330.9999999616591,176.9999997782685,1.0,0.6274510025978088,0.37254902720451355,calibrated_uv_reprojection_plus_stereo_left
2.540032386779785,-104.53248596191406,-600.0189208984375,222.55027312724718,256.6113474521088,-42.973330785009296,332.00000004821993,176.99999828772317,1.0,0.6274510025978088,0.37254902720451355,calibrated_uv_reprojection_plus_stereo_left
3.8135013580322266,-104.4685287475586,-599.6277465820312,221.61082158684815,255.64239422750825,-42.65585839571287,332.9999999677884,177.0000049006179,1.0,0.6274510025978088,0.37254902720451355,calibrated_uv_reprojection_plus_stereo_left
5.08512020111084,-104.39678192138672,-599.1918334960938,220.64828507800843,254.69103202835183,-42.305690623714725,333.9999999227521,177.0000036450386,1.0,0.6274510025978088,0.3803921639919281,calibrated_uv_reprojection_plus_stereo_left
6.354614734649658,-104.31742858886719,-598.7122802734375,219.66340803933514,253.7571100848718,-41.92364186264399,334.9999999256431,177.00000029737944,1.0,0.6274510025978088,0.3764705955982208,calibrated_uv_reprojection_plus_stereo_left
7.6201090812683105,-104.2086181640625,-598.063720703125,218.58958540585337,252.8870550301263,-41.41802972307346,336.00000027331595,176.99999912952055,1.0,0.6235294342041016,0.364705890417099,calibrated_uv_reprojection_plus_stereo_left
8.874677658081055,-104.00184631347656,-596.85302734375,217.21856527921193,252.22735340993242,-40.50136948701993,337.00000028550096,176.99999871708587,1.0,0.6196078658103943,0.364705890417099,calibrated_uv_reprojection_plus_stereo_left
10.122539520263672,-103.77715301513672,-595.53955078125,215.79590144295884,251.61021119592994,-39.50966385827331,338.0000006058055,176.99999386925182,1.0,0.6196078658103943,0.3686274588108063,calibrated_uv_reprojection_plus_stereo_left
11.364840507507324,-103.55095672607422,-594.2176513671875,214.3718583075057,251.00092695200073,-38.51194058703766,339.00000015889543,177.00000276783015,1.0,0.6196078658103943,0.3764705955982208,calibrated_uv_reprojection_plus_stereo_left
12.603009223937988,-103.33544158935547,-592.95703125,212.98327208417288,250.37333815211778,-37.55914697595057,340.00000054676707,176.99999598813204,1.0,0.6352941393852234,0.40392157435417175,calibrated_uv_reprojection_plus_stereo_left
13.846795082092285,-103.20034790039062,-592.1580200195312,211.84064700122963,249.57593808241174,-36.94398266480147,341.000000324933,176.99999708909752,1.0,0.6745098233222961,0.4588235318660736,calibrated_uv_reprojection_plus_stereo_left
15.087031364440918,-103.06292724609375,-591.3457641601562,210.6928964080683,248.786363766826,-36.31921841909798,341.9999999043646,177.00000458407754,1.0,0.7254902124404907,0.5215686559677124,calibrated_uv_reprojection_plus_stereo_left
16.330556869506836,-102.96685791015625,-590.770751953125,209.67134014908885,247.90915759323465,-35.8679597526467,342.99999920120564,177.00000229704224,1.0,0.7921568751335144,0.5843137502670288,calibrated_uv_reprojection_plus_stereo_left
17.571205139160156,-102.86714935302734,-590.1749267578125,208.64019130174051,247.0418942318226,-35.40154480876754,343.99999931305405,177.00000326523363,1.0,0.8588235378265381,0.6470588445663452,calibrated_uv_reprojection_plus_stereo_left
18.824310302734375,-102.84832763671875,-590.0431518554688,207.85242279654796,245.99798520462213,-35.274368677133225,344.99999936727113,176.99999816721441,1.0,0.9176470637321472,0.7019608020782471,calibrated_uv_reprojection_plus_stereo_left
20.078834533691406,-102.83866119384766,-589.9639282226562,207.09220754498307,244.93406664205256,-35.18561180992964,346.0000004857756,176.99999617696625,1.0,0.9176470637321472,0.7058823704719543,calibrated_uv_reprojection_plus_stereo_left
21.33197593688965,-102.82303619384766,-589.8505859375,206.31435784834355,243.88354634358248,-35.071929439938685,347.0000000138303,177.0000025383166,1.0,0.9019607901573181,0.6901960968971252,calibrated_uv_reprojection_plus_stereo_left
22.581727981567383,-102.79331970214844,-589.6563110351562,205.49477170151073,242.8648852206255,-34.899101985932816,348.0000014395538,176.9999943678646,1.0,0.8901960849761963,0.6823529601097107,calibrated_uv_reprojection_plus_stereo_left
23.839879989624023,-102.80257415771484,-589.6856689453125,204.79109061787705,241.75901641190765,-34.88970900226292,349.00000002634835,176.99999723981114,1.0,0.8588235378265381,0.658823549747467,calibrated_uv_reprojection_plus_stereo_left
25.09859848022461,-102.8128433227539,-589.7208251953125,204.09021759697873,240.6505816197837,-34.88454337677666,350.0000015916445,176.99999790888563,1.0,0.8784313797950745,0.6784313917160034,calibrated_uv_reprojection_plus_stereo_left
26.36008644104004,-102.83260345458984,-589.8104248046875,203.4171481192243,239.5202849065924,-34.91914748624953,350.9999995912286,177.00000037951406,0.9882352948188782,0.8313725590705872,0.6352941393852234,calibrated_uv_reprojection_plus_stereo_left
27.609329223632812,-102.80462646484375,-589.626220703125,202.60327985851245,238.49847447024476,-34.75370816108574,351.99999971363945,177.00000269834646,1.0,0.8745098114013672,0.6745098233222961,calibrated_uv_reprojection_plus_stereo_left
28.875612258911133,-102.83946228027344,-589.80224609375,201.9741248058105,237.33312276937323,-34.85143060516447,352.9999989941927,177.00000166326677,0.9882352948188782,0.886274516582489,0.6705882549285889,calibrated_uv_reprojection_plus_stereo_left
30.141986846923828,-102.87139129638672,-589.9616088867188,201.3359194966206,236.17364645840402,-34.936960966065044,353.9999990018481,177.00000417346695,0.9607843160629272,0.8274509906768799,0.6235294342041016,calibrated_uv_reprojection_plus_stereo_left
31.407180786132812,-102.8966064453125,-590.0823974609375,200.67757378747126,235.0289759553435,-34.994290325380234,355.0000000905442,176.99999896194083,0.9843137264251709,0.8235294222831726,0.6352941393852234,calibrated_uv_reprojection_plus_stereo_left
32.65874481201172,-102.87666320800781,-589.9442749023438,199.8872522816011,233.98868099795416,-34.862512879753126,355.9999984339722,177.00000236143347,1.0,0.8941176533699036,0.686274528503418,calibrated_uv_reprojection_plus_stereo_left
33.924461364746094,-102.9008560180664,-590.0592041015625,199.22544228895902,232.84565032958204,-34.915543793721895,356.999998441146,176.99999981539875,1.0,0.95686274766922,0.7254902124404907,calibrated_uv_reprojection_plus_stereo_left
35.17948532104492,-102.89177703857422,-589.9833374023438,198.46675411344216,231.78009689066803,-34.82923041984799,358.00000027349625,176.99999700362991,0.9960784316062927,0.9254902005195618,0.6901960968971252,calibrated_uv_reprojection_plus_stereo_left
36.43281936645508,-102.8782958984375,-589.8822631835938,197.69542115261402,230.72502318103733,-34.724516801629875,359.00000182228973,176.99999849622935,0.9960784316062927,0.9411764740943909,0.6980392336845398,calibrated_uv_reprojection_plus_stereo_left
37.683876037597656,-102.85926055908203,-589.7493896484375,196.9082197328163,229.68329654249732,-34.596595024579244,359.99999931508125,177.00000573002774,1.0,0.95686274766922,0.7058823704719543,calibrated_uv_reprojection_plus_stereo_left
38.94826126098633,-102.87642669677734,-589.823974609375,196.22539712512838,228.55583690403896,-34.62013553973293,361.00000113734706,176.99999862091448,1.0,0.929411768913269,0.6745098233222961,calibrated_uv_reprojection_plus_stereo_left
40.212493896484375,-102.89189910888672,-589.8888549804688,195.5374211908748,227.43197849813632,-34.63658026372366,362.00000219983355,176.99999363866164,1.0,0.8745098114013672,0.6431372761726379,calibrated_uv_reprojection_plus_stereo_left
41.480838775634766,-102.91641235351562,-590.005615234375,194.87509121883465,226.28600830185715,-34.690890165980136,363.00000026761575,176.99999681748176,1.0,0.8313725590705872,0.6039215922355652,calibrated_uv_reprojection_plus_stereo_left
42.7318229675293,-102.89745330810547,-589.8731689453125,194.08816342716784,225.24419124905958,-34.56328170439758,363.99999996737273,177.00000237235736,1.0,0.7568627595901489,0.5372549295425415,calibrated_uv_reprojection_plus_stereo_left
44.00127410888672,-102.92257690429688,-589.9933471679688,193.4270541384244,224.09603206926334,-34.62005960496725,365.00000035407237,176.99999656832708,1.0,0.7254902124404907,0.5098039507865906,calibrated_uv_reprojection_plus_stereo_left
45.26590347290039,-102.93512725830078,-590.04150390625,192.72981633747088,222.9778074895869,-34.62426298974964,365.9999993621793,176.99999960728456,1.0,0.7137255072593689,0.501960813999176,calibrated_uv_reprojection_plus_stereo_left
46.51679611206055,-102.9164047241211,-589.9103393554688,191.94364273583233,221.93560661798242,-34.49758767881622,367.0000030938197,176.9999944005823,1.0,0.7176470756530762,0.5058823823928833,calibrated_uv_reprojection_plus_stereo_left
47.792659759521484,-102.9522705078125,-590.0921630859375,191.31213004717864,220.75984694285415,-34.5993236793517,367.9999994481501,177.00000264270386,1.0,0.7176470756530762,0.5098039507865906,calibrated_uv_reprojection_plus_stereo_left
49.04879379272461,-102.9447021484375,-590.0249633789062,190.55748346871587,219.69023164426753,-34.519326212133706,368.9999977541129,177.0000020894672,0.9921568632125854,0.6941176652908325,0.4941176474094391,calibrated_uv_reprojection_plus_stereo_left
50.30595397949219,-102.93941497802734,-589.9708251953125,189.80930259265972,218.61505526934468,-34.44885948757047,370.0000024337668,176.99999956961182,0.9647058844566345,0.686274528503418,0.501960813999176,calibrated_uv_reprojection_plus_stereo_left
51.57100296020508,-102.9499740600586,-590.0075073242188,189.10563529524757,217.5005624668713,-34.44465332799143,370.9999993564399,176.99999764866595,0.9803921580314636,0.6901960968971252,0.5176470875740051,calibrated_uv_reprojection_plus_stereo_left
52.80044937133789,-102.89046478271484,-589.6426391601562,188.2055677911772,216.56053346221125,-34.147504340878356,372.0000011113933,176.9999961126701,0.9803921580314636,0.7058823704719543,0.5529412031173706,calibrated_uv_reprojection_plus_stereo_left
54.093421936035156,-102.9544677734375,-589.9856567382812,187.65128511677415,215.31228622655271,-34.3667666509391,372.9999967983914,177.000003822895,0.9882352948188782,0.7607843279838562,0.6078431606292725,calibrated_uv_reprojection_plus_stereo_left
-6.44636344909668,-104.13589477539062,-605.2962036132812,229.59364481038278,263.080449825476,-47.71609312746784,325.00000016904755,178.00000096621886,0.7098039388656616,0.47843137383461,0.22745098173618317,calibrated_uv_reprojection_plus_stereo_left
-5.1472086906433105,-103.87098693847656,-603.732421875,228.00889454009427,262.5067516498029,-46.53832468831678,325.9999998152891,178.0000008184944,0.9176470637321472,0.6000000238418579,0.3490196168422699,calibrated_uv_reprojection_plus_stereo_left
-3.859994888305664,-103.75366973876953,-603.0265502929688,226.89274531762925,261.63768366817703,-45.989521932081345,326.9999999182524,177.99999774100894,1.0,0.6235294342041016,0.3764705955982208,calibrated_uv_reprojection_plus_stereo_left
-2.574507236480713,-103.59291076660156,-602.0682983398438,225.64173436540614,260.8600714443173,-45.25582156130855,328.0000001577029,178.00000070463665,1.0,0.6274510025978088,0.3686274588108063,calibrated_uv_reprojection_plus_stereo_left
-1.2940014600753784,-103.52034759521484,-601.6226196289062,224.6694722080033,259.90410808487155,-44.897850599626054,328.9999999674425,177.9999954317662,1.0,0.6274510025978088,0.364705890417099,calibrated_uv_reprojection_plus_stereo_left
-0.015203362330794334,-103.49665069580078,-601.4610595703125,223.85109985566152,258.8483774021612,-44.74813241421725,330.000000013431,178.00000430327256,1.0,0.6235294342041016,0.3686274588108063,calibrated_uv_reprojection_plus_stereo_left
1.2630174160003662,-103.46607208251953,-601.2594604492188,223.01151400037747,257.8074153993277,-44.569082742410615,330.9999999609849,178.00000544617396,1.0,0.6235294342041016,0.3686274588108063,calibrated_uv_reprojection_plus_stereo_left
2.5364487171173096,-103.26750946044922,-600.0817260742188,221.6492645714714,257.1185230431844,-43.67484006642559,331.9999998933589,178.00000632387008,1.0,0.6313725709915161,0.3686274588108063,calibrated_uv_reprojection_plus_stereo_left
3.8100249767303467,-103.20329284667969,-599.6846923828125,220.70714753733876,256.15125585973595,-43.352686779308385,332.99999988794013,178.00000241882321,1.0,0.6274510025978088,0.3686274588108063,calibrated_uv_reprojection_plus_stereo_left
5.083474159240723,-103.16683959960938,-599.448974609375,219.85193506914248,255.12660323815746,-43.14874592067156,334.00000015167325,177.99999438301654,1.0,0.6313725709915161,0.3686274588108063,calibrated_uv_reprojection_plus_stereo_left
6.354351043701172,-103.10177612304688,-599.047119140625,218.9087604029815,254.16340812182239,-42.82312973344716,335.00000003413163,177.99999711333538,1.0,0.6274510025978088,0.3686274588108063,calibrated_uv_reprojection_plus_stereo_left
7.6175336837768555,-102.95320892333984,-598.16015625,217.70887534116736,253.3798081916117,-42.14221820331517,336.00000004240457,178.0000028872533,1.0,0.6235294342041016,0.364705890417099,calibrated_uv_reprojection_plus_stereo_left
8.878500938415527,-102.82046508789062,-597.3651123046875,216.559742490485,252.56537096880515,-41.528712060761166,336.9999998791124,177.99999805468318,1.0,0.6196078658103943,0.3607843220233917,calibrated_uv_reprojection_plus_stereo_left
10.135110855102539,-102.6758804321289,-596.5014038085938,215.3761349189475,251.77920432646295,-40.86500123297742,337.99999997316314,178.00000212502272,1.0,0.6235294342041016,0.364705890417099,calibrated_uv_reprojection_plus_stereo_left
11.383685111999512,-102.49031066894531,-595.3995971679688,214.0689759137046,251.0848882250243,-40.02700343728674,339.00000052883104,177.99999704733565,1.0,0.6235294342041016,0.3607843220233917,calibrated_uv_reprojection_plus_stereo_left
12.615621566772461,-102.20637512207031,-593.7265625,212.46385717408572,250.608653193781,-38.77082761824471,339.99999976097644,178.00000611825453,1.0,0.6274510025978088,0.3529411852359772,calibrated_uv_reprojection_plus_stereo_left
13.85810661315918,-102.05115509033203,-592.8012084960938,211.2551607266568,249.8567470829996,-38.06228003757178,341.00000033949993,177.99999614676886,1.0,0.615686297416687,0.37254902720451355,calibrated_uv_reprojection_plus_stereo_left
15.10197925567627,-101.93058013916016,-592.0772705078125,210.15406915596805,249.03185462312007,-37.50130507622532,342.000000459968,178.0000005518537,1.0,0.6117647290229797,0.38823530077934265,calibrated_uv_reprojection_plus_stereo_left
16.343029022216797,-101.81044006347656,-591.3558959960938,209.0559739984766,248.20850493476522,-36.9422763291206,342.9999993318314,178.0000027041758,1.0,0.6431372761726379,0.4313725531101227,calibrated_uv_reprojection_plus_stereo_left
17.570491790771484,-101.62836456298828,-590.2748413085938,207.77205295368117,247.52517588663423,-36.120007273710144,343.99999928305306,178.00000451599124,1.0,0.6784313917160034,0.4745098054409027,calibrated_uv_reprojection_plus_stereo_left
18.820938110351562,-101.59417724609375,-590.052734375,206.93732133992444,246.51569936543274,-35.926605130504754,344.9999998014464,177.9999980653719,1.0,0.7411764860153198,0.5372549295425415,calibrated_uv_reprojection_plus_stereo_left
20.071590423583984,-101.5648422241211,-589.85888671875,206.11767426828072,245.49597632072164,-35.75391198887871,346.00000042453274,178.00000044987482,1.0,0.7882353067398071,0.5843137502670288,calibrated_uv_reprojection_plus_stereo_left
21.322858810424805,-101.54147338867188,-589.69970703125,205.3163338538999,244.46336160379238,-35.60660904760908,346.9999994220966,178.00000387387593,1.0,0.886274516582489,0.6784313917160034,calibrated_uv_reprojection_plus_stereo_left
22.568923950195312,-101.49690246582031,-589.4173583984375,204.45168056082088,243.4791711979021,-35.36917098279082,347.9999989682576,178.00000011830548,1.0,0.9254902005195618,0.7176470756530762,calibrated_uv_reprojection_plus_stereo_left
23.82221794128418,-101.4874267578125,-589.3388671875,203.692613587687,242.41603430489045,-35.28094570300101,348.99999977814167,178.00000186973716,1.0,0.9215686321258545,0.7215686440467834,calibrated_uv_reprojection_plus_stereo_left
25.078969955444336,-101.4925308227539,-589.3450317382812,202.97713570559785,241.31971447779236,-35.254670533974604,350.00000025182766,178.00000245404112,1.0,0.9058823585510254,0.7098039388656616,calibrated_uv_reprojection_plus_stereo_left
26.334762573242188,-101.49311065673828,-589.3248901367188,202.24805134408655,240.23360328814093,-35.20913894489195,351.0000000179272,177.99999865517228,1.0,0.886274516582489,0.6745098233222961,calibrated_uv_reprojection_plus_stereo_left
27.58664894104004,-101.47892761230469,-589.2190551757812,201.47507347861415,239.18143634933855,-35.10090947959196,352.0000005754163,177.99999850780839,1.0,0.8823529481887817,0.6666666865348816,calibrated_uv_reprojection_plus_stereo_left
28.851064682006836,-101.50975036621094,-589.37451171875,200.83557184659907,238.02523413648927,-35.18384510966325,353.00000058992464,177.99999547871266,1.0,0.8666666746139526,0.6431372761726379,calibrated_uv_reprojection_plus_stereo_left
30.116994857788086,-101.54279327392578,-589.5429077148438,200.20216039218082,236.86310642466375,-35.27623143718836,354.00000010217735,178.00000143734817,0.9960784316062927,0.8509804010391235,0.6274510025978088,calibrated_uv_reprojection_plus_stereo_left
31.38081169128418,-101.5660629272461,-589.6544799804688,199.53938083752183,235.7230661243845,-35.32702330070373,355.0000005939898,177.99999822212732,0.9921568632125854,0.8549019694328308,0.6313725709915161,calibrated_uv_reprojection_plus_stereo_left
32.6262092590332,-101.52993774414062,-589.4212646484375,198.70155032074092,234.72194830407662,-35.12560985502199,355.9999999606207,177.9999998420327,1.0,0.9176470637321472,0.6941176652908325,calibrated_uv_reprojection_plus_stereo_left
33.882965087890625,-101.53025817871094,-589.3995971679688,197.9710938014611,233.6355423508805,-35.07893646934713,357.00000041102345,177.999995991738,1.0,0.9647058844566345,0.7372549176216125,calibrated_uv_reprojection_plus_stereo_left
35.138458251953125,-101.52664184570312,-589.3551635742188,197.22909446443475,232.55835591732935,-35.01561887030033,357.9999978392033,178.00000425901766,0.9725490212440491,0.8745098114013672,0.6509804129600525,calibrated_uv_reprojection_plus_stereo_left
36.388492584228516,-101.50779724121094,-589.2222290039062,196.4425951106308,231.51745667906005,-34.8875723450671,358.999999482355,177.99999807610664,0.9803921580314636,0.886274516582489,0.6666666865348816,calibrated_uv_reprojection_plus_stereo_left
37.657779693603516,-101.54187774658203,-589.3965454101562,195.8104562220879,230.3502930505348,-34.984210757683286,359.99999992001585,177.99999763205585,1.0,0.9058823585510254,0.6705882549285889,calibrated_uv_reprojection_plus_stereo_left
38.90707778930664,-101.5213623046875,-589.2539672851562,195.0191806843203,229.31347552785323,-34.84912014069283,360.9999996882019,177.99999865600884,1.0,0.929411768913269,0.686274528503418,calibrated_uv_reprojection_plus_stereo_left
40.16739273071289,-101.52974700927734,-589.2791137695312,194.31188408325778,228.20728738760246,-34.836666136268036,362.00000103191206,177.99999697129306,1.0,0.9333333373069763,0.7058823704719543,calibrated_uv_reprojection_plus_stereo_left
41.43900680541992,-101.56509399414062,-589.4608154296875,193.6823807076567,227.03547064813313,-34.938665511638135,362.99999818210404,178.00000594417236,1.0,0.929411768913269,0.7019608020782471,calibrated_uv_reprojection_plus_stereo_left
42.66188430786133,-101.48220825195312,-588.9562377929688,192.71137509376712,226.15067098587215,-34.53894659291677,364.0000011348194,178.00000222592837,1.0,0.9254902005195618,0.6901960968971252,calibrated_uv_reprojection_plus_stereo_left
43.934112548828125,-101.51790618896484,-589.139892578125,192.08258118037793,224.97761813173048,-34.64235554410715,364.9999977882191,178.00000093503274,0.9960784316062927,0.9058823585510254,0.658823549747467,calibrated_uv_reprojection_plus_stereo_left
45.21001052856445,-101.55964660644531,-589.3585815429688,191.47054703722193,223.78888315324411,-34.77134646023785,365.9999991930404,177.99999793521505,1.0,0.8117647171020508,0.5686274766921997,calibrated_uv_reprojection_plus_stereo_left
46.463565826416016,-101.55008697509766,-589.2796020507812,190.71106724835164,222.72569310041425,-34.682757347956965,367.0000019179198,178.00000027569791,0.9960784316062927,0.7803921699523926,0.5372549295425415,calibrated_uv_reprojection_plus_stereo_left
47.74634552001953,-101.60304260253906,-589.5633544921875,190.1301154076694,221.50777908215156,-34.859259467950494,368.0000002236977,177.9999994763982,1.0,0.772549033164978,0.545098066329956,calibrated_uv_reprojection_plus_stereo_left
49.00103759765625,-101.5948486328125,-589.4923095703125,189.37425375650434,220.44077280693114,-34.77645865786786,368.9999983068343,178.00000447420578,1.0,0.7411764860153198,0.5215686559677124,calibrated_uv_reprojection_plus_stereo_left
50.25849914550781,-101.59247589111328,-589.4550170898438,188.63497850362666,219.35932408822856,-34.718321485250954,369.99999947178725,178.00000601229817,1.0,0.7098039388656616,0.5215686559677124,calibrated_uv_reprojection_plus_stereo_left
51.530208587646484,-101.61814880371094,-589.5803833007812,187.975112493869,218.20749451740147,-34.77902595311639,370.9999999587157,177.99999940920918,0.9921568632125854,0.686274528503418,0.501960813999176,calibrated_uv_reprojection_plus_stereo_left
52.74458694458008,-101.53205108642578,-589.057373046875,186.9990371968487,217.33666895609224,-34.36601447962596,371.9999980629886,178.00000589719915,0.9921568632125854,0.6666666865348816,0.4901960790157318,calibrated_uv_reprojection_plus_stereo_left
54.00615310668945,-101.53852081298828,-589.0713500976562,186.28501522459078,216.2333711269814,-34.34534334511574,372.99999846250466,178.00000183951573,0.9960784316062927,0.6705882549285889,0.4941176474094391,calibrated_uv_reprojection_plus_stereo_left
55.27191162109375,-101.5522232055664,-589.1273193359375,185.5911927900496,215.11145994600827,-34.3553447063436,373.999999833782,178.00000307516856,0.9921568632125854,0.6784313917160034,0.501960813999176,calibrated_uv_reprojection_plus_stereo_left
-7.771778106689453,-103.32195281982422,-608.1002197265625,230.9120569150847,263.7681932966989,-50.46717320334483,324.00000009179035,179.0000016868615,0.7529411911964417,0.5372549295425415,0.32549020648002625,calibrated_uv_reprojection_plus_stereo_left
-6.44961404800415,-102.83854675292969,-605.2313232421875,228.61608122368602,263.63713522050506,-48.32936979637998,324.9999997506102,178.99999598275213,0.7764706015586853,0.5058823823928833,0.23137255012989044,calibrated_uv_reprojection_plus_stereo_left
-5.146993160247803,-102.5054702758789,-603.2474365234375,226.80624587180364,263.2084512675367,-46.84155284574808,326.00000021661447,179.0000027494025,0.95686274766922,0.6235294342041016,0.3607843220233917,calibrated_uv_reprojection_plus_stereo_left
-3.8599488735198975,-102.36705017089844,-602.4091796875,225.62016962641093,262.38602134009335,-46.19488058455056,327.000000104573,179.00000485378803,1.0,0.6235294342041016,0.3686274588108063,calibrated_uv_reprojection_plus_stereo_left
-2.5794484615325928,-102.3546371459961,-602.3124389648438,224.83580402307297,261.3056552475807,-46.09255618397344,327.99999999522163,179.00000125919124,1.0,0.6274510025978088,0.35686275362968445,calibrated_uv_reprojection_plus_stereo_left
-1.2985254526138306,-102.29183197021484,-601.919189453125,223.89206281297066,260.3303393448815,-45.772617499315174,329.0000000190546,178.99999917569042,1.0,0.6313725709915161,0.35686275362968445,calibrated_uv_reprojection_plus_stereo_left
-0.01908743940293789,-102.26727294921875,-601.7510375976562,223.06997479160975,259.27628945031427,-45.61791441713626,330.0000000016977,179.00000055413363,1.0,0.6235294342041016,0.364705890417099,calibrated_uv_reprojection_plus_stereo_left
1.2597941160202026,-102.23983764648438,-601.56591796875,222.23910538595794,258.2287527446373,-45.45076777068806,331.00000006143944,178.99999479267052,1.0,0.6235294342041016,0.364705890417099,calibrated_uv_reprojection_plus_stereo_left
2.5333518981933594,-102.02188873291016,-600.2599487304688,220.80972901771582,257.58434827158413,-44.46117524888592,332.00000015157667,178.99999603416592,1.0,0.6274510025978088,0.3686274588108063,calibrated_uv_reprojection_plus_stereo_left
3.8071343898773193,-101.95349884033203,-599.833984375,219.8525127975347,256.62688069864095,-44.11740337133671,333.000000153097,178.9999958279242,1.0,0.6274510025978088,0.364705890417099,calibrated_uv_reprojection_plus_stereo_left
5.079800605773926,-101.89517974853516,-599.46728515625,218.9277435603184,255.649313560427,-43.81715177135004,334.00000012527613,178.99999387779235,1.0,0.6313725709915161,0.35686275362968445,calibrated_uv_reprojection_plus_stereo_left
6.35169792175293,-101.846435546875,-599.156982421875,218.03367607871604,254.65236824130278,-43.5583115427703,335.00000004976334,178.99999761795755,1.0,0.6274510025978088,0.35686275362968445,calibrated_uv_reprojection_plus_stereo_left
7.618164539337158,-101.7402114868164,-598.508544921875,216.9612446356022,253.7803659357241,-43.051448747735606,336.0000002011285,178.99999895425145,1.0,0.6235294342041016,0.3529411852359772,calibrated_uv_reprojection_plus_stereo_left
8.880402565002441,-101.61495971679688,-597.7482299804688,215.83118811121926,252.95182086895213,-42.46258408398296,337.00000018299966,179.00000100093777,1.0,0.6235294342041016,0.3529411852359772,calibrated_uv_reprojection_plus_stereo_left
10.1368989944458,-101.46269226074219,-596.8290405273438,214.61915209520316,252.18475738763303,-41.757261858898744,338.00000005452165,179.00000068222334,1.0,0.6274510025978088,0.3529411852359772,calibrated_uv_reprojection_plus_stereo_left
11.388076782226562,-101.29619598388672,-595.8262329101562,213.36528065208802,251.45205326822466,-40.99070381578639,338.9999996316441,179.00000133912357,1.0,0.6274510025978088,0.3490196168422699,calibrated_uv_reprojection_plus_stereo_left
12.618660926818848,-100.99748229980469,-594.0458374023438,211.70586594601025,251.01373261857054,-39.65398631409977,339.99999978417486,179.0000035582151,1.0,0.6274510025978088,0.3450980484485626,calibrated_uv_reprojection_plus_stereo_left
13.865859031677246,-100.87337493896484,-593.29248046875,210.5881532909275,250.19580322664993,-39.07059128435719,340.9999999476578,178.99999837268592,1.0,0.6274510025978088,0.3607843220233917,calibrated_uv_reprojection_plus_stereo_left
15.111198425292969,-100.75696563720703,-592.5845336914062,209.4958649297211,249.36335294981114,-38.52057475465244,342.0000001026364,179.00000391136757,1.0,0.6235294342041016,0.37254902720451355,calibrated_uv_reprojection_plus_stereo_left
16.351652145385742,-100.62787628173828,-591.802001953125,208.3663504586549,248.5616685065767,-37.91593491932298,342.9999994626576,179.00000074507835,1.0,0.615686297416687,0.3803921639919281,calibrated_uv_reprojection_plus_stereo_left
17.573209762573242,-100.40875244140625,-590.4901123046875,206.96353696675317,247.96464062250527,-36.923272306010915,343.99999891028193,179.00000628995252,1.0,0.6117647290229797,0.3803921639919281,calibrated_uv_reprojection_plus_stereo_left
18.82339096069336,-100.37102508544922,-590.2449951171875,206.1168804159219,246.96342245846168,-36.71279885895041,344.99999982200126,179.00000465720944,1.0,0.6235294342041016,0.3843137323856354,calibrated_uv_reprojection_plus_stereo_left
20.07159423828125,-100.32768249511719,-589.9668579101562,205.25363581674873,245.97566463405974,-36.47813932734101,346.0000000678355,179.00000085852292,1.0,0.6431372761726379,0.40392157435417175,calibrated_uv_reprojection_plus_stereo_left
21.318769454956055,-100.28417205810547,-589.6878051757812,204.3904812932475,244.98913102226697,-36.24283768388898,347.00000006938683,179.00000424501212,1.0,0.6980392336845398,0.48235294222831726,calibrated_uv_reprojection_plus_stereo_left
22.562767028808594,-100.23098754882812,-589.351806640625,203.49859246332534,244.0256038963324,-35.96581469814032,348.000001017978,178.99999661430536,1.0,0.7372549176216125,0.5254902243614197,calibrated_uv_reprojection_plus_stereo_left
23.811359405517578,-100.20236206054688,-589.1602783203125,202.68160477858078,243.00671676589062,-35.79470875146296,349.00000015439076,178.99999541088388,1.0,0.8313725590705872,0.6392157077789307,calibrated_uv_reprojection_plus_stereo_left
25.0631046295166,-100.18882751464844,-589.0575561523438,201.91046631001205,241.9535165296456,-35.68870557948634,349.9999996033746,179.00000340249778,1.0,0.886274516582489,0.6941176652908325,calibrated_uv_reprojection_plus_stereo_left
26.315336227416992,-100.1781005859375,-588.9712524414062,201.14787279677086,240.89404913494462,-35.59473175040824,350.999999191745,178.9999988133478,1.0,0.9372549057006836,0.7215686440467834,calibrated_uv_reprojection_plus_stereo_left
27.565811157226562,-100.16162109375,-588.8511962890625,200.3681616467424,239.84811545323666,-35.47603586765962,351.999999467474,179.0000028606159,1.0,0.9137254953384399,0.6980392336845398,calibrated_uv_reprojection_plus_stereo_left
28.829607009887695,-100.19255828857422,-589.0098876953125,199.73043245316154,238.69148163707877,-35.561583333263,352.9999988309313,179.00000546874196,1.0,0.8901960849761963,0.6823529601097107,calibrated_uv_reprojection_plus_stereo_left
30.09280014038086,-100.2186050415039,-589.1397705078125,199.07759229432781,237.54561172369046,-35.62599936169664,353.9999989939298,179.00000212989602,1.0,0.8784313797950745,0.658823549747467,calibrated_uv_reprojection_plus_stereo_left
31.35890769958496,-100.2515869140625,-589.3104248046875,198.44496430529927,236.38271048555836,-35.72026750355775,354.9999990255772,179.00000129005278,1.0,0.8745098114013672,0.6431372761726379,calibrated_uv_reprojection_plus_stereo_left
32.5952033996582,-100.19010925292969,-588.9258422851562,197.53139766265565,235.44316632619652,-35.40778384031222,355.9999987046522,179.0000033220592,1.0,0.9019607901573181,0.6666666865348816,calibrated_uv_reprojection_plus_stereo_left
33.84882354736328,-100.1842041015625,-588.8678588867188,196.78321226668345,234.3724196232508,-35.334557792347596,356.9999997992484,178.99999523503416,1.0,0.9137254953384399,0.6784313917160034,calibrated_uv_reprojection_plus_stereo_left
35.105201721191406,-100.18631744384766,-588.8571166992188,196.05878922107735,233.28248404547938,-35.29594379971962,357.999999635154,179.0000021312228,0.9843137264251709,0.843137264251709,0.615686297416687,calibrated_uv_reprojection_plus_stereo_left
36.34730911254883,-100.14871978759766,-588.6129150390625,195.21724187415327,232.28796937221722,-35.0863400292115,358.9999998312,179.00000091317253,0.9803921580314636,0.8274509906768799,0.6078431606292725,calibrated_uv_reprojection_plus_stereo_left
37.620819091796875,-100.19702911376953,-588.8735961914062,194.6286990004948,231.0866150274388,-35.2464947845657,359.9999996532515,178.99999675091317,0.9960784316062927,0.8196078538894653,0.6196078658103943,calibrated_uv_reprojection_plus_stereo_left
38.874122619628906,-100.18989562988281,-588.8084716796875,193.87685210127717,230.01868848768794,-35.16804273035041,360.999999053943,178.99999959098363,0.9803921580314636,0.7960784435272217,0.6000000238418579,calibrated_uv_reprojection_plus_stereo_left
40.12784957885742,-100.18402862548828,-588.7507934570312,193.1287590728519,228.94774609870626,-35.095045254477384,362.0000008976219,179.00000270589183,0.9960784316062927,0.9176470637321472,0.7098039388656616,calibrated_uv_reprojection_plus_stereo_left
41.402984619140625,-100.23013305664062,-588.9984741210938,192.5323090438594,227.74959931260705,-35.245619617584055,363.0000015997661,178.99999900153333,1.0,0.9725490212440491,0.7686274647712708,calibrated_uv_reprojection_plus_stereo_left
42.60100555419922,-100.09212493896484,-588.164306640625,191.39934667732314,227.00321743069696,-34.60412796296612,363.99999849121343,179.00000376194336,0.9960784316062927,1.0,0.7960784435272217,calibrated_uv_reprojection_plus_stereo_left
43.86876678466797,-100.1209716796875,-588.310546875,190.75267655599293,225.84755281264924,-34.68043386885296,365.0000015063126,178.9999958781418,0.9921568632125854,0.9960784316062927,0.7882353067398071,calibrated_uv_reprojection_plus_stereo_left
45.147064208984375,-100.17137908935547,-588.5835571289062,190.16800310091872,224.63765241157054,-34.849526028298385,366.00000158795615,179.00000150920746,0.9960784316062927,0.95686274766922,0.7176470756530762,calibrated_uv_reprojection_plus_stereo_left
46.4244384765625,-100.21688079833984,-588.8276977539062,189.568366364604,223.43881817264156,-34.99745178904794,366.9999974987274,179.00000428179328,0.9803921580314636,0.9333333373069763,0.6745098233222961,calibrated_uv_reprojection_plus_stereo_left
47.713443756103516,-100.28422546386719,-589.2001342773438,189.03093331369718,222.18424449065841,-35.23924681799423,367.9999985769952,179.00000499823818,1.0,0.8078431487083435,0.5803921818733215,calibrated_uv_reprojection_plus_stereo_left
48.968257904052734,-100.27791595458984,-589.1397705078125,188.28078481292374,221.11330609458858,-35.16424646194315,368.9999983999082,178.99999976151872,1.0,0.7843137383460999,0.5607843399047852,calibrated_uv_reprojection_plus_stereo_left
50.227699279785156,-100.28096771240234,-589.1344604492188,187.55752907625174,220.0187702139102,-35.1295412427732,369.9999984100907,179.00000218807432,1.0,0.7647058963775635,0.545098066329956,calibrated_uv_reprojection_plus_stereo_left
51.48974609375,-100.28876495361328,-589.156982421875,186.84772544373698,218.9120680603863,-35.11519421882065,371.0000017645723,178.99999883965546,1.0,0.7450980544090271,0.529411792755127,calibrated_uv_reprojection_plus_stereo_left
52.71999740600586,-100.2355728149414,-588.8212890625,185.9638513226646,217.96040617086342,-34.83873984907984,371.99999666619766,179.0000041950031,1.0,0.7254902124404907,0.5176470875740051,calibrated_uv_reprojection_plus_stereo_left
53.97452163696289,-100.2297592163086,-588.7638549804688,185.21544018948782,216.88867902385442,-34.76589720825797,372.9999982982417,178.99999981458984,1.0,0.7058823704719543,0.5098039507865906,calibrated_uv_reprojection_plus_stereo_left
55.22785186767578,-100.22187042236328,-588.6942749023438,184.4611881130337,215.8223125636481,-34.684173664678724,373.99999972071976,179.0000011970268,1.0,0.6823529601097107,0.49803921580314636,calibrated_uv_reprojection_plus_stereo_left
56.487709045410156,-100.22576141357422,-588.69384765625,183.7403210238836,214.72567538172035,-34.65303756410162,374.99999929205524,178.9999971782754,0.9921568632125854,0.6745098233222961,0.4941176474094391,calibrated_uv_reprojection_plus_stereo_left
-7.767398834228516,-101.92021179199219,-607.4473876953125,229.6112821309543,264.5291246668659,-50.65108028976306,323.9999998825901,179.99999959860514,0.7882353067398071,0.572549045085907,0.37254902720451355,calibrated_uv_reprojection_plus_stereo_left
-6.459948539733887,-101.65294647216797,-605.8309326171875,227.99834109094587,263.9642212038755,-49.43107816940358,324.9999999223435,179.9999956939037,0.8588235378265381,0.5921568870544434,0.3490196168422699,calibrated_uv_reprojection_plus_stereo_left
-5.160915374755859,-101.41993713378906,-604.4188232421875,226.49955683746407,263.33417875349045,-48.361478439389714,325.99999996148694,180.00000130618173,0.9921568632125854,0.6549019813537598,0.4156862795352936,calibrated_uv_reprojection_plus_stereo_left
-3.873023748397827,-101.32652282714844,-603.838623046875,225.4523335423732,262.4187915988903,-47.90358173199735,326.99999979501445,179.99999511234296,1.0,0.6235294342041016,0.3803921639919281,calibrated_uv_reprojection_plus_stereo_left
-2.5873513221740723,-101.23106384277344,-603.2463989257812,224.39993077593414,261.5096088728193,-47.436912112732955,328.00000003065435,180.00000448433494,1.0,0.6274510025978088,0.3686274588108063,calibrated_uv_reprojection_plus_stereo_left
-1.3045523166656494,-101.17829132080078,-602.9085083007812,223.48528111918677,260.5127229019391,-47.157237128138036,329.00000004121443,180.00000442544322,1.0,0.6274510025978088,0.3607843220233917,calibrated_uv_reprojection_plus_stereo_left
-0.022994594648480415,-101.12146759033203,-602.5464477539062,222.55841411821956,259.52548573453487,-46.859823428219784,329.9999999910644,179.9999974331243,1.0,0.6274510025978088,0.35686275362968445,calibrated_uv_reprojection_plus_stereo_left
1.2569504976272583,-101.04312896728516,-602.0562744140625,221.5639061076982,258.58509171927045,-46.46829338185421,330.9999999976777,179.99999792591038,1.0,0.6274510025978088,0.35686275362968445,calibrated_uv_reprojection_plus_stereo_left
2.532543182373047,-100.8667221069336,-600.9818115234375,220.25922140005548,257.85570444800743,-45.64742565072618,332.0000000786529,179.99999630149358,1.0,0.6313725709915161,0.35686275362968445,calibrated_uv_reprojection_plus_stereo_left
3.807877779006958,-100.79930114746094,-600.5568237304688,219.30222755758922,256.89620914479997,-45.303922493834534,332.9999999240195,180.00000296134272,1.0,0.6313725709915161,0.35686275362968445,calibrated_uv_reprojection_plus_stereo_left
5.0821003913879395,-100.74182891845703,-600.1910400390625,218.37756345166412,255.9166783368291,-45.00395210525443,334.0000003407133,179.99999686379402,1.0,0.6313725709915161,0.3529411852359772,calibrated_uv_reprojection_plus_stereo_left
6.355866432189941,-100.69871520996094,-599.910888671875,217.49897638178396,254.9071800144705,-44.766936885952646,334.99999979698964,179.99999954519808,1.0,0.6313725709915161,0.3529411852359772,calibrated_uv_reprojection_plus_stereo_left
7.612151145935059,-100.4381103515625,-598.3350830078125,215.93705422282642,254.37240342305648,-43.5780634026662,335.99999984779356,179.99999919564553,1.0,0.6274510025978088,0.3490196168422699,calibrated_uv_reprojection_plus_stereo_left
8.874356269836426,-100.31803131103516,-597.5964965820312,214.8197648306064,253.53555114894186,-43.00438553512225,337.00000013014886,179.9999968880252,1.0,0.6274510025978088,0.3450980484485626,calibrated_uv_reprojection_plus_stereo_left
10.131993293762207,-100.18194580078125,-596.7626953125,213.65412705646412,252.7364490399962,-42.360844756213965,337.9999997501394,180.0000049419608,1.0,0.6274510025978088,0.3450980484485626,calibrated_uv_reprojection_plus_stereo_left
11.389165878295898,-100.07127380371094,-596.0802001953125,212.5697391148325,251.8840811882965,-41.82851129707461,339.0000002842124,179.9999955162154,1.0,0.6274510025978088,0.3450980484485626,calibrated_uv_reprojection_plus_stereo_left
12.63431453704834,-99.88697052001953,-594.9592895507812,211.25760885603404,251.197672521486,-40.97425297959427,340.00000029393146,180.00000022527107,1.0,0.6274510025978088,0.3450980484485626,calibrated_uv_reprojection_plus_stereo_left
13.884872436523438,-99.77444458007812,-594.2659301757812,210.1711835292267,250.35492027819137,-40.434101371958945,341.000000545525,179.99999897719903,1.0,0.6274510025978088,0.3529411852359772,calibrated_uv_reprojection_plus_stereo_left
15.134830474853516,-99.6761474609375,-593.6574096679688,209.13049547330155,249.4826050497517,-39.95632325249437,341.9999992933495,180.00000351098583,1.0,0.6235294342041016,0.3607843220233917,calibrated_uv_reprojection_plus_stereo_left
16.385107040405273,-99.59436798095703,-593.147216796875,208.14225386007053,248.5751343525368,-39.55079876036581,342.9999999126525,179.99999619929935,1.0,0.6235294342041016,0.364705890417099,calibrated_uv_reprojection_plus_stereo_left
17.630859375,-99.49822235107422,-592.5515747070312,207.11086555074905,247.70191171192437,-39.082587190040556,344.00000053775176,179.99999829415253,1.0,0.6196078658103943,0.3686274588108063,calibrated_uv_reprojection_plus_stereo_left
18.87257194519043,-99.39315795898438,-591.90283203125,206.05337650699533,246.85103587451871,-38.575443635722365,345.00000083495695,179.999996298442,1.0,0.6235294342041016,0.3529411852359772,calibrated_uv_reprojection_plus_stereo_left
20.11708641052246,-99.31462097167969,-591.4121704101562,205.07886987228648,245.9416617784672,-38.1844240693668,345.9999994221987,180.00000297782606,1.0,0.6235294342041016,0.3490196168422699,calibrated_uv_reprojection_plus_stereo_left
21.36261749267578,-99.2496337890625,-591.0021362304688,204.14693889187282,245.00280167631095,-37.852631470779045,346.9999996686831,179.9999973476793,1.0,0.615686297416687,0.37254902720451355,calibrated_uv_reprojection_plus_stereo_left
22.601350784301758,-99.16163635253906,-590.4551391601562,203.14560145284742,244.11843488776233,-37.42034152556363,348.00000111613787,179.99999473158886,1.0,0.6274510025978088,0.3843137323856354,calibrated_uv_reprojection_plus_stereo_left
23.841495513916016,-99.0884017944336,-589.99609375,202.1905204726425,243.20164799023436,-37.05266097223341,349.00000120756454,179.99999355852788,1.0,0.6627451181411743,0.43921568989753723,calibrated_uv_reprojection_plus_stereo_left
25.081127166748047,-99.02010345458984,-589.5665283203125,201.2515014218834,242.27485661534052,-36.70666517571004,350.00000067367466,180.00000006842976,1.0,0.6823529601097107,0.4588235318660736,calibrated_uv_reprojection_plus_stereo_left
26.315702438354492,-98.93896484375,-589.0604858398438,200.2744573219578,241.3795855793746,-36.30457850160127,351.0000010895597,179.99999870292567,1.0,0.7647058963775635,0.5529412031173706,calibrated_uv_reprojection_plus_stereo_left
27.57699966430664,-98.96077728271484,-589.1674194335938,199.61014409977622,240.2436606796618,-36.35236727711009,352.0000000750205,179.99999953794656,1.0,0.8352941274642944,0.6235294342041016,calibrated_uv_reprojection_plus_stereo_left
28.83030128479004,-98.95292663574219,-589.0977172851562,198.8558861887832,239.1773381871224,-36.270524546242655,353.00000064563955,179.9999963209894,1.0,0.9137254953384399,0.7058823704719543,calibrated_uv_reprojection_plus_stereo_left
30.082576751708984,-98.94204711914062,-589.0100708007812,198.09260236037977,238.11827885010663,-36.17552542044888,353.9999988029575,180.00000445436007,1.0,0.9254902005195618,0.7098039388656616,calibrated_uv_reprojection_plus_stereo_left
31.339702606201172,-98.94706726074219,-589.0169677734375,197.37714982238293,237.02145965305368,-36.14988628656948,354.99999949679506,179.9999981130006,1.0,0.9137254953384399,0.6901960968971252,calibrated_uv_reprojection_plus_stereo_left
32.58060073852539,-98.90215301513672,-588.7266845703125,196.51194374557906,236.0441669554454,-35.90622680325259,355.9999987829251,180.00000035749085,1.0,0.9019607901573181,0.6705882549285889,calibrated_uv_reprojection_plus_stereo_left
33.8400764465332,-98.91460418701172,-588.77783203125,195.81882473894944,234.92960965955731,-35.91305487117319,356.99999968339546,179.99999597041727,1.0,0.8901960849761963,0.6509804129600525,calibrated_uv_reprojection_plus_stereo_left
35.10279846191406,-98.93505096435547,-588.8765869140625,195.14932168668537,233.79534396976044,-35.954796327682004,357.9999999982954,179.99999477313014,1.0,0.8666666746139526,0.6352941393852234,calibrated_uv_reprojection_plus_stereo_left
36.36123275756836,-98.9421615600586,-588.89599609375,194.43980640939242,232.69295379313738,-35.938328374539424,358.999999453232,179.99999911461305,0.9960784316062927,0.8470588326454163,0.6235294342041016,calibrated_uv_reprojection_plus_stereo_left
37.592891693115234,-98.87812805175781,-588.491943359375,193.51900633670544,231.76405167334167,-35.61127476203825,360.0000001366105,179.99999953846327,1.0,0.843137264251709,0.6274510025978088,calibrated_uv_reprojection_plus_stereo_left
38.841854095458984,-98.8620376586914,-588.373291015625,192.74102778835186,230.7188715773707,-35.49356635308993,360.9999987428298,180.00000544461633,0.9921568632125854,0.8274509906768799,0.6078431606292725,calibrated_uv_reprojection_plus_stereo_left
40.08665084838867,-98.83646392822266,-588.1981201171875,191.93519839779418,229.69735616825787,-35.33441204477015,361.9999990119787,179.99999971816362,1.0,0.9647058844566345,0.7372549176216125,calibrated_uv_reprojection_plus_stereo_left
41.343204498291016,-98.84031677246094,-588.1981201171875,191.216376520334,228.60348444256013,-35.30372187687345,363.00000089268616,179.99999980786632,1.0,0.9960784316062927,0.7647058963775635,calibrated_uv_reprojection_plus_stereo_left
42.60296630859375,-98.8511734008789,-588.2398071289062,190.51802563518476,227.49203643531501,-35.30359366534191,364.0000012558991,180.00000158745274,1.0,1.0,0.800000011920929,calibrated_uv_reprojection_plus_stereo_left
43.869571685791016,-98.87663269042969,-588.3683471679688,189.862241317797,226.34382600546658,-35.367130840409686,365.0000004635401,179.9999988322922,1.0,1.0,0.8039215803146362,calibrated_uv_reprojection_plus_stereo_left
45.142822265625,-98.91502380371094,-588.5738525390625,189.2438379210124,225.1625369910752,-35.487076532751416,366.00000096228194,180.00000018711685,0.9960784316062927,0.9960784316062927,0.7568627595901489,calibrated_uv_reprojection_plus_stereo_left
46.413917541503906,-98.94654846191406,-588.7384643554688,188.6047865264518,223.9976259233865,-35.57701724781731,367.00000060092935,179.9999991039906,0.95686274766922,0.9490196108818054,0.6941176652908325,calibrated_uv_reprojection_plus_stereo_left
47.66075134277344,-98.92586517333984,-588.5924072265625,187.81337005065654,222.96401270059113,-35.43921221362854,367.9999999252002,179.9999948033348,1.0,0.8509804010391235,0.615686297416687,calibrated_uv_reprojection_plus_stereo_left
48.928401947021484,-98.94813537597656,-588.7020263671875,187.14685031474278,221.82160966474214,-35.4888260217524,368.9999994891004,180.00000553001306,1.0,0.8392156958580017,0.6078431606292725,calibrated_uv_reprojection_plus_stereo_left
50.1850471496582,-98.94742584228516,-588.6748046875,186.41341328243044,220.7373100524267,-35.43812318870664,369.999999206786,180.00000101288825,1.0,0.8156862854957581,0.5960784554481506,calibrated_uv_reprojection_plus_stereo_left
51.4454460144043,-98.95378875732422,-588.6896362304688,185.70033521588,219.63482712087787,-35.41823530479007,371.0000018614414,179.99999377669002,1.0,0.7960784435272217,0.5764706134796143,calibrated_uv_reprojection_plus_stereo_left
52.649818420410156,-98.85447692871094,-588.075927734375,184.6829454355322,218.8040373877811,-34.937759684328,371.9999975680167,180.00000173755188,1.0,0.7686274647712708,0.5568627715110779,calibrated_uv_reprojection_plus_stereo_left
53.911094665527344,-98.86396789550781,-588.1094360351562,183.97935323606703,217.69417066458712,-34.93158210549859,373.0000004711497,180.00000170187053,1.0,0.7607843279838562,0.5529412031173706,calibrated_uv_reprojection_plus_stereo_left
55.16363525390625,-98.85720825195312,-588.0462646484375,183.22902349245038,216.62619563941428,-34.8545593341787,374.0000025671284,180.00000062031808,1.0,0.7450980544090271,0.545098066329956,calibrated_uv_reprojection_plus_stereo_left
56.426719665527344,-98.86907196044922,-588.0938720703125,182.53194247996635,215.50975415231403,-34.85869966988054,374.9999997338227,179.9999997624855,1.0,0.729411780834198,0.5333333611488342,calibrated_uv_reprojection_plus_stereo_left
57.656585693359375,-98.82331848144531,-587.7987670898438,181.6704699428093,214.54377374852538,-34.6117637606751,375.99999907476825,179.9999989755664,1.0,0.7098039388656616,0.5176470875740051,calibrated_uv_reprojection_plus_stereo_left
-7.7616190910339355,-100.50320434570312,-606.685791015625,228.25369365447233,265.3261796471693,-50.75348083380351,324.0000000947664,181.000001904778,0.8705882430076599,0.6627451181411743,0.4627451002597809,calibrated_uv_reprojection_plus_stereo_left
-6.458169937133789,-100.27657318115234,-605.2944946289062,226.76562961717184,264.68372658297494,-49.69759514992478,325.000000051203,180.99999769764668,0.9686274528503418,0.7215686440467834,0.4901960790157318,calibrated_uv_reprojection_plus_stereo_left
-5.162440299987793,-100.08876037597656,-604.1376342773438,225.4070658497709,263.96505770917395,-48.814462221410906,325.9999997781083,180.9999966351959,1.0,0.686274528503418,0.4470588266849518,calibrated_uv_reprojection_plus_stereo_left
-3.8764467239379883,-100.03035736083984,-603.761962890625,224.47088544952112,262.9785008078313,-48.506581293684576,326.9999999659411,180.99999735150007,1.0,0.6470588445663452,0.4000000059604645,calibrated_uv_reprojection_plus_stereo_left
-2.593090534210205,-100.01959228515625,-603.673828125,223.689634578092,261.89251612516097,-48.41041224089156,328.00000001417425,180.9999967600366,1.0,0.6431372761726379,0.38823530077934265,calibrated_uv_reprojection_plus_stereo_left
-1.3090827465057373,-99.94530487060547,-603.202392578125,222.7034861360284,260.9415710712849,-48.0320955905803,329.00000006273757,181.00000571423394,1.0,0.6352941393852234,0.3764705955982208,calibrated_uv_reprojection_plus_stereo_left
-0.026885299012064934,-99.87288665771484,-602.7421875,221.7243756966185,259.9882232008919,-47.662082484093105,330.00000001271695,181.00000394812145,1.0,0.6352941393852234,0.3607843220233917,calibrated_uv_reprojection_plus_stereo_left
1.253619909286499,-99.8060531616211,-602.315673828125,220.7642152380094,259.0244263225746,-47.316906340327364,330.9999999873077,180.99999656481572,1.0,0.6352941393852234,0.35686275362968445,calibrated_uv_reprojection_plus_stereo_left
2.529921531677246,-99.6374282836914,-601.2750244140625,219.47876533188764,258.28156124983775,-46.51979215805841,331.9999999973557,181.00000320377023,1.0,0.6274510025978088,0.3529411852359772,calibrated_uv_reprojection_plus_stereo_left
3.804269313812256,-99.52840423583984,-600.593994140625,218.38632702195372,257.4131654661734,-45.987422596214344,333.00000012057944,180.9999952780519,1.0,0.6274510025978088,0.3529411852359772,calibrated_uv_reprojection_plus_stereo_left
5.079394817352295,-99.48754119873047,-600.3244018554688,217.51296110374898,256.3985431214059,-45.757891181753166,334.00000000914866,180.9999995857507,1.0,0.6313725709915161,0.3529411852359772,calibrated_uv_reprojection_plus_stereo_left
6.353024959564209,-99.43819427490234,-600.0036010742188,216.61313184882846,255.40333636103472,-45.490700019758265,335.00000001183287,180.9999994197542,1.0,0.6313725709915161,0.3529411852359772,calibrated_uv_reprojection_plus_stereo_left
7.612424850463867,-99.21863555908203,-598.6558227539062,215.17348381764037,254.7838354645301,-44.467924455613286,336.0000000808691,181.0000003971042,1.0,0.6274510025978088,0.3490196168422699,calibrated_uv_reprojection_plus_stereo_left
8.874493598937988,-99.09075164794922,-597.8612670898438,214.0274883679591,253.96629597431223,-43.8522974489274,336.999999536019,181.00000206788866,1.0,0.6274510025978088,0.3490196168422699,calibrated_uv_reprojection_plus_stereo_left
10.136488914489746,-98.99327850341797,-597.2501831054688,212.97943641315572,253.0839087332714,-43.37171587173253,338.0000001274554,180.99999574685978,1.0,0.6274510025978088,0.3450980484485626,calibrated_uv_reprojection_plus_stereo_left
11.393803596496582,-98.8760757446289,-596.5202026367188,211.87061250922665,252.24766454573438,-42.80373931758254,338.9999998094601,181.00000103226927,1.0,0.6274510025978088,0.3450980484485626,calibrated_uv_reprojection_plus_stereo_left
12.64787483215332,-98.75630187988281,-595.7747192382812,210.75537783769187,251.41972526531754,-42.22442674368597,340.00000018165923,181.0000004976938,1.0,0.6235294342041016,0.3450980484485626,calibrated_uv_reprojection_plus_stereo_left
13.901992797851562,-98.65801239013672,-595.158935546875,209.70931470251418,250.5458637073522,-41.74058514357637,340.9999998233912,181.00000525513906,1.0,0.6274510025978088,0.3490196168422699,calibrated_uv_reprojection_plus_stereo_left
15.155570030212402,-98.57201385498047,-594.6172485351562,208.7031072659944,249.64625323234856,-41.31128975143781,342.00000013555353,180.99999822483878,1.0,0.6274510025978088,0.3490196168422699,calibrated_uv_reprojection_plus_stereo_left
16.403047561645508,-98.46208190917969,-593.9312744140625,207.6233977973268,248.80300050896005,-40.77594067871917,343.0000007123435,180.99999682377586,1.0,0.6274510025978088,0.3529411852359772,calibrated_uv_reprojection_plus_stereo_left
17.65251922607422,-98.37847137451172,-593.4041748046875,206.6273101849527,247.90181023835865,-40.35749146011517,343.99999993866663,181.00000309187715,1.0,0.6274510025978088,0.3529411852359772,calibrated_uv_reprojection_plus_stereo_left
18.900442123413086,-98.29749298095703,-592.8928833007812,205.64055607424558,246.99636849553883,-39.95070701238035,345.0000001356832,180.99999557613233,1.0,0.6235294342041016,0.3450980484485626,calibrated_uv_reprojection_plus_stereo_left
20.14707374572754,-98.21988677978516,-592.402099609375,204.66546677897463,246.08480477817167,-39.55906065796364,345.9999990806572,181.00000552975138,1.0,0.6235294342041016,0.3450980484485626,calibrated_uv_reprojection_plus_stereo_left
21.390796661376953,-98.13765716552734,-591.8833618164062,203.6771389130194,245.18565542243763,-39.146900083035916,346.9999993214229,181.0000018361309,1.0,0.6274510025978088,0.3529411852359772,calibrated_uv_reprojection_plus_stereo_left
22.62042999267578,-98.00312805175781,-591.0492553710938,202.52860117918505,244.4103408866099,-38.50294898569899,347.9999994208883,180.9999993401411,1.0,0.6274510025978088,0.3529411852359772,calibrated_uv_reprojection_plus_stereo_left
23.86548614501953,-97.94568634033203,-590.6801147460938,201.61932740117942,243.45710902383865,-38.20087263376354,349.0000006205183,180.9999988038595,1.0,0.615686297416687,0.3686274588108063,calibrated_uv_reprojection_plus_stereo_left
25.104049682617188,-97.86833190917969,-590.19091796875,200.64971019982715,242.55200183810746,-37.81058445580379,349.99999933572127,180.9999984891101,1.0,0.615686297416687,0.3686274588108063,calibrated_uv_reprojection_plus_stereo_left
26.336017608642578,-97.77351379394531,-589.596435546875,199.62769092252307,241.68988278281756,-37.342958181495874,350.9999999887518,180.99999687886054,1.0,0.6313725709915161,0.40392157435417175,calibrated_uv_reprojection_plus_stereo_left
27.586322784423828,-97.7519760131836,-589.4439086914062,198.83098852426252,240.65545106438177,-37.20019987930095,351.99999919052107,180.99999965712846,1.0,0.6549019813537598,0.4313725531101227,calibrated_uv_reprojection_plus_stereo_left
28.83713722229004,-97.73371887207031,-589.3111572265625,198.04454797002245,239.61357903378772,-37.07198409986461,352.99999948725196,181.00000053945809,1.0,0.7019608020782471,0.4901960790157318,calibrated_uv_reprojection_plus_stereo_left
30.08868408203125,-97.71905517578125,-589.2000732421875,197.26925012823614,238.56340362630908,-36.959698828236526,354.0000009432398,181.00000062224294,1.0,0.7764706015586853,0.5647059082984924,calibrated_uv_reprojection_plus_stereo_left
31.34247589111328,-97.7122802734375,-589.1365356445312,196.51803975419114,237.49445176796382,-36.882354575081024,355.0000012785705,180.99999771247752,1.0,0.8784313797950745,0.6627451181411743,calibrated_uv_reprojection_plus_stereo_left
32.57176971435547,-97.63231658935547,-588.6317749023438,195.54541957799592,236.60292109179812,-36.480837546091664,355.999999446475,180.99999948496446,1.0,0.9254902005195618,0.7058823704719543,calibrated_uv_reprojection_plus_stereo_left
33.8274040222168,-97.634033203125,-588.6195068359375,194.82050391828125,235.51423132594076,-36.44119131128673,356.99999853211585,181.0000039381061,1.0,0.9372549057006836,0.7098039388656616,calibrated_uv_reprojection_plus_stereo_left
35.087100982666016,-97.64667510986328,-588.6730346679688,194.12837834877905,234.39872363958642,-36.44987109415126,357.9999996258954,180.99999968531048,1.0,0.9176470637321472,0.6823529601097107,calibrated_uv_reprojection_plus_stereo_left
36.34059524536133,-97.64152526855469,-588.6193237304688,193.38257967297693,233.3265553311926,-36.37976843591656,358.99999968465175,180.99999861077015,1.0,0.8941176533699036,0.658823549747467,calibrated_uv_reprojection_plus_stereo_left
37.57658004760742,-97.59099578857422,-588.2920532226562,192.50083731846019,232.36640689279392,-36.10873201246619,360.0000016302514,180.9999968129693,1.0,0.8823529481887817,0.6431372761726379,calibrated_uv_reprojection_plus_stereo_left
38.828819274902344,-97.5843505859375,-588.2293701171875,191.75096580474957,231.29850725248244,-36.0320583111465,361.00000043897467,180.99999967941042,1.0,0.886274516582489,0.6470588445663452,calibrated_uv_reprojection_plus_stereo_left
40.06470489501953,-97.53807830810547,-587.9277954101562,190.8829903947455,230.32935474703694,-35.77993845541425,362.0000014068126,180.9999980691678,1.0,0.9607843160629272,0.7098039388656616,calibrated_uv_reprojection_plus_stereo_left
41.31754684448242,-97.534423828125,-587.8831176757812,190.14238510552076,229.2545583482683,-35.716500543014604,363.00000137066127,180.99999656947713,1.0,0.9764705896377563,0.7215686440467834,calibrated_uv_reprojection_plus_stereo_left
42.56693649291992,-97.52285766601562,-587.790771484375,189.3783186557618,228.19963219604796,-35.61806071316704,364.00000123619634,180.99999730909047,1.0,1.0,0.7607843279838562,calibrated_uv_reprojection_plus_stereo_left
43.830013275146484,-97.54220581054688,-587.884765625,188.70584419965155,227.06687017745145,-35.65644894867461,364.9999997272696,181.00000026983457,1.0,1.0,0.7686274647712708,calibrated_uv_reprojection_plus_stereo_left
45.095672607421875,-97.56586456298828,-588.0046997070312,188.04573631899285,225.92268123262343,-35.71386552911645,365.9999986035903,180.99999948188383,1.0,0.95686274766922,0.7254902124404907,calibrated_uv_reprojection_plus_stereo_left
46.36597442626953,-97.59780883789062,-588.174560546875,187.40961075267086,224.75678866969474,-35.80791929288404,366.9999999195503,180.9999995781277,0.9843137264251709,0.9058823585510254,0.6666666865348816,calibrated_uv_reprojection_plus_stereo_left
47.60723114013672,-97.568359375,-587.9744262695312,186.5926862639771,223.7470743419503,-35.63033706126748,367.9999975870549,180.99999931649631,1.0,0.8745098114013672,0.6313725709915161,calibrated_uv_reprojection_plus_stereo_left
48.86892318725586,-97.5810317993164,-588.0281372070312,185.8995127253524,222.62976753946313,-35.63910594675832,368.9999983623466,180.99999968028936,1.0,0.8705882430076599,0.6313725709915161,calibrated_uv_reprojection_plus_stereo_left
50.131568908691406,-97.59474182128906,-588.0880737304688,185.2091176654638,221.5094267995744,-35.65243243888051,370.00000083380445,180.99999750769808,1.0,0.8588235378265381,0.6392157077789307,calibrated_uv_reprojection_plus_stereo_left
51.38475799560547,-97.58964538574219,-588.0347290039062,184.46368431033682,220.43739721665963,-35.58261004929267,370.9999991572892,181.0000015061343,1.0,0.8509804010391235,0.6274510025978088,calibrated_uv_reprojection_plus_stereo_left
52.606346130371094,-97.52603149414062,-587.6287841796875,183.54819682084616,219.517616171222,-35.2540171949297,371.99999898893066,181.00000386491126,1.0,0.8352941274642944,0.6078431606292725,calibrated_uv_reprojection_plus_stereo_left
53.854827880859375,-97.51390838623047,-587.5330810546875,182.78286012318836,218.464667113834,-35.15312752035692,373.00000029031366,181.00000300474846,1.0,0.8117647171020508,0.5921568870544434,calibrated_uv_reprojection_plus_stereo_left
55.105281829833984,-97.50566101074219,-587.4607543945312,182.0288653243814,217.40173275351094,-35.06939842192509,373.99999988538667,181.00000501007298,1.0,0.7882353067398071,0.5764706134796143,calibrated_uv_reprojection_plus_stereo_left
56.362144470214844,-97.50871276855469,-587.4564208984375,181.30749281215333,216.30915977429748,-35.03555407512761,375.0000023556517,180.99999611493402,1.0,0.7686274647712708,0.5607843399047852,calibrated_uv_reprojection_plus_stereo_left
57.61665344238281,-97.50748443603516,-587.4263916015625,180.5737452437378,215.22773249110304,-34.98286096379263,376.0000000964983,180.9999994429206,1.0,0.7529411911964417,0.5490196347236633,calibrated_uv_reprojection_plus_stereo_left
58.887489318847656,-97.53318786621094,-587.55859375,179.91721896022568,214.0746987155457,-35.04918337184995,377.000001611945,181.00000152118298,1.0,0.7333333492279053,0.5254902243614197,calibrated_uv_reprojection_plus_stereo_left
-7.760929107666016,-99.15457153320312,-606.3225708007812,227.1133243543589,265.9857480846226,-51.148017750573274,323.99999995875515,181.99999882590623,0.9176470637321472,0.7803921699523926,0.5490196347236633,calibrated_uv_reprojection_plus_stereo_left
-6.4573493003845215,-98.917236328125,-604.848388671875,225.58318540073503,265.3712539720421,-50.02956242871181,324.9999997766638,181.99999910927022,1.0,0.8745098114013672,0.6000000238418579,calibrated_uv_reprojection_plus_stereo_left
-5.167722225189209,-98.83068084716797,-604.2962036132812,224.55154120406968,264.443532482213,-49.59110848078825,325.99999963950614,181.99999332274422,1.0,0.8352941274642944,0.5490196347236633,calibrated_uv_reprojection_plus_stereo_left
-3.8823227882385254,-98.79694366455078,-604.0670776367188,223.6941751880509,263.40548982227745,-49.390912427944556,326.99999983938534,181.9999974169894,1.0,0.7843137383460999,0.4901960790157318,calibrated_uv_reprojection_plus_stereo_left
-2.598360300064087,-98.78821563720703,-603.9908447265625,222.91897421185058,262.3147407419498,-49.303456815572986,328.00000005384527,181.99999810924498,1.0,0.7058823704719543,0.42352941632270813,calibrated_uv_reprojection_plus_stereo_left
-1.313544511795044,-98.70560455322266,-603.462890625,221.90297011300498,261.38265841012156,-48.8829848713587,328.9999999276492,181.9999962730812,1.0,0.6705882549285889,0.38823530077934265,calibrated_uv_reprojection_plus_stereo_left
-0.030779676511883736,-98.62698364257812,-602.9594116210938,220.90115499850276,260.443727199337,-48.48060883152846,330.00000000156115,182.00000011414136,1.0,0.6509804129600525,0.37254902720451355,calibrated_uv_reprojection_plus_stereo_left
1.2498124837875366,-98.53052520751953,-602.346923828125,219.8425896358147,259.5451562490865,-47.99792824915892,330.9999999565788,182.00000430748523,1.0,0.6431372761726379,0.364705890417099,calibrated_uv_reprojection_plus_stereo_left
2.5278432369232178,-98.42817687988281,-601.6984252929688,218.7663377987717,258.66151973215057,-47.48876003813547,332.00000006994225,182.00000232654583,1.0,0.6274510025978088,0.3490196168422699,calibrated_uv_reprojection_plus_stereo_left
3.8033711910247803,-98.3274154663086,-601.0596313476562,217.69668586630212,257.7766343006657,-46.98680316283367,333.0000000481287,181.99999501114957,1.0,0.6274510025978088,0.3490196168422699,calibrated_uv_reprojection_plus_stereo_left
5.078845977783203,-98.27442932128906,-600.7130126953125,216.782490765774,256.788694165403,-46.70023783416855,334.00000001393335,182.00000034859806,1.0,0.6274510025978088,0.3490196168422699,calibrated_uv_reprojection_plus_stereo_left
6.352148532867432,-98.2076644897461,-600.2821655273438,215.82473238522243,255.83236676747876,-46.35163233014271,334.9999999241258,182.00000174190995,1.0,0.6274510025978088,0.3450980484485626,calibrated_uv_reprojection_plus_stereo_left
7.613070487976074,-98.00262451171875,-599.0061645507812,214.42443604062447,255.18506648639317,-45.38030673619983,336.0000001802713,181.99999988153888,1.0,0.6235294342041016,0.3450980484485626,calibrated_uv_reprojection_plus_stereo_left
8.877466201782227,-97.89362335205078,-598.3172607421875,213.33448712120838,254.32755937712074,-44.84168707889279,337.0000000495141,182.0000009750197,1.0,0.6274510025978088,0.34117648005485535,calibrated_uv_reprojection_plus_stereo_left
10.141261100769043,-97.80523681640625,-597.75439453125,212.31193456124436,253.42609694278948,-44.39599268844103,337.9999998136325,182.00000191642042,1.0,0.6274510025978088,0.34117648005485535,calibrated_uv_reprojection_plus_stereo_left
11.399836540222168,-97.69099426269531,-597.0335083007812,211.20830619554397,252.58493981532135,-43.83393476151059,339.0000002330527,181.99999751241398,1.0,0.6274510025978088,0.34117648005485535,calibrated_uv_reprojection_plus_stereo_left
12.655495643615723,-97.5764389038086,-596.310791015625,210.10536881867796,251.74696942510167,-43.270600507572,339.99999978808,181.9999968787223,1.0,0.6235294342041016,0.34117648005485535,calibrated_uv_reprojection_plus_stereo_left
13.912988662719727,-97.49492645263672,-595.7901000976562,209.10885483203793,250.83611164736453,-42.856152973112955,341.0000001318354,182.00000273406422,1.0,0.6274510025978088,0.34117648005485535,calibrated_uv_reprojection_plus_stereo_left
15.169452667236328,-97.41981506347656,-595.3085327148438,208.13374682357215,249.9123411538356,-42.470568722408814,341.9999997497157,182.00000499883387,1.0,0.6274510025978088,0.34117648005485535,calibrated_uv_reprojection_plus_stereo_left
16.423368453979492,-97.34061431884766,-594.8019409179688,207.1467920906947,248.99961515286122,-42.06659350825868,343.0000005972353,181.99999829512592,1.0,0.6274510025978088,0.3450980484485626,calibrated_uv_reprojection_plus_stereo_left
17.65959930419922,-97.17491149902344,-593.7669067382812,205.88881386803473,248.28877396388975,-41.27350497913329,343.9999996479192,182.00000132994302,1.0,0.6274510025978088,0.3450980484485626,calibrated_uv_reprojection_plus_stereo_left
18.91556739807129,-97.13220977783203,-593.4834594726562,205.01939334799204,247.29551747150958,-41.03397818938538,344.9999991411156,182.00000021425882,1.0,0.6274510025978088,0.34117648005485535,calibrated_uv_reprojection_plus_stereo_left
20.1666316986084,-97.0707778930664,-593.0855712890625,204.09189816781833,246.34691398362133,-40.710206979366774,346.00000141769135,181.99999638774648,1.0,0.6274510025978088,0.34117648005485535,calibrated_uv_reprojection_plus_stereo_left
21.414121627807617,-96.9999771118164,-592.6305541992188,203.13604521375612,245.4215881742749,-40.344416349145376,346.99999892265487,182.00000350107496,1.0,0.6235294342041016,0.34117648005485535,calibrated_uv_reprojection_plus_stereo_left
22.632299423217773,-96.8112564086914,-591.455078125,201.8136859910773,244.7760201948303,-39.44823461226201,347.99999991306066,182.00000095683563,1.0,0.6235294342041016,0.34117648005485535,calibrated_uv_reprojection_plus_stereo_left
23.88079261779785,-96.764892578125,-591.1493530273438,200.93669321189208,243.79713062733398,-39.19246542819519,349.0000007827997,181.9999968972243,1.0,0.6196078658103943,0.3607843220233917,calibrated_uv_reprojection_plus_stereo_left
25.11745834350586,-96.67728424072266,-590.5917358398438,199.93245466724443,242.91743152650358,-38.751301615574505,349.999999789045,181.99999889452744,1.0,0.6196078658103943,0.35686275362968445,calibrated_uv_reprojection_plus_stereo_left
26.354978561401367,-96.60081481933594,-590.1021728515625,198.96393572474943,242.01297058769512,-38.36028189169758,351.0000002964543,181.99999716527975,1.0,0.615686297416687,0.3490196168422699,calibrated_uv_reprojection_plus_stereo_left
27.597902297973633,-96.54987335205078,-589.7686157226562,198.07531636550357,241.04875455964307,-38.084136009701126,352.00000109959075,182.00000015895841,1.0,0.6117647290229797,0.3529411852359772,calibrated_uv_reprojection_plus_stereo_left
28.84453582763672,-96.5154800415039,-589.5361328125,197.2383494971226,240.0456386773455,-37.88240607821962,352.9999990464724,181.9999995982812,1.0,0.6117647290229797,0.3843137323856354,calibrated_uv_reprojection_plus_stereo_left
30.094663619995117,-96.49484252929688,-589.3876953125,196.44409442697145,239.00982256137198,-37.74254750758365,354.00000000849724,182.00000049833977,1.0,0.6274510025978088,0.40784314274787903,calibrated_uv_reprojection_plus_stereo_left
31.346294403076172,-96.4802017211914,-589.27587890625,195.66846352172792,237.95977379033152,-37.62964709679096,354.99999892220893,181.99999968565947,1.0,0.6509804129600525,0.43921568989753723,calibrated_uv_reprojection_plus_stereo_left
32.57388687133789,-96.39525604248047,-588.7346801757812,194.67815367318366,237.08217722888259,-37.200805523079,356.00000189784186,181.99999889164383,1.0,0.7098039388656616,0.49803921580314636,calibrated_uv_reprojection_plus_stereo_left
33.827144622802734,-96.38949584960938,-588.6771240234375,193.93045883134,236.01156379322512,-37.12786414006723,356.9999992969546,181.99999773282536,1.0,0.8039215803146362,0.5960784554481506,calibrated_uv_reprojection_plus_stereo_left
35.07672882080078,-96.373779296875,-588.5587768554688,193.1525234063804,234.96560183013472,-37.010200081827634,358.0000001595235,181.99999814061044,1.0,0.9098039269447327,0.6823529601097107,calibrated_uv_reprojection_plus_stereo_left
36.32647705078125,-96.35933685302734,-588.4481811523438,192.37862212775428,233.9167592601215,-36.898243219224184,359.00000101005315,181.9999939937457,1.0,0.9529411792755127,0.7137255072593689,calibrated_uv_reprojection_plus_stereo_left
37.57107162475586,-96.3323974609375,-588.2613525390625,191.56710434260708,232.89931023914372,-36.73022181544991,359.99999921610595,181.99999972325895,1.0,0.9333333373069763,0.6901960968971252,calibrated_uv_reprojection_plus_stereo_left
38.81541061401367,-96.30632781982422,-588.0797729492188,190.75853403629515,231.8802264225155,-36.56606992469557,361.0000014503922,181.99999595631644,1.0,0.9176470637321472,0.6745098233222961,calibrated_uv_reprojection_plus_stereo_left
40.05433654785156,-96.2686538696289,-587.827392578125,189.91538911939386,230.89084297234837,-36.3498617005219,362.00000062165367,181.999998197357,1.0,0.9254902005195618,0.6901960968971252,calibrated_uv_reprojection_plus_stereo_left
41.293212890625,-96.2329330444336,-587.5869140625,189.07860915248278,229.89729989874954,-36.142425016760285,363.00000095687915,181.9999952790627,1.0,0.9333333373069763,0.7019608020782471,calibrated_uv_reprojection_plus_stereo_left
42.54436111450195,-96.22685241699219,-587.5274658203125,188.3311111992806,228.82919243519703,-36.068142669536655,364.0000011845648,181.9999979462715,1.0,0.9647058844566345,0.7098039388656616,calibrated_uv_reprojection_plus_stereo_left
43.79972457885742,-96.23017120361328,-587.5254516601562,187.6117510702881,227.73715051609642,-36.03610003140409,364.999998937297,182.0000065705016,1.0,0.9607843160629272,0.7058823704719543,calibrated_uv_reprojection_plus_stereo_left
45.05976486206055,-96.24310302734375,-587.5819702148438,186.9208730605817,226.6203712063935,-36.04707900700839,366.00000137824486,181.99999514447506,1.0,0.8509804010391235,0.6196078658103943,calibrated_uv_reprojection_plus_stereo_left
46.32637405395508,-96.2687759399414,-587.7164306640625,186.26768195292505,225.47037962698982,-36.11536817979197,366.9999980916863,182.00000538688178,1.0,0.8392156958580017,0.6117647290229797,calibrated_uv_reprojection_plus_stereo_left
47.55629348754883,-96.21867370605469,-587.38818359375,185.38933451661546,224.5156060295374,-35.84344890454713,367.999999764332,182.000001556297,1.0,0.8549019694328308,0.6235294342041016,calibrated_uv_reprojection_plus_stereo_left
48.81891632080078,-96.23542785644531,-587.4680786132812,184.70940865630126,223.38833289538877,-35.87160194638858,369.0000009109631,181.9999972586632,1.0,0.8588235378265381,0.6313725709915161,calibrated_uv_reprojection_plus_stereo_left
50.08447265625,-96.25679016113281,-587.576171875,184.04279647885795,222.24856046443134,-35.92047696881559,369.9999999131949,182.00000320223182,1.0,0.8588235378265381,0.6470588445663452,calibrated_uv_reprojection_plus_stereo_left
51.33588409423828,-96.25041198730469,-587.514892578125,183.29417467260794,221.18086956047534,-35.844837806538465,370.9999998224498,182.00000491448475,1.0,0.8666666746139526,0.6470588445663452,calibrated_uv_reprojection_plus_stereo_left
52.58035659790039,-96.23147583007812,-587.3768920898438,182.50871572612584,220.1462886319771,-35.712805274537004,371.9999997470537,181.99999732456052,1.0,0.8705882430076599,0.6470588445663452,calibrated_uv_reprojection_plus_stereo_left
53.822601318359375,-96.20925903320312,-587.2189331054688,181.71390648098486,219.1206941292907,-35.56611912024624,373.00000047140486,181.99999731810377,1.0,0.8588235378265381,0.6392157077789307,calibrated_uv_reprojection_plus_stereo_left
55.06826400756836,-96.19385528564453,-587.1026000976562,180.93928252759156,218.0774370903912,-35.450037992035504,374.00000003824795,182.0000018978415,1.0,0.843137264251709,0.6313725709915161,calibrated_uv_reprojection_plus_stereo_left
56.32683181762695,-96.20101928710938,-587.1239624023438,180.2305342525175,216.97435139511055,-35.4351434545319,375.0000011320991,182.0000008222202,1.0,0.8352941274642944,0.6117647290229797,calibrated_uv_reprojection_plus_stereo_left
57.58466339111328,-96.20648193359375,-587.1349487304688,179.51668570952012,215.87556904129792,-35.41261903961549,376.00000133482456,182.00000133814672,1.0,0.8156862854957581,0.5882353186607361,calibrated_uv_reprojection_plus_stereo_left
58.856876373291016,-96.23507690429688,-587.287109375,178.86971254233447,214.71444886607452,-35.49381439752028,376.99999755849774,182.00000321931623,1.0,0.7882353067398071,0.5764706134796143,calibrated_uv_reprojection_plus_stereo_left
60.138343811035156,-96.27713775634766,-587.5213623046875,178.2611256747046,213.51629835967026,-35.63529453802539,378.0000007175768,181.9999963754766,1.0,0.7686274647712708,0.5647059082984924,calibrated_uv_reprojection_plus_stereo_left
-9.05809497833252,-97.92247772216797,-606.694580078125,227.10673671755706,267.5155776787368,-52.116109019395424,323.00000003000326,182.99999759752683,0.8784313797950745,0.7254902124404907,0.5254902243614197,calibrated_uv_reprojection_plus_stereo_left
-7.759403228759766,-97.79698181152344,-605.8944702148438,225.93917425318807,266.6668027584152,-51.49385734158926,324.00000009442203,183.00000426571657,0.9843137264251709,0.8745098114013672,0.6313725709915161,calibrated_uv_reprojection_plus_stereo_left
-6.4609761238098145,-97.6270751953125,-604.8192138671875,224.6258221516169,265.91511042194,-50.66847693645252,325.0000000103689,183.0000022080046,1.0,0.8941176533699036,0.6039215922355652,calibrated_uv_reprojection_plus_stereo_left
-5.1741204261779785,-97.59292602539062,-604.5850219726562,223.76523067364536,264.8774176967742,-50.46429913699143,325.9999999323556,182.99999694110363,1.0,0.8745098114013672,0.5764706134796143,calibrated_uv_reprojection_plus_stereo_left
-3.888190269470215,-97.56190490722656,-604.3703002929688,222.91548731115677,263.8336819493444,-50.274524422661784,327.0000000525498,183.00000155876916,1.0,0.8705882430076599,0.5647059082984924,calibrated_uv_reprojection_plus_stereo_left
-2.602252960205078,-97.50370788574219,-603.9872436523438,221.97644862358305,262.8491967061202,-49.960474200798046,328.0000000285935,183.0000053858334,1.0,0.8392156958580017,0.5254902243614197,calibrated_uv_reprojection_plus_stereo_left
-1.3176825046539307,-97.44058227539062,-603.5736083984375,221.02198076184493,261.87666050492777,-49.62387606202111,328.99999998663407,182.99999980692922,1.0,0.8235294222831726,0.5098039507865906,calibrated_uv_reprojection_plus_stereo_left
-0.03467683494091034,-97.37993621826172,-603.1754150390625,220.07659271192756,260.900054237076,-49.29872071689124,330.0000000057761,183.00000126365285,1.0,0.729411780834198,0.4431372582912445,calibrated_uv_reprojection_plus_stereo_left
1.2464251518249512,-97.28768157958984,-602.5814208984375,219.02843886063448,259.99402735667445,-48.82905583347849,330.999999984892,182.99999647585526,1.0,0.6549019813537598,0.37254902720451355,calibrated_uv_reprojection_plus_stereo_left
2.526460886001587,-97.2441177368164,-602.2890625,218.14089259799817,258.98274861880964,-48.58210421546329,332.0000000528619,182.99999476793965,1.0,0.6078431606292725,0.3294117748737335,calibrated_uv_reprojection_plus_stereo_left
3.8030755519866943,-97.13996887207031,-601.6215209960938,217.0562883018781,258.1065208995801,-48.058255297116034,333.0000000176307,182.9999958963573,1.0,0.6235294342041016,0.3450980484485626,calibrated_uv_reprojection_plus_stereo_left
5.077660083770752,-97.04756927490234,-601.0267944335938,216.01146936594455,257.2064282834483,-47.588212336007985,334.000000118242,182.99999751505533,1.0,0.6352941393852234,0.3529411852359772,calibrated_uv_reprojection_plus_stereo_left
6.351572036743164,-96.9805679321289,-600.5894165039062,215.05049739917922,256.2515326278299,-47.234351361850656,334.9999999517551,183.00000155262836,1.0,0.6352941393852234,0.3529411852359772,calibrated_uv_reprojection_plus_stereo_left
7.6122145652771,-96.76607513427734,-599.2386474609375,213.6126240315263,255.6297146767495,-46.20648893332094,336.0000003750646,182.999998368702,1.0,0.6313725709915161,0.3490196168422699,calibrated_uv_reprojection_plus_stereo_left
8.880301475524902,-96.693115234375,-598.7644653320312,212.6354626920206,254.69284521480378,-45.82559859047808,336.999999675681,183.00000253062387,1.0,0.6274510025978088,0.3450980484485626,calibrated_uv_reprojection_plus_stereo_left
10.143999099731445,-96.5957260131836,-598.1389770507812,211.5805618036954,253.81305456288175,-45.333106224688095,338.0000003092737,182.9999981676823,1.0,0.6274510025978088,0.34117648005485535,calibrated_uv_reprojection_plus_stereo_left
11.405348777770996,-96.4993667602539,-597.5199584960938,210.5304305026171,252.93303343714052,-44.84545131110548,338.9999994495868,182.99999999128164,1.0,0.6274510025978088,0.34117648005485535,calibrated_uv_reprojection_plus_stereo_left
12.663679122924805,-96.39860534667969,-596.8737182617188,209.46758831464928,252.06522250538285,-44.3377725048054,339.99999917646034,183.00000084804333,1.0,0.6235294342041016,0.34117648005485535,calibrated_uv_reprojection_plus_stereo_left
13.923900604248047,-96.32862091064453,-596.4180297851562,208.5047464530162,251.12868431883163,-43.97072025316635,341.00000010144737,182.9999955127232,1.0,0.6235294342041016,0.34117648005485535,calibrated_uv_reprojection_plus_stereo_left
15.179571151733398,-96.24085998535156,-595.8523559570312,207.48616279079806,250.23482726197383,-43.52258449306987,342.0000002627318,182.99999562168836,1.0,0.6235294342041016,0.34117648005485535,calibrated_uv_reprojection_plus_stereo_left
16.43830680847168,-96.18399810791016,-595.4780883789062,206.56734682512467,249.27092820969332,-43.2156874601319,342.9999990461582,183.00000469400197,1.0,0.6235294342041016,0.3529411852359772,calibrated_uv_reprojection_plus_stereo_left
17.67816162109375,-96.03218841552734,-594.5159301757812,205.34750624136035,248.53040512821173,-42.475224462776396,343.99999958963843,182.99999943730614,1.0,0.6196078658103943,0.35686275362968445,calibrated_uv_reprojection_plus_stereo_left
18.92794418334961,-95.95049285888672,-593.9879150390625,204.35226924920136,247.62841569106058,-42.05503253641376,345.00000068191576,182.999997767936,1.0,0.6235294342041016,0.3450980484485626,calibrated_uv_reprojection_plus_stereo_left
20.1761474609375,-95.8710708618164,-593.4740600585938,203.36544119587518,246.72281960039126,-41.645336998522055,345.99999968553226,183.00000247005337,1.0,0.6235294342041016,0.3450980484485626,calibrated_uv_reprojection_plus_stereo_left
21.42519760131836,-95.80435943603516,-593.0388793945312,202.41986553506712,245.78878879130224,-41.293699541254796,347.00000077888507,183.00000199641136,1.0,0.6235294342041016,0.33725491166114807,calibrated_uv_reprojection_plus_stereo_left
22.64619255065918,-95.62621307373047,-591.9139404296875,201.12446912103928,245.12198523562088,-40.4335220873964,348.00000001247497,182.99999900374644,1.0,0.6235294342041016,0.33725491166114807,calibrated_uv_reprojection_plus_stereo_left
23.887468338012695,-95.54757690429688,-591.4050903320312,200.14425810112232,244.22065833136318,-40.0276911340398,348.99999988381177,183.0000057251675,1.0,0.6235294342041016,0.3450980484485626,calibrated_uv_reprojection_plus_stereo_left
25.126113891601562,-95.46647644042969,-590.8809204101562,199.1574379948974,243.32700695476728,-39.61060564363652,349.9999993508776,182.99999934975963,1.0,0.6235294342041016,0.3450980484485626,calibrated_uv_reprojection_plus_stereo_left
26.36165428161621,-95.38151550292969,-590.3329467773438,198.1597618920461,242.44444137085648,-39.17602677162938,351.00000035999295,182.99999984722058,1.0,0.615686297416687,0.3529411852359772,calibrated_uv_reprojection_plus_stereo_left
27.604217529296875,-95.32821655273438,-589.98095703125,197.26202623465616,241.48677216893415,-38.885963400312335,352.0000007425772,182.99999930496455,1.0,0.615686297416687,0.3529411852359772,calibrated_uv_reprojection_plus_stereo_left
28.851961135864258,-95.29635620117188,-589.7616577148438,196.43171203682584,240.47788352820103,-38.693733196896574,353.0000006958368,182.99999748736946,1.0,0.6196078658103943,0.3490196168422699,calibrated_uv_reprojection_plus_stereo_left
30.102235794067383,-95.27485656738281,-589.6065063476562,195.63397418204175,239.44421163145756,-38.54880075123788,354.00000115915014,182.9999979577149,1.0,0.615686297416687,0.3607843220233917,calibrated_uv_reprojection_plus_stereo_left
31.35122299194336,-95.2508773803711,-589.43603515625,194.82884486757058,238.41705432884962,-38.39259092648996,355.00000038977214,183.00000048266702,1.0,0.6117647290229797,0.3803921639919281,calibrated_uv_reprojection_plus_stereo_left
32.57984924316406,-95.16898345947266,-588.9071655273438,193.8452605334578,237.5337811214259,-37.97228259614974,356.0000020962954,182.9999990789573,1.0,0.615686297416687,0.4000000059604645,calibrated_uv_reprojection_plus_stereo_left
33.83330535888672,-95.16275024414062,-588.8464965820312,193.09582229324621,236.46407883414315,-37.89702346568572,356.9999998881696,182.9999966708738,1.0,0.6235294342041016,0.4274509847164154,calibrated_uv_reprojection_plus_stereo_left
35.087799072265625,-95.15950012207031,-588.8043212890625,192.35559603716325,235.38696555796074,-37.83539508270246,358.00000060551685,182.9999987043675,1.0,0.6666666865348816,0.4745098054409027,calibrated_uv_reprojection_plus_stereo_left
36.338226318359375,-95.14558410644531,-588.6961669921875,191.5826969532369,234.33661873689616,-37.725157143029435,358.9999976455855,183.0000025931118,1.0,0.7333333492279053,0.5411764979362488,calibrated_uv_reprojection_plus_stereo_left
37.59141540527344,-95.13932800292969,-588.6353759765625,190.83334498348688,233.26719285271355,-37.64981562825341,360.00000110001275,183.00000211605038,1.0,0.8666666746139526,0.6470588445663452,calibrated_uv_reprojection_plus_stereo_left
38.81723403930664,-95.06622314453125,-588.1610107421875,189.88027686527744,232.36717792501128,-37.2698151719095,360.99999912678743,183.00000267750133,1.0,0.9411764740943909,0.7098039388656616,calibrated_uv_reprojection_plus_stereo_left
40.048194885253906,-95.0096664428711,-587.7890014648438,188.97856651402975,231.4266521795025,-36.965250497747036,362.00000018498355,182.99999634526742,1.0,0.9529411792755127,0.7176470756530762,calibrated_uv_reprojection_plus_stereo_left
41.28153991699219,-94.96179962158203,-587.4708862304688,188.10406644592928,230.46508676661335,-36.700424803663,362.9999978163796,183.0000042595911,1.0,0.9490196108818054,0.7137255072593689,calibrated_uv_reprojection_plus_stereo_left
42.52385330200195,-94.93656158447266,-587.2926635742188,187.29865282208152,229.44646251866024,-36.538648685721455,364.00000163597645,182.9999975776119,1.0,0.9215686321258545,0.6941176652908325,calibrated_uv_reprojection_plus_stereo_left
43.7767448425293,-94.93550872802734,-587.2640991210938,186.5665663682642,228.365950741904,-36.48710531089074,364.9999999613357,182.99999609788642,0.9960784316062927,0.8784313797950745,0.6549019813537598,calibrated_uv_reprojection_plus_stereo_left
45.032772064208984,-94.94091033935547,-587.2755126953125,185.8538852373776,227.26864010325505,-36.46500433240817,365.9999995180402,183.00000157728653,1.0,0.729411780834198,0.5490196347236633,calibrated_uv_reprojection_plus_stereo_left
46.2939338684082,-94.95635986328125,-587.3489990234375,185.1712007662935,226.14500437983207,-36.48859817404451,367.00000108883347,182.99999750338867,1.0,0.7647058963775635,0.5843137502670288,calibrated_uv_reprojection_plus_stereo_left
47.51049041748047,-94.88172149658203,-586.8652954101562,184.21847948817054,225.25633864974617,-36.10192849227178,368.0000009295356,182.99999772128825,1.0,0.7843137383460999,0.5803921818733215,calibrated_uv_reprojection_plus_stereo_left
48.7728271484375,-94.8998031616211,-586.9551391601562,183.54379052942454,224.12592705947546,-36.137575968895646,369.00000012924744,183.00000325690752,1.0,0.8039215803146362,0.5960784554481506,calibrated_uv_reprojection_plus_stereo_left
50.038421630859375,-94.92298889160156,-587.0764770507812,182.88395073606898,222.9815890298913,-36.196389839986864,369.9999980155516,183.00000062229702,1.0,0.8392156958580017,0.615686297416687,calibrated_uv_reprojection_plus_stereo_left
51.29558563232422,-94.92925262451172,-587.0931396484375,182.17341183264284,221.88143640591642,-36.178130479958725,371.0000001523281,182.9999969461379,1.0,0.8509804010391235,0.6235294342041016,calibrated_uv_reprojection_plus_stereo_left
52.553043365478516,-94.9355697631836,-587.1102294921875,181.46291943084532,220.78088447690868,-36.16018782614992,371.99999698533037,183.00000637175168,1.0,0.8627451062202454,0.6313725709915161,calibrated_uv_reprojection_plus_stereo_left
53.7974853515625,-94.91846466064453,-586.9823608398438,180.6829957939467,219.74268287963747,-36.035535573090556,372.99999836030804,183.00000172139067,1.0,0.8666666746139526,0.6431372761726379,calibrated_uv_reprojection_plus_stereo_left
55.04329299926758,-94.9043197631836,-586.8728637695312,179.9120286439616,218.69682940146438,-35.92441808598875,373.99999881957,183.0000048050263,1.0,0.8745098114013672,0.6509804129600525,calibrated_uv_reprojection_plus_stereo_left
56.29393768310547,-94.8988037109375,-586.816650390625,179.16656686522805,217.62800345155696,-35.85251366997329,375.00000177230976,182.99999774866927,1.0,0.8666666746139526,0.6509804129600525,calibrated_uv_reprojection_plus_stereo_left
57.561954498291016,-94.92201232910156,-586.9381103515625,178.50540298899205,216.48151548212388,-35.911360679067286,376.0000024092266,182.9999980680912,1.0,0.8549019694328308,0.6431372761726379,calibrated_uv_reprojection_plus_stereo_left
58.833553314208984,-94.94985961914062,-587.0882568359375,177.85740388265714,215.32181254864122,-35.99130014914766,376.9999999951163,183.0000006316122,1.0,0.8352941274642944,0.6274510025978088,calibrated_uv_reprojection_plus_stereo_left
60.114078521728516,-94.99049377441406,-587.3174438476562,177.2462238785152,214.12651562219366,-36.12937462901607,377.9999993317431,183.0000025740107,1.0,0.8196078538894653,0.615686297416687,calibrated_uv_reprojection_plus_stereo_left
-9.0344877243042,-96.33924102783203,-604.8485107421875,225.17016159390266,268.6752374525191,-51.41293186620345,323.0000004676144,184.0000009212501,0.9254902005195618,0.8196078538894653,0.6039215922355652,calibrated_uv_reprojection_plus_stereo_left
-7.743513107299805,-96.26270294189453,-604.345703125,224.16543757615557,267.72811866248674,-51.00984958115657,323.99999984886483,183.99999949903676,1.0,0.9098039269447327,0.6509804129600525,calibrated_uv_reprojection_plus_stereo_left
-6.456152439117432,-96.21109771728516,-603.9994506835938,223.24558121140342,266.7291721658499,-50.72260398955888,324.99999989296424,183.99999765166524,0.9921568632125854,0.8392156958580017,0.5372549295425415,calibrated_uv_reprojection_plus_stereo_left
-5.173163890838623,-96.21705627441406,-604.0146484375,222.51938356231153,265.6071150847622,-50.7027084174166,326.0000001410086,184.00000377191427,0.9921568632125854,0.8352941274642944,0.529411792755127,calibrated_uv_reprojection_plus_stereo_left
-3.88995623588562,-96.2239990234375,-604.0359497070312,221.7962967640263,264.48271947881415,-50.687314428026184,326.9999999136778,184.00000118555658,1.0,0.8509804010391235,0.5411764979362488,calibrated_uv_reprojection_plus_stereo_left
-2.6033031940460205,-96.11427307128906,-603.3248901367188,220.68390736953216,263.61248711566736,-50.13036429436289,327.99999992913473,183.99999766677618,1.0,0.8509804010391235,0.5372549295425415,calibrated_uv_reprojection_plus_stereo_left
-1.3206850290298462,-96.09235382080078,-603.1651000976562,219.8653755747676,262.55219707147796,-49.98109913574575,329.00000008691666,184.0000020808784,1.0,0.8627451062202454,0.545098066329956,calibrated_uv_reprojection_plus_stereo_left
-0.03856395557522774,-96.09986877441406,-603.1900024414062,219.14481623677443,261.42748213373966,-49.96839321166516,329.9999999947986,183.9999983333874,1.0,0.8352941274642944,0.529411792755127,calibrated_uv_reprojection_plus_stereo_left
1.243048906326294,-96.04490661621094,-602.8228149414062,218.21717289987959,260.4408920992058,-49.66581166950351,330.99999999723155,184.00000091943184,1.0,0.8156862854957581,0.5137255191802979,calibrated_uv_reprojection_plus_stereo_left
2.5205814838409424,-95.88673400878906,-601.807861328125,216.94927537420472,259.6853103557111,-48.8844010921693,331.99999993234286,184.0000014447716,1.0,0.7529411911964417,0.45490196347236633,calibrated_uv_reprojection_plus_stereo_left
3.7965428829193115,-95.79292297363281,-601.1968994140625,215.89594210726193,258.78923685884,-48.401719326783905,333.000000004413,184.00000030524242,1.0,0.6980392336845398,0.3960784375667572,calibrated_uv_reprojection_plus_stereo_left
5.071298599243164,-95.72174072265625,-600.72802734375,214.91844335442977,257.84432139185617,-48.024123993030855,333.99999990396174,184.00000352941024,1.0,0.6313725709915161,0.34117648005485535,calibrated_uv_reprojection_plus_stereo_left
6.345813274383545,-95.67407989501953,-600.40673828125,214.01914317222133,256.8477893331162,-47.75564545262557,334.99999986205876,183.99999953033767,1.0,0.6313725709915161,0.34117648005485535,calibrated_uv_reprojection_plus_stereo_left
7.615015029907227,-95.57445526123047,-599.7593994140625,212.95043970943283,255.97037269634296,-47.24623205774901,336.00000002889203,183.99999788480864,1.0,0.6352941393852234,0.3490196168422699,calibrated_uv_reprojection_plus_stereo_left
8.884775161743164,-95.50835418701172,-599.322509765625,211.9927144022704,255.01857524019547,-46.89240443188095,337.0000000570655,184.0000014635502,1.0,0.6392157077789307,0.3529411852359772,calibrated_uv_reprojection_plus_stereo_left
10.147963523864746,-95.3961410522461,-598.5962524414062,210.88571482119897,254.1741037276241,-46.32478780735238,338.0000000235055,183.99999874148082,1.0,0.6352941393852234,0.3490196168422699,calibrated_uv_reprojection_plus_stereo_left
11.409018516540527,-95.2903060913086,-597.9100952148438,209.80114088348626,253.3174102136222,-45.786873409254895,338.99999984067335,183.99999967816143,1.0,0.6274510025978088,0.34117648005485535,calibrated_uv_reprojection_plus_stereo_left
12.66132926940918,-95.13925170898438,-596.9402465820312,208.57153382103877,252.5679427540749,-45.03942241957668,340.0000006120011,183.99999877954758,1.0,0.6235294342041016,0.34117648005485535,calibrated_uv_reprojection_plus_stereo_left
13.92912483215332,-95.1208267211914,-596.8026123046875,207.7732064244517,251.51277238925226,-44.90689511189669,340.9999999913211,183.9999990054264,1.0,0.6235294342041016,0.34117648005485535,calibrated_uv_reprojection_plus_stereo_left
15.190746307373047,-95.06622314453125,-596.43798828125,206.85836352013973,250.54268064537106,-44.606691259659215,341.9999997901471,183.99999735557185,1.0,0.6196078658103943,0.33725491166114807,calibrated_uv_reprojection_plus_stereo_left
16.447509765625,-94.99140167236328,-595.9465942382812,205.87924898166932,249.62133473964496,-44.21288159554507,343.0000004753291,184.0000016376348,1.0,0.6235294342041016,0.34117648005485535,calibrated_uv_reprojection_plus_stereo_left
17.67426872253418,-94.76589965820312,-594.5098876953125,204.41735432597858,249.058040117099,-43.120877396031915,344.0000008415172,183.99999870515137,1.0,0.6235294342041016,0.34117648005485535,calibrated_uv_reprojection_plus_stereo_left
18.93107032775879,-94.72036743164062,-594.2023315429688,203.5354464489684,248.0721077401687,-42.86298749862942,344.99999927245585,184.00000286922022,1.0,0.6235294342041016,0.34117648005485535,calibrated_uv_reprojection_plus_stereo_left
20.183156967163086,-94.65796661376953,-593.7888793945312,202.600242034262,247.12745734119017,-42.52690959984079,346.0000000365703,183.99999458400964,1.0,0.6235294342041016,0.33725491166114807,calibrated_uv_reprojection_plus_stereo_left
21.436689376831055,-94.6088638305664,-593.458984375,201.70838861305805,246.15221564621405,-42.252584057436366,346.9999990087911,184.00000073307007,1.0,0.6196078658103943,0.34117648005485535,calibrated_uv_reprojection_plus_stereo_left
22.661645889282227,-94.44572448730469,-592.4137573242188,200.45456955476652,245.4530261172975,-41.45006584381247,347.99999956977996,183.99999992441826,1.0,0.6196078658103943,0.34117648005485535,calibrated_uv_reprojection_plus_stereo_left
23.90433692932129,-94.36942291259766,-591.9132690429688,199.47870425473872,244.5471191627016,-41.04986991688645,348.99999994405385,183.9999981479481,1.0,0.6196078658103943,0.34117648005485535,calibrated_uv_reprojection_plus_stereo_left
25.14612579345703,-94.29701232910156,-591.437255859375,198.5162953506201,243.63340566091068,-40.66779459854524,350.0000001226176,184.00000103640684,1.0,0.6196078658103943,0.34117648005485535,calibrated_uv_reprojection_plus_stereo_left
26.388612747192383,-94.2336654663086,-591.01806640625,197.58354629449036,242.69912776627976,-40.32771058741179,350.99999990122285,183.9999970482919,1.0,0.6196078658103943,0.3450980484485626,calibrated_uv_reprojection_plus_stereo_left
27.630380630493164,-94.17329406738281,-590.6176147460938,196.6611130495317,241.75889936866207,-40.001501868883224,352.0000004500851,183.99999929356431,1.0,0.6196078658103943,0.34117648005485535,calibrated_uv_reprojection_plus_stereo_left
28.879798889160156,-94.14281463623047,-590.4046020507812,195.8334405241814,240.74619097811524,-39.81368654651243,353.00000001706826,183.999995073285,1.0,0.6196078658103943,0.34117648005485535,calibrated_uv_reprojection_plus_stereo_left
30.13384246826172,-94.12901306152344,-590.2962646484375,195.05847316568776,239.69270562939028,-39.70315682046862,353.99999913465155,184.000000195278,1.0,0.6196078658103943,0.3490196168422699,calibrated_uv_reprojection_plus_stereo_left
31.388097763061523,-94.11666107177734,-590.1969604492188,194.28816935753053,238.63586000693843,-39.59929561468698,355.00000012616425,183.99999749611555,1.0,0.615686297416687,0.3607843220233917,calibrated_uv_reprojection_plus_stereo_left
32.62451171875,-94.05353546142578,-589.7793579101562,193.359724186699,237.70631697184933,-39.26053987217648,355.9999998679042,184.00000527338022,1.0,0.6117647290229797,0.3686274588108063,calibrated_uv_reprojection_plus_stereo_left
33.8690299987793,-94.01734161376953,-589.530517578125,192.51591253092306,236.7104511925544,-39.0463505740521,356.99999969611815,183.99999534394863,1.0,0.6078431606292725,0.3803921639919281,calibrated_uv_reprojection_plus_stereo_left
35.11754608154297,-93.99415588378906,-589.3634033203125,191.71301912718144,235.6824179320869,-38.8925006008709,357.99999905033985,184.00000411816683,1.0,0.615686297416687,0.38823530077934265,calibrated_uv_reprojection_plus_stereo_left
36.36129379272461,-93.96001434326172,-589.1275024414062,190.8764866910799,234.68268219529898,-38.68790043728717,358.9999980729918,183.99999981658098,1.0,0.615686297416687,0.3843137323856354,calibrated_uv_reprojection_plus_stereo_left
37.61263656616211,-93.94686126708984,-589.0232543945312,190.10523099984158,233.63010987062506,-38.580457441131045,360.0000007568091,184.0000014048748,1.0,0.6274510025978088,0.40784314274787903,calibrated_uv_reprojection_plus_stereo_left
38.84034729003906,-93.87721252441406,-588.5648193359375,189.16017562951646,232.72247759686155,-38.211720082205034,360.99999987687517,184.0000041465042,1.0,0.658823549747467,0.4431372582912445,calibrated_uv_reprojection_plus_stereo_left
40.0767822265625,-93.83212280273438,-588.2603759765625,188.29157159739344,231.75317832602965,-37.95662443337147,361.9999993584979,184.0000060743237,1.0,0.7921568751335144,0.5803921818733215,calibrated_uv_reprojection_plus_stereo_left
41.298683166503906,-93.75656127929688,-587.7648315429688,187.3302260096752,230.86362718969394,-37.56058323085546,363.00000143829374,183.9999964323889,1.0,0.9019607901573181,0.6901960968971252,calibrated_uv_reprojection_plus_stereo_left
42.53356170654297,-93.71382141113281,-587.4752197265625,186.47035033184943,229.89047827356885,-37.31649559470179,363.99999928891833,184.0000053873627,1.0,0.9725490212440491,0.7254902124404907,calibrated_uv_reprojection_plus_stereo_left
43.77540588378906,-93.68824005126953,-587.2930908203125,185.6633451349769,228.87351840557295,-37.151698767127925,364.99999796773443,184.00000226216616,1.0,0.9450980424880981,0.6980392336845398,calibrated_uv_reprojection_plus_stereo_left
45.01742172241211,-93.66422271728516,-587.1207885742188,184.8614373445269,227.8529594060291,-36.99416416897259,366.0000013978966,184.0000007555454,1.0,0.8274509906768799,0.6196078658103943,calibrated_uv_reprojection_plus_stereo_left
46.26478576660156,-93.65214538574219,-587.0233764648438,184.09607226797465,226.8014507892395,-36.89187310175191,366.99999830986235,184.0000042342201,0.9960784316062927,0.772549033164978,0.5686274766921997,calibrated_uv_reprojection_plus_stereo_left
47.498226165771484,-93.61306762695312,-586.7566528320312,183.24913909106408,225.8215085746323,-36.66473273247027,368.0000015528698,183.99999757606386,1.0,0.7333333492279053,0.5490196347236633,calibrated_uv_reprojection_plus_stereo_left
48.76128005981445,-93.63267517089844,-586.8578491210938,182.57983472469937,224.6866039213739,-36.70890262014416,368.99999955780544,184.0000016017628,1.0,0.7568627595901489,0.5686274766921997,calibrated_uv_reprojection_plus_stereo_left
50.022361755371094,-93.64743041992188,-586.9285888671875,181.89555514500893,223.56410819591247,-36.730599472033816,369.9999975353152,184.00000124911713,1.0,0.7803921699523926,0.5764706134796143,calibrated_uv_reprojection_plus_stereo_left
51.28398895263672,-93.66227722167969,-586.9998779296875,181.21125576504727,222.44094372984685,-36.75268792425754,370.99999877678744,183.99999887681372,1.0,0.800000011920929,0.5843137502670288,calibrated_uv_reprojection_plus_stereo_left
52.51972198486328,-93.63007354736328,-586.7763061523438,180.3858274786923,221.4438565261531,-36.55739998698709,372.0000013279367,183.9999979605151,1.0,0.8235294222831726,0.5921568870544434,calibrated_uv_reprojection_plus_stereo_left
53.76336669921875,-93.61297607421875,-586.6474609375,179.60596509431372,220.40662353410028,-36.431960080157694,373.0000008926155,184.00000300224374,1.0,0.8392156958580017,0.6117647290229797,calibrated_uv_reprojection_plus_stereo_left
55.01411819458008,-93.60859680175781,-586.5982666015625,178.86416780321446,219.33523241820137,-36.36523325345422,373.99999825548525,184.00000115601816,1.0,0.8549019694328308,0.6274510025978088,calibrated_uv_reprojection_plus_stereo_left
56.254764556884766,-93.58743286132812,-586.4439086914062,178.0725329033432,218.3095651166744,-36.22099993442072,374.99999752180696,184.00000101225004,1.0,0.8627451062202454,0.6431372761726379,calibrated_uv_reprojection_plus_stereo_left
57.53594970703125,-93.63299560546875,-586.7077026367188,177.47884726301749,217.1017839619675,-36.384946531726314,375.99999862913245,184.00000494669058,1.0,0.8627451062202454,0.6509804129600525,calibrated_uv_reprojection_plus_stereo_left
58.79084777832031,-93.63460540771484,-586.6959838867188,176.75450224928335,216.01362148339905,-36.34582308852674,377.0000002686948,183.9999974908827,1.0,0.8705882430076599,0.6549019813537598,calibrated_uv_reprojection_plus_stereo_left
60.06028747558594,-93.65866088867188,-586.8250122070312,176.09626038288474,214.8633871877375,-36.410417651718944,377.99999844535546,184.00000462504062,1.0,0.886274516582489,0.6705882549285889,calibrated_uv_reprojection_plus_stereo_left
61.343040466308594,-93.7019271850586,-587.0742797851562,175.49400473155777,213.65933659569578,-36.563579148632584,379.000001232615,183.99999773497228,1.0,0.9843137264251709,0.7686274647712708,calibrated_uv_reprojection_plus_stereo_left
-10.314929962158203,-94.97811889648438,-604.3878784179688,224.7162651352761,270.481408157627,-51.76316270499359,321.99999935951564,184.99999715045024,0.8823529481887817,0.7647058963775635,0.5568627715110779,calibrated_uv_reprojection_plus_stereo_left
-9.019299507141113,-94.85262298583984,-603.5673828125,223.54206422686298,269.6411124074052,-51.12424024465611,323.0000000844708,184.9999980891975,0.9921568632125854,0.9254902005195618,0.6509804129600525,calibrated_uv_reprojection_plus_stereo_left
-7.73543119430542,-94.8309555053711,-603.4075927734375,222.72299934707007,268.5796317583313,-50.97481718062113,323.99999960607045,184.99999791574635,1.0,0.929411768913269,0.6352941393852234,calibrated_uv_reprojection_plus_stereo_left
-6.451634883880615,-94.80323791503906,-603.2093505859375,221.88369506963494,267.5316844720113,-50.79692703783928,325.0000001997334,185.0000020238728,1.0,0.8941176533699036,0.572549045085907,calibrated_uv_reprojection_plus_stereo_left
-5.172072410583496,-94.84125518798828,-603.4293212890625,221.26735020965697,266.3409345921907,-50.928799463109215,325.9999998663872,185.0000015292695,1.0,0.8549019694328308,0.529411792755127,calibrated_uv_reprojection_plus_stereo_left
-3.889693260192871,-94.83814239501953,-603.3875732421875,220.51138589450613,265.2394027941316,-50.866814232783156,327.00000001352055,184.99999881629412,1.0,0.8313725590705872,0.5058823823928833,calibrated_uv_reprojection_plus_stereo_left
-2.604825258255005,-94.74510192871094,-602.7737426757812,219.45232179024288,264.33608781433213,-50.38117736833806,328.0000000330459,185.0000013427273,1.0,0.8313725590705872,0.5137255191802979,calibrated_uv_reprojection_plus_stereo_left
-1.3232024908065796,-94.71148681640625,-602.5379638671875,218.59447419534683,263.30317643700914,-50.17554160542505,328.9999999530062,184.99999856078972,1.0,0.8078431487083435,0.4941176474094391,calibrated_uv_reprojection_plus_stereo_left
-0.04238642007112503,-94.67477416992188,-602.2825317382812,217.72672031843808,262.27785352603826,-49.95537629356937,330.00000000342544,185.00000045665473,1.0,0.8549019694328308,0.5372549295425415,calibrated_uv_reprojection_plus_stereo_left
1.2378021478652954,-94.65829467773438,-602.15576171875,216.92717899224306,261.2080068653612,-49.83048807310388,331.00000002650165,184.9999945463564,1.0,0.8627451062202454,0.5411764979362488,calibrated_uv_reprojection_plus_stereo_left
2.515450954437256,-94.55929565429688,-601.504150390625,215.85232395973833,260.3242086821516,-49.3170517436933,332.0000001685948,184.999997281611,1.0,0.8549019694328308,0.5176470875740051,calibrated_uv_reprojection_plus_stereo_left
3.792479991912842,-94.50907897949219,-601.1629028320312,214.94148226887842,259.3322417725876,-49.03343888313816,333.000000068512,185.00000248447427,1.0,0.8470588326454163,0.5098039507865906,calibrated_uv_reprojection_plus_stereo_left
5.067985534667969,-94.45391082763672,-600.7901000976562,214.01488232522615,258.3526482233865,-48.726491491884815,334.0000002628424,184.99999760843377,1.0,0.8196078538894653,0.49803921580314636,calibrated_uv_reprojection_plus_stereo_left
6.343055725097656,-94.41297912597656,-600.5079345703125,213.13631902367473,257.3416906941087,-48.48667149533725,335.0000001113748,185.00000052483068,1.0,0.7882353067398071,0.4745098054409027,calibrated_uv_reprojection_plus_stereo_left
7.6135969161987305,-94.32840728759766,-599.9481811523438,212.11397543518558,256.43190142172375,-48.041419467815615,336.00000042059526,184.99999792710443,1.0,0.6941176652908325,0.41960784792900085,calibrated_uv_reprojection_plus_stereo_left
8.883711814880371,-94.26252746582031,-599.5073852539062,211.1545999338722,255.48081912219317,-47.68426226818366,337.0000003194123,185.00000017538628,1.0,0.6549019813537598,0.3764705955982208,calibrated_uv_reprojection_plus_stereo_left
10.151392936706543,-94.18968200683594,-599.0222778320312,210.1732557210334,254.5473732511165,-47.294350577623106,338.000000055764,184.9999974156616,1.0,0.6274510025978088,0.34117648005485535,calibrated_uv_reprojection_plus_stereo_left
11.413677215576172,-94.08776092529297,-598.3523559570312,209.09753704179315,253.68336255453104,-46.76772986568278,338.99999997722364,185.00000210620362,1.0,0.6235294342041016,0.34117648005485535,calibrated_uv_reprojection_plus_stereo_left
12.669105529785156,-93.9547119140625,-597.4844970703125,207.9213697915095,252.89464744681234,-46.09471157794701,339.99999997867326,185.00000295193104,1.0,0.6196078658103943,0.34117648005485535,calibrated_uv_reprojection_plus_stereo_left
13.929472923278809,-93.87854766845703,-596.9783935546875,206.93314080485095,251.97492092205653,-45.68942999735282,341.00000047994973,184.99999914854064,1.0,0.6235294342041016,0.3450980484485626,calibrated_uv_reprojection_plus_stereo_left
15.19265079498291,-93.83186340332031,-596.6597900390625,206.0421747353691,250.98707415675668,-45.42291416993868,342.00000001223464,184.99999640425213,1.0,0.6235294342041016,0.34117648005485535,calibrated_uv_reprojection_plus_stereo_left
16.454212188720703,-93.78258514404297,-596.3247680664062,205.1434696145551,250.00638876293334,-45.14428507743827,343.0000002465781,185.00000057211798,1.0,0.6274510025978088,0.34117648005485535,calibrated_uv_reprojection_plus_stereo_left
17.682937622070312,-93.56609344482422,-594.926513671875,203.7029001671758,249.42669246104128,-44.07918393432283,344.0000011812481,184.99999842645084,1.0,0.6274510025978088,0.34117648005485535,calibrated_uv_reprojection_plus_stereo_left
18.93132781982422,-93.47515869140625,-594.3267211914062,202.6721140302572,248.55021109359106,-43.60482683427699,344.9999992186953,185.0000033192934,1.0,0.6235294342041016,0.34117648005485535,calibrated_uv_reprojection_plus_stereo_left
20.191423416137695,-93.44932556152344,-594.1408081054688,201.85288332948818,247.51856974627208,-43.436634762299946,346.0000002473157,184.9999994997301,1.0,0.6196078658103943,0.33725491166114807,calibrated_uv_reprojection_plus_stereo_left
21.44537353515625,-93.39933776855469,-593.8013916015625,200.95621835297305,246.54604757271164,-43.15493530518165,347.00000019871896,185.00000233090063,1.0,0.6235294342041016,0.33725491166114807,calibrated_uv_reprojection_plus_stereo_left
22.68180274963379,-93.28245544433594,-593.0366821289062,199.84532014478378,245.73773787557573,-42.55875195825831,348.0000001305939,185.00000054544532,1.0,0.6235294342041016,0.33725491166114807,calibrated_uv_reprojection_plus_stereo_left
23.914134979248047,-93.16155242919922,-592.2465209960938,198.72333913212543,244.94191256654852,-41.94382690708795,348.9999993358644,185.00000577043272,1.0,0.6235294342041016,0.3450980484485626,calibrated_uv_reprojection_plus_stereo_left
25.159526824951172,-93.1007308959961,-591.8382568359375,197.7952762042267,244.00094940478047,-41.61135102192969,350.0000004344962,184.99999936016908,1.0,0.6235294342041016,0.3450980484485626,calibrated_uv_reprojection_plus_stereo_left
26.400192260742188,-93.02870178222656,-591.35888671875,196.8324099586648,243.08901311993273,-41.22634869459489,350.99999961578266,185.00000682665404,1.0,0.6196078658103943,0.34117648005485535,calibrated_uv_reprojection_plus_stereo_left
27.643869400024414,-92.97303771972656,-590.9834594726562,195.92264421437176,242.1380406526447,-40.91822806590426,352.00000102708185,185.0000001462425,1.0,0.6196078658103943,0.34117648005485535,calibrated_uv_reprojection_plus_stereo_left
28.8936710357666,-92.94160461425781,-590.7621459960938,195.09063221625263,241.1277615731722,-40.724077326977124,353.0000001644863,185.0000023472797,1.0,0.6196078658103943,0.34117648005485535,calibrated_uv_reprojection_plus_stereo_left
30.149744033813477,-92.93182373046875,-590.6784057617188,194.32758313354202,240.0638329770342,-40.631634839538776,354.00000101640086,184.99999679812993,1.0,0.6196078658103943,0.3490196168422699,calibrated_uv_reprojection_plus_stereo_left
31.402908325195312,-92.91392517089844,-590.5431518554688,193.5390256420173,239.02048452348043,-40.50112615596322,354.99999919600975,185.00000098206442,1.0,0.6196078658103943,0.35686275362968445,calibrated_uv_reprojection_plus_stereo_left
32.634742736816406,-92.83644104003906,-590.0291748046875,192.5629711833019,238.128352554029,-40.090708851472755,356.000000020747,185.0000015424399,1.0,0.615686297416687,0.35686275362968445,calibrated_uv_reprojection_plus_stereo_left
33.88523864746094,-92.81555938720703,-589.8749389648438,191.76593716694282,237.0939720322375,-39.9462057064423,356.99999998333124,184.99999943386254,1.0,0.615686297416687,0.3607843220233917,calibrated_uv_reprojection_plus_stereo_left
35.131229400634766,-92.78400421142578,-589.6528930664062,190.9357224807581,236.08726503558583,-39.751603289370735,358.0000016786048,184.99999900893715,1.0,0.615686297416687,0.364705890417099,calibrated_uv_reprojection_plus_stereo_left
36.372379302978516,-92.7420425415039,-589.36474609375,190.07341991387256,235.1079254400952,-39.508175505179395,358.99999976693874,185.00000083461487,1.0,0.615686297416687,0.364705890417099,calibrated_uv_reprojection_plus_stereo_left
37.624881744384766,-92.7306137084961,-589.2706298828125,189.3069375598481,234.050741931581,-39.40814046545046,360.00000028826554,185.0000011023614,1.0,0.6078431606292725,0.3803921639919281,calibrated_uv_reprojection_plus_stereo_left
38.85636520385742,-92.66956329345703,-588.8612060546875,188.38621662713928,233.12229430044664,-39.07514763721821,360.9999989175267,185.00000200317382,1.0,0.6039215922355652,0.38823530077934265,calibrated_uv_reprojection_plus_stereo_left
40.09255599975586,-92.62297821044922,-588.543701171875,187.51127484716278,232.15755206004857,-38.810099677139476,362.0000003652588,185.00000001670878,1.0,0.6078431606292725,0.3960784375667572,calibrated_uv_reprojection_plus_stereo_left
41.32453918457031,-92.569580078125,-588.1829223632812,186.61592250974275,231.2116290908862,-38.51311144091136,363.0000004031227,184.9999975199414,1.0,0.6078431606292725,0.3960784375667572,calibrated_uv_reprojection_plus_stereo_left
42.544334411621094,-92.49261474609375,-587.6724853515625,185.64862134183926,230.32873799394667,-38.10560977059396,363.9999982194964,185.00000232501944,1.0,0.729411780834198,0.5254902243614197,calibrated_uv_reprojection_plus_stereo_left
43.78435134887695,-92.4625473022461,-587.4600219726562,184.8268768863502,229.32387509237904,-37.91824870673196,364.99999912030427,185.00000391481518,1.0,0.8274509906768799,0.6196078658103943,calibrated_uv_reprojection_plus_stereo_left
45.021392822265625,-92.42784881591797,-587.2180786132812,183.99129811063972,228.331923215951,-37.709125818477105,366.0000016673,184.99999670753186,1.0,0.9450980424880981,0.7137255072593689,calibrated_uv_reprojection_plus_stereo_left
46.26350021362305,-92.40494537353516,-587.0511474609375,183.19236799805265,227.30929208327862,-37.55542762402348,367.00000266132656,184.99999748642966,1.0,0.9529411792755127,0.7254902124404907,calibrated_uv_reprojection_plus_stereo_left
47.49694061279297,-92.3662109375,-586.7836303710938,182.34536012729052,226.32943465098617,-37.3274592954657,368.0000019715811,184.99999526676856,1.0,0.9098039269447327,0.686274528503418,calibrated_uv_reprojection_plus_stereo_left
48.74883270263672,-92.3642349243164,-586.7496948242188,181.6109574764995,225.25170550838646,-37.272002275847626,368.99999999345863,184.9999999697667,1.0,0.8274509906768799,0.6078431606292725,calibrated_uv_reprojection_plus_stereo_left
50.00436782836914,-92.36890411376953,-586.7579345703125,180.8967138560376,224.1560306721054,-37.247682464564946,370.0000005685823,185.00000009204635,1.0,0.7450980544090271,0.5372549295425415,calibrated_uv_reprojection_plus_stereo_left
51.25962448120117,-92.37267303466797,-586.7604370117188,180.17960594515688,223.06260681888804,-37.219120045013256,370.99999853512406,184.99999833903308,1.0,0.7411764860153198,0.5372549295425415,calibrated_uv_reprojection_plus_stereo_left
52.49906539916992,-92.34825134277344,-586.5839233398438,179.377145395066,222.04565491099441,-37.05839359608319,372.00000021230636,185.0000029343974,1.0,0.7607843279838562,0.5607843399047852,calibrated_uv_reprojection_plus_stereo_left
53.74169921875,-92.3302993774414,-586.4484252929688,178.59449588154388,221.01155197478576,-36.9279524703029,373.00000085951956,184.99999653377205,1.0,0.7764706015586853,0.5686274766921997,calibrated_uv_reprojection_plus_stereo_left
54.98680877685547,-92.31714630126953,-586.343505859375,177.82654345370253,219.96458959827774,-36.82010055481851,373.9999992869737,185.00000174255132,1.0,0.7882353067398071,0.572549045085907,calibrated_uv_reprojection_plus_stereo_left
56.2265625,-92.2956314086914,-586.1854248046875,177.03362997735525,218.94090564204743,-36.673010486349085,374.9999990230399,184.999999566577,1.0,0.8078431487083435,0.5882353186607361,calibrated_uv_reprojection_plus_stereo_left
57.51824188232422,-92.35826873779297,-586.5618286132812,176.49283839552606,217.68481764037054,-36.920420624790665,375.9999987738783,185.00000127537584,1.0,0.8235294222831726,0.6039215922355652,calibrated_uv_reprojection_plus_stereo_left
58.778507232666016,-92.36871337890625,-586.6067504882812,175.7952281703433,216.57217869697422,-36.92314901981149,376.9999971190532,185.00000415530064,1.0,0.8627451062202454,0.6549019813537598,calibrated_uv_reprojection_plus_stereo_left
60.04208755493164,-92.3836669921875,-586.6802368164062,175.110790548507,215.4466452677658,-36.94694236341394,378.00000200913297,184.9999991118516,1.0,0.9254902005195618,0.7215686440467834,calibrated_uv_reprojection_plus_stereo_left
61.3482551574707,-92.46205139160156,-587.1565551757812,174.6143953728935,214.14294960252374,-37.267981399587086,379.0000006339278,184.99999904833044,1.0,0.9882352948188782,0.7843137383460999,calibrated_uv_reprojection_plus_stereo_left
-10.297808647155762,-93.5024642944336,-603.153076171875,223.11418941195012,271.42785739817106,-51.506837261430746,321.9999995014325,185.99999926697961,0.9882352948188782,0.9019607901573181,0.6705882549285889,calibrated_uv_reprojection_plus_stereo_left
-9.009316444396973,-93.42557525634766,-602.6355590820312,222.10457474055863,270.48723938879516,-51.09191260139875,322.99999987070987,186.00000243470402,1.0,0.95686274766922,0.6509804129600525,calibrated_uv_reprojection_plus_stereo_left
-7.726374626159668,-93.39154815673828,-602.39453125,221.24350506636466,269.4548494766559,-50.88214786112667,324.00000027130966,186.00000406308425,1.0,0.9529411792755127,0.6352941393852234,calibrated_uv_reprojection_plus_stereo_left
-6.44811487197876,-93.41331481933594,-602.5133666992188,220.5743186727537,268.3008016973873,-50.939346357504974,325.00000007088994,186.00000339339846,1.0,0.9411764740943909,0.6039215922355652,calibrated_uv_reprojection_plus_stereo_left
-5.168698787689209,-93.42681884765625,-602.5789184570312,219.87645378518135,267.16436543363716,-50.957006708759934,326.00000028618354,186.0000051389746,0.9921568632125854,0.8705882430076599,0.5333333611488342,calibrated_uv_reprojection_plus_stereo_left
-3.888136863708496,-93.42414093017578,-602.5400390625,219.1230340259596,266.06341513104303,-50.89719532442268,327.0000000600246,185.9999999166045,0.9960784316062927,0.843137264251709,0.5058823823928833,calibrated_uv_reprojection_plus_stereo_left
-2.606628179550171,-93.3885726928711,-602.2891235351562,218.25758309009956,265.0357288830419,-50.680135297775735,328.0000001275779,186.00000477438596,1.0,0.8627451062202454,0.529411792755127,calibrated_uv_reprojection_plus_stereo_left
-1.3254956007003784,-93.31804656982422,-601.812744140625,217.27381171713216,264.08714205436456,-50.2958921902171,329.0000000668557,186.0000055873915,0.9882352948188782,0.8078431487083435,0.47843137383461,calibrated_uv_reprojection_plus_stereo_left
-0.04620891809463501,-93.27708435058594,-601.5269775390625,216.3913212042964,263.0735596017852,-50.05303433440764,329.99999999410477,185.99999787568242,0.9960784316062927,0.8745098114013672,0.5411764979362488,calibrated_uv_reprojection_plus_stereo_left
1.2321338653564453,-93.24195098876953,-601.2789306640625,215.52918938137879,262.0476272086521,-49.83817896946414,330.99999996734465,186.00000406232044,1.0,0.8823529481887817,0.5490196347236633,calibrated_uv_reprojection_plus_stereo_left
2.5089075565338135,-93.18052673339844,-600.8612670898438,214.57878946468628,261.0823161126359,-49.497576898639466,332.00000003553794,185.99999834510672,1.0,0.8745098114013672,0.529411792755127,calibrated_uv_reprojection_plus_stereo_left
3.7847671508789062,-93.13554382324219,-600.5496826171875,213.68468058243252,260.08074024498023,-49.23566130051552,333.0000001358518,185.99999706494117,1.0,0.8705882430076599,0.5254902243614197,calibrated_uv_reprojection_plus_stereo_left
5.061189651489258,-93.12174224853516,-600.439208984375,212.8959809068552,259.0084112955494,-49.12286597280547,333.99999983310545,186.00000037573227,1.0,0.8666666746139526,0.5254902243614197,calibrated_uv_reprojection_plus_stereo_left
6.337967395782471,-93.11721801757812,-600.3885498046875,212.13852668608934,257.9148742766359,-49.05441601745696,334.9999996701597,186.0000027890826,1.0,0.8588235378265381,0.5215686559677124,calibrated_uv_reprojection_plus_stereo_left
7.611838340759277,-93.0774154663086,-600.1104125976562,211.26314051800887,256.9033435944714,-48.81735139628074,335.9999998513134,186.0000023145081,1.0,0.8313725590705872,0.5137255191802979,calibrated_uv_reprojection_plus_stereo_left
8.886775016784668,-93.05913543701172,-599.9710693359375,210.46011445497567,255.84239361579208,-48.683183038583195,336.99999999485857,186.00000393303634,1.0,0.8039215803146362,0.4901960790157318,calibrated_uv_reprojection_plus_stereo_left
10.157421112060547,-93.00523376464844,-599.60205078125,209.53879402488582,254.8654216198104,-48.37880361688923,337.99999985722536,186.00000186629552,1.0,0.7215686440467834,0.40784314274787903,calibrated_uv_reprojection_plus_stereo_left
11.423730850219727,-92.92725372314453,-599.0778198242188,208.53835244528284,253.94645244870438,-47.959432864973564,339.00000026474254,185.99999875091314,1.0,0.6470588445663452,0.3529411852359772,calibrated_uv_reprojection_plus_stereo_left
12.686460494995117,-92.8379898071289,-598.4808959960938,207.5017395549708,253.0559980852872,-47.48624550245995,340.00000016530396,185.99999738348177,1.0,0.6117647290229797,0.33725491166114807,calibrated_uv_reprojection_plus_stereo_left
13.947321891784668,-92.75190734863281,-597.9046020507812,206.47703305418094,252.15996715822416,-47.02840764589712,340.9999993535647,186.0000059838493,1.0,0.6274510025978088,0.3529411852359772,calibrated_uv_reprojection_plus_stereo_left
15.20407772064209,-92.65458679199219,-597.2557373046875,205.4165409226835,251.2928540888821,-46.516841912606935,342.00000087111346,185.99999415538568,1.0,0.6392157077789307,0.3607843220233917,calibrated_uv_reprojection_plus_stereo_left
16.46221923828125,-92.57950592041016,-596.7504272460938,204.43071266686718,250.37438894654753,-46.11170621818417,342.99999960102554,186.00000166182178,1.0,0.6392157077789307,0.3529411852359772,calibrated_uv_reprojection_plus_stereo_left
17.70699691772461,-92.44488525390625,-595.8612670898438,203.2507343694307,249.60166000487422,-45.422246127680694,344.0000004431214,185.99999520664238,1.0,0.6313725709915161,0.3450980484485626,calibrated_uv_reprojection_plus_stereo_left
18.95228385925293,-92.33024597167969,-595.10107421875,202.13825657736112,248.78343595448132,-44.82841710539884,344.999999681456,186.00000338984995,1.0,0.6313725709915161,0.3450980484485626,calibrated_uv_reprojection_plus_stereo_left
20.205224990844727,-92.26447296142578,-594.6558227539062,201.18698739793336,247.84850980322582,-44.4679385334199,345.999999050774,186.00000435918096,1.0,0.6274510025978088,0.34117648005485535,calibrated_uv_reprojection_plus_stereo_left
21.45716094970703,-92.20169830322266,-594.2298583984375,200.24644140402938,246.9077156291418,-44.12178113040824,347.0000013796938,185.9999972856466,1.0,0.6274510025978088,0.34117648005485535,calibrated_uv_reprojection_plus_stereo_left
22.69725227355957,-92.09745025634766,-593.5367431640625,199.17220656186782,246.07057614425122,-43.57781658740885,347.99999976566266,186.00000291789735,1.0,0.6274510025978088,0.34117648005485535,calibrated_uv_reprojection_plus_stereo_left
23.936983108520508,-92.00243377685547,-592.903076171875,198.12944377427192,245.21297415913472,-43.07793655532805,349.0000000165455,185.99999745053628,1.0,0.6235294342041016,0.3450980484485626,calibrated_uv_reprojection_plus_stereo_left
25.17867660522461,-91.9237289428711,-592.3746337890625,197.1408726729291,244.31690411984238,-42.656042188138485,350.00000046338727,186.00000020514543,1.0,0.6235294342041016,0.3450980484485626,calibrated_uv_reprojection_plus_stereo_left
26.417951583862305,-91.84378814697266,-591.8381958007812,196.1494896543768,243.42572837661282,-42.22827205293311,351.0000011001969,185.9999948618488,1.0,0.6235294342041016,0.34117648005485535,calibrated_uv_reprojection_plus_stereo_left
27.657024383544922,-91.7701187133789,-591.34228515625,195.17952071647193,242.52057404909598,-41.830565744118246,352.0000008328106,185.9999994979433,1.0,0.6235294342041016,0.3450980484485626,calibrated_uv_reprojection_plus_stereo_left
28.91356086730957,-91.75798034667969,-591.2428588867188,194.40801339402242,241.46169215064114,-41.72644242798913,352.9999993195429,186.00000122224418,1.0,0.6196078658103943,0.34117648005485535,calibrated_uv_reprojection_plus_stereo_left
30.169532775878906,-91.74482727050781,-591.1369018554688,193.63339524004476,240.40558361057913,-41.617490246752254,353.9999989648423,186.00000336546265,1.0,0.6196078658103943,0.34117648005485535,calibrated_uv_reprojection_plus_stereo_left
31.42705726623535,-91.73696899414062,-591.0650024414062,192.87580147024335,239.3362205595855,-41.53375055737513,355.00000047715906,185.99999794749607,1.0,0.6235294342041016,0.34117648005485535,calibrated_uv_reprojection_plus_stereo_left
32.64697265625,-91.62388610839844,-590.3152465820312,191.7833365967167,238.53643022918436,-40.94827253752311,355.9999977567273,186.00000284019455,1.0,0.615686297416687,0.3450980484485626,calibrated_uv_reprojection_plus_stereo_left
33.89448547363281,-91.59349822998047,-590.0982666015625,190.95519155274462,237.52647266107,-40.757195792869766,356.99999857988394,186.00000234220232,1.0,0.6117647290229797,0.3529411852359772,calibrated_uv_reprojection_plus_stereo_left
35.13960647583008,-91.55879211425781,-589.8534545898438,190.1137854668474,236.5283193695739,-40.54553648432005,358.000000404042,185.9999987815022,1.0,0.6117647290229797,0.3529411852359772,calibrated_uv_reprojection_plus_stereo_left
36.378971099853516,-91.51174926757812,-589.5292358398438,189.23391942793813,235.56292325109473,-40.2751377571185,359.0000004550924,186.0000018283302,1.0,0.6117647290229797,0.3529411852359772,calibrated_uv_reprojection_plus_stereo_left
37.62778854370117,-91.4906005859375,-589.371826171875,188.43634602782367,234.5310177642115,-40.12820380180983,359.99999767946935,186.00000262056636,1.0,0.6078431606292725,0.37254902720451355,calibrated_uv_reprojection_plus_stereo_left
38.86222457885742,-91.43673706054688,-589.003662109375,187.5362013595772,233.5852624016731,-39.82533385002694,360.9999990379596,186.0000003527565,1.0,0.6117647290229797,0.3803921639919281,calibrated_uv_reprojection_plus_stereo_left
40.093624114990234,-91.37909698486328,-588.6112060546875,186.62502177346755,232.65063786878088,-39.50452485852759,362.0000002139803,185.99999945741047,1.0,0.615686297416687,0.3803921639919281,calibrated_uv_reprojection_plus_stereo_left
41.33269500732422,-91.34169006347656,-588.34912109375,185.7779925256737,231.66378791002515,-39.280206753145535,362.9999999931084,186.00000109870956,1.0,0.615686297416687,0.3803921639919281,calibrated_uv_reprojection_plus_stereo_left
42.55222702026367,-91.26436614990234,-587.8299560546875,184.80698425881974,230.78376455961225,-38.8657278716359,363.9999995574611,186.00000372766846,1.0,0.615686297416687,0.40392157435417175,calibrated_uv_reprojection_plus_stereo_left
43.79226303100586,-91.23397827148438,-587.6130981445312,183.9831834978885,229.7802715013887,-38.67492220762756,365.0000009049404,186.0000027512887,1.0,0.5960784554481506,0.38823530077934265,calibrated_uv_reprojection_plus_stereo_left
45.030948638916016,-91.20235443115234,-587.3883056640625,183.15598253003293,228.78072684142384,-38.47826649229802,365.9999974659373,186.00000340522848,1.0,0.6274510025978088,0.4274509847164154,calibrated_uv_reprojection_plus_stereo_left
46.26612854003906,-91.16532897949219,-587.128662109375,182.31247362719438,227.79640500898094,-38.255846198471374,367.00000257940184,185.99999462685344,1.0,0.7333333492279053,0.5254902243614197,calibrated_uv_reprojection_plus_stereo_left
47.49806594848633,-91.12384796142578,-586.8404541015625,181.45578971396702,226.8248926208907,-38.01233186403891,367.99999885869124,185.99999997374624,1.0,0.8745098114013672,0.6352941393852234,calibrated_uv_reprojection_plus_stereo_left
48.74617385864258,-91.1145248413086,-586.7593383789062,180.69873221509226,225.76694989243288,-37.921991448371216,369.00000123887645,186.00000339515162,1.0,0.9411764740943909,0.7058823704719543,calibrated_uv_reprojection_plus_stereo_left
49.996063232421875,-91.10874938964844,-586.7009887695312,179.9526338478114,224.6994972285417,-37.84848328261586,370.00000171132444,185.99999663858063,1.0,0.9529411792755127,0.7333333492279053,calibrated_uv_reprojection_plus_stereo_left
51.2451286315918,-91.10160827636719,-586.6339111328125,179.20241088288105,223.63581532791216,-37.768528082121634,371.0000000604746,185.9999979361901,1.0,0.886274516582489,0.6745098233222961,calibrated_uv_reprojection_plus_stereo_left
52.472373962402344,-91.0567626953125,-586.3240966796875,178.3370515455103,222.67593645259524,-37.5091062529184,371.9999980895523,186.00000477048843,1.0,0.800000011920929,0.6000000238418579,calibrated_uv_reprojection_plus_stereo_left
53.71613311767578,-91.04183197021484,-586.2068481445312,177.56349108271826,221.63440019616004,-37.39207378501095,372.9999987269603,186.00000277875307,1.0,0.7529411911964417,0.5529412031173706,calibrated_uv_reprojection_plus_stereo_left
54.95737838745117,-91.02325439453125,-586.0661010742188,176.77901761771716,220.60326050595052,-37.25767529136215,373.99999991834136,185.9999979306017,1.0,0.7372549176216125,0.545098066329956,calibrated_uv_reprojection_plus_stereo_left
56.19816589355469,-91.00460052490234,-585.9249267578125,175.99457504834834,219.5726721531987,-37.122975597708944,374.9999970829915,186.00000015799307,1.0,0.7372549176216125,0.5568627715110779,calibrated_uv_reprojection_plus_stereo_left
57.48826217651367,-91.064697265625,-586.290771484375,175.44847785110233,218.32202220660906,-37.36305597919318,375.9999998877412,186.0000026004471,1.0,0.7372549176216125,0.5647059082984924,calibrated_uv_reprojection_plus_stereo_left
58.752197265625,-91.08152770996094,-586.3779907226562,174.77087110952033,217.19148655836034,-37.39715447665486,377.0000014606393,185.99999885083452,1.0,0.8549019694328308,0.658823549747467,calibrated_uv_reprojection_plus_stereo_left
60.02128982543945,-91.10533142089844,-586.5101318359375,174.11392583222755,216.04076951938896,-37.46444253168687,377.99999978175856,185.99999999272384,1.0,0.95686274766922,0.7529411911964417,calibrated_uv_reprojection_plus_stereo_left
61.34576416015625,-91.2103500366211,-587.1651000976562,173.70015891531193,214.65918331878862,-37.91808751111262,378.99999885794074,186.00000365297632,1.0,0.9843137264251709,0.7764706015586853,calibrated_uv_reprojection_plus_stereo_left
62.61091995239258,-91.2245864868164,-587.235595703125,173.01305800393948,213.53342986837282,-37.939757307314665,379.99999870745177,186.0000030153858,0.7764706015586853,0.7254902124404907,0.5137255191802979,calibrated_uv_reprojection_plus_stereo_left
-11.573341369628906,-92.1460189819336,-602.6849975585938,222.65784077803806,273.2299557259821,-51.848438440253005,321.0000003375282,187.0000065867303,0.9176470637321472,0.8156862854957581,0.572549045085907,calibrated_uv_reprojection_plus_stereo_left
-10.28396224975586,-92.06150817871094,-602.1109619140625,221.61884057055727,272.30784220240616,-51.3909960963432,321.9999996526335,186.99999621704006,1.0,0.9647058844566345,0.6980392336845398,calibrated_uv_reprojection_plus_stereo_left
-9.002083778381348,-92.03072357177734,-601.888427734375,220.76837996364463,271.26976054557866,-51.19477684746204,322.9999994695834,186.9999966614248,1.0,0.95686274766922,0.6549019813537598,calibrated_uv_reprojection_plus_stereo_left
-7.71893310546875,-91.975830078125,-601.5082397460938,219.8345491678853,270.28551574259643,-50.881448918879585,323.9999997841583,186.99999737745185,1.0,0.9607843160629272,0.6431372761726379,calibrated_uv_reprojection_plus_stereo_left
-6.442441463470459,-91.99571990966797,-601.6171264648438,219.16090223806737,269.1366187544862,-50.93148211538221,324.9999998663381,186.9999976799482,1.0,0.9647058844566345,0.6235294342041016,calibrated_uv_reprojection_plus_stereo_left
-5.165246963500977,-92.01477813720703,-601.7205810546875,218.48400355082606,267.98900427882666,-50.97746561622057,325.999999968652,187.0000000072937,1.0,0.9490196108818054,0.6078431606292725,calibrated_uv_reprojection_plus_stereo_left
-3.8857178688049316,-91.99356079101562,-601.5606689453125,217.66771100410887,266.93114466681607,-50.82781020873091,327.00000017681197,187.00000379775085,1.0,0.929411768913269,0.5843137502670288,calibrated_uv_reprojection_plus_stereo_left
-2.6066038608551025,-91.96984100341797,-601.3843383789062,216.84305666690506,265.879364316655,-50.665967052632254,328.00000010248704,187.00000002602815,1.0,0.9098039269447327,0.5686274766921997,calibrated_uv_reprojection_plus_stereo_left
-1.327649712562561,-91.918701171875,-601.0287475585938,215.92452367547259,264.8901984675866,-50.37100579834129,329.00000002117497,186.99999887928266,1.0,0.8980392217636108,0.5647059082984924,calibrated_uv_reprojection_plus_stereo_left
-0.05002538487315178,-91.88929748535156,-600.8153076171875,215.08126612184628,263.85264948026827,-50.181642506408025,329.9999999960072,186.99999867974486,1.0,0.9019607901573181,0.5607843399047852,calibrated_uv_reprojection_plus_stereo_left
1.226448655128479,-91.82720947265625,-600.38818359375,214.12665425322638,262.89057276630035,-49.83361937047215,331.00000007983266,186.999998719479,1.0,0.8980392217636108,0.5568627715110779,calibrated_uv_reprojection_plus_stereo_left
2.501631736755371,-91.77730560302734,-600.0407104492188,213.21453819774666,261.9018581902517,-49.54477555324644,331.99999998119097,186.9999944375782,1.0,0.8901960849761963,0.5529412031173706,calibrated_uv_reprojection_plus_stereo_left
3.777165174484253,-91.76710510253906,-599.952880859375,212.43832030320863,260.82235350987105,-49.44874581417872,332.99999998088686,186.99999620618348,1.0,0.886274516582489,0.5490196347236633,calibrated_uv_reprojection_plus_stereo_left
5.054274559020996,-91.7887954711914,-600.0735473632812,211.7704927353024,259.6688146098985,-49.50751344780764,333.99999999093944,186.99999858135547,1.0,0.8313725590705872,0.5098039507865906,calibrated_uv_reprojection_plus_stereo_left
6.330629825592041,-91.789306640625,-600.0557250976562,211.03050391609133,258.56419536399983,-49.463451933682734,335.0000000662242,186.99999832779008,1.0,0.8039215803146362,0.48235294222831726,calibrated_uv_reprojection_plus_stereo_left
7.608090400695801,-91.8017349243164,-600.1158447265625,210.33073471308802,257.43145318936126,-49.477248751522325,335.9999997452623,187.0000029444446,1.0,0.8509804010391235,0.5411764979362488,calibrated_uv_reprojection_plus_stereo_left
8.885208129882812,-91.80597686767578,-600.1223754882812,209.60307833696749,256.3176813308154,-49.45125187480522,337.000000279289,186.99999935459056,1.0,0.8470588326454163,0.5333333611488342,calibrated_uv_reprojection_plus_stereo_left
10.160982131958008,-91.79608154296875,-600.0365600585938,208.82777599150688,255.2372667658781,-49.35671388642487,337.99999974904193,187.00000385057194,1.0,0.8470588326454163,0.5215686559677124,calibrated_uv_reprojection_plus_stereo_left
11.43397045135498,-91.76520538330078,-599.8135375976562,207.98215273965275,254.2070901676519,-49.16034382517557,339.0000003450162,186.99999985569036,1.0,0.8274509906768799,0.5098039507865906,calibrated_uv_reprojection_plus_stereo_left
12.706720352172852,-91.73806762695312,-599.614990234375,207.14949262841884,253.1685930037139,-48.982157594829914,340.0000000132659,186.9999991844506,1.0,0.772549033164978,0.4627451002597809,calibrated_uv_reprojection_plus_stereo_left
13.968833923339844,-91.64541625976562,-598.98828125,206.09847793041104,252.28857265954403,-48.48626502296446,341.00000010697397,187.00000092889857,1.0,0.6980392336845398,0.4117647111415863,calibrated_uv_reprojection_plus_stereo_left
15.222054481506348,-91.5141830444336,-598.1094360351562,204.92038694482164,251.50416290091766,-47.80334240743707,341.9999998052089,187.0000005376383,1.0,0.6549019813537598,0.38823530077934265,calibrated_uv_reprojection_plus_stereo_left
16.476478576660156,-91.40930938720703,-597.4029541015625,203.831955694015,250.65863740297917,-47.24839506306449,342.99999944789363,187.0000040332922,1.0,0.6392157077789307,0.3607843220233917,calibrated_uv_reprojection_plus_stereo_left
17.73562240600586,-91.34324645996094,-596.9500732421875,202.87376891225148,249.72061650451124,-46.88165846118284,344.0000004765861,186.99999753364577,1.0,0.6392157077789307,0.3607843220233917,calibrated_uv_reprojection_plus_stereo_left
18.982744216918945,-91.22775268554688,-596.1742553710938,201.753174141533,248.90560943230756,-46.275395271433695,344.99999938776455,186.99999888693358,1.0,0.6313725709915161,0.3490196168422699,calibrated_uv_reprojection_plus_stereo_left
20.224504470825195,-91.10211181640625,-595.3322143554688,200.6009307478301,248.11835019369076,-45.620085107887746,345.99999949642626,187.0000043867351,1.0,0.6274510025978088,0.3450980484485626,calibrated_uv_reprojection_plus_stereo_left
21.468931198120117,-91.0021743774414,-594.6580810546875,199.5351899029028,247.27024589655954,-45.089394957301465,347.00000021833375,186.99999673961392,1.0,0.6313725709915161,0.3450980484485626,calibrated_uv_reprojection_plus_stereo_left
22.713621139526367,-90.91400909423828,-594.0609741210938,198.5096687553883,246.3950717839059,-44.61590501944272,348.0000005285501,186.99999620759877,1.0,0.6313725709915161,0.3450980484485626,calibrated_uv_reprojection_plus_stereo_left
23.957275390625,-90.8308334350586,-593.49658203125,197.50188128873145,245.50940221851735,-44.16674080667741,348.9999986741458,187.0000045358737,1.0,0.6274510025978088,0.34117648005485535,calibrated_uv_reprojection_plus_stereo_left
25.200212478637695,-90.75304412841797,-592.9673461914062,196.51294148502654,244.61209983060837,-43.743696108881124,349.99999938134386,187.00000390357684,1.0,0.6274510025978088,0.34117648005485535,calibrated_uv_reprojection_plus_stereo_left
26.440879821777344,-90.67455291748047,-592.4335327148438,195.5229043163971,243.7183665520417,-43.31730471316558,350.99999980304653,187.00000013089746,1.0,0.6235294342041016,0.3450980484485626,calibrated_uv_reprojection_plus_stereo_left
27.679126739501953,-90.59495544433594,-591.892578125,194.5305035231965,242.82923183591078,-42.88567267007585,351.99999913983265,187.00000266177625,1.0,0.6235294342041016,0.3450980484485626,calibrated_uv_reprojection_plus_stereo_left
28.9349422454834,-90.57697296142578,-591.754150390625,193.73905453244265,241.7845192064181,-42.75254018166868,353.000000282418,186.99999924786175,1.0,0.6196078658103943,0.34117648005485535,calibrated_uv_reprojection_plus_stereo_left
30.192163467407227,-90.56440734863281,-591.651123046875,192.96535698254905,240.72624613304964,-42.64566351288829,353.9999999911372,186.9999965260419,1.0,0.6196078658103943,0.33725491166114807,calibrated_uv_reprojection_plus_stereo_left
31.451566696166992,-90.55883026123047,-591.5938110351562,192.21436775344847,239.65014539562281,-42.57268813417818,354.99999938286055,187.0000007602901,1.0,0.6235294342041016,0.3333333432674408,calibrated_uv_reprojection_plus_stereo_left
32.66834259033203,-90.4354019165039,-590.7666015625,191.08420677790338,238.87945835840625,-41.928991835931356,355.999998399909,187.00000032095346,1.0,0.6235294342041016,0.33725491166114807,calibrated_uv_reprojection_plus_stereo_left
33.90799331665039,-90.3818359375,-590.395751953125,190.1801796282254,237.9298137052684,-41.62364451118026,357.000000874701,186.99999341894284,1.0,0.6235294342041016,0.34117648005485535,calibrated_uv_reprojection_plus_stereo_left
35.15251159667969,-90.34434509277344,-590.1300659179688,189.32847703514506,236.939290882699,-41.39628785789,357.99999948764605,187.0000032558348,1.0,0.615686297416687,0.3490196168422699,calibrated_uv_reprojection_plus_stereo_left
36.38927459716797,-90.28996276855469,-589.7539672851562,188.4233468595349,235.99399136690127,-41.08711540533153,358.9999984970952,187.00000130691325,1.0,0.615686297416687,0.35686275362968445,calibrated_uv_reprojection_plus_stereo_left
37.629920959472656,-90.24827575683594,-589.4608154296875,187.5594737410803,235.01640453863993,-40.83944802776983,359.99999994851163,186.99999976654522,1.0,0.615686297416687,0.364705890417099,calibrated_uv_reprojection_plus_stereo_left
38.862274169921875,-90.18980407714844,-589.05810546875,186.6429123347931,234.08422062538708,-40.51062397605352,360.99999797395105,187.00000434888852,1.0,0.615686297416687,0.364705890417099,calibrated_uv_reprojection_plus_stereo_left
40.08845901489258,-90.12089538574219,-588.5872192382812,185.6941483007929,233.18116293231003,-40.13131642100586,361.99999936919556,187.00000448052307,1.0,0.6196078658103943,0.364705890417099,calibrated_uv_reprojection_plus_stereo_left
41.322505950927734,-90.0730972290039,-588.2542114257812,184.81316152042962,232.22320937980138,-39.854209659740434,362.99999876315746,187.00000197525608,1.0,0.6196078658103943,0.364705890417099,calibrated_uv_reprojection_plus_stereo_left
42.56321716308594,-90.0419921875,-588.0302734375,183.98553016005587,231.22144597583892,-39.65794284813791,363.99999938071767,187.00000350082482,1.0,0.6196078658103943,0.364705890417099,calibrated_uv_reprojection_plus_stereo_left
43.80721664428711,-90.01922607421875,-587.8607788085938,183.18455839227204,230.19784505743047,-39.502025750229336,364.9999978350996,187.0000018699347,1.0,0.6196078658103943,0.364705890417099,calibrated_uv_reprojection_plus_stereo_left
45.048404693603516,-89.99189758300781,-587.6614990234375,182.36958282562688,229.18707133946873,-39.32405719545483,366.0000005753001,187.0000001351522,1.0,0.6274510025978088,0.3803921639919281,calibrated_uv_reprojection_plus_stereo_left
46.28466033935547,-89.95626831054688,-587.4080200195312,181.52902048015426,228.1994789106911,-39.10595738431135,367.00000271457213,186.999997584294,1.0,0.615686297416687,0.3764705955982208,calibrated_uv_reprojection_plus_stereo_left
47.51233673095703,-89.90609741210938,-587.0596313476562,180.6436148032435,227.25243185892828,-38.817584392948675,368.0000008715915,186.99999844249723,1.0,0.5921568870544434,0.3803921639919281,calibrated_uv_reprojection_plus_stereo_left
48.7515869140625,-89.87965393066406,-586.8662109375,179.8328154661403,226.24130520817707,-38.644017170072686,368.9999986012713,187.00000167190575,1.0,0.6509804129600525,0.43529412150382996,calibrated_uv_reprojection_plus_stereo_left
49.99454116821289,-89.86100769042969,-586.7236328125,179.0465559072228,225.20923086902204,-38.50811124446204,370.0000029254956,186.99999533813502,1.0,0.7882353067398071,0.5647059082984924,calibrated_uv_reprojection_plus_stereo_left
51.23848342895508,-89.8448257446289,-586.5972900390625,178.26822567368134,224.1706472464981,-38.38424920814998,370.9999985377393,187.00000600007954,1.0,0.886274516582489,0.658823549747467,calibrated_uv_reprojection_plus_stereo_left
52.451290130615234,-89.77595520019531,-586.1268310546875,177.3273488293127,223.27908106821283,-38.00557858537377,372.00000085268414,187.00000075174873,1.0,0.9529411792755127,0.7137255072593689,calibrated_uv_reprojection_plus_stereo_left
53.688541412353516,-89.75099182128906,-585.9430541992188,176.52275642689472,222.26632897535046,-37.839215934677554,373.0000023706445,186.9999957655043,1.0,0.9254902005195618,0.6980392336845398,calibrated_uv_reprojection_plus_stereo_left
54.92669677734375,-89.72847747802734,-585.7753295898438,175.72605492422457,221.24719910568675,-37.68475656384345,373.99999972454447,186.9999974247426,1.0,0.8588235378265381,0.6431372761726379,calibrated_uv_reprojection_plus_stereo_left
56.162139892578125,-89.70246124267578,-585.5847778320312,174.91893732607542,220.23838680412308,-37.5134125720528,375.00000053860316,187.00000212834988,1.0,0.7647058963775635,0.5803921818733215,calibrated_uv_reprojection_plus_stereo_left
57.45907974243164,-89.77351379394531,-586.02783203125,174.40875659986864,218.9552315536698,-37.81111255647238,375.99999959564633,187.00000012660442,1.0,0.7607843279838562,0.5960784554481506,calibrated_uv_reprojection_plus_stereo_left
58.71989059448242,-89.7861328125,-586.0894165039062,173.71929291066903,217.8364656788455,-37.82639474318938,377.0000006076018,186.99999770555587,1.0,0.9490196108818054,0.7568627595901489,calibrated_uv_reprojection_plus_stereo_left
59.99359130859375,-89.81736755371094,-586.2725219726562,173.08614953957607,216.6641313367602,-37.931611814329244,378.00000161040947,186.99999731055277,0.9921568632125854,0.9882352948188782,0.7921568751335144,calibrated_uv_reprojection_plus_stereo_left
61.3254280090332,-89.93243408203125,-587.0028076171875,172.7065551048466,215.25050349762148,-38.44177717361936,378.99999923159487,186.99999854371765,0.9882352948188782,0.8588235378265381,0.6745098233222961,calibrated_uv_reprojection_plus_stereo_left
62.6846809387207,-90.0821304321289,-587.9590454101562,172.4297118979942,213.73426714313678,-39.119077287630205,380.0000025443157,186.99999746006924,0.7764706015586853,0.6117647290229797,0.4313725531101227,calibrated_uv_reprojection_plus_stereo_left
-12.84115982055664,-90.75257110595703,-601.9569702148438,222.06282002634947,275.11480646116127,-51.99540318800854,319.99999981196066,188.000000831984,0.8588235378265381,0.7333333492279053,0.5529412031173706,calibrated_uv_reprojection_plus_stereo_left
-11.551519393920898,-90.66313934326172,-601.3428955078125,221.00356456411487,274.2059235329739,-51.50760290458112,320.9999995878772,187.999995057479,1.0,0.9333333373069763,0.6941176652908325,calibrated_uv_reprojection_plus_stereo_left
-10.268279075622559,-90.60887145996094,-600.962158203125,220.06991544589368,273.2214994244887,-51.1935004375938,322.0000000008707,187.99999801927538,1.0,0.95686274766922,0.6901960968971252,calibrated_uv_reprojection_plus_stereo_left
-8.991734504699707,-90.60771942138672,-600.9337158203125,219.32422226686077,272.12043291349494,-51.141567813579854,322.99999978005775,188.00000024353875,1.0,0.9686274528503418,0.6509804129600525,calibrated_uv_reprojection_plus_stereo_left
-7.721373081207275,-90.68004608154297,-601.392578125,218.836752553032,270.85534405645615,-51.452202125979795,324.0000002899547,188.00000165530864,1.0,0.9686274528503418,0.6392157077789307,calibrated_uv_reprojection_plus_stereo_left
-6.4415411949157715,-90.64924621582031,-601.16748046875,217.9864002580822,269.8197793424332,-51.253932356444295,325.0000000991187,188.0000017985277,1.0,0.9686274528503418,0.6235294342041016,calibrated_uv_reprojection_plus_stereo_left
-5.163658618927002,-90.63927459716797,-601.0805053710938,217.20935326176442,268.73789431280875,-51.1584330667435,325.999999997692,188.0000003103423,1.0,0.9607843160629272,0.6117647290229797,calibrated_uv_reprojection_plus_stereo_left
-3.885298252105713,-90.61405181884766,-600.8923950195312,216.37917611367232,267.69075122606534,-50.98770572119503,326.99999986107247,187.99999852279907,1.0,0.9529411792755127,0.5960784554481506,calibrated_uv_reprojection_plus_stereo_left
-2.6060469150543213,-90.53682708740234,-600.3594970703125,215.3682869056354,266.7626942200214,-50.56053392906978,327.999999959755,188.00000064323,1.0,0.9333333373069763,0.5882353186607361,calibrated_uv_reprojection_plus_stereo_left
-1.3298968076705933,-90.52967834472656,-600.291259765625,214.60202567221972,265.6758025664885,-50.47901147543911,328.9999999788932,187.9999982154169,1.0,0.9254902005195618,0.5803921818733215,calibrated_uv_reprojection_plus_stereo_left
-0.05382026359438896,-90.48355865478516,-599.9646606445312,213.70077309526437,264.6787923729347,-50.205344915585556,330.0000000026562,188.0000004262542,1.0,0.9137254953384399,0.5882353186607361,calibrated_uv_reprojection_plus_stereo_left
1.221509575843811,-90.47066497802734,-599.8583984375,212.9151022824188,263.60583666056596,-50.09556655698623,330.9999999842101,188.00000441742145,1.0,0.9019607901573181,0.5843137502670288,calibrated_uv_reprojection_plus_stereo_left
2.495706796646118,-90.42610931396484,-599.5421752929688,212.0203512677324,262.60685341604255,-49.82966018678735,331.99999991002267,188.00000365505502,1.0,0.9019607901573181,0.5607843399047852,calibrated_uv_reprojection_plus_stereo_left
3.7720723152160645,-90.46116638183594,-599.7537841796875,211.400224520194,261.42249051749855,-49.956259688145394,333.00000001083066,188.00000101461592,1.0,0.8941176533699036,0.5529412031173706,calibrated_uv_reprojection_plus_stereo_left
5.049409866333008,-90.49404907226562,-599.9509887695312,210.77200986131095,260.2422908880547,-50.072125235804776,333.99999995620203,188.00000181225198,0.9921568632125854,0.8274509906768799,0.4745098054409027,calibrated_uv_reprojection_plus_stereo_left
6.327764987945557,-90.52671813964844,-600.146728515625,210.14245058080934,259.0617129333883,-50.18687435023264,335.0000003415163,187.99999885356544,0.9411764740943909,0.7568627595901489,0.40784314274787903,calibrated_uv_reprojection_plus_stereo_left
7.592879295349121,-90.3895492553711,-599.2166137695312,208.93205290328206,258.284045946422,-49.464626851942626,335.99999983582984,188.00000341616072,1.0,0.8196078538894653,0.48235294222831726,calibrated_uv_reprojection_plus_stereo_left
8.86972713470459,-90.41034698486328,-599.3336791992188,208.26223680654635,257.13213048702835,-49.520901839185626,337.0000000024852,188.00000230481706,1.0,0.7921568751335144,0.45098039507865906,calibrated_uv_reprojection_plus_stereo_left
10.147860527038574,-90.43643951416016,-599.48583984375,207.6100258219044,255.96689650623978,-49.60324749267073,338.0000000265576,188.0000021731322,1.0,0.8352941274642944,0.4745098054409027,calibrated_uv_reprojection_plus_stereo_left
11.425904273986816,-90.45516967773438,-599.5891723632812,206.93234821111793,254.8187140198281,-49.649279880408926,338.99999973910036,188.00000057568082,1.0,0.8666666746139526,0.5215686559677124,calibrated_uv_reprojection_plus_stereo_left
12.702370643615723,-90.4581527709961,-599.588134765625,206.2010241893537,253.70818783177572,-49.61772946994324,339.9999996198823,188.00000102225061,1.0,0.8509804010391235,0.5254902243614197,calibrated_uv_reprojection_plus_stereo_left
13.976133346557617,-90.44241333007812,-599.4630126953125,205.4063955226831,252.64315126793088,-49.49396118197279,340.9999995806244,188.0000030987763,1.0,0.8470588326454163,0.5215686559677124,calibrated_uv_reprojection_plus_stereo_left
15.247577667236328,-90.4149398803711,-599.2600708007812,204.57242866242245,251.60718172278695,-49.3123684571936,342.000000246907,187.99999882973037,1.0,0.8352941274642944,0.5098039507865906,calibrated_uv_reprojection_plus_stereo_left
16.516563415527344,-90.377685546875,-598.9923706054688,203.70601824002387,250.59586735888453,-49.08267722306613,342.9999992878614,188.00000107654034,1.0,0.7803921699523926,0.4627451002597809,calibrated_uv_reprojection_plus_stereo_left
17.764278411865234,-90.2371826171875,-598.0404052734375,202.4941648812125,249.84093696078796,-48.3445964107525,343.9999996151584,188.0000023849641,1.0,0.7215686440467834,0.40784314274787903,calibrated_uv_reprojection_plus_stereo_left
19.02158546447754,-90.16045379638672,-597.5111083984375,201.4977258925112,248.93072303882133,-47.920628453577876,344.9999994297505,187.99999917086905,1.0,0.6313725709915161,0.3450980484485626,calibrated_uv_reprojection_plus_stereo_left
20.269235610961914,-90.04997253417969,-596.7581787109375,200.38993592379228,248.10665603743658,-47.3305738612068,346.00000027807516,187.99999712652266,1.0,0.6235294342041016,0.34117648005485535,calibrated_uv_reprojection_plus_stereo_left
21.516223907470703,-89.94932556152344,-596.0704956054688,199.3166219407928,247.260484945212,-46.78906261598905,347.00000038279757,187.9999984252913,1.0,0.6352941393852234,0.3529411852359772,calibrated_uv_reprojection_plus_stereo_left
22.75895881652832,-89.84268951416016,-595.3432006835938,198.2250371426424,246.43178774303217,-46.21819615970776,348.000000123213,188.00000331942536,1.0,0.6352941393852234,0.3529411852359772,calibrated_uv_reprojection_plus_stereo_left
24.00629425048828,-89.7641372680664,-594.8019409179688,197.22805858949386,245.53440846098619,-45.785568883550695,349.00000002754837,187.99999591638107,1.0,0.6274510025978088,0.3450980484485626,calibrated_uv_reprojection_plus_stereo_left
25.233356475830078,-89.62107849121094,-593.8333740234375,196.01935150594755,244.80322359177595,-45.03563980142661,349.99999959824265,187.99999823412645,1.0,0.6274510025978088,0.3450980484485626,calibrated_uv_reprojection_plus_stereo_left
26.464271545410156,-89.50436401367188,-593.0393676757812,194.8996764486397,244.00799922274655,-44.41543768559353,351.00000036166387,187.9999938553302,1.0,0.6196078658103943,0.33725491166114807,calibrated_uv_reprojection_plus_stereo_left
27.69649887084961,-89.40217590332031,-592.3417358398438,193.82961037337844,243.17813467622076,-43.866885558376055,352.0000017220731,187.9999986515681,1.0,0.6196078658103943,0.33725491166114807,calibrated_uv_reprojection_plus_stereo_left
28.959592819213867,-89.40388488769531,-592.3324584960938,193.10163679854213,242.08211008048934,-43.829528773784546,353.0000004640967,187.9999979418327,1.0,0.615686297416687,0.3333333432674408,calibrated_uv_reprojection_plus_stereo_left
30.221256256103516,-89.40090942382812,-592.2921752929688,192.3582739172922,240.99811105517972,-43.769149251669944,353.99999865106366,188.00000102031208,1.0,0.615686297416687,0.3333333432674408,calibrated_uv_reprojection_plus_stereo_left
31.479839324951172,-89.38912200927734,-592.1934814453125,191.5861506157575,239.93709627451972,-43.665400343271244,355.0000005126664,188.00000026994707,1.0,0.615686297416687,0.3333333432674408,calibrated_uv_reprojection_plus_stereo_left
32.69466781616211,-89.25851440429688,-591.3076171875,190.4276769548752,239.18780458936615,-42.97726952766482,356.0000016523975,187.99999588258018,1.0,0.615686297416687,0.3333333432674408,calibrated_uv_reprojection_plus_stereo_left
33.94049072265625,-89.21880340576172,-591.0240478515625,189.56622887403137,238.20216771866657,-42.73633788692382,356.9999999707716,188.00000322169893,1.0,0.615686297416687,0.3333333432674408,calibrated_uv_reprojection_plus_stereo_left
35.18642807006836,-89.18197631835938,-590.759521484375,188.71467637604428,237.20980648185014,-42.509560136765856,357.9999976610497,188.00000130028764,1.0,0.6196078658103943,0.33725491166114807,calibrated_uv_reprojection_plus_stereo_left
36.43149948120117,-89.14530944824219,-590.49609375,187.86419135944288,236.21781831354562,-42.28362205944734,358.99999870737395,188.0000020341358,1.0,0.6196078658103943,0.34117648005485535,calibrated_uv_reprojection_plus_stereo_left
37.63311767578125,-89.00807189941406,-589.5665283203125,186.6904359599527,235.4952180245764,-41.56331174934604,360.00000058232087,188.00000293261564,1.0,0.6196078658103943,0.3529411852359772,calibrated_uv_reprojection_plus_stereo_left
38.882450103759766,-88.98868560791016,-589.4176025390625,185.8973553934756,234.45971633997362,-41.4224275911443,360.9999995890886,188.00000248934182,1.0,0.6196078658103943,0.35686275362968445,calibrated_uv_reprojection_plus_stereo_left
40.127174377441406,-88.96006774902344,-589.20751953125,185.07495240889006,233.4494839817307,-41.23616903555245,362.0000000296674,187.9999994994647,1.0,0.6196078658103943,0.364705890417099,calibrated_uv_reprojection_plus_stereo_left
41.37117385864258,-88.93140411376953,-588.9971923828125,184.25283150614962,232.43997022940036,-41.04975006941697,362.9999994589606,188.00000222158423,1.0,0.6196078658103943,0.364705890417099,calibrated_uv_reprojection_plus_stereo_left
42.587684631347656,-88.84687042236328,-588.4168090820312,183.253049001931,231.5830198917705,-40.5887717625269,364.00000070000505,187.99999889029107,1.0,0.6196078658103943,0.364705890417099,calibrated_uv_reprojection_plus_stereo_left
43.8227424621582,-88.80455017089844,-588.1160888671875,182.3888031214085,230.61271230517912,-40.33534226753005,365.00000011040555,188.0000031997101,1.0,0.6196078658103943,0.364705890417099,calibrated_uv_reprojection_plus_stereo_left
45.060237884521484,-88.7691879272461,-587.8614501953125,181.54724720295923,229.62426295931937,-40.1161246321351,365.9999993502633,188.00000573962978,1.0,0.615686297416687,0.3764705955982208,calibrated_uv_reprojection_plus_stereo_left
46.297637939453125,-88.7353744506836,-587.6170043945312,180.7110816796271,228.63234838146508,-39.90448389798689,366.99999791509924,187.99999889219043,1.0,0.615686297416687,0.3764705955982208,calibrated_uv_reprojection_plus_stereo_left
47.57189178466797,-88.77190399169922,-587.8384399414062,180.09729644854593,227.4464089598679,-40.03844483349752,368.0000010818912,187.999999670015,1.0,0.615686297416687,0.3803921639919281,calibrated_uv_reprojection_plus_stereo_left
48.79999542236328,-88.72247314453125,-587.4906616210938,179.21244025092545,226.49851094485888,-39.750183115558684,368.99999920245546,188.00000112412073,1.0,0.6235294342041016,0.3843137323856354,calibrated_uv_reprojection_plus_stereo_left
50.0268669128418,-88.67314910888672,-587.1435546875,178.32864665861246,225.55144830728526,-39.46244602031044,370.0000029790833,187.99999572169563,1.0,0.6235294342041016,0.3764705955982208,calibrated_uv_reprojection_plus_stereo_left
51.25553512573242,-88.6291732788086,-586.8319702148438,177.46237980337065,224.5904788316119,-39.20109132931202,370.99999722569936,188.00000112892928,1.0,0.6313725709915161,0.4000000059604645,calibrated_uv_reprojection_plus_stereo_left
52.462974548339844,-88.55128479003906,-586.2957763671875,176.4908879291483,223.72606016841578,-38.7731947645957,372.0000009517746,187.99999532002192,1.0,0.6980392336845398,0.4901960790157318,calibrated_uv_reprojection_plus_stereo_left
53.70047378540039,-88.52641296386719,-586.1107177734375,175.68569242683856,222.71342056496005,-38.60572685448068,372.99999819835875,188.00000051445176,1.0,0.7960784435272217,0.5803921818733215,calibrated_uv_reprojection_plus_stereo_left
54.93506622314453,-88.4978256225586,-585.9010009765625,174.86928150329902,221.71187837804527,-38.41998485410733,374.00000058990213,187.9999973401878,1.0,0.8666666746139526,0.6431372761726379,calibrated_uv_reprojection_plus_stereo_left
56.16273880004883,-88.4594497680664,-585.6265258789062,174.0229835771438,220.73887257586637,-38.186250199309825,375.00000104864904,187.9999981370954,1.0,0.9137254953384399,0.6980392336845398,calibrated_uv_reprojection_plus_stereo_left
57.43310546875,-88.48836517333984,-585.7975463867188,173.38507416675884,219.57384251711122,-38.28281080880271,376.0000022534336,187.99999989924393,1.0,0.929411768913269,0.7215686440467834,calibrated_uv_reprojection_plus_stereo_left
58.70006561279297,-88.5107650756836,-585.9254150390625,172.72656290907162,218.42677775122974,-38.3473602246429,376.99999837789034,188.0000009996686,0.9960784316062927,0.9411764740943909,0.7333333492279053,calibrated_uv_reprojection_plus_stereo_left
59.99379348754883,-88.57158660888672,-586.3076171875,172.1856496760845,217.16800349352263,-38.60041796452458,377.99999829483403,188.00000332449838,0.9137254953384399,0.8627451062202454,0.6549019813537598,calibrated_uv_reprojection_plus_stereo_left
61.32008743286133,-88.67687225341797,-586.9840698242188,171.77988291723125,215.77859374163035,-39.07152711283243,378.99999732962567,188.0000003745228,0.9176470637321472,0.6549019813537598,0.48235294222831726,calibrated_uv_reprojection_plus_stereo_left
62.7971305847168,-88.99140930175781,-589.0455322265625,172.0116674809376,213.7765148143181,-40.56906100520274,380.00000183129225,187.9999972318684,0.8666666746139526,0.5843137502670288,0.4156862795352936,calibrated_uv_reprojection_plus_stereo_left
-14.112149238586426,-89.40325164794922,-601.5037841796875,221.61522902264943,276.90576466117983,-52.34546957190463,318.99999936648373,188.9999950895878,0.8509804010391235,0.7254902124404907,0.529411792755127,calibrated_uv_reprojection_plus_stereo_left
-12.822071075439453,-89.31309509277344,-600.8767700195312,220.54986034970779,276.0004932199903,-51.847405779368444,320.0000000191227,188.99999697885,0.9764705896377563,0.8784313797950745,0.6627451181411743,calibrated_uv_reprojection_plus_stereo_left
-11.536882400512695,-89.24165344238281,-600.3756713867188,219.55290572659328,275.05581320690357,-51.4432409373008,320.9999997635578,188.9999954773353,1.0,0.9725490212440491,0.6980392336845398,calibrated_uv_reprojection_plus_stereo_left
-10.263718605041504,-89.25794982910156,-600.4649047851562,218.8704362642228,273.9169008745572,-51.47905695276927,321.99999973395387,189.00000108791306,1.0,0.9686274528503418,0.6705882549285889,calibrated_uv_reprojection_plus_stereo_left
-8.987874031066895,-89.2533187866211,-600.413330078125,218.1130624436724,272.82448039710323,-51.409931362057534,323.0000004084061,189.0000045256228,1.0,0.9843137264251709,0.6392157077789307,calibrated_uv_reprojection_plus_stereo_left
-7.714760780334473,-89.27999114990234,-600.572265625,217.46695085584128,271.66143744460976,-51.497657380078635,324.0000000734304,189.0000005997531,1.0,0.9803921580314636,0.6313725709915161,calibrated_uv_reprojection_plus_stereo_left
-6.43624210357666,-89.24375915527344,-600.30810546875,216.59727442047813,270.64040422296966,-51.27013019937465,325.0000003872954,189.000002663626,1.0,0.9803921580314636,0.6235294342041016,calibrated_uv_reprojection_plus_stereo_left
-5.1592206954956055,-89.21733856201172,-600.1099243164062,215.76283862552447,269.597793524918,-51.09177867582565,325.99999996238137,189.00000109834838,1.0,0.9725490212440491,0.615686297416687,calibrated_uv_reprojection_plus_stereo_left
-3.8825652599334717,-89.1844253540039,-599.8681030273438,214.90587045638824,268.5706349757269,-50.880933751545626,326.9999999487517,189.00000183895747,1.0,0.9607843160629272,0.6000000238418579,calibrated_uv_reprojection_plus_stereo_left
-2.6067354679107666,-89.15121459960938,-599.624267578125,214.04832835759686,267.5448917534857,-50.66860652556812,328.000000058059,188.99999951647948,1.0,0.9490196108818054,0.5921568870544434,calibrated_uv_reprojection_plus_stereo_left
-1.3321303129196167,-89.14350128173828,-599.5519409179688,213.28085546693438,266.4607431470321,-50.58405123927963,328.9999999769932,188.99999804393843,1.0,0.9411764740943909,0.5882353186607361,calibrated_uv_reprojection_plus_stereo_left
-0.05762547627091408,-89.11426544189453,-599.3348999023438,212.4380294986238,265.42686431801167,-50.39171580220892,329.999999999454,189.00000039602244,1.0,0.929411768913269,0.5803921818733215,calibrated_uv_reprojection_plus_stereo_left
1.2165223360061646,-89.11233520507812,-599.301513671875,211.69110503680275,264.3296133241007,-50.3361778449476,330.99999993790203,189.0000035022129,1.0,0.9254902005195618,0.5803921818733215,calibrated_uv_reprojection_plus_stereo_left
2.48848295211792,-89.03031921386719,-598.7294921875,210.66477011503434,263.4210368383888,-49.87950586778328,332.00000014130876,188.9999999346411,1.0,0.9137254953384399,0.5764706134796143,calibrated_uv_reprojection_plus_stereo_left
3.762640953063965,-89.05332946777344,-598.86376953125,210.00521291042935,262.26563430932845,-49.948840071060204,333.00000001811884,188.99999458930097,1.0,0.9058823585510254,0.5686274766921997,calibrated_uv_reprojection_plus_stereo_left
5.037782669067383,-89.08020782470703,-599.0241088867188,209.3586658335994,261.1003424282918,-50.03756672124439,334.0000001389661,188.99999660402992,1.0,0.9019607901573181,0.5607843399047852,calibrated_uv_reprojection_plus_stereo_left
6.312765121459961,-89.09249114990234,-599.0863037109375,208.66106813204271,259.969221962552,-50.05319877660088,334.9999999546846,188.99999991732244,1.0,0.8980392217636108,0.5607843399047852,calibrated_uv_reprojection_plus_stereo_left
7.582561492919922,-89.03849792480469,-598.7028198242188,207.7342104257068,258.9971547844091,-49.73700690218794,336.0000002017995,189.0000006725163,1.0,0.8784313797950745,0.5529412031173706,calibrated_uv_reprojection_plus_stereo_left
8.85660457611084,-89.04167175292969,-598.7037353515625,207.00522264981345,257.88809895480847,-49.70701777783489,336.99999975653924,189.00000061895906,0.9960784316062927,0.8352941274642944,0.5098039507865906,calibrated_uv_reprojection_plus_stereo_left
10.131834983825684,-89.05354309082031,-598.7631225585938,206.3060235876444,256.75773424664885,-49.72055020698906,337.99999994875924,189.0000000995168,0.9764705896377563,0.7411764860153198,0.41960784792900085,calibrated_uv_reprojection_plus_stereo_left
11.410050392150879,-89.08523559570312,-598.955810546875,205.67457043500292,255.5785516837223,-49.83329810245601,338.9999998138295,189.0000045135817,0.9529411792755127,0.7137255072593689,0.38823530077934265,calibrated_uv_reprojection_plus_stereo_left
12.684184074401855,-89.0811538696289,-598.9078979492188,204.9200909538099,254.4863465926331,-49.76693672206267,339.99999978587135,189.00000098670913,0.9764705896377563,0.7843137383460999,0.4431372582912445,calibrated_uv_reprojection_plus_stereo_left
13.95716381072998,-89.06977081298828,-598.8109130859375,204.1407003481749,253.41216265018383,-49.66405455085476,341.0000001261457,188.99999909321303,1.0,0.8549019694328308,0.529411792755127,calibrated_uv_reprojection_plus_stereo_left
15.230144500732422,-89.05967712402344,-598.7225952148438,203.36582584337918,252.3349722718877,-49.56762729177706,342.00000056082825,188.99999666536004,1.0,0.8509804010391235,0.5372549295425415,calibrated_uv_reprojection_plus_stereo_left
16.50261878967285,-89.04783630371094,-598.62255859375,202.58513239011518,251.26228756288793,-49.46248573753519,343.0000005523292,188.99999696594546,1.0,0.8470588326454163,0.5411764979362488,calibrated_uv_reprojection_plus_stereo_left
17.7589054107666,-88.9560775756836,-597.9852905273438,201.53377055201184,250.38997761655955,-48.95759663612745,344.0000003161057,188.99999647753782,1.0,0.8392156958580017,0.5333333611488342,calibrated_uv_reprojection_plus_stereo_left
19.021018981933594,-88.90332794189453,-597.6103515625,200.61575790779779,249.42163697215432,-48.64795851175762,344.9999996498873,189.00000401218853,1.0,0.800000011920929,0.4941176474094391,calibrated_uv_reprojection_plus_stereo_left
20.278783798217773,-88.83768463134766,-597.148681640625,199.65505117171847,248.48715004908718,-48.27382029047078,345.9999998672642,189.00000163240173,1.0,0.729411780834198,0.42352941632270813,calibrated_uv_reprojection_plus_stereo_left
21.53276824951172,-88.7637710571289,-596.6314697265625,198.66756537234886,247.57521361918262,-47.85840612952501,346.99999912510606,189.00000143523448,1.0,0.6352941393852234,0.3529411852359772,calibrated_uv_reprojection_plus_stereo_left
22.78391456604004,-88.68663024902344,-596.0925903320312,197.6704151192173,246.67325988022955,-47.42692144172605,347.999999811167,189.00000025668794,1.0,0.6274510025978088,0.3450980484485626,calibrated_uv_reprojection_plus_stereo_left
24.019670486450195,-88.56050109863281,-595.2244873046875,196.5105269599577,245.8988595932402,-46.75059724292419,349.00000026474106,188.99999889575747,1.0,0.6509804129600525,0.37254902720451355,calibrated_uv_reprojection_plus_stereo_left
25.249692916870117,-88.42656707763672,-594.3040161132812,195.32663044906298,245.1476097372005,-46.035408987623214,350.00000109501326,189.00000119700425,1.0,0.6431372761726379,0.364705890417099,calibrated_uv_reprojection_plus_stereo_left
26.47551918029785,-88.29109191894531,-593.3732299804688,194.1397635375435,244.4035872972882,-45.312637724573676,350.9999997505465,189.00000146059912,1.0,0.6313725709915161,0.3490196168422699,calibrated_uv_reprojection_plus_stereo_left
27.72199058532715,-88.23333740234375,-592.9647827148438,193.21325745257377,243.46047238130726,-44.978411199221966,352.00000080254756,188.9999973956704,1.0,0.6196078658103943,0.33725491166114807,calibrated_uv_reprojection_plus_stereo_left
28.970233917236328,-88.1856918334961,-592.6243286132812,192.3211625815312,242.49224056040075,-44.69478680026435,353.0000007085267,188.99999736754717,1.0,0.6196078658103943,0.33725491166114807,calibrated_uv_reprojection_plus_stereo_left
30.2296199798584,-88.17422485351562,-592.5270385742188,191.54939163108185,241.42999489098753,-44.59200773336653,353.99999873565014,189.00000031750176,1.0,0.615686297416687,0.3333333432674408,calibrated_uv_reprojection_plus_stereo_left
31.494064331054688,-88.17753601074219,-592.529052734375,190.8264698597572,240.328912714398,-44.563069574833094,354.99999936844455,189.00000275081254,1.0,0.615686297416687,0.3333333432674408,calibrated_uv_reprojection_plus_stereo_left
32.69955062866211,-88.0216064453125,-591.4609985351562,189.57972508359143,239.6501878096692,-43.73854677279115,356.00000095533426,188.99999959246097,1.0,0.615686297416687,0.3333333432674408,calibrated_uv_reprojection_plus_stereo_left
33.94075012207031,-87.96955108642578,-591.0910034179688,188.67626973742216,238.69832964268176,-43.43308972211531,357.0000007086806,189.0000000233863,1.0,0.615686297416687,0.3333333432674408,calibrated_uv_reprojection_plus_stereo_left
35.19263458251953,-87.94766998291016,-590.9237670898438,187.8723496142266,237.66686485180526,-43.27839232018977,357.99999854940967,188.99999980873594,1.0,0.6196078658103943,0.33725491166114807,calibrated_uv_reprojection_plus_stereo_left
36.44330596923828,-87.92411041259766,-590.7452392578125,187.06324279161544,236.640369748235,-43.115312348607574,359.0000011230696,188.99999693598693,1.0,0.6196078658103943,0.34117648005485535,calibrated_uv_reprojection_plus_stereo_left
37.649681091308594,-87.798583984375,-589.8817138671875,185.92255638350946,235.88995408307275,-42.44310898008348,359.999999820728,189.0000018200257,1.0,0.6196078658103943,0.34117648005485535,calibrated_uv_reprojection_plus_stereo_left
38.895538330078125,-87.7700424194336,-589.6697387695312,185.09877942937965,234.8792453941729,-42.25523156297061,360.9999998829635,188.99999678011403,1.0,0.6196078658103943,0.34117648005485535,calibrated_uv_reprojection_plus_stereo_left
40.13930892944336,-87.73848724365234,-589.4376220703125,184.26569179050324,233.87734250970033,-42.052409752984886,361.99999930137324,189.00000272525546,1.0,0.6196078658103943,0.3529411852359772,calibrated_uv_reprojection_plus_stereo_left
41.381229400634766,-87.7047119140625,-589.1905517578125,183.425877164248,232.88223177240332,-41.83849089157286,362.9999991331232,189.0000025491866,1.0,0.6196078658103943,0.35686275362968445,calibrated_uv_reprojection_plus_stereo_left
42.59550476074219,-87.61585235595703,-588.5734252929688,182.40906783240405,232.0394961384888,-41.34961256257179,363.99999945997,188.9999984694793,1.0,0.6196078658103943,0.35686275362968445,calibrated_uv_reprojection_plus_stereo_left
43.83352279663086,-87.57930755615234,-588.3078002929688,181.56181826125277,231.05421597091052,-41.12196854628792,364.9999993469877,188.99999932110916,1.0,0.6196078658103943,0.35686275362968445,calibrated_uv_reprojection_plus_stereo_left
45.07084655761719,-87.54324340820312,-588.04541015625,180.71665277640795,230.0684177471547,-40.89674993293414,366.00000092011965,188.99999912119907,1.0,0.6196078658103943,0.35686275362968445,calibrated_uv_reprojection_plus_stereo_left
46.30302429199219,-87.49921417236328,-587.7295532226562,179.84657138828857,229.1056389534166,-40.631833953039234,367.00000008224436,189.0000012377435,1.0,0.6196078658103943,0.35686275362968445,calibrated_uv_reprojection_plus_stereo_left
47.57655334472656,-87.53340148925781,-587.9390258789062,179.22655506906722,227.92471028092726,-40.75719081051858,367.99999981272146,188.9999975141355,1.0,0.6235294342041016,0.364705890417099,calibrated_uv_reprojection_plus_stereo_left
48.80655288696289,-87.48760986328125,-587.611328125,178.35155337447588,226.9679315262425,-40.48350632898814,369.0000000345017,188.99999691599106,1.0,0.6196078658103943,0.364705890417099,calibrated_uv_reprojection_plus_stereo_left
50.03712463378906,-87.4449234008789,-587.3045654296875,177.4871261641124,226.00339918575756,-40.2254053957148,369.99999959545767,189.00000351083423,1.0,0.615686297416687,0.364705890417099,calibrated_uv_reprojection_plus_stereo_left
51.268856048583984,-87.40613555908203,-587.02392578125,176.63565558004797,225.0287945307501,-39.98672733327692,370.9999986855588,189.00000080584772,1.0,0.6235294342041016,0.37254902720451355,calibrated_uv_reprojection_plus_stereo_left
52.47159957885742,-87.3207778930664,-586.4306030273438,175.63784509091812,224.18784454060366,-39.51586103780642,371.9999974625469,189.00000467376543,1.0,0.6274510025978088,0.3764705955982208,calibrated_uv_reprojection_plus_stereo_left
53.71255874633789,-87.30135345458984,-586.280029296875,174.848866592585,223.16010752870426,-39.37383450392451,372.999996896971,189.00000032338312,1.0,0.6078431606292725,0.37254902720451355,calibrated_uv_reprojection_plus_stereo_left
54.942108154296875,-87.26451110839844,-586.0125122070312,174.00548281234768,222.18285165096614,-39.1449830635658,374.00000272822035,188.99999799684824,1.0,0.6117647290229797,0.3921568691730499,calibrated_uv_reprojection_plus_stereo_left
56.171165466308594,-87.2283935546875,-585.7499389648438,173.1649501942096,221.2043134825553,-38.919830399537375,374.9999991316039,189.00000297369914,1.0,0.6901960968971252,0.48235294222831726,calibrated_uv_reprojection_plus_stereo_left
57.44630432128906,-87.2636947631836,-585.9668579101562,172.54789434836533,220.01940065110674,-39.05069311653739,376.0000011409049,188.9999969407389,1.0,0.7568627595901489,0.5568627715110779,calibrated_uv_reprojection_plus_stereo_left
58.715965270996094,-87.2891845703125,-586.117919921875,171.8996540525274,218.8620937527173,-39.13263979527568,377.00000313209966,188.99999582989852,0.9764705896377563,0.7686274647712708,0.5529412031173706,calibrated_uv_reprojection_plus_stereo_left
60.023807525634766,-87.36903381347656,-586.6339721679688,171.4197385963277,217.54499786759993,-39.48551742486461,378.00000362403244,188.99999597516666,0.7490196228027344,0.5411764979362488,0.3176470696926117,calibrated_uv_reprojection_plus_stereo_left
61.356685638427734,-87.48116302490234,-587.3667602539062,171.03841976761254,216.13096263228164,-39.999222966240836,378.99999954253747,189.00000084523333,0.8823529481887817,0.5803921818733215,0.38823530077934265,calibrated_uv_reprojection_plus_stereo_left
-14.088189125061035,-87.9510269165039,-600.3137817382812,220.04488378462543,277.823815105989,-52.113740832405654,318.9999996163869,189.99999470461609,0.8901960849761963,0.7843137383460999,0.5568627715110779,calibrated_uv_reprojection_plus_stereo_left
-12.805203437805176,-87.89352416992188,-599.9013061523438,219.09593286918533,276.85000528310474,-51.77524260681622,320.00000055542404,190.00000331179268,1.0,0.9764705896377563,0.7333333492279053,calibrated_uv_reprojection_plus_stereo_left
-11.530173301696777,-87.88478088378906,-599.821533203125,218.3243925379811,275.7680374330897,-51.68509185481838,321.0000000048843,189.99999931742332,1.0,0.9803921580314636,0.6784313917160034,calibrated_uv_reprojection_plus_stereo_left
-10.258182525634766,-87.90083312988281,-599.9110107421875,217.6425180254672,274.6301758344838,-51.72126058176514,321.99999993156354,189.99999786655314,1.0,0.9803921580314636,0.6627451181411743,calibrated_uv_reprojection_plus_stereo_left
-8.982486724853516,-87.88623809814453,-599.7913818359375,216.84988210853072,273.5614189095613,-51.601371186432345,323.0000002958723,190.0000032003579,1.0,0.9882352948188782,0.6392157077789307,calibrated_uv_reprojection_plus_stereo_left
-7.708034038543701,-87.8822250366211,-599.743896484375,216.0954458200822,272.46878624852917,-51.535318095968876,324.00000004573707,189.99999967401078,1.0,0.9882352948188782,0.6352941393852234,calibrated_uv_reprojection_plus_stereo_left
-6.4306440353393555,-87.83797454833984,-599.4218139648438,215.1966718775161,271.46857395535403,-51.26437029060219,324.9999999227822,189.99999499639355,1.0,0.9843137264251709,0.6274510025978088,calibrated_uv_reprojection_plus_stereo_left
-5.155031681060791,-87.80397033691406,-599.1697387695312,214.3352781548333,270.4456987811595,-51.04568919010626,325.9999999472201,189.99999822564416,1.0,0.9764705896377563,0.615686297416687,calibrated_uv_reprojection_plus_stereo_left
-3.8804514408111572,-87.77345275878906,-598.94140625,213.48681683929647,269.41550589968506,-50.84473793315726,326.9999999241654,189.99999420933756,1.0,0.9725490212440491,0.6078431606292725,calibrated_uv_reprojection_plus_stereo_left
-2.607006788253784,-87.75497436523438,-598.7953491210938,212.6817366520321,268.357850878767,-50.70519215753421,328.00000007011124,190.00000330138323,1.0,0.9686274528503418,0.6039215922355652,calibrated_uv_reprojection_plus_stereo_left
-1.3341010808944702,-87.74378967285156,-598.698974609375,211.90278562519813,267.28347523935133,-50.60271099228845,328.99999998516796,190.00000192137708,1.0,0.95686274766922,0.5960784554481506,calibrated_uv_reprojection_plus_stereo_left
-0.06140845641493797,-87.72740173339844,-598.5670776367188,211.10550481165302,266.22157001461557,-50.47373676936576,329.99999999236707,189.9999977842973,1.0,0.9450980424880981,0.5882353186607361,calibrated_uv_reprojection_plus_stereo_left
1.211013674736023,-87.71806335449219,-598.4833374023438,210.33339121314526,265.14324704331784,-50.38069339586269,331.0000000285909,189.99999976877297,1.0,0.9372549057006836,0.5843137502670288,calibrated_uv_reprojection_plus_stereo_left
2.481931686401367,-87.66136932373047,-598.0765380859375,209.39430273236695,264.1779735472255,-50.046716785485444,331.99999988814955,190.00000474548855,1.0,0.9254902005195618,0.5803921818733215,calibrated_uv_reprojection_plus_stereo_left
3.7537806034088135,-87.66231536865234,-598.0629272460938,208.6589559270293,263.0758901383483,-50.00599324363253,333.0000000424581,190.00000091183603,1.0,0.9215686321258545,0.5764706134796143,calibrated_uv_reprojection_plus_stereo_left
5.0256476402282715,-87.66122436523438,-598.0354614257812,207.9163961545131,261.9785857616107,-49.95493809184342,333.9999999208983,190.00000216388798,1.0,0.9137254953384399,0.5686274766921997,calibrated_uv_reprojection_plus_stereo_left
6.299466609954834,-87.68624877929688,-598.1860961914062,207.26525012914976,260.81797840707077,-50.03667799554921,335.0000000643824,189.99999710496223,1.0,0.9058823585510254,0.5647059082984924,calibrated_uv_reprojection_plus_stereo_left
7.5728983879089355,-87.69712829589844,-598.2402954101562,206.56421884102002,259.69106710963297,-50.04650068090655,335.9999999552364,190.00000003198932,1.0,0.8980392217636108,0.5686274766921997,calibrated_uv_reprojection_plus_stereo_left
8.844075202941895,-87.68144989013672,-598.1133422851562,205.77036591309303,258.62877577205427,-49.921256463878194,336.9999998570651,190.00000497114166,1.0,0.8941176533699036,0.5607843399047852,calibrated_uv_reprojection_plus_stereo_left
10.117057800292969,-87.68444061279297,-598.1136474609375,205.04160132678356,257.5208915403856,-49.890884417126415,338.00000016523524,189.99999917970004,1.0,0.8901960849761963,0.5411764979362488,calibrated_uv_reprojection_plus_stereo_left
11.391937255859375,-87.70053100585938,-598.203369140625,204.35819638802013,256.38043348635534,-49.92716803161585,339.00000025571217,190.00000110757975,1.0,0.8588235378265381,0.5176470875740051,calibrated_uv_reprojection_plus_stereo_left
12.663969039916992,-87.69292449951172,-598.1314086914062,203.59243068349298,255.2983732372656,-49.842917403768695,340.0000006649609,189.99999814379555,1.0,0.843137264251709,0.5215686559677124,calibrated_uv_reprojection_plus_stereo_left
13.935729026794434,-87.684326171875,-598.052734375,202.82332739170857,254.21887465758402,-49.75366909705855,340.9999994624823,190.00000083089373,0.9764705896377563,0.7529411911964417,0.4313725531101227,calibrated_uv_reprojection_plus_stereo_left
15.2106351852417,-87.6946792602539,-598.103271484375,202.11955440289682,253.09194412075243,-49.760721217851426,341.9999998440353,189.99999833860852,0.9843137264251709,0.7411764860153198,0.42352941632270813,calibrated_uv_reprojection_plus_stereo_left
16.48539161682129,-87.70205688476562,-598.133544921875,201.40533607559803,251.97215478998007,-49.75266484846401,343.0000004540476,189.9999999490085,1.0,0.8196078538894653,0.49803921580314636,calibrated_uv_reprojection_plus_stereo_left
17.7482967376709,-87.64933013916016,-597.75390625,200.48494990694502,251.00445792707634,-49.43913749000802,343.9999990238305,190.00000095629278,1.0,0.843137264251709,0.5176470875740051,calibrated_uv_reprojection_plus_stereo_left
19.0118350982666,-87.60607147216797,-597.4388427734375,199.59775048030332,250.01387392161166,-49.1737606781943,344.9999997009326,190.0000001488894,1.0,0.8470588326454163,0.5137255191802979,calibrated_uv_reprojection_plus_stereo_left
20.275882720947266,-87.56997680664062,-597.172607421875,198.73563102103333,249.00595551622965,-48.94478944932115,346.00000106220375,189.99999426761724,1.0,0.8549019694328308,0.5215686559677124,calibrated_uv_reprojection_plus_stereo_left
21.538047790527344,-87.5300521850586,-596.88037109375,197.86107079825211,248.00867463343218,-48.69647683583054,347.00000033937005,190.00000005947476,1.0,0.8470588326454163,0.5215686559677124,calibrated_uv_reprojection_plus_stereo_left
22.808576583862305,-87.5262680053711,-596.8345336914062,197.1097348848554,246.91888811604434,-48.63174911184166,347.99999963764793,189.99999934568467,1.0,0.8117647171020508,0.48627451062202454,calibrated_uv_reprojection_plus_stereo_left
24.05931282043457,-87.45054626464844,-596.2982177734375,196.1149180933353,246.01597366134698,-48.20164990313543,348.99999856419134,190.00000341108847,1.0,0.7254902124404907,0.4431372582912445,calibrated_uv_reprojection_plus_stereo_left
25.294864654541016,-87.32962036132812,-595.4536743164062,194.9686719732511,245.2328797969007,-47.54200439259006,349.9999998690187,190.00000313682403,1.0,0.6784313917160034,0.3960784375667572,calibrated_uv_reprojection_plus_stereo_left
26.517372131347656,-87.17701721191406,-594.3931884765625,193.71771180962372,244.53582629264122,-46.72159892869314,350.9999999073815,190.0000013295093,1.0,0.6549019813537598,0.364705890417099,calibrated_uv_reprojection_plus_stereo_left
27.766267776489258,-87.12078857421875,-593.9898681640625,192.7930457020227,243.58851118661053,-46.390743371152894,351.9999996926262,190.00000132309555,1.0,0.6431372761726379,0.35686275362968445,calibrated_uv_reprojection_plus_stereo_left
29.006759643554688,-87.0439224243164,-593.4458618164062,191.80010438629517,242.69716891440513,-45.95515078313559,353.0000002517933,190.00000036990428,1.0,0.6235294342041016,0.34117648005485535,calibrated_uv_reprojection_plus_stereo_left
30.251432418823242,-86.98519897460938,-593.0255737304688,190.869042683396,241.7593966807439,-45.61173946368598,353.9999997663324,189.99999895609665,1.0,0.6235294342041016,0.33725491166114807,calibrated_uv_reprojection_plus_stereo_left
31.504322052001953,-86.95356750488281,-592.7899780273438,190.02922891802535,240.75059130094147,-45.40589153721157,355.00000133953824,189.99999435955294,1.0,0.6235294342041016,0.33725491166114807,calibrated_uv_reprojection_plus_stereo_left
32.71738052368164,-86.81838989257812,-591.8486328125,188.84556405432988,240.02055827188028,-44.67458805007976,355.9999998637276,190.00000379996612,1.0,0.6235294342041016,0.33725491166114807,calibrated_uv_reprojection_plus_stereo_left
33.959747314453125,-86.76787567138672,-591.484375,187.94493315997988,239.0654120443456,-44.37302406757459,356.99999960159874,190.00000031367478,1.0,0.6235294342041016,0.33725491166114807,calibrated_uv_reprojection_plus_stereo_left
35.20856475830078,-86.73660278320312,-591.2512817382812,187.108752134957,238.0592843258396,-44.16913997304323,358.0000019254943,189.9999947400652,1.0,0.6196078658103943,0.34117648005485535,calibrated_uv_reprojection_plus_stereo_left
36.456180572509766,-86.70438385009766,-591.0118408203125,186.26995198722767,237.0564031445026,-43.960556660431166,358.99999912666004,189.99999943914298,1.0,0.6196078658103943,0.34117648005485535,calibrated_uv_reprojection_plus_stereo_left
37.65999984741211,-86.5733871459961,-590.0990600585938,185.10642879667398,236.324523940328,-43.250773505881114,360.0000016457372,189.99999638309703,1.0,0.6235294342041016,0.34117648005485535,calibrated_uv_reprojection_plus_stereo_left
38.906131744384766,-86.54475402832031,-589.8840942382812,184.28119503890537,235.3144678298824,-43.060480870877086,361.00000029416213,189.99999941493206,1.0,0.6235294342041016,0.34117648005485535,calibrated_uv_reprojection_plus_stereo_left
40.15302276611328,-86.51931762695312,-589.69091796875,183.46684759927007,234.29621399941496,-42.88642218738181,362.0000007983563,190.00000130994977,1.0,0.6235294342041016,0.34117648005485535,calibrated_uv_reprojection_plus_stereo_left
41.395442962646484,-86.48587036132812,-589.443115234375,182.62668521610811,233.3007425262194,-42.671721909311884,363.00000085491695,189.99999870734547,1.0,0.6235294342041016,0.34117648005485535,calibrated_uv_reprojection_plus_stereo_left
42.603519439697266,-86.3845443725586,-588.7327270507812,181.56586816640385,232.49515644774212,-42.11280322100072,363.99999991050606,189.99999747117016,1.0,0.6196078658103943,0.35686275362968445,calibrated_uv_reprojection_plus_stereo_left
43.84201431274414,-86.34871673583984,-588.4688110351562,180.7195752960464,231.5086781041889,-41.88618329832059,364.9999992164868,190.00000259940686,1.0,0.6196078658103943,0.3529411852359772,calibrated_uv_reprojection_plus_stereo_left
45.07868957519531,-86.31120300292969,-588.193359375,179.86833790596694,230.52776951691237,-41.65099809632056,365.999999659523,190.0000007158427,1.0,0.6235294342041016,0.34117648005485535,calibrated_uv_reprojection_plus_stereo_left
46.31083679199219,-86.26708984375,-587.8729858398438,178.99635209611222,229.5663409183271,-41.38241690340942,366.9999979485606,190.00000290510718,1.0,0.6235294342041016,0.3450980484485626,calibrated_uv_reprojection_plus_stereo_left
47.56999206542969,-86.27409362792969,-587.9009399414062,178.28986383992617,228.46092937578393,-41.37300442096881,367.99999779266153,190.00000286300292,1.0,0.615686297416687,0.35686275362968445,calibrated_uv_reprojection_plus_stereo_left
48.81068420410156,-86.24791717529297,-587.7028198242188,177.4764967284483,227.44978038634426,-41.19540768144998,368.9999996197382,190.00000568851164,1.0,0.6196078658103943,0.3607843220233917,calibrated_uv_reprojection_plus_stereo_left
50.04825210571289,-86.21749877929688,-587.4757690429688,176.6498927285507,226.4513544116528,-40.99630372382933,369.99999885374496,190.0000041885361,1.0,0.6235294342041016,0.364705890417099,calibrated_uv_reprojection_plus_stereo_left
51.28287124633789,-86.18343353271484,-587.223876953125,175.81207241187633,225.4640862536681,-40.778740994094676,370.9999988044517,190.00000207854137,1.0,0.6196078658103943,0.364705890417099,calibrated_uv_reprojection_plus_stereo_left
52.4819450378418,-86.09251403808594,-586.5845947265625,174.79335515778138,224.64173812509085,-40.273073981896516,371.999999783951,189.99999620400322,1.0,0.6196078658103943,0.364705890417099,calibrated_uv_reprojection_plus_stereo_left
53.71956253051758,-86.0674057006836,-586.3938598632812,173.9855800894129,223.6307133263855,-40.10106353094113,372.99999836695133,190.00000478036588,1.0,0.6196078658103943,0.37254902720451355,calibrated_uv_reprojection_plus_stereo_left
54.95745849609375,-86.0437240600586,-586.2127075195312,173.18263967916386,222.61612289398832,-39.936182930693064,374.0000013683452,189.99999607705547,1.0,0.6196078658103943,0.3803921639919281,calibrated_uv_reprojection_plus_stereo_left
56.18495178222656,-86.0050048828125,-585.92919921875,172.33247196409735,221.64599268709102,-39.695210698577625,375.00000191227525,189.9999969415005,1.0,0.6117647290229797,0.3803921639919281,calibrated_uv_reprojection_plus_stereo_left
57.4697151184082,-86.05357360839844,-586.2403564453125,171.7584469899533,220.42034326319725,-39.896425915582654,376.00000035867066,189.9999978264637,1.0,0.6000000238418579,0.37254902720451355,calibrated_uv_reprojection_plus_stereo_left
58.72818374633789,-86.0613784790039,-586.2738037109375,171.0552039090847,219.31363028870902,-39.89112855800249,376.9999995413423,189.99999972000947,0.9725490212440491,0.5960784554481506,0.3921568691730499,calibrated_uv_reprojection_plus_stereo_left
60.0236930847168,-86.1218490600586,-586.666015625,170.51713271183667,218.0505954958849,-40.1525458858477,377.9999988786401,190.0000026282567,0.7568627595901489,0.38823530077934265,0.1921568661928177,calibrated_uv_reprojection_plus_stereo_left
61.43033981323242,-86.33589172363281,-588.104248046875,170.45884970212762,216.32904798405247,-41.19151970119327,379.00000184076606,189.9999991064512,0.8745098114013672,0.5686274766921997,0.3607843220233917,calibrated_uv_reprojection_plus_stereo_left
-15.347291946411133,-86.56647491455078,-599.5773315429688,219.44792099951377,279.6998226733317,-52.2490195632372,318.00000057560993,191.00000303790938,0.8549019694328308,0.7176470756530762,0.5411764979362488,calibrated_uv_reprojection_plus_stereo_left
-14.071548461914062,-86.5489501953125,-599.4362182617188,218.64425719612746,278.6383648507281,-52.112991211673545,318.9999993200943,190.99999608766643,1.0,0.9333333373069763,0.6745098233222961,calibrated_uv_reprojection_plus_stereo_left
-12.793538093566895,-86.51334381103516,-599.1699829101562,217.77447736287724,277.6181075910662,-51.883450106515056,319.99999936202136,191.00000056598162,1.0,0.9764705896377563,0.7058823704719543,calibrated_uv_reprojection_plus_stereo_left
-11.524312973022461,-86.53667449951172,-599.3118896484375,217.12113090249568,276.46468340473734,-51.958997648086154,320.99999992457657,191.00000021845878,1.0,0.9803921580314636,0.6627451181411743,calibrated_uv_reprojection_plus_stereo_left
-10.251818656921387,-86.53911590576172,-599.3091430664062,216.390986378146,275.35832126323317,-51.926412859136576,322.00000010820656,191.00000253128752,1.0,0.9843137264251709,0.6549019813537598,calibrated_uv_reprojection_plus_stereo_left
-8.980592727661133,-86.55552673339844,-599.403076171875,215.71164962874815,274.2197049376224,-51.966073751159854,322.999999522052,190.9999984097155,1.0,0.9921568632125854,0.6392157077789307,calibrated_uv_reprojection_plus_stereo_left
-7.7020978927612305,-86.49696350097656,-598.9778442382812,214.75924494203548,273.25387712991574,-51.61774744966249,323.99999998293515,190.99999742776797,1.0,0.9882352948188782,0.6352941393852234,calibrated_uv_reprojection_plus_stereo_left
-6.426413059234619,-86.45447540283203,-598.6640014648438,213.86613833164466,272.25206822533335,-51.3526996816783,324.99999996308685,191.00000212916143,1.0,0.9843137264251709,0.6274510025978088,calibrated_uv_reprojection_plus_stereo_left
-5.152297019958496,-86.41917419433594,-598.39990234375,212.9996990366326,271.2344605727967,-51.124845048834686,326.00000011572297,191.00000242997015,1.0,0.9843137264251709,0.6196078658103943,calibrated_uv_reprojection_plus_stereo_left
-3.8789377212524414,-86.38001251220703,-598.1090698242188,212.11984832885742,270.22673343592317,-50.87703752214816,326.9999998579805,191.0000007730112,1.0,0.9803921580314636,0.6117647290229797,calibrated_uv_reprojection_plus_stereo_left
-2.6069672107696533,-86.35230255126953,-597.8975830078125,211.28188606780537,269.19284280391514,-50.68853720425585,328.0000000955117,191.00000350437773,1.0,0.9764705896377563,0.6117647290229797,calibrated_uv_reprojection_plus_stereo_left
-1.3360564708709717,-86.347412109375,-597.8440551757812,210.52635084480283,268.10537561142826,-50.618053704287945,329.0000000172867,191.0000008303751,1.0,0.9686274528503418,0.6078431606292725,calibrated_uv_reprojection_plus_stereo_left
-0.06517437100410461,-86.33421325683594,-597.7330322265625,209.74104943011326,267.03777082008037,-50.50462423676004,330.0000000053929,191.00000127464705,1.0,0.95686274766922,0.6000000238418579,calibrated_uv_reprojection_plus_stereo_left
1.205432415008545,-86.3213119506836,-597.6240234375,208.9569542358197,265.9697077288092,-50.39270222658729,331.0000000477653,190.99999601934388,1.0,0.9450980424880981,0.5921568870544434,calibrated_uv_reprojection_plus_stereo_left
2.474935531616211,-86.27937316894531,-597.3140869140625,208.0694101617932,264.9719308781862,-50.13072131010881,331.999999987371,191.0000015834051,1.0,0.9372549057006836,0.5843137502670288,calibrated_uv_reprojection_plus_stereo_left
3.7458906173706055,-86.29682159423828,-597.4152221679688,207.3939573750289,263.8310663386816,-50.17576973876453,333.0000000157104,190.99999906449807,1.0,0.9372549057006836,0.5843137502670288,calibrated_uv_reprojection_plus_stereo_left
5.016969203948975,-86.30567932128906,-597.4569091796875,206.68763926039173,262.71060585472105,-50.1764098399733,333.99999996165104,191.00000007871603,1.0,0.9254902005195618,0.5803921818733215,calibrated_uv_reprojection_plus_stereo_left
6.287860870361328,-86.30689239501953,-597.4456787109375,205.95401874459355,261.60856500810894,-50.13752574633452,334.99999990238723,191.00000190305795,1.0,0.9254902005195618,0.5803921818733215,calibrated_uv_reprojection_plus_stereo_left
7.561393737792969,-86.33660888671875,-597.6317138671875,205.32106353688755,260.4361669344304,-50.245932470925595,336.00000016182946,190.99999963582647,1.0,0.9137254953384399,0.5764706134796143,calibrated_uv_reprojection_plus_stereo_left
8.833218574523926,-86.34001159667969,-597.6356201171875,204.5947496342207,259.3280913574099,-50.21833242370866,336.99999992779686,191.00000046769657,1.0,0.9058823585510254,0.5686274766921997,calibrated_uv_reprojection_plus_stereo_left
10.104782104492188,-86.33939361572266,-597.6116333007812,203.85414448119752,258.22986271289705,-50.16989815343527,338.00000033461873,190.99999448494657,1.0,0.8980392217636108,0.5607843399047852,calibrated_uv_reprojection_plus_stereo_left
11.375676155090332,-86.33299255371094,-597.5477294921875,203.09323581324372,257.1459946768611,-50.09167034964736,339.0000005021448,191.0000011828314,1.0,0.886274516582489,0.5529412031173706,calibrated_uv_reprojection_plus_stereo_left
12.642802238464355,-86.30142974853516,-597.3095703125,202.24424048040646,256.1255172879605,-49.88335673954754,340.0000002609418,190.9999957086356,1.0,0.8784313797950745,0.5529412031173706,calibrated_uv_reprojection_plus_stereo_left
13.91773509979248,-86.32337188720703,-597.4418334960938,201.58262429383905,254.97045678964832,-49.951567933000774,340.9999991498068,191.00000197977508,1.0,0.8588235378265381,0.5372549295425415,calibrated_uv_reprojection_plus_stereo_left
15.19190788269043,-86.3366928100586,-597.5143432617188,200.89050211990087,253.83666810402045,-49.97515605577621,342.0000002856097,190.9999995622946,1.0,0.8352941274642944,0.5176470875740051,calibrated_uv_reprojection_plus_stereo_left
16.466079711914062,-86.34738159179688,-597.5686645507812,200.18895602579062,252.70915737047088,-49.98516006122054,343.00000012217157,191.0000011259811,1.0,0.843137264251709,0.5137255191802979,calibrated_uv_reprojection_plus_stereo_left
17.73242950439453,-86.31793212890625,-597.34521484375,199.34801706401782,251.68428464923159,-49.7878578974412,343.9999993191161,191.0000031306201,1.0,0.8470588326454163,0.5176470875740051,calibrated_uv_reprojection_plus_stereo_left
19.002792358398438,-86.3101577758789,-597.271728515625,198.5824580981744,250.60417989393753,-49.70247858144904,344.9999991661282,191.0000004228926,1.0,0.843137264251709,0.5098039507865906,calibrated_uv_reprojection_plus_stereo_left
20.269060134887695,-86.28545379638672,-597.0811157226562,197.758576106938,249.5680486257424,-49.529706017753654,345.9999998648874,191.00000020662455,0.9921568632125854,0.8196078538894653,0.48627451062202454,calibrated_uv_reprojection_plus_stereo_left
21.534154891967773,-86.25853729248047,-596.8751831054688,196.92743302400174,248.538222284012,-49.345516280352626,346.99999980204296,190.99999776039567,0.9960784316062927,0.8313725590705872,0.501960813999176,calibrated_uv_reprojection_plus_stereo_left
22.80825424194336,-86.26826477050781,-596.9228515625,196.2224824223954,247.4130699468595,-49.35055249699735,347.99999925299335,190.9999995074474,1.0,0.843137264251709,0.5098039507865906,calibrated_uv_reprojection_plus_stereo_left
24.073266983032227,-86.2440185546875,-596.7354125976562,195.40096462039554,246.37693493772858,-49.18017978530918,348.999999996967,190.99999759908263,1.0,0.8509804010391235,0.5254902243614197,calibrated_uv_reprojection_plus_stereo_left
25.332427978515625,-86.20191955566406,-596.4244995117188,194.51884024231134,245.38849298535598,-48.917715531585486,349.9999998389046,191.00000007471755,1.0,0.8470588326454163,0.5176470875740051,calibrated_uv_reprojection_plus_stereo_left
26.576080322265625,-86.11324310302734,-595.7913208007812,193.47868220612298,244.52472662860708,-48.41488983329566,350.99999917737546,190.99999937506075,1.0,0.7960784435272217,0.47058823704719543,calibrated_uv_reprojection_plus_stereo_left
27.82254981994629,-86.041015625,-595.2720336914062,192.49589576215493,243.61921920996178,-47.997077042331,351.9999999733361,191.00000451036084,1.0,0.7098039388656616,0.4000000059604645,calibrated_uv_reprojection_plus_stereo_left
29.053571701049805,-85.92909240722656,-594.4780883789062,191.37970296182,242.82190748894473,-47.37446121093632,352.99999928162924,191.00000225824994,1.0,0.6313725709915161,0.3529411852359772,calibrated_uv_reprojection_plus_stereo_left
30.283098220825195,-85.82197570800781,-593.7174682617188,190.28162476699487,242.0144012557245,-46.77677689318847,353.9999984675749,191.00000277693124,1.0,0.6274510025978088,0.3450980484485626,calibrated_uv_reprojection_plus_stereo_left
31.523305892944336,-85.75221252441406,-593.2152709960938,189.31128325113002,241.10844272895963,-46.371875349395054,354.99999931485155,191.00000011271965,1.0,0.6235294342041016,0.34117648005485535,calibrated_uv_reprojection_plus_stereo_left
32.745506286621094,-85.64044952392578,-592.4225463867188,188.20077716293582,240.31838474362314,-45.75038121026682,356.00000209709253,190.9999949963455,1.0,0.6235294342041016,0.34117648005485535,calibrated_uv_reprojection_plus_stereo_left
33.99081039428711,-85.59490203857422,-592.0880126953125,187.3143495711227,239.35015245136975,-45.4706079569861,356.9999982423758,191.00000214458876,1.0,0.6274510025978088,0.3450980484485626,calibrated_uv_reprojection_plus_stereo_left
35.23095703125,-85.53982543945312,-591.6875,186.39671051949824,238.4091659031979,-45.141666081366054,358.0000002206969,190.99999965134936,1.0,0.6274510025978088,0.34117648005485535,calibrated_uv_reprojection_plus_stereo_left
36.473060607910156,-85.49288940429688,-591.3433227539062,185.5071293102626,237.4470409745233,-44.854760024115876,359.00000265557105,190.99999770317288,1.0,0.6235294342041016,0.33725491166114807,calibrated_uv_reprojection_plus_stereo_left
37.676170349121094,-85.36051177978516,-590.408203125,184.33379849517354,236.722723879848,-44.12735786502566,360.00000071592433,190.99999653168283,1.0,0.6196078658103943,0.3333333432674408,calibrated_uv_reprojection_plus_stereo_left
38.92477798461914,-85.3362045288086,-590.2206420898438,183.52160720782803,235.7009093285939,-43.95729110332377,360.99999825579556,190.99999999041842,1.0,0.6196078658103943,0.3333333432674408,calibrated_uv_reprojection_plus_stereo_left
40.16838455200195,-85.30255889892578,-589.968505859375,182.6788329105339,234.70572521350238,-43.73910696484921,362.0000000031451,191.000003617816,1.0,0.6196078658103943,0.34117648005485535,calibrated_uv_reprojection_plus_stereo_left
41.4099235534668,-85.26649475097656,-589.6995849609375,181.82855665030877,233.71812669354458,-43.50842898977231,362.999999248595,190.99999896334947,1.0,0.6196078658103943,0.34117648005485535,calibrated_uv_reprojection_plus_stereo_left
42.617977142333984,-85.16542053222656,-588.9811401367188,180.76461922554836,232.91475598246,-42.94276538672989,363.99999797460583,191.00000045495665,1.0,0.6235294342041016,0.3450980484485626,calibrated_uv_reprojection_plus_stereo_left
43.853309631347656,-85.12287902832031,-588.66748046875,179.894723566312,231.94799385883005,-42.67881742693464,364.99999933971236,190.99999706324598,1.0,0.6235294342041016,0.3450980484485626,calibrated_uv_reprojection_plus_stereo_left
45.08906936645508,-85.08330535888672,-588.3744506835938,179.03525909756888,230.97374792229164,-42.430276267406214,365.99999744328716,191.00000389117022,1.0,0.6235294342041016,0.34117648005485535,calibrated_uv_reprojection_plus_stereo_left
46.3194465637207,-85.03579711914062,-588.0264892578125,178.1504336201034,230.0231324804855,-42.14082454098201,367.00000036718853,191.00000149710183,1.0,0.6235294342041016,0.3450980484485626,calibrated_uv_reprojection_plus_stereo_left
47.57720184326172,-85.03954315185547,-588.032958984375,177.43350797937313,228.92641383371364,-42.11547471528502,368.0000018063124,190.9999987706039,1.0,0.6196078658103943,0.3529411852359772,calibrated_uv_reprojection_plus_stereo_left
48.816680908203125,-85.0110855102539,-587.8167724609375,176.61172108080456,227.92241679638465,-41.92424150451751,369.00000010807634,190.99999861166884,1.0,0.6196078658103943,0.3529411852359772,calibrated_uv_reprojection_plus_stereo_left
50.0536994934082,-84.97968292236328,-587.5802612304688,175.78081320314686,226.92757445514812,-41.71788680208152,370.0000019757593,191.00000150642722,1.0,0.6196078658103943,0.3529411852359772,calibrated_uv_reprojection_plus_stereo_left
51.29359436035156,-84.95441436767578,-587.3861694335938,174.97022989097036,225.9155941884269,-41.54314991651586,370.9999980194304,191.00000384045632,1.0,0.6196078658103943,0.3529411852359772,calibrated_uv_reprojection_plus_stereo_left
52.49085998535156,-84.86125183105469,-586.72265625,173.9409235463698,225.10265892688966,-41.01877811669732,371.9999993802427,191.00000402855144,1.0,0.6196078658103943,0.35686275362968445,calibrated_uv_reprojection_plus_stereo_left
53.722496032714844,-84.82654571533203,-586.4632568359375,173.10125367543725,224.12039091531392,-40.79544777951543,373.0000009129846,190.99999544011138,1.0,0.615686297416687,0.35686275362968445,calibrated_uv_reprojection_plus_stereo_left
54.96683883666992,-84.81285095214844,-586.3492431640625,172.32959803653142,223.07691407044322,-40.68042349262629,374.0000001069376,190.99999963871085,1.0,0.615686297416687,0.3607843220233917,calibrated_uv_reprojection_plus_stereo_left
56.198204040527344,-84.780029296875,-586.1029663085938,171.49687254823516,222.09035870881252,-40.46690746493289,375.0000005555185,190.9999992886843,1.0,0.6078431606292725,0.364705890417099,calibrated_uv_reprojection_plus_stereo_left
57.48293685913086,-84.82723236083984,-586.409912109375,170.92012760540462,220.86650128464342,-40.665366541534866,376.0000021115233,190.99999884220856,1.0,0.615686297416687,0.37254902720451355,calibrated_uv_reprojection_plus_stereo_left
58.71955871582031,-84.80278778076172,-586.2215576171875,170.11439220917492,219.85538870774212,-40.49499260591608,377.000000650594,190.99999909510137,0.8705882430076599,0.501960813999176,0.27450981736183167,calibrated_uv_reprojection_plus_stereo_left
60.023983001708984,-84.87508392333984,-586.701904296875,169.6161865312754,218.55457105328912,-40.82250722204566,378.0000031544956,190.99999567096074,0.7764706015586853,0.4117647111415863,0.1882352977991104,calibrated_uv_reprojection_plus_stereo_left
61.49546813964844,-85.1756591796875,-588.76025390625,169.83962816702433,216.56397316987324,-42.324784431832086,378.9999989225443,191.00000406500897,0.8901960849761963,0.5803921818733215,0.3686274588108063,calibrated_uv_reprojection_plus_stereo_left
-15.32099437713623,-85.12461853027344,-598.3953857421875,217.88716573792425,280.6092634432954,-52.01852701781468,317.99999944076137,191.99999820810035,0.9215686321258545,0.8078431487083435,0.6117647290229797,calibrated_uv_reprojection_plus_stereo_left
-14.049297332763672,-85.11666870117188,-598.3202514648438,217.12003290740586,279.52854165238193,-51.93185407123184,318.99999976536014,191.99999849451882,1.0,0.9960784316062927,0.7058823704719543,calibrated_uv_reprojection_plus_stereo_left
-12.787629127502441,-85.17466735839844,-598.708740234375,216.59804824522183,278.2970064824518,-52.19225708555285,320.00000024525133,192.0000051413474,1.0,0.9843137264251709,0.6823529601097107,calibrated_uv_reprojection_plus_stereo_left
-11.512181282043457,-85.1443862915039,-598.4765625,215.7476785521166,277.26705924775433,-51.988006820152464,320.99999978159025,191.99999793502286,1.0,0.9921568632125854,0.658823549747467,calibrated_uv_reprojection_plus_stereo_left
-10.238247871398926,-85.1200942993164,-598.2865600585938,214.9199480484869,276.2239202908681,-51.81534867587072,321.99999989625775,191.9999982960656,1.0,0.9921568632125854,0.6509804129600525,calibrated_uv_reprojection_plus_stereo_left
-8.965787887573242,-85.10395050048828,-598.1538696289062,214.12265331455086,275.16234300243525,-51.68560276173861,323.000000100662,192.00000235665104,1.0,0.9960784316062927,0.6392157077789307,calibrated_uv_reprojection_plus_stereo_left
-7.689756393432617,-85.04420471191406,-597.7146606445312,213.1650380052876,274.20313351885665,-51.32646232978345,323.99999967714524,191.9999977863849,1.0,0.9921568632125854,0.6392157077789307,calibrated_uv_reprojection_plus_stereo_left
-6.418213844299316,-85.02175903320312,-597.5376586914062,212.34539113952525,273.15760065566855,-51.16358628827368,324.9999999650521,191.9999970687524,1.0,0.9882352948188782,0.6352941393852234,calibrated_uv_reprojection_plus_stereo_left
-5.147559642791748,-85.00472259521484,-597.3987426757812,211.54591375115854,272.099738198594,-51.02922776821771,325.99999991001295,192.00000332334866,1.0,0.9843137264251709,0.6313725709915161,calibrated_uv_reprojection_plus_stereo_left
-3.877164125442505,-84.98464965820312,-597.2384033203125,210.7355311288805,271.0494678153483,-50.87884228595021,327.0000000048289,191.99999948674025,1.0,0.9843137264251709,0.6274510025978088,calibrated_uv_reprojection_plus_stereo_left
-2.6070733070373535,-84.95855712890625,-597.0357666015625,209.90348137419744,270.0140179007743,-50.69682168155373,327.9999998910046,191.99999533029043,1.0,0.9803921580314636,0.6235294342041016,calibrated_uv_reprojection_plus_stereo_left
-1.3379147052764893,-84.94917297363281,-596.9506225585938,209.1326302297751,268.93895134702484,-50.60272358787461,328.9999999283931,191.9999990530003,1.0,0.9764705896377563,0.6235294342041016,calibrated_uv_reprojection_plus_stereo_left
-0.06891977787017822,-84.93245697021484,-596.81396484375,208.3352712496149,267.88175450004337,-50.47009287664844,330.00000000827663,192.00000323604465,1.0,0.9607843160629272,0.6117647290229797,calibrated_uv_reprojection_plus_stereo_left
1.1997014284133911,-84.91681671142578,-596.684814453125,207.5420090261863,266.82229602919074,-50.34308306531108,331.000000024474,192.0000009708596,1.0,0.95686274766922,0.6117647290229797,calibrated_uv_reprojection_plus_stereo_left
2.4673044681549072,-84.87842559814453,-596.3958129882812,206.66678424547916,265.81873207091553,-50.09651485951116,332.00000009004657,191.99999890038671,1.0,0.9490196108818054,0.5921568870544434,calibrated_uv_reprojection_plus_stereo_left
3.7359459400177,-84.88719177246094,-596.4381713867188,205.96207509218004,264.70023625789935,-50.09780902055451,332.9999999973294,191.99999744670293,1.0,0.9450980424880981,0.5882353186607361,calibrated_uv_reprojection_plus_stereo_left
5.005171775817871,-84.89954376220703,-596.5057373046875,205.27004616785194,263.5725585921607,-50.1179480646141,334.0000002013449,191.99999814353697,1.0,0.9372549057006836,0.5843137502670288,calibrated_uv_reprojection_plus_stereo_left
6.275805950164795,-84.92446899414062,-596.66162109375,204.62281836024425,262.4132625355121,-50.20412217714778,335.00000006477245,191.99999751168284,1.0,0.9333333373069763,0.5803921818733215,calibrated_uv_reprojection_plus_stereo_left
7.548413276672363,-84.96196746826172,-596.9058837890625,204.02009243075008,261.2218396941404,-50.356368574734915,335.9999997610287,192.00000335265594,1.0,0.9254902005195618,0.5803921818733215,calibrated_uv_reprojection_plus_stereo_left
8.818999290466309,-84.96812438964844,-596.9298706054688,203.30478342946031,260.1079734897109,-50.34387204192461,337.00000016473126,192.0000011022099,1.0,0.9254902005195618,0.5764706134796143,calibrated_uv_reprojection_plus_stereo_left
10.089035034179688,-84.96717071533203,-596.9039306640625,202.5640047205298,259.011768844044,-50.29404123219251,337.99999969317355,192.00000226229685,1.0,0.9137254953384399,0.572549045085907,calibrated_uv_reprojection_plus_stereo_left
11.358932495117188,-84.96456146240234,-596.8663330078125,201.8172880203283,257.9196946761243,-50.23549080508292,339.0000002614524,192.0000004858635,1.0,0.9058823585510254,0.5647059082984924,calibrated_uv_reprojection_plus_stereo_left
12.634355545043945,-84.99890899658203,-597.08837890625,201.20148034169347,256.73346510022964,-50.37104719968954,339.9999999943821,192.0000026543348,1.0,0.8901960849761963,0.5529412031173706,calibrated_uv_reprojection_plus_stereo_left
13.904972076416016,-84.9969253540039,-597.0551147460938,200.45659498987783,255.6392709345307,-50.315717608131706,341.0000005690518,191.99999508649208,1.0,0.8549019694328308,0.529411792755127,calibrated_uv_reprojection_plus_stereo_left
15.175275802612305,-84.9928970336914,-597.007568359375,199.70450514559906,254.55026854760354,-50.24971703371227,342.0000004266989,191.99999656892692,1.0,0.8274509906768799,0.5098039507865906,calibrated_uv_reprojection_plus_stereo_left
16.445283889770508,-84.98739624023438,-596.9496459960938,198.94723007318754,253.46509205808601,-50.175958932055835,343.00000016160595,191.99999429706236,1.0,0.843137264251709,0.529411792755127,calibrated_uv_reprojection_plus_stereo_left
17.704681396484375,-84.93124389648438,-596.5360717773438,198.01236524148976,252.5115429994302,-49.83640373757879,343.99999892931675,192.00000449544945,1.0,0.8509804010391235,0.5372549295425415,calibrated_uv_reprojection_plus_stereo_left
18.975467681884766,-84.93309020996094,-596.52978515625,197.28130656184322,251.40792148191787,-49.801256617325464,344.99999958829176,192.0000044706184,1.0,0.8078431487083435,0.47843137383461,calibrated_uv_reprojection_plus_stereo_left
20.244478225708008,-84.92679595947266,-596.46630859375,196.5217340236511,250.32552470699608,-49.72336783129191,345.99999966034073,192.00000289634897,0.9490196108818054,0.7215686440467834,0.38823530077934265,calibrated_uv_reprojection_plus_stereo_left
21.512914657592773,-84.91854095458984,-596.3890380859375,195.75536980873215,249.2483728706642,-49.63517189488783,347.0000006156114,191.99999856508276,0.9725490212440491,0.7098039388656616,0.3843137323856354,calibrated_uv_reprojection_plus_stereo_left
22.774316787719727,-84.88457489013672,-596.1312866210938,194.89982720309018,248.23945445403848,-49.41213454426156,347.99999939558637,192.00000340060097,1.0,0.772549033164978,0.4431372582912445,calibrated_uv_reprojection_plus_stereo_left
24.04280662536621,-84.87882995605469,-596.0716552734375,194.14254088724795,247.1561862170309,-49.337133139960144,349.0000001230641,191.99999928324772,1.0,0.843137264251709,0.5058823823928833,calibrated_uv_reprojection_plus_stereo_left
25.309383392333984,-84.86687469482422,-595.9684448242188,193.36384314830406,246.0895810680931,-49.22957878774122,350.0000000932692,191.9999986778917,1.0,0.8392156958580017,0.49803921580314636,calibrated_uv_reprojection_plus_stereo_left
26.57334327697754,-84.84735107421875,-595.8120727539062,192.55919402819137,245.04354604025846,-49.08231608061931,351.00000116949457,191.99999593140794,1.0,0.8588235378265381,0.5254902243614197,calibrated_uv_reprojection_plus_stereo_left
27.80933380126953,-84.7440414428711,-595.0674438476562,191.46678574642277,244.22428600414975,-48.4956602256363,351.99999896450134,192.0000017298409,1.0,0.8509804010391235,0.5215686559677124,calibrated_uv_reprojection_plus_stereo_left
29.071880340576172,-84.72681427001953,-594.92724609375,190.67129667427764,243.1739157916693,-48.36053238138368,352.9999996259816,192.00000077249683,1.0,0.8078431487083435,0.4901960790157318,calibrated_uv_reprojection_plus_stereo_left
30.32375717163086,-84.68092346191406,-594.5858154296875,189.7780014256155,242.20208010534645,-48.07512154282114,353.9999992123787,192.000002311042,1.0,0.729411780834198,0.4313725531101227,calibrated_uv_reprojection_plus_stereo_left
31.57183074951172,-84.62822723388672,-594.1965942382812,188.8622086762005,241.249998083379,-47.75404824560616,354.9999991214751,192.0000008065515,1.0,0.6627451181411743,0.38823530077934265,calibrated_uv_reprojection_plus_stereo_left
32.785343170166016,-84.49024200439453,-593.2085571289062,187.65698965391107,240.53405485019195,-46.98583344538122,356.0000011979796,191.99999688593857,1.0,0.658823549747467,0.3803921639919281,calibrated_uv_reprojection_plus_stereo_left
34.01929473876953,-84.41295623779297,-592.6467895507812,186.66018077142763,239.6536400523048,-46.5360203780744,356.99999983819816,191.99999854036548,1.0,0.6627451181411743,0.3803921639919281,calibrated_uv_reprojection_plus_stereo_left
35.23749923706055,-84.30326843261719,-591.8575439453125,185.55492643329364,238.86520634731266,-45.916408408843665,358.0000004879424,191.99999676476438,1.0,0.6470588445663452,0.3686274588108063,calibrated_uv_reprojection_plus_stereo_left
36.445396423339844,-84.1771011352539,-590.9526977539062,184.39587585980973,238.12552499544364,-45.21056693732777,359.00000129119,191.99999985811428,1.0,0.6313725709915161,0.3529411852359772,calibrated_uv_reprojection_plus_stereo_left
37.716583251953125,-84.20042419433594,-591.0973510742188,183.7425284435895,236.96961483360857,-45.28832906300073,359.99999895296963,192.0000033143831,1.0,0.6274510025978088,0.34117648005485535,calibrated_uv_reprojection_plus_stereo_left
38.96583938598633,-84.17462158203125,-590.8970947265625,182.92363759356715,235.95147685364287,-45.10859032590872,360.9999999781176,192.00000221967144,1.0,0.6235294342041016,0.33725491166114807,calibrated_uv_reprojection_plus_stereo_left
40.210205078125,-84.13997650146484,-590.634765625,182.07549508911626,234.95895431541206,-44.88253192168736,362.00000036117086,191.99999980993877,1.0,0.6235294342041016,0.33725491166114807,calibrated_uv_reprojection_plus_stereo_left
41.45542526245117,-84.10894775390625,-590.3978881835938,181.24000064467617,233.95693284005856,-44.67549703844418,362.99999798800445,192.000003386883,1.0,0.6235294342041016,0.33725491166114807,calibrated_uv_reprojection_plus_stereo_left
42.64607620239258,-83.97208404541016,-589.4180297851562,180.05210347208765,233.25806536979013,-43.91394478338566,364.0000020131598,191.9999939419452,1.0,0.6235294342041016,0.3450980484485626,calibrated_uv_reprojection_plus_stereo_left
43.89088821411133,-83.94644165039062,-589.2190551757812,179.23641050949408,232.2433586026928,-43.73527784255862,364.999997736746,192.0000028735043,1.0,0.6235294342041016,0.3450980484485626,calibrated_uv_reprojection_plus_stereo_left
45.12918472290039,-83.90990447998047,-588.9435424804688,178.38493402056247,231.26065516459266,-43.49950378892032,366.00000023528196,192.0000027210229,1.0,0.6274510025978088,0.3450980484485626,calibrated_uv_reprojection_plus_stereo_left
46.366607666015625,-83.87358093261719,-588.6694946289062,177.5347194498533,230.27820487293232,-43.26484287816277,367.0000008120986,191.9999969555888,1.0,0.6235294342041016,0.34117648005485535,calibrated_uv_reprojection_plus_stereo_left
47.62036895751953,-83.86775207519531,-588.6095581054688,176.78570455768278,229.20786141724886,-43.189970508750264,367.9999986877687,191.99999974396303,1.0,0.6196078658103943,0.33725491166114807,calibrated_uv_reprojection_plus_stereo_left
48.85609817504883,-83.83109283447266,-588.333251953125,175.9352860344252,228.2276664672608,-42.95366624033761,368.99999705139726,192.00000247220393,1.0,0.6235294342041016,0.33725491166114807,calibrated_uv_reprojection_plus_stereo_left
50.095279693603516,-83.8018569946289,-588.1090087890625,175.10978014278635,227.22654855916346,-42.75622351243743,370.0000018417329,191.99999972531975,1.0,0.6235294342041016,0.34117648005485535,calibrated_uv_reprojection_plus_stereo_left
51.33183288574219,-83.76959228515625,-587.8635864257812,174.27483608670474,226.235009753185,-42.54300453438708,370.99999795876874,192.00000430458755,1.0,0.6235294342041016,0.3450980484485626,calibrated_uv_reprojection_plus_stereo_left
52.51908493041992,-83.66016387939453,-587.0765991210938,173.1884786988934,225.47273046751582,-41.92582104608414,371.9999983082553,191.9999987057073,1.0,0.615686297416687,0.3490196168422699,calibrated_uv_reprojection_plus_stereo_left
53.773284912109375,-83.6598129272461,-587.05517578125,172.45909755309003,224.38875359652363,-41.879751455599944,372.9999987957493,192.00000457718846,1.0,0.6117647290229797,0.3490196168422699,calibrated_uv_reprojection_plus_stereo_left
55.01297378540039,-83.63726043701172,-586.8778686523438,171.6575404347517,223.37104128649923,-41.71740749749995,374.00000073582413,191.99999959970745,1.0,0.6117647290229797,0.3529411852359772,calibrated_uv_reprojection_plus_stereo_left
56.2430305480957,-83.60123443603516,-586.6060791015625,170.8127049971671,222.3942268806205,-41.48461655032958,374.99999846044864,192.00000016391516,1.0,0.6078431606292725,0.3490196168422699,calibrated_uv_reprojection_plus_stereo_left
57.5363883972168,-83.65865325927734,-586.989990234375,170.27020939890025,221.13669063867383,-41.74083422154297,375.99999802903085,192.0000043115204,1.0,0.6235294342041016,0.364705890417099,calibrated_uv_reprojection_plus_stereo_left
58.756187438964844,-83.60880279541016,-586.6211547851562,169.38114135782655,220.20219439374907,-41.435685751513915,376.9999988991298,191.9999982749061,0.7607843279838562,0.4117647111415863,0.1568627506494522,calibrated_uv_reprojection_plus_stereo_left
59.99885559082031,-83.59273529052734,-586.4894409179688,168.601414625825,219.16620399849003,-41.30738330466579,377.9999994764284,192.00000113927834,0.7921568751335144,0.4470588266849518,0.1921568661928177,calibrated_uv_reprojection_plus_stereo_left
-16.578887939453125,-83.77086639404297,-597.8253173828125,217.38065647421791,282.4240251336113,-52.27458783484906,317.00000008720906,192.9999958299262,0.8549019694328308,0.729411780834198,0.5098039507865906,calibrated_uv_reprojection_plus_stereo_left
-15.307292938232422,-83.75677490234375,-597.7059326171875,216.59084601940447,281.35855544205106,-52.15473394417904,317.99999916017373,192.99999739987402,1.0,0.9490196108818054,0.7254902124404907,calibrated_uv_reprojection_plus_stereo_left
-14.037551879882812,-83.75187683105469,-597.6521606445312,215.83587639566775,280.2721778421851,-52.0840806017805,318.9999996475682,192.99999941550564,1.0,0.9921568632125854,0.6823529601097107,calibrated_uv_reprojection_plus_stereo_left
-12.769075393676758,-83.75503540039062,-597.6558837890625,215.11123078093277,279.1671658805309,-52.05653211633256,320.000000133183,193.0000019081064,1.0,0.9921568632125854,0.6745098233222961,calibrated_uv_reprojection_plus_stereo_left
-11.494193077087402,-83.71305084228516,-597.3374633789062,214.217069379829,278.1671532515966,-51.78748485722775,320.99999989399265,193.00000218410963,1.0,0.9960784316062927,0.6549019813537598,calibrated_uv_reprojection_plus_stereo_left
-10.222646713256836,-83.68888854980469,-597.1461791992188,213.39027709736553,277.1264015660216,-51.613762063299134,322.00000002379926,192.99999711593807,1.0,0.9960784316062927,0.6509804129600525,calibrated_uv_reprojection_plus_stereo_left
-8.952356338500977,-83.670654296875,-596.9972534179688,212.58600617362197,276.0722064271945,-51.47180720650152,322.99999976581404,192.99999780235942,1.0,0.9921568632125854,0.6431372761726379,calibrated_uv_reprojection_plus_stereo_left
-7.682521820068359,-83.65259552001953,-596.849609375,211.7826538419157,275.01796933280366,-51.330825179662384,324.0000004153294,193.00000105425568,1.0,0.9921568632125854,0.6392157077789307,calibrated_uv_reprojection_plus_stereo_left
-6.413682460784912,-83.64183044433594,-596.7539672851562,211.00664797788062,273.94674625431975,-51.22882282110476,325.0000001759026,192.9999996190497,1.0,0.9882352948188782,0.6352941393852234,calibrated_uv_reprojection_plus_stereo_left
-5.144901275634766,-83.62852478027344,-596.6401977539062,210.22134342712684,272.88179566972326,-51.11324074152208,325.99999978278595,192.9999976281111,1.0,0.9882352948188782,0.6313725709915161,calibrated_uv_reprojection_plus_stereo_left
-3.8761208057403564,-83.60896301269531,-596.4818115234375,209.41306818211115,271.83216084323647,-50.96423346227948,326.99999997096756,192.99999687309227,1.0,0.9882352948188782,0.6274510025978088,calibrated_uv_reprojection_plus_stereo_left
-2.6074202060699463,-83.57652282714844,-596.2316284179688,208.55757181352072,270.8141084483007,-50.74646058652934,327.9999999986271,193.00000386921917,1.0,0.9882352948188782,0.6196078658103943,calibrated_uv_reprojection_plus_stereo_left
-1.3399088382720947,-83.56391906738281,-596.1228637695312,207.77557340949232,269.7485436466154,-50.63465693356119,329.00000002789426,192.99999955476738,1.0,0.9882352948188782,0.615686297416687,calibrated_uv_reprojection_plus_stereo_left
-0.07266990840435028,-83.5535888671875,-596.0303955078125,207.00211328996738,268.6776265118313,-50.5350740771475,330.00000000916907,193.000003414954,1.0,0.9725490212440491,0.6117647290229797,calibrated_uv_reprojection_plus_stereo_left
1.1941733360290527,-83.52965545654297,-595.8408203125,206.17889403946032,267.6403809070755,-50.362744576099885,331.00000001213397,192.99999905156713,1.0,0.9686274528503418,0.6078431606292725,calibrated_uv_reprojection_plus_stereo_left
2.461045265197754,-83.52752685546875,-595.806884765625,205.43577626562518,266.5496932340544,-50.307023672175774,332.0000000076835,193.00000525624466,1.0,0.95686274766922,0.6000000238418579,calibrated_uv_reprojection_plus_stereo_left
3.728299379348755,-83.53290557861328,-595.826416015625,204.71997415787763,265.44031607952536,-50.29134414861687,332.99999989926727,193.000002498579,1.0,0.95686274766922,0.6000000238418579,calibrated_uv_reprojection_plus_stereo_left
4.995390892028809,-83.53096008300781,-595.793701171875,203.977367527485,264.3490135839006,-50.236526600231514,333.99999999915633,192.99999960716684,1.0,0.9529411792755127,0.5960784554481506,calibrated_uv_reprojection_plus_stereo_left
6.264695644378662,-83.55783081054688,-595.9664916992188,203.339295521598,263.1852451760575,-50.33561541483192,335.0000001302068,192.9999942601987,1.0,0.9490196108818054,0.5921568870544434,calibrated_uv_reprojection_plus_stereo_left
7.533923149108887,-83.57354736328125,-596.059814453125,202.66034525211916,262.0488266994783,-50.375177416587576,336.0000000636463,192.9999998997225,1.0,0.9411764740943909,0.5843137502670288,calibrated_uv_reprojection_plus_stereo_left
8.803848266601562,-83.59029388427734,-596.160400390625,201.98474228804685,260.90930388977483,-50.42015886818933,337.00000066822116,192.99999738669328,1.0,0.9372549057006836,0.5803921818733215,calibrated_uv_reprojection_plus_stereo_left
10.073049545288086,-83.59589385986328,-596.1815185546875,201.26863800675233,259.79768992413585,-50.40562436141721,337.9999999619651,192.99999877878676,1.0,0.929411768913269,0.5764706134796143,calibrated_uv_reprojection_plus_stereo_left
11.34286880493164,-83.60395812988281,-596.22021484375,200.56122862809252,258.6795050994326,-50.40424488141599,339.0000002230595,193.0000010835122,1.0,0.9215686321258545,0.572549045085907,calibrated_uv_reprojection_plus_stereo_left
12.615524291992188,-83.62846374511719,-596.3760986328125,199.91253181514287,257.5186251326586,-50.490588377398865,340.00000049262593,192.9999973463892,1.0,0.9019607901573181,0.5607843399047852,calibrated_uv_reprojection_plus_stereo_left
13.884248733520508,-83.62413787841797,-596.326416015625,199.16025058587985,256.4317280276251,-50.423022477256836,340.9999997968473,192.99999852844076,1.0,0.8627451062202454,0.5372549295425415,calibrated_uv_reprojection_plus_stereo_left
15.151738166809082,-83.61309051513672,-596.2288208007812,198.38400823753574,255.36235230218685,-50.31959207937689,342.00000033288507,193.00000157137436,1.0,0.8352941274642944,0.5215686559677124,calibrated_uv_reprojection_plus_stereo_left
16.419998168945312,-83.60710906982422,-596.1673583984375,197.62592605308117,254.27990403123925,-50.2432137702844,342.99999966444545,193.0000053371535,1.0,0.8352941274642944,0.5215686559677124,calibrated_uv_reprojection_plus_stereo_left
17.681079864501953,-83.56753540039062,-595.8662719726562,196.74860052431023,253.28594588772074,-49.98747793521608,343.9999999294026,192.99999799313048,1.0,0.8352941274642944,0.5215686559677124,calibrated_uv_reprojection_plus_stereo_left
18.95088768005371,-83.57123565673828,-595.8738403320312,196.02517188692826,252.17845569699855,-49.962778433960864,345.0000003159172,193.00000058321191,1.0,0.8392156958580017,0.5137255191802979,calibrated_uv_reprojection_plus_stereo_left
20.219789505004883,-83.57026672363281,-595.8480834960938,195.28510861183707,251.0831907688234,-49.91313173769686,346.00000067914306,192.99999974766993,1.0,0.8588235378265381,0.529411792755127,calibrated_uv_reprojection_plus_stereo_left
21.487646102905273,-83.5649185180664,-595.7911376953125,194.52958344508437,249.99954282493334,-49.840146357873664,346.99999847536355,193.00000278513522,1.0,0.8313725590705872,0.5137255191802979,calibrated_uv_reprojection_plus_stereo_left
22.74837303161621,-83.53356170654297,-595.5487060546875,193.68265472016543,248.98576237340177,-49.62836460081161,348.000000536971,192.99999926154095,1.0,0.7843137383460999,0.47058823704719543,calibrated_uv_reprojection_plus_stereo_left
24.012924194335938,-83.5184326171875,-595.4220581054688,192.89313605762953,247.92891673411683,-49.50324018394991,348.99999923933353,193.00000458761534,1.0,0.8156862854957581,0.48627451062202454,calibrated_uv_reprojection_plus_stereo_left
25.275484085083008,-83.49787902832031,-595.2566528320312,192.08481397254536,246.8871017598912,-49.349120539200214,349.999999325102,192.9999998265323,0.9960784316062927,0.7607843279838562,0.43529412150382996,calibrated_uv_reprojection_plus_stereo_left
26.539928436279297,-83.48485565185547,-595.14501953125,191.30308728703676,245.82519488242488,-49.23524680094499,350.99999889069966,193.00000426579714,1.0,0.8313725590705872,0.5058823823928833,calibrated_uv_reprojection_plus_stereo_left
27.775182723999023,-83.38505554199219,-594.4147338867188,190.2195868199018,245.0010330875199,-48.658583491197874,351.999999351285,193.0000016170112,1.0,0.8274509906768799,0.49803921580314636,calibrated_uv_reprojection_plus_stereo_left
29.033599853515625,-83.36014556884766,-594.2183227539062,189.3976740140078,243.9734659819885,-48.4813345456858,353.000000315674,192.99999783326075,1.0,0.8274509906768799,0.5058823823928833,calibrated_uv_reprojection_plus_stereo_left
30.292896270751953,-83.33942413330078,-594.0518188476562,188.59065040585585,242.934870651246,-48.32647349996074,354.00000112291656,192.9999986295348,1.0,0.8470588326454163,0.5215686559677124,calibrated_uv_reprojection_plus_stereo_left
31.550432205200195,-83.3154296875,-593.8619995117188,187.77263105675542,241.90581045663885,-48.154187528236946,354.9999990098981,193.00000014018207,1.0,0.843137264251709,0.5215686559677124,calibrated_uv_reprojection_plus_stereo_left
32.78094482421875,-83.22438049316406,-593.1942749023438,186.72404794447232,241.0643045288358,-47.62451197730854,356.0000002855079,193.00000480410935,1.0,0.8039215803146362,0.49803921580314636,calibrated_uv_reprojection_plus_stereo_left
34.021751403808594,-83.16500854492188,-592.7522583007812,185.78578076760897,240.13636196624552,-47.26367873449652,356.99999933084354,192.99999740709336,1.0,0.7529411911964417,0.4588235318660736,calibrated_uv_reprojection_plus_stereo_left
35.255245208740234,-83.09237670898438,-592.2158813476562,184.80311040681715,239.24717819419416,-46.83233600843158,357.99999806214635,193.00000337989036,1.0,0.6980392336845398,0.4117647111415863,calibrated_uv_reprojection_plus_stereo_left
36.47524642944336,-82.99382019042969,-591.4946899414062,183.73302893603704,238.43316674886944,-46.262850518449,358.9999987593448,193.00000034523492,1.0,0.6666666865348816,0.3803921639919281,calibrated_uv_reprojection_plus_stereo_left
37.73082733154297,-82.9798583984375,-591.37646484375,182.9529884315093,237.38123311245172,-46.14424821900246,359.99999749515877,193.00000156259716,1.0,0.6313725709915161,0.3450980484485626,calibrated_uv_reprojection_plus_stereo_left
38.96897888183594,-82.9294662475586,-590.9985961914062,182.0492619367957,236.43358521658973,-45.83154064552758,360.9999994105449,192.99999983889245,1.0,0.6196078658103943,0.3333333432674408,calibrated_uv_reprojection_plus_stereo_left
40.214054107666016,-82.89627838134766,-590.743408203125,181.2047233606113,235.43780652103388,-45.61058168725282,361.99999723947127,193.00000442982434,1.0,0.6235294342041016,0.33725491166114807,calibrated_uv_reprojection_plus_stereo_left
41.460479736328125,-82.86758422851562,-590.5202026367188,180.3758822631055,234.42987188589262,-45.4135472335679,362.99999782296663,193.00000307422857,1.0,0.6235294342041016,0.33725491166114807,calibrated_uv_reprojection_plus_stereo_left
42.66468048095703,-82.75846099853516,-589.723876953125,179.2761688390827,233.6553988793704,-44.78815105172907,363.99999894095464,193.000001008823,1.0,0.6235294342041016,0.3450980484485626,calibrated_uv_reprojection_plus_stereo_left
43.90123748779297,-82.71634674072266,-589.4050903320312,178.40377196150672,232.68885925192515,-44.519745382024894,364.9999994053078,193.00000017673295,1.0,0.6235294342041016,0.3450980484485626,calibrated_uv_reprojection_plus_stereo_left
45.14425277709961,-82.68820190429688,-589.1858520507812,177.5789269102168,231.68253018150855,-44.32576457888183,366.00000144588904,192.99999860620431,1.0,0.6274510025978088,0.3450980484485626,calibrated_uv_reprojection_plus_stereo_left
46.387184143066406,-82.66123962402344,-588.9750366210938,176.75846771066574,230.67338220891574,-44.13809501134091,367.0000023602987,192.99999545475202,1.0,0.6274510025978088,0.3490196168422699,calibrated_uv_reprojection_plus_stereo_left
47.639892578125,-82.65247344970703,-588.8939208984375,175.9991770777646,229.6112105710385,-44.04736336097022,367.99999912602823,192.99999710129043,1.0,0.6274510025978088,0.3490196168422699,calibrated_uv_reprojection_plus_stereo_left
48.87934112548828,-82.62154388427734,-588.6549072265625,175.16619029529528,228.61477494760166,-43.838655132672045,369.0000012715041,192.99999960627085,1.0,0.6235294342041016,0.3450980484485626,calibrated_uv_reprojection_plus_stereo_left
50.11383056640625,-82.58381652832031,-588.367431640625,174.31109889876956,227.6392862001211,-43.59375559486898,370.00000304272436,192.9999972519419,1.0,0.6235294342041016,0.3450980484485626,calibrated_uv_reprojection_plus_stereo_left
51.34950637817383,-82.54966735839844,-588.1055297851562,173.46848722672758,226.65399092630824,-43.367991835984355,370.9999983914325,193.00000231214833,1.0,0.6235294342041016,0.34117648005485535,calibrated_uv_reprojection_plus_stereo_left
52.54663848876953,-82.45648956298828,-587.4230346679688,172.43142798696022,225.846595459183,-42.8280430006846,372.00000071717426,192.99999787993977,1.0,0.615686297416687,0.3333333432674408,calibrated_uv_reprojection_plus_stereo_left
53.789005279541016,-82.43681335449219,-587.2642211914062,171.63806236380492,224.82009035787067,-42.67934718248057,373.0000020455331,192.99999677958607,1.0,0.6078431606292725,0.33725491166114807,calibrated_uv_reprojection_plus_stereo_left
55.03322982788086,-82.420654296875,-587.1304931640625,170.85654494434664,223.78335965635424,-42.54940218256496,373.9999994312595,192.99999830254194,1.0,0.6078431606292725,0.3450980484485626,calibrated_uv_reprojection_plus_stereo_left
56.26205825805664,-82.38249969482422,-586.840087890625,170.00318428078765,222.81380427681913,-42.302445626845895,375.00000184056915,192.9999997525623,1.0,0.6078431606292725,0.3490196168422699,calibrated_uv_reprojection_plus_stereo_left
57.55494689941406,-82.43761444091797,-587.2140502929688,169.45516842457005,221.56046603053974,-42.55168780728451,376.00000055912346,192.99999919424386,1.0,0.6235294342041016,0.364705890417099,calibrated_uv_reprojection_plus_stereo_left
58.78488540649414,-82.4019775390625,-586.9415893554688,168.61041010326687,220.58378547462215,-42.318148330206725,376.9999990780967,193.00000073467072,0.686274528503418,0.32549020648002625,0.08235294371843338,calibrated_uv_reprojection_plus_stereo_left
60.07304763793945,-82.44758605957031,-587.247802734375,168.03022298867586,219.35781398344656,-42.51674674436515,378.0000002406485,192.99999944250328,0.8313725590705872,0.47843137383461,0.21960784494876862,calibrated_uv_reprojection_plus_stereo_left
-16.562910079956055,-82.40172576904297,-597.1065673828125,216.0700099999686,283.18023483025206,-52.38735051552044,317.0000004428634,194.00000421768036,0.9529411792755127,0.8745098114013672,0.615686297416687,calibrated_uv_reprojection_plus_stereo_left
-15.294919967651367,-82.39905548095703,-597.0687866210938,215.32426846948937,282.08989610349386,-52.32872465875528,318.0000007944584,194.0000019085313,1.0,0.9803921580314636,0.7176470756530762,calibrated_uv_reprojection_plus_stereo_left
-14.023150444030762,-82.37435913085938,-596.8713989257812,214.49444189420308,281.0509127494746,-52.15025893088091,318.9999995910996,193.99999859948178,1.0,0.9960784316062927,0.6666666865348816,calibrated_uv_reprojection_plus_stereo_left
-12.75256061553955,-82.35311126708984,-596.6990966796875,213.67815753800096,280.0043724896862,-51.99064869852407,320.00000036936245,194.00000505236886,1.0,0.9921568632125854,0.658823549747467,calibrated_uv_reprojection_plus_stereo_left
-11.479171752929688,-82.30792999267578,-596.353271484375,212.7712187220397,279.01479849587565,-51.700773047554776,320.9999999880208,193.99999802227887,0.9882352948188782,0.9764705896377563,0.6196078658103943,calibrated_uv_reprojection_plus_stereo_left
-10.207928657531738,-82.26974487304688,-596.0582275390625,211.8915658872727,278.00970987378264,-51.449053773537855,322.0000000741341,193.99999909109818,0.9607843160629272,0.9372549057006836,0.5882353186607361,calibrated_uv_reprojection_plus_stereo_left
-8.938612937927246,-82.2395248413086,-595.8208618164062,211.04262590282917,276.9865485643447,-51.24065189970037,322.99999951554446,193.99999538229142,0.9803921580314636,0.95686274766922,0.6196078658103943,calibrated_uv_reprojection_plus_stereo_left
-7.674877643585205,-82.26036834716797,-595.9534912109375,210.38678464589555,275.84157058041944,-51.309984073594705,323.99999976771574,193.99999626625203,0.9960784316062927,0.9764705896377563,0.6313725709915161,calibrated_uv_reprojection_plus_stereo_left
-6.408441066741943,-82.2562255859375,-595.9051513671875,209.63650489131845,274.75620345841946,-51.24347906529732,324.9999999931015,194.00000311127377,1.0,0.9882352948188782,0.6352941393852234,calibrated_uv_reprojection_plus_stereo_left
-5.141343593597412,-82.24129486083984,-595.7786254882812,208.84571980511515,273.69702770031836,-51.11829480698134,326.0000000308626,194.00000611474016,1.0,0.9921568632125854,0.6352941393852234,calibrated_uv_reprojection_plus_stereo_left
-3.8747060298919678,-82.22879791259766,-595.6696166992188,208.06420111465746,272.63224807108884,-51.00625575978097,326.9999999500645,193.99999621818276,1.0,0.9921568632125854,0.6274510025978088,calibrated_uv_reprojection_plus_stereo_left
-2.607673406600952,-82.19527435302734,-595.408447265625,207.2043420052267,271.61922813721685,-50.780055603210826,328.0000000300812,194.00000251811946,1.0,0.9882352948188782,0.6274510025978088,calibrated_uv_reprojection_plus_stereo_left
-1.3419089317321777,-82.18317413330078,-595.3024291992188,206.42484790881122,270.5541901971664,-50.670288670501236,329.00000006921056,194.00000400277327,1.0,0.9882352948188782,0.6274510025978088,calibrated_uv_reprojection_plus_stereo_left
-0.07640082389116287,-82.16818237304688,-595.1754150390625,205.63472967411002,269.49656056457223,-50.54477110723627,329.99999999898296,193.99999945230624,1.0,0.9843137264251709,0.6313725709915161,calibrated_uv_reprojection_plus_stereo_left
1.1888432502746582,-82.15900421142578,-595.0905151367188,204.86637851085857,268.42474210466685,-50.45085711956756,331.0000000228026,193.9999949438793,1.0,0.9803921580314636,0.6274510025978088,calibrated_uv_reprojection_plus_stereo_left
2.4547014236450195,-82.17604064941406,-595.1956176757812,204.19518445276748,267.287345890079,-50.49949158225678,331.99999989249596,194.00000455045875,1.0,0.9686274528503418,0.6235294342041016,calibrated_uv_reprojection_plus_stereo_left
3.720041275024414,-82.16753387451172,-595.1155395507812,203.42925733282817,266.21379099657605,-50.409190130730565,332.9999999835889,193.99999568765872,1.0,0.9529411792755127,0.6078431606292725,calibrated_uv_reprojection_plus_stereo_left
4.985900402069092,-82.1700210571289,-595.1151733398438,202.70393751766431,265.11249836602076,-50.37868818783949,334.0000002668707,193.99999622557152,0.9960784316062927,0.9450980424880981,0.5882353186607361,calibrated_uv_reprojection_plus_stereo_left
6.252415657043457,-82.17863464355469,-595.1592407226562,202.00104132347485,263.9954260261502,-50.381512733491604,334.9999997576441,194.00000410619975,0.9764705896377563,0.9215686321258545,0.572549045085907,calibrated_uv_reprojection_plus_stereo_left
7.518759727478027,-82.18123626708984,-595.15966796875,201.2758538530091,262.89343817406586,-50.35159250414034,335.9999997196785,194.0000015425748,0.9725490212440491,0.9098039269447327,0.5764706134796143,calibrated_uv_reprojection_plus_stereo_left
8.785510063171387,-82.1858139038086,-595.1744384765625,200.5577919156072,261.7861882159523,-50.33242651893414,337.0000002452317,194.00000292341534,0.9725490212440491,0.9058823585510254,0.5647059082984924,calibrated_uv_reprojection_plus_stereo_left
10.0551176071167,-82.21167755126953,-595.3433227539062,199.9171975397843,260.6236870092274,-50.428817974280776,338.00000024438816,194.00000134707182,0.9843137264251709,0.9098039269447327,0.5568627715110779,calibrated_uv_reprojection_plus_stereo_left
11.3236083984375,-82.22282409667969,-595.4055786132812,199.22251840899946,259.4986612026704,-50.445232472721216,339.0000002422862,193.99999505707478,1.0,0.9215686321258545,0.572549045085907,calibrated_uv_reprojection_plus_stereo_left
12.597814559936523,-82.26829528808594,-595.7164916992188,198.65218129362557,258.2835366494965,-50.64807970700912,339.9999999858691,194.00000121449003,1.0,0.929411768913269,0.5803921818733215,calibrated_uv_reprojection_plus_stereo_left
13.863978385925293,-82.25706481933594,-595.6167602539062,197.87568591053116,257.21599846897317,-50.543019395830356,340.99999951160436,194.00000187956513,1.0,0.8980392217636108,0.5607843399047852,calibrated_uv_reprojection_plus_stereo_left
15.129244804382324,-82.24221801757812,-595.4907836914062,197.08624030130113,256.158222982907,-50.41828495895294,342.0000003984898,193.9999956032877,1.0,0.8823529481887817,0.5490196347236633,calibrated_uv_reprojection_plus_stereo_left
16.396669387817383,-82.23992156982422,-595.4557495117188,196.3422293644008,255.0674377156255,-50.361735459758506,342.99999986324406,193.9999966152718,1.0,0.8705882430076599,0.545098066329956,calibrated_uv_reprojection_plus_stereo_left
17.658634185791016,-82.21199798583984,-595.2352294921875,195.5061359707625,254.04491095301654,-50.16615545723346,343.9999991809389,194.00000433983246,1.0,0.8549019694328308,0.529411792755127,calibrated_uv_reprojection_plus_stereo_left
18.925649642944336,-82.20926666259766,-595.197021484375,194.76073339710234,252.9555665844882,-50.107232372018075,344.99999914661504,194.00000210410346,1.0,0.8392156958580017,0.5215686559677124,calibrated_uv_reprojection_plus_stereo_left
20.19346809387207,-82.20967864990234,-595.1815795898438,194.02655495983333,251.8577296889277,-50.065371623030956,345.9999998856937,194.00000091707503,1.0,0.8274509906768799,0.5098039507865906,calibrated_uv_reprojection_plus_stereo_left
21.460262298583984,-82.20568084716797,-595.1342163085938,193.27657849744185,250.77171316556414,-49.999585925440215,347.00000076258175,194.00000032550088,1.0,0.8156862854957581,0.4901960790157318,calibrated_uv_reprojection_plus_stereo_left
22.722652435302734,-82.185791015625,-594.9718017578125,192.47007316679037,249.72891830623516,-49.84758514499151,348.0000010699038,193.99999935898006,1.0,0.843137264251709,0.5176470875740051,calibrated_uv_reprojection_plus_stereo_left
23.981653213500977,-82.156005859375,-594.73779296875,191.62875917579362,248.71358592862114,-49.64195225608523,348.9999994266898,194.00000188030654,1.0,0.8196078538894653,0.48627451062202454,calibrated_uv_reprojection_plus_stereo_left
25.2442569732666,-82.14055633544922,-594.6075439453125,190.83864038755388,247.65959307531472,-49.51407975617548,350.0000003203302,194.00000155157562,1.0,0.8156862854957581,0.48235294222831726,calibrated_uv_reprojection_plus_stereo_left
26.504783630371094,-82.11980438232422,-594.4389038085938,190.0300079491767,246.6205506088606,-49.357452010434486,350.99999940270067,193.99999971335887,1.0,0.8156862854957581,0.48235294222831726,calibrated_uv_reprojection_plus_stereo_left
27.74103546142578,-82.02881622314453,-593.7619018554688,188.97435237551008,245.77667833305117,-48.81999543380692,352.0000009661235,194.00000138932404,1.0,0.7647058963775635,0.4313725531101227,calibrated_uv_reprojection_plus_stereo_left
28.997180938720703,-82.00171661376953,-593.54736328125,188.14466982692215,244.75716300875985,-48.62903704938407,352.999999643981,194.00000133188416,1.0,0.7803921699523926,0.4431372582912445,calibrated_uv_reprojection_plus_stereo_left
30.261146545410156,-81.99775695800781,-593.5003051757812,187.39647156686755,243.67350245693234,-48.563546994743376,354.00000135450085,193.9999994043494,1.0,0.8235294222831726,0.4941176474094391,calibrated_uv_reprojection_plus_stereo_left
31.5274658203125,-81.99994659423828,-593.497802734375,186.66978910041064,242.5725422948473,-48.531433127354376,354.99999940725644,194.00000274776016,1.0,0.8392156958580017,0.5098039507865906,calibrated_uv_reprojection_plus_stereo_left
32.766029357910156,-81.9322738647461,-592.9896240234375,185.69946328578766,241.66885745090107,-48.12058327796427,356.0000006834396,194.00000165262725,1.0,0.8470588326454163,0.5176470875740051,calibrated_uv_reprojection_plus_stereo_left
34.01337432861328,-81.89051055908203,-592.6689453125,184.82034917237883,240.69333537529562,-47.85019704151563,357.00000024869945,193.99999575431283,1.0,0.8509804010391235,0.5215686559677124,calibrated_uv_reprojection_plus_stereo_left
35.2565803527832,-81.84185791015625,-592.2985229492188,183.91806425879952,239.73845082329456,-47.542595228028574,357.9999990567343,194.00000059912395,1.0,0.8235294222831726,0.5058823823928833,calibrated_uv_reprojection_plus_stereo_left
36.48982238769531,-81.77398681640625,-591.7890014648438,182.9500958992869,238.83985687228463,-47.13086619125812,358.99999986019037,194.00000133468387,1.0,0.7803921699523926,0.46666666865348816,calibrated_uv_reprojection_plus_stereo_left
37.7501335144043,-81.76905059814453,-591.7349243164062,182.2003882682721,237.76177924839104,-47.060197299741276,359.9999988887863,193.9999995638865,1.0,0.7019608020782471,0.40392157435417175,calibrated_uv_reprojection_plus_stereo_left
38.98877716064453,-81.7187728881836,-591.3527221679688,181.29467829678708,236.8148931443978,-46.743861032974905,361.00000211566953,193.99999618689338,1.0,0.658823549747467,0.364705890417099,calibrated_uv_reprojection_plus_stereo_left
40.22631072998047,-81.66917419433594,-590.9755249023438,180.3921659235732,235.86726341072887,-46.4313113011965,361.9999975426092,194.0000005212775,1.0,0.6352941393852234,0.3490196168422699,calibrated_uv_reprojection_plus_stereo_left
41.4699592590332,-81.63439178466797,-590.7055053710938,179.54116687486936,234.8776157937806,-46.19902446784772,363.00000123218115,193.9999990234869,1.0,0.6274510025978088,0.34117648005485535,calibrated_uv_reprojection_plus_stereo_left
42.68669128417969,-81.55003356933594,-590.0767822265625,178.52147572067798,234.0341968962653,-45.69825437821953,364.00000059996245,193.99999765284548,1.0,0.6274510025978088,0.3450980484485626,calibrated_uv_reprojection_plus_stereo_left
43.93024444580078,-81.52007293701172,-589.8417358398438,177.6884772175173,233.03266117656378,-45.4922125238856,364.9999971035248,194.00000118630732,1.0,0.6313725709915161,0.3490196168422699,calibrated_uv_reprojection_plus_stereo_left
45.17243957519531,-81.48912048339844,-589.5994873046875,176.85256384706128,232.03477071095443,-45.28079683439478,365.99999908010165,194.0000005766169,1.0,0.6274510025978088,0.3490196168422699,calibrated_uv_reprojection_plus_stereo_left
46.41038131713867,-81.45217895507812,-589.31396484375,175.99687129453645,231.05539930030915,-45.03701861712369,367.00000004258936,194.00000494997647,1.0,0.6235294342041016,0.3450980484485626,calibrated_uv_reprojection_plus_stereo_left
47.65848922729492,-81.43437957763672,-589.1668701171875,175.20641351419255,230.0197846367872,-44.896850856392234,367.9999993417736,194.00000072883955,1.0,0.6235294342041016,0.3490196168422699,calibrated_uv_reprojection_plus_stereo_left
48.897666931152344,-81.40242767333984,-588.91748046875,174.36855781926738,229.02696761157566,-44.68015328841176,368.999999370771,194.00000610328357,1.0,0.6235294342041016,0.3450980484485626,calibrated_uv_reprojection_plus_stereo_left
50.13594055175781,-81.37043762207031,-588.667724609375,173.53104249840078,228.03505673461274,-44.463195243170844,370.00000122888486,194.00000015228593,1.0,0.6196078658103943,0.3450980484485626,calibrated_uv_reprojection_plus_stereo_left
51.37415313720703,-81.33973693847656,-588.4273681640625,172.69838055255667,227.03998427372565,-44.25329498977959,370.9999993938128,194.000000705066,1.0,0.6196078658103943,0.34117648005485535,calibrated_uv_reprojection_plus_stereo_left
52.57503890991211,-81.25263977050781,-587.779052734375,171.677708945956,226.2170618610763,-43.73820489752114,371.99999823709624,194.0000011798989,1.0,0.615686297416687,0.33725491166114807,calibrated_uv_reprojection_plus_stereo_left
53.818756103515625,-81.23408508300781,-587.6265869140625,170.88700586440035,225.18710848966515,-43.59411475139029,372.99999804789934,194.0000009263978,1.0,0.615686297416687,0.3450980484485626,calibrated_uv_reprojection_plus_stereo_left
55.06601333618164,-81.22142791748047,-587.5167846679688,170.1161730217474,224.13946812705626,-43.481949245871135,373.99999995918785,194.00000035079634,1.0,0.6117647290229797,0.3490196168422699,calibrated_uv_reprojection_plus_stereo_left
56.29657745361328,-81.18510437011719,-587.2357788085938,169.2670316454504,223.16496580639628,-43.24173114992561,375.0000006454684,193.9999973740181,1.0,0.615686297416687,0.3607843220233917,calibrated_uv_reprojection_plus_stereo_left
57.577056884765625,-81.22061157226562,-587.4744262695312,168.65600956889023,221.96912426909853,-43.39020942879881,375.99999904708096,194.00000341479495,0.9921568632125854,0.5843137502670288,0.3333333432674408,calibrated_uv_reprojection_plus_stereo_left
58.81962203979492,-81.20211029052734,-587.3223266601562,167.8661581697035,220.94004577388895,-43.24641890119199,377.0000017706054,193.99999904632494,0.6745098233222961,0.3176470696926117,0.08235294371843338,calibrated_uv_reprojection_plus_stereo_left
-17.814498901367188,-81.0434799194336,-596.4635009765625,215.52651312319807,285.0122039357972,-52.585629969178626,315.9999988773867,194.99999978737446,0.8901960849761963,0.7686274647712708,0.5921568870544434,calibrated_uv_reprojection_plus_stereo_left
-16.545879364013672,-81.03052520751953,-596.3501586914062,214.74173510614082,283.9471271122412,-52.470222143276544,316.9999995942964,194.99999646476587,1.0,0.9921568632125854,0.7019608020782471,calibrated_uv_reprojection_plus_stereo_left
-15.277335166931152,-81.01642608642578,-596.2284545898438,213.9527158566832,282.8849744730853,-52.34853724560509,318.0000001702908,194.99999916826226,1.0,0.9843137264251709,0.6901960968971252,calibrated_uv_reprojection_plus_stereo_left
-14.008441925048828,-80.99842834472656,-596.0780029296875,213.1487925159422,281.8323317075866,-52.20523976103465,318.9999994618677,194.99999524847578,1.0,1.0,0.6627451181411743,calibrated_uv_reprojection_plus_stereo_left
-12.736774444580078,-80.95995330810547,-595.7769165039062,212.2661942467367,280.8287183357663,-51.94869765574009,319.999999536321,194.99999663393194,1.0,0.9921568632125854,0.6549019813537598,calibrated_uv_reprojection_plus_stereo_left
-11.465682029724121,-80.91786193847656,-595.4492797851562,211.37033492999421,279.8346745539661,-51.672223449864475,320.9999999672097,195.00000293378213,0.9607843160629272,0.9254902005195618,0.5764706134796143,calibrated_uv_reprojection_plus_stereo_left
-10.196514129638672,-80.88152313232422,-595.1638793945312,210.49720177319386,278.8278756948901,-51.427522359006105,321.9999994264807,194.9999973377572,0.8627451062202454,0.8078431487083435,0.4627451002597809,calibrated_uv_reprojection_plus_stereo_left
-8.92817211151123,-80.84342193603516,-594.8656005859375,209.6179442941576,277.8261974849679,-51.17316979465198,323.00000005653544,194.9999998216553,0.9176470637321472,0.8313725590705872,0.49803921580314636,calibrated_uv_reprojection_plus_stereo_left
-7.6660475730896,-80.85955047607422,-594.96630859375,208.94641774467613,276.6936756363188,-51.21874719791788,323.9999998444848,194.99999671178762,0.95686274766922,0.8823529481887817,0.5411764979362488,calibrated_uv_reprojection_plus_stereo_left
-6.402265548706055,-80.86256408691406,-594.9705810546875,208.22458801068603,275.59264746160306,-51.19183154225004,325.0000000677789,195.00000115496726,0.9843137264251709,0.9450980424880981,0.5960784554481506,calibrated_uv_reprojection_plus_stereo_left
-5.13758659362793,-80.85476684570312,-594.895263671875,207.46152237292807,274.51801556486697,-51.105090196963374,326.00000023242546,195.00000074228973,1.0,0.9843137264251709,0.6274510025978088,calibrated_uv_reprojection_plus_stereo_left
-3.8732073307037354,-80.85053253173828,-594.84619140625,206.7120552490095,273.43468361168664,-51.03807776573149,327.00000020339405,195.00000350712517,1.0,0.9960784316062927,0.6313725709915161,calibrated_uv_reprojection_plus_stereo_left
-2.608170747756958,-80.82540130615234,-594.6433715820312,205.88353870663389,272.40328276424816,-50.85552843201896,328.0000001651901,195.00000558356317,1.0,0.9921568632125854,0.6313725709915161,calibrated_uv_reprojection_plus_stereo_left
-1.3440274000167847,-80.81365966796875,-594.5390014648438,205.10591772897425,271.33903572738103,-50.74696761996063,329.0000000485127,195.00000058119565,1.0,0.9921568632125854,0.6313725709915161,calibrated_uv_reprojection_plus_stereo_left
-0.08014434576034546,-80.8101577758789,-594.4953002929688,204.3594857079155,270.2542999744529,-50.6840009932252,330.00000000515394,195.00000075123933,1.0,0.9725490212440491,0.6274510025978088,calibrated_uv_reprojection_plus_stereo_left
1.183578372001648,-80.79531860351562,-594.3681640625,203.57045461441163,269.19819419866263,-50.55834559181744,331.0000000096323,194.99999741162296,0.9725490212440491,0.9450980424880981,0.5960784554481506,calibrated_uv_reprojection_plus_stereo_left
2.4481725692749023,-80.82077026367188,-594.5374755859375,202.93261288662484,268.0400990019443,-50.65541409898748,331.99999993549045,194.99999982772817,0.9490196108818054,0.886274516582489,0.529411792755127,calibrated_uv_reprojection_plus_stereo_left
3.711881399154663,-80.80709838867188,-594.4190063476562,202.14801677530903,266.9810500631829,-50.5362766595743,332.9999998084739,195.00000502215227,0.9411764740943909,0.8549019694328308,0.49803921580314636,calibrated_uv_reprojection_plus_stereo_left
4.975624084472656,-80.79905700683594,-594.3418579101562,201.38455537848472,265.9078553614153,-50.448178470159064,333.9999998299926,194.99999941813508,0.9411764740943909,0.7921568751335144,0.4431372582912445,calibrated_uv_reprojection_plus_stereo_left
6.2396345138549805,-80.7962417602539,-594.30322265625,200.64064101682658,264.8212797337263,-50.389016306525946,334.9999998310779,195.00000134053053,0.8941176533699036,0.7411764860153198,0.3921568691730499,calibrated_uv_reprojection_plus_stereo_left
7.502734661102295,-80.78333282470703,-594.1903076171875,199.85924243220495,263.7608599140926,-50.274061929662764,336.00000007999574,194.99999931608366,0.9019607901573181,0.7137255072593689,0.3921568691730499,calibrated_uv_reprojection_plus_stereo_left
8.768891334533691,-80.8012466430664,-594.3041381835938,199.1921161877866,262.6203512007927,-50.32940627660702,337.0000001439846,195.00000115979412,0.8980392217636108,0.7176470756530762,0.3921568691730499,calibrated_uv_reprojection_plus_stereo_left
10.037206649780273,-80.83110809326172,-594.5057983398438,198.5686996210884,261.4479693916634,-50.45068896546354,337.99999978696115,194.99999928105456,0.9176470637321472,0.7490196228027344,0.41960784792900085,calibrated_uv_reprojection_plus_stereo_left
11.305205345153809,-80.85118865966797,-594.635498046875,197.90864289275947,260.3004363240146,-50.517909814185316,339.0000002965183,194.9999963131793,0.9529411792755127,0.8117647171020508,0.47843137383461,calibrated_uv_reprojection_plus_stereo_left
12.580337524414062,-80.91236114501953,-595.0674438476562,197.39915572422422,259.04348506746044,-50.8120615371144,340.0000004051955,194.99999844004893,0.9607843160629272,0.8627451062202454,0.5176470875740051,calibrated_uv_reprojection_plus_stereo_left
13.84511947631836,-80.90119171142578,-594.9673461914062,196.6233479495702,257.97722743655174,-50.706700713181476,340.99999977565255,195.00000117485257,0.9921568632125854,0.8980392217636108,0.5607843399047852,calibrated_uv_reprojection_plus_stereo_left
15.109527587890625,-80.88927459716797,-594.8616943359375,195.8449181261846,256.913188465835,-50.59717143741659,342.0000002116804,194.99999756905976,1.0,0.9215686321258545,0.5843137502670288,calibrated_uv_reprojection_plus_stereo_left
16.374103546142578,-80.87945556640625,-594.7715454101562,195.07431805384368,255.84371329825277,-50.49929145960647,342.9999998027303,195.00000152087375,1.0,0.9137254953384399,0.5803921818733215,calibrated_uv_reprojection_plus_stereo_left
17.63478660583496,-80.85266876220703,-594.5565795898438,194.24208325898485,254.82024645752546,-50.30771784653251,344.000000230127,195.00000056177333,1.0,0.8941176533699036,0.5647059082984924,calibrated_uv_reprojection_plus_stereo_left
18.901884078979492,-80.8564224243164,-594.566162109375,193.52108001841776,253.71451540244047,-50.28470686184136,345.0000003057447,194.9999956364548,1.0,0.8823529481887817,0.5529412031173706,calibrated_uv_reprojection_plus_stereo_left
20.168418884277344,-80.85697174072266,-594.5523071289062,192.78839326481068,252.61728476611148,-50.24410806371799,345.99999988037007,195.00000444093757,1.0,0.8666666746139526,0.5372549295425415,calibrated_uv_reprojection_plus_stereo_left
21.43335723876953,-80.85101318359375,-594.490478515625,192.0320847067535,251.53781896897294,-50.16749316065943,346.9999993735211,195.00000036110634,1.0,0.8078431487083435,0.48235294222831726,calibrated_uv_reprojection_plus_stereo_left
22.6925048828125,-80.82466888427734,-594.27880859375,191.20241419989583,250.51456357050446,-49.97843388870541,348.0000006581811,195.00000141444315,1.0,0.8509804010391235,0.5254902243614197,calibrated_uv_reprojection_plus_stereo_left
23.953638076782227,-80.80742645263672,-594.134033203125,190.40584016204758,249.46673468648936,-49.83958703077718,349.00000096278757,194.99999851680786,1.0,0.7921568751335144,0.4627451002597809,calibrated_uv_reprojection_plus_stereo_left
25.216306686401367,-80.79646301269531,-594.0354614257812,189.63202585841378,248.40179362895904,-49.735421718615214,350.0000006467245,194.99999915362372,1.0,0.8313725590705872,0.49803921580314636,calibrated_uv_reprojection_plus_stereo_left
26.47533416748047,-80.77508544921875,-593.8603515625,188.8211302133198,247.36615896064367,-49.5738366937868,350.99999970079637,195.00000232290054,1.0,0.843137264251709,0.5137255191802979,calibrated_uv_reprojection_plus_stereo_left
27.708784103393555,-80.68084716796875,-593.1495361328125,187.75076981490645,246.53571378216176,-49.010346253426235,352.00000065852214,194.9999994805964,1.0,0.8313725590705872,0.49803921580314636,calibrated_uv_reprojection_plus_stereo_left
28.97003746032715,-80.67193603515625,-593.0661010742188,186.98550999941426,245.4668360712144,-48.917589196146935,352.9999997166273,195.00000210588126,1.0,0.8039215803146362,0.47058823704719543,calibrated_uv_reprojection_plus_stereo_left
30.23419761657715,-80.67121887207031,-593.0429077148438,186.2494106557396,244.37485741704785,-48.870026622540934,353.9999983782403,195.00000500854316,1.0,0.8078431487083435,0.47058823704719543,calibrated_uv_reprojection_plus_stereo_left
31.497488021850586,-80.66803741455078,-593.0015258789062,185.5045096089611,243.2898426717189,-48.80881355537747,354.99999953398583,195.0000001851467,1.0,0.8274509906768799,0.48235294222831726,calibrated_uv_reprojection_plus_stereo_left
32.745243072509766,-80.6265640258789,-592.6787109375,184.62449300234033,242.3144541737526,-48.53651474293713,355.99999925471525,195.00000049529933,0.9843137264251709,0.8156862854957581,0.4745098054409027,calibrated_uv_reprojection_plus_stereo_left
34.0018424987793,-80.60887145996094,-592.5307006835938,183.82885980543443,241.2716753231323,-48.39534625937671,356.99999840241395,194.99999891283363,0.9882352948188782,0.8274509906768799,0.47843137383461,calibrated_uv_reprojection_plus_stereo_left
35.25346755981445,-80.58080291748047,-592.3064575195312,182.99706466857657,240.2592589635187,-48.197019538748975,357.9999997401823,195.0000004719651,1.0,0.8470588326454163,0.5058823823928833,calibrated_uv_reprojection_plus_stereo_left
36.494712829589844,-80.53152465820312,-591.9263305664062,182.09144924653435,239.30910667397214,-47.88181452962954,358.99999835323365,195.00000223615,1.0,0.8549019694328308,0.5176470875740051,calibrated_uv_reprojection_plus_stereo_left
37.754364013671875,-80.52455139160156,-591.8571166992188,181.33439013789763,238.23676330791704,-47.7997769603017,360.0000003487229,194.99999863627949,1.0,0.8392156958580017,0.5176470875740051,calibrated_uv_reprojection_plus_stereo_left
39.00052261352539,-80.48994445800781,-591.5848388671875,180.4811482318729,237.2455058759678,-47.56548811593393,361.0000008812828,194.9999989637726,1.0,0.7960784435272217,0.47843137383461,calibrated_uv_reprojection_plus_stereo_left
40.240665435791016,-80.44525146484375,-591.2384643554688,179.59343526050503,236.28478688940228,-47.275670159669005,362.00000028796194,195.00000121147002,1.0,0.7333333492279053,0.4274509847164154,calibrated_uv_reprojection_plus_stereo_left
41.48543930053711,-80.41203308105469,-590.9764404296875,178.74623173015476,235.2912337248043,-47.04912010697802,362.99999797490204,195.0000036053187,1.0,0.7137255072593689,0.40784314274787903,calibrated_uv_reprojection_plus_stereo_left
42.71312713623047,-80.34841918945312,-590.490966796875,177.79448442041178,234.38884790273255,-46.655078986504634,363.9999996305493,194.99999711293478,1.0,0.6745098233222961,0.3843137323856354,calibrated_uv_reprojection_plus_stereo_left
43.95554733276367,-80.31514739990234,-590.2286376953125,176.94846770928802,233.3974498412294,-46.42835953875391,364.99999932475095,195.00000537376604,1.0,0.658823549747467,0.3686274588108063,calibrated_uv_reprojection_plus_stereo_left
45.19927978515625,-80.28587341308594,-589.9955444335938,176.11667493797808,232.3949175083392,-46.22356474209812,366.00000068741866,194.99999677574453,1.0,0.6313725709915161,0.35686275362968445,calibrated_uv_reprojection_plus_stereo_left
46.43950653076172,-80.25192260742188,-589.7282104492188,175.26935787735272,231.40713472752842,-45.9931342413131,366.9999985337379,195.00000064092995,1.0,0.6274510025978088,0.3529411852359772,calibrated_uv_reprojection_plus_stereo_left
47.685997009277344,-80.2301025390625,-589.5499877929688,174.46405529183068,230.38346906148047,-45.82950678037764,368.0000022324686,195.0000000035675,1.0,0.6274510025978088,0.3490196168422699,calibrated_uv_reprojection_plus_stereo_left
48.925559997558594,-80.1978759765625,-589.2952880859375,173.62358949702764,229.39194594605067,-45.608580899025526,368.999999973836,194.99999739975374,1.0,0.6235294342041016,0.3450980484485626,calibrated_uv_reprojection_plus_stereo_left
50.16170120239258,-80.16160583496094,-589.0109252929688,172.769901693004,228.4135316720776,-45.3654512298632,369.9999994959663,194.99999865061244,1.0,0.6196078658103943,0.3450980484485626,calibrated_uv_reprojection_plus_stereo_left
51.40293884277344,-80.13487243652344,-588.7966918945312,171.94917548703762,227.40673704146494,-45.17489595048295,370.99999820457424,195.00000455721914,1.0,0.6196078658103943,0.3450980484485626,calibrated_uv_reprojection_plus_stereo_left
52.622745513916016,-80.0766372680664,-588.3509521484375,171.0222700532812,226.49764252614105,-44.8109010997988,371.9999971403258,195.0000037307921,1.0,0.6196078658103943,0.34117648005485535,calibrated_uv_reprojection_plus_stereo_left
53.85913848876953,-80.04559326171875,-588.1050415039062,170.18811331902725,225.50587863138782,-44.596657699462526,372.9999974990937,195.00000593232926,1.0,0.615686297416687,0.3490196168422699,calibrated_uv_reprojection_plus_stereo_left
55.10237121582031,-80.0257339477539,-587.9412841796875,169.39207962129052,224.48010732940116,-44.443976284132304,373.99999893018276,195.0000046935951,1.0,0.615686297416687,0.3529411852359772,calibrated_uv_reprojection_plus_stereo_left
56.344383239746094,-80.00486755371094,-587.7701416015625,168.5929655631606,223.45792046040802,-44.285775368835345,374.99999787053474,195.0000041242979,1.0,0.6235294342041016,0.3686274588108063,calibrated_uv_reprojection_plus_stereo_left
57.595462799072266,-79.99734497070312,-587.697021484375,167.83881690847846,222.39436964813854,-44.20100804552618,375.99999878092586,195.00000193654063,0.929411768913269,0.48235294222831726,0.23529411852359772,calibrated_uv_reprojection_plus_stereo_left
58.86594009399414,-80.016357421875,-587.81884765625,167.17330933683252,221.2473698691789,-44.26225524912377,376.9999972767071,195.00000104716872,0.729411780834198,0.3803921639919281,0.16862745583057404,calibrated_uv_reprojection_plus_stereo_left
-19.047809600830078,-79.6239242553711,-595.3402709960938,214.72972405019704,286.99062212410354,-52.42067891923938,314.99999990944457,195.9999973314111,0.8313725590705872,0.7098039388656616,0.4901960790157318,calibrated_uv_reprojection_plus_stereo_left
-17.789785385131836,-79.64812469482422,-595.5037231445312,214.0923233072458,285.8404265747226,-52.51372862166738,315.9999993415194,195.9999990786318,0.9882352948188782,0.9137254953384399,0.6901960968971252,calibrated_uv_reprojection_plus_stereo_left
-16.523189544677734,-79.63529205322266,-595.3902587890625,213.30874688277822,284.77709335335896,-52.3982040803574,317.0000002566854,195.9999978881572,1.0,0.9960784316062927,0.6980392336845398,calibrated_uv_reprojection_plus_stereo_left
-15.260649681091309,-79.64209747314453,-595.4236450195312,212.6024065651145,283.6672712207842,-52.393277021879214,317.99999960700404,195.99999961900068,1.0,0.9843137264251709,0.6784313917160034,calibrated_uv_reprojection_plus_stereo_left
-13.995789527893066,-79.63760375976562,-595.37255859375,211.85164316944497,282.5842031254042,-52.32473283898895,319.0000001535111,196.00000183156465,1.0,0.9921568632125854,0.658823549747467,calibrated_uv_reprojection_plus_stereo_left
-12.722160339355469,-79.5781021118164,-594.9102172851562,210.88605896167206,281.6335831044377,-51.94652565829472,320.0000005688241,196.00000121498977,1.0,0.9921568632125854,0.658823549747467,calibrated_uv_reprojection_plus_stereo_left
-11.454850196838379,-79.5501708984375,-594.6838989257812,210.04450183343,280.6080677975717,-51.746065855185066,321.0000000954179,195.99999964253269,0.9725490212440491,0.9490196108818054,0.6000000238418579,calibrated_uv_reprojection_plus_stereo_left
-10.188892364501953,-79.52678680419922,-594.4916381835938,209.22108833849325,279.5721316353538,-51.57126902085133,322.0000005613505,196.00000395648806,0.9019607901573181,0.8509804010391235,0.501960813999176,calibrated_uv_reprojection_plus_stereo_left
-8.922860145568848,-79.4971694946289,-594.252685546875,208.37382308423514,278.5520287630575,-51.36132936645828,322.999999874192,195.9999970027667,0.9098039269447327,0.8352941274642944,0.49803921580314636,calibrated_uv_reprojection_plus_stereo_left
-7.662786960601807,-79.52084350585938,-594.4121704101562,207.73322495133107,277.401401599726,-51.45134476587799,324.00000011803843,195.99999826596655,0.9215686321258545,0.843137264251709,0.5058823823928833,calibrated_uv_reprojection_plus_stereo_left
-6.399229049682617,-79.51200866699219,-594.3286743164062,206.96667249463997,276.3305065509294,-51.35844573592669,325.0000001625388,196.0000021838556,0.9607843160629272,0.8941176533699036,0.5607843399047852,calibrated_uv_reprojection_plus_stereo_left
-5.135615825653076,-79.49979400634766,-594.2198486328125,206.18717342860162,275.26818714085016,-51.24648113876361,326.0000000825191,195.99999874823936,1.0,0.9764705896377563,0.6235294342041016,calibrated_uv_reprojection_plus_stereo_left
-3.8729031085968018,-79.50048828125,-594.2075805664062,205.4574418140465,274.1737662024494,-51.207198372685525,327.0000000132925,196.00000262913784,1.0,0.9960784316062927,0.6352941393852234,calibrated_uv_reprojection_plus_stereo_left
-2.607701301574707,-79.42961883544922,-593.660400390625,204.45340576181002,273.25937567572396,-50.765354183092086,328.00000013320596,196.0000022902828,1.0,0.9960784316062927,0.6352941393852234,calibrated_uv_reprojection_plus_stereo_left
-1.3458207845687866,-79.42875671386719,-593.636474609375,203.71820751392306,272.1696474882354,-50.71731670239268,328.99999998515483,196.00000221187037,0.9764705896377563,0.9607843160629272,0.6039215922355652,calibrated_uv_reprojection_plus_stereo_left
-0.08385692536830902,-79.43395233154297,-593.6577758789062,203.00603823257023,271.0644393773571,-50.70330565784252,329.99999999238236,195.99999738021938,0.9725490212440491,0.8705882430076599,0.5411764979362488,calibrated_uv_reprojection_plus_stereo_left
1.1780962944030762,-79.41942596435547,-593.53173828125,202.2187055977767,270.00942914287435,-50.5784321862202,330.99999998293936,195.99999837580899,0.9411764740943909,0.8117647171020508,0.48627451062202454,calibrated_uv_reprojection_plus_stereo_left
2.441152334213257,-79.45201110839844,-593.7577514648438,201.61034026899387,268.8335447908451,-50.718434466229326,332.0000000567333,195.99999662034315,0.8901960849761963,0.729411780834198,0.364705890417099,calibrated_uv_reprojection_plus_stereo_left
3.7037768363952637,-79.45061492919922,-593.7298583984375,200.87268849380598,267.7445225185366,-50.667396419385454,332.99999988742076,196.00000018165122,0.8588235378265381,0.6941176652908325,0.3294117748737335,calibrated_uv_reprojection_plus_stereo_left
4.966512203216553,-79.4498291015625,-593.7064819335938,200.1372815786769,266.6538629804836,-50.619751309602236,333.99999994142155,195.99999914656922,0.8941176533699036,0.6823529601097107,0.30980393290519714,calibrated_uv_reprojection_plus_stereo_left
6.229776382446289,-79.4546127319336,-593.7247314453125,199.42280599543767,265.5485655178873,-50.60341610570009,335.00000001961854,195.99999911473114,0.9137254953384399,0.6901960968971252,0.32549020648002625,calibrated_uv_reprojection_plus_stereo_left
7.487854957580566,-79.40155792236328,-593.310791015625,198.49082247599358,264.5949893017501,-50.26199903036792,335.9999998235581,195.99999896488174,0.9411764740943909,0.6705882549285889,0.3607843220233917,calibrated_uv_reprojection_plus_stereo_left
8.752599716186523,-79.42323303222656,-593.4552612304688,197.839889214962,263.4454112998485,-50.340604579513126,337.0000001609989,195.9999990662884,0.9333333373069763,0.6627451181411743,0.35686275362968445,calibrated_uv_reprojection_plus_stereo_left
10.018436431884766,-79.44718170166016,-593.61669921875,197.19698718678723,262.2891033263533,-50.43195109169511,337.9999998107532,195.99999824107203,0.8980392217636108,0.6313725709915161,0.34117648005485535,calibrated_uv_reprojection_plus_stereo_left
11.283551216125488,-79.45985412597656,-593.6939086914062,196.51152662403956,261.16211477313027,-50.45993872036388,338.9999994775495,196.00000117544397,0.8666666746139526,0.6196078658103943,0.3176470696926117,calibrated_uv_reprojection_plus_stereo_left
12.551353454589844,-79.48624420166016,-593.8735961914062,195.87680531788828,259.9978823967074,-50.56497256914213,340.0000000779611,196.00000359792037,0.8784313797950745,0.6509804129600525,0.33725491166114807,calibrated_uv_reprojection_plus_stereo_left
13.81530475616455,-79.4849853515625,-593.8466186523438,195.1388694879832,258.9073888208867,-50.514585485985094,341.00000062431343,195.9999973700527,0.929411768913269,0.7490196228027344,0.4274509847164154,calibrated_uv_reprojection_plus_stereo_left
15.078658103942871,-79.48016357421875,-593.7930908203125,194.3877249739599,257.8264626934829,-50.44423938926309,342.0000006661236,195.99999847648303,0.9764705896377563,0.8509804010391235,0.5215686559677124,calibrated_uv_reprojection_plus_stereo_left
16.341835021972656,-79.47466278076172,-593.7344970703125,193.6340965757359,256.7474159342293,-50.37008603086065,343.0000000513591,196.0000002525631,1.0,0.9176470637321472,0.5882353186607361,calibrated_uv_reprojection_plus_stereo_left
17.597475051879883,-79.4354019165039,-593.4236450195312,192.75610364609412,255.76084608576573,-50.10629432428391,344.0000005061541,195.9999963252249,1.0,0.9254902005195618,0.6000000238418579,calibrated_uv_reprojection_plus_stereo_left
18.863969802856445,-79.44661712646484,-593.4899291992188,192.06428048846408,254.63637735776965,-50.12602720362736,345.0000011660861,195.99999761222145,1.0,0.9254902005195618,0.5843137502670288,calibrated_uv_reprojection_plus_stereo_left
20.13026237487793,-79.45516967773438,-593.5363159179688,191.3624226611969,253.51886183707373,-50.13079282663449,346.0000004787426,195.9999988301198,1.0,0.9254902005195618,0.5803921818733215,calibrated_uv_reprojection_plus_stereo_left
21.39508819580078,-79.45682525634766,-593.5311889648438,190.63512471878738,252.42016929728155,-50.09683219890479,347.00000020034184,196.0000012272231,1.0,0.8901960849761963,0.5568627715110779,calibrated_uv_reprojection_plus_stereo_left
22.652320861816406,-79.43126678466797,-593.32275390625,189.80846346589777,251.39733103183022,-49.91006944471803,347.9999989391134,196.00000079763782,1.0,0.8901960849761963,0.5568627715110779,calibrated_uv_reprojection_plus_stereo_left
23.912307739257812,-79.41716003417969,-593.1998901367188,189.02387551773904,250.3429511138811,-49.78763167478854,348.99999886686817,196.0000029097897,1.0,0.8274509906768799,0.4901960790157318,calibrated_uv_reprojection_plus_stereo_left
25.170015335083008,-79.39691162109375,-593.0311279296875,188.21718158979706,249.30618622321475,-49.6307094157379,349.99999937252,196.00000187013933,1.0,0.8470588326454163,0.5137255191802979,calibrated_uv_reprojection_plus_stereo_left
26.425107955932617,-79.37039184570312,-592.8155517578125,187.3881021374171,248.28764297836426,-49.438625138781674,350.99999955582956,196.00000288460888,1.0,0.8078431487083435,0.48235294222831726,calibrated_uv_reprojection_plus_stereo_left
27.682403564453125,-79.3522720336914,-592.6627197265625,186.58976935163923,247.24581139315404,-49.29370060217957,351.9999996768383,196.00000355946318,1.0,0.8196078538894653,0.4941176474094391,calibrated_uv_reprojection_plus_stereo_left
28.941211700439453,-79.33956909179688,-592.55029296875,185.811188098593,246.18889812417277,-49.17913944419183,352.9999991084299,195.99999816762895,1.0,0.843137264251709,0.5137255191802979,calibrated_uv_reprojection_plus_stereo_left
30.20146369934082,-79.33140563964844,-592.4718017578125,185.04908872739384,245.1191713631122,-49.0900810410518,353.9999999443629,195.99999587838403,1.0,0.8627451062202454,0.5333333611488342,calibrated_uv_reprojection_plus_stereo_left
31.45859146118164,-79.31571960449219,-592.3372192382812,184.26015627620836,244.07127299298028,-48.95889650559792,354.9999990218001,196.00000271697297,1.0,0.8549019694328308,0.5215686559677124,calibrated_uv_reprojection_plus_stereo_left
32.70875930786133,-79.28409576416016,-592.0835571289062,183.41446998564436,243.06998657378338,-48.738270753707695,355.9999988117383,196.00000283267406,0.9725490212440491,0.8039215803146362,0.4627451002597809,calibrated_uv_reprojection_plus_stereo_left
33.971744537353516,-79.28446197509766,-592.0687866210938,182.6833102334104,241.97617831870815,-48.69709529640943,356.999999524384,196.00000174939848,0.9764705896377563,0.7960784435272217,0.4470588266849518,calibrated_uv_reprojection_plus_stereo_left
35.231571197509766,-79.27743530273438,-591.998779296875,181.92578431578517,240.90393090688562,-48.61442956831257,358.0000001085761,195.99999756806235,1.0,0.8274509906768799,0.4941176474094391,calibrated_uv_reprojection_plus_stereo_left
36.484012603759766,-79.25459289550781,-591.8107299804688,181.11226584796844,239.8783186777104,-48.443121704617454,358.9999997443544,195.9999993242106,0.9647058844566345,0.7882353067398071,0.45490196347236633,calibrated_uv_reprojection_plus_stereo_left
37.72596740722656,-79.21101379394531,-591.4678344726562,180.22576317243926,238.9145720464866,-48.15554706186481,360.000000329637,195.99999959972862,0.9843137264251709,0.7921568751335144,0.4627451002597809,calibrated_uv_reprojection_plus_stereo_left
38.978389739990234,-79.1912841796875,-591.3030395507812,179.4241196674007,237.881055124613,-48.001736970974775,361.0000009017778,196.0000003381952,1.0,0.8117647171020508,0.48627451062202454,calibrated_uv_reprojection_plus_stereo_left
40.22745132446289,-79.16595458984375,-591.096435546875,178.6030734103901,236.86470268965326,-47.81654699265533,361.9999988830167,196.000000680865,1.0,0.8470588326454163,0.5215686559677124,calibrated_uv_reprojection_plus_stereo_left
41.47444152832031,-79.13798522949219,-590.8701171875,177.77315821105628,235.8568665962558,-47.61657107475827,362.999999482651,195.9999994840045,1.0,0.843137264251709,0.5176470875740051,calibrated_uv_reprojection_plus_stereo_left
42.70189666748047,-79.07527160644531,-590.3844604492188,176.8221302348859,234.95436381763545,-47.22192241351763,363.99999845204064,196.00000416371006,1.0,0.7921568751335144,0.48235294222831726,calibrated_uv_reprojection_plus_stereo_left
43.95391845703125,-79.06013488769531,-590.2539672851562,176.03821792761033,233.90951013283973,-47.09393051583146,364.99999975880223,196.0000017992653,1.0,0.7490196228027344,0.43921568989753723,calibrated_uv_reprojection_plus_stereo_left
45.20111083984375,-79.03719329833984,-590.0652465820312,175.22736465766076,232.88869325222834,-46.92224219759811,365.9999988024719,196.00000325659232,1.0,0.6980392336845398,0.4000000059604645,calibrated_uv_reprojection_plus_stereo_left
46.437442779541016,-78.99681854248047,-589.746337890625,174.35632416231067,231.92166631217992,-46.65284779833473,367.0000024935334,195.9999993806258,1.0,0.6549019813537598,0.3607843220233917,calibrated_uv_reprojection_plus_stereo_left
47.68335723876953,-78.97425842285156,-589.5604858398438,173.547666502825,230.90098416591582,-46.48334843957133,368.0000006174803,196.00000083845396,1.0,0.615686297416687,0.33725491166114807,calibrated_uv_reprojection_plus_stereo_left
48.929195404052734,-78.95254516601562,-589.3809814453125,172.74228905585124,229.87820726746827,-46.31862845051296,368.99999869154976,196.0000041593401,1.0,0.6196078658103943,0.34117648005485535,calibrated_uv_reprojection_plus_stereo_left
50.168434143066406,-78.92135620117188,-589.1306762695312,171.90458148050294,228.88528365516885,-46.10078571657306,370.0000014371669,195.99999953131353,1.0,0.6274510025978088,0.3490196168422699,calibrated_uv_reprojection_plus_stereo_left
51.4118766784668,-78.8979721069336,-588.9386596679688,171.0941993015016,227.868849642326,-45.92670381962955,370.9999999492543,195.99999665003813,1.0,0.6313725709915161,0.3529411852359772,calibrated_uv_reprojection_plus_stereo_left
52.63258743286133,-78.84146881103516,-588.49951171875,170.170761504418,226.95637329264088,-45.56721177295236,371.99999885584293,196.00000154535064,1.0,0.6235294342041016,0.3450980484485626,calibrated_uv_reprojection_plus_stereo_left
53.89313888549805,-78.8457260131836,-588.5138549804688,169.45584835979304,225.85476598649583,-45.548001187466184,372.99999774304086,196.00000049807278,1.0,0.6235294342041016,0.3529411852359772,calibrated_uv_reprojection_plus_stereo_left
55.1490592956543,-78.8429946899414,-588.47607421875,168.71699375770766,224.77494425132372,-45.48968246540869,373.99999734464353,196.0000038394595,1.0,0.6235294342041016,0.3607843220233917,calibrated_uv_reprojection_plus_stereo_left
56.41328811645508,-78.85183715820312,-588.5245971679688,168.01741394439148,223.6584933714627,-45.49610057289732,375.0000016282537,195.99999876871732,1.0,0.6352941393852234,0.3803921639919281,calibrated_uv_reprojection_plus_stereo_left
57.68050765991211,-78.86422729492188,-588.5996704101562,167.32965741903865,222.5304013822425,-45.52243086067534,375.9999976636732,196.00000200022572,0.8392156958580017,0.40784314274787903,0.15294118225574493,calibrated_uv_reprojection_plus_stereo_left
-19.016984939575195,-78.2163314819336,-594.2533569335938,213.23067243060711,287.8548669338162,-52.2505206796169,315.00000121685554,197.00000508531832,0.9058823585510254,0.8078431487083435,0.5607843399047852,calibrated_uv_reprojection_plus_stereo_left
-17.760169982910156,-78.23529052734375,-594.3803100585938,212.5750837703829,286.7183021949289,-52.31631773187553,315.9999996135509,196.9999990698187,0.9960784316062927,0.9725490212440491,0.7137255072593689,calibrated_uv_reprojection_plus_stereo_left
-16.495134353637695,-78.2187271118164,-594.2374877929688,211.77757162294336,285.66624343556555,-52.178636781316584,317.0000000620154,197.00000380247747,1.0,0.9960784316062927,0.6823529601097107,calibrated_uv_reprojection_plus_stereo_left
-15.231902122497559,-78.20929718017578,-594.1488037109375,211.00863234800994,284.59735770155964,-52.0817905423508,318.0000002479236,197.00000229527853,0.8823529481887817,0.843137264251709,0.5254902243614197,calibrated_uv_reprojection_plus_stereo_left
-13.972102165222168,-78.2180404663086,-594.1981811523438,210.3118751928119,283.48455374611655,-52.089062504187154,319.00000012630466,197.00000107122966,0.929411768913269,0.8784313797950745,0.5490196347236633,calibrated_uv_reprojection_plus_stereo_left
-12.70469856262207,-78.18245697021484,-593.9108276367188,209.43950548894145,282.4795342814838,-51.84240980055165,319.99999988530317,197.00000001450294,1.0,0.9647058844566345,0.6313725709915161,calibrated_uv_reprojection_plus_stereo_left
-11.440896987915039,-78.1644515991211,-593.7570190429688,208.63711807079528,281.4322787553713,-51.69647586737102,320.9999998409274,196.99999928326275,0.9921568632125854,0.9647058844566345,0.6196078658103943,calibrated_uv_reprojection_plus_stereo_left
-10.17849063873291,-78.15361022949219,-593.6576538085938,207.86321721540133,280.367741753259,-51.59160225152999,322.00000012231715,197.0000005458757,0.9607843160629272,0.9058823585510254,0.5607843399047852,calibrated_uv_reprojection_plus_stereo_left
-8.914449691772461,-78.12641143798828,-593.4340209960938,207.02518160812787,279.343999569674,-51.393046247004975,322.9999995438244,196.99999943874113,0.9647058844566345,0.929411768913269,0.5843137502670288,calibrated_uv_reprojection_plus_stereo_left
-7.654321670532227,-78.13141632080078,-593.4550170898438,206.31380090336393,278.2405530966586,-51.378924525142054,323.99999995425503,196.99999962906645,0.9764705896377563,0.9450980424880981,0.6000000238418579,calibrated_uv_reprojection_plus_stereo_left
-6.392812252044678,-78.12295532226562,-593.373779296875,205.5496296053314,277.1706399554241,-51.28773476127492,325.0000002286517,197.00000487296455,0.9843137264251709,0.9647058844566345,0.615686297416687,calibrated_uv_reprojection_plus_stereo_left
-5.1315202713012695,-78.11546325683594,-593.2998046875,204.7892863141268,276.09844309097787,-51.202016710520525,326.00000012784295,196.99999987544857,1.0,0.9921568632125854,0.6392157077789307,calibrated_uv_reprojection_plus_stereo_left
-3.870173215866089,-78.10436248779297,-593.198486328125,204.01499886937592,275.0354913599273,-51.095696656466146,327.00000007075886,197.00000140211685,1.0,0.9960784316062927,0.6392157077789307,calibrated_uv_reprojection_plus_stereo_left
-2.607523202896118,-78.0470962524414,-592.7465209960938,203.06163539189055,274.0905314546336,-50.7251126778462,328.00000003805474,196.9999991683879,0.9882352948188782,0.9490196108818054,0.6000000238418579,calibrated_uv_reprojection_plus_stereo_left
-1.3475624322891235,-78.04535675048828,-592.71630859375,202.3243060061132,273.0046282867986,-50.67240723438687,328.9999999331719,197.00000019224208,0.9529411792755127,0.886274516582489,0.5411764979362488,calibrated_uv_reprojection_plus_stereo_left
-0.08753851801156998,-78.0432357788086,-592.6831665039062,201.58545353056525,271.919663773332,-50.61749046588852,329.99999998926734,196.99999788856186,0.9529411792755127,0.8196078538894653,0.48627451062202454,calibrated_uv_reprojection_plus_stereo_left
1.1724945306777954,-78.03839111328125,-592.62939453125,200.83609853148397,270.8417029979953,-50.54703150480964,330.99999998188093,197.0000013029179,0.9921568632125854,0.8392156958580017,0.5098039507865906,calibrated_uv_reprojection_plus_stereo_left
2.4335854053497314,-78.06869506835938,-592.842529296875,200.2218822022922,269.67214371676494,-50.67767486337476,331.9999998641211,197.00000394612874,1.0,0.8627451062202454,0.5176470875740051,calibrated_uv_reprojection_plus_stereo_left
3.6944758892059326,-78.07157135009766,-592.8472900390625,199.5018133766768,268.57354637839853,-50.65129680136408,333.0000001249209,196.99999788411014,1.0,0.8588235378265381,0.5137255191802979,calibrated_uv_reprojection_plus_stereo_left
4.9557695388793945,-78.07746124267578,-592.875,198.79317848600806,267.46680533221064,-50.64220720721676,334.0000003510768,196.99999897217847,1.0,0.8627451062202454,0.5137255191802979,calibrated_uv_reprojection_plus_stereo_left
6.217210292816162,-78.08132934570312,-592.8873291015625,198.07663927018467,266.3651603850417,-50.62152216850541,335.0000000076289,196.9999974663618,1.0,0.8549019694328308,0.5098039507865906,calibrated_uv_reprojection_plus_stereo_left
7.473072052001953,-78.02439880371094,-592.4380493164062,197.1285270061906,265.4251963153737,-50.25312620499602,335.9999997294533,196.99999988388043,1.0,0.8352941274642944,0.5098039507865906,calibrated_uv_reprojection_plus_stereo_left
8.736262321472168,-78.04830932617188,-592.6026000976562,196.4883989569691,264.27031616382556,-50.34710900186343,336.9999996279837,197.00000230471565,0.9921568632125854,0.8156862854957581,0.4901960790157318,calibrated_uv_reprojection_plus_stereo_left
9.999027252197266,-78.06193542480469,-592.6890258789062,195.80878432562582,263.1423464033319,-50.38222880807734,338.0000003225879,197.0000018036867,0.95686274766922,0.7568627595901489,0.43529412150382996,calibrated_uv_reprojection_plus_stereo_left
11.262334823608398,-78.07545471191406,-592.7745971679688,195.1284276610623,262.0141928896087,-50.41668938022559,339.00000070911557,196.9999975437725,0.9254902005195618,0.7098039388656616,0.4000000059604645,calibrated_uv_reprojection_plus_stereo_left
12.52933406829834,-78.10852813720703,-593.0086669921875,194.5214746870788,260.8323799866129,-50.56296681614083,339.99999983991205,196.99999838196945,0.9137254953384399,0.6627451181411743,0.3607843220233917,calibrated_uv_reprojection_plus_stereo_left
13.791278839111328,-78.10623931884766,-592.9742431640625,193.78086785799866,259.74618080268795,-50.507039824629146,341.0000004029069,196.99999805045184,0.8784313797950745,0.615686297416687,0.3137255012989044,calibrated_uv_reprojection_plus_stereo_left
15.053468704223633,-78.10499572753906,-592.94775390625,193.0441559593856,258.65707273543944,-50.4570861250636,341.9999999566627,196.9999977330714,0.9098039269447327,0.6509804129600525,0.3490196168422699,calibrated_uv_reprojection_plus_stereo_left
16.315378189086914,-78.1020278930664,-592.908203125,192.3009590463738,257.572647647293,-50.39729852494662,342.9999997561889,197.00000044900094,0.95686274766922,0.7960784435272217,0.48235294222831726,calibrated_uv_reprojection_plus_stereo_left
17.569791793823242,-78.0656509399414,-592.614990234375,191.43305356495216,256.5809196512423,-50.1465385415172,344.00000077785865,196.99999844882026,0.9921568632125854,0.9098039269447327,0.5882353186607361,calibrated_uv_reprojection_plus_stereo_left
18.833600997924805,-78.0726089477539,-592.6508178710938,190.7271018832779,255.4692343804875,-50.14350896938561,344.9999994370278,197.0000037190845,1.0,0.9333333373069763,0.5921568870544434,calibrated_uv_reprojection_plus_stereo_left
20.098249435424805,-78.08148956298828,-592.701171875,190.02806327661222,254.35188041767933,-50.15140155034584,345.9999999382205,197.00000240146764,1.0,0.929411768913269,0.5843137502670288,calibrated_uv_reprojection_plus_stereo_left
21.360754013061523,-78.0810546875,-592.6807861328125,189.29427846060634,253.26042312761896,-50.10603739574907,346.999999929726,196.99999855202066,1.0,0.9254902005195618,0.5803921818733215,calibrated_uv_reprojection_plus_stereo_left
22.61872673034668,-78.06461334228516,-592.5389404296875,188.50131448699182,252.21417484937064,-49.96925706528327,347.99999975022246,196.99999850336323,1.0,0.9254902005195618,0.5803921818733215,calibrated_uv_reprojection_plus_stereo_left
23.875774383544922,-78.04649353027344,-592.3843994140625,187.7024201998509,251.17304654741545,-49.82293477971797,348.9999993308999,197.00000251935384,1.0,0.9058823585510254,0.5568627715110779,calibrated_uv_reprojection_plus_stereo_left
25.129547119140625,-78.01966094970703,-592.1636352539062,186.8717322091132,250.1572603640643,-49.626780991629744,350.00000100708644,196.99999607754702,1.0,0.8941176533699036,0.545098066329956,calibrated_uv_reprojection_plus_stereo_left
26.382055282592773,-77.99130249023438,-591.931396484375,186.03592372954319,249.14647792770577,-49.42201705629196,351.00000010793104,196.99999968624533,1.0,0.8392156958580017,0.5137255191802979,calibrated_uv_reprojection_plus_stereo_left
27.638925552368164,-77.97750091552734,-591.8096313476562,185.25380229588626,248.09436769861563,-49.300395915534466,352.00000055791526,197.0000015734863,1.0,0.8313725590705872,0.5058823823928833,calibrated_uv_reprojection_plus_stereo_left
28.897756576538086,-77.96987915039062,-591.7347412109375,184.49440001975046,247.0246248759966,-49.21404889590724,353.000000532759,197.00000035664456,1.0,0.8627451062202454,0.529411792755127,calibrated_uv_reprojection_plus_stereo_left
30.15485954284668,-77.95812225341797,-591.6284790039062,183.72003187471654,245.96704411570747,-49.1041030073107,353.99999958487194,196.99999996886316,1.0,0.8823529481887817,0.5529412031173706,calibrated_uv_reprojection_plus_stereo_left
31.40961265563965,-77.94117736816406,-591.4828491210938,182.92698853154582,244.92488232314292,-48.96454736248444,355.0000006122097,196.99999954129478,1.0,0.8901960849761963,0.5607843399047852,calibrated_uv_reprojection_plus_stereo_left
32.665130615234375,-77.92708587646484,-591.35888671875,182.1445258224029,243.87469434548018,-48.84130166852145,355.9999999704993,196.9999999856693,1.0,0.8823529481887817,0.5490196347236633,calibrated_uv_reprojection_plus_stereo_left
33.92496871948242,-77.92369079589844,-591.3161010742188,181.40087238496216,242.79316937177072,-48.779124421687584,356.99999962259454,197.0000008033794,1.0,0.8666666746139526,0.529411792755127,calibrated_uv_reprojection_plus_stereo_left
35.184471130371094,-77.9195327758789,-591.2675170898438,180.65446322752285,241.7139058724202,-48.71258520246852,357.999999520244,197.00000069115177,1.0,0.8509804010391235,0.5176470875740051,calibrated_uv_reprojection_plus_stereo_left
36.44038772583008,-77.9077377319336,-591.1610107421875,179.88064785600938,240.65744180512326,-48.60248553046114,358.99999971405435,197.00000339072503,0.9529411792755127,0.7803921699523926,0.45098039507865906,calibrated_uv_reprojection_plus_stereo_left
37.69233703613281,-77.88829040527344,-590.9963989257812,179.07955872863187,239.6241673239985,-48.44869159483454,360.00000121096133,197.0000013374805,0.9764705896377563,0.7529411911964417,0.4274509847164154,calibrated_uv_reprojection_plus_stereo_left
38.945831298828125,-77.87296295166016,-590.863037109375,178.29347914525226,238.57893108354654,-48.318408306887704,360.99999996661603,196.99999754779645,0.95686274766922,0.7411764860153198,0.4117647111415863,calibrated_uv_reprojection_plus_stereo_left
40.20053482055664,-77.86070251464844,-590.7529907226562,177.51856060469743,237.52472387017835,-48.2056683641847,361.9999992463077,196.99999793798025,0.9960784316062927,0.8509804010391235,0.5254902243614197,calibrated_uv_reprojection_plus_stereo_left
41.45006561279297,-77.83924102783203,-590.5731811523438,176.71112163548253,236.49872029498238,-48.04048405203787,363.0000002293245,197.00000275246333,1.0,0.8509804010391235,0.529411792755127,calibrated_uv_reprojection_plus_stereo_left
42.68179702758789,-77.78640747070312,-590.1552734375,175.79279796381826,235.56908778559844,-47.69629739047201,363.99999901061267,196.9999981260789,1.0,0.8509804010391235,0.5411764979362488,calibrated_uv_reprojection_plus_stereo_left
43.93038558959961,-77.76622772216797,-589.9851684570312,174.99083854328478,234.5406046722965,-47.53844553365502,364.99999797786603,196.9999985472437,1.0,0.843137264251709,0.5333333611488342,calibrated_uv_reprojection_plus_stereo_left
45.176631927490234,-77.74293518066406,-589.7914428710938,174.17820943989608,233.52218336862296,-47.362849125397474,365.9999989822736,196.99999762664103,1.0,0.8117647171020508,0.4901960790157318,calibrated_uv_reprojection_plus_stereo_left
46.41722869873047,-77.71125030517578,-589.5340576171875,173.3364415852809,232.5303045491158,-47.13941597869888,366.99999945942,196.99999647128146,1.0,0.7647058963775635,0.45098039507865906,calibrated_uv_reprojection_plus_stereo_left
47.68203353881836,-77.72049713134766,-589.5872192382812,172.63873849660882,231.41186222268203,-47.149422463262454,368.0000015555635,196.99999814752925,1.0,0.7137255072593689,0.41960784792900085,calibrated_uv_reprojection_plus_stereo_left
48.924293518066406,-77.69328308105469,-589.36376953125,171.8132761279843,230.40700757544334,-46.951522334416495,369.00000224592645,196.99999754913776,1.0,0.6823529601097107,0.38823530077934265,calibrated_uv_reprojection_plus_stereo_left
50.16218566894531,-77.66049194335938,-589.0980224609375,170.96880507579908,229.42032274824965,-46.721852594977975,370.0000013329524,196.99999670000543,1.0,0.6470588445663452,0.3607843220233917,calibrated_uv_reprojection_plus_stereo_left
51.40690612792969,-77.63943481445312,-588.9213256835938,170.16570778065062,228.39744539573886,-46.55912668346667,371.0000007443449,196.9999991178604,1.0,0.6392157077789307,0.35686275362968445,calibrated_uv_reprojection_plus_stereo_left
52.64906692504883,-77.61543273925781,-588.7222900390625,169.35271686588766,227.38438379587652,-46.379627522294584,372.00000218098637,197.00000062595967,1.0,0.6313725709915161,0.3529411852359772,calibrated_uv_reprojection_plus_stereo_left
53.90256118774414,-77.60870361328125,-588.654296875,168.59987581179507,226.31694331305633,-46.29860764920761,372.99999902928585,197.00000422424938,1.0,0.6313725709915161,0.3607843220233917,calibrated_uv_reprojection_plus_stereo_left
55.166473388671875,-77.61677551269531,-588.698486328125,167.89812706851126,225.20232240983947,-46.30187019461164,373.9999997077651,196.99999945352525,1.0,0.6313725709915161,0.3686274588108063,calibrated_uv_reprojection_plus_stereo_left
56.43936538696289,-77.63667297363281,-588.8323974609375,167.23686022632688,224.0494093682932,-46.372531717129846,374.9999998068537,196.99999849225634,1.0,0.6470588445663452,0.3960784375667572,calibrated_uv_reprojection_plus_stereo_left
57.71823501586914,-77.66358184814453,-589.01953125,166.59923080070075,222.87321721565723,-46.48316104492034,375.9999978163072,197.00000347655197,0.7882353067398071,0.3607843220233917,0.11764705926179886,calibrated_uv_reprojection_plus_stereo_left
-20.259807586669922,-76.87016296386719,-593.6216430664062,212.6956859759793,289.670992234588,-52.451718072778476,313.9999994677172,197.99999703250768,0.8627451062202454,0.7333333492279053,0.5607843399047852,calibrated_uv_reprojection_plus_stereo_left
-18.985584259033203,-76.81107330322266,-593.1488037109375,211.72573910584657,288.72268188285193,-52.06466469329075,315.00000011216554,197.99999816815887,0.9803921580314636,0.929411768913269,0.6627451181411743,calibrated_uv_reprojection_plus_stereo_left
-17.732219696044922,-76.83448791503906,-593.3131103515625,211.0907893275679,287.5766172157096,-52.15892627131893,315.9999999448157,198.00000209719548,1.0,0.9725490212440491,0.6901960968971252,calibrated_uv_reprojection_plus_stereo_left
-16.468496322631836,-76.8137435913086,-593.1363525390625,210.27698303931368,286.5371095800914,-51.99555534600535,317.0000008609865,197.9999989764367,1.0,0.9686274528503418,0.6509804129600525,calibrated_uv_reprojection_plus_stereo_left
-15.20638370513916,-76.79829406738281,-593.0005493164062,209.48485862912275,285.4851288278384,-51.86313297113247,318.00000099597054,198.00000235677427,0.8549019694328308,0.7764706015586853,0.45490196347236633,calibrated_uv_reprojection_plus_stereo_left
-13.946915626525879,-76.79528045654297,-592.960693359375,208.74290452680572,284.40293196243044,-51.803174061250786,318.99999955774007,197.99999756891458,0.9098039269447327,0.8392156958580017,0.501960813999176,calibrated_uv_reprojection_plus_stereo_left
-12.688193321228027,-76.79692077636719,-592.9568481445312,208.01962861703436,283.3091855021577,-51.770413291790874,320.00000083827456,198.00000075790933,0.9960784316062927,0.9372549057006836,0.6000000238418579,calibrated_uv_reprojection_plus_stereo_left
-11.427517890930176,-76.7865982055664,-592.860595703125,207.24838493718084,282.2450506630143,-51.66786892404696,321.00000024019675,197.9999997477103,1.0,0.9686274528503418,0.6313725709915161,calibrated_uv_reprojection_plus_stereo_left
-10.166890144348145,-76.77498626708984,-592.7544555664062,206.47214920504138,281.18431126895365,-51.557868272996984,322.0000002918663,198.00000534165824,0.9843137264251709,0.9333333373069763,0.5882353186607361,calibrated_uv_reprojection_plus_stereo_left
-8.905706405639648,-76.75634765625,-592.5939331054688,205.66803487724758,280.1415087821778,-51.40680605251174,322.99999937011324,197.9999968847819,0.9725490212440491,0.9529411792755127,0.6039215922355652,calibrated_uv_reprojection_plus_stereo_left
-7.646851062774658,-76.75615692138672,-592.575927734375,204.93750557603744,279.052443554744,-51.36335461325319,323.99999997444957,197.99999754213138,1.0,1.0,0.6470588445663452,calibrated_uv_reprojection_plus_stereo_left
-6.386711597442627,-76.74189758300781,-592.4493408203125,204.15118443589427,277.99905654584165,-51.23793430663625,325.00000011452323,198.0000012758835,1.0,0.9960784316062927,0.6392157077789307,calibrated_uv_reprojection_plus_stereo_left
-5.126827239990234,-76.72625732421875,-592.3120727539062,203.3595963246575,276.94950952029757,-51.10445790390048,325.9999999297549,198.0000024103095,1.0,0.9960784316062927,0.6431372761726379,calibrated_uv_reprojection_plus_stereo_left
-3.867739677429199,-76.71864318847656,-592.2367553710938,202.59987634248512,275.8796624847487,-51.017750249616086,327.00000007536056,198.00000221991667,0.9921568632125854,0.9764705896377563,0.615686297416687,calibrated_uv_reprojection_plus_stereo_left
-2.6074821949005127,-76.67282104492188,-591.866455078125,201.68992746722904,274.90875281574824,-50.70840496753141,328.00000002572256,197.99999764887752,0.9803921580314636,0.9098039269447327,0.5607843399047852,calibrated_uv_reprojection_plus_stereo_left
-1.349292278289795,-76.66586303710938,-591.7962036132812,200.9332914136425,273.8379695163512,-50.62554087463394,328.9999999613192,197.99999637898264,0.9960784316062927,0.9176470637321472,0.572549045085907,calibrated_uv_reprojection_plus_stereo_left
-0.09122591465711594,-76.67205047607422,-591.8274536132812,200.22818657646422,272.7329007398024,-50.61927923577008,329.99999999674844,197.99999830552372,1.0,0.9372549057006836,0.5686274766921997,calibrated_uv_reprojection_plus_stereo_left
1.1670057773590088,-76.6678466796875,-591.7785034179688,199.4823227529095,271.65486524153573,-50.55249183593048,330.99999996513384,198.00000138517328,1.0,0.929411768913269,0.5568627715110779,calibrated_uv_reprojection_plus_stereo_left
2.426161050796509,-76.69339752197266,-591.9591674804688,198.85235342479496,270.49821698907476,-50.65895634582529,331.99999987413287,197.9999995637396,1.0,0.9098039269447327,0.5372549295425415,calibrated_uv_reprojection_plus_stereo_left
3.6855783462524414,-76.70442962646484,-592.0277709960938,198.1654157555946,269.37931408624866,-50.68084963723942,333.00000009566907,197.99999898112043,1.0,0.9058823585510254,0.5333333611488342,calibrated_uv_reprojection_plus_stereo_left
4.944745063781738,-76.70408630371094,-592.0086059570312,197.43411792642496,268.29037212415767,-50.636517154893056,334.00000015143877,198.00000192634874,1.0,0.9058823585510254,0.5137255191802979,calibrated_uv_reprojection_plus_stereo_left
6.204690933227539,-76.7120361328125,-592.0533447265625,196.7347836993482,267.17909262280534,-50.64038413483905,335.00000021770074,197.9999945617348,1.0,0.9058823585510254,0.5176470875740051,calibrated_uv_reprojection_plus_stereo_left
7.460024833679199,-76.66865539550781,-591.7020874023438,195.83729884012536,266.20602057683607,-50.34553518305819,335.9999997642279,198.00000369998452,1.0,0.8941176533699036,0.5372549295425415,calibrated_uv_reprojection_plus_stereo_left
8.719937324523926,-76.67700958251953,-591.75,195.1395879741715,265.0936974249595,-50.35180153745961,336.99999965803687,198.00000170158978,1.0,0.8980392217636108,0.5411764979362488,calibrated_uv_reprojection_plus_stereo_left
9.98036003112793,-76.68624877929688,-591.8047485351562,194.44504961120344,263.9786145903411,-50.363215238921214,337.9999995659391,198.00000086758808,1.0,0.9019607901573181,0.545098066329956,calibrated_uv_reprojection_plus_stereo_left
11.241829872131348,-76.69973754882812,-591.8922729492188,193.76653042520377,262.8515137284519,-50.39933738111148,338.9999998730896,197.99999874582164,1.0,0.8901960849761963,0.545098066329956,calibrated_uv_reprojection_plus_stereo_left
12.506708145141602,-76.73067474365234,-592.114501953125,193.15434975291504,261.6758053875765,-50.53703705964239,339.99999973393574,198.00000342989023,0.9843137264251709,0.8392156958580017,0.5098039507865906,calibrated_uv_reprojection_plus_stereo_left
13.766286849975586,-76.72573852539062,-592.059814453125,192.40481136455446,260.59853862873126,-50.465883683701804,341.00000082015316,197.99999971049968,0.9490196108818054,0.7568627595901489,0.4431372582912445,calibrated_uv_reprojection_plus_stereo_left
15.026954650878906,-76.7265853881836,-592.0497436523438,191.67727123864063,259.5052052070623,-50.428373643285056,342.0000005861697,197.99999514870953,0.9137254953384399,0.6666666865348816,0.364705890417099,calibrated_uv_reprojection_plus_stereo_left
16.287338256835938,-76.72538757324219,-592.0239868164062,190.94193198180682,258.41743934076067,-50.379039161553294,342.99999955235063,198.00000014369837,0.9019607901573181,0.6431372761726379,0.3490196168422699,calibrated_uv_reprojection_plus_stereo_left
17.542964935302734,-76.70303344726562,-591.8349609375,190.12654051863103,257.38913548069326,-50.20660572378529,343.9999993384896,198.00000231856902,0.9647058844566345,0.7647058963775635,0.47058823704719543,calibrated_uv_reprojection_plus_stereo_left
18.804370880126953,-76.70675659179688,-591.8471069335938,189.40983942544375,256.28763286647563,-50.18584558360482,345.00000046534655,198.00000029305733,0.9960784316062927,0.9215686321258545,0.5921568870544434,calibrated_uv_reprojection_plus_stereo_left
20.066144943237305,-76.7109603881836,-591.8629760742188,188.69481339121626,255.1845493363605,-50.16788754740833,346.00000062344725,198.00000010438646,1.0,0.9411764740943909,0.6039215922355652,calibrated_uv_reprojection_plus_stereo_left
21.328289031982422,-76.71556854248047,-591.8819580078125,187.98115389961293,254.08008890874493,-50.15226954638183,346.99999983855105,197.99999955017506,1.0,0.9333333373069763,0.6000000238418579,calibrated_uv_reprojection_plus_stereo_left
22.583690643310547,-76.69635009765625,-591.7171020507812,187.17814960307254,253.04378868376622,-49.99807865905922,348.00000029610044,197.99999790579636,1.0,0.9372549057006836,0.6078431606292725,calibrated_uv_reprojection_plus_stereo_left
23.83674430847168,-76.67122650146484,-591.5067138671875,186.35340328013717,252.02496106252775,-49.809584081115815,348.99999946702684,197.99999815093332,1.0,0.9254902005195618,0.5960784554481506,calibrated_uv_reprojection_plus_stereo_left
25.088603973388672,-76.64459991455078,-591.2847900390625,185.5234876067118,251.0110838171313,-49.61241586322194,349.999999605487,198.00000355553794,1.0,0.9215686321258545,0.5882353186607361,calibrated_uv_reprojection_plus_stereo_left
26.34000015258789,-76.61882781982422,-591.0693969726562,184.69715553485992,249.99539298649728,-49.42018230835038,351.00000018464516,198.00000164708888,1.0,0.9098039269447327,0.5882353186607361,calibrated_uv_reprojection_plus_stereo_left
27.597288131713867,-76.6114273071289,-590.9957885742188,183.93932984988095,248.92653437733003,-49.33480944320854,351.9999995101674,198.00000520256094,1.0,0.8941176533699036,0.5764706134796143,calibrated_uv_reprojection_plus_stereo_left
28.852170944213867,-76.59796905517578,-590.8753662109375,183.15915501948206,247.8756268840204,-49.214160022458145,353.0000014931881,197.99999987716353,1.0,0.8980392217636108,0.5764706134796143,calibrated_uv_reprojection_plus_stereo_left
30.10910987854004,-76.59056091308594,-590.8016967773438,182.40149905229777,246.80709225596604,-49.128748930080235,354.0000002342863,198.00000274041403,1.0,0.9019607901573181,0.5764706134796143,calibrated_uv_reprojection_plus_stereo_left
31.364463806152344,-76.57958221435547,-590.700439453125,181.630768301996,245.74928236812414,-49.022553223555974,355.0000011870433,198.0000006800218,1.0,0.9019607901573181,0.5686274766921997,calibrated_uv_reprojection_plus_stereo_left
32.62766647338867,-76.58759307861328,-590.7457275390625,180.92983473986544,244.63498987615392,-49.026765531409865,355.9999986750318,198.00000576299405,1.0,0.8980392217636108,0.5607843399047852,calibrated_uv_reprojection_plus_stereo_left
33.879173278808594,-76.56829833984375,-590.580322265625,180.12878498747506,243.60226353827892,-48.8722517328024,357.00000085629864,198.00000292564835,1.0,0.8901960849761963,0.5529412031173706,calibrated_uv_reprojection_plus_stereo_left
35.13567352294922,-76.5610122680664,-590.5075073242188,179.37182255899648,242.53381600616274,-48.78748966049233,358.00000220521395,197.9999961611488,1.0,0.886274516582489,0.5490196347236633,calibrated_uv_reprojection_plus_stereo_left
36.39487838745117,-76.55966186523438,-590.4805297851562,178.6365454232079,241.44748613487138,-48.737258061231216,359.00000263781715,197.99999515348355,1.0,0.886274516582489,0.5490196347236633,calibrated_uv_reprojection_plus_stereo_left
37.654911041259766,-76.5598373413086,-590.4653930664062,177.90679046165485,240.35642768143668,-48.695947320895584,360.0000002147399,198.00000171668415,1.0,0.843137264251709,0.5137255191802979,calibrated_uv_reprojection_plus_stereo_left
38.910579681396484,-76.55118560791016,-590.382080078125,177.14497877315335,239.29226270761495,-48.603284851756825,360.99999966921575,197.99999829556825,0.9607843160629272,0.7921568751335144,0.47058823704719543,calibrated_uv_reprojection_plus_stereo_left
40.16633987426758,-76.54301452636719,-590.302490234375,176.38500097794866,238.22675722747857,-48.513430805818814,362.00000115452235,197.99999633898958,0.9960784316062927,0.8627451062202454,0.5411764979362488,calibrated_uv_reprojection_plus_stereo_left
41.420963287353516,-76.53301239013672,-590.2088623046875,175.6185493388909,237.1670019529349,-48.41301534789346,363.0000001917287,198.00000269782785,1.0,0.8627451062202454,0.5411764979362488,calibrated_uv_reprojection_plus_stereo_left
42.65885543823242,-76.49339294433594,-589.8867797851562,174.74586020922715,236.19921290665107,-48.14059093560485,363.9999979344203,198.00000283478133,1.0,0.8627451062202454,0.5411764979362488,calibrated_uv_reprojection_plus_stereo_left
43.905704498291016,-76.47142791748047,-589.7008666992188,173.93707766600795,235.17749019973246,-47.97071438539007,364.9999985053779,198.00000440045932,1.0,0.8627451062202454,0.5372549295425415,calibrated_uv_reprojection_plus_stereo_left
45.1483039855957,-76.44329071044922,-589.4673461914062,173.10659438559247,234.1755955676499,-47.76501062824542,365.99999902656594,198.00000384187183,1.0,0.8549019694328308,0.5176470875740051,calibrated_uv_reprojection_plus_stereo_left
46.392906188964844,-76.41978454589844,-589.26953125,172.29306830786106,233.15985870859757,-47.5862033601224,366.99999835952497,198.00000175497664,1.0,0.8509804010391235,0.5254902243614197,calibrated_uv_reprojection_plus_stereo_left
47.664188385009766,-76.44010925292969,-589.40966796875,171.6356039628837,232.00639193571064,-47.66179461562916,368.00000165352367,197.9999970616821,1.0,0.8313725590705872,0.5254902243614197,calibrated_uv_reprojection_plus_stereo_left
48.9058952331543,-76.4129867553711,-589.1840209960938,170.8096214745105,231.0026074279,-47.46205570212322,369.00000184415586,197.99999952496216,1.0,0.7960784435272217,0.4901960790157318,calibrated_uv_reprojection_plus_stereo_left
50.14990997314453,-76.39056396484375,-588.9945678710938,170.0006724627313,229.98454772424046,-47.28957200547484,370.00000184683404,197.99999657111616,1.0,0.7607843279838562,0.45490196347236633,calibrated_uv_reprojection_plus_stereo_left
51.39512252807617,-76.37083435058594,-588.8259887695312,169.20161095873027,228.9583780352411,-47.13281908941934,370.9999977412168,198.000004066479,1.0,0.7372549176216125,0.43921568989753723,calibrated_uv_reprojection_plus_stereo_left
52.647216796875,-76.36185455322266,-588.7401733398438,168.44058043602115,227.89816971769199,-47.038351826095834,372.00000190620705,197.99999887495468,1.0,0.7019608020782471,0.4117647111415863,calibrated_uv_reprojection_plus_stereo_left
53.90266799926758,-76.35787963867188,-588.6930541992188,167.69723573798922,226.82193418088428,-46.973014033065965,372.9999977431629,198.0000048285166,1.0,0.6627451181411743,0.3960784375667572,calibrated_uv_reprojection_plus_stereo_left
55.16886901855469,-76.36880493164062,-588.7606811523438,167.00592144077643,225.69745718982375,-46.99400524468331,373.9999997587786,197.99999774992597,1.0,0.6431372761726379,0.38823530077934265,calibrated_uv_reprojection_plus_stereo_left
56.464359283447266,-76.41870880126953,-589.12890625,166.45022173234963,224.44564509756793,-47.241153483236985,374.9999999591524,198.00000201697657,1.0,0.6470588445663452,0.3921568691730499,calibrated_uv_reprojection_plus_stereo_left
57.786861419677734,-76.50204467773438,-589.7547607421875,166.00967323728383,223.0830295799874,-47.682074354486645,376.00000009676006,197.99999854790437,0.7882353067398071,0.38823530077934265,0.13725490868091583,calibrated_uv_reprojection_plus_stereo_left
-20.225706100463867,-75.46734619140625,-592.5067749023438,211.18674583102865,290.53839590917596,-52.256075552258324,314.00000045168196,199.00000200856564,0.9372549057006836,0.8470588326454163,0.6549019813537598,calibrated_uv_reprojection_plus_stereo_left
-18.95874786376953,-75.42870330810547,-592.1873168945312,210.29916189498186,289.544188637194,-51.984640569724775,315.0000000743909,198.99999913843425,0.9960784316062927,0.9803921580314636,0.6941176652908325,calibrated_uv_reprojection_plus_stereo_left
-17.707382202148438,-75.4515380859375,-592.3505249023438,209.66448179454568,288.4004143655437,-52.078343501489144,316.0000005462228,198.99999686589842,1.0,0.9607843160629272,0.658823549747467,calibrated_uv_reprojection_plus_stereo_left
-16.446321487426758,-75.43394470214844,-592.1964111328125,208.86384532498266,287.35545847427204,-51.93200993541342,317.0000008132749,199.00000187769643,0.9843137264251709,0.9058823585510254,0.6000000238418579,calibrated_uv_reprojection_plus_stereo_left
-15.187167167663574,-75.42351531982422,-592.0985107421875,208.09271803185317,286.2931602871852,-51.828201902746,318.0000004467356,199.00000362685608,0.9647058844566345,0.8666666746139526,0.5607843399047852,calibrated_uv_reprojection_plus_stereo_left
-13.929726600646973,-75.42115020751953,-592.0639038085938,207.35456656686068,285.2109602039527,-51.77226665568827,319.0000005774971,199.0000038802811,1.0,0.9686274528503418,0.6313725709915161,calibrated_uv_reprojection_plus_stereo_left
-12.671577453613281,-75.41482543945312,-591.9981689453125,206.60027926629806,284.13866200491015,-51.692787206259595,319.9999998179882,198.99999962510705,0.9960784316062927,0.9686274528503418,0.6313725709915161,calibrated_uv_reprojection_plus_stereo_left
-11.412973403930664,-75.40491485595703,-591.904296875,205.8315081821312,283.0754783893433,-51.5920332743504,320.9999999597498,198.9999962983833,1.0,0.9882352948188782,0.6509804129600525,calibrated_uv_reprojection_plus_stereo_left
-10.15588092803955,-75.40467071533203,-591.8863525390625,205.10197723383345,281.9879501839036,-51.548699672549446,321.99999971981055,198.99999790001982,0.9803921580314636,0.9450980424880981,0.6000000238418579,calibrated_uv_reprojection_plus_stereo_left
-8.897382736206055,-75.39348602294922,-591.7825317382812,204.32823357320115,280.9282237052989,-51.4404328257595,322.99999980400275,198.99999951713914,0.9490196108818054,0.9058823585510254,0.5647059082984924,calibrated_uv_reprojection_plus_stereo_left
-7.639349460601807,-75.3844223022461,-591.6953125,203.5631523836297,279.863288076226,-51.34472017160539,323.9999998934671,198.9999961477032,0.9843137264251709,0.9686274528503418,0.6196078658103943,calibrated_uv_reprojection_plus_stereo_left
-6.381075859069824,-75.3703842163086,-591.569091796875,202.77821614092448,278.81132718801837,-51.2195295663459,324.9999997995506,198.9999967455431,1.0,1.0,0.6392157077789307,calibrated_uv_reprojection_plus_stereo_left
-5.123202323913574,-75.35714721679688,-591.4491577148438,201.99668730113365,277.7575893013987,-51.09909912321956,325.9999999256085,198.99999681574388,1.0,0.9921568632125854,0.6392157077789307,calibrated_uv_reprojection_plus_stereo_left
-3.8656411170959473,-75.34376525878906,-591.328125,201.21477887429103,276.7044962775416,-50.977848090451914,326.99999985623646,199.00000043131104,0.9803921580314636,0.9450980424880981,0.5921568870544434,calibrated_uv_reprojection_plus_stereo_left
-2.6075727939605713,-75.30638885498047,-591.0187377929688,200.33737855162417,275.71461991417107,-50.71423572952932,327.9999998445616,198.99999941623386,0.9921568632125854,0.9333333373069763,0.5686274766921997,calibrated_uv_reprojection_plus_stereo_left
-1.351278305053711,-75.30519104003906,-590.9932861328125,199.60451341247568,274.6303214893745,-50.66524528932155,328.9999999496278,198.9999976412048,1.0,0.9411764740943909,0.5686274766921997,calibrated_uv_reprojection_plus_stereo_left
-0.09489893913269043,-75.30178833007812,-590.9505615234375,198.86286589953437,273.55178881500643,-50.60320111219664,330.00000000041496,198.9999990695552,1.0,0.929411768913269,0.5568627715110779,calibrated_uv_reprojection_plus_stereo_left
1.1615594625473022,-75.30294799804688,-590.9436645507812,198.13928023304004,272.46107960257797,-50.56823289674679,330.9999999485521,199.0000029575835,1.0,0.9176470637321472,0.545098066329956,calibrated_uv_reprojection_plus_stereo_left
2.4187204837799072,-75.32097625732422,-591.0690307617188,197.4821556762713,271.3250510289761,-50.6331970407133,332.0000000664012,198.99999586784074,1.0,0.8980392217636108,0.5333333611488342,calibrated_uv_reprojection_plus_stereo_left
3.676264762878418,-75.33202362060547,-591.1397094726562,196.7971596454667,270.20717772275543,-50.656829435773204,332.9999998872449,198.99999908733514,1.0,0.8980392217636108,0.529411792755127,calibrated_uv_reprojection_plus_stereo_left
4.934289455413818,-75.34290313720703,-591.2090454101562,196.11121138242657,269.0893392965767,-50.67943439840457,333.99999997614765,199.0000003374737,1.0,0.9019607901573181,0.5098039507865906,calibrated_uv_reprojection_plus_stereo_left
6.192580699920654,-75.35111999511719,-591.2575073242188,195.4145570217554,267.9783253355504,-50.68625944359252,334.99999967799,199.0000041451759,1.0,0.8980392217636108,0.5137255191802979,calibrated_uv_reprojection_plus_stereo_left
7.446949005126953,-75.3156509399414,-590.963134765625,194.54686662141637,266.9865930471549,-50.434081767035366,335.9999995987876,199.0000030345177,1.0,0.8823529481887817,0.5254902243614197,calibrated_uv_reprojection_plus_stereo_left
8.705077171325684,-75.3218994140625,-590.99609375,193.84247501612577,265.88095761819164,-50.429190775143525,336.99999997447395,199.00000100248778,1.0,0.8823529481887817,0.5254902243614197,calibrated_uv_reprojection_plus_stereo_left
9.963691711425781,-75.3293228149414,-591.0382690429688,193.14246294540533,264.77178424173735,-50.43125349290375,338.00000033241315,198.99999917249875,1.0,0.8823529481887817,0.5254902243614197,calibrated_uv_reprojection_plus_stereo_left
11.221899032592773,-75.33153533935547,-591.03955078125,192.42201470810943,263.67678609299344,-50.402420777018506,338.9999997926287,198.9999968247875,1.0,0.8823529481887817,0.529411792755127,calibrated_uv_reprojection_plus_stereo_left
12.481348037719727,-75.34004974365234,-591.09033203125,191.72586923620605,262.5639810091915,-50.41097114512269,339.99999940371777,199.0000005358168,1.0,0.886274516582489,0.5372549295425415,calibrated_uv_reprojection_plus_stereo_left
13.740257263183594,-75.34337615966797,-591.100341796875,191.0094308154973,261.465422100397,-50.38871759407198,340.9999996414556,198.99999772737527,1.0,0.8901960849761963,0.5529412031173706,calibrated_uv_reprojection_plus_stereo_left
14.999238014221191,-75.34587860107422,-591.1039428710938,190.28970658928307,260.36897006352183,-50.361622902057036,342.00000034843293,199.00000085098506,0.9803921580314636,0.843137264251709,0.5176470875740051,calibrated_uv_reprojection_plus_stereo_left
16.25916862487793,-75.35183715820312,-591.1345825195312,189.5831116227588,259.2625493975754,-50.35493503041806,343.00000090242406,198.99999668020388,0.9490196108818054,0.7450980544090271,0.43529412150382996,calibrated_uv_reprojection_plus_stereo_left
17.513948440551758,-75.33425903320312,-590.9806518554688,188.7861689593921,258.2229947361351,-50.2088875029242,343.9999994454596,198.99999998994878,0.9058823585510254,0.658823549747467,0.3529411852359772,calibrated_uv_reprojection_plus_stereo_left
18.7751522064209,-75.34432220458984,-591.0435180664062,188.0951306585697,257.1045761612545,-50.22652627919808,344.9999995910827,198.99999894226704,0.9764705896377563,0.8196078538894653,0.5254902243614197,calibrated_uv_reprojection_plus_stereo_left
20.035261154174805,-75.34854125976562,-591.060546875,187.3815497714035,256.0026027972883,-50.20955076716052,345.99999967657766,198.9999990864243,0.9921568632125854,0.8509804010391235,0.5607843399047852,calibrated_uv_reprojection_plus_stereo_left
21.294912338256836,-75.35020446777344,-591.0575561523438,186.65810915755475,254.90779557592998,-50.177458722816766,346.99999959541174,199.00000249763272,0.9058823585510254,0.8235294222831726,0.4470588266849518,calibrated_uv_reprojection_plus_stereo_left
22.547061920166016,-75.32621765136719,-590.853271484375,185.83723079741088,253.88754281840494,-49.99341300283265,348.0000005718322,198.99999630983365,0.886274516582489,0.8117647171020508,0.43921568989753723,calibrated_uv_reprojection_plus_stereo_left
23.799528121948242,-75.30537414550781,-590.6737670898438,185.02868550481423,252.8586454824084,-49.82809475637623,348.999999998315,199.00000191153356,0.9137254953384399,0.8352941274642944,0.5254902243614197,calibrated_uv_reprojection_plus_stereo_left
25.05035400390625,-75.28133392333984,-590.4691162109375,184.20837730346943,251.83966992894722,-49.64380598575252,350.0000000508186,198.99999936930033,0.9372549057006836,0.8588235378265381,0.5490196347236633,calibrated_uv_reprojection_plus_stereo_left
26.29891586303711,-75.25276184082031,-590.22900390625,183.3714353626704,250.83465314348706,-49.43277623197332,350.9999983268399,199.00000438414415,0.95686274766922,0.8823529481887817,0.5803921818733215,calibrated_uv_reprojection_plus_stereo_left
27.552234649658203,-75.23945617675781,-590.1085205078125,182.59224568126382,249.7850596627515,-49.312034037098556,352.00000019966546,198.99999750238757,0.9725490212440491,0.8941176533699036,0.5921568870544434,calibrated_uv_reprojection_plus_stereo_left
28.80917739868164,-75.2364501953125,-590.0689086914062,181.85184806119298,248.70498515964871,-49.252329396561436,353.00000086617257,198.99999959525562,0.9960784316062927,0.9137254953384399,0.6117647290229797,calibrated_uv_reprojection_plus_stereo_left
30.065122604370117,-75.23090362548828,-590.0093383789062,181.10193705998552,247.63252229647608,-49.17756284018725,353.9999994342454,198.99999830888459,1.0,0.9215686321258545,0.6078431606292725,calibrated_uv_reprojection_plus_stereo_left
31.319660186767578,-75.22211456298828,-589.9243774414062,180.33999533644635,246.56986750719568,-49.08364347153821,355.0000007563574,199.0000008415193,1.0,0.9137254953384399,0.5803921818733215,calibrated_uv_reprojection_plus_stereo_left
32.58525848388672,-75.23927307128906,-590.0428466796875,179.67454570941584,245.4288319711747,-49.143197867376784,356.0000002290689,198.99999743189977,1.0,0.9058823585510254,0.5686274766921997,calibrated_uv_reprojection_plus_stereo_left
33.841670989990234,-75.23445129394531,-589.989013671875,178.927261692302,244.3540263923774,-49.072759751476724,357.0000000846207,199.00000174887893,1.0,0.9019607901573181,0.5647059082984924,calibrated_uv_reprojection_plus_stereo_left
35.098785400390625,-75.2312240600586,-589.9476318359375,178.18587396471463,243.27439913107676,-49.011711315490516,357.9999996746513,199.00000064907167,1.0,0.8980392217636108,0.5647059082984924,calibrated_uv_reprojection_plus_stereo_left
36.35482406616211,-75.22573852539062,-589.8885498046875,177.4361552251965,242.20169048492974,-48.937312243843564,358.9999996756633,199.00000042576522,1.0,0.8980392217636108,0.5647059082984924,calibrated_uv_reprojection_plus_stereo_left
37.60921096801758,-75.21707153320312,-589.8045043945312,176.67476677301948,241.1388550146066,-48.844085436506134,360.00000049143324,198.99999846022433,1.0,0.8901960849761963,0.5607843399047852,calibrated_uv_reprojection_plus_stereo_left
38.87126541137695,-75.22356414794922,-589.83935546875,175.96907887536486,240.0291658535199,-48.84053309232911,361.0000011050642,198.99999908869967,1.0,0.8901960849761963,0.5607843399047852,calibrated_uv_reprojection_plus_stereo_left
40.12993240356445,-75.22306823730469,-589.8194580078125,175.23765431714713,238.94093028414088,-48.795688953249226,361.9999995250224,199.00000502841365,1.0,0.8823529481887817,0.5568627715110779,calibrated_uv_reprojection_plus_stereo_left
41.38759231567383,-75.2205581665039,-589.7836303710938,174.4987676408855,237.85894773580358,-48.73882072451033,363.00000138264693,198.99999714323235,1.0,0.8784313797950745,0.5490196347236633,calibrated_uv_reprojection_plus_stereo_left
42.62811279296875,-75.187744140625,-589.5103149414062,173.64965301523245,236.87214764074687,-48.50288756777434,363.99999945375447,199.00000053011274,1.0,0.8745098114013672,0.5490196347236633,calibrated_uv_reprojection_plus_stereo_left
43.87915802001953,-75.17462921142578,-589.3914184570312,172.87256275338115,235.82399888218092,-48.383402506247364,365.0000016915461,198.99999983745383,1.0,0.8745098114013672,0.5490196347236633,calibrated_uv_reprojection_plus_stereo_left
45.12567138671875,-75.15450286865234,-589.2175903320312,172.07030085022097,234.79836021651457,-48.22251319073035,365.9999975343815,199.0000026250043,1.0,0.8627451062202454,0.5333333611488342,calibrated_uv_reprojection_plus_stereo_left
46.3657112121582,-75.12477111816406,-588.9683837890625,171.23365581808213,233.80382538514507,-48.00480573827582,367.00000309837225,198.9999972743861,1.0,0.8156862854957581,0.48627451062202454,calibrated_uv_reprojection_plus_stereo_left
47.636905670166016,-75.14556884765625,-589.1154174804688,170.57942998355304,232.64827129630032,-48.08581977415537,367.9999992982255,199.00000159108265,1.0,0.800000011920929,0.47843137383461,calibrated_uv_reprojection_plus_stereo_left
48.8880500793457,-75.13429260253906,-589.0109252929688,169.80956590750645,231.59516661786037,-47.97721664482327,369.00000053691315,198.9999984675235,1.0,0.8313725590705872,0.5098039507865906,calibrated_uv_reprojection_plus_stereo_left
50.13727569580078,-75.12052154541016,-588.8869018554688,169.0309271249812,230.55033356670904,-47.85389998626795,370.00000141495366,198.99999766764967,1.0,0.8352941274642944,0.5058823823928833,calibrated_uv_reprojection_plus_stereo_left
51.38081359863281,-75.09893035888672,-588.7015991210938,168.2245721362114,229.53116068566166,-47.6844082601076,371.0000020673882,198.99999874502458,1.0,0.8235294222831726,0.5137255191802979,calibrated_uv_reprojection_plus_stereo_left
52.625675201416016,-75.08009338378906,-588.5379028320312,167.42837885274702,228.50353417268767,-47.53121454617474,371.99999721556793,199.00000073492538,1.0,0.8039215803146362,0.5058823823928833,calibrated_uv_reprojection_plus_stereo_left
53.89311218261719,-75.0934066772461,-588.626220703125,166.74663063102162,227.37109222355474,-47.567942077810926,373.00000081170117,199.00000222979497,1.0,0.7803921699523926,0.4941176474094391,calibrated_uv_reprojection_plus_stereo_left
55.170589447021484,-75.11962890625,-588.815673828125,166.11025191521304,226.19573181120498,-47.68086060148454,374.0000001315432,198.99999939655885,1.0,0.7607843279838562,0.48235294222831726,calibrated_uv_reprojection_plus_stereo_left
56.49070739746094,-75.2012710571289,-589.4395751953125,165.66902443234528,224.83644511706802,-48.12110215816307,375.0000006074455,199.00000375672568,0.9529411792755127,0.6666666865348816,0.4117647111415863,calibrated_uv_reprojection_plus_stereo_left
-21.4583740234375,-74.11082458496094,-591.7393188476562,210.5824144960306,292.38870695304297,-52.35088837049801,313.00000060610705,199.99999886438343,0.886274516582489,0.772549033164978,0.5647059082984924,calibrated_uv_reprojection_plus_stereo_left
-20.199787139892578,-74.09931945800781,-591.6318969726562,209.8069013603518,291.3300633484881,-52.23982691815098,313.9999986393385,199.99999630426493,0.9803921580314636,0.9372549057006836,0.7058823704719543,calibrated_uv_reprojection_plus_stereo_left
-18.94436264038086,-74.09915161132812,-591.6150512695312,209.0788368839327,290.2436400298156,-52.19739442855928,314.9999996440429,199.9999992208618,1.0,0.9921568632125854,0.686274528503418,calibrated_uv_reprojection_plus_stereo_left
-17.688430786132812,-74.09735107421875,-591.5851440429688,208.34390222083505,289.16117715874424,-52.14506300648043,315.99999928191204,199.99999965992876,1.0,0.9764705896377563,0.6549019813537598,calibrated_uv_reprojection_plus_stereo_left
-16.43100929260254,-74.08911895751953,-591.50390625,207.58224673793433,288.09472307312035,-52.05384906451462,316.9999994342651,200.0000018834255,0.9333333373069763,0.8549019694328308,0.5333333611488342,calibrated_uv_reprojection_plus_stereo_left
-15.172179222106934,-74.0732650756836,-591.3617553710938,206.78909608422123,287.04757420898636,-51.91649673926088,317.9999999506306,199.9999974427214,0.9725490212440491,0.9137254953384399,0.5921568870544434,calibrated_uv_reprojection_plus_stereo_left
-13.913660049438477,-74.05685424804688,-591.2152099609375,205.99390494889656,286.0021796166458,-51.77582885542034,318.99999967346287,199.9999976456726,0.9803921580314636,0.9215686321258545,0.6039215922355652,calibrated_uv_reprojection_plus_stereo_left
-12.65371036529541,-74.02954864501953,-590.981689453125,205.15406796670624,284.98485985730883,-51.56930144849366,319.9999996433758,199.9999971615029,1.0,0.9843137264251709,0.6627451181411743,calibrated_uv_reprojection_plus_stereo_left
-11.397216796875,-74.01948547363281,-590.8858032226562,204.3855672981565,283.92414862074594,-51.46702010298958,320.9999996628887,199.99999475750934,1.0,0.9921568632125854,0.6470588445663452,calibrated_uv_reprojection_plus_stereo_left
-10.141855239868164,-74.01609802246094,-590.84326171875,203.64459094659435,282.8464421403983,-51.405141708663564,322.0000003385407,199.99999756441633,0.9725490212440491,0.9372549057006836,0.5921568870544434,calibrated_uv_reprojection_plus_stereo_left
-8.885636329650879,-74.0056381225586,-590.7442626953125,202.87467456760345,281.78702175325566,-51.30051422952732,323.00000004246465,200.0000001572503,0.9098039269447327,0.8549019694328308,0.5137255191802979,calibrated_uv_reprojection_plus_stereo_left
-7.633277416229248,-74.03038787841797,-590.92626953125,202.2485732466415,280.6362286954359,-51.40864825082491,324.0000000058823,199.99999796732564,0.9607843160629272,0.9333333373069763,0.5882353186607361,calibrated_uv_reprojection_plus_stereo_left
-6.377238750457764,-74.02359771728516,-590.8565673828125,201.49352219093527,279.5670893738756,-51.32619818185225,324.9999997042877,200.0000012270184,1.0,1.0,0.6470588445663452,calibrated_uv_reprojection_plus_stereo_left
-5.12113618850708,-74.01437377929688,-590.7673950195312,200.72862771146663,278.5044555863867,-51.229008047979676,326.00000026231754,199.999999937205,1.0,0.9921568632125854,0.6274510025978088,calibrated_uv_reprojection_plus_stereo_left
-3.865009069442749,-74.00104522705078,-590.6454467773438,199.94720502221008,277.45284842277744,-51.107010517396816,326.99999988376334,199.99999695994455,0.9882352948188782,0.9490196108818054,0.5843137502670288,calibrated_uv_reprojection_plus_stereo_left
-2.607891798019409,-73.95034790039062,-590.2252807617188,199.01494058225296,276.50091181630677,-50.75929186699068,327.99999998645916,199.99999720364292,0.9921568632125854,0.9333333373069763,0.5568627715110779,calibrated_uv_reprojection_plus_stereo_left
-1.3531951904296875,-73.9447021484375,-590.1647338867188,198.26527159775605,275.4298539570591,-50.683802841061606,328.999999979326,200.00000098627027,1.0,0.929411768913269,0.5490196347236633,calibrated_uv_reprojection_plus_stereo_left
-0.09856731444597244,-73.940185546875,-590.1131591796875,197.52016677676426,274.355829252778,-50.61510323708154,330.0000000026751,200.000000739154,1.0,0.9215686321258545,0.5411764979362488,calibrated_uv_reprojection_plus_stereo_left
1.155888557434082,-73.92652893066406,-589.9886474609375,196.73840713079147,273.3065418399384,-50.4912073060886,331.00000006040585,200.0000011648683,1.0,0.9137254953384399,0.5372549295425415,calibrated_uv_reprojection_plus_stereo_left
2.4117681980133057,-73.96695709228516,-590.2957153320312,196.17330798502775,272.1105263441634,-50.69390633644434,331.99999996443023,199.99999660207078,1.0,0.9019607901573181,0.5333333611488342,calibrated_uv_reprojection_plus_stereo_left
3.667149782180786,-73.96714782714844,-590.28173828125,195.44671303367033,271.02317365137344,-50.65364634601741,332.9999999554302,200.00000015046464,1.0,0.9019607901573181,0.5333333611488342,calibrated_uv_reprojection_plus_stereo_left
4.922593593597412,-73.96630859375,-590.259521484375,194.71593216208015,269.9385434977489,-50.60714759311685,333.99999999455815,200.00000181598455,1.0,0.9176470637321472,0.5215686559677124,calibrated_uv_reprojection_plus_stereo_left
6.178769588470459,-73.97309875488281,-590.298095703125,194.0153723251255,268.83277891872035,-50.60663414618597,335.0000000268075,199.9999945370834,1.0,0.9098039269447327,0.5176470875740051,calibrated_uv_reprojection_plus_stereo_left
7.4307661056518555,-73.93476104736328,-589.9766845703125,193.13580069625937,267.8520088829955,-50.333780343252954,336.00000007387314,199.99999978923657,1.0,0.8980392217636108,0.5176470875740051,calibrated_uv_reprojection_plus_stereo_left
8.686951637268066,-73.94210815429688,-590.019775390625,192.43750469447025,266.74471715688827,-50.336689584566614,337.00000005666493,199.9999996717388,1.0,0.8941176533699036,0.5137255191802979,calibrated_uv_reprojection_plus_stereo_left
9.943020820617676,-73.94580841064453,-590.0338134765625,191.72463107125685,265.64732306141764,-50.31761692204714,337.99999957126704,200.00000465497342,1.0,0.886274516582489,0.5137255191802979,calibrated_uv_reprojection_plus_stereo_left
11.199360847473145,-73.94965362548828,-590.0488891601562,191.01213572079706,264.54933758403723,-50.29931567510613,338.9999997792892,199.99999806596543,1.0,0.886274516582489,0.5176470875740051,calibrated_uv_reprojection_plus_stereo_left
12.463089942932129,-73.995849609375,-590.4019165039062,190.46569415900672,263.3310019311974,-50.536614095911034,340.0000002925117,199.99999590039275,1.0,0.8823529481887817,0.5254902243614197,calibrated_uv_reprojection_plus_stereo_left
13.721187591552734,-74.00253295898438,-590.4397583007812,189.76365058686287,262.2238200281888,-50.53551014988335,341.0000000941848,200.0000029669463,1.0,0.8784313797950745,0.5333333611488342,calibrated_uv_reprojection_plus_stereo_left
14.97802734375,-74.00127410888672,-590.4141235351562,189.0303520581055,261.1391250675035,-50.4863882405528,342.0000002719371,199.9999994701194,1.0,0.8823529481887817,0.5490196347236633,calibrated_uv_reprojection_plus_stereo_left
16.235164642333984,-74.0009994506836,-590.3963623046875,188.30084837546093,260.05151823378185,-50.443219658126566,343.00000003122074,199.99999821127994,1.0,0.8823529481887817,0.5529412031173706,calibrated_uv_reprojection_plus_stereo_left
17.48795509338379,-73.98184204101562,-590.2279663085938,187.49793042727464,259.0184729471602,-50.286150004723936,344.0000007473002,199.99999829662184,0.9058823585510254,0.7254902124404907,0.4000000059604645,calibrated_uv_reprojection_plus_stereo_left
18.748477935791016,-73.99528503417969,-590.3197021484375,186.82165611804436,257.8910122305298,-50.32577571553958,344.9999994075503,200.00000294629814,0.886274516582489,0.6470588445663452,0.3921568691730499,calibrated_uv_reprojection_plus_stereo_left
20.007080078125,-73.99947357177734,-590.3375244140625,186.10924500641835,256.7901348247878,-50.309501895314156,346.00000001214954,199.99999980718337,0.8666666746139526,0.6196078658103943,0.3803921639919281,calibrated_uv_reprojection_plus_stereo_left
21.26203727722168,-73.99005126953125,-590.2467651367188,185.34420902577767,255.7290314231961,-50.21113666610819,347.00000024250295,199.9999967281379,0.6745098233222961,0.6117647290229797,0.2862745225429535,calibrated_uv_reprojection_plus_stereo_left
22.5151424407959,-73.97518157958984,-590.1126708984375,184.5583873911363,254.68415355369515,-50.08002563998542,347.9999983975965,200.0000053519509,0.6745098233222961,0.6196078658103943,0.29019609093666077,calibrated_uv_reprojection_plus_stereo_left
23.767635345458984,-73.9595947265625,-589.9727172851562,183.76997734724875,253.6417760982068,-49.94448532221725,349.0000001667109,199.9999996857134,0.7372549176216125,0.6941176652908325,0.46666666865348816,calibrated_uv_reprojection_plus_stereo_left
25.016386032104492,-73.93414306640625,-589.754150390625,182.9440926677052,252.62915849376677,-49.74954125704568,350.000000611542,200.00000108068707,0.7490196228027344,0.7137255072593689,0.47843137383461,calibrated_uv_reprojection_plus_stereo_left
26.264169692993164,-73.90806579589844,-589.5305786132812,182.11624250903952,251.61906804030045,-49.55083068042882,350.99999884849746,200.00000009230388,0.7215686440467834,0.7137255072593689,0.4588235318660736,calibrated_uv_reprojection_plus_stereo_left
27.50399398803711,-73.86265563964844,-589.1527709960938,181.21523900642933,250.66789287121054,-49.23557562600308,352.0000000814091,199.9999951294379,0.7215686440467834,0.6980392336845398,0.43921568989753723,calibrated_uv_reprojection_plus_stereo_left
28.761554718017578,-73.8664321899414,-589.1674194335938,180.50181619413212,249.56899654559564,-49.216930908527615,353.0000004261258,200.00000210264167,0.7843137383460999,0.7176470756530762,0.43921568989753723,calibrated_uv_reprojection_plus_stereo_left
30.018640518188477,-73.8684310913086,-589.1677856445312,179.78147809169587,248.4753227406645,-49.18748173279084,354.0000002773326,199.99999901217194,0.8627451062202454,0.7764706015586853,0.47058823704719543,calibrated_uv_reprojection_plus_stereo_left
31.277999877929688,-73.8753433227539,-589.2073974609375,179.07960702968353,247.36644446279183,-49.18768491181555,354.9999983664247,200.00000198741355,0.9764705896377563,0.8666666746139526,0.5333333611488342,calibrated_uv_reprojection_plus_stereo_left
32.52863693237305,-73.86163330078125,-589.0824584960938,178.29982537375787,246.32062059920665,-49.06355281891007,355.99999964344494,199.99999759413504,1.0,0.9098039269447327,0.572549045085907,calibrated_uv_reprojection_plus_stereo_left
33.78786087036133,-73.86743927001953,-589.1132202148438,177.5935744823667,245.21484234684561,-49.057059726288685,357.00000035295477,199.99999829734327,1.0,0.9098039269447327,0.5764706134796143,calibrated_uv_reprojection_plus_stereo_left
35.04758071899414,-73.87361145019531,-589.1469116210938,176.88851440502515,244.10764576854046,-49.052773023778116,358.0000005014854,200.00000030953515,1.0,0.9098039269447327,0.5803921818733215,calibrated_uv_reprojection_plus_stereo_left
36.304466247558594,-73.87334442138672,-589.1292114257812,176.15918605849032,243.0202372227996,-49.0096563965414,358.9999988206301,199.9999987530795,1.0,0.9019607901573181,0.5803921818733215,calibrated_uv_reprojection_plus_stereo_left
37.57205581665039,-73.8938980102539,-589.2775268554688,175.50737919120036,241.86755168396638,-49.0919307824949,359.9999998895466,199.99999520769342,1.0,0.8980392217636108,0.5686274766921997,calibrated_uv_reprojection_plus_stereo_left
38.82868576049805,-73.89202117919922,-589.2470703125,174.7717613268503,240.78467024292695,-49.039171506553544,360.99999774764393,200.00000245262348,1.0,0.8980392217636108,0.5647059082984924,calibrated_uv_reprojection_plus_stereo_left
40.083778381347656,-73.88719940185547,-589.1929931640625,174.02513477512235,239.71108167579993,-48.96856306078922,362.0000023392584,199.99999611016483,1.0,0.8941176533699036,0.5647059082984924,calibrated_uv_reprojection_plus_stereo_left
41.340980529785156,-73.88622283935547,-589.169677734375,173.29279071548962,238.6252932735874,-48.92119248641433,362.9999996894632,199.99999968467847,1.0,0.8941176533699036,0.5607843399047852,calibrated_uv_reprojection_plus_stereo_left
42.57294845581055,-73.84131622314453,-588.7960815429688,172.3984035999182,237.67953767219873,-48.60931667369886,363.99999800773446,200.000004253784,1.0,0.886274516582489,0.5607843399047852,calibrated_uv_reprojection_plus_stereo_left
43.82794952392578,-73.83758544921875,-588.750732421875,171.656225747081,236.60308751649657,-48.54531728064967,364.99999889037156,199.9999998708333,1.0,0.8823529481887817,0.5568627715110779,calibrated_uv_reprojection_plus_stereo_left
45.08025360107422,-73.82943725585938,-588.6702270507812,170.89787254958605,235.54083817370423,-48.4547786156848,365.99999811707266,200.00000202778597,1.0,0.8588235378265381,0.5411764979362488,calibrated_uv_reprojection_plus_stereo_left
46.331111907958984,-73.81922912597656,-588.5732421875,170.13204930726602,234.4853988553744,-48.35179830367019,367.0000008247914,199.99999847891226,0.9960784316062927,0.7764706015586853,0.45490196347236633,calibrated_uv_reprojection_plus_stereo_left
47.58768844604492,-73.8182373046875,-588.5498046875,169.40000305767228,233.400195411497,-48.30434961875255,367.99999953535547,200.00000125389732,0.9960784316062927,0.772549033164978,0.45098039507865906,calibrated_uv_reprojection_plus_stereo_left
48.84184646606445,-73.8134536743164,-588.49609375,168.6540921063741,232.32729900534775,-48.23404366214447,369.00000057482293,199.99999991826203,1.0,0.8117647171020508,0.4941176474094391,calibrated_uv_reprojection_plus_stereo_left
50.099578857421875,-73.81399536132812,-588.48486328125,167.92753605996575,231.23697413910588,-48.19580515250374,369.99999867499827,200.00000094642022,1.0,0.7960784435272217,0.48235294222831726,calibrated_uv_reprojection_plus_stereo_left
51.355411529541016,-73.81159210205078,-588.4501342773438,167.19022973282864,230.1562223273991,-48.13982599728348,371.00000291449146,200.0000001165298,1.0,0.8039215803146362,0.48627451062202454,calibrated_uv_reprojection_plus_stereo_left
52.58690643310547,-73.77499389648438,-588.142822265625,166.32951699928788,229.1885320082145,-47.87812517468058,372.00000046110443,200.0000016351107,1.0,0.8235294222831726,0.5058823823928833,calibrated_uv_reprojection_plus_stereo_left
53.86127471923828,-73.79867553710938,-588.3160400390625,165.68637102671602,228.0215560542752,-47.97908746512985,373.00000105694255,200.0000002271937,1.0,0.8392156958580017,0.529411792755127,calibrated_uv_reprojection_plus_stereo_left
55.16828536987305,-73.86481475830078,-588.8276977539062,165.19505517734217,226.71209461251044,-48.335418517125845,374.00000208194194,199.9999980849331,1.0,0.8470588326454163,0.5411764979362488,calibrated_uv_reprojection_plus_stereo_left
56.54435348510742,-74.01824188232422,-590.03515625,165.01476850629058,225.10800356034142,-49.216719752194535,374.9999995591859,199.99999755602948,0.8196078538894653,0.6117647290229797,0.34117648005485535,calibrated_uv_reprojection_plus_stereo_left
-21.429765701293945,-72.74354553222656,-590.841552734375,209.19214726423002,293.18426037119616,-52.31539845462612,312.99999966001843,200.99999597080213,0.9490196108818054,0.8901960849761963,0.6470588445663452,calibrated_uv_reprojection_plus_stereo_left
-20.17477798461914,-72.73831939697266,-590.7841186523438,208.44390135020177,292.11188791763084,-52.24224342817888,314.00000004854996,200.99999805860728,0.9960784316062927,0.9803921580314636,0.7058823704719543,calibrated_uv_reprojection_plus_stereo_left
-18.91970443725586,-72.73255157470703,-590.7222900390625,207.69339831473224,291.04091857600906,-52.16575593949358,314.99999966258923,201.0000005691483,1.0,0.9960784316062927,0.6784313917160034,calibrated_uv_reprojection_plus_stereo_left
-17.665616989135742,-72.73055267333984,-590.6910400390625,206.95882417573642,289.9605240691191,-52.112465882227355,316.00000007197104,200.9999999351668,1.0,0.9960784316062927,0.6705882549285889,calibrated_uv_reprojection_plus_stereo_left
-16.40794563293457,-72.7129135131836,-590.5327758789062,206.15839114998687,288.91971784832117,-51.962824983494386,316.99999863473124,201.00000006169904,0.9647058844566345,0.9058823585510254,0.5647059082984924,calibrated_uv_reprojection_plus_stereo_left
-15.153162002563477,-72.70683288574219,-590.4683837890625,205.40676905147177,287.8498612148937,-51.88439969368949,317.99999976106636,200.99999988579222,0.9764705896377563,0.929411768913269,0.5882353186607361,calibrated_uv_reprojection_plus_stereo_left
-13.896015167236328,-72.68795013427734,-590.2999877929688,204.60155088381083,286.81291572677594,-51.727089402538866,318.99999963505843,200.99999591366046,0.9882352948188782,0.9254902005195618,0.6039215922355652,calibrated_uv_reprojection_plus_stereo_left
-12.634529113769531,-72.6410903930664,-589.9044799804688,203.6797518762204,285.8485604773841,-51.397548726953175,319.9999995817645,200.9999995706865,1.0,0.9725490212440491,0.6431372761726379,calibrated_uv_reprojection_plus_stereo_left
-11.379608154296875,-72.62663269042969,-589.7720947265625,202.89389385933964,284.801446446892,-51.267587977587084,321.00000062295703,201.00000132765504,1.0,0.9843137264251709,0.6431372761726379,calibrated_uv_reprojection_plus_stereo_left
-10.12628173828125,-72.62092590332031,-589.7107543945312,202.14464015545707,283.7318312895194,-51.19151002910553,321.99999998568467,201.00000107328725,0.9725490212440491,0.9372549057006836,0.6078431606292725,calibrated_uv_reprojection_plus_stereo_left
-8.872056007385254,-72.60728454589844,-589.5849609375,201.36249595859869,282.68310344214524,-51.06655895688459,322.99999954667237,200.99999848515438,0.9215686321258545,0.8352941274642944,0.5098039507865906,calibrated_uv_reprojection_plus_stereo_left
-7.623782634735107,-72.64708709716797,-589.8931884765625,200.80178340059416,281.4936270171314,-51.270705491601746,324.00000037787856,201.00000112552027,0.9686274528503418,0.9137254953384399,0.5764706134796143,calibrated_uv_reprojection_plus_stereo_left
-6.3698272705078125,-72.6391830444336,-589.8140258789062,200.043214205045,280.42945829302175,-51.181106357849046,325.00000043750833,201.00000325508205,1.0,0.9960784316062927,0.6431372761726379,calibrated_uv_reprojection_plus_stereo_left
-5.115913391113281,-72.62979125976562,-589.7227172851562,199.27857356878621,279.36940599769775,-51.08229819214796,326.0000002043881,200.99999870397588,1.0,0.9960784316062927,0.6313725709915161,calibrated_uv_reprojection_plus_stereo_left
-3.86279296875,-72.63158416748047,-589.7222900390625,198.56003473789843,278.2794906232348,-51.05239386000807,326.9999999885624,201.0000006740529,0.9882352948188782,0.9686274528503418,0.5882353186607361,calibrated_uv_reprojection_plus_stereo_left
-2.608051061630249,-72.59349060058594,-589.3980102539062,197.6778841349086,277.2970520772503,-50.77699617502395,328.00000006960215,201.000002084091,0.9960784316062927,0.929411768913269,0.5529412031173706,calibrated_uv_reprojection_plus_stereo_left
-1.3550775051116943,-72.58644104003906,-589.3258056640625,196.92337219452907,276.23139839271397,-50.69269440099424,329.00000006091335,201.00000508600976,1.0,0.9176470637321472,0.5411764979362488,calibrated_uv_reprojection_plus_stereo_left
-0.1022401675581932,-72.59294128417969,-589.363525390625,196.22416492880336,275.1288995059715,-50.69170446948709,330.0000000019586,200.99999978375865,1.0,0.9137254953384399,0.5372549295425415,calibrated_uv_reprojection_plus_stereo_left
1.150514841079712,-72.57213592529297,-589.1796264648438,195.4136717444863,274.1009895762012,-50.52275124694398,331.00000007009277,201.00000107783018,1.0,0.9176470637321472,0.5411764979362488,calibrated_uv_reprojection_plus_stereo_left
2.4043288230895996,-72.6011962890625,-589.4005737304688,194.8059392253096,272.9360393402355,-50.66061534922312,331.9999998816784,201.00000361480744,1.0,0.9176470637321472,0.5411764979362488,calibrated_uv_reprojection_plus_stereo_left
3.6572368144989014,-72.58985137939453,-589.29345703125,194.03393088642548,271.8821790050816,-50.549851955140014,332.99999986834115,201.00000267328357,1.0,0.9176470637321472,0.5411764979362488,calibrated_uv_reprojection_plus_stereo_left
4.910538673400879,-72.5882568359375,-589.2655029296875,193.30146238946105,270.801359881452,-50.49907870339962,333.99999972937854,201.00000239438572,1.0,0.929411768913269,0.529411792755127,calibrated_uv_reprojection_plus_stereo_left
6.16471529006958,-72.59612274169922,-589.3143310546875,192.6070642153975,269.6939629365355,-50.506478788359686,334.99999993307915,201.0000007290889,1.0,0.9254902005195618,0.5254902243614197,calibrated_uv_reprojection_plus_stereo_left
7.416460037231445,-72.5762939453125,-589.1383666992188,191.80113650101276,268.66426369805697,-50.34356281604994,336.0000002022333,201.00000143629063,1.0,0.9176470637321472,0.5254902243614197,calibrated_uv_reprojection_plus_stereo_left
8.670969009399414,-72.58428955078125,-589.188232421875,191.10707006746753,267.55622819727165,-50.351740749951375,337.00000008547516,200.99999864901537,1.0,0.9137254953384399,0.5254902243614197,calibrated_uv_reprojection_plus_stereo_left
9.926079750061035,-72.59373474121094,-589.2499389648438,190.41859958771022,266.44369206924296,-50.368883901323215,337.9999999032681,201.00000364693233,1.0,0.9098039269447327,0.529411792755127,calibrated_uv_reprojection_plus_stereo_left
11.181763648986816,-72.60396575927734,-589.3179321289062,189.73296637302462,265.32853924621867,-50.390772816566425,339.00000045521426,201.00000015336374,1.0,0.9019607901573181,0.5254902243614197,calibrated_uv_reprojection_plus_stereo_left
12.441831588745117,-72.63699340820312,-589.5709838867188,189.13777886880774,264.14735295594664,-50.552820066639015,340.00000015344784,200.99999974964632,1.0,0.8941176533699036,0.529411792755127,calibrated_uv_reprojection_plus_stereo_left
13.697278022766113,-72.63878631591797,-589.570556640625,188.41790418637578,263.0554156539923,-50.52286258770778,340.99999941459646,201.00000445172356,1.0,0.8901960849761963,0.5254902243614197,calibrated_uv_reprojection_plus_stereo_left
14.952129364013672,-72.63677978515625,-589.5391845703125,187.68283545444592,261.97439510630943,-50.46945875186066,341.9999995271321,200.99999881324533,1.0,0.8901960849761963,0.5215686559677124,calibrated_uv_reprojection_plus_stereo_left
16.206987380981445,-72.63453674316406,-589.5059204101562,186.9468098837118,260.89400635245863,-50.41462248525744,343.00000111814165,200.99999593910312,1.0,0.9058823585510254,0.5529412031173706,calibrated_uv_reprojection_plus_stereo_left
17.453872680664062,-72.59893798828125,-589.2019653320312,186.07937490921307,259.9115671692905,-50.154813271856824,344.00000043319176,200.99999498334807,0.9725490212440491,0.8117647171020508,0.4627451002597809,calibrated_uv_reprojection_plus_stereo_left
18.71042251586914,-72.60511779785156,-589.2371826171875,185.37676949085545,258.8066875485963,-50.15184812985365,344.99999922752687,201.00000377987385,0.8313725590705872,0.615686297416687,0.34117648005485535,calibrated_uv_reprojection_plus_stereo_left
19.96633529663086,-72.60774993896484,-589.2434692382812,184.66000861106005,257.7120824260094,-50.12696227298221,346.0000000879027,200.99999924820742,0.8156862854957581,0.5882353186607361,0.3333333432674408,calibrated_uv_reprojection_plus_stereo_left
21.221412658691406,-72.60677337646484,-589.2205200195312,183.92903567399048,256.62803651609977,-50.07994097929543,347.0000011058258,200.99999984554427,0.6941176652908325,0.6549019813537598,0.364705890417099,calibrated_uv_reprojection_plus_stereo_left
22.47585678100586,-72.60346221923828,-589.1785888671875,183.1888936351897,255.55092185597402,-50.018545572569735,348.0000006099716,200.9999969501357,0.6784313917160034,0.6509804129600525,0.35686275362968445,calibrated_uv_reprojection_plus_stereo_left
23.725566864013672,-72.58562469482422,-589.018798828125,182.39225869256546,254.51755345437638,-49.867935436454275,349.0000012712093,200.9999960222292,0.6274510025978088,0.6196078658103943,0.4117647111415863,calibrated_uv_reprojection_plus_stereo_left
24.975120544433594,-72.56875610351562,-588.866943359375,181.59969323760907,253.48165666009055,-49.723346960263825,350.00000024513025,201.00000159495676,0.5960784554481506,0.5921568870544434,0.3803921639919281,calibrated_uv_reprojection_plus_stereo_left
26.217456817626953,-72.53318786621094,-588.5632934570312,180.7350189219199,252.50307211008732,-49.46387661912098,351.0000002373059,201.0000009307205,0.615686297416687,0.6509804129600525,0.4156862795352936,calibrated_uv_reprojection_plus_stereo_left
27.46026611328125,-72.50178527832031,-588.29345703125,179.88705924291702,251.51270709035174,-49.23002302324028,351.99999974460036,201.00000020374821,0.6705882549285889,0.6784313917160034,0.4313725531101227,calibrated_uv_reprojection_plus_stereo_left
28.716026306152344,-72.50550079345703,-588.30859375,179.1748267913606,250.415261744491,-49.2118517769822,353.0000006245171,201.00000084233233,0.8235294222831726,0.7686274647712708,0.501960813999176,calibrated_uv_reprojection_plus_stereo_left
29.97266387939453,-72.51072692871094,-588.3359985351562,178.46825280425242,249.31292906910264,-49.202958949009655,353.9999993025241,201.00000288189426,0.9137254953384399,0.8549019694328308,0.5647059082984924,calibrated_uv_reprojection_plus_stereo_left
31.231494903564453,-72.52033233642578,-588.3988647460938,177.77824103385927,248.19676193608876,-49.22088710512128,355.00000085267186,200.9999983936579,0.9882352948188782,0.9098039269447327,0.5921568870544434,calibrated_uv_reprojection_plus_stereo_left
32.484771728515625,-72.51651763916016,-588.3529052734375,177.03674040738673,247.1220194344039,-49.15646900330819,355.9999987478394,200.9999999966548,1.0,0.9254902005195618,0.5921568870544434,calibrated_uv_reprojection_plus_stereo_left
33.75238037109375,-72.54351043701172,-588.556884765625,176.41257839470342,245.95077370768712,-49.281146175424965,356.9999997304812,201.00000090188652,1.0,0.9215686321258545,0.5803921818733215,calibrated_uv_reprojection_plus_stereo_left
35.01072692871094,-72.54911041259766,-588.5872802734375,175.7065292834734,244.84594765254514,-49.274478222694654,358.0000018419347,201.00000059070453,1.0,0.9215686321258545,0.5843137502670288,calibrated_uv_reprojection_plus_stereo_left
36.264305114746094,-72.54454040527344,-588.53515625,174.96176183627506,243.77301422244813,-49.205378941413926,359.00000048083865,200.9999993660925,1.0,0.9176470637321472,0.5843137502670288,calibrated_uv_reprojection_plus_stereo_left
37.52655792236328,-72.55680084228516,-588.6195678710938,174.28060884722413,242.6466280070011,-49.23955800140794,360.0000004795244,200.99999791749255,1.0,0.9137254953384399,0.5764706134796143,calibrated_uv_reprojection_plus_stereo_left
38.77839279174805,-72.54853820800781,-588.5374755859375,173.52178745507274,241.58528665966085,-49.14778567807298,361.0000015660104,200.99999574031136,1.0,0.9137254953384399,0.572549045085907,calibrated_uv_reprojection_plus_stereo_left
40.029457092285156,-72.5391616821289,-588.4464111328125,172.7588951232716,240.52763543792884,-49.049235271031364,362.0000022648469,200.9999996494618,1.0,0.9058823585510254,0.5686274766921997,calibrated_uv_reprojection_plus_stereo_left
41.28142547607422,-72.53173828125,-588.3711547851562,172.00342896156292,239.46388075162315,-48.96264241849718,362.9999974244485,200.99999983164886,1.0,0.9019607901573181,0.5686274766921997,calibrated_uv_reprojection_plus_stereo_left
42.51713943481445,-72.4968032836914,-588.07275390625,171.14518491872195,238.48929339531253,-48.70730856518071,363.99999999481275,201.00000197975382,1.0,0.8980392217636108,0.572549045085907,calibrated_uv_reprojection_plus_stereo_left
43.773399353027344,-72.4977035522461,-588.0650024414062,170.42117080107226,237.39910762964348,-48.67177643797055,364.99999898387546,201.00000006576136,1.0,0.8784313797950745,0.5529412031173706,calibrated_uv_reprojection_plus_stereo_left
45.02592086791992,-72.49232482910156,-588.00634765625,169.67372640931296,236.32929031914634,-48.59775371103717,365.9999992435589,201.0000010342955,1.0,0.8705882430076599,0.545098066329956,calibrated_uv_reprojection_plus_stereo_left
46.27531051635742,-72.48213195800781,-587.9086303710938,168.90845616399702,235.27533039513676,-48.494197654054915,367.00000152737016,201.0000005055436,1.0,0.8509804010391235,0.529411792755127,calibrated_uv_reprojection_plus_stereo_left
47.53831100463867,-72.49304962158203,-587.9821166992188,168.22138774788039,234.1519664076015,-48.52007762043121,368.0000004941817,200.99999760922066,1.0,0.8549019694328308,0.5411764979362488,calibrated_uv_reprojection_plus_stereo_left
48.79423141479492,-72.49269104003906,-587.9642333984375,167.49247102833698,233.06548684533993,-48.476879712309255,368.9999972223512,201.00000398149456,0.9843137264251709,0.7960784435272217,0.47843137383461,calibrated_uv_reprojection_plus_stereo_left
50.05137252807617,-72.49393463134766,-587.959228515625,166.7693342257965,231.97360954122627,-48.443406564317286,370.00000166542446,200.99999910059785,0.9803921580314636,0.7568627595901489,0.43921568989753723,calibrated_uv_reprojection_plus_stereo_left
51.30678176879883,-72.49249267578125,-587.9324951171875,166.03627028042268,230.8905471852372,-48.39350921170194,371.0000017616794,200.99999952071744,1.0,0.7882353067398071,0.47058823704719543,calibrated_uv_reprojection_plus_stereo_left
52.550079345703125,-72.4742431640625,-587.7694702148438,165.2416831700429,229.86384620307987,-48.24060077993721,371.9999992879155,201.00000185156068,1.0,0.8078431487083435,0.4901960790157318,calibrated_uv_reprojection_plus_stereo_left
53.82079315185547,-72.49360656738281,-587.9114379882812,164.58459350732636,228.7107476071122,-48.31820252804721,372.99999828067627,200.99999945993036,1.0,0.8549019694328308,0.5411764979362488,calibrated_uv_reprojection_plus_stereo_left
55.15315628051758,-72.59305572509766,-588.702880859375,164.2184178548839,227.2856523213432,-48.88660110492623,374.00000025262125,200.99999891706653,0.9843137264251709,0.7921568751335144,0.48235294222831726,calibrated_uv_reprojection_plus_stereo_left
-22.656478881835938,-71.39215087890625,-590.0582275390625,208.58162478177957,295.0318085894357,-52.39440965627381,311.99999992268033,201.99999989325892,0.9098039269447327,0.7960784435272217,0.6117647290229797,calibrated_uv_reprojection_plus_stereo_left
-21.403091430664062,-71.38655090332031,-589.9974975585938,207.8326658563044,293.96192210686456,-52.318776660752064,313.000000702938,202.0000017114723,0.9882352948188782,0.95686274766922,0.6980392336845398,calibrated_uv_reprojection_plus_stereo_left
-20.150928497314453,-71.38504791259766,-589.9705810546875,207.10134605792547,292.8817591060173,-52.26883447220604,314.00000034275234,201.99999895581539,1.0,0.9882352948188782,0.7019608020782471,calibrated_uv_reprojection_plus_stereo_left
-18.896520614624023,-71.3753433227539,-589.8759155273438,206.33480933259938,291.8223645344692,-52.16741900838605,314.99999949911364,201.99999941672084,1.0,1.0,0.6745098233222961,calibrated_uv_reprojection_plus_stereo_left
-17.641332626342773,-71.36163330078125,-589.7481689453125,205.5512576156371,290.7733859828538,-52.04087732219773,316.0000008389013,202.00000164435164,1.0,1.0,0.6745098233222961,calibrated_uv_reprojection_plus_stereo_left
-16.387346267700195,-71.35161590576172,-589.65087890625,204.78365227105303,289.7152359407167,-51.9374769423884,317.00000009494073,201.9999977393821,1.0,0.9843137264251709,0.6431372761726379,calibrated_uv_reprojection_plus_stereo_left
-15.13231086730957,-71.3355941772461,-589.5040283203125,203.9906219382708,288.67279621776856,-51.79643815864199,317.9999995867098,201.99999920156114,0.9882352948188782,0.9647058844566345,0.6117647290229797,calibrated_uv_reprojection_plus_stereo_left
-13.876386642456055,-71.31278228759766,-589.301025390625,203.1689664988794,287.6484116497046,-51.61275516211663,318.9999994212043,201.99999620845685,1.0,0.9725490212440491,0.6313725709915161,calibrated_uv_reprojection_plus_stereo_left
-12.616538047790527,-71.26399993896484,-588.8834838867188,202.23762069285732,286.6925615522466,-51.266145572736775,319.99999953313824,201.9999988349306,0.9882352948188782,0.9529411792755127,0.6078431606292725,calibrated_uv_reprojection_plus_stereo_left
-11.363186836242676,-71.24602508544922,-588.7205200195312,201.43748651511055,285.65699051177205,-51.112916449305715,320.99999946043306,202.00000056270576,0.9176470637321472,0.8784313797950745,0.5176470875740051,calibrated_uv_reprojection_plus_stereo_left
-10.111226081848145,-71.23431396484375,-588.6093139648438,200.66406891385958,284.60527179502253,-50.99900466045949,322.00000044827306,202.0000017858074,0.9137254953384399,0.8705882430076599,0.5215686559677124,calibrated_uv_reprojection_plus_stereo_left
-8.85884952545166,-71.21697998046875,-588.4515991210938,199.86712710490377,283.5687854705358,-50.84977906267011,323.0000002994714,201.99999802802228,0.9372549057006836,0.8705882430076599,0.5372549295425415,calibrated_uv_reprojection_plus_stereo_left
-7.613563537597656,-71.26150512695312,-588.8050537109375,199.33022659967037,282.36704934604535,-51.088708095089146,323.99999994036796,201.99999880262834,0.9921568632125854,0.9607843160629272,0.6196078658103943,calibrated_uv_reprojection_plus_stereo_left
-6.3620285987854,-71.25498962402344,-588.7367553710938,198.57854198148857,281.30131098757147,-51.007372636842945,324.9999998499268,201.9999980826227,1.0,0.9960784316062927,0.6470588445663452,calibrated_uv_reprojection_plus_stereo_left
-5.11126184463501,-71.25778198242188,-588.745361328125,197.86580947034173,280.21045109073356,-50.984426687042344,325.9999998919051,201.99999734442844,1.0,1.0,0.6352941393852234,calibrated_uv_reprojection_plus_stereo_left
-3.8602705001831055,-71.2605972290039,-588.7542114257812,197.1530653404858,279.11931684240085,-50.96166433511718,327.0000000119624,202.00000218101553,0.9960784316062927,0.9882352948188782,0.6078431606292725,calibrated_uv_reprojection_plus_stereo_left
-2.6083860397338867,-71.24523162841797,-588.61279296875,196.36456386204878,278.0777950554636,-50.824821329702615,328.0000001225654,202.00000124680872,0.9960784316062927,0.9333333373069763,0.5607843399047852,calibrated_uv_reprojection_plus_stereo_left
-1.357082724571228,-71.23875427246094,-588.5447998046875,195.61316597808735,277.0121552018182,-50.743722176417066,329.00000000837616,201.99999930366153,1.0,0.9137254953384399,0.5411764979362488,calibrated_uv_reprojection_plus_stereo_left
-0.10587773472070694,-71.2315902709961,-588.4711303710938,194.8589823566432,275.94850416501356,-50.658316676820334,329.99999998717976,201.99999689809502,1.0,0.9098039269447327,0.5411764979362488,calibrated_uv_reprojection_plus_stereo_left
1.1450272798538208,-71.21345520019531,-588.306884765625,194.05960747011272,274.91549144570644,-50.50417319329199,330.9999999340228,201.9999999414942,1.0,0.9098039269447327,0.5411764979362488,calibrated_uv_reprojection_plus_stereo_left
2.39664363861084,-71.23158264160156,-588.4421997070312,193.40983783244639,273.7814023781299,-50.57738295125279,332.00000000521203,202.00000211753735,1.0,0.9137254953384399,0.5372549295425415,calibrated_uv_reprojection_plus_stereo_left
3.6475839614868164,-71.22157287597656,-588.3450317382812,192.6440377379284,272.72586217034313,-50.474148494457154,333.00000009737784,202.00000051439537,1.0,0.9137254953384399,0.5372549295425415,calibrated_uv_reprojection_plus_stereo_left
4.898458480834961,-71.21385955810547,-588.266845703125,191.88778019940077,271.66401410983855,-50.38532372017505,334.00000001548915,201.999999819033,1.0,0.9176470637321472,0.5215686559677124,calibrated_uv_reprojection_plus_stereo_left
6.15070104598999,-71.22364044189453,-588.3331909179688,191.203114055691,270.5525087975586,-50.40616921945747,334.9999999208503,202.0000011674215,1.0,0.9176470637321472,0.5215686559677124,calibrated_uv_reprojection_plus_stereo_left
7.401543617248535,-71.21540832519531,-588.250732421875,190.44473412407075,269.49212194681695,-50.31410315967668,335.9999999652115,202.0000017444725,1.0,0.9176470637321472,0.5254902243614197,calibrated_uv_reprojection_plus_stereo_left
8.654729843139648,-71.22779083251953,-588.3385620117188,189.77028561417598,268.37259116184975,-50.35123349921031,336.99999982704696,202.00000331728378,1.0,0.9176470637321472,0.529411792755127,calibrated_uv_reprojection_plus_stereo_left
9.908906936645508,-71.24324798583984,-588.4517211914062,189.10795877591056,267.2437012557071,-50.4075622787621,338.00000014882136,201.9999991159122,1.0,0.9215686321258545,0.5333333611488342,calibrated_uv_reprojection_plus_stereo_left
11.163203239440918,-71.25518035888672,-588.5357666015625,188.43098353603767,266.1244712653861,-50.44179093955495,339.0000002439658,201.99999560209457,1.0,0.9176470637321472,0.5333333611488342,calibrated_uv_reprojection_plus_stereo_left
12.421483993530273,-71.28682708740234,-588.78271484375,187.8332944068306,264.94715028851203,-50.59957624568591,340.00000021166187,201.99999996079487,1.0,0.9098039269447327,0.529411792755127,calibrated_uv_reprojection_plus_stereo_left
13.673930168151855,-71.2815933227539,-588.7250366210938,187.0864019651499,263.87705994199825,-50.526282722301744,340.99999935428184,202.00000327433682,1.0,0.9098039269447327,0.529411792755127,calibrated_uv_reprojection_plus_stereo_left
14.926462173461914,-71.27703094482422,-588.6728515625,186.3422158131042,262.8050501945143,-50.45715330372519,342.00000009807536,202.00000152470693,1.0,0.9058823585510254,0.529411792755127,calibrated_uv_reprojection_plus_stereo_left
16.179765701293945,-71.27601623535156,-588.6499633789062,185.6122587328381,261.72254454363406,-50.410242259241784,342.9999995279559,201.99999950637917,1.0,0.9058823585510254,0.5372549295425415,calibrated_uv_reprojection_plus_stereo_left
17.423194885253906,-71.23424530029297,-588.29052734375,184.71942434203396,260.7614908130754,-50.10812197835571,343.9999992447422,202.00000134858652,1.0,0.886274516582489,0.5254902243614197,calibrated_uv_reprojection_plus_stereo_left
18.675172805786133,-71.23019409179688,-588.2425537109375,183.9776664054712,259.6885498430839,-50.04220103295677,345.00000059023427,201.99999786473293,0.8470588326454163,0.6666666865348816,0.3450980484485626,calibrated_uv_reprojection_plus_stereo_left
19.92888069152832,-71.23237609863281,-588.2461547851562,183.26073512699793,258.59681356466683,-50.01539143579811,345.99999952800135,202.000004031601,0.8666666746139526,0.6745098233222961,0.3607843220233917,calibrated_uv_reprojection_plus_stereo_left
21.183258056640625,-71.23612213134766,-588.2625732421875,182.54984718612354,257.500191866102,-49.99828866878653,347.0000002986744,202.00000093349215,0.7843137383460999,0.7450980544090271,0.43529412150382996,calibrated_uv_reprojection_plus_stereo_left
22.437734603881836,-71.2393569946289,-588.2747802734375,181.83679228486528,256.4048968223585,-49.9779878226193,348.00000069341246,201.99999906084145,0.7686274647712708,0.7372549176216125,0.4274509847164154,calibrated_uv_reprojection_plus_stereo_left
23.686426162719727,-71.2244644165039,-588.1373291015625,181.05210594955287,255.36482307071483,-49.844232693754236,349.0000010184126,202.00000030853388,0.7254902124404907,0.7176470756530762,0.45098039507865906,calibrated_uv_reprojection_plus_stereo_left
24.930681228637695,-71.19803619384766,-587.9046020507812,180.22225365902545,254.36055764253257,-49.638264743243894,350.00000100344346,201.99999894497466,0.6745098233222961,0.6705882549285889,0.40784314274787903,calibrated_uv_reprojection_plus_stereo_left
26.173742294311523,-71.17053985595703,-587.6630859375,179.3886826439052,253.36027926772925,-49.42565523326971,351.0000007856349,201.99999963302972,0.615686297416687,0.6313725709915161,0.38823530077934265,calibrated_uv_reprojection_plus_stereo_left
27.420007705688477,-71.1535415649414,-587.5082397460938,178.59667859651347,252.32814793164357,-49.27875254524105,351.9999999836568,201.99999827012533,0.5921568870544434,0.6000000238418579,0.35686275362968445,calibrated_uv_reprojection_plus_stereo_left
28.67152214050293,-71.15072631835938,-587.4705810546875,177.86034303954006,251.2521559614596,-49.220677852374365,352.99999923853125,202.00000434528812,0.7176470756530762,0.7098039388656616,0.4627451002597809,calibrated_uv_reprojection_plus_stereo_left
29.92764663696289,-71.1588134765625,-587.5228271484375,177.16639646461,250.14199900122452,-49.23072659613672,353.99999911749853,201.9999997186273,0.8156862854957581,0.7921568751335144,0.5254902243614197,calibrated_uv_reprojection_plus_stereo_left
31.184558868408203,-71.1677474975586,-587.5820922851562,176.47551041574997,249.0288046025408,-49.24608630889776,355.000000512057,201.9999981785544,0.9019607901573181,0.843137264251709,0.5490196347236633,calibrated_uv_reprojection_plus_stereo_left
32.43882369995117,-71.1698989868164,-587.5853881835938,175.75811116996516,247.9366838789369,-49.21902905410553,356.00000120674434,201.9999998401983,0.9764705896377563,0.9215686321258545,0.6039215922355652,calibrated_uv_reprojection_plus_stereo_left
33.699214935302734,-71.18456268310547,-587.6919555664062,175.0889177530305,246.80460093032903,-49.27021029718793,357.00000198435447,201.99999902867225,1.0,0.9490196108818054,0.615686297416687,calibrated_uv_reprojection_plus_stereo_left
34.959869384765625,-71.19845581054688,-587.7921752929688,174.41639279992046,245.6744187679456,-49.3165687054269,357.99999894944057,202.00000027904986,1.0,0.9372549057006836,0.6000000238418579,calibrated_uv_reprojection_plus_stereo_left
36.21807098388672,-71.20630645751953,-587.8424682617188,173.72027518002886,244.56311126508112,-49.3250875895244,358.9999996096569,201.9999980519363,1.0,0.9333333373069763,0.5960784554481506,calibrated_uv_reprojection_plus_stereo_left
37.481361389160156,-71.22305297851562,-587.9662475585938,173.05803558740905,243.42273642054704,-49.389266976160854,359.99999929961433,202.00000095541554,1.0,0.9254902005195618,0.5960784554481506,calibrated_uv_reprojection_plus_stereo_left
38.73017883300781,-71.21186828613281,-587.8594360351562,172.28861984329143,242.37227865768998,-49.27876534842659,360.99999871329845,202.00000306423902,1.0,0.9215686321258545,0.5921568870544434,calibrated_uv_reprojection_plus_stereo_left
39.9757080078125,-71.19530487060547,-587.7081298828125,171.49881606258805,241.33959753363146,-49.134563148363725,362.00000111717173,201.99999579701966,1.0,0.9176470637321472,0.5882353186607361,calibrated_uv_reprojection_plus_stereo_left
41.226444244384766,-71.18851470947266,-587.6376342773438,170.74648343168207,240.27529389647188,-49.051582648739554,362.9999983305722,202.00000112162212,1.0,0.9176470637321472,0.5882353186607361,calibrated_uv_reprojection_plus_stereo_left
42.46438217163086,-71.16046142578125,-587.3915405273438,169.91356023406718,239.28100517844877,-48.835617168712986,364.00000086398813,201.99999835819,1.0,0.9137254953384399,0.5803921818733215,calibrated_uv_reprojection_plus_stereo_left
43.71821975708008,-71.1596908569336,-587.3706665039062,169.18430532563258,238.1973597044974,-48.790222524296155,365.0000014550777,201.9999966673995,0.9882352948188782,0.8392156958580017,0.5058823823928833,calibrated_uv_reprojection_plus_stereo_left
44.97197723388672,-71.15863037109375,-587.3474731445312,168.4539282248648,237.11456543672315,-48.743074014386536,365.99999881938174,202.0000022103971,0.9411764740943909,0.7607843279838562,0.45098039507865906,calibrated_uv_reprojection_plus_stereo_left
46.22349166870117,-71.15397644042969,-587.2945556640625,167.70995756852642,236.0436870423773,-48.673413415889286,366.99999995627843,202.0000016360089,0.9254902005195618,0.7686274647712708,0.45490196347236633,calibrated_uv_reprojection_plus_stereo_left
47.49188995361328,-71.1746826171875,-587.450927734375,167.0611167078266,234.8879361854595,-48.76220703191939,368.00000066744747,201.99999870911,1.0,0.8784313797950745,0.5647059082984924,calibrated_uv_reprojection_plus_stereo_left
48.75075912475586,-71.18022155761719,-587.482177734375,166.35507458559897,233.78243715308412,-48.756260200658005,368.9999967238696,202.00000252886366,0.9960784316062927,0.8274509906768799,0.5098039507865906,calibrated_uv_reprojection_plus_stereo_left
50.00587844848633,-71.1799545288086,-587.4654541015625,165.62716281918017,232.69628520203386,-48.713985880370956,369.9999999853235,202.0000013485632,0.9960784316062927,0.8156862854957581,0.4941176474094391,calibrated_uv_reprojection_plus_stereo_left
51.262718200683594,-71.18191528320312,-587.4671020507812,164.90746593973455,231.6024752121303,-48.68561448451851,371.0000015101229,201.99999890710257,0.9921568632125854,0.8039215803146362,0.48235294222831726,calibrated_uv_reprojection_plus_stereo_left
52.507179260253906,-71.16683197021484,-587.328125,164.12444066975667,230.56659308909053,-48.550800954794965,371.9999991170892,202.0000002469493,0.9921568632125854,0.8274509906768799,0.5098039507865906,calibrated_uv_reprojection_plus_stereo_left
53.791873931884766,-71.20553588867188,-587.633056640625,163.54064668787436,229.34685078721455,-48.751973114866246,372.9999982440208,202.00000331339442,1.0,0.8823529481887817,0.5764706134796143,calibrated_uv_reprojection_plus_stereo_left
55.13914489746094,-71.32325744628906,-588.5899658203125,163.24748069461702,227.85403256428103,-49.446524642264194,373.99999947259016,201.99999744663384,0.8352941274642944,0.6549019813537598,0.3529411852359772,calibrated_uv_reprojection_plus_stereo_left
-22.625213623046875,-70.03003692626953,-589.1412353515625,207.18570570861374,295.828408185709,-52.34041717092134,311.99999890741583,202.99999453731047,0.9490196108818054,0.8823529481887817,0.6666666865348816,calibrated_uv_reprojection_plus_stereo_left
-21.376968383789062,-70.03497314453125,-589.1688842773438,206.4838391793968,294.7334206525155,-52.33206552430448,312.99999998446475,202.99999720296148,1.0,0.9882352948188782,0.7058823704719543,calibrated_uv_reprojection_plus_stereo_left
-20.124191284179688,-70.02519989013672,-589.0728149414062,205.7176103978394,293.6758726490767,-52.229569792128586,314.000000227648,203.00000229932928,1.0,0.9960784316062927,0.686274528503418,calibrated_uv_reprojection_plus_stereo_left
-18.87660789489746,-70.03389739990234,-589.1320190429688,205.03188317406278,292.57090252868306,-52.24521403874047,315.0000003150773,202.9999972415863,1.0,1.0,0.6745098233222961,calibrated_uv_reprojection_plus_stereo_left
-17.62067985534668,-70.01117706298828,-588.927001953125,204.20946317377627,291.54705170664135,-52.059829897795964,315.99999945337885,202.99999859398852,1.0,1.0,0.6705882549285889,calibrated_uv_reprojection_plus_stereo_left
-16.36728858947754,-69.99639892578125,-588.788818359375,203.42186011642173,290.50305445970935,-51.925307131155535,317.00000005785654,203.0000017080074,1.0,1.0,0.6666666865348816,calibrated_uv_reprojection_plus_stereo_left
-15.113072395324707,-69.97595977783203,-588.6029663085938,202.6099922233406,289.474280674669,-51.754528487638765,317.9999992336915,202.9999995673224,1.0,0.9960784316062927,0.658823549747467,calibrated_uv_reprojection_plus_stereo_left
-13.857925415039062,-69.94779968261719,-588.3522338867188,201.76519666092355,288.46640062830704,-51.53441540386791,319.00000025942506,203.00000277122564,1.0,0.9921568632125854,0.6470588445663452,calibrated_uv_reprojection_plus_stereo_left
-12.599640846252441,-69.89737701416016,-587.9141845703125,200.82509766725929,287.51843988021903,-51.17184325285291,320.0000000190374,202.9999989556681,0.9960784316062927,0.9843137264251709,0.6470588445663452,calibrated_uv_reprojection_plus_stereo_left
-11.349264144897461,-69.8853530883789,-587.7991943359375,200.05080144914604,286.469307211018,-51.05502079355756,321.00000027720836,203.00000201508723,0.9647058844566345,0.9490196108818054,0.6078431606292725,calibrated_uv_reprojection_plus_stereo_left
-10.097882270812988,-69.86430358886719,-587.6082153320312,199.23800140896014,285.444712298517,-50.88041022146888,321.9999993834558,202.9999973975392,0.9647058844566345,0.9529411792755127,0.6078431606292725,calibrated_uv_reprojection_plus_stereo_left
-8.847060203552246,-69.84276580810547,-587.4132080078125,198.42350509855396,284.42195517592506,-50.702755234962524,322.99999979709594,202.99999958361016,0.9803921580314636,0.9686274528503418,0.6274510025978088,calibrated_uv_reprojection_plus_stereo_left
-7.6031293869018555,-69.8786849975586,-587.701416015625,197.85418902853775,283.24356961015206,-50.89255597999596,323.9999997811006,202.99999960562297,1.0,0.9960784316062927,0.6509804129600525,calibrated_uv_reprojection_plus_stereo_left
-6.354875564575195,-69.88261413574219,-587.7205810546875,197.14808363760983,282.1514114802822,-50.87775455056868,325.0000000839159,203.00000083235878,1.0,1.0,0.6470588445663452,calibrated_uv_reprojection_plus_stereo_left
-5.107162952423096,-69.89765167236328,-587.8331298828125,196.4889098751372,281.0284882873667,-50.933945385117,325.9999999885567,202.99999883631665,1.0,1.0,0.6431372761726379,calibrated_uv_reprojection_plus_stereo_left
-3.8588030338287354,-69.91305541992188,-587.9487915039062,195.8309153969533,279.9039629067395,-50.99248951638555,327.0000000636128,203.00000069325867,1.0,0.9960784316062927,0.6352941393852234,calibrated_uv_reprojection_plus_stereo_left
-2.608602523803711,-69.89738464355469,-587.8031005859375,195.04139716076696,278.86525021204847,-50.85233322808233,327.99999998624645,203.0000003341885,1.0,0.95686274766922,0.5960784554481506,calibrated_uv_reprojection_plus_stereo_left
-1.3589919805526733,-69.88994598388672,-587.7266235351562,194.28677113598314,277.80389980581566,-50.76479964953245,328.99999995283645,202.99999832062832,1.0,0.9254902005195618,0.5607843399047852,calibrated_uv_reprojection_plus_stereo_left
-0.10950712859630585,-69.87611389160156,-587.5963745117188,193.5053744270282,276.7606433756954,-50.63639598469018,329.9999999841279,202.99999532067935,1.0,0.9098039269447327,0.5411764979362488,calibrated_uv_reprojection_plus_stereo_left
1.1395864486694336,-69.86063385009766,-587.452392578125,192.71733588395642,275.7223264529938,-50.49757041749416,330.9999999364793,203.00000378962423,1.0,0.9098039269447327,0.5372549295425415,calibrated_uv_reprojection_plus_stereo_left
2.389394998550415,-69.87844848632812,-587.5882568359375,192.06860103547479,274.5897811582653,-50.57143327569372,331.9999998345558,203.00000044556612,1.0,0.9058823585510254,0.5333333611488342,calibrated_uv_reprojection_plus_stereo_left
3.6385297775268555,-69.86858367919922,-587.4913940429688,191.30407003018934,273.5356635386705,-50.46841621428672,332.99999994900713,202.99999944816443,1.0,0.9019607901573181,0.529411792755127,calibrated_uv_reprojection_plus_stereo_left
4.887936115264893,-69.86578369140625,-587.4539794921875,190.5690569373392,272.461428095697,-50.410582338041706,333.9999997057874,203.00000249444633,1.0,0.9019607901573181,0.5137255191802979,calibrated_uv_reprojection_plus_stereo_left
6.137784957885742,-69.86767578125,-587.4559326171875,189.85345027998528,271.37363631668813,-50.38265656125759,335.0000001616621,202.99999759037053,1.0,0.9058823585510254,0.5137255191802979,calibrated_uv_reprojection_plus_stereo_left
7.386556148529053,-69.85750579833984,-587.3565063476562,189.08784812447942,270.32069229720236,-50.277699462617704,336.00000019626503,202.9999964720016,1.0,0.9098039269447327,0.5176470875740051,calibrated_uv_reprojection_plus_stereo_left
8.638203620910645,-69.87248229980469,-587.4685668945312,188.4261685960442,269.1945131973378,-50.333430769779284,337.0000003986659,203.0000010181093,1.0,0.9098039269447327,0.5176470875740051,calibrated_uv_reprojection_plus_stereo_left
9.891239166259766,-69.89257049560547,-587.62353515625,187.78511868742555,268.0527723309501,-50.42174007583702,337.99999995180184,202.99999970412438,1.0,0.9137254953384399,0.5215686559677124,calibrated_uv_reprojection_plus_stereo_left
11.144946098327637,-69.91153717041016,-587.7691040039062,187.13898813100218,266.9135932284772,-50.50289141690473,338.999999645347,203.00000210243843,1.0,0.9098039269447327,0.5215686559677124,calibrated_uv_reprojection_plus_stereo_left
12.400997161865234,-69.93915557861328,-587.9873657226562,186.52780579827794,265.7480598377648,-50.63923980950307,340.0000004293012,203.0000012356917,1.0,0.9058823585510254,0.5176470875740051,calibrated_uv_reprojection_plus_stereo_left
13.65188217163086,-69.93458557128906,-587.9349975585938,185.78448451110404,264.6775371772665,-50.57000157653749,341.00000008222906,202.99999925159557,1.0,0.9098039269447327,0.5215686559677124,calibrated_uv_reprojection_plus_stereo_left
14.903257369995117,-69.93246459960938,-587.9032592773438,185.05117728612618,263.59969006919334,-50.51643522636448,342.0000000202885,203.00000117819633,1.0,0.9058823585510254,0.5215686559677124,calibrated_uv_reprojection_plus_stereo_left
16.153404235839844,-69.92478942871094,-587.8248291015625,184.29526510164163,262.53852847113194,-50.42740699326856,342.99999995577645,203.00000312905024,1.0,0.9019607901573181,0.529411792755127,calibrated_uv_reprojection_plus_stereo_left
17.392934799194336,-69.87504577636719,-587.3927001953125,183.36887388097023,261.60490010452315,-50.069776350654536,344.00000070003716,202.99999949171865,1.0,0.9137254953384399,0.5490196347236633,calibrated_uv_reprojection_plus_stereo_left
18.64293098449707,-69.87071990966797,-587.3424072265625,182.62709708035487,260.534457067392,-50.00213715098113,344.99999922117604,202.99999867621958,0.8784313797950745,0.7098039388656616,0.37254902720451355,calibrated_uv_reprojection_plus_stereo_left
19.892454147338867,-69.86480712890625,-587.27880859375,181.87894619146982,259.46887747669984,-49.924397415041426,345.9999994283772,203.0000010552639,0.8980392217636108,0.7137255072593689,0.3803921639919281,calibrated_uv_reprojection_plus_stereo_left
21.144412994384766,-69.8672103881836,-587.2850952148438,181.16428801566764,258.3778038288715,-49.89971948383646,347.00000019984424,203.00000171708984,0.8078431487083435,0.7529411911964417,0.4470588266849518,calibrated_uv_reprojection_plus_stereo_left
22.399477005004883,-69.87863159179688,-587.3671264648438,180.48566689462984,257.25869226642874,-49.93253918043166,348.0000008210312,202.99999728116148,0.8039215803146362,0.7568627595901489,0.45490196347236633,calibrated_uv_reprojection_plus_stereo_left
23.64691925048828,-69.86593627929688,-587.2465209960938,179.71025010165482,256.2139900557314,-49.81151746037,348.99999993339026,203.00000013458896,0.7882353067398071,0.7607843279838562,0.48627451062202454,calibrated_uv_reprojection_plus_stereo_left
24.89053726196289,-69.84342193603516,-587.0433349609375,178.89580532732333,255.20023236261005,-49.6278124239048,350.000000170847,202.99999786197642,0.772549033164978,0.7490196228027344,0.47843137383461,calibrated_uv_reprojection_plus_stereo_left
26.131591796875,-69.81586456298828,-586.7977905273438,178.06168265794105,254.20287306798397,-49.41197206792441,350.99999995329244,202.9999975306256,0.7176470756530762,0.7254902124404907,0.47058823704719543,calibrated_uv_reprojection_plus_stereo_left
27.37975311279297,-69.80860900878906,-586.722900390625,177.30867702789618,253.14225396651335,-49.32568070706526,352.0000001652741,202.99999847016085,0.6196078658103943,0.6313725709915161,0.3843137323856354,calibrated_uv_reprojection_plus_stereo_left
28.634061813354492,-69.81665802001953,-586.776611328125,176.61634861609087,252.03327309469196,-49.33699346355007,353.00000139729667,202.99999673247015,0.5764706134796143,0.6078431606292725,0.364705890417099,calibrated_uv_reprojection_plus_stereo_left
29.888534545898438,-69.82411193847656,-586.8253784179688,175.92145269752046,250.9258061692387,-49.34454830942997,353.9999999089855,203.00000090894608,0.6431372761726379,0.6627451181411743,0.4313725531101227,calibrated_uv_reprojection_plus_stereo_left
31.145706176757812,-69.83673095703125,-586.91748046875,175.2466487734285,249.80149404526372,-49.384974620961316,354.99999920338513,202.99999853622188,0.686274528503418,0.6941176652908325,0.4745098054409027,calibrated_uv_reprojection_plus_stereo_left
32.39008331298828,-69.82050323486328,-586.7672119140625,174.4581805068575,248.76937969954662,-49.24147836220857,355.9999995156786,203.00000207496774,0.7568627595901489,0.7372549176216125,0.48235294222831726,calibrated_uv_reprojection_plus_stereo_left
33.65172576904297,-69.84104919433594,-586.9259033203125,173.81405722913962,247.6189056433617,-49.33241328323032,357.00000157597646,202.9999978635566,0.9058823585510254,0.8666666746139526,0.5843137502670288,calibrated_uv_reprojection_plus_stereo_left
34.91300964355469,-69.85914611816406,-587.0640258789062,173.15986944543818,246.47562421353481,-49.40772343632926,358.00000109498444,202.99999568391505,0.9921568632125854,0.9529411792755127,0.6313725709915161,calibrated_uv_reprojection_plus_stereo_left
36.17278289794922,-69.87281036376953,-587.1649780273438,172.48798416545105,245.34609345956122,-49.45482102490172,358.9999999104084,203.00000183097637,1.0,0.9529411792755127,0.615686297416687,calibrated_uv_reprojection_plus_stereo_left
37.43874740600586,-69.89688110351562,-587.3533325195312,171.85618488400894,244.18194206651623,-49.56820568428617,359.9999975063918,203.00000436259984,1.0,0.9372549057006836,0.6039215922355652,calibrated_uv_reprojection_plus_stereo_left
38.684139251708984,-69.88198852539062,-587.2141723632812,171.07268970208594,243.14522439352405,-49.43312253574544,361.0000014642795,202.99999766910614,1.0,0.9372549057006836,0.6039215922355652,calibrated_uv_reprojection_plus_stereo_left
39.929073333740234,-69.86700439453125,-587.0743408203125,170.28911365271273,242.10913403209906,-49.29754553826314,361.99999895571375,202.99999984789054,1.0,0.9333333373069763,0.6039215922355652,calibrated_uv_reprojection_plus_stereo_left
41.173038482666016,-69.85105895996094,-586.9263916015625,169.5020445914098,241.07659939168664,-49.155818308272785,363.00000236910137,202.99999777381723,1.0,0.9333333373069763,0.6000000238418579,calibrated_uv_reprojection_plus_stereo_left
42.4095344543457,-69.82354736328125,-586.6813354492188,168.67077468151717,240.08304446551693,-48.94045956944615,363.99999951271803,203.00000244554718,1.0,0.9254902005195618,0.5843137502670288,calibrated_uv_reprojection_plus_stereo_left
43.66395950317383,-69.82608032226562,-586.6886596679688,167.95522275716814,238.98947737753858,-48.916510731157416,364.9999987939356,203.00000067152058,0.9960784316062927,0.8588235378265381,0.5215686559677124,calibrated_uv_reprojection_plus_stereo_left
44.920188903808594,-69.83106994628906,-586.7166137695312,167.24893576070633,237.88744033374365,-48.90819982906487,366.00000047289876,202.9999981010859,0.9803921580314636,0.772549033164978,0.45098039507865906,calibrated_uv_reprojection_plus_stereo_left
46.17348098754883,-69.83114624023438,-586.7033081054688,166.52373332442448,236.80175958659459,-48.86859771413668,367.00000190644244,202.99999783438324,0.9647058844566345,0.7764706015586853,0.45490196347236633,calibrated_uv_reprojection_plus_stereo_left
47.441158294677734,-69.85221099853516,-586.8663330078125,165.87831005257937,235.64458876978654,-48.962686882914795,368.0000011330917,202.99999723888627,0.9803921580314636,0.8235294222831726,0.501960813999176,calibrated_uv_reprojection_plus_stereo_left
48.69963455200195,-69.85880279541016,-586.9077758789062,165.17746503744632,234.53608778753417,-48.96457851393211,368.9999999229235,202.99999855924395,0.9254902005195618,0.7215686440467834,0.3960784375667572,calibrated_uv_reprojection_plus_stereo_left
49.95939636230469,-69.8666763305664,-586.9600219726562,164.4812726431008,233.4228571770606,-48.974653892914375,369.9999970909575,203.00000360823861,0.9333333373069763,0.7450980544090271,0.4156862795352936,calibrated_uv_reprojection_plus_stereo_left
51.21676254272461,-69.87071990966797,-586.97998046875,163.77034478711533,232.3225042901758,-48.9602370501521,370.99999998895066,202.99999842117614,0.9843137264251709,0.8392156958580017,0.5098039507865906,calibrated_uv_reprojection_plus_stereo_left
52.4675407409668,-69.8656234741211,-586.9232177734375,163.02488822011946,231.2535459028823,-48.887662917765795,371.9999982280753,202.99999938883641,1.0,0.8941176533699036,0.5686274766921997,calibrated_uv_reprojection_plus_stereo_left
53.75315856933594,-69.90589904785156,-587.2476196289062,162.4497376889546,230.026795802747,-49.103995484350435,372.99999810440596,203.0000017265528,0.95686274766922,0.8039215803146362,0.5058823823928833,calibrated_uv_reprojection_plus_stereo_left
-23.86240577697754,-68.73172760009766,-588.7509765625,206.78208265064922,297.5509790621943,-52.715181795201886,310.99999883393826,203.99999681448764,0.9098039269447327,0.8156862854957581,0.6039215922355652,calibrated_uv_reprojection_plus_stereo_left
-22.600662231445312,-68.6922378540039,-588.3994140625,205.8836483199454,296.57081681968043,-52.41793687520817,311.9999997640026,203.9999998546148,0.9921568632125854,0.9607843160629272,0.7058823704719543,calibrated_uv_reprojection_plus_stereo_left
-21.34479331970215,-68.6674575805664,-588.173828125,205.0512775692725,295.55373775901944,-52.216721233635326,312.9999999270615,203.99999991336657,1.0,0.9960784316062927,0.6901960968971252,calibrated_uv_reprojection_plus_stereo_left
-20.095001220703125,-68.66082000732422,-588.1036376953125,204.2997249160539,294.4901047688771,-52.13393452779695,314.0000007941175,203.99999892690852,1.0,1.0,0.6705882549285889,calibrated_uv_reprojection_plus_stereo_left
-18.843582153320312,-68.6478500366211,-587.979248046875,203.52026385385494,293.44313897399616,-52.00985548034032,315.0000007937788,204.0000014501266,1.0,1.0,0.6705882549285889,calibrated_uv_reprojection_plus_stereo_left
-17.594301223754883,-68.64189910888672,-587.9149169921875,202.77192239533724,292.377994723043,-51.93153941292917,315.9999992609187,203.9999980982849,1.0,1.0,0.6705882549285889,calibrated_uv_reprojection_plus_stereo_left
-16.34223747253418,-68.62391662597656,-587.7476196289062,201.97073711531738,291.3447827573383,-51.77478496784852,317.0000009388682,204.00000224947976,1.0,1.0,0.658823549747467,calibrated_uv_reprojection_plus_stereo_left
-15.091208457946777,-68.60826110839844,-587.6002197265625,201.1800503614773,290.30583131732783,-51.63319849582149,318.0000005421808,204.00000288682122,1.0,1.0,0.658823549747467,calibrated_uv_reprojection_plus_stereo_left
-13.842370986938477,-68.60130310058594,-587.5272827148438,200.42767937433655,289.2439442538471,-51.548342730360105,318.9999998393859,204.00000067008426,1.0,1.0,0.6549019813537598,calibrated_uv_reprojection_plus_stereo_left
-12.588240623474121,-68.56486511230469,-587.201904296875,199.5466432506036,288.2616676880366,-51.271206308894364,320.0000006745529,204.00000118509197,1.0,1.0,0.6549019813537598,calibrated_uv_reprojection_plus_stereo_left
-11.33987808227539,-68.55607604980469,-587.11328125,198.78673954749735,287.2054258293607,-51.17442071638385,320.99999965581986,203.99999773016208,1.0,1.0,0.658823549747467,calibrated_uv_reprojection_plus_stereo_left
-10.091710090637207,-68.5473403930664,-587.025146484375,198.02718791022863,286.14919169350003,-51.078013108724065,321.9999997407528,203.99999698301377,1.0,1.0,0.658823549747467,calibrated_uv_reprojection_plus_stereo_left
-8.843924522399902,-68.54013061523438,-586.9500732421875,197.27435627331835,285.08893258636397,-50.99155645091594,322.9999997206194,203.9999955363939,1.0,1.0,0.6549019813537598,calibrated_uv_reprojection_plus_stereo_left
-7.59843635559082,-68.5524673461914,-587.04248046875,196.60618067781985,283.97480591097985,-51.03264534500482,324.000000083003,204.00000292901004,1.0,1.0,0.6509804129600525,calibrated_uv_reprojection_plus_stereo_left
-6.351828575134277,-68.55900573730469,-587.0850830078125,195.91259027757593,282.87631288450183,-51.0357879104933,324.9999998206045,203.99999664995397,1.0,1.0,0.6431372761726379,calibrated_uv_reprojection_plus_stereo_left
-5.104377746582031,-68.5591812133789,-587.0733032226562,195.19144385261922,281.79523334124514,-50.99752135792619,325.9999997710563,204.0000004177213,1.0,1.0,0.6431372761726379,calibrated_uv_reprojection_plus_stereo_left
-3.8568742275238037,-68.56090545654297,-587.07470703125,194.4768346246218,280.70970631261645,-50.969284298964396,326.99999998156204,203.9999970057827,1.0,1.0,0.6470588445663452,calibrated_uv_reprojection_plus_stereo_left
-2.609020709991455,-68.55854034423828,-587.0411987304688,193.74464160722425,279.6355263951964,-50.91447030038887,328.0000000753233,204.00000347347202,1.0,0.9882352948188782,0.6313725709915161,calibrated_uv_reprojection_plus_stereo_left
-1.3609766960144043,-68.54893493652344,-586.945556640625,192.98143031795576,278.5819015147805,-50.81234734031398,328.9999999526062,203.99999695837437,1.0,0.9607843160629272,0.6078431606292725,calibrated_uv_reprojection_plus_stereo_left
-0.11316119879484177,-68.54608154296875,-586.9078369140625,192.24716594482823,277.50915807320104,-50.754326639240844,330.0000000052326,204.00000052014138,1.0,0.9176470637321472,0.545098066329956,calibrated_uv_reprojection_plus_stereo_left
1.1343923807144165,-68.52568054199219,-586.7198486328125,191.43827258987665,276.48676982425263,-50.581926363898276,330.99999995608533,204.00000175435528,1.0,0.9098039269447327,0.5372549295425415,calibrated_uv_reprojection_plus_stereo_left
2.3823752403259277,-68.53518676757812,-586.7879028320312,190.75655504664837,275.3785929301105,-50.60441370639438,331.9999999905214,204.00000063112248,1.0,0.9019607901573181,0.529411792755127,calibrated_uv_reprojection_plus_stereo_left
3.6299686431884766,-68.52830505371094,-586.7156372070312,190.0052311005466,274.3175641994436,-50.52009851369144,333.0000000623711,203.99999886788174,1.0,0.8980392217636108,0.5254902243614197,calibrated_uv_reprojection_plus_stereo_left
4.877829074859619,-68.5268325805664,-586.689697265625,189.2768069132705,273.2408499220646,-50.471040905982306,334.00000021934915,203.99999836117328,1.0,0.9058823585510254,0.5137255191802979,calibrated_uv_reprojection_plus_stereo_left
6.126010417938232,-68.52806854248047,-586.6869506835938,188.55974035249767,272.1561196892926,-50.43963091021766,335.0000002752882,203.99999846935992,1.0,0.9058823585510254,0.5137255191802979,calibrated_uv_reprojection_plus_stereo_left
7.380465507507324,-68.5859603881836,-587.1692504882812,188.08045914966164,270.9041250837691,-50.777291038046144,335.99999980393795,203.99999981778825,1.0,0.9058823585510254,0.5137255191802979,calibrated_uv_reprojection_plus_stereo_left
8.630522727966309,-68.59107971191406,-587.19970703125,187.37884285977873,269.8066856028257,-50.771109533020876,337.000000159854,203.99999739828823,1.0,0.9058823585510254,0.5137255191802979,calibrated_uv_reprojection_plus_stereo_left
9.881597518920898,-68.6010513305664,-587.271728515625,186.69732541518715,268.6944966880568,-50.79654507001317,337.99999973879625,203.99999772673584,1.0,0.9058823585510254,0.5137255191802979,calibrated_uv_reprojection_plus_stereo_left
11.131900787353516,-68.60320281982422,-587.2767944335938,185.9829303783631,267.60531446143267,-50.771031868965395,339.0000004493862,203.99999748117622,1.0,0.9058823585510254,0.5137255191802979,calibrated_uv_reprojection_plus_stereo_left
12.379087448120117,-68.58692169189453,-587.1240844726562,185.1918037775573,266.57147670013524,-50.62549397382986,340.00000018595324,203.99999863298333,1.0,0.9058823585510254,0.5137255191802979,calibrated_uv_reprojection_plus_stereo_left
13.630054473876953,-68.59198760986328,-587.1541137695312,184.48944978282782,265.4733903280402,-50.61896826309743,340.9999991295683,203.9999999282976,1.0,0.9019607901573181,0.5215686559677124,calibrated_uv_reprojection_plus_stereo_left
14.880766868591309,-68.59440612792969,-587.1614379882812,183.77594603286587,264.38309775482287,-50.595163046174264,342.0000006302589,203.99999746888,1.0,0.8980392217636108,0.5254902243614197,calibrated_uv_reprojection_plus_stereo_left
16.12944984436035,-68.58726501464844,-587.0869750976562,183.0229008241999,263.3218560318704,-50.509151828252755,342.99999946194174,203.99999901663907,1.0,0.9058823585510254,0.5254902243614197,calibrated_uv_reprojection_plus_stereo_left
17.3714599609375,-68.55428314208984,-586.7913208007812,182.16360638757862,262.3402058079988,-50.25492623021944,344.0000005572488,203.9999997787006,1.0,0.9215686321258545,0.5372549295425415,calibrated_uv_reprojection_plus_stereo_left
18.618520736694336,-68.5438461303711,-586.6885986328125,181.3974329175245,261.28979943370376,-50.14743880738922,345.00000014290714,203.9999960544117,0.8980392217636108,0.7333333492279053,0.38823530077934265,calibrated_uv_reprojection_plus_stereo_left
19.865646362304688,-68.53447723388672,-586.5950927734375,180.63580263046208,260.23626560441915,-50.04696959747622,346.00000040026544,203.9999990213224,0.9019607901573181,0.7176470756530762,0.3843137323856354,calibrated_uv_reprojection_plus_stereo_left
21.112823486328125,-68.52595520019531,-586.5088500976562,179.87775625522323,259.18026464591406,-49.95202866653358,346.9999997781969,204.00000317710854,0.8352941274642944,0.7490196228027344,0.43529412150382996,calibrated_uv_reprojection_plus_stereo_left
22.35082244873047,-68.48986053466797,-586.1865234375,179.007493646383,258.21099794991943,-49.6775905529999,348.0000003021742,203.99999806763654,0.8313725590705872,0.7490196228027344,0.43921568989753723,calibrated_uv_reprojection_plus_stereo_left
23.59528350830078,-68.4759521484375,-586.05419921875,178.22807138348395,257.1727322840985,-49.547636724331994,348.99999847775734,204.00000302911377,0.8117647171020508,0.7568627595901489,0.47058823704719543,calibrated_uv_reprojection_plus_stereo_left
24.83922004699707,-68.46163177490234,-585.9182739257812,177.44716458787457,256.1361203170916,-49.41494933439907,349.99999884225934,204.000000584613,0.8039215803146362,0.7568627595901489,0.47058823704719543,calibrated_uv_reprojection_plus_stereo_left
26.07892608642578,-68.4372329711914,-585.6961059570312,176.62576427625828,255.13195822558652,-49.21671385440351,350.9999989207614,203.99999868941822,0.772549033164978,0.7686274647712708,0.4941176474094391,calibrated_uv_reprojection_plus_stereo_left
27.331443786621094,-68.44680786132812,-585.7647094726562,175.9417190079795,254.01965423090527,-49.239513403522665,352.00000100909375,203.99999848627084,0.7411764860153198,0.7490196228027344,0.47843137383461,calibrated_uv_reprojection_plus_stereo_left
28.57976531982422,-68.44518280029297,-585.7374877929688,175.21239002422288,252.94296790492558,-49.18947108774205,353.0000007141119,204.0000007571442,0.6666666865348816,0.6901960968971252,0.4313725531101227,calibrated_uv_reprojection_plus_stereo_left
29.83017349243164,-68.44818115234375,-585.7498168945312,174.50154822776432,251.8512721251615,-49.16948494540213,353.9999995131312,204.00000175364949,0.6000000238418579,0.615686297416687,0.3686274588108063,calibrated_uv_reprojection_plus_stereo_left
31.08600425720215,-68.46258544921875,-585.8597412109375,173.83616611405358,250.72230241945093,-49.22366035752498,354.9999996997018,204.00000208702275,0.6000000238418579,0.6078431606292725,0.3764705955982208,calibrated_uv_reprojection_plus_stereo_left
32.33846664428711,-68.46846771240234,-585.896728515625,173.13641869854882,249.62059350428646,-49.222395003055226,355.99999852908894,204.0000019098465,0.6392157077789307,0.6078431606292725,0.3607843220233917,calibrated_uv_reprojection_plus_stereo_left
33.5994987487793,-68.49110412597656,-586.0770263671875,172.50308044105645,248.463620920754,-49.330013116949715,357.00000212189553,203.99999699584896,0.7019608020782471,0.6352941393852234,0.3764705955982208,calibrated_uv_reprojection_plus_stereo_left
34.86148452758789,-68.51373291015625,-586.25732421875,171.86918887630992,247.30582248688427,-49.4376133598638,358.000000811399,203.9999991440514,0.8235294222831726,0.7450980544090271,0.41960784792900085,calibrated_uv_reprojection_plus_stereo_left
36.11903762817383,-68.52613067626953,-586.3500366210938,171.1942547881838,246.18109586783032,-49.47864583792341,359.00000150183484,203.9999982476207,0.9725490212440491,0.8980392217636108,0.5411764979362488,calibrated_uv_reprojection_plus_stereo_left
37.37873077392578,-68.5413818359375,-586.4672241210938,170.53026795867459,245.04634635464785,-49.538262454568894,359.99999737534847,204.00000357131563,1.0,0.9411764740943909,0.6000000238418579,calibrated_uv_reprojection_plus_stereo_left
38.626102447509766,-68.5335464477539,-586.38671875,169.77497719782787,243.98825551522717,-49.447675793265205,361.00000116957585,203.99999465901783,1.0,0.9450980424880981,0.6078431606292725,calibrated_uv_reprojection_plus_stereo_left
39.87529754638672,-68.52910614013672,-586.3353881835938,169.03314905879813,242.91885219030954,-49.37926161578923,361.99999937232735,203.99999741207478,1.0,0.9490196108818054,0.5960784554481506,calibrated_uv_reprojection_plus_stereo_left
41.12321853637695,-68.5225830078125,-586.2662353515625,168.2831824123116,241.85650234192272,-49.297310944460776,363.00000158635555,203.9999999531184,1.0,0.9490196108818054,0.5921568870544434,calibrated_uv_reprojection_plus_stereo_left
42.36000061035156,-68.49822998046875,-586.0444946289062,167.46367095503456,240.85474113475507,-49.09946961092413,364.00000019792924,203.9999984412794,1.0,0.9372549057006836,0.5882353186607361,calibrated_uv_reprojection_plus_stereo_left
43.61073303222656,-68.4969711303711,-586.0203857421875,166.7345084128163,239.77491959547396,-49.051740295962134,364.9999990885468,204.00000098585983,1.0,0.929411768913269,0.5803921818733215,calibrated_uv_reprojection_plus_stereo_left
44.85716247558594,-68.48900604248047,-585.9389038085938,165.97926130799806,238.71798003708676,-48.96043984262462,365.99999956290503,204.00000365033037,1.0,0.9176470637321472,0.5764706134796143,calibrated_uv_reprojection_plus_stereo_left
46.1021842956543,-68.47919464111328,-585.841552734375,165.21693051868903,237.6675549987916,-48.85708834625956,366.9999993686574,203.99999924527404,0.9960784316062927,0.8980392217636108,0.5607843399047852,calibrated_uv_reprojection_plus_stereo_left
47.37086868286133,-68.50392150878906,-586.0397338867188,164.5880984623135,236.4979640287102,-48.97814342231891,367.99999915680695,204.0000005123619,0.9960784316062927,0.8784313797950745,0.5490196347236633,calibrated_uv_reprojection_plus_stereo_left
48.63076400756836,-68.51480102539062,-586.1194458007812,163.90534958294774,235.37553822124855,-49.00922637377329,369.00000081901874,204.00000186855436,0.9686274528503418,0.8156862854957581,0.48627451062202454,calibrated_uv_reprojection_plus_stereo_left
49.88737106323242,-68.52044677734375,-586.1543579101562,163.20219341998944,234.27091633340416,-49.00628367415578,369.9999969742259,204.00000114337658,0.9333333373069763,0.7411764860153198,0.4156862795352936,calibrated_uv_reprojection_plus_stereo_left
51.1447868347168,-68.5267105102539,-586.1945190429688,162.50118861026903,233.16383837891007,-49.00731551039331,371.00000171339474,203.99999727765893,0.9686274528503418,0.8313725590705872,0.5137255191802979,calibrated_uv_reprojection_plus_stereo_left
52.39347457885742,-68.52108764648438,-586.1331176757812,161.75463543124567,232.09823825949042,-48.931250314842146,371.99999688903335,204.0000046141306,1.0,0.9019607901573181,0.5921568870544434,calibrated_uv_reprojection_plus_stereo_left
53.699466705322266,-68.58875274658203,-586.698486328125,161.2871477739933,230.77370345788623,-49.330928066443164,372.99999945296366,204.00000021562875,0.8274509906768799,0.6705882549285889,0.4000000059604645,calibrated_uv_reprojection_plus_stereo_left
-25.07908821105957,-67.38507080078125,-587.9229125976562,206.15085143719546,299.4006212578312,-52.75479045848084,310.0000000967828,204.99999940868284,0.8823529481887817,0.7529411911964417,0.5607843399047852,calibrated_uv_reprojection_plus_stereo_left
-23.829349517822266,-67.37681579589844,-587.838134765625,205.39213336668143,298.34186535537896,-52.66085674543609,310.99999965381886,204.99999780609787,0.9647058844566345,0.9058823585510254,0.6627451181411743,calibrated_uv_reprojection_plus_stereo_left
-22.567230224609375,-67.33110809326172,-587.4266357421875,204.46423014693465,297.38104815591794,-52.31757781864667,311.9999990283237,204.99999905991203,1.0,0.9921568632125854,0.7058823704719543,calibrated_uv_reprojection_plus_stereo_left
-21.314838409423828,-67.31121063232422,-587.2402954101562,203.65360668490865,296.35377607653714,-52.14616160564924,312.9999996109661,204.99999733834255,1.0,0.9960784316062927,0.6823529601097107,calibrated_uv_reprojection_plus_stereo_left
-20.065837860107422,-67.3006591796875,-587.1355590820312,202.88540554221248,295.30230558323524,-52.03703462827565,313.99999975539083,205.0000013731976,1.0,1.0,0.6705882549285889,calibrated_uv_reprojection_plus_stereo_left
-18.81667137145996,-67.28860473632812,-587.0176391601562,202.11057525713915,294.2550736380405,-51.91784964531536,314.9999991631336,204.99999857835255,1.0,1.0,0.658823549747467,calibrated_uv_reprojection_plus_stereo_left
-17.57081413269043,-67.28803253173828,-586.9999389648438,201.38735646095546,293.17737756062775,-51.87514177916927,316.0000005226133,205.0000002944767,1.0,1.0,0.658823549747467,calibrated_uv_reprojection_plus_stereo_left
-16.320844650268555,-67.2709732055664,-586.83837890625,200.5904149683564,292.1439677156078,-51.72267239861287,317.0000001328499,204.99999894859386,1.0,1.0,0.6549019813537598,calibrated_uv_reprojection_plus_stereo_left
-15.071185111999512,-67.2530746459961,-586.6695556640625,199.7900435945271,291.11324651019436,-51.56467672486315,318.0000002043606,205.00000244280824,1.0,1.0,0.6549019813537598,calibrated_uv_reprojection_plus_stereo_left
-13.823659896850586,-67.24299621582031,-586.56884765625,199.02469631840125,290.06171360636165,-51.458648501469725,318.9999994245947,204.99999617761648,1.0,1.0,0.6549019813537598,calibrated_uv_reprojection_plus_stereo_left
-12.574901580810547,-67.22504425048828,-586.3995971679688,198.22462733078004,289.03191977806466,-51.300350001986885,320.00000047333623,205.00000236832122,1.0,1.0,0.6549019813537598,calibrated_uv_reprojection_plus_stereo_left
-11.328670501708984,-67.21894073486328,-586.3336181640625,197.47724661361224,287.9699599532065,-51.22082871619892,321.00000001571146,205.00000074513818,1.0,1.0,0.6549019813537598,calibrated_uv_reprojection_plus_stereo_left
-10.082140922546387,-67.21024322509766,-586.2449951171875,196.7184628304948,286.91527365107646,-51.124037971778364,322.00000010450447,204.99999739970215,1.0,1.0,0.6549019813537598,calibrated_uv_reprojection_plus_stereo_left
-8.837178230285645,-67.21202850341797,-586.2478637695312,196.0059609924242,285.83151203010453,-51.09703053920714,323.0000002773659,204.99999912165302,1.0,1.0,0.6549019813537598,calibrated_uv_reprojection_plus_stereo_left
-7.591374397277832,-67.20813751220703,-586.2012329101562,195.2684196189017,284.76348865695644,-51.03227103980828,323.999999901982,205.00000194340458,1.0,1.0,0.6549019813537598,calibrated_uv_reprojection_plus_stereo_left
-6.345320701599121,-67.2015151977539,-586.1307373046875,194.5188994757998,283.7031861418032,-50.949311303776824,325.0000002911761,205.00000087617633,1.0,1.0,0.6509804129600525,calibrated_uv_reprojection_plus_stereo_left
-5.100135803222656,-67.20487213134766,-586.1472778320312,193.8130554037151,282.6146808809701,-50.93271870886332,326.00000018517943,204.99999962611977,1.0,1.0,0.6509804129600525,calibrated_uv_reprojection_plus_stereo_left
-3.854288101196289,-67.20118713378906,-586.1024169921875,193.07636915117922,281.54602920879324,-50.86930591912642,327.00000009600205,205.00000005465148,1.0,1.0,0.6509804129600525,calibrated_uv_reprojection_plus_stereo_left
-2.6079866886138916,-67.1857681274414,-585.9552001953125,192.28864660632814,280.5110374687084,-50.72785633132702,328.0000000581468,204.999998755708,1.0,1.0,0.6431372761726379,calibrated_uv_reprojection_plus_stereo_left
-1.3624132871627808,-67.1846923828125,-585.93310546875,191.56341100592266,279.4350501026861,-50.68180485233785,329.00000002251903,204.99999991672888,1.0,0.9960784316062927,0.6352941393852234,calibrated_uv_reprojection_plus_stereo_left
-0.11672412604093552,-67.17158508300781,-585.8060913085938,190.7860588417853,278.3938708348279,-50.55577203284395,330.0000000035503,205.00000192532576,1.0,0.9686274528503418,0.6000000238418579,calibrated_uv_reprojection_plus_stereo_left
1.1288212537765503,-67.17082977294922,-585.7867431640625,190.06220592071867,277.31699172801325,-50.511812065933896,331.00000001729086,204.99999864824505,1.0,0.9411764740943909,0.5686274766921997,calibrated_uv_reprojection_plus_stereo_left
2.374990940093994,-67.1847152709961,-585.8951416015625,189.4013627940892,276.197069653226,-50.56522169506434,332.0000000056085,205.00000182703755,1.0,0.9058823585510254,0.5372549295425415,calibrated_uv_reprojection_plus_stereo_left
3.6216413974761963,-67.19547271728516,-585.9761962890625,188.726683998841,275.08582432948333,-50.59777267062145,332.9999998215676,204.9999995741441,1.0,0.9019607901573181,0.5333333611488342,calibrated_uv_reprojection_plus_stereo_left
4.8680739402771,-67.19584655761719,-585.9667358398438,188.00722335327401,274.0048861578318,-50.561332113706385,333.9999998769765,205.00000084433307,1.0,0.9019607901573181,0.5254902243614197,calibrated_uv_reprojection_plus_stereo_left
6.113596439361572,-67.18458557128906,-585.8557739257812,187.23793441963744,272.9585085874873,-50.44753667375278,335.0000002493484,204.99999814209968,1.0,0.9019607901573181,0.5254902243614197,calibrated_uv_reprojection_plus_stereo_left
7.367725849151611,-67.25447845458984,-586.4525146484375,186.814789683142,271.6691835247377,-50.873017639679176,335.9999998961293,204.99999966109095,1.0,0.9058823585510254,0.5137255191802979,calibrated_uv_reprojection_plus_stereo_left
8.61626148223877,-67.25940704345703,-586.4827270507812,186.11380663206978,270.5732150942629,-50.86676839900838,336.9999997770311,204.99999838245105,1.0,0.9058823585510254,0.5176470875740051,calibrated_uv_reprojection_plus_stereo_left
9.863428115844727,-67.25282287597656,-586.41259765625,185.36382616759965,269.51182488017605,-50.784064368139354,338.0000003460039,205.00000144253318,1.0,0.9019607901573181,0.5254902243614197,calibrated_uv_reprojection_plus_stereo_left
11.113202095031738,-67.2626953125,-586.4859008789062,184.68351088614537,268.40044183863637,-50.810633140576556,338.99999987512047,204.99999906752262,1.0,0.9058823585510254,0.5215686559677124,calibrated_uv_reprojection_plus_stereo_left
12.358902931213379,-67.24767303466797,-586.3421630859375,183.8978575443332,267.3648155460691,-50.671850416222696,339.9999995168383,204.99999896403028,1.0,0.9058823585510254,0.5137255191802979,calibrated_uv_reprojection_plus_stereo_left
13.610640525817871,-67.26456451416016,-586.4766845703125,183.24678383855587,266.23135755675344,-50.74504076514518,341.00000061459747,204.99999889509826,1.0,0.9058823585510254,0.5254902243614197,calibrated_uv_reprojection_plus_stereo_left
14.8571138381958,-67.25418090820312,-586.3734130859375,182.480760718012,265.18159658274135,-50.6370882317417,342.0000003660447,205.0000006511479,1.0,0.9058823585510254,0.5333333611488342,calibrated_uv_reprojection_plus_stereo_left
16.104482650756836,-67.24858856201172,-586.3118896484375,181.73493714614324,264.1171652142664,-50.56093725073862,342.9999995064733,204.99999988221646,1.0,0.9176470637321472,0.545098066329956,calibrated_uv_reprojection_plus_stereo_left
17.34681510925293,-67.22374725341797,-586.0825805664062,180.90876218718807,263.11294072931355,-50.35700481885033,344.0000005599181,205.00000219404376,1.0,0.9137254953384399,0.545098066329956,calibrated_uv_reprojection_plus_stereo_left
18.590959548950195,-67.20831298828125,-585.9352416992188,180.1222169290537,262.0798651120038,-50.21551211044681,345.000000679974,204.9999998827869,0.9058823585510254,0.7333333492279053,0.4000000059604645,calibrated_uv_reprojection_plus_stereo_left
19.836849212646484,-67.20027160644531,-585.8524169921875,179.36667073073477,261.0238094761804,-50.123160501900315,346.00000022969124,205.0000029476377,0.9176470637321472,0.729411780834198,0.4000000059604645,calibrated_uv_reprojection_plus_stereo_left
21.083030700683594,-67.19368743896484,-585.7822265625,178.6172309056783,259.9632930370228,-50.04042885857166,347.00000029393544,204.9999994732363,0.8784313797950745,0.7372549176216125,0.43921568989753723,calibrated_uv_reprojection_plus_stereo_left
22.317333221435547,-67.15168762207031,-585.4033203125,177.72145048455968,259.01582406290754,-49.722645793950846,348.0000003190279,204.99999815568776,0.8705882430076599,0.7372549176216125,0.43529412150382996,calibrated_uv_reprojection_plus_stereo_left
23.55767822265625,-67.13096618652344,-585.2099609375,176.91424950502295,258.00136713431914,-49.54616411117905,348.9999999154016,205.00000046024346,0.8274509906768799,0.7490196228027344,0.4588235318660736,calibrated_uv_reprojection_plus_stereo_left
24.798900604248047,-67.11434173583984,-585.0523071289062,176.1242598345293,256.97426657275025,-49.396878989639845,349.99999877785876,205.00000135192442,0.8235294222831726,0.7529411911964417,0.4627451002597809,calibrated_uv_reprojection_plus_stereo_left
26.037080764770508,-67.09111785888672,-584.8370971679688,175.30746455461133,255.96896023908562,-49.20378868507015,351.00000020791583,204.99999916140447,0.7960784435272217,0.7568627595901489,0.48235294222831726,calibrated_uv_reprojection_plus_stereo_left
27.290929794311523,-67.10821533203125,-584.973388671875,174.65605854622584,254.83307668185998,-49.278278502062335,352.0000007171549,204.99999864292027,0.7803921699523926,0.7607843279838562,0.48627451062202454,calibrated_uv_reprojection_plus_stereo_left
28.5379581451416,-67.10746765136719,-584.9541015625,173.9313846823041,253.75488790816644,-49.2343308534297,353.00000005923306,204.9999962547362,0.7450980544090271,0.7568627595901489,0.4901960790157318,calibrated_uv_reprojection_plus_stereo_left
29.788227081298828,-67.11376953125,-584.996337890625,173.23536712540567,252.65341446765015,-49.23721053597217,353.9999999014414,205.00000096724818,0.7450980544090271,0.7450980544090271,0.47843137383461,calibrated_uv_reprojection_plus_stereo_left
31.039175033569336,-67.12074279785156,-585.0443725585938,172.5418408831179,251.5494188919819,-49.24449137941838,355.00000100246825,205.00000108814027,0.8156862854957581,0.8039215803146362,0.529411792755127,calibrated_uv_reprojection_plus_stereo_left
32.29001235961914,-67.12667083740234,-585.0833129882812,171.84386483448907,250.44854627973118,-49.24484354151144,355.99999941554626,205.00000305578135,0.9058823585510254,0.8627451062202454,0.5803921818733215,calibrated_uv_reprojection_plus_stereo_left
33.54926300048828,-67.14872741699219,-585.2628173828125,171.21079707543123,249.29358798294209,-49.35214865065677,356.99999767426186,205.0000043383577,0.9529411792755127,0.8941176533699036,0.6039215922355652,calibrated_uv_reprojection_plus_stereo_left
34.810787200927734,-67.17332458496094,-585.4644165039062,170.58738974944367,248.1292991666114,-49.476240788165626,357.9999988471358,205.00000207501003,0.9725490212440491,0.9176470637321472,0.5921568870544434,calibrated_uv_reprojection_plus_stereo_left
36.072261810302734,-67.19587707519531,-585.648193359375,169.95516867650002,246.97098365153818,-49.58674885583565,358.9999979290966,205.00000063181471,0.9960784316062927,0.9529411792755127,0.615686297416687,calibrated_uv_reprojection_plus_stereo_left
37.33079147338867,-67.21136474609375,-585.7704467773438,169.29411030281597,245.83570211018184,-49.65043067614977,359.99999784556866,205.0000046006643,1.0,0.9607843160629272,0.6196078658103943,calibrated_uv_reprojection_plus_stereo_left
38.58005905151367,-67.20948028564453,-585.7412109375,168.56321790438477,244.75887529795418,-49.59884598044198,361.00000056344567,205.00000111760357,1.0,0.9607843160629272,0.6196078658103943,calibrated_uv_reprojection_plus_stereo_left
39.83089065551758,-67.21012878417969,-585.7340698242188,167.8423878286099,243.6733378893387,-49.56406844457905,362.00000037693826,204.99999953699262,1.0,0.9529411792755127,0.6117647290229797,calibrated_uv_reprojection_plus_stereo_left
41.079017639160156,-67.20609283447266,-585.6860961914062,167.10285272855094,242.60373811908997,-49.49822764998089,362.9999999356515,204.99999731589955,1.0,0.9529411792755127,0.6117647290229797,calibrated_uv_reprojection_plus_stereo_left
42.31464385986328,-67.1822280883789,-585.4653930664062,166.284791029105,241.60248404177602,-49.30101395647705,363.9999980410882,205.00000153811843,1.0,0.9450980424880981,0.6078431606292725,calibrated_uv_reprojection_plus_stereo_left
43.559635162353516,-67.17396545410156,-585.380615234375,165.52879382949624,240.54785804238662,-49.2071926354771,364.9999991255117,205.0000015920907,1.0,0.9411764740943909,0.6039215922355652,calibrated_uv_reprojection_plus_stereo_left
44.80398178100586,-67.16500091552734,-585.2896728515625,164.77011235064293,239.49584144358926,-49.10868431513512,365.99999978104256,204.99999706964263,1.0,0.9333333373069763,0.5882353186607361,calibrated_uv_reprojection_plus_stereo_left
46.045677185058594,-67.15245056152344,-585.1676025390625,163.99749912911773,238.45649302793288,-48.98651650833443,366.9999979444664,205.00000329250295,1.0,0.929411768913269,0.5882353186607361,calibrated_uv_reprojection_plus_stereo_left
47.318660736083984,-67.18479919433594,-585.4367065429688,163.40100710103832,237.25977849585863,-49.16179955114916,367.9999983410916,205.00000298358276,1.0,0.929411768913269,0.5843137502670288,calibrated_uv_reprojection_plus_stereo_left
48.578697204589844,-67.1973876953125,-585.5335693359375,162.72649633871458,236.13162993870642,-49.206085593731245,369.0000000643015,204.9999985496266,1.0,0.9137254953384399,0.5803921818733215,calibrated_uv_reprojection_plus_stereo_left
49.8289680480957,-67.19599151611328,-585.5086059570312,161.9971460856546,235.05251017457735,-49.15773566768519,369.9999998302822,204.99999730779015,0.9960784316062927,0.8784313797950745,0.5607843399047852,calibrated_uv_reprojection_plus_stereo_left
51.09012222290039,-67.20879364013672,-585.607421875,161.3229547499164,233.92274445954615,-49.20349033035018,371.000000291385,205.00000219565896,1.0,0.9137254953384399,0.6000000238418579,calibrated_uv_reprojection_plus_stereo_left
52.35021209716797,-67.21945190429688,-585.6875,160.64008249882556,232.8001363183849,-49.23498323147055,371.99999853505904,205.00000230795493,0.886274516582489,0.7647058963775635,0.45490196347236633,calibrated_uv_reprojection_plus_stereo_left
-25.051116943359375,-66.05245208740234,-587.1746826171875,204.84799453297433,300.1397484974077,-52.82430793062963,310.0000004092709,206.00000139259805,0.9176470637321472,0.8313725590705872,0.615686297416687,calibrated_uv_reprojection_plus_stereo_left
-23.79794692993164,-66.03038024902344,-586.9663696289062,204.02627718893547,299.1189681885847,-52.635947071618375,311.00000012495116,206.00000272707564,0.9960784316062927,0.9764705896377563,0.7019608020782471,calibrated_uv_reprojection_plus_stereo_left
-22.535057067871094,-65.97782135009766,-586.4869995117188,203.06494518266192,298.179678653364,-52.24043457594206,311.9999995985457,205.99999867014657,1.0,1.0,0.6823529601097107,calibrated_uv_reprojection_plus_stereo_left
-21.285167694091797,-65.95982360839844,-586.31494140625,202.26303658687198,297.1497218152227,-52.07982814009097,312.9999995583003,206.00000192260777,1.0,1.0,0.6745098233222961,calibrated_uv_reprojection_plus_stereo_left
-20.038127899169922,-65.94943237304688,-586.21044921875,201.49617973817305,296.0998199525957,-51.97086414370489,314.0000007339994,206.00000048185757,1.0,1.0,0.6705882549285889,calibrated_uv_reprojection_plus_stereo_left
-18.79161262512207,-65.93997955322266,-586.1143188476562,200.73375735668583,295.04760034771436,-51.86829674964383,315.0000007873634,206.00000067773493,1.0,1.0,0.658823549747467,calibrated_uv_reprojection_plus_stereo_left
-17.543865203857422,-65.92506408691406,-585.9696655273438,199.94662998606697,294.01041224032673,-51.72866056200013,316.0000000309739,206.0000035123091,1.0,1.0,0.6549019813537598,calibrated_uv_reprojection_plus_stereo_left
-16.297475814819336,-65.91393280029297,-585.8585815429688,199.1768881549907,292.96326242931093,-51.61467844050719,317.00000035719523,206.00000006761888,1.0,1.0,0.6549019813537598,calibrated_uv_reprojection_plus_stereo_left
-15.051931381225586,-65.9052505493164,-585.7693481445312,198.4184299615373,291.90960038039975,-51.51740114727562,318.00000046982984,206.0000039144518,1.0,1.0,0.6549019813537598,calibrated_uv_reprojection_plus_stereo_left
-13.806957244873047,-65.89838409423828,-585.6961669921875,197.66824439970583,290.85110348906335,-51.43238613388968,318.9999994415625,205.99999979012628,1.0,1.0,0.6549019813537598,calibrated_uv_reprojection_plus_stereo_left
-12.560837745666504,-65.88487243652344,-585.56396484375,196.88821129487576,289.8111976482604,-51.3022908456615,319.9999997975968,205.99999912749865,1.0,1.0,0.6549019813537598,calibrated_uv_reprojection_plus_stereo_left
-11.316997528076172,-65.88245391845703,-585.5303955078125,196.15825879744716,288.7405458210204,-51.247545860554965,321.00000024826534,206.00000198144227,1.0,1.0,0.6549019813537598,calibrated_uv_reprojection_plus_stereo_left
-10.073198318481445,-65.88059997558594,-585.5018310546875,195.4308058817615,287.668268280079,-51.196621774724576,322.00000016822236,206.00000372880376,1.0,1.0,0.6549019813537598,calibrated_uv_reprojection_plus_stereo_left
-8.829115867614746,-65.87714385986328,-585.4589233398438,194.69610597213557,286.600499216226,-51.134735638612995,322.9999999897523,205.99999608285117,1.0,1.0,0.6549019813537598,calibrated_uv_reprojection_plus_stereo_left
-7.584580421447754,-65.86978912353516,-585.3815307617188,193.9440791632524,285.5437870902274,-51.0465230775925,323.9999999219059,206.00000308917407,1.0,1.0,0.6549019813537598,calibrated_uv_reprojection_plus_stereo_left
-6.3400702476501465,-65.86125183105469,-585.2935180664062,193.18682419465756,284.4906158856918,-50.95019738594084,324.9999999002315,205.99999993298897,1.0,1.0,0.6549019813537598,calibrated_uv_reprojection_plus_stereo_left
-5.096081733703613,-65.8570556640625,-585.2440795898438,192.4489448564629,283.42509773337406,-50.883330531967886,325.9999997155182,205.99999629203106,1.0,1.0,0.6549019813537598,calibrated_uv_reprojection_plus_stereo_left
-3.851874351501465,-65.84874725341797,-585.158203125,191.6929117441042,282.37148560962254,-50.78864844419536,327.00000010836237,206.00000213306782,1.0,1.0,0.6509804129600525,calibrated_uv_reprojection_plus_stereo_left
-2.6072046756744385,-65.82430267333984,-584.9288940429688,190.86568583556448,281.3650657487922,-50.584458799537344,328.00000011251484,206.00000391597473,1.0,1.0,0.6431372761726379,calibrated_uv_reprojection_plus_stereo_left
-1.3638432025909424,-65.82504272460938,-584.92333984375,190.14986678739336,280.2855312024207,-50.55110808540985,329.00000001712294,206.0000017015769,1.0,1.0,0.6392157077789307,calibrated_uv_reprojection_plus_stereo_left
-0.12031854689121246,-65.82674407958984,-584.9263305664062,189.4381794777828,279.2030194122421,-50.52427686791401,330.00000000622356,205.99999989736338,1.0,0.9960784316062927,0.6313725709915161,calibrated_uv_reprojection_plus_stereo_left
1.1232606172561646,-65.8198471069336,-584.8529052734375,188.68867209394136,278.14581739615596,-50.43910891800533,331.00000004010496,205.9999969876316,1.0,0.9921568632125854,0.6274510025978088,calibrated_uv_reprojection_plus_stereo_left
2.367217540740967,-65.82688903808594,-584.9033813476562,188.0002168705027,277.04717378743726,-50.44851910173338,332.0000001367128,205.9999982702999,1.0,0.9607843160629272,0.5960784554481506,calibrated_uv_reprojection_plus_stereo_left
3.6106884479522705,-65.8177261352539,-584.8098754882812,187.24083679582083,275.996731885839,-50.348027573697266,332.99999997057324,206.00000015950542,1.0,0.9372549057006836,0.572549045085907,calibrated_uv_reprojection_plus_stereo_left
4.854442596435547,-65.81523895263672,-584.775634765625,186.51060677100224,274.9263748233046,-50.292768488573984,334.00000016349014,205.99999739804102,1.0,0.8901960849761963,0.5215686559677124,calibrated_uv_reprojection_plus_stereo_left
6.0981292724609375,-65.81156158447266,-584.7308349609375,185.77519235920556,273.8595810942285,-50.22945127841217,335.00000013428627,205.99999608812524,1.0,0.9019607901573181,0.5333333611488342,calibrated_uv_reprojection_plus_stereo_left
7.349674701690674,-65.87834167480469,-585.3120727539062,185.3448603296415,272.5782112100047,-50.643859435486945,335.99999986898945,205.99999850853143,1.0,0.9019607901573181,0.529411792755127,calibrated_uv_reprojection_plus_stereo_left
8.595834732055664,-65.88343811035156,-585.34521484375,184.64657156245568,271.48340242208076,-50.63998410079898,337.00000018036883,205.99999751305882,1.0,0.9058823585510254,0.5372549295425415,calibrated_uv_reprojection_plus_stereo_left
9.842573165893555,-65.89019775390625,-585.3931884765625,183.9552808748361,270.38317161575264,-50.64742074895037,337.99999972343124,206.00000177514815,1.0,0.9176470637321472,0.545098066329956,calibrated_uv_reprojection_plus_stereo_left
11.090282440185547,-65.900390625,-585.4716186523438,183.2784983985963,269.2719878997992,-50.67808232529029,338.9999998059033,206.00000232554356,1.0,0.9215686321258545,0.5490196347236633,calibrated_uv_reprojection_plus_stereo_left
12.333768844604492,-65.8852310180664,-585.3248291015625,182.49275900686507,268.2392141806915,-50.53691465058182,339.99999978670303,206.00000440630623,1.0,0.929411768913269,0.5529412031173706,calibrated_uv_reprojection_plus_stereo_left
13.58072280883789,-65.8890151977539,-585.3462524414062,181.78822384668388,267.1476012737518,-50.52407190246521,341.00000046901715,205.99999884535455,1.0,0.929411768913269,0.5529412031173706,calibrated_uv_reprojection_plus_stereo_left
14.828483581542969,-65.8951416015625,-585.3885498046875,181.0935430315464,266.0483630891909,-50.52714916241587,341.9999993218557,205.99999954254554,1.0,0.929411768913269,0.5568627715110779,calibrated_uv_reprojection_plus_stereo_left
16.074892044067383,-65.89420318603516,-585.3680419921875,180.36858232054834,264.9711402584711,-50.48231122418787,343.00000060780036,205.99999648545068,1.0,0.886274516582489,0.5333333611488342,calibrated_uv_reprojection_plus_stereo_left
17.319616317749023,-65.886474609375,-585.2872924804688,179.614789866921,263.9153763215808,-50.391529693352766,343.99999922239874,206.00000048253915,0.9725490212440491,0.7882353067398071,0.4431372582912445,calibrated_uv_reprojection_plus_stereo_left
18.563966751098633,-65.87796783447266,-585.1995849609375,178.85777474666753,262.86224428433127,-50.295442583632166,344.999999242877,206.00000026108472,0.9803921580314636,0.7176470756530762,0.43529412150382996,calibrated_uv_reprojection_plus_stereo_left
19.8079776763916,-65.86894226074219,-585.1072387695312,178.0986630313664,261.8109453253727,-50.19582048414594,346.0000009417503,205.9999971472389,0.9921568632125854,0.7137255072593689,0.4431372582912445,calibrated_uv_reprojection_plus_stereo_left
21.053224563598633,-65.86442565917969,-585.0549926757812,177.35866927125306,260.74526682797017,-50.126783883975975,347.0000005283,205.9999982045785,0.9372549057006836,0.7215686440467834,0.4588235318660736,calibrated_uv_reprojection_plus_stereo_left
22.285566329956055,-65.82189178466797,-584.6650390625,176.45907250552972,259.8028755647573,-49.80024790786331,348.0000006573641,205.99999761663452,0.9333333373069763,0.7215686440467834,0.45490196347236633,calibrated_uv_reprojection_plus_stereo_left
23.52456283569336,-65.80209350585938,-584.47705078125,175.65553617171696,258.7876769964705,-49.62773351784949,349.00000029369124,205.99999752802103,0.8784313797950745,0.7333333492279053,0.4470588266849518,calibrated_uv_reprojection_plus_stereo_left
24.762210845947266,-65.78034210205078,-584.271728515625,174.84420041194426,257.77940369147007,-49.44201867902376,349.9999988529628,205.99999816456256,0.8705882430076599,0.7372549176216125,0.45098039507865906,calibrated_uv_reprojection_plus_stereo_left
25.99918556213379,-65.75861358642578,-584.066650390625,174.0333686973529,256.77163653712046,-49.25650795373741,350.9999993707016,206.00000189549658,0.8313725590705872,0.7490196228027344,0.47058823704719543,calibrated_uv_reprojection_plus_stereo_left
27.252906799316406,-65.77896881103516,-584.2352905273438,173.39775231815332,255.62528748389158,-49.35589172847,351.9999993394817,205.99999951324293,0.8078431487083435,0.7490196228027344,0.47058823704719543,calibrated_uv_reprojection_plus_stereo_left
28.496423721313477,-65.77366638183594,-584.1760864257812,172.65530912472542,254.5634228703082,-49.28158445478863,353.00000039126763,206.0000012841289,0.772549033164978,0.7568627595901489,0.48235294222831726,calibrated_uv_reprojection_plus_stereo_left
29.74199104309082,-65.77304077148438,-584.158447265625,171.9322427516837,253.48598342661145,-49.23896077082378,353.99999947745766,206.00000554096727,0.772549033164978,0.7450980544090271,0.47058823704719543,calibrated_uv_reprojection_plus_stereo_left
30.992029190063477,-65.78166961669922,-584.222900390625,171.2472173050267,252.37740972821993,-49.258894691031344,355.000000119332,206.00000096431302,0.8823529481887817,0.8588235378265381,0.5843137502670288,calibrated_uv_reprojection_plus_stereo_left
32.24470520019531,-65.79473114013672,-584.3267822265625,170.5801721274055,251.25346095930863,-49.30886993148516,355.999998875786,206.00000238872437,0.9960784316062927,0.9725490212440491,0.6823529601097107,calibrated_uv_reprojection_plus_stereo_left
33.505165100097656,-65.82184600830078,-584.555419921875,169.97036168803083,250.08134159043252,-49.45389699959901,356.99999787711715,205.99999983972305,1.0,0.9686274528503418,0.6705882549285889,calibrated_uv_reprojection_plus_stereo_left
34.76249313354492,-65.84081268310547,-584.7117309570312,169.32657604016174,248.93594896332522,-49.543787064877904,357.9999987916981,206.0000014737064,1.0,0.9725490212440491,0.6431372761726379,calibrated_uv_reprojection_plus_stereo_left
36.02263259887695,-65.86335754394531,-584.8997802734375,168.69687591243246,247.77757783538954,-49.65783809470264,358.99999938623887,206.00000044394676,1.0,0.9725490212440491,0.6274510025978088,calibrated_uv_reprojection_plus_stereo_left
37.28470993041992,-65.8875732421875,-585.1026611328125,168.0733987139916,246.61259980337636,-49.78316612572621,359.99999986682104,205.99999974310353,1.0,0.9647058844566345,0.6196078658103943,calibrated_uv_reprojection_plus_stereo_left
38.53364181518555,-65.88751220703125,-585.0899047851562,167.35082579063277,245.53060913094595,-49.74418528362014,361.0000001755073,205.99999486446563,1.0,0.9647058844566345,0.6196078658103943,calibrated_uv_reprojection_plus_stereo_left
39.783287048339844,-65.88839721679688,-585.085693359375,166.63205743489158,244.4451692696584,-49.711719206310704,361.9999980786114,206.00000311169308,1.0,0.9647058844566345,0.6196078658103943,calibrated_uv_reprojection_plus_stereo_left
41.03289794921875,-65.88895416259766,-585.0784301757812,165.91181091039226,243.36076559672136,-49.676916351335535,363.00000215864935,205.99999900054954,1.0,0.9647058844566345,0.6196078658103943,calibrated_uv_reprojection_plus_stereo_left
42.26917266845703,-65.86848449707031,-584.884521484375,165.1069061663464,242.34989971733572,-49.49994723156931,364.0000011557304,206.00000061951857,1.0,0.9607843160629272,0.6196078658103943,calibrated_uv_reprojection_plus_stereo_left
43.51243591308594,-65.85955810546875,-584.7930908203125,164.34867377756126,241.29894847510622,-49.401043092452426,365.0000020316451,205.99999993911007,1.0,0.9529411792755127,0.6117647290229797,calibrated_uv_reprojection_plus_stereo_left
44.75412368774414,-65.8486099243164,-584.6837158203125,163.58247049823103,240.2553223259908,-49.28847774598415,366.00000207788963,205.99999976402646,1.0,0.9450980424880981,0.6078431606292725,calibrated_uv_reprojection_plus_stereo_left
45.9931755065918,-65.83428955078125,-584.54443359375,162.80298637596007,239.22391455745816,-49.15314525950174,366.99999803382553,206.00000246247413,1.0,0.9450980424880981,0.6039215922355652,calibrated_uv_reprojection_plus_stereo_left
47.2684326171875,-65.87098693847656,-584.8580322265625,162.22670878522968,238.01073045130792,-49.36268118159586,368.00000111210693,205.99999598139175,1.0,0.9450980424880981,0.5921568870544434,calibrated_uv_reprojection_plus_stereo_left
48.52397537231445,-65.87883758544922,-584.9155883789062,161.53510976017827,236.89966128600932,-49.37722532882316,369.0000004803081,205.99999787138196,1.0,0.9372549057006836,0.5960784554481506,calibrated_uv_reprojection_plus_stereo_left
49.77633285522461,-65.88189697265625,-584.9305419921875,160.82427427293982,235.80549681253407,-49.35931853517218,370.00000282577713,205.99999441777854,1.0,0.929411768913269,0.6039215922355652,calibrated_uv_reprojection_plus_stereo_left
51.0296630859375,-65.88587951660156,-584.9537963867188,160.11697701193845,234.70773678492654,-49.34773184981316,371.00000073588194,206.00000063610565,1.0,0.9411764740943909,0.6313725709915161,calibrated_uv_reprojection_plus_stereo_left
52.31938934326172,-65.93537139892578,-585.3810424804688,159.5885949342245,233.44426058946075,-49.64369135942735,371.9999977049175,206.0000030531629,0.800000011920929,0.6901960968971252,0.3921568691730499,calibrated_uv_reprojection_plus_stereo_left
-26.262500762939453,-64.71287536621094,-586.3462524414062,204.2187686896596,301.98196774156656,-52.85985757119602,309.0000015959017,207.00000326033978,0.8980392217636108,0.772549033164978,0.5803921818733215,calibrated_uv_reprojection_plus_stereo_left
-25.01010513305664,-64.68929290771484,-586.12109375,203.3894482704274,300.9672916865756,-52.65845679463996,310.00000129101335,207.00000290448466,0.9960784316062927,0.9372549057006836,0.6901960968971252,calibrated_uv_reprojection_plus_stereo_left
-23.76334571838379,-64.67896270751953,-586.0159912109375,202.62254587354965,299.91778255788614,-52.54896662980383,310.999999899582,207.0000006464611,1.0,0.9921568632125854,0.7058823704719543,calibrated_uv_reprojection_plus_stereo_left
-22.511051177978516,-64.6520004272461,-585.7601928710938,201.77818153649537,298.91333358650974,-52.32414325042288,311.9999996470841,206.9999976641585,1.0,1.0,0.6784313917160034,calibrated_uv_reprojection_plus_stereo_left
-21.261686325073242,-64.63121032714844,-585.5603637695312,200.963085161405,297.8929107815685,-52.14217782262375,312.9999988601262,206.99999830444116,1.0,1.0,0.6745098233222961,calibrated_uv_reprojection_plus_stereo_left
-20.017065048217773,-64.62361145019531,-585.4801025390625,200.20964822041282,296.83704350139055,-52.05173299054121,314.0000012415756,207.00000350208336,1.0,1.0,0.6705882549285889,calibrated_uv_reprojection_plus_stereo_left
-18.7677059173584,-64.59917449951172,-585.2471923828125,199.3782514865536,295.827571844664,-51.844475082833924,314.999999716068,206.99999955899645,1.0,1.0,0.658823549747467,calibrated_uv_reprojection_plus_stereo_left
-17.51832389831543,-64.57170867919922,-584.9868774414062,198.53332974567513,294.82715145441847,-51.61626790923958,316.00000013231573,206.99999808800928,1.0,1.0,0.6549019813537598,calibrated_uv_reprojection_plus_stereo_left
-16.27553367614746,-64.56674194335938,-584.9304809570312,197.7927068341338,293.7649787227738,-51.544110394762015,316.9999996428227,207.0000040504801,1.0,1.0,0.6549019813537598,calibrated_uv_reprojection_plus_stereo_left
-15.032931327819824,-64.5623779296875,-584.8794555664062,197.0548467007573,292.7011876855936,-51.47605826984443,318.0000003983483,207.0000020625913,1.0,1.0,0.6549019813537598,calibrated_uv_reprojection_plus_stereo_left
-13.789487838745117,-64.5539321899414,-584.7914428710938,196.29827157149703,291.64890593725977,-51.37970991769447,318.9999992046735,206.99999906194492,1.0,1.0,0.6549019813537598,calibrated_uv_reprojection_plus_stereo_left
-12.545066833496094,-64.53951263427734,-584.6493530273438,195.51447462326178,290.6136731268445,-51.24200009424936,320.0000002830847,206.9999993174016,1.0,1.0,0.6549019813537598,calibrated_uv_reprojection_plus_stereo_left
-11.305180549621582,-64.54859924316406,-584.72021484375,194.83825529292676,289.5119061860845,-51.26719361222746,320.9999996485099,207.00000088473035,1.0,1.0,0.6549019813537598,calibrated_uv_reprojection_plus_stereo_left
-10.063576698303223,-64.54981994628906,-584.7197875976562,194.12591034461002,288.43223791505653,-51.23784637763225,322.0000003393982,206.99999962688045,1.0,1.0,0.6549019813537598,calibrated_uv_reprojection_plus_stereo_left
-8.822378158569336,-64.55535888671875,-584.7584838867188,193.43308365383666,287.33997422835625,-51.23841817805993,322.9999999695807,206.99999921989144,1.0,1.0,0.6549019813537598,calibrated_uv_reprojection_plus_stereo_left
-7.578749179840088,-64.54320526123047,-584.6369018554688,192.65985241429212,286.29864195514097,-51.1164033568395,323.99999976248745,206.9999975206444,1.0,1.0,0.6549019813537598,calibrated_uv_reprojection_plus_stereo_left
-6.3353095054626465,-64.52963256835938,-584.5025634765625,191.88043365756232,285.2617004656246,-50.98464638693275,325.0000002375477,207.00000420672725,1.0,1.0,0.6549019813537598,calibrated_uv_reprojection_plus_stereo_left
-5.092375755310059,-64.51762390136719,-584.3822631835938,191.10823607333612,284.2205469083809,-50.8636255427495,325.99999992740004,206.9999991688751,1.0,1.0,0.6549019813537598,calibrated_uv_reprojection_plus_stereo_left
-3.8496549129486084,-64.50376892089844,-584.2453002929688,190.32794185483658,283.18509579568075,-50.72987477232357,326.99999994669844,206.9999992376202,1.0,1.0,0.6549019813537598,calibrated_uv_reprojection_plus_stereo_left
-2.6064658164978027,-64.46858215332031,-583.9151611328125,189.4521473657947,282.21317252875883,-50.44843604976563,327.9999999324685,207.0000019523995,1.0,1.0,0.6509804129600525,calibrated_uv_reprojection_plus_stereo_left
-1.3653000593185425,-64.4715576171875,-583.9306640625,188.74790402349902,281.12861452000345,-50.431279185806545,329.0000000317396,207.0000036529148,1.0,1.0,0.6549019813537598,calibrated_uv_reprojection_plus_stereo_left
-0.12388012558221817,-64.47439575195312,-583.9448852539062,188.04288592907443,280.04425803945725,-50.4131345029387,330.00000000709986,207.00000218781764,1.0,1.0,0.6549019813537598,calibrated_uv_reprojection_plus_stereo_left
1.117827296257019,-64.47947692871094,-583.9794311523438,187.34772134111756,278.95292541151707,-50.41052154901149,330.9999999293153,207.00000180412547,1.0,1.0,0.6549019813537598,calibrated_uv_reprojection_plus_stereo_left
2.35921573638916,-64.4666748046875,-583.85205078125,186.57291239273042,277.9154632103009,-50.28412948768158,331.9999999992092,207.00000494103642,1.0,0.9843137264251709,0.6901960968971252,calibrated_uv_reprojection_plus_stereo_left
3.601006031036377,-64.4674072265625,-583.84716796875,185.85826661919543,276.8371059737149,-50.251369934061984,332.9999999730971,207.00000088282763,1.0,0.9843137264251709,0.6941176652908325,calibrated_uv_reprojection_plus_stereo_left
4.842373847961426,-64.46028137207031,-583.7711791992188,185.10880529781377,275.7826522731626,-50.1642649719459,333.9999998346583,207.0000023761571,0.9960784316062927,0.8274509906768799,0.5254902243614197,calibrated_uv_reprojection_plus_stereo_left
6.0837836265563965,-64.45503234863281,-583.7120971679688,184.36766175512741,274.72256245550136,-50.090078652095485,335.0000002957032,206.99999575164432,0.9725490212440491,0.7764706015586853,0.47843137383461,calibrated_uv_reprojection_plus_stereo_left
7.3303914070129395,-64.4960708618164,-584.072265625,183.8302070623394,273.51919994173215,-50.33628207282652,336.00000021865765,206.99999561327286,1.0,0.8784313797950745,0.6000000238418579,calibrated_uv_reprojection_plus_stereo_left
8.573943138122559,-64.50116729736328,-584.10693359375,183.13404475347812,272.4262229794905,-50.33371938352093,337.0000005217169,206.9999953113861,1.0,0.8627451062202454,0.572549045085907,calibrated_uv_reprojection_plus_stereo_left
9.817362785339355,-64.50318908691406,-584.1138305664062,182.42426198704078,271.34255540183267,-50.309933754128735,337.99999968911186,207.0000016544585,1.0,0.8352941274642944,0.5098039507865906,calibrated_uv_reprojection_plus_stereo_left
11.062183380126953,-64.5121078491211,-584.18310546875,181.7444319492202,270.23702138824444,-50.33379758527059,339.0000002903519,207.00000134235918,1.0,0.8117647171020508,0.48627451062202454,calibrated_uv_reprojection_plus_stereo_left
12.304707527160645,-64.50646209716797,-584.1204833984375,181.00089898818754,269.177136919506,-50.25688254045008,339.99999959309264,207.00000035734473,1.0,0.8039215803146362,0.48627451062202454,calibrated_uv_reprojection_plus_stereo_left
13.550411224365234,-64.51631927490234,-584.1982421875,180.32474528447136,268.0680267229561,-50.287211055173714,341.0000000667941,206.99999940868838,1.0,0.7647058963775635,0.4588235318660736,calibrated_uv_reprojection_plus_stereo_left
14.796170234680176,-64.52415466308594,-584.2576904296875,179.63953327863487,266.96492854847224,-50.30354036928617,341.99999980508153,206.9999985743919,1.0,0.6901960968971252,0.3921568691730499,calibrated_uv_reprojection_plus_stereo_left
16.041419982910156,-64.52816009521484,-584.282470703125,178.93752201294308,265.8737476956202,-50.29337960437243,342.9999999463008,206.9999990883095,1.0,0.6470588445663452,0.37254902720451355,calibrated_uv_reprojection_plus_stereo_left
17.293697357177734,-64.55730438232422,-584.5348510742188,178.34368042794847,264.70112755423065,-50.45704850461402,343.9999997280255,206.99999807175178,1.0,0.658823549747467,0.3960784375667572,calibrated_uv_reprojection_plus_stereo_left
18.536832809448242,-64.55020904541016,-584.4591064453125,177.5933269044425,263.6450550342871,-50.37008796408054,344.9999999291567,206.9999981486381,1.0,0.6823529601097107,0.43529412150382996,calibrated_uv_reprojection_plus_stereo_left
19.78070640563965,-64.54595947265625,-584.4091186523438,176.85524809110757,262.5798155886026,-50.30280007429718,346.0000002664436,206.99999730350686,1.0,0.686274528503418,0.4470588266849518,calibrated_uv_reprojection_plus_stereo_left
21.02521324157715,-64.5437240600586,-584.3773803710938,176.12580139507173,261.5079861515303,-50.249449449931035,347.00000117269053,206.9999976243443,0.9960784316062927,0.7019608020782471,0.4627451002597809,calibrated_uv_reprojection_plus_stereo_left
22.254199981689453,-64.49635314941406,-583.9370727539062,175.20383933274184,260.58487829697515,-49.88412444111316,347.9999996831802,207.00000494775864,0.9960784316062927,0.7019608020782471,0.4588235318660736,calibrated_uv_reprojection_plus_stereo_left
23.492835998535156,-64.48011016845703,-583.7784423828125,174.41521293817345,259.5601472789451,-49.7339004929234,348.99999999433953,206.99999816858102,0.9529411792755127,0.7254902124404907,0.4588235318660736,calibrated_uv_reprojection_plus_stereo_left
24.729616165161133,-64.46028900146484,-583.5875244140625,173.61172596840834,258.5477208799228,-49.55904264869719,350.000000240733,207.00000052117417,0.9333333373069763,0.7215686440467834,0.45490196347236633,calibrated_uv_reprojection_plus_stereo_left
25.963275909423828,-64.43428039550781,-583.340576171875,172.78240932998943,257.55655119720245,-49.34142280810022,350.99999947545274,207.00000113828116,0.8823529481887817,0.7411764860153198,0.47058823704719543,calibrated_uv_reprojection_plus_stereo_left
27.21635627746582,-64.45630645751953,-583.5285034179688,172.15633205309416,256.40456523468765,-49.45580140728492,352.0000004390249,207.00000224776005,0.8509804010391235,0.7372549176216125,0.4588235318660736,calibrated_uv_reprojection_plus_stereo_left
28.45861053466797,-64.45157623291016,-583.4741821289062,171.41704537476164,255.3421685451665,-49.385238783072566,353.00000030422444,207.00000182839017,0.800000011920929,0.7372549176216125,0.45098039507865906,calibrated_uv_reprojection_plus_stereo_left
29.701778411865234,-64.44892120361328,-583.4386596679688,170.6865008647626,254.27275617814965,-49.32902676003113,353.9999996801137,207.00000249719702,0.772549033164978,0.7058823704719543,0.4274509847164154,calibrated_uv_reprojection_plus_stereo_left
30.950061798095703,-64.45684814453125,-583.4988403320312,170.00020798993478,253.16721683280068,-49.34585282522863,355.0000004462422,206.99999513919562,0.8745098114013672,0.8117647171020508,0.5411764979362488,calibrated_uv_reprojection_plus_stereo_left
32.19717788696289,-64.46153259277344,-583.52978515625,169.30016258594986,252.07237407687174,-49.34036290441736,356.0000011212503,206.99999849077287,1.0,0.9607843160629272,0.6705882549285889,calibrated_uv_reprojection_plus_stereo_left
33.461246490478516,-64.49828338623047,-583.8509521484375,168.733467175844,250.86673373677536,-49.556342156772644,357.00000037234935,206.9999977865063,1.0,0.9725490212440491,0.6705882549285889,calibrated_uv_reprojection_plus_stereo_left
34.71747589111328,-64.51756286621094,-584.0139770507812,168.0933075314398,249.7202509031374,-49.65161004227582,358.00000055508605,206.9999991175895,1.0,0.9764705896377563,0.6470588445663452,calibrated_uv_reprojection_plus_stereo_left
35.97293472290039,-64.53387451171875,-584.1500854492188,167.44032450699302,248.58334452166815,-49.7263164116934,359.0000018564234,206.99999654712434,1.0,0.9764705896377563,0.6313725709915161,calibrated_uv_reprojection_plus_stereo_left
37.2380485534668,-64.56558990478516,-584.4257202148438,166.85057703890686,247.39186831088332,-49.907467629074574,359.999998321987,207.00000319927878,1.0,0.9764705896377563,0.6313725709915161,calibrated_uv_reprojection_plus_stereo_left
38.489280700683594,-64.57172393798828,-584.4697265625,166.1546120861941,246.2891216797058,-49.911865067006545,360.9999985952058,207.00000394423918,1.0,0.9764705896377563,0.6313725709915161,calibrated_uv_reprojection_plus_stereo_left
39.73725509643555,-64.57195281982422,-584.460205078125,165.43413434951384,245.20692046030328,-49.875413627530236,362.0000019682431,206.9999980390918,1.0,0.9764705896377563,0.6235294342041016,calibrated_uv_reprojection_plus_stereo_left
40.98954772949219,-64.57875061035156,-584.51025390625,164.7405365847183,244.10125356511207,-49.884407917408,362.9999987647187,207.00000238489247,1.0,0.9725490212440491,0.6196078658103943,calibrated_uv_reprojection_plus_stereo_left
42.22599411010742,-64.56070709228516,-584.3353271484375,163.9451332631632,243.0838198925571,-49.72177642417205,364.000001573086,206.99999480656106,1.0,0.9647058844566345,0.6196078658103943,calibrated_uv_reprojection_plus_stereo_left
43.46464538574219,-64.54676055908203,-584.1976318359375,163.16680733204953,242.05215313564108,-49.587564208560536,364.99999862676424,207.00000011949493,1.0,0.9647058844566345,0.6196078658103943,calibrated_uv_reprojection_plus_stereo_left
44.70479202270508,-64.5355453491211,-584.0845947265625,162.39978468391092,241.01102200096366,-49.47216393843388,366.0000012178173,206.9999996242175,1.0,0.95686274766922,0.6117647290229797,calibrated_uv_reprojection_plus_stereo_left
45.94318771362305,-64.52228546142578,-583.953125,161.6246739993544,239.97751729513047,-49.34271725309344,366.9999980475579,207.000005319328,1.0,0.95686274766922,0.6117647290229797,calibrated_uv_reprojection_plus_stereo_left
47.22502136230469,-64.56893157958984,-584.3637084960938,161.0918718693007,238.72683167973037,-49.626635753402354,367.9999985755125,207.0000009599988,1.0,0.9529411792755127,0.6117647290229797,calibrated_uv_reprojection_plus_stereo_left
48.47088623046875,-64.56507110595703,-584.3171997070312,160.35436813215642,237.65870781894728,-49.5619594256205,369.0000010619535,206.99999775383765,1.0,0.9411764740943909,0.6117647290229797,calibrated_uv_reprojection_plus_stereo_left
49.70444869995117,-64.54524230957031,-584.1262817382812,159.55272351510195,236.64908160929528,-49.3871790216337,369.99999927059775,207.00000358970823,1.0,0.9411764740943909,0.6235294342041016,calibrated_uv_reprojection_plus_stereo_left
50.96669006347656,-64.56254577636719,-584.271240234375,158.90021877924107,235.50334430570285,-49.46848857492216,371.00000288184117,206.9999948057047,0.9647058844566345,0.8627451062202454,0.5529412031173706,calibrated_uv_reprojection_plus_stereo_left
-27.459793090820312,-63.35300064086914,-585.296142578125,203.47523765120002,303.88358086964405,-52.72346995361437,308.00000004416773,208.00000248044202,0.8784313797950745,0.7490196228027344,0.5803921818733215,calibrated_uv_reprojection_plus_stereo_left
-26.20616912841797,-63.322181701660156,-585.0005493164062,202.610886756863,302.8909251603445,-52.467917957884936,308.99999952734817,207.9999977264764,0.9411764740943909,0.8666666746139526,0.6470588445663452,calibrated_uv_reprojection_plus_stereo_left
-24.956579208374023,-63.298885345458984,-584.7745361328125,201.7830358314635,301.8788138325321,-52.265732603135746,309.99999965988377,207.99999949475423,1.0,1.0,0.7058823704719543,calibrated_uv_reprojection_plus_stereo_left
-23.711477279663086,-63.2855110168457,-584.64013671875,201.00278295489397,300.840362964112,-52.13378562564185,310.99999832272084,207.99999655518067,1.0,1.0,0.686274528503418,calibrated_uv_reprojection_plus_stereo_left
-22.477697372436523,-63.302947998046875,-584.7904663085938,200.36893423316798,299.71777829111625,-52.2200876329984,312.00000058315453,208.00000162674334,1.0,1.0,0.6705882549285889,calibrated_uv_reprojection_plus_stereo_left
-21.231414794921875,-63.285579681396484,-584.6192016601562,199.56988608717688,298.6904705446469,-52.05989184142709,313.00000141307345,208.0000012184308,1.0,1.0,0.658823549747467,calibrated_uv_reprojection_plus_stereo_left
-19.98793601989746,-63.27537155151367,-584.5140991210938,198.8049574364623,297.6437627994231,-51.95041392482392,314.0000001388075,208.00000205460486,1.0,1.0,0.6549019813537598,calibrated_uv_reprojection_plus_stereo_left
-18.73951530456543,-63.247623443603516,-584.2469482421875,197.95756486575567,296.6462454985351,-51.71676007669606,315.000000841156,208.0000006371282,1.0,1.0,0.6549019813537598,calibrated_uv_reprojection_plus_stereo_left
-17.498809814453125,-63.24433135986328,-584.2056884765625,197.22560360011357,295.58087390755634,-51.65622012534982,315.99999888727285,207.9999970945984,1.0,1.0,0.6549019813537598,calibrated_uv_reprojection_plus_stereo_left
-16.25539207458496,-63.23054504394531,-584.0675659179688,196.4444819207423,294.5451196390316,-51.5214658398296,317.00000004728554,207.99999998384482,1.0,1.0,0.6549019813537598,calibrated_uv_reprojection_plus_stereo_left
-15.01447582244873,-63.225608825683594,-584.0111694335938,195.704957659336,293.4845632966637,-51.449335465804836,317.9999997012962,208.00000067170208,1.0,1.0,0.658823549747467,calibrated_uv_reprojection_plus_stereo_left
-13.772215843200684,-63.21427536010742,-583.8956298828125,194.93560373940522,292.4423580946759,-51.33189265943031,318.99999967942995,207.9999966814304,1.0,1.0,0.6549019813537598,calibrated_uv_reprojection_plus_stereo_left
-12.532594680786133,-63.214717864990234,-583.8889770507812,194.22126177552326,291.3665112108779,-51.29787806970171,320.0000005931712,208.00000265385802,1.0,1.0,0.6549019813537598,calibrated_uv_reprojection_plus_stereo_left
-11.291505813598633,-63.20783996582031,-583.8145751953125,193.4727963693349,290.31174477032323,-51.21195527064236,320.99999976500163,207.9999969976754,1.0,1.0,0.6549019813537598,calibrated_uv_reprojection_plus_stereo_left
-10.050765037536621,-63.20234298706055,-583.7529907226562,192.7308242381082,289.25305300846424,-51.135856618215996,321.9999995852755,207.99999672831652,1.0,1.0,0.6549019813537598,calibrated_uv_reprojection_plus_stereo_left
-8.809932708740234,-63.19565963745117,-583.6804809570312,191.9834283547899,288.1978892869331,-51.05139351581886,322.99999975893166,207.9999992068524,1.0,1.0,0.6549019813537598,calibrated_uv_reprojection_plus_stereo_left
-7.570240020751953,-63.197486877441406,-583.6865844726562,191.27531633771446,287.11776816776694,-51.027141403290045,324.0000000617648,208.00000248475402,1.0,1.0,0.6549019813537598,calibrated_uv_reprojection_plus_stereo_left
-6.3291168212890625,-63.18716812133789,-583.5804443359375,190.51123190842196,286.0734498282998,-50.91692206752913,324.9999998784315,208.00000013458688,1.0,1.0,0.6549019813537598,calibrated_uv_reprojection_plus_stereo_left
-5.087785243988037,-63.17099380493164,-583.4202880859375,189.72047936435337,285.046782797202,-50.765348205337716,326.000000090211,208.00000311228837,1.0,1.0,0.6549019813537598,calibrated_uv_reprojection_plus_stereo_left
-3.846616268157959,-63.14939880371094,-583.2100219726562,188.90520003802322,284.03679526355995,-50.57541269062915,327.0000000225746,208.00000155417996,1.0,1.0,0.6549019813537598,calibrated_uv_reprojection_plus_stereo_left
-2.6060950756073,-63.12639617919922,-582.9867553710938,188.08390434967066,283.03166201000033,-50.37553913605609,327.9999999462511,207.9999993908706,1.0,1.0,0.6549019813537598,calibrated_uv_reprojection_plus_stereo_left
-1.3663809299468994,-63.10551071166992,-582.7830810546875,187.2726966530687,282.0207650319678,-50.190685526455354,329.0000000474607,208.00000016029807,1.0,1.0,0.6549019813537598,calibrated_uv_reprojection_plus_stereo_left
-0.12731491029262543,-63.06964111328125,-582.4410400390625,186.39386645876556,281.05610437579287,-49.89991802057267,330.0000000011084,208.00000129275637,0.7843137383460999,0.7529411911964417,0.3607843220233917,calibrated_uv_reprojection_plus_stereo_left
1.1112918853759766,-63.07960891723633,-582.5222778320312,185.72330276283685,279.9521247326929,-49.93320881090227,330.9999999796473,208.00000000966946,0.6705882549285889,0.6313725709915161,0.23137255012989044,calibrated_uv_reprojection_plus_stereo_left
2.3520004749298096,-63.131675720214844,-582.9922485351562,185.24256052384965,278.718001910677,-50.26405087674715,332.0000001426512,207.9999963236788,0.7019608020782471,0.6431372761726379,0.22745098173618317,calibrated_uv_reprojection_plus_stereo_left
3.5919430255889893,-63.131839752197266,-582.9829711914062,184.5267484907164,277.64273959940226,-50.22801675890702,333.00000010724864,207.99999792944928,0.7686274647712708,0.7058823704719543,0.29019609093666077,calibrated_uv_reprojection_plus_stereo_left
4.832397937774658,-63.136756896972656,-583.017578125,183.8322079140674,276.5525460054208,-50.22556681295589,334.00000014180904,207.99999904330252,0.8627451062202454,0.6313725709915161,0.37254902720451355,calibrated_uv_reprojection_plus_stereo_left
6.07299280166626,-63.139644622802734,-583.033447265625,183.1283788477296,275.4684159440144,-50.20876879830047,335.00000003582693,208.0000005799501,0.9882352948188782,0.7764706015586853,0.5215686559677124,calibrated_uv_reprojection_plus_stereo_left
7.316277027130127,-63.163543701171875,-583.2432861328125,182.51832810375356,274.31791899560574,-50.340402788765175,336.0000003582433,207.99999828253289,1.0,0.929411768913269,0.6901960968971252,calibrated_uv_reprojection_plus_stereo_left
8.55870532989502,-63.17314529418945,-583.3211669921875,181.8439180818437,273.2117266212917,-50.37103768715144,336.99999980440657,208.00000208800222,1.0,0.8823529481887817,0.6392157077789307,calibrated_uv_reprojection_plus_stereo_left
9.801121711730957,-63.179325103759766,-583.3673706054688,181.1539547465619,272.1159972645197,-50.37741742906104,337.999999617085,207.99999912124747,0.9882352948188782,0.772549033164978,0.529411792755127,calibrated_uv_reprojection_plus_stereo_left
11.04489517211914,-63.19105911254883,-583.4649047851562,180.48843302876037,271.0021466073657,-50.42306538003044,338.99999972402156,208.0000005240163,0.9764705896377563,0.6235294342041016,0.4000000059604645,calibrated_uv_reprojection_plus_stereo_left
12.288272857666016,-63.197654724121094,-583.5149536132812,179.79980673659406,269.90431261866513,-50.43236723127097,340.00000022084447,207.99999875484124,1.0,0.5411764979362488,0.34117648005485535,calibrated_uv_reprojection_plus_stereo_left
13.53133773803711,-63.2009162902832,-583.5342407226562,179.09624145399596,268.81690570074585,-50.41812755673368,340.99999983623843,207.99999916810938,1.0,0.5529412031173706,0.364705890417099,calibrated_uv_reprojection_plus_stereo_left
14.773886680603027,-63.200809478759766,-583.5224609375,178.37770293290686,267.7402036943864,-50.38011802544662,341.9999994238055,208.00000264428408,1.0,0.572549045085907,0.3960784375667572,calibrated_uv_reprojection_plus_stereo_left
16.01724624633789,-63.20336151123047,-583.53515625,177.67073230323882,266.6547146976075,-50.36082295382596,342.9999993437573,207.9999998513897,1.0,0.5843137502670288,0.4156862795352936,calibrated_uv_reprojection_plus_stereo_left
17.261245727539062,-63.20736312866211,-583.561279296875,176.96998934483878,265.5642390088445,-50.35179539863674,343.99999930398315,208.00000111933744,1.0,0.6039215922355652,0.43529412150382996,calibrated_uv_reprojection_plus_stereo_left
18.50421142578125,-63.20680618286133,-583.5452880859375,176.2491462988827,264.4885624149927,-50.31054917661447,345.0000006088993,208.0000001618293,1.0,0.6392157077789307,0.45098039507865906,calibrated_uv_reprojection_plus_stereo_left
19.74740219116211,-63.20659255981445,-583.532470703125,175.52973336494807,263.41164269779927,-50.27172777922419,345.99999959745156,207.99999966190168,1.0,0.658823549747467,0.46666666865348816,calibrated_uv_reprojection_plus_stereo_left
20.9908504486084,-63.20674514770508,-583.5230712890625,174.8118492868046,262.3333725489795,-50.23551919510737,346.9999989482599,208.0000024998958,1.0,0.6705882549285889,0.4588235318660736,calibrated_uv_reprojection_plus_stereo_left
22.22738265991211,-63.18681335449219,-583.3281860351562,174.00678941773896,261.32233960082857,-50.05746592156089,348.0000007576928,207.9999992815955,1.0,0.6745098233222961,0.4627451002597809,calibrated_uv_reprojection_plus_stereo_left
23.464885711669922,-63.17123031616211,-583.1734619140625,173.220907249667,260.29720626912433,-49.91013663486865,349.0000002505381,207.9999968825133,1.0,0.7019608020782471,0.45098039507865906,calibrated_uv_reprojection_plus_stereo_left
24.702667236328125,-63.157554626464844,-583.0364379882812,172.4435562529552,259.26599218337236,-49.776356494023105,349.99999945756696,208.00000220011913,1.0,0.7058823704719543,0.45490196347236633,calibrated_uv_reprojection_plus_stereo_left
25.939998626708984,-63.14374923706055,-582.8981323242188,171.66584059945,258.2355887124728,-49.64160070756964,351.0000007296109,207.99999985345596,0.9882352948188782,0.7254902124404907,0.47843137383461,calibrated_uv_reprojection_plus_stereo_left
27.183439254760742,-63.14506912231445,-582.8994750976562,170.95324265043655,257.1537777002579,-49.613614088587326,352.0000003981733,207.9999994042835,0.9450980424880981,0.7176470756530762,0.46666666865348816,calibrated_uv_reprojection_plus_stereo_left
28.423847198486328,-63.139217376708984,-582.8346557617188,170.20986875439473,256.0964448803294,-49.53504883103216,352.99999960253683,208.00000248917985,0.8705882430076599,0.7254902124404907,0.45490196347236633,calibrated_uv_reprojection_plus_stereo_left
29.66602897644043,-63.1373291015625,-582.806396484375,169.483445231073,255.0255003908799,-49.48442994884931,353.99999931206725,208.0000032535324,0.8235294222831726,0.7098039388656616,0.4313725531101227,calibrated_uv_reprojection_plus_stereo_left
30.908823013305664,-63.13655090332031,-582.788330078125,168.76168355401694,253.95065657538896,-49.4415971661964,355.00000176512754,207.9999993781994,0.8627451062202454,0.800000011920929,0.501960813999176,calibrated_uv_reprojection_plus_stereo_left
32.14866638183594,-63.1297607421875,-582.71484375,168.01437497218507,252.8966753111486,-49.356409581229286,356.00000030463985,208.0000019599027,0.9843137264251709,0.9450980424880981,0.6274510025978088,calibrated_uv_reprojection_plus_stereo_left
33.398658752441406,-63.142398834228516,-582.8206176757812,167.34933941150155,251.77469406875156,-49.40821744809688,356.9999998521304,207.99999855572665,1.0,0.9803921580314636,0.6509804129600525,calibrated_uv_reprojection_plus_stereo_left
34.65133285522461,-63.158748626708984,-582.960693359375,166.6996177618975,250.6390603599652,-49.486225774822685,358.00000119443683,207.99999934298398,1.0,0.9843137264251709,0.6392157077789307,calibrated_uv_reprojection_plus_stereo_left
35.90448760986328,-63.174560546875,-583.0958251953125,166.04718878742784,249.5046417583439,-49.56043956086535,359.0000007954581,208.00000252780143,1.0,0.9803921580314636,0.6313725709915161,calibrated_uv_reprojection_plus_stereo_left
37.173988342285156,-63.21687698364258,-583.4755249023438,165.50556951190754,248.27527759366848,-49.821502422300966,359.9999987205584,208.00000088742829,1.0,0.9843137264251709,0.6313725709915161,calibrated_uv_reprojection_plus_stereo_left
38.42313003540039,-63.22270584106445,-583.5184936523438,164.810153651313,247.17477018636197,-49.82525232860297,360.999998670778,208.00000356501855,0.9960784316062927,0.9764705896377563,0.6235294342041016,calibrated_uv_reprojection_plus_stereo_left
39.67068099975586,-63.22541046142578,-583.5325317382812,164.10144098063353,246.0851915492866,-49.80688578252119,362.0000011074658,207.99999818107347,0.9960784316062927,0.9725490212440491,0.6235294342041016,calibrated_uv_reprojection_plus_stereo_left
40.9188117980957,-63.22862243652344,-583.5513305664062,163.39472875837123,244.9935408097883,-49.79215485804701,363.0000008353727,207.99999979939972,1.0,0.9764705896377563,0.6235294342041016,calibrated_uv_reprojection_plus_stereo_left
42.154998779296875,-63.21352005004883,-583.4010620117188,162.6117905689842,243.96808154066218,-49.64826762053275,364.0000027382223,207.99999786847718,1.0,0.9764705896377563,0.6235294342041016,calibrated_uv_reprojection_plus_stereo_left
43.39536666870117,-63.205169677734375,-583.3131713867188,161.85710209903908,242.91839912105706,-49.55204079354661,364.9999991610231,208.00000119632605,1.0,0.9764705896377563,0.6235294342041016,calibrated_uv_reprojection_plus_stereo_left
44.633758544921875,-63.19428253173828,-583.2018432617188,161.09203204563738,241.8781702264674,-49.43791549708442,365.9999987499979,208.0000020910643,1.0,0.9686274528503418,0.6235294342041016,calibrated_uv_reprojection_plus_stereo_left
45.87566375732422,-63.188629150390625,-583.1387939453125,160.3486729661123,240.8189488619266,-49.36066766004001,366.9999997248292,208.00000092273928,1.0,0.9647058844566345,0.6196078658103943,calibrated_uv_reprojection_plus_stereo_left
47.15177536010742,-63.22895431518555,-583.5000610351562,159.79420259866043,239.58992042914028,-49.60746561206042,367.9999991870616,208.00000051642022,1.0,0.9647058844566345,0.6196078658103943,calibrated_uv_reprojection_plus_stereo_left
48.39999771118164,-63.23057556152344,-583.504150390625,159.08021103835864,238.5030445895971,-49.58147040637135,369.00000092565915,208.0000005242538,1.0,0.9529411792755127,0.6117647290229797,calibrated_uv_reprojection_plus_stereo_left
49.65852355957031,-63.245059967041016,-583.6268920898438,158.41861922339427,237.3680410003813,-49.64606869339514,370.00000315180915,207.99999640737832,0.9960784316062927,0.9450980424880981,0.6117647290229797,calibrated_uv_reprojection_plus_stereo_left
50.9236946105957,-63.266910552978516,-583.8176879882812,157.78665084072497,236.204798690739,-49.762616911991586,371.00000078201987,207.9999998071089,0.8392156958580017,0.7411764860153198,0.4470588266849518,calibrated_uv_reprojection_plus_stereo_left
-27.426860809326172,-62.02686309814453,-584.5101318359375,202.1587297149842,304.6265038604174,-52.75851903902043,308.0000004650119,209.0000002942792,0.8823529481887817,0.772549033164978,0.5764706134796143,calibrated_uv_reprojection_plus_stereo_left
-26.172584533691406,-61.9911003112793,-584.1630249023438,201.2691559827286,303.65002315184904,-52.46318900226203,308.99999999270744,209.0000031405792,1.0,0.9529411792755127,0.7137255072593689,calibrated_uv_reprojection_plus_stereo_left
-24.927522659301758,-61.97506332397461,-584.001708984375,200.4758842901457,302.62038779373574,-52.31050704035647,309.9999993852939,208.99999750702708,1.0,1.0,0.6941176652908325,calibrated_uv_reprojection_plus_stereo_left
-23.683631896972656,-61.96078109741211,-583.8570556640625,199.69143685642342,301.58629085393034,-52.1706336610784,310.9999998888167,209.00000243435727,1.0,1.0,0.6745098233222961,calibrated_uv_reprojection_plus_stereo_left
-22.443313598632812,-61.955196380615234,-583.7942504882812,198.94914013896027,300.5283509313176,-52.09358729624711,312.00000043902224,208.9999978930636,1.0,1.0,0.6549019813537598,calibrated_uv_reprojection_plus_stereo_left
-21.199951171875,-61.94047164916992,-583.6453857421875,198.16293655828366,299.49609779337015,-51.950494901100626,312.9999986868284,208.99999876226693,1.0,1.0,0.6666666865348816,calibrated_uv_reprojection_plus_stereo_left
-19.95320701599121,-61.913883209228516,-583.384765625,197.3200483751753,298.49769546445077,-51.72164665650911,313.99999972737317,209.00000194771394,1.0,1.0,0.6705882549285889,calibrated_uv_reprojection_plus_stereo_left
-18.709209442138672,-61.893348693847656,-583.18115234375,196.5066635243901,297.48291280165586,-51.53656500385199,315.000001167844,209.0000014598425,1.0,1.0,0.658823549747467,calibrated_uv_reprojection_plus_stereo_left
-17.475147247314453,-61.905601501464844,-583.2864379882812,195.85029277240272,296.3750774918682,-51.588533812846435,315.999999153382,208.99999796541846,1.0,1.0,0.658823549747467,calibrated_uv_reprojection_plus_stereo_left
-16.2336368560791,-61.89188003540039,-583.1470947265625,195.06981133575323,295.3413028488679,-51.45278735413882,317.0000004679884,209.0000036069598,1.0,1.0,0.658823549747467,calibrated_uv_reprojection_plus_stereo_left
-14.995360374450684,-61.88983917236328,-583.1177368164062,194.34506609985442,294.27412962248513,-51.40143389707748,318.00000051020214,209.0000031642823,1.0,1.0,0.6549019813537598,calibrated_uv_reprojection_plus_stereo_left
-13.755084991455078,-61.87908935546875,-583.0062866210938,193.57896489854267,293.23224162653355,-51.28709477108504,318.9999999542955,208.99999941375037,1.0,1.0,0.6549019813537598,calibrated_uv_reprojection_plus_stereo_left
-12.517606735229492,-61.88075256347656,-583.0118408203125,192.871777939688,292.154269903583,-51.26252642593482,320.00000001492157,209.0000001419588,1.0,1.0,0.6549019813537598,calibrated_uv_reprojection_plus_stereo_left
-11.27795696258545,-61.87166213989258,-582.9160766601562,192.11371544597165,291.10776420220867,-51.160230460109574,321.0000002526039,209.00000064349604,1.0,1.0,0.6549019813537598,calibrated_uv_reprojection_plus_stereo_left
-10.039071083068848,-61.86592483520508,-582.8519287109375,191.37157626008275,290.0515156270542,-51.082192530105374,322.0000003846139,209.0000031994814,1.0,1.0,0.6549019813537598,calibrated_uv_reprojection_plus_stereo_left
-8.800296783447266,-61.860374450683594,-582.7894897460938,190.63034232497324,288.99479916961195,-51.00546453820846,322.9999998413914,209.0000012400743,1.0,1.0,0.6549019813537598,calibrated_uv_reprojection_plus_stereo_left
-7.563654899597168,-61.871639251708984,-582.8854370117188,189.96791815397512,287.8877942842806,-51.05021331167899,323.99999973891846,208.9999968567894,1.0,1.0,0.6549019813537598,calibrated_uv_reprojection_plus_stereo_left
-6.32375955581665,-61.856895446777344,-582.7364501953125,189.1836414679014,286.85859767999403,-50.90710969020455,324.9999998689595,209.00000023205166,1.0,1.0,0.6549019813537598,calibrated_uv_reprojection_plus_stereo_left
-5.084061145782471,-61.839134216308594,-582.5590209960938,188.38554705406034,285.8389348340812,-50.74220387332821,326.00000025564293,209.00000187760554,1.0,1.0,0.6549019813537598,calibrated_uv_reprojection_plus_stereo_left
-3.8448781967163086,-61.82054138183594,-582.3737182617188,187.58389499749023,284.82231032289405,-50.571271320215544,326.9999998381947,208.99999974002023,1.0,1.0,0.6549019813537598,calibrated_uv_reprojection_plus_stereo_left
-2.606748104095459,-61.81269836425781,-582.2897338867188,186.8324732169521,283.77324894893013,-50.478042787346965,328.00000006023157,209.0000016938564,1.0,1.0,0.6549019813537598,calibrated_uv_reprojection_plus_stereo_left
-1.3683807849884033,-61.78647994995117,-582.0325927734375,185.99610061101964,282.78098274058254,-50.252052803118545,328.99999992879054,208.99999844231928,1.0,1.0,0.658823549747467,calibrated_uv_reprojection_plus_stereo_left
-0.130916029214859,-61.75885772705078,-581.7623291015625,185.15381048819927,281.7938255491829,-50.01602839686632,330.00000001562387,209.00000323384347,1.0,1.0,0.6666666865348816,calibrated_uv_reprojection_plus_stereo_left
1.1058732271194458,-61.74723434448242,-581.6427001953125,184.38570121511805,280.75766260487876,-49.89550135815432,330.99999997511935,209.00000133681164,0.9764705896377563,0.9764705896377563,0.615686297416687,calibrated_uv_reprojection_plus_stereo_left
2.344534158706665,-61.79340362548828,-582.0674438476562,183.88317579113385,279.54066111038037,-50.19227956242986,332.00000014647975,208.9999983879389,0.7882353067398071,0.7529411911964417,0.4313725531101227,calibrated_uv_reprojection_plus_stereo_left
3.5826892852783203,-61.796451568603516,-582.0860595703125,183.18199682082764,278.45780184814816,-50.17771047274789,332.9999999411672,209.00000108998452,0.9960784316062927,0.9607843160629272,0.6431372761726379,calibrated_uv_reprojection_plus_stereo_left
4.821512699127197,-61.80464172363281,-582.153076171875,182.50414581134527,277.3584261657816,-50.20023112565548,334.0000001391684,209.00000098907648,0.9843137264251709,0.7372549176216125,0.5137255191802979,calibrated_uv_reprojection_plus_stereo_left
6.061567306518555,-61.82057189941406,-582.29296875,181.86128809922826,276.23398759103054,-50.27859299625152,335.0000000390277,208.99999882780097,0.9450980424880981,0.7176470756530762,0.4901960790157318,calibrated_uv_reprojection_plus_stereo_left
7.303133010864258,-61.84265899658203,-582.4909057617188,181.24599149852344,275.08912898724054,-50.40142333640421,336.00000008465497,209.00000174857192,1.0,0.929411768913269,0.6941176652908325,calibrated_uv_reprojection_plus_stereo_left
8.54289436340332,-61.844234466552734,-582.49560546875,180.53707695214513,274.00945271812566,-50.376146191149246,336.99999950650346,209.0000016766748,1.0,0.9137254953384399,0.6745098233222961,calibrated_uv_reprojection_plus_stereo_left
9.783987998962402,-61.852909088134766,-582.567138671875,179.86013821893187,272.90661465571964,-50.40207511266101,338.00000038608226,208.9999991397624,0.9843137264251709,0.8627451062202454,0.615686297416687,calibrated_uv_reprojection_plus_stereo_left
11.025429725646973,-61.86077880859375,-582.631103515625,179.17929120296225,271.805966153981,-50.42219445847678,339.0000002013338,208.99999802174796,0.9725490212440491,0.6941176652908325,0.47058823704719543,calibrated_uv_reprojection_plus_stereo_left
12.268580436706543,-61.874942779541016,-582.75439453125,178.52652042571168,270.6843031302465,-50.48775976359644,339.9999996156467,209.0000011022213,1.0,0.5529412031173706,0.3686274588108063,calibrated_uv_reprojection_plus_stereo_left
13.509380340576172,-61.87507247924805,-582.7454223632812,177.810316491479,269.60822261919685,-50.45197430330978,341.0000006676717,208.99999723112103,1.0,0.545098066329956,0.3490196168422699,calibrated_uv_reprojection_plus_stereo_left
14.751985549926758,-61.88214874267578,-582.8019409179688,177.12515158817462,268.5090153231888,-50.466359807393076,341.99999975439886,208.99999932278715,1.0,0.5568627715110779,0.35686275362968445,calibrated_uv_reprojection_plus_stereo_left
15.994095802307129,-61.88564682006836,-582.8247680664062,176.4237663278763,267.4213303117937,-50.45492751579434,342.99999925556585,209.00000232411833,1.0,0.5529412031173706,0.3686274588108063,calibrated_uv_reprojection_plus_stereo_left
17.236976623535156,-61.89088439941406,-582.8639526367188,175.72995329732117,266.32758927116043,-50.45601667068138,343.9999997103152,209.0000034271491,1.0,0.5529412031173706,0.3764705955982208,calibrated_uv_reprojection_plus_stereo_left
18.47792625427246,-61.88846969604492,-582.8309936523438,175.00191508837423,265.25927437029486,-50.401836992026176,345.0000006399168,208.9999980511667,1.0,0.5607843399047852,0.3803921639919281,calibrated_uv_reprojection_plus_stereo_left
19.719911575317383,-61.88915252685547,-582.8272705078125,174.28759854158437,264.1804370980686,-50.37005077547224,346.000000378818,208.99999831282744,1.0,0.5686274766921997,0.3921568691730499,calibrated_uv_reprojection_plus_stereo_left
20.96138572692871,-61.8878173828125,-582.8045654296875,173.56427529659976,263.1082943125102,-50.32372500069715,346.99999923984336,209.00000053938146,1.0,0.6000000238418579,0.40784314274787903,calibrated_uv_reprojection_plus_stereo_left
22.201557159423828,-61.882591247558594,-582.7451782226562,172.82373405903854,262.0493586018853,-50.249304607691954,348.00000055172393,208.99999933575003,1.0,0.6352941393852234,0.43921568989753723,calibrated_uv_reprojection_plus_stereo_left
23.437946319580078,-61.867557525634766,-582.5934448242188,172.04012683330313,261.024113317015,-50.104174549128174,348.9999998559424,208.9999989182341,1.0,0.6941176652908325,0.48235294222831726,calibrated_uv_reprojection_plus_stereo_left
24.671459197998047,-61.846458435058594,-582.3846435546875,171.23021199821125,260.0201582832899,-49.915362132029884,349.99999900447744,209.00000223733238,1.0,0.7137255072593689,0.49803921580314636,calibrated_uv_reprojection_plus_stereo_left
25.90708351135254,-61.83207702636719,-582.239013671875,170.4500370024994,258.9935667405732,-49.774926633320206,351.00000025268224,208.9999977583902,1.0,0.7333333492279053,0.501960813999176,calibrated_uv_reprojection_plus_stereo_left
27.150405883789062,-61.83620834350586,-582.2677612304688,169.75085915561192,257.90287708612027,-49.768003162790535,352.0000013271608,208.9999977893407,1.0,0.7176470756530762,0.48235294222831726,calibrated_uv_reprojection_plus_stereo_left
28.38730812072754,-61.82568359375,-582.1585693359375,168.98779062310405,256.86318386710263,-49.65547999847911,352.99999827210024,209.0000035092314,0.9921568632125854,0.6980392336845398,0.4627451002597809,calibrated_uv_reprojection_plus_stereo_left
29.6253662109375,-61.81814956665039,-582.0774536132812,168.23781865543214,255.81323886693403,-49.564450105625156,353.99999860827563,209.0000018145452,0.9215686321258545,0.6901960968971252,0.4274509847164154,calibrated_uv_reprojection_plus_stereo_left
30.863801956176758,-61.81168746948242,-582.0064086914062,167.4925649772427,254.75964905432122,-49.481131025959314,354.9999998870162,208.9999981024671,0.9254902005195618,0.8078431487083435,0.5137255191802979,calibrated_uv_reprojection_plus_stereo_left
32.10615539550781,-61.81298828125,-582.0084838867188,166.78087907825835,253.6785819380427,-49.45378050993389,356.00000011669374,208.99999665606347,1.0,0.95686274766922,0.6313725709915161,calibrated_uv_reprojection_plus_stereo_left
33.353546142578125,-61.82325744628906,-582.0950317382812,166.10767910846636,252.56532684313004,-49.49107638877069,357.000000002237,208.9999980360571,1.0,0.9843137264251709,0.6352941393852234,calibrated_uv_reprojection_plus_stereo_left
34.60080337524414,-61.83229064941406,-582.169921875,165.42884655430112,251.45602492864631,-49.519436973070924,358.0000007409693,208.99999803024068,1.0,0.9803921580314636,0.6470588445663452,calibrated_uv_reprojection_plus_stereo_left
35.852569580078125,-61.848228454589844,-582.309814453125,164.77926835836325,250.32140268883768,-49.59752732720892,359.00000000902253,208.9999979200236,1.0,0.9764705896377563,0.6470588445663452,calibrated_uv_reprojection_plus_stereo_left
37.11836624145508,-61.88624572753906,-582.6575927734375,164.22347134601313,249.10614273306737,-49.83466963945335,359.99999979702676,208.9999990494903,1.0,0.9803921580314636,0.6313725709915161,calibrated_uv_reprojection_plus_stereo_left
38.36403274536133,-61.88908767700195,-582.6741943359375,163.51699764407806,248.0174139136721,-49.818380723313226,360.99999981188,209.0000006928878,0.9490196108818054,0.8901960849761963,0.5411764979362488,calibrated_uv_reprojection_plus_stereo_left
39.61323547363281,-61.89705276489258,-582.739013671875,162.8321153933221,246.90973579702495,-49.83897545329421,361.9999985853102,209.000001253268,0.9529411792755127,0.8235294222831726,0.49803921580314636,calibrated_uv_reprojection_plus_stereo_left
40.85873031616211,-61.89868927001953,-582.7442016601562,162.12015398356874,245.82491104744344,-49.81393692432698,363.00000295438934,208.99999778382187,0.9921568632125854,0.9019607901573181,0.5764706134796143,calibrated_uv_reprojection_plus_stereo_left
42.107723236083984,-61.90516662597656,-582.7950439453125,161.4285427785079,244.72201826028763,-49.82382281000724,363.999997791868,209.0000013766817,0.9882352948188782,0.95686274766922,0.615686297416687,calibrated_uv_reprojection_plus_stereo_left
43.347469329833984,-61.89785385131836,-582.7160034179688,160.67861859160593,243.66992237404554,-49.734344831044154,364.99999935432953,209.0000000977272,0.9960784316062927,0.9607843160629272,0.615686297416687,calibrated_uv_reprojection_plus_stereo_left
44.586158752441406,-61.8892822265625,-582.6251220703125,159.92349977211535,242.62264384175813,-49.635814043084,365.9999993673973,208.99999956684547,1.0,0.9725490212440491,0.6196078658103943,calibrated_uv_reprojection_plus_stereo_left
45.82880783081055,-61.88632583618164,-582.5870971679688,159.19200119159183,241.55452100083878,-49.57771369143188,367.0000001893761,208.99999852167736,1.0,0.9686274528503418,0.6196078658103943,calibrated_uv_reprojection_plus_stereo_left
47.108848571777344,-61.932491302490234,-583.0115356445312,158.66558243447145,240.30163803357416,-49.87329776285782,367.9999983628735,209.00000149623847,1.0,0.9647058844566345,0.6196078658103943,calibrated_uv_reprojection_plus_stereo_left
48.36562728881836,-61.9463005065918,-583.1312866210938,158.00326634737473,239.16928533890635,-49.93582686342228,368.99999998236206,208.99999716662086,1.0,0.9686274528503418,0.6274510025978088,calibrated_uv_reprojection_plus_stereo_left
49.6314582824707,-61.97053146362305,-583.3492431640625,157.3838540326882,237.9967354765227,-50.07344140906196,369.9999976865913,209.00000204621006,0.9372549057006836,0.8705882430076599,0.5333333611488342,calibrated_uv_reprojection_plus_stereo_left
-28.61865997314453,-60.67732620239258,-583.4766235351562,201.4264734106364,306.51433803216094,-52.6303282611006,307.0000000485577,209.999999962812,0.8627451062202454,0.7411764860153198,0.5568627715110779,calibrated_uv_reprojection_plus_stereo_left
-27.38655662536621,-60.6877326965332,-583.5672607421875,200.7638383363955,305.41314801532735,-52.67126106082566,308.00000085684167,209.99999919850674,0.9450980424880981,0.8745098114013672,0.6431372761726379,calibrated_uv_reprojection_plus_stereo_left
-26.13863182067871,-60.66273880004883,-583.3175048828125,199.9259178694349,304.4099607514253,-52.450488386788834,308.9999993014412,209.99999947831222,1.0,0.9882352948188782,0.7254902124404907,calibrated_uv_reprojection_plus_stereo_left
-24.892330169677734,-60.63957977294922,-583.0853881835938,199.09754233226033,303.402393084151,-52.24329542122416,309.99999892511585,209.99999884923722,1.0,1.0,0.6901960968971252,calibrated_uv_reprojection_plus_stereo_left
-23.653270721435547,-60.63294219970703,-583.0121459960938,198.3508965742928,302.3489606145849,-52.15824784731001,310.9999989245258,209.99999884718022,1.0,1.0,0.6784313917160034,calibrated_uv_reprojection_plus_stereo_left
-22.406902313232422,-60.606204986572266,-582.7456665039062,197.505701548174,301.3526185653396,-51.92467291011826,312.00000083515397,210.00000098287475,1.0,1.0,0.6705882549285889,calibrated_uv_reprojection_plus_stereo_left
-21.16672706604004,-60.59449005126953,-582.6235961914062,196.73457485731683,300.3142468428514,-51.80211066051584,312.99999971929003,209.99999983229225,0.9921568632125854,0.9960784316062927,0.6431372761726379,calibrated_uv_reprojection_plus_stereo_left
-19.925296783447266,-60.57796096801758,-582.4552612304688,195.94013641675792,299.28997460447624,-51.64400045547097,314.0000010969759,210.00000042480266,0.9803921580314636,0.9921568632125854,0.6235294342041016,calibrated_uv_reprojection_plus_stereo_left
-18.68175506591797,-60.55287170410156,-582.20458984375,195.10428607540592,298.2908980619934,-51.42262509371852,314.99999962222523,209.9999979970733,0.9960784316062927,0.9960784316062927,0.6470588445663452,calibrated_uv_reprojection_plus_stereo_left
-17.452272415161133,-60.57353973388672,-582.3939208984375,194.4913421380681,297.15958457721916,-51.539393336466674,316.00000040934924,210.00000019548813,1.0,1.0,0.6549019813537598,calibrated_uv_reprojection_plus_stereo_left
-16.213197708129883,-60.56207275390625,-582.2742919921875,193.72203516220674,296.12137042517475,-51.41873372958645,317.00000014482765,210.0000032119391,1.0,1.0,0.6509804129600525,calibrated_uv_reprojection_plus_stereo_left
-14.975403785705566,-60.55449676513672,-582.1920166015625,192.9717064446458,295.0720033417314,-51.32677911253438,318.0000003883977,210.0000013299956,1.0,1.0,0.6549019813537598,calibrated_uv_reprojection_plus_stereo_left
-13.736452102661133,-60.541099548339844,-582.0537719726562,192.19338512191132,294.0400055528713,-51.191826737058534,318.99999982521877,209.99999910512497,1.0,1.0,0.6745098233222961,calibrated_uv_reprojection_plus_stereo_left
-12.50056266784668,-60.54059982299805,-582.03955078125,191.47737710800288,292.9699513536202,-51.152166340570204,320.00000023969164,209.99999885134312,1.0,1.0,0.6705882549285889,calibrated_uv_reprojection_plus_stereo_left
-11.263337135314941,-60.533592224121094,-581.9627685546875,190.73005476974538,291.9192760632451,-51.06444368873798,320.99999945923327,209.99999908889103,1.0,1.0,0.6549019813537598,calibrated_uv_reprojection_plus_stereo_left
-10.026885986328125,-60.53042984008789,-581.9229736328125,190.0012354060845,290.8571310490713,-51.005137240890235,322.00000016010046,210.00000095954425,1.0,1.0,0.6549019813537598,calibrated_uv_reprojection_plus_stereo_left
-8.790571212768555,-60.52832794189453,-581.8933715820312,189.2774714196221,289.7917579361835,-50.95365947428098,323.00000039716434,210.00000265772448,1.0,1.0,0.6549019813537598,calibrated_uv_reprojection_plus_stereo_left
-7.556416034698486,-60.54402160644531,-582.0347900390625,188.63845661247478,288.6721096560973,-51.03353069101826,324.00000000333057,209.99999971761738,1.0,1.0,0.6549019813537598,calibrated_uv_reprojection_plus_stereo_left
-6.318304538726807,-60.52936553955078,-581.884521484375,187.8547409098593,287.6447932967645,-50.889370194288176,325.00000039498815,210.00000340671593,1.0,1.0,0.6549019813537598,calibrated_uv_reprojection_plus_stereo_left
-5.08076286315918,-60.516117095947266,-581.7477416992188,187.0779419667163,286.6135417259399,-50.75557653388097,326.00000011591015,210.00000320291105,1.0,1.0,0.6549019813537598,calibrated_uv_reprojection_plus_stereo_left
-3.8432955741882324,-60.49784469604492,-581.5626220703125,186.27758596013427,285.59822409950664,-50.58466893181628,326.99999993001535,209.99999897709128,1.0,1.0,0.6549019813537598,calibrated_uv_reprojection_plus_stereo_left
-2.606924057006836,-60.491085052490234,-581.4882202148438,185.53191661578222,284.54750950286257,-50.498793167941926,327.9999998697882,209.99999840738374,1.0,1.0,0.6549019813537598,calibrated_uv_reprojection_plus_stereo_left
-1.370397925376892,-60.47182083129883,-581.2936401367188,184.72747616692777,283.5361192728922,-50.320647693615456,329.0000000341998,209.99999975233874,1.0,1.0,0.6549019813537598,calibrated_uv_reprojection_plus_stereo_left
-0.13450318574905396,-60.448577880859375,-581.060791015625,183.90471411961215,282.5378416640559,-50.11313416475258,329.9999999945717,209.99999870221768,1.0,1.0,0.6666666865348816,calibrated_uv_reprojection_plus_stereo_left
1.100496530532837,-60.42026901245117,-580.779296875,183.05870979688927,281.5563157651822,-49.86829639196782,331.00000000754335,210.00000136651136,1.0,1.0,0.6823529601097107,calibrated_uv_reprojection_plus_stereo_left
2.3374149799346924,-60.46772766113281,-581.22607421875,182.56720728548493,280.3340084958765,-50.18254604996878,331.99999997807214,210.0000018037045,0.9490196108818054,0.9215686321258545,0.6235294342041016,calibrated_uv_reprojection_plus_stereo_left
3.5742413997650146,-60.47830581665039,-581.3182983398438,181.90263938931702,279.22818912382695,-50.22458591630965,333.00000002966965,209.99999874962444,0.8980392217636108,0.8666666746139526,0.5686274766921997,calibrated_uv_reprojection_plus_stereo_left
4.812008380889893,-60.49341583251953,-581.4541015625,181.25880885634388,278.1072446442921,-50.30006322415886,334.00000016021187,209.99999770906737,0.9843137264251709,0.9098039269447327,0.6745098233222961,calibrated_uv_reprojection_plus_stereo_left
6.050648212432861,-60.50960159301758,-581.6002807617188,180.61954071579947,276.9821362236214,-50.38348868054527,334.999999908344,210.00000020598006,0.8666666746139526,0.7019608020782471,0.4745098054409027,calibrated_uv_reprojection_plus_stereo_left
7.290668487548828,-60.53052520751953,-581.7919311523438,180.0016879039943,275.8408953159534,-50.501789483528,336.00000036979924,209.99999759632828,0.9960784316062927,0.8470588326454163,0.6431372761726379,calibrated_uv_reprojection_plus_stereo_left
8.52877426147461,-60.530738830566406,-581.7846069335938,179.28777162948245,274.7666517711609,-50.46737576000908,336.9999999992849,210.00000211753445,1.0,0.8901960849761963,0.6823529601097107,calibrated_uv_reprojection_plus_stereo_left
9.767132759094238,-60.531551361083984,-581.782958984375,178.57648798952664,273.6903214005331,-50.43730992832167,338.0000002680484,210.00000001846234,0.9960784316062927,0.8470588326454163,0.6235294342041016,calibrated_uv_reprojection_plus_stereo_left
11.00660228729248,-60.53748321533203,-581.83056640625,177.88861318287832,272.59685532004664,-50.44503718852917,338.99999929091103,210.00000250012624,0.9960784316062927,0.7568627595901489,0.5411764979362488,calibrated_uv_reprojection_plus_stereo_left
12.248652458190918,-60.554237365722656,-581.9821166992188,177.25001611910653,271.46701494927663,-50.53250345668624,340.0000002374195,209.99999940335653,1.0,0.686274528503418,0.4901960790157318,calibrated_uv_reprojection_plus_stereo_left
13.488909721374512,-60.5592041015625,-582.0203857421875,176.55713383834194,270.37592753687113,-50.53303986727008,341.00000045381114,209.99999724766548,1.0,0.6313725709915161,0.4431372582912445,calibrated_uv_reprojection_plus_stereo_left
14.729795455932617,-60.5653076171875,-582.0696411132812,175.86925051495086,269.2806892342651,-50.541999874258806,342.00000020911165,210.0000004543085,1.0,0.5764706134796143,0.3960784375667572,calibrated_uv_reprojection_plus_stereo_left
15.972671508789062,-60.577457427978516,-582.1769409179688,175.2085718430671,268.1646599800925,-50.595474232745175,342.9999998486297,209.99999860661327,1.0,0.5568627715110779,0.3764705955982208,calibrated_uv_reprojection_plus_stereo_left
17.21337127685547,-60.57966995239258,-582.1887817382812,174.50252749161734,267.08186702808825,-50.57571264159935,344.0000001166663,210.00000064064943,1.0,0.5490196347236633,0.37254902720451355,calibrated_uv_reprojection_plus_stereo_left
18.45286750793457,-60.5771484375,-582.1550903320312,173.7749438740965,266.0150686291515,-50.52101958008126,345.0000012154516,209.99999968570285,1.0,0.5568627715110779,0.3803921639919281,calibrated_uv_reprojection_plus_stereo_left
19.692781448364258,-60.575782775878906,-582.1325073242188,173.05254454217527,264.94425983930535,-50.474845375982795,346.00000011222124,209.99999881325994,1.0,0.5843137502670288,0.4117647111415863,calibrated_uv_reprojection_plus_stereo_left
20.932029724121094,-60.57221603393555,-582.0888061523438,172.3202128960478,263.8809650708088,-50.412474941750304,347.0000004074115,210.00000084209336,1.0,0.6705882549285889,0.46666666865348816,calibrated_uv_reprojection_plus_stereo_left
22.175865173339844,-60.581180572509766,-582.1654663085938,171.64402412623787,262.774160774136,-50.44240252122472,348.00000097911146,209.99999781818886,1.0,0.7215686440467834,0.5176470875740051,calibrated_uv_reprojection_plus_stereo_left
23.40993881225586,-60.56355667114258,-581.9866943359375,170.8487078539098,261.7597139208417,-50.27645199175032,348.9999995350521,210.00000099804237,1.0,0.7843137383460999,0.5686274766921997,calibrated_uv_reprojection_plus_stereo_left
24.643646240234375,-60.54644012451172,-581.812744140625,170.05596049242075,260.74399991228205,-50.11420882190794,350.00000096264273,209.99999931547984,1.0,0.7921568751335144,0.572549045085907,calibrated_uv_reprojection_plus_stereo_left
25.874187469482422,-60.523216247558594,-581.5801391601562,169.23638758357026,259.7502983904611,-49.90700830405689,350.9999999070887,209.99999994861494,1.0,0.7843137383460999,0.5490196347236633,calibrated_uv_reprojection_plus_stereo_left
27.115066528320312,-60.52486038208008,-581.5864868164062,168.52756031629798,258.6691518768016,-49.88302363817536,351.9999998085887,209.99999961804917,1.0,0.7568627595901489,0.529411792755127,calibrated_uv_reprojection_plus_stereo_left
28.349687576293945,-60.5126838684082,-581.4600219726562,167.75747445682606,257.6370529073962,-49.75721664084392,353.00000127813723,209.99999847386442,1.0,0.7215686440467834,0.49803921580314636,calibrated_uv_reprojection_plus_stereo_left
29.58548355102539,-60.50363540649414,-581.3636474609375,167.00140465749507,256.5940540681292,-49.65448595376108,353.99999865872365,209.99999993274432,0.9764705896377563,0.7176470756530762,0.47058823704719543,calibrated_uv_reprojection_plus_stereo_left
30.819272994995117,-60.4910774230957,-581.2335205078125,166.23000789732464,255.56388056159355,-49.52588661204112,355.0000009377387,209.99999865559985,0.9764705896377563,0.8509804010391235,0.572549045085907,calibrated_uv_reprojection_plus_stereo_left
32.06385803222656,-60.49958038330078,-581.3057861328125,165.55123963142694,254.45786933751256,-49.552425409227,356.0000024350075,209.99999966758796,1.0,0.9686274528503418,0.6470588445663452,calibrated_uv_reprojection_plus_stereo_left
33.308921813964844,-60.508060455322266,-581.3778076171875,164.87207905208834,253.35152107848734,-49.57876453811565,357.0000005170591,209.99999895946448,1.0,0.9843137264251709,0.6352941393852234,calibrated_uv_reprojection_plus_stereo_left
34.55485916137695,-60.51719665527344,-581.4561767578125,164.19551310536963,252.24233109031394,-49.60995931901732,357.9999988544167,210.00000222261588,1.0,0.9882352948188782,0.6392157077789307,calibrated_uv_reprojection_plus_stereo_left
35.800655364990234,-60.525211334228516,-581.5237426757812,163.5137549478556,251.13680981938205,-49.63286189561035,358.9999977375126,210.00000349391155,0.9882352948188782,0.9450980424880981,0.5960784554481506,calibrated_uv_reprojection_plus_stereo_left
37.06536102294922,-60.56333923339844,-581.8805541992188,162.96238638631496,249.9198745152489,-49.87739035235796,360.00000263525567,209.99999867370616,0.9803921580314636,0.8823529481887817,0.5529412031173706,calibrated_uv_reprojection_plus_stereo_left
38.308685302734375,-60.56496047973633,-581.88671875,162.25206257814438,248.8366641521962,-49.853211208314804,360.99999995170737,210.0000030008557,0.8784313797950745,0.772549033164978,0.4431372582912445,calibrated_uv_reprojection_plus_stereo_left
39.555015563964844,-60.57086181640625,-581.9338989257812,161.56004919781418,247.73736878486255,-49.86044653243863,361.9999995694692,209.9999986322259,0.9215686321258545,0.8039215803146362,0.4941176474094391,calibrated_uv_reprojection_plus_stereo_left
40.80359649658203,-60.57951736450195,-582.007568359375,160.87967630979875,246.6274204457749,-49.887968444141165,363.00000163749354,209.99999691807835,0.9176470637321472,0.800000011920929,0.4901960790157318,calibrated_uv_reprojection_plus_stereo_left
42.06476974487305,-60.6055908203125,-582.2485961914062,160.27379473453988,245.4515745772538,-50.04368896902105,364.0000018009018,209.99999732683685,0.9137254953384399,0.7647058963775635,0.45490196347236633,calibrated_uv_reprojection_plus_stereo_left
43.30301284790039,-60.597869873046875,-582.1649780273438,159.52254853000142,244.4022600788829,-49.95069587491031,365.00000081924736,209.99999998094268,0.9529411792755127,0.8196078538894653,0.501960813999176,calibrated_uv_reprojection_plus_stereo_left
44.54090118408203,-60.58989715576172,-582.0789184570312,158.77031560638028,243.35405463598494,-49.85583534994237,366.0000001557479,210.00000062592784,0.9882352948188782,0.929411768913269,0.5882353186607361,calibrated_uv_reprojection_plus_stereo_left
45.78076934814453,-60.584781646728516,-582.0203247070312,158.03035659005548,242.29511044525393,-49.782016639955486,366.99999808279784,210.00000261941372,1.0,0.9686274528503418,0.6313725709915161,calibrated_uv_reprojection_plus_stereo_left
47.05155563354492,-60.61957931518555,-582.3450927734375,157.45985209927744,241.08340883915602,-50.00180296750608,368.0000001451575,209.99999902835376,1.0,0.9647058844566345,0.6274510025978088,calibrated_uv_reprojection_plus_stereo_left
48.316349029541016,-60.64487075805664,-582.57861328125,156.8482250141255,239.90688137315044,-50.15167751749891,368.9999993626578,210.0000025601905,0.9960784316062927,0.9607843160629272,0.6274510025978088,calibrated_uv_reprojection_plus_stereo_left
49.600486755371094,-60.6923828125,-583.0255126953125,156.3296935017645,238.64347102167423,-50.46492107524523,370.00000092088374,210.00000035147,0.8352941274642944,0.7607843279838562,0.4313725531101227,calibrated_uv_reprojection_plus_stereo_left
-28.578340530395508,-59.346595764160156,-582.5742797851562,200.0544343737239,307.2859362365883,-52.572035622361796,307.0000005918536,211.0000016439232,0.9058823585510254,0.8078431487083435,0.6039215922355652,calibrated_uv_reprojection_plus_stereo_left
-27.34067153930664,-59.34049606323242,-582.5057373046875,199.31091789302548,306.23214920214605,-52.49060288939347,308.000000557194,211.00000317517197,1.0,0.9803921580314636,0.7058823704719543,calibrated_uv_reprojection_plus_stereo_left
-26.096946716308594,-59.32040023803711,-582.2997436523438,198.497031399293,305.21810196725164,-52.30334734616372,309.0000000088515,210.99999948220378,1.0,0.9960784316062927,0.6980392336845398,calibrated_uv_reprojection_plus_stereo_left
-24.859132766723633,-59.312767028808594,-582.2161254882812,197.74609609223535,304.1691243136562,-52.21031898438167,310.0000000055966,210.99999885328916,1.0,1.0,0.6705882549285889,calibrated_uv_reprojection_plus_stereo_left
-23.6215877532959,-59.30538558959961,-582.135009765625,196.996530842524,303.1195623502317,-52.11922242632522,311.0000002731722,211.00000068954205,1.0,1.0,0.6627451181411743,calibrated_uv_reprojection_plus_stereo_left
-22.371435165405273,-59.264190673828125,-581.7219848632812,196.07818569794364,302.1677207355484,-51.77264553879178,312.00000086360245,211.0000020371843,1.0,1.0,0.658823549747467,calibrated_uv_reprojection_plus_stereo_left
-21.132797241210938,-59.250892639160156,-581.582763671875,195.29971517321997,301.13623347094705,-51.63684742874864,313.00000088582186,211.00000076379385,1.0,0.9686274528503418,0.6392157077789307,calibrated_uv_reprojection_plus_stereo_left
-19.89634895324707,-59.2429084777832,-581.4957275390625,194.54789864841604,300.0895632488581,-51.54122373529668,314.00000067954386,211.00000148326046,0.9960784316062927,0.95686274766922,0.615686297416687,calibrated_uv_reprojection_plus_stereo_left
-18.657560348510742,-59.2269172668457,-581.330078125,193.75647847176998,299.066598932425,-51.38510293601138,315.0000002630034,211.0000003092186,0.9960784316062927,0.9764705896377563,0.6196078658103943,calibrated_uv_reprojection_plus_stereo_left
-17.428180694580078,-59.241153717041016,-581.4611206054688,193.11486248418407,297.9546644740425,-51.457311147082805,315.9999997769269,210.99999905851791,0.9921568632125854,0.9882352948188782,0.6313725709915161,calibrated_uv_reprojection_plus_stereo_left
-16.192041397094727,-59.23338317871094,-581.376220703125,192.36426017040827,296.90756501767646,-51.363339037991466,317.0000013530739,211.00000289251756,1.0,0.9921568632125854,0.6352941393852234,calibrated_uv_reprojection_plus_stereo_left
-14.955313682556152,-59.222591400146484,-581.2615966796875,191.59885836437542,295.86968402120266,-51.24649618796201,318.0000006001658,211.0000007630294,0.9960784316062927,0.9960784316062927,0.6431372761726379,calibrated_uv_reprojection_plus_stereo_left
-13.71894359588623,-59.2120475769043,-581.1494140625,190.83484961144705,294.8313148052933,-51.13153900593136,318.9999996293538,210.9999991020528,1.0,0.9960784316062927,0.6549019813537598,calibrated_uv_reprojection_plus_stereo_left
-12.483983039855957,-59.20682144165039,-581.0894775390625,190.09707477683793,293.7770655175458,-51.05678657817708,320.00000056784825,211.00000183483402,1.0,0.9960784316062927,0.6549019813537598,calibrated_uv_reprojection_plus_stereo_left
-11.249190330505371,-59.20212173461914,-581.0346069335938,189.36186949491355,292.7212990946106,-50.985927666877444,320.9999997573342,210.99999622115888,1.0,1.0,0.6549019813537598,calibrated_uv_reprojection_plus_stereo_left
-10.015180587768555,-59.2017707824707,-581.0225219726562,188.64793013905205,291.6522077816178,-50.94798805862894,321.99999952423616,210.99999930742027,1.0,1.0,0.6549019813537598,calibrated_uv_reprojection_plus_stereo_left
-8.78118896484375,-59.20246887207031,-581.0206909179688,187.9389949805,290.5797728770101,-50.91793043068719,323.00000030995875,210.99999904690426,1.0,1.0,0.6549019813537598,calibrated_uv_reprojection_plus_stereo_left
-7.548983573913574,-59.21857452392578,-581.1701049804688,187.3046957659755,289.4593675369742,-51.004200523948384,324.00000042491115,211.00000182319232,1.0,1.0,0.6627451181411743,calibrated_uv_reprojection_plus_stereo_left
-6.313801288604736,-59.21446990966797,-581.12109375,186.57211714001943,288.40134464277617,-50.93783870310432,324.9999998720996,210.99999806108687,1.0,1.0,0.6705882549285889,calibrated_uv_reprojection_plus_stereo_left
-5.077882766723633,-59.2015380859375,-580.9855346679688,185.79698568882208,287.3710249878966,-50.80492191285674,326.00000013847637,211.0000008560176,1.0,1.0,0.6627451181411743,calibrated_uv_reprojection_plus_stereo_left
-3.842287063598633,-59.187583923339844,-580.8399047851562,185.01714087231335,286.3442820145873,-50.66426758023016,327.0000000668499,211.00000028791297,1.0,1.0,0.6549019813537598,calibrated_uv_reprojection_plus_stereo_left
-2.6075754165649414,-59.18389129638672,-580.7949829101562,184.28681942441744,285.28533112625144,-50.601063034498225,328.00000001207957,211.00000008713465,1.0,1.0,0.6549019813537598,calibrated_uv_reprojection_plus_stereo_left
-1.3726027011871338,-59.16877746582031,-580.6380004882812,183.50180485660985,284.2628482375652,-50.4516960067661,328.99999999318277,211.00000141699223,1.0,1.0,0.6549019813537598,calibrated_uv_reprojection_plus_stereo_left
-0.13810259103775024,-59.150360107421875,-580.4485473632812,182.70126157913865,283.2514064794643,-50.27737201235482,329.9999999886602,210.99999810661853,1.0,1.0,0.6705882549285889,calibrated_uv_reprojection_plus_stereo_left
1.09556245803833,-59.12025451660156,-580.1444702148438,181.84540275035909,282.2782273545215,-50.014942639353535,330.99999997030255,211.00000038762798,1.0,1.0,0.6784313917160034,calibrated_uv_reprojection_plus_stereo_left
2.3304061889648438,-59.14814758300781,-580.4094848632812,181.2658585117385,281.1176722111142,-50.190027906916896,331.99999990653674,210.99999889169914,1.0,1.0,0.7098039388656616,calibrated_uv_reprojection_plus_stereo_left
3.5662903785705566,-59.17148971557617,-580.6298828125,180.66399781328494,279.9708241385513,-50.33078819434377,332.9999999166081,211.00000146653917,0.6666666865348816,0.6549019813537598,0.3450980484485626,calibrated_uv_reprojection_plus_stereo_left
4.802372455596924,-59.183414459228516,-580.7381591796875,180.00745794222354,278.86051483209593,-50.38533536172832,334.0000000481417,210.99999741133868,0.8941176533699036,0.8705882430076599,0.6196078658103943,calibrated_uv_reprojection_plus_stereo_left
6.03990364074707,-59.20318603515625,-580.9235229492188,179.38759927699584,277.72370719229014,-50.49912231001139,334.99999986728005,211.00000126987277,0.8274509906768799,0.7647058963775635,0.529411792755127,calibrated_uv_reprojection_plus_stereo_left
7.2782769203186035,-59.22187042236328,-581.09814453125,178.76203406886634,276.5896819857852,-50.60462707262752,335.9999999725058,210.99999955512743,0.9647058844566345,0.6745098233222961,0.529411792755127,calibrated_uv_reprojection_plus_stereo_left
8.514545440673828,-59.21944046020508,-581.0656127929688,178.03684903885068,275.5253205848992,-50.55091304462309,337.00000005473584,211.00000021556016,0.9921568632125854,0.8274509906768799,0.6627451181411743,calibrated_uv_reprojection_plus_stereo_left
9.751739501953125,-59.22233200073242,-581.0852661132812,177.3365345342898,274.4430651545008,-50.53729833543872,338.00000069351586,210.99999850276097,1.0,0.8627451062202454,0.6470588445663452,calibrated_uv_reprojection_plus_stereo_left
10.988398551940918,-59.22088623046875,-581.0623779296875,176.6158199931977,273.37520589017447,-50.49098904618745,338.9999998816591,210.99999820241987,1.0,0.8039215803146362,0.5921568870544434,calibrated_uv_reprojection_plus_stereo_left
12.230283737182617,-59.24431228637695,-581.2835693359375,176.01090130540115,272.22288026129957,-50.632220689154735,339.99999947313495,211.00000177102072,1.0,0.7607843279838562,0.545098066329956,calibrated_uv_reprojection_plus_stereo_left
13.469770431518555,-59.252220153808594,-581.3524169921875,175.33321625299288,271.1225219122656,-50.6563748638078,341.00000025032887,210.99999880817904,1.0,0.7254902124404907,0.5333333611488342,calibrated_uv_reprojection_plus_stereo_left
14.709649085998535,-59.259769439697266,-581.4177856445312,174.6536098211492,270.0229637180288,-50.677847344556085,342.00000014690096,210.99999934925367,1.0,0.6941176652908325,0.5137255191802979,calibrated_uv_reprojection_plus_stereo_left
15.950577735900879,-59.26948547363281,-581.50439453125,173.9837400455532,268.91553674420004,-50.71562515519554,343.00000085612055,210.9999986663409,1.0,0.6980392336845398,0.5058823823928833,calibrated_uv_reprojection_plus_stereo_left
17.188661575317383,-59.26747512817383,-581.4759521484375,173.25950494829112,267.84825709140046,-50.665012251286896,344.0000008954575,210.99999804085806,1.0,0.7176470756530762,0.5176470875740051,calibrated_uv_reprojection_plus_stereo_left
18.428050994873047,-59.269447326660156,-581.4866333007812,172.55355901016526,266.7670333213698,-50.644451744984906,345.00000007355777,211.00000166814232,1.0,0.7803921699523926,0.5803921818733215,calibrated_uv_reprojection_plus_stereo_left
19.666685104370117,-59.2684440612793,-581.468017578125,171.83379488758254,265.6960552449525,-50.601378537507,346.0000008563144,210.9999967602184,1.0,0.8352941274642944,0.6352941393852234,calibrated_uv_reprojection_plus_stereo_left
20.905454635620117,-59.267513275146484,-581.4501953125,171.1143330288955,264.62470309021137,-50.55891658657208,347.0000001833802,210.99999869689907,1.0,0.9019607901573181,0.686274528503418,calibrated_uv_reprojection_plus_stereo_left
22.14802360534668,-59.276451110839844,-581.5291748046875,170.43980730060179,263.51834878463023,-50.59079145559821,347.99999993688186,210.99999955039885,1.0,0.8980392217636108,0.6823529601097107,calibrated_uv_reprojection_plus_stereo_left
23.380905151367188,-59.25950622558594,-581.354248046875,169.64725807961736,262.50356056442774,-50.427677018126076,348.999999070536,211.00000163819303,1.0,0.8980392217636108,0.6745098233222961,calibrated_uv_reprojection_plus_stereo_left
24.613285064697266,-59.242698669433594,-581.1806030273438,168.85562572727133,261.488785921713,-50.265556053661385,349.99999973662364,210.99999801318506,1.0,0.886274516582489,0.6549019813537598,calibrated_uv_reprojection_plus_stereo_left
25.84298324584961,-59.221004486083984,-580.9591064453125,168.04223569907174,260.49201568210015,-50.066711148466425,350.99999990483235,211.0000011770402,1.0,0.8352941274642944,0.5882353186607361,calibrated_uv_reprojection_plus_stereo_left
27.078941345214844,-59.214656829833984,-580.8881225585938,167.29851413656826,259.4405149649731,-49.98344001088202,352.0000003215064,211.000001041463,1.0,0.800000011920929,0.5529412031173706,calibrated_uv_reprojection_plus_stereo_left
28.31319236755371,-59.20498275756836,-580.7844848632812,166.53988060750947,258.40119016817494,-49.875101505362466,353.00000033540846,210.99999897835738,1.0,0.7843137383460999,0.5372549295425415,calibrated_uv_reprojection_plus_stereo_left
29.545652389526367,-59.19222640991211,-580.650634765625,165.7675681724548,257.373316723795,-49.74357700577201,354.0000006866073,210.9999986968332,1.0,0.8627451062202454,0.5764706134796143,calibrated_uv_reprojection_plus_stereo_left
30.77908706665039,-59.18208312988281,-580.5424194335938,165.00717345728816,256.33620162169666,-49.631739051390696,354.99999995645015,210.9999983626946,1.0,0.9607843160629272,0.6313725709915161,calibrated_uv_reprojection_plus_stereo_left
32.02413558959961,-59.193912506103516,-580.6497802734375,164.34503694270256,255.21839871479796,-49.685378509007535,355.9999976995458,211.00000118113076,1.0,0.9803921580314636,0.6392157077789307,calibrated_uv_reprojection_plus_stereo_left
33.26436233520508,-59.196006774902344,-580.66162109375,163.6391774117572,254.13606574355367,-49.6656884769414,356.9999984181885,211.00000214772166,1.0,0.9843137264251709,0.6352941393852234,calibrated_uv_reprojection_plus_stereo_left
34.50509262084961,-59.19855880737305,-580.6779174804688,162.93520003116856,253.0518345503046,-49.64941067623141,357.9999990773198,211.00000039969308,1.0,0.9843137264251709,0.6352941393852234,calibrated_uv_reprojection_plus_stereo_left
35.74851608276367,-59.20513916015625,-580.7337646484375,162.24892449151287,251.95231222166572,-49.66348090517795,359.0000002300566,211.00000190109432,0.9647058844566345,0.9333333373069763,0.5882353186607361,calibrated_uv_reprojection_plus_stereo_left
37.010013580322266,-59.23997497558594,-581.0667114257812,161.68715134297423,250.74633511878233,-49.89017621480491,359.999999550125,210.99999956825505,0.9176470637321472,0.8313725590705872,0.5058823823928833,calibrated_uv_reprojection_plus_stereo_left
38.25937271118164,-59.25351333618164,-581.1907958984375,161.0306824047347,249.61930701638988,-49.95657264229345,360.99999893319136,211.00000102864718,0.8823529481887817,0.7843137383460999,0.4588235318660736,calibrated_uv_reprojection_plus_stereo_left
39.50583267211914,-59.26162338256836,-581.2615966796875,160.3499454686396,248.51224618064595,-49.982067523091814,362.00000114148384,210.9999995640256,0.9137254953384399,0.8039215803146362,0.48235294222831726,calibrated_uv_reprojection_plus_stereo_left
40.75360870361328,-59.27093505859375,-581.3441772460938,159.67418703020036,247.4001835344347,-50.01658855961716,363.00000257984505,210.9999978817607,0.8941176533699036,0.7803921699523926,0.4588235318660736,calibrated_uv_reprojection_plus_stereo_left
42.01887130737305,-59.30416488647461,-581.661376953125,159.10258620954926,246.19609045555652,-50.23109141717356,364.0000009118005,210.999998767325,0.9254902005195618,0.7607843279838562,0.46666666865348816,calibrated_uv_reprojection_plus_stereo_left
43.257164001464844,-59.29830551147461,-581.5951538085938,158.35984331237023,245.14100014921374,-50.15142560541136,365.0000017274684,210.99999744998252,0.9098039269447327,0.7568627595901489,0.4588235318660736,calibrated_uv_reprojection_plus_stereo_left
44.498817443847656,-59.29704666137695,-581.5740966796875,157.63715189047207,244.06819970547122,-50.10640983234367,366.00000180419244,210.99999977273256,0.9529411792755127,0.8627451062202454,0.5411764979362488,calibrated_uv_reprojection_plus_stereo_left
45.73526382446289,-59.28891372680664,-581.485595703125,156.88462386275194,243.02201059771704,-50.00965968451379,367.0000007701901,211.0000000839259,1.0,0.9647058844566345,0.6352941393852234,calibrated_uv_reprojection_plus_stereo_left
46.98997116088867,-59.3040657043457,-581.62548828125,156.23277947346304,241.8851559934271,-50.0880865375114,367.99999840724007,211.00000245860315,1.0,0.9686274528503418,0.6313725709915161,calibrated_uv_reprojection_plus_stereo_left
48.25810623168945,-59.33475875854492,-581.917724609375,155.64738405290166,240.68673729626124,-50.28332709455418,369.0000013050606,210.99999926901904,0.9607843160629272,0.8980392217636108,0.5686274766921997,calibrated_uv_reprojection_plus_stereo_left
49.55741882324219,-59.401100158691406,-582.5596313476562,155.21428532858522,239.34671107064827,-50.74669040521917,369.99999805258796,211.00000177368054,0.7803921699523926,0.6666666865348816,0.3529411852359772,calibrated_uv_reprojection_plus_stereo_left
-29.77907371520996,-58.03585433959961,-581.8419799804688,199.47986158996662,309.0795629327032,-52.67147051628393,306.0000007932313,212.00000109778807,0.8784313797950745,0.7607843279838562,0.5647059082984924,calibrated_uv_reprojection_plus_stereo_left
-28.543832778930664,-58.03152084350586,-581.7905883789062,198.74610076236002,308.02226285901406,-52.60327018212263,306.9999990805551,211.9999989637766,0.9921568632125854,0.9176470637321472,0.6980392336845398,calibrated_uv_reprojection_plus_stereo_left
-27.307769775390625,-58.02537536621094,-581.7210693359375,198.00307076918295,306.97016945813897,-52.52109570959908,307.9999992970249,211.99999989873024,1.0,1.0,0.7019608020782471,calibrated_uv_reprojection_plus_stereo_left
-26.069395065307617,-58.01384735107422,-581.5975341796875,197.23251206264092,305.933703819412,-52.397275647752,308.999998362436,211.99999630588522,1.0,1.0,0.686274528503418,calibrated_uv_reprojection_plus_stereo_left
-24.8291072845459,-57.99706268310547,-581.42138671875,196.43532423420584,304.91275987198196,-52.23290723924879,310.00000022083276,211.9999994628844,1.0,1.0,0.6705882549285889,calibrated_uv_reprojection_plus_stereo_left
-23.58924102783203,-57.97993469238281,-581.2417602539062,195.6366934236558,303.8933169186738,-52.06586788521014,311.00000007208416,211.99999932037187,1.0,1.0,0.6705882549285889,calibrated_uv_reprojection_plus_stereo_left
-22.349151611328125,-57.96073532104492,-581.0413818359375,194.82786591984285,302.88045732375434,-51.882846093881085,312.0000000011921,211.9999999381675,0.9803921580314636,0.9843137264251709,0.6470588445663452,calibrated_uv_reprojection_plus_stereo_left
-21.110883712768555,-57.9447135925293,-580.8728637695312,194.0355408252522,301.8587769459523,-51.72439713841527,312.99999966544334,212.00000067549766,0.9764705896377563,0.8039215803146362,0.5058823823928833,calibrated_uv_reprojection_plus_stereo_left
-19.873912811279297,-57.930938720703125,-580.7268676757812,193.25488704413817,300.8308690899431,-51.583318545941154,314.00000098818776,212.00000101269353,0.9960784316062927,0.7843137383460999,0.5137255191802979,calibrated_uv_reprojection_plus_stereo_left
-18.638776779174805,-57.921512603759766,-580.6244506835938,192.49643012010426,299.7903242768904,-51.475834876620524,314.999999814519,211.9999999702281,1.0,0.886274516582489,0.572549045085907,calibrated_uv_reprojection_plus_stereo_left
-17.406286239624023,-57.920066833496094,-580.60205078125,191.77831071145215,298.72594920995334,-51.43002180878017,315.9999998159268,212.00000046053412,0.9960784316062927,0.9372549057006836,0.615686297416687,calibrated_uv_reprojection_plus_stereo_left
-16.17192268371582,-57.9122428894043,-580.5156860351562,191.02808565838524,297.6808334524451,-51.33491478268496,316.99999950385035,211.99999859966562,1.0,0.9764705896377563,0.6313725709915161,calibrated_uv_reprojection_plus_stereo_left
-14.939632415771484,-57.9117546081543,-580.5029296875,190.31475643240861,296.61348510546077,-51.29653367072882,318.0000000818281,212.00000281571644,0.9843137264251709,0.9686274528503418,0.6117647290229797,calibrated_uv_reprojection_plus_stereo_left
-13.705887794494629,-57.90568542480469,-580.4341430664062,189.57341560896248,295.5631664848636,-51.21497443979729,318.99999972301,211.99999994162565,1.0,0.9803921580314636,0.6274510025978088,calibrated_uv_reprojection_plus_stereo_left
-12.472095489501953,-57.89890670776367,-580.3582763671875,188.82861017835137,294.51511985135687,-51.12796447993429,320.0000001492039,211.99999960434246,1.0,0.9882352948188782,0.6352941393852234,calibrated_uv_reprojection_plus_stereo_left
-11.24135684967041,-57.90715408325195,-580.4330444335938,188.15863706450773,293.4205361268681,-51.157005952363534,320.9999999488674,212.00000085842603,1.0,0.9921568632125854,0.6392157077789307,calibrated_uv_reprojection_plus_stereo_left
-10.009546279907227,-57.91212463378906,-580.4749145507812,187.47209183226641,292.3357618351049,-51.16069059560135,322.0000001059868,211.99999808034704,1.0,0.9921568632125854,0.6470588445663452,calibrated_uv_reprojection_plus_stereo_left
-8.77660083770752,-57.91200256347656,-580.4658203125,186.76016362705315,291.2666476864329,-51.1251136981021,323.0000000616349,212.0000019760672,1.0,0.9960784316062927,0.6509804129600525,calibrated_uv_reprojection_plus_stereo_left
-7.541001319885254,-57.89265060424805,-580.263916015625,185.95317417744866,290.2581894666056,-50.94101983579429,324.0000001700876,212.00000053712554,1.0,1.0,0.6627451181411743,calibrated_uv_reprojection_plus_stereo_left
-6.307495594024658,-57.8863525390625,-580.19287109375,185.2108723150876,289.2088174752379,-50.85772913404162,325.00000018337533,212.00000041963497,1.0,1.0,0.6666666865348816,calibrated_uv_reprojection_plus_stereo_left
-5.07432222366333,-57.882530212402344,-580.1466064453125,184.48078600190973,288.1516405085283,-50.7935236836056,325.99999978234723,211.99999752213898,1.0,1.0,0.6627451181411743,calibrated_uv_reprojection_plus_stereo_left
-3.8408148288726807,-57.873531341552734,-580.0485229492188,183.72536306934137,287.1110983387315,-50.689416397330376,326.9999999824357,211.99999980099437,1.0,1.0,0.6549019813537598,calibrated_uv_reprojection_plus_stereo_left
-2.607624053955078,-57.866451263427734,-579.9696044921875,182.97942482654304,286.06456992168523,-50.600068901666646,327.9999998741466,211.99999660783874,1.0,1.0,0.6549019813537598,calibrated_uv_reprojection_plus_stereo_left
-1.3744463920593262,-57.853668212890625,-579.8336181640625,182.20580075381304,285.0366933542085,-50.46678745469052,329.0000000125805,212.00000059424005,1.0,1.0,0.6549019813537598,calibrated_uv_reprojection_plus_stereo_left
-0.14166797697544098,-57.84403991699219,-579.7291870117188,181.4477197607252,283.9988562108217,-50.35780749479619,329.9999999895323,211.99999930759932,1.0,1.0,0.6666666865348816,calibrated_uv_reprojection_plus_stereo_left
1.090921401977539,-57.8380241394043,-579.6610107421875,180.70733301738767,282.94934557368185,-50.27674844337196,330.9999999634672,212.00000190954566,1.0,1.0,0.6705882549285889,calibrated_uv_reprojection_plus_stereo_left
2.3239119052886963,-57.844566345214844,-579.7186279296875,180.02775026003098,281.8584028601314,-50.29253018739536,331.999999889171,211.99999938084704,1.0,1.0,0.6941176652908325,calibrated_uv_reprojection_plus_stereo_left
3.5587680339813232,-57.87441635131836,-580.0098876953125,179.4604459423512,280.68953907167327,-50.48816227642391,332.99999987850066,212.00000151320907,0.7372549176216125,0.729411780834198,0.4000000059604645,calibrated_uv_reprojection_plus_stereo_left
4.79391622543335,-57.89057540893555,-580.1638793945312,178.82638132548135,279.56524715560863,-50.578096839893306,333.99999996900385,211.9999994502282,0.6313725709915161,0.6705882549285889,0.41960784792900085,calibrated_uv_reprojection_plus_stereo_left
6.027703285217285,-57.88557052612305,-580.1058349609375,178.09022224097902,278.5113866502171,-50.50481134229631,334.9999998262673,212.00000270203952,0.7098039388656616,0.7254902124404907,0.48235294222831726,calibrated_uv_reprojection_plus_stereo_left
7.264881610870361,-57.908077239990234,-580.3234252929688,177.48584840321297,277.3645596502499,-50.643665627367454,336.0000000957189,212.00000013666104,0.8039215803146362,0.6705882549285889,0.47843137383461,calibrated_uv_reprojection_plus_stereo_left
8.499107360839844,-57.90288162231445,-580.263427734375,176.74849284613344,276.3109539324129,-50.56886418948511,337.0000002440278,212.00000025901554,0.8392156958580017,0.7019608020782471,0.5098039507865906,calibrated_uv_reprojection_plus_stereo_left
9.734286308288574,-57.90376281738281,-580.2643432617188,176.04014153398646,275.2366274935284,-50.540940853903294,337.9999999458123,212.0000016564614,0.9058823585510254,0.7568627595901489,0.572549045085907,calibrated_uv_reprojection_plus_stereo_left
10.968304634094238,-57.89751052856445,-580.1937255859375,175.29775487240198,274.1866690901821,-50.45796577689458,338.9999999891919,211.9999992569486,0.95686274766922,0.8274509906768799,0.6274510025978088,calibrated_uv_reprojection_plus_stereo_left
12.207660675048828,-57.9171142578125,-580.3822631835938,174.67803216756323,273.0474386129624,-50.57440359768003,340.0000000661511,212.00000119566255,1.0,0.8549019694328308,0.6313725709915161,calibrated_uv_reprojection_plus_stereo_left
13.445374488830566,-57.92538070678711,-580.4571533203125,174.00411742770825,271.9467488836045,-50.603376140442094,340.99999998078965,212.00000048607387,1.0,0.8392156958580017,0.6235294342041016,calibrated_uv_reprojection_plus_stereo_left
14.684032440185547,-57.93537521362305,-580.5493774414062,173.3380690625695,270.8395782589613,-50.64567399409407,341.99999922885456,212.00000147178167,1.0,0.8235294222831726,0.615686297416687,calibrated_uv_reprojection_plus_stereo_left
15.92442798614502,-57.94957733154297,-580.6837158203125,172.69145885735986,269.71714155677694,-50.7203547266717,343.00000022157144,211.99999887543396,1.0,0.8470588326454163,0.6274510025978088,calibrated_uv_reprojection_plus_stereo_left
17.162193298339844,-57.95233154296875,-580.703369140625,171.99071543014526,268.63444622427403,-50.70679751463132,344.0000004929721,211.99999886221104,1.0,0.8627451062202454,0.6392157077789307,calibrated_uv_reprojection_plus_stereo_left
18.399900436401367,-57.95405197143555,-580.712646484375,171.28497254838072,267.5551893456533,-50.68525198278189,345.0000000264615,211.99999759793982,1.0,0.8980392217636108,0.7019608020782471,calibrated_uv_reprojection_plus_stereo_left
19.637027740478516,-57.95338439941406,-580.6980590820312,170.5679795190282,266.48423288369156,-50.64534879796241,345.99999945378505,212.00000155454623,1.0,0.9019607901573181,0.7137255072593689,calibrated_uv_reprojection_plus_stereo_left
20.873994827270508,-57.951927185058594,-580.6754760742188,169.8472053626242,265.41602347808936,-50.599288959270496,347.000000121801,211.99999884377632,1.0,0.9098039269447327,0.6980392336845398,calibrated_uv_reprojection_plus_stereo_left
22.111328125,-57.95118713378906,-580.6600952148438,169.12971399112558,264.34514431296645,-50.558766716944035,348.0000010931998,211.9999974969516,1.0,0.9098039269447327,0.6980392336845398,calibrated_uv_reprojection_plus_stereo_left
23.34645652770996,-57.94467544555664,-580.5869140625,168.3854434546359,263.2950596103575,-50.47379441455149,348.99999968211137,211.99999860428744,1.0,0.9019607901573181,0.6666666865348816,calibrated_uv_reprojection_plus_stereo_left
24.578950881958008,-57.93224334716797,-580.4544067382812,167.61390248245573,262.2666392953682,-50.343205237869995,350.0000000876234,211.99999913297546,1.0,0.8745098114013672,0.6392157077789307,calibrated_uv_reprojection_plus_stereo_left
25.810829162597656,-57.91927719116211,-580.3165283203125,166.84011087089317,261.2405077976847,-50.20849376614012,351.0000005554212,211.99999783905753,1.0,0.8156862854957581,0.5686274766921997,calibrated_uv_reprojection_plus_stereo_left
27.039594650268555,-57.9005012512207,-580.1204833984375,166.03988265921663,260.2360802267582,-50.02907184424538,351.9999999279327,211.99999982987254,1.0,0.7960784435272217,0.545098066329956,calibrated_uv_reprojection_plus_stereo_left
28.27052879333496,-57.88749313354492,-579.9822387695312,165.26645162398427,259.210891269375,-49.894102770162874,352.999999142078,212.00000243357857,1.0,0.8392156958580017,0.572549045085907,calibrated_uv_reprojection_plus_stereo_left
29.495697021484375,-57.86396408081055,-579.738525390625,164.44516499749597,258.2251565880016,-49.67805960227588,354.0000000480412,212.00000001606793,1.0,0.9372549057006836,0.6352941393852234,calibrated_uv_reprojection_plus_stereo_left
30.727720260620117,-57.85494613647461,-579.6401977539062,163.6904798658225,257.18598209543745,-49.57379553808806,355.0000010772687,211.99999724203377,1.0,0.9960784316062927,0.6470588445663452,calibrated_uv_reprojection_plus_stereo_left
31.978748321533203,-57.880741119384766,-579.8907470703125,163.09414202968622,256.016352595002,-49.73770995163255,356.000000062163,212.00000211218276,1.0,0.9921568632125854,0.6431372761726379,calibrated_uv_reprojection_plus_stereo_left
33.21967315673828,-57.88674545288086,-579.9429321289062,162.4073701095682,254.92028509843277,-49.74912587107343,357.00000033525896,212.0000003586125,1.0,0.9921568632125854,0.6392157077789307,calibrated_uv_reprojection_plus_stereo_left
34.45976257324219,-57.890655517578125,-579.9741821289062,161.71091722202658,253.83178285157362,-49.74444493300058,357.9999986653264,212.0000025519411,1.0,0.9803921580314636,0.6352941393852234,calibrated_uv_reprojection_plus_stereo_left
35.702476501464844,-57.89829635620117,-580.0427856445312,161.03108208688258,252.7287990369125,-49.768462060919035,359.0000000478525,212.00000309554457,1.0,0.9764705896377563,0.6352941393852234,calibrated_uv_reprojection_plus_stereo_left
36.95817184448242,-57.925537109375,-580.3076782226562,160.43903325585308,251.55042226645028,-49.94330575891604,360.00000070713725,211.99999854872453,1.0,0.9803921580314636,0.658823549747467,calibrated_uv_reprojection_plus_stereo_left
38.20787048339844,-57.941680908203125,-580.4614868164062,159.79652554918619,250.41354066677872,-50.03276533377715,360.9999976224039,212.00000159404493,1.0,0.9490196108818054,0.6313725709915161,calibrated_uv_reprojection_plus_stereo_left
39.45485305786133,-57.95259094238281,-580.5628051757812,159.13011436563312,249.29616043391817,-50.081870818219954,361.99999905563504,212.0000003247864,0.9843137264251709,0.8705882430076599,0.5686274766921997,calibrated_uv_reprojection_plus_stereo_left
40.703941345214844,-57.965614318847656,-580.685302734375,158.4727691713676,248.17003317704214,-50.14723482458686,363.0000002577794,212.00000004320572,0.929411768913269,0.8274509906768799,0.5215686559677124,calibrated_uv_reprojection_plus_stereo_left
41.96588897705078,-57.995426177978516,-580.9760131835938,157.88965166671744,246.9777921278091,-50.34181640236284,363.9999987852921,212.0000027309527,0.9411764740943909,0.8078431487083435,0.4901960790157318,calibrated_uv_reprojection_plus_stereo_left
43.20268249511719,-57.989559173583984,-580.9092407226562,157.1475379035038,245.92416493016685,-50.2617376670276,364.9999979980314,212.0000004693814,0.9372549057006836,0.800000011920929,0.48627451062202454,calibrated_uv_reprojection_plus_stereo_left
44.441368103027344,-57.98628234863281,-580.868408203125,156.41692385765447,244.86042092578566,-50.20158688252661,366.0000005975252,211.99999761408995,0.9686274528503418,0.886274516582489,0.572549045085907,calibrated_uv_reprojection_plus_stereo_left
45.6805534362793,-57.983619689941406,-580.8338012695312,155.68903805119282,243.79421231375557,-50.1462216048065,366.9999999520286,212.00000067534108,1.0,0.9647058844566345,0.6470588445663452,calibrated_uv_reprojection_plus_stereo_left
46.945777893066406,-58.013084411621094,-581.1209716796875,155.102325625179,242.60027639575063,-50.33799957163245,368.0000021969731,212.00000015035295,0.9960784316062927,0.9607843160629272,0.6274510025978088,calibrated_uv_reprojection_plus_stereo_left
48.2198371887207,-58.05148696899414,-581.4976806640625,154.55398233226026,241.36941820826462,-50.59851296308432,368.99999868682045,212.00000107088823,0.8627451062202454,0.7803921699523926,0.48235294222831726,calibrated_uv_reprojection_plus_stereo_left
-29.73562240600586,-56.71018981933594,-580.9160766601562,198.1000402195681,309.85307217936827,-52.59115675081472,306.0000005176963,213.0000009064896,0.9137254953384399,0.8352941274642944,0.6000000238418579,calibrated_uv_reprojection_plus_stereo_left
-28.506053924560547,-56.71327209472656,-580.9405517578125,197.40623124361207,308.77599058205396,-52.58157792581585,307.00000170967246,213.00000293334307,1.0,0.9882352948188782,0.7333333492279053,calibrated_uv_reprojection_plus_stereo_left
-27.266109466552734,-56.69538116455078,-580.7501220703125,196.60254557447502,307.75987770978554,-52.40605714284459,307.99999985281045,212.99999962332345,1.0,1.0,0.6784313917160034,calibrated_uv_reprojection_plus_stereo_left
-26.02732276916504,-56.67866134643555,-580.5717163085938,195.80533729597101,306.7408563645532,-52.239835205372856,308.9999997424138,212.99999824317968,1.0,1.0,0.6745098233222961,calibrated_uv_reprojection_plus_stereo_left
-24.79463768005371,-56.674583435058594,-580.5228271484375,195.07426272268793,305.68495834547326,-52.1736169686111,309.999999793054,212.9999985353714,1.0,1.0,0.6705882549285889,calibrated_uv_reprojection_plus_stereo_left
-23.561222076416016,-56.668697357177734,-580.4554443359375,194.33382352810713,304.634449525449,-52.093123993983056,311.000000553029,213.00000098277724,1.0,1.0,0.6745098233222961,calibrated_uv_reprojection_plus_stereo_left
-22.32480812072754,-56.65494918823242,-580.3074951171875,193.5527047533833,303.6075722071057,-51.95044050687818,311.99999997285994,213.0000005110424,0.9372549057006836,0.9490196108818054,0.6039215922355652,calibrated_uv_reprojection_plus_stereo_left
-21.08757209777832,-56.63780975341797,-580.1248168945312,192.7543191357505,302.5912913249322,-51.78096103263823,313.000000074552,213.00000037264994,0.9372549057006836,0.6941176652908325,0.41960784792900085,calibrated_uv_reprojection_plus_stereo_left
-19.853912353515625,-56.62919235229492,-580.0294189453125,192.0001949753111,301.54969285713605,-51.67885965984118,314.0000000412009,212.99999937801866,0.9921568632125854,0.7803921699523926,0.5568627715110779,calibrated_uv_reprojection_plus_stereo_left
-18.617475509643555,-56.6114616394043,-579.8406982421875,191.1993453238161,300.53607518524143,-51.504740128576714,314.999999311019,212.99999986655166,1.0,0.9490196108818054,0.6313725709915161,calibrated_uv_reprojection_plus_stereo_left
-17.381671905517578,-56.59379577636719,-579.6526489257812,190.3991835045913,299.5227895949182,-51.331153092450904,315.99999968524014,213.00000064266445,0.9843137264251709,0.9450980424880981,0.6039215922355652,calibrated_uv_reprojection_plus_stereo_left
-16.15024757385254,-56.58933639526367,-579.599853515625,189.6669439398898,298.4692597657219,-51.26195182920054,317.00000108281404,213.00000037363247,1.0,0.929411768913269,0.6000000238418579,calibrated_uv_reprojection_plus_stereo_left
-14.919015884399414,-56.585453033447266,-579.552978515625,188.93767653765974,297.4139700200294,-51.19732087994652,318.0000005223752,213.0000017329549,1.0,0.9490196108818054,0.6196078658103943,calibrated_uv_reprojection_plus_stereo_left
-13.69011116027832,-56.59114074707031,-579.6040649414062,188.257122866646,296.328795422104,-51.20827190661436,318.99999958789437,212.99999792321339,1.0,0.8980392217636108,0.5882353186607361,calibrated_uv_reprojection_plus_stereo_left
-12.457043647766113,-56.57975387573242,-579.4803466796875,187.4896403668278,295.2969371764715,-51.084350233214536,320.0000001464104,212.99999987590198,1.0,0.9254902005195618,0.6039215922355652,calibrated_uv_reprojection_plus_stereo_left
-11.227768898010254,-56.58577346801758,-579.5348510742188,186.8105257105633,294.21032849209803,-51.0979291392872,320.9999999242585,212.99999776999957,1.0,0.9686274528503418,0.6196078658103943,calibrated_uv_reprojection_plus_stereo_left
-9.99829387664795,-56.593017578125,-579.6019897460938,186.13739912656143,293.1194346090873,-51.12124964482564,322.0000000200244,213.0000032493927,1.0,0.9686274528503418,0.6196078658103943,calibrated_uv_reprojection_plus_stereo_left
-8.76696491241455,-56.591346740722656,-579.5777587890625,185.41902736066714,292.0566847174686,-51.07407508228437,323.00000028543826,213.00000358723258,0.9960784316062927,0.9843137264251709,0.6352941393852234,calibrated_uv_reprojection_plus_stereo_left
-7.535202503204346,-56.5870475769043,-579.5265502929688,184.68736491587003,291.00234199077784,-51.00608695705273,323.9999998163142,212.9999992092153,0.9960784316062927,0.9843137264251709,0.6431372761726379,calibrated_uv_reprojection_plus_stereo_left
-6.30380916595459,-56.585784912109375,-579.5065307617188,183.97099054332483,289.93816577210987,-50.96215964880946,325.0000003798505,213.00000207409886,1.0,0.9843137264251709,0.6431372761726379,calibrated_uv_reprojection_plus_stereo_left
-5.071579933166504,-56.576324462890625,-579.4024658203125,183.21349904593154,288.90063223789446,-50.853406741511435,325.99999990591033,212.99999775145176,1.0,0.9960784316062927,0.6509804129600525,calibrated_uv_reprojection_plus_stereo_left
-3.8398289680480957,-56.57014465332031,-579.3320922851562,182.47256833497028,287.8525451928376,-50.77064672445698,327.00000005509014,213.00000080474086,1.0,1.0,0.6549019813537598,calibrated_uv_reprojection_plus_stereo_left
-2.609140634536743,-56.584571838378906,-579.4727172851562,181.8342877192685,286.73665958737126,-50.85059619350875,328.00000015849236,213.00000110376345,1.0,1.0,0.658823549747467,calibrated_uv_reprojection_plus_stereo_left
-1.377028226852417,-56.572715759277344,-579.3441162109375,181.06499802712005,285.7072187528058,-50.722927632024266,328.9999999783729,212.999996447049,1.0,1.0,0.658823549747467,calibrated_uv_reprojection_plus_stereo_left
-0.14527857303619385,-56.56196594238281,-579.2269287109375,180.3014301283887,284.67437932540867,-50.604071846648935,329.99999999976325,212.99999834686886,1.0,1.0,0.6705882549285889,calibrated_uv_reprojection_plus_stereo_left
1.0863624811172485,-56.561790466308594,-579.218017578125,179.59028724599375,283.60636881884176,-50.568702554761956,331.00000000066143,212.9999993424004,1.0,1.0,0.6745098233222961,calibrated_uv_reprojection_plus_stereo_left
2.318061113357544,-56.55938720703125,-579.186279296875,178.86807317009306,282.54574240425376,-50.51573081095364,332.0000000984382,212.9999993018044,1.0,1.0,0.6941176652908325,calibrated_uv_reprojection_plus_stereo_left
3.5510079860687256,-56.5760498046875,-579.3497924804688,178.23956432088085,281.4204388125378,-50.61327601373415,332.999999992181,213.00000034440106,0.8941176533699036,0.9019607901573181,0.572549045085907,calibrated_uv_reprojection_plus_stereo_left
4.784335136413574,-56.58677673339844,-579.4524536132812,177.58141418712785,280.31462113306975,-50.66389025842341,334.000000050872,212.99999621509016,0.5607843399047852,0.5254902243614197,0.2666666805744171,calibrated_uv_reprojection_plus_stereo_left
6.017335414886475,-56.58855438232422,-579.4635620117188,176.87917070475567,279.2389095827085,-50.64392653579853,335.00000021028484,212.99999929362642,0.5058823823928833,0.4588235318660736,0.20392157137393951,calibrated_uv_reprojection_plus_stereo_left
7.251427173614502,-56.59703063964844,-579.543212890625,176.20945109671362,278.1399230993291,-50.67678356613692,336.0000000476748,212.99999851550024,0.5411764979362488,0.40784314274787903,0.20392157137393951,calibrated_uv_reprojection_plus_stereo_left
8.483811378479004,-56.590606689453125,-579.4703369140625,175.46694670788895,277.09210053842696,-50.59207950200113,336.99999947867195,213.00000167339795,0.5215686559677124,0.3843137323856354,0.18431372940540314,calibrated_uv_reprojection_plus_stereo_left
9.716808319091797,-56.588462829589844,-579.4412231445312,174.74525848681225,276.0294894714442,-50.5411000765846,338.00000055943593,212.9999997029485,0.5490196347236633,0.3921568691730499,0.2078431397676468,calibrated_uv_reprojection_plus_stereo_left
10.949514389038086,-56.584495544433594,-579.3934936523438,174.01473075188994,274.9731965962553,-50.47577684577607,338.99999987278073,213.00000212641766,0.7490196228027344,0.5882353186607361,0.3960784375667572,calibrated_uv_reprojection_plus_stereo_left
12.187463760375977,-56.604957580566406,-579.5958251953125,173.40212772419324,273.83089792883993,-50.60313343206883,340.0000001970035,212.99999833329997,0.9490196108818054,0.8078431487083435,0.6039215922355652,calibrated_uv_reprojection_plus_stereo_left
13.424277305603027,-56.61620330810547,-579.703857421875,172.74456857058414,272.72030265009397,-50.657812226986835,340.99999968538793,213.0000004186653,0.9764705896377563,0.8392156958580017,0.6352941393852234,calibrated_uv_reprojection_plus_stereo_left
14.661478996276855,-56.62644577026367,-579.8015747070312,172.08180118669225,271.61272784159183,-50.70452694844499,342.0000003917293,212.9999994414537,0.9960784316062927,0.843137264251709,0.6392157077789307,calibrated_uv_reprojection_plus_stereo_left
15.89946460723877,-56.637332916259766,-579.9059448242188,171.4217972129308,270.50230685506585,-50.756355859073324,342.9999993718773,213.00000285012365,1.0,0.8549019694328308,0.6431372761726379,calibrated_uv_reprojection_plus_stereo_left
17.135608673095703,-56.640045166015625,-579.9265747070312,170.7223563001894,269.42075942470467,-50.743659198662044,343.9999988710471,213.00000345924434,1.0,0.8588235378265381,0.6431372761726379,calibrated_uv_reprojection_plus_stereo_left
18.37103843688965,-56.639705657958984,-579.9158935546875,170.00818802344793,268.35002836396535,-50.706834070112905,345.00000012186956,212.9999990496636,1.0,0.8745098114013672,0.6627451181411743,calibrated_uv_reprojection_plus_stereo_left
19.60579490661621,-56.63700866699219,-579.881103515625,169.28274512695185,267.2877360465088,-50.651437258584224,346.00000123024824,212.99999694618634,1.0,0.8784313797950745,0.6705882549285889,calibrated_uv_reprojection_plus_stereo_left
20.841537475585938,-56.63688659667969,-579.8727416992188,168.5695121775006,266.2159814120724,-50.61639791317822,346.9999998953232,213.00000000681933,1.0,0.8823529481887817,0.6705882549285889,calibrated_uv_reprojection_plus_stereo_left
22.079519271850586,-56.642120361328125,-579.919189453125,167.8815014985928,265.1244276007378,-50.62356547656117,347.99999894370615,213.00000115248395,1.0,0.8745098114013672,0.6627451181411743,calibrated_uv_reprojection_plus_stereo_left
23.313995361328125,-56.63789749145508,-579.8687744140625,167.14866339959985,264.0674680240004,-50.556127737808765,349.00000041018524,212.99999898852033,1.0,0.8588235378265381,0.6235294342041016,calibrated_uv_reprojection_plus_stereo_left
24.5462589263916,-56.628631591796875,-579.7667846679688,166.39214979351635,263.02923210600125,-50.44897824693612,350.0000005690978,213.0000012467083,1.0,0.8392156958580017,0.5921568870544434,calibrated_uv_reprojection_plus_stereo_left
25.77745246887207,-56.6175651550293,-579.6463012695312,165.62731123508314,261.9979473881178,-50.327591239054925,351.00000049573407,212.99999865474788,1.0,0.8509804010391235,0.5686274766921997,calibrated_uv_reprojection_plus_stereo_left
27.004186630249023,-56.59783172607422,-579.4371337890625,164.8221415209468,260.99942586054556,-50.137931399936576,352.00000038797793,212.99999961743652,1.0,0.9058823585510254,0.6078431606292725,calibrated_uv_reprojection_plus_stereo_left
28.23309326171875,-56.583866119384766,-579.2869873046875,164.0442695814089,259.97979124221604,-49.9937267603745,353.00000083141555,212.99999803671494,1.0,0.9764705896377563,0.6392157077789307,calibrated_uv_reprojection_plus_stereo_left
29.46245002746582,-56.571632385253906,-579.1546020507812,163.27472650503768,258.95398163983657,-49.86320761303671,354.0000009905977,212.99999871018986,1.0,0.9843137264251709,0.6470588445663452,calibrated_uv_reprojection_plus_stereo_left
30.69097137451172,-56.558555603027344,-579.0136108398438,162.5014994634845,257.9317022565201,-49.72607345593218,354.9999996052751,213.0000011639575,1.0,0.9921568632125854,0.6509804129600525,calibrated_uv_reprojection_plus_stereo_left
31.941003799438477,-56.584320068359375,-579.2702026367188,161.9081998257996,256.7612263013623,-49.89498836892699,356.00000021884466,212.99999977321826,1.0,0.9921568632125854,0.6470588445663452,calibrated_uv_reprojection_plus_stereo_left
33.18141555786133,-56.59149169921875,-579.3364868164062,161.22838698792964,255.66109924279272,-49.917394509405824,356.9999975452531,213.00000136649692,0.9843137264251709,0.9686274528503418,0.6196078658103943,calibrated_uv_reprojection_plus_stereo_left
34.42137145996094,-56.59713363647461,-579.3870849609375,160.54125178444048,254.56647645420486,-49.92771556986071,357.99999904019296,213.00000108073178,0.9725490212440491,0.9176470637321472,0.5843137502670288,calibrated_uv_reprojection_plus_stereo_left
35.665855407714844,-56.60932159423828,-579.5046997070312,159.8839262626227,253.44608988614783,-49.98960420137098,359.0000001147866,213.00000141931542,0.9372549057006836,0.8627451062202454,0.5333333611488342,calibrated_uv_reprojection_plus_stereo_left
36.91649627685547,-56.62989807128906,-579.7081909179688,159.26459607115845,252.29238071362457,-50.11756432662037,359.9999994539291,213.00000246627033,0.9921568632125854,0.9372549057006836,0.6039215922355652,calibrated_uv_reprojection_plus_stereo_left
38.16303253173828,-56.64281463623047,-579.8331909179688,158.60966881480726,251.16780173600804,-50.185096515767555,361.00000206156943,212.99999773151052,1.0,0.929411768913269,0.5960784554481506,calibrated_uv_reprojection_plus_stereo_left
39.4077033996582,-56.65201187133789,-579.9202270507812,157.93744484266853,250.0572139151557,-50.223406195177404,361.9999983499325,213.00000195138142,0.9960784316062927,0.9176470637321472,0.6039215922355652,calibrated_uv_reprojection_plus_stereo_left
40.65500259399414,-56.66408920288086,-580.0366821289062,157.27794360897946,248.93475676148591,-50.284335016077875,362.9999995953347,213.00000145998865,1.0,0.9686274528503418,0.6509804129600525,calibrated_uv_reprojection_plus_stereo_left
41.91816711425781,-56.69670104980469,-580.36328125,156.71096539939464,247.7300598956352,-50.506922065269805,364.0000017193574,212.99999709773303,0.9921568632125854,0.929411768913269,0.6039215922355652,calibrated_uv_reprojection_plus_stereo_left
43.16228485107422,-56.70220947265625,-580.4125366210938,156.02078889884672,246.63225767838415,-50.516113939496734,364.9999984772334,213.00000064515962,0.9372549057006836,0.8549019694328308,0.529411792755127,calibrated_uv_reprojection_plus_stereo_left
44.40901565551758,-56.71054458618164,-580.4906616210938,155.34307842647644,245.5227782045992,-50.54750164230683,365.99999952773146,212.99999928976817,0.9372549057006836,0.8666666746139526,0.5372549295425415,calibrated_uv_reprojection_plus_stereo_left
45.63700866699219,-56.694950103759766,-580.3238525390625,154.55767195398192,244.50936541311933,-50.39047138347473,367.000001628867,212.99999871640398,1.0,0.9647058844566345,0.6392157077789307,calibrated_uv_reprojection_plus_stereo_left
46.9101448059082,-56.73459243774414,-580.7224731445312,154.01979433083642,243.27254453972427,-50.66836274032465,367.99999813423324,213.00000090878757,0.9529411792755127,0.8941176533699036,0.572549045085907,calibrated_uv_reprojection_plus_stereo_left
48.180877685546875,-56.769168853759766,-581.0691528320312,153.4581830968986,242.05472708594402,-50.90625772972891,369.0000025597242,212.99999703242025,0.7843137383460999,0.6666666865348816,0.4000000059604645,calibrated_uv_reprojection_plus_stereo_left
-30.927566528320312,-55.399986267089844,-580.1173706054688,197.49346305641643,311.6577891988126,-52.63558182867939,305.0000015966885,214.00000063562865,0.8784313797950745,0.7568627595901489,0.5803921818733215,calibrated_uv_reprojection_plus_stereo_left
-29.69489860534668,-55.3935546875,-580.043701171875,196.75046330999407,310.6099496114617,-52.55022361603227,306.0000004883454,213.99999855743312,0.9921568632125854,0.95686274766922,0.6784313917160034,calibrated_uv_reprojection_plus_stereo_left
-28.47369384765625,-55.4091796875,-580.2010498046875,196.1253970298967,309.497040583958,-52.64350783805327,306.9999997137273,214.00000100714132,1.0,0.9960784316062927,0.7058823704719543,calibrated_uv_reprojection_plus_stereo_left
-27.221206665039062,-55.36292266845703,-579.7103881835938,195.17001637146927,308.567415923775,-52.23572302968239,307.99999997242054,214.000000865468,1.0,1.0,0.6745098233222961,calibrated_uv_reprojection_plus_stereo_left
-25.992321014404297,-55.3629035949707,-579.703857421875,194.46155123731808,307.5010567055101,-52.20229110343132,308.99999960385037,213.9999979711681,1.0,1.0,0.6745098233222961,calibrated_uv_reprojection_plus_stereo_left
-24.76415252685547,-55.364837646484375,-579.7178344726562,193.76337910864117,306.4286620252461,-52.18471316515814,309.999999756206,213.99999955442925,0.9843137264251709,0.9921568632125854,0.6549019813537598,calibrated_uv_reprojection_plus_stereo_left
-23.528745651245117,-55.35032272338867,-579.5595703125,192.97802707744364,305.40592040709487,-52.03397598187178,311.00000035956754,214.00000061010576,0.9843137264251709,0.9843137264251709,0.6470588445663452,calibrated_uv_reprojection_plus_stereo_left
-22.303316116333008,-55.35936737060547,-579.6480102539062,192.31731974795736,304.3117207791471,-52.07395649761975,312.0000011927004,214.0000030504247,0.9764705896377563,0.9843137264251709,0.6352941393852234,calibrated_uv_reprojection_plus_stereo_left
-21.065710067749023,-55.3379020690918,-579.4169311523438,191.49560933901586,303.31071688494563,-51.866944178341555,313.0000009756736,214.00000076117266,0.9843137264251709,0.7647058963775635,0.4901960790157318,calibrated_uv_reprojection_plus_stereo_left
-19.833690643310547,-55.32979965209961,-579.3258056640625,190.74456517038095,302.26911243047596,-51.768124260224624,313.9999998814089,214.00000115864225,0.9764705896377563,0.6901960968971252,0.46666666865348816,calibrated_uv_reprojection_plus_stereo_left
-18.598299026489258,-55.31107711791992,-579.1234741210938,189.93798136237223,301.26069713975426,-51.58336094229713,314.99999992056746,214.00000068069843,0.9921568632125854,0.929411768913269,0.6235294342041016,calibrated_uv_reprojection_plus_stereo_left
-17.36215591430664,-55.287818908691406,-578.8736572265625,189.10807670022984,300.2670525225128,-51.36191567645301,315.9999997266707,214.0000002457017,1.0,0.9960784316062927,0.6549019813537598,calibrated_uv_reprojection_plus_stereo_left
-16.13225555419922,-55.282958984375,-578.8164672851562,188.3746081883832,299.216266912686,-51.28934622385776,316.99999960436753,213.99999912209282,1.0,0.9843137264251709,0.6549019813537598,calibrated_uv_reprojection_plus_stereo_left
-14.903100967407227,-55.28065490722656,-578.7860717773438,187.6544810852352,298.1574278013351,-51.23748433898231,318.00000020540216,214.00000068063895,1.0,0.9803921580314636,0.6509804129600525,calibrated_uv_reprojection_plus_stereo_left
-13.674315452575684,-55.28007507324219,-578.773681640625,186.9432482786645,297.0930592862612,-51.199531071489844,319.0000002436298,213.9999985974905,1.0,0.6039215922355652,0.38823530077934265,calibrated_uv_reprojection_plus_stereo_left
-12.443330764770508,-55.27031326293945,-578.6652221679688,186.18444019104749,296.05798614792343,-51.08735263777373,320.0000001998163,214.00000149610122,1.0,0.7647058963775635,0.5372549295425415,calibrated_uv_reprojection_plus_stereo_left
-11.212430953979492,-55.25962448120117,-578.5469970703125,185.42097781611216,295.0261564061371,-50.96763284192542,321.00000039392216,213.99999958009636,1.0,0.9921568632125854,0.6431372761726379,calibrated_uv_reprojection_plus_stereo_left
-9.983329772949219,-55.25713348388672,-578.5146484375,184.6999396572878,293.96799827148624,-50.91426430090132,322.00000003913993,214.0000014021785,1.0,0.9764705896377563,0.6274510025978088,calibrated_uv_reprojection_plus_stereo_left
-8.75413990020752,-55.25439453125,-578.4796752929688,183.97758747971312,292.91061439211126,-50.85886587093603,322.9999998893118,214.00000102448908,0.9921568632125854,0.95686274766922,0.6078431606292725,calibrated_uv_reprojection_plus_stereo_left
-7.526594638824463,-55.26401138305664,-578.5740356445312,183.31852379236744,291.8126498307614,-50.903365916722464,323.9999999742575,213.99999889121517,0.9882352948188782,0.9450980424880981,0.6039215922355652,calibrated_uv_reprojection_plus_stereo_left
-6.2972893714904785,-55.26333236694336,-578.5606689453125,182.60651742123395,290.74814914903004,-50.864649774821544,325.0000003574196,214.00000180896828,1.0,0.95686274766922,0.6196078658103943,calibrated_uv_reprojection_plus_stereo_left
-5.067718505859375,-55.261165618896484,-578.5316772460938,181.8868302999344,289.68849086522084,-50.81386063358184,326.00000013994674,214.00000090561028,0.9960784316062927,0.9647058844566345,0.6235294342041016,calibrated_uv_reprojection_plus_stereo_left
-3.838360071182251,-55.26296615600586,-578.5442504882812,181.18729851924138,288.6155175424759,-50.79517129147672,327.00000014105274,214.000002489088,0.9960784316062927,0.9686274528503418,0.6274510025978088,calibrated_uv_reprojection_plus_stereo_left
-2.609544515609741,-55.28134536743164,-578.7303466796875,180.57172451729684,287.48665163843685,-50.91047414009529,327.99999995233287,214.00000135894345,1.0,0.9803921580314636,0.6431372761726379,calibrated_uv_reprojection_plus_stereo_left
-1.379316806793213,-55.282318115234375,-578.7342529296875,179.86751581527062,286.41573782279363,-50.885072877090124,329.00000007511966,214.00000319270825,1.0,0.9960784316062927,0.6627451181411743,calibrated_uv_reprojection_plus_stereo_left
-0.14888536930084229,-55.28297424316406,-578.7347412109375,179.16154979099724,285.3457530508907,-50.85702278618538,329.99999998181994,213.99999708231704,1.0,1.0,0.6745098233222961,calibrated_uv_reprojection_plus_stereo_left
1.0817550420761108,-55.2846565246582,-578.74609375,178.46069212842724,284.27206253260965,-50.83736246446654,330.9999999754092,214.00000051425997,1.0,1.0,0.6745098233222961,calibrated_uv_reprojection_plus_stereo_left
2.31241774559021,-55.2812614440918,-578.7042236328125,177.73417150446483,283.2156375097852,-50.77660367241958,332.00000004438846,213.9999985304365,1.0,1.0,0.6745098233222961,calibrated_uv_reprojection_plus_stereo_left
3.5432002544403076,-55.27960205078125,-578.6805419921875,177.01634823231586,282.1532011372682,-50.729886814153474,333.0000000773163,213.99999801448865,0.9333333373069763,0.9411764740943909,0.5960784554481506,calibrated_uv_reprojection_plus_stereo_left
4.775075435638428,-55.28960037231445,-578.7789306640625,176.3567371649243,281.05016562258373,-50.77740000335672,333.99999986105615,214.0000003099742,0.49803921580314636,0.41960784792900085,0.1568627506494522,calibrated_uv_reprojection_plus_stereo_left
6.005570411682129,-55.28132247924805,-578.6859741210938,175.60568545783747,280.01048131392844,-50.677201405544395,334.999999811422,214.00000056155122,0.5960784554481506,0.5098039507865906,0.2549019753932953,calibrated_uv_reprojection_plus_stereo_left
7.238107681274414,-55.29024124145508,-578.7730102539062,174.94022543494708,278.91055575195253,-50.71593138314438,335.9999999131351,213.99999915643232,0.6745098233222961,0.5254902243614197,0.3450980484485626,calibrated_uv_reprojection_plus_stereo_left
8.469491958618164,-55.287994384765625,-578.7431640625,174.21908607328834,277.84959805554627,-50.664440254151145,337.0000002218257,213.99999774377522,0.658823549747467,0.5137255191802979,0.3294117748737335,calibrated_uv_reprojection_plus_stereo_left
9.700730323791504,-55.28457260131836,-578.7010498046875,173.49211467408202,276.7927533249108,-50.60348153906824,338.000000515026,213.99999873518772,0.5647059082984924,0.4274509847164154,0.250980406999588,calibrated_uv_reprojection_plus_stereo_left
10.932257652282715,-55.28257751464844,-578.6738891601562,172.77218417972398,275.730800933051,-50.55406316618269,338.99999993582685,214.00000124748016,0.5921568870544434,0.48627451062202454,0.3019607961177826,calibrated_uv_reprojection_plus_stereo_left
12.169057846069336,-55.304222106933594,-578.8941040039062,172.16847540435344,274.58390934547754,-50.695524229475154,340.0000005636483,213.99999823207867,0.7843137383460999,0.7254902124404907,0.5333333611488342,calibrated_uv_reprojection_plus_stereo_left
13.40256404876709,-55.30763244628906,-578.9235229492188,171.47468216509378,273.5018584668259,-50.689746774328796,340.99999976458594,214.00000094553255,0.8901960849761963,0.772549033164978,0.5803921818733215,calibrated_uv_reprojection_plus_stereo_left
14.637076377868652,-55.313663482666016,-578.9803466796875,170.7935232181244,272.4100302622348,-50.70510476229936,341.999999732268,214.00000171849098,0.9372549057006836,0.7686274647712708,0.5764706134796143,calibrated_uv_reprojection_plus_stereo_left
15.873686790466309,-55.32551193237305,-579.0980224609375,170.14049536735797,271.2966105828578,-50.767397831593314,343.0000004005734,213.999999605868,0.9803921580314636,0.7921568751335144,0.5960784554481506,calibrated_uv_reprojection_plus_stereo_left
17.108524322509766,-55.329402923583984,-579.1324462890625,169.44835193382312,270.21177569203985,-50.76545303297547,343.99999940039237,214.00000076517762,1.0,0.8039215803146362,0.6078431606292725,calibrated_uv_reprojection_plus_stereo_left
18.342164993286133,-55.32867431640625,-579.1184692382812,168.73356788585954,269.14370104045815,-50.72616208869533,345.0000001548254,213.999998330672,1.0,0.8156862854957581,0.6000000238418579,calibrated_uv_reprojection_plus_stereo_left
19.57717514038086,-55.33145523071289,-579.1412353515625,168.0357084983978,268.06250127583337,-50.715210330359696,346.000000675687,213.99999670883022,1.0,0.8352941274642944,0.615686297416687,calibrated_uv_reprojection_plus_stereo_left
20.811254501342773,-55.33100509643555,-579.1302490234375,167.3221088358029,266.99307682338303,-50.67822227891213,346.9999993822471,214.0000002970514,1.0,0.8666666746139526,0.6313725709915161,calibrated_uv_reprojection_plus_stereo_left
22.048147201538086,-55.33726501464844,-579.189453125,166.6407313359436,265.89840563446205,-50.69536305124592,347.9999987704659,214.00000079810678,1.0,0.8549019694328308,0.615686297416687,calibrated_uv_reprojection_plus_stereo_left
23.279884338378906,-55.330223083496094,-579.109375,165.89517829559338,264.85345604624376,-50.60507685553296,349.00000107935074,213.9999968688914,1.0,0.8745098114013672,0.5921568870544434,calibrated_uv_reprojection_plus_stereo_left
24.511199951171875,-55.32257843017578,-579.0230712890625,165.1468605080434,263.8108983654561,-50.509997487093244,350.00000023322923,213.99999928181867,1.0,0.9098039269447327,0.615686297416687,calibrated_uv_reprojection_plus_stereo_left
25.742414474487305,-55.31510543823242,-578.9385375976562,164.3994558806827,262.76785256042945,-50.41628577785542,351.00000007927986,213.99999956142142,1.0,0.9725490212440491,0.6470588445663452,calibrated_uv_reprojection_plus_stereo_left
26.970016479492188,-55.30057907104492,-578.7802124023438,163.61855272059995,261.7519176082563,-50.26568268440951,351.9999992558682,214.0000020712519,1.0,0.9843137264251709,0.6509804129600525,calibrated_uv_reprojection_plus_stereo_left
28.200326919555664,-55.292320251464844,-578.6874389648438,162.86769641931107,260.7123335820164,-50.16562887032103,353.00000008306614,214.00000096592333,1.0,0.9960784316062927,0.6431372761726379,calibrated_uv_reprojection_plus_stereo_left
29.430219650268555,-55.28367233276367,-578.590576171875,162.11510993473854,259.674440317402,-50.06242632061435,353.99999986109606,213.99999845172346,1.0,0.9960784316062927,0.6431372761726379,calibrated_uv_reprojection_plus_stereo_left
30.6602840423584,-55.275733947753906,-578.501220703125,161.36603806141102,258.6339624601208,-49.96502034166349,354.9999994068905,214.00000216675286,1.0,0.9960784316062927,0.6431372761726379,calibrated_uv_reprojection_plus_stereo_left
31.90498924255371,-55.29351043701172,-578.680908203125,160.7382562281212,257.4933619448633,-50.07500695957282,355.9999999978292,213.9999996704655,1.0,0.9843137264251709,0.6352941393852234,calibrated_uv_reprojection_plus_stereo_left
33.144447326660156,-55.300933837890625,-578.7522583007812,160.0612625563502,256.3925141819882,-50.101465670987864,357.0000026086522,213.99999855532639,0.9686274528503418,0.9333333373069763,0.5843137502670288,calibrated_uv_reprojection_plus_stereo_left
34.38445281982422,-55.30845260620117,-578.8246459960938,159.3844519058099,255.29085509107708,-50.12871495500741,357.9999999173597,214.00000069562466,0.9490196108818054,0.8980392217636108,0.5764706134796143,calibrated_uv_reprojection_plus_stereo_left
35.626163482666016,-55.31784439086914,-578.9165649414062,158.71608203209382,254.18136664881908,-50.17100208218881,359.0000023494413,213.99999758432523,0.8823529481887817,0.8039215803146362,0.48627451062202454,calibrated_uv_reprojection_plus_stereo_left
36.875728607177734,-55.338157653808594,-579.1228637695312,158.0983327748483,253.02789990729966,-50.301427616551905,359.9999974303198,214.0000012678556,0.9843137264251709,0.9137254953384399,0.6000000238418579,calibrated_uv_reprojection_plus_stereo_left
38.121131896972656,-55.350868225097656,-579.24951171875,157.44458368529865,251.90392045781104,-50.37044480961214,361.0000012917626,213.99999854118312,1.0,0.9176470637321472,0.6039215922355652,calibrated_uv_reprojection_plus_stereo_left
39.3665657043457,-55.36259841918945,-579.365966796875,156.78589884152439,250.78322806952383,-50.431594586238134,362.00000030728694,214.0000012630496,0.9921568632125854,0.8745098114013672,0.5490196347236633,calibrated_uv_reprojection_plus_stereo_left
40.609798431396484,-55.37039566040039,-579.4412231445312,156.10862080917548,249.6778300247812,-50.46098280406312,362.99999979019645,214.0000010776582,1.0,0.929411768913269,0.6039215922355652,calibrated_uv_reprojection_plus_stereo_left
41.87275314331055,-55.40361404418945,-579.782470703125,155.5482419724754,248.46888459512093,-50.695292319965574,364.0000008138064,213.99999850106303,1.0,0.9450980424880981,0.615686297416687,calibrated_uv_reprojection_plus_stereo_left
43.12097930908203,-55.4157829284668,-579.9035034179688,154.89016106028072,247.3442774200111,-50.759912073427415,365.0000013853,214.00000117936375,1.0,0.9725490212440491,0.6431372761726379,calibrated_uv_reprojection_plus_stereo_left
44.360145568847656,-55.4157600402832,-579.8969116210938,154.17576372966153,246.26900059078156,-50.7261970844047,365.99999962135104,214.00000073542031,1.0,0.9725490212440491,0.6392157077789307,calibrated_uv_reprojection_plus_stereo_left
45.598636627197266,-55.41472244262695,-579.8796997070312,153.45663475819077,245.19776038460455,-50.68429758762727,366.99999758400475,214.0000002133769,0.9960784316062927,0.9607843160629272,0.6392157077789307,calibrated_uv_reprojection_plus_stereo_left
46.87268829345703,-55.45561218261719,-580.3012084960938,152.92857466415234,243.95309665720472,-50.98032292968202,368.0000027547514,213.99999840352763,0.8705882430076599,0.7960784435272217,0.4901960790157318,calibrated_uv_reprojection_plus_stereo_left
-30.880884170532227,-54.079776763916016,-579.1679077148438,196.10608812609718,312.43296271243594,-52.53304477975871,304.9999991214466,214.99999952589354,0.9529411792755127,0.8588235378265381,0.6627451181411743,calibrated_uv_reprojection_plus_stereo_left
-29.646089553833008,-54.065879821777344,-579.0136108398438,195.3231755995855,311.40936604321325,-52.3852620391761,305.99999909007846,214.99999672838106,1.0,1.0,0.6901960968971252,calibrated_uv_reprojection_plus_stereo_left
-28.425994873046875,-54.07905197143555,-579.1492919921875,194.68802109334,310.3046180165219,-52.46203842880732,306.9999999189043,215.00000036348126,1.0,1.0,0.6823529601097107,calibrated_uv_reprojection_plus_stereo_left
-27.18052864074707,-54.04329299926758,-578.7609252929688,193.7865155903205,309.34756954730955,-52.133025297067036,308.00000063340286,215.00000165298087,1.0,1.0,0.6705882549285889,calibrated_uv_reprojection_plus_stereo_left
-25.956802368164062,-54.04976272583008,-578.8247680664062,193.11476437111514,308.26293306080026,-52.1541683914333,309.00000080660203,215.0000007614077,1.0,1.0,0.6705882549285889,calibrated_uv_reprojection_plus_stereo_left
-24.733142852783203,-54.057373046875,-578.9008178710938,192.44891697623865,307.1744000616233,-52.184751446602434,309.99999974606294,214.99999944556163,0.9764705896377563,0.9843137264251709,0.6470588445663452,calibrated_uv_reprojection_plus_stereo_left
-23.500904083251953,-54.046424865722656,-578.7781372070312,191.68265995438418,306.1427850627946,-52.06147541537007,311.0000001407677,214.99999912221764,0.9764705896377563,0.9725490212440491,0.6274510025978088,calibrated_uv_reprojection_plus_stereo_left
-22.279449462890625,-54.060829162597656,-578.927001953125,191.0530593692771,305.0325838522532,-52.148414085423326,312.00000094064615,215.0000025314025,0.9882352948188782,0.9725490212440491,0.6274510025978088,calibrated_uv_reprojection_plus_stereo_left
-21.0457706451416,-54.04594421386719,-578.7621459960938,190.26571299014637,304.0133783652187,-51.99249330822039,313.0000009862812,215.00000083997253,0.9921568632125854,0.8392156958580017,0.545098066329956,calibrated_uv_reprojection_plus_stereo_left
-19.813005447387695,-54.032142639160156,-578.6089477539062,189.48448852217058,302.99119290265776,-51.84561013985467,314.0000002332823,215.00000325120055,0.9529411792755127,0.6823529601097107,0.4156862795352936,calibrated_uv_reprojection_plus_stereo_left
-18.57927703857422,-54.01420211791992,-578.4113159179688,188.68136991955794,301.9825593974773,-51.66434247342579,314.99999948819925,214.9999970221375,0.9843137264251709,0.9098039269447327,0.5960784554481506,calibrated_uv_reprojection_plus_stereo_left
-17.3413028717041,-53.98101043701172,-578.0504760742188,187.79739036499882,301.0231080072442,-51.35678663892196,316.00000065516446,214.99999874782992,1.0,0.9921568632125854,0.6431372761726379,calibrated_uv_reprojection_plus_stereo_left
-16.114620208740234,-53.98112869262695,-578.0463256835938,187.0912717145859,299.95792775042486,-51.32528925477118,316.99999994366846,214.99999975774404,1.0,0.9333333373069763,0.6078431606292725,calibrated_uv_reprojection_plus_stereo_left
-14.888106346130371,-53.98247146606445,-578.0552978515625,186.3915542137088,298.8886437620889,-51.30394287853403,318.00000008439264,215.00000159781317,0.9411764740943909,0.843137264251709,0.5254902243614197,calibrated_uv_reprojection_plus_stereo_left
-13.661943435668945,-53.986087799072266,-578.0885620117188,185.70371335659934,297.81179374714424,-51.301385067645754,318.9999996088854,214.999999444453,1.0,0.5882353186607361,0.38823530077934265,calibrated_uv_reprojection_plus_stereo_left
-12.43216323852539,-53.97542190551758,-577.9689331054688,184.94033258748988,296.7813284515491,-51.18052629072258,320.0000003450329,215.00000052189736,1.0,0.8392156958580017,0.6235294342041016,calibrated_uv_reprojection_plus_stereo_left
-11.202176094055176,-53.96220397949219,-577.8219604492188,184.16369640907084,295.7595402422911,-51.03851920043843,321.00000020975597,215.00000021057693,1.0,0.9882352948188782,0.6392157077789307,calibrated_uv_reprojection_plus_stereo_left
-9.972816467285156,-53.95001220703125,-577.6859741210938,183.39269927665862,294.73473858318744,-50.905021236137316,322.0000004367423,214.99999963615815,1.0,0.9490196108818054,0.6117647290229797,calibrated_uv_reprojection_plus_stereo_left
-8.743821144104004,-53.937644958496094,-577.548095703125,182.62100318368766,293.7108660125635,-50.77006796217103,322.9999996708672,214.99999792939255,0.9843137264251709,0.8509804010391235,0.5411764979362488,calibrated_uv_reprojection_plus_stereo_left
-7.518417835235596,-53.948184967041016,-577.6555786132812,181.96925254227762,292.6106372725725,-50.824918917380444,324.00000000226584,215.00000214251884,0.9686274528503418,0.8705882430076599,0.5529412031173706,calibrated_uv_reprojection_plus_stereo_left
-6.291881561279297,-53.95452117919922,-577.7179565429688,181.2951861184011,291.5240313016915,-50.844863469523546,324.99999962363324,214.99999951136013,0.9960784316062927,0.9686274528503418,0.6352941393852234,calibrated_uv_reprojection_plus_stereo_left
-5.0637078285217285,-53.94822311401367,-577.6450805664062,180.55519228905644,290.4798168237403,-50.7601909395521,325.9999998730174,214.9999990344849,0.9921568632125854,0.9411764740943909,0.6078431606292725,calibrated_uv_reprojection_plus_stereo_left
-3.8363165855407715,-53.95118713378906,-577.67138671875,179.863301065202,289.40415404515556,-50.75222627144029,327.00000003868223,214.99999929408716,0.9882352948188782,0.9333333373069763,0.6039215922355652,calibrated_uv_reprojection_plus_stereo_left
-2.609250545501709,-53.9670295715332,-577.8355712890625,179.23784388617173,288.28410929359063,-50.85087852399408,327.9999998162459,214.99999864040697,0.9960784316062927,0.9490196108818054,0.6078431606292725,calibrated_uv_reprojection_plus_stereo_left
-1.3813306093215942,-53.984073638916016,-578.0126342773438,178.61808314621942,287.1591509355103,-50.95946968746358,329.0000000393793,214.99999923095584,0.9843137264251709,0.9607843160629272,0.615686297416687,calibrated_uv_reprojection_plus_stereo_left
-0.15246137976646423,-53.99739074707031,-578.1497802734375,177.97859912666974,286.0462975921731,-51.03717404603913,329.9999999955788,214.99999919041863,0.9882352948188782,0.9607843160629272,0.6352941393852234,calibrated_uv_reprojection_plus_stereo_left
1.0770835876464844,-54.006004333496094,-578.236572265625,177.31453294901746,284.94916874933983,-51.07592868352799,330.9999999427007,214.99999987210185,1.0,0.9764705896377563,0.6549019813537598,calibrated_uv_reprojection_plus_stereo_left
2.306737184524536,-54.004154205322266,-578.2113037109375,176.59656433043597,283.88824531427076,-51.02803243462205,332.000000002342,214.99999863577955,1.0,1.0,0.6823529601097107,calibrated_uv_reprojection_plus_stereo_left
3.536250114440918,-53.99894714355469,-578.150146484375,175.86142933912356,282.83907199130186,-50.95239224163322,332.9999999886863,215.0000014492379,0.929411768913269,0.9333333373069763,0.6039215922355652,calibrated_uv_reprojection_plus_stereo_left
4.765753269195557,-53.99447250366211,-578.0967407226562,175.13003052558486,281.7873926703089,-50.882741494539516,333.9999999961084,214.99999738265274,0.615686297416687,0.5215686559677124,0.26274511218070984,calibrated_uv_reprojection_plus_stereo_left
5.994814872741699,-53.98638153076172,-578.0046997070312,174.3803163750349,280.74861592377124,-50.783231451043434,334.9999999547303,214.9999996038099,0.7176470756530762,0.6196078658103943,0.3686274588108063,calibrated_uv_reprojection_plus_stereo_left
7.224057197570801,-53.98117446899414,-577.9434814453125,173.64531165545702,279.69969524855946,-50.70754731913593,336.0000004310002,214.99999769150529,0.7607843279838562,0.6235294342041016,0.43529412150382996,calibrated_uv_reprojection_plus_stereo_left
8.454449653625488,-53.98378372192383,-577.9660034179688,172.94987763643275,278.6226500076725,-50.69658876914116,337.0000002944978,215.00000004575472,0.7568627595901489,0.6196078658103943,0.43529412150382996,calibrated_uv_reprojection_plus_stereo_left
9.685040473937988,-53.98592758178711,-577.9835205078125,172.25192649877698,277.54705276881117,-50.6817547719686,337.9999999759547,215.0000008012861,0.7019608020782471,0.5607843399047852,0.3960784375667572,calibrated_uv_reprojection_plus_stereo_left
10.915525436401367,-53.98625564575195,-577.9815673828125,171.54468324294453,276.47785361961314,-50.65186711541014,339.00000017746123,214.99999935587698,0.615686297416687,0.5215686559677124,0.3490196168422699,calibrated_uv_reprojection_plus_stereo_left
12.149845123291016,-54.00283432006836,-578.1536254882812,170.91884386667022,275.3489525967881,-50.756441136886735,340.0000000212652,215.00000043127358,0.686274528503418,0.6666666865348816,0.48235294222831726,calibrated_uv_reprojection_plus_stereo_left
13.382638931274414,-54.009544372558594,-578.2200317382812,170.24311741216047,274.2556032074543,-50.77935870801787,340.99999973568987,215.00000185147837,0.7960784435272217,0.8078431487083435,0.6078431606292725,calibrated_uv_reprojection_plus_stereo_left
14.614656448364258,-54.011653900146484,-578.2371215820312,169.5441457203695,273.1789018896608,-50.764158896185165,341.9999998179888,214.99999855967448,0.8156862854957581,0.8549019694328308,0.6470588445663452,calibrated_uv_reprojection_plus_stereo_left
15.84854793548584,-54.01926040649414,-578.3131103515625,168.87239406196016,272.0814935584458,-50.794459999893206,343.0000000575683,214.9999991501688,0.9450980424880981,0.9019607901573181,0.6705882549285889,calibrated_uv_reprojection_plus_stereo_left
17.08128547668457,-54.0216064453125,-578.332763671875,168.17423839199546,271.0033371363478,-50.78122735592808,343.999999665191,214.9999984644027,1.0,0.9098039269447327,0.6745098233222961,calibrated_uv_reprojection_plus_stereo_left
18.313705444335938,-54.022212982177734,-578.3338623046875,167.46734531244704,269.931470068123,-50.75365852500613,344.9999986755632,215.0000029907169,1.0,0.9019607901573181,0.6392157077789307,calibrated_uv_reprojection_plus_stereo_left
19.547414779663086,-54.025856018066406,-578.3673706054688,166.77529063580607,268.84797949111623,-50.751115056468336,345.9999995202135,215.00000020845158,1.0,0.9137254953384399,0.6431372761726379,calibrated_uv_reprojection_plus_stereo_left
20.7803897857666,-54.0267333984375,-578.3712768554688,166.06943410067407,267.7747168906684,-50.72570001353591,346.999999817682,214.99999792146403,1.0,0.9490196108818054,0.658823549747467,calibrated_uv_reprojection_plus_stereo_left
22.015127182006836,-54.031429290771484,-578.4161376953125,165.38223810078262,266.68665818703704,-50.73191485653757,347.99999999758177,215.0000015219801,1.0,0.9686274528503418,0.6784313917160034,calibrated_uv_reprojection_plus_stereo_left
23.247522354125977,-54.029808044433594,-578.393310546875,164.66386862563877,265.62256036501765,-50.685843260825266,349.0000000841282,215.00000050802163,1.0,0.9921568632125854,0.6705882549285889,calibrated_uv_reprojection_plus_stereo_left
24.478683471679688,-54.025264739990234,-578.3391723632812,163.93116553045564,264.5696771970265,-50.61558844257121,350.0000012536268,214.9999972142832,1.0,0.9843137264251709,0.6627451181411743,calibrated_uv_reprojection_plus_stereo_left
25.710145950317383,-54.021446228027344,-578.2928466796875,163.20203946122172,263.51400329903936,-50.55137000246077,351.000000574126,214.99999797590021,1.0,0.9921568632125854,0.6431372761726379,calibrated_uv_reprojection_plus_stereo_left
26.94161033630371,-54.01765060424805,-578.2467651367188,162.47302966230518,262.4582486207216,-50.487340248284795,352.00000061481586,214.99999866820917,1.0,0.9960784316062927,0.6431372761726379,calibrated_uv_reprojection_plus_stereo_left
28.173192977905273,-54.014102935791016,-578.2033081054688,161.7452150302385,261.4015397944401,-50.42533565453266,353.00000039934696,214.99999709998434,1.0,1.0,0.6431372761726379,calibrated_uv_reprojection_plus_stereo_left
29.405485153198242,-54.01184844970703,-578.1737670898438,161.0236743483901,260.33970894255094,-50.37407831022472,354.0000001137857,215.00000107164718,1.0,1.0,0.6431372761726379,calibrated_uv_reprojection_plus_stereo_left
30.63461685180664,-54.00392150878906,-578.0834350585938,160.27474430295922,259.3003158341718,-50.275885812030026,354.999999623963,214.99999972666,1.0,0.9960784316062927,0.6431372761726379,calibrated_uv_reprojection_plus_stereo_left
31.870323181152344,-54.007469177246094,-578.115966796875,159.58107046863637,258.21540739762384,-50.27254375603957,355.9999988415355,215.00000099179655,1.0,0.9843137264251709,0.6313725709915161,calibrated_uv_reprojection_plus_stereo_left
33.10722732543945,-54.01243591308594,-578.1636352539062,158.89398539237015,257.1245521542006,-50.280875561250866,357.0000018793567,214.9999983222066,0.9960784316062927,0.9686274528503418,0.6196078658103943,calibrated_uv_reprojection_plus_stereo_left
34.346405029296875,-54.02036666870117,-578.2431030273438,158.22086886824934,256.0214219777622,-50.31374625620674,357.99999984478814,215.0000012363764,0.929411768913269,0.8745098114013672,0.5411764979362488,calibrated_uv_reprojection_plus_stereo_left
35.58921813964844,-54.033016204833984,-578.3729858398438,157.56989491404613,254.89879604514707,-50.38551045047507,359.0000028686906,214.99999712127072,0.843137264251709,0.7333333492279053,0.40784314274787903,calibrated_uv_reprojection_plus_stereo_left
36.83757019042969,-54.05270767211914,-578.578369140625,156.95200862984814,253.74690166129156,-50.51553130593942,359.99999741146866,215.00000263926796,0.9450980424880981,0.8509804010391235,0.5568627715110779,calibrated_uv_reprojection_plus_stereo_left
38.07950973510742,-54.06178283691406,-578.6699829101562,156.28314910005594,252.6374320077555,-50.55772524970854,360.9999992089802,214.99999836173123,0.9058823585510254,0.8039215803146362,0.5176470875740051,calibrated_uv_reprojection_plus_stereo_left
39.3236198425293,-54.07304000854492,-578.7850341796875,155.6242988990332,251.51848610591802,-50.61799547083223,362.0000001611171,215.0000004740072,0.9921568632125854,0.8627451062202454,0.5411764979362488,calibrated_uv_reprojection_plus_stereo_left
40.56507110595703,-54.07984924316406,-578.8524780273438,154.9441005870715,250.41727401067,-50.64151634927521,362.99999939200865,215.00000294797883,0.9764705896377563,0.8392156958580017,0.5215686559677124,calibrated_uv_reprojection_plus_stereo_left
41.82478713989258,-54.10968017578125,-579.166259765625,154.37178142940155,249.22038040851865,-50.85508521335288,363.9999979145644,214.99999980919083,0.9921568632125854,0.8470588326454163,0.5372549295425415,calibrated_uv_reprojection_plus_stereo_left
43.07283401489258,-54.12291717529297,-579.302490234375,153.72084757854452,248.0911508993495,-50.931640708712166,364.9999988158941,215.00000181609602,1.0,0.9529411792755127,0.6392157077789307,calibrated_uv_reprojection_plus_stereo_left
44.310272216796875,-54.12226104736328,-579.2899780273438,153.0045391427086,247.0193272013996,-50.89342868722804,365.9999982140755,215.00000108906582,1.0,0.9764705896377563,0.6392157077789307,calibrated_uv_reprojection_plus_stereo_left
45.55714797973633,-54.13265609741211,-579.395751953125,152.339646303351,245.900980704186,-50.94646007518247,366.99999933736376,215.00000059924648,0.95686274766922,0.9098039269447327,0.5882353186607361,calibrated_uv_reprojection_plus_stereo_left
-32.08216094970703,-52.80146408081055,-578.6381225585938,195.63905426290495,314.15588279116423,-52.78213720566231,303.99999872940316,215.99999891756008,0.886274516582489,0.772549033164978,0.5647059082984924,calibrated_uv_reprojection_plus_stereo_left
-30.83442497253418,-52.76399230957031,-578.2229614257812,194.72395121138334,313.2052152050121,-52.43194858901427,305.00000060383843,215.9999999403122,1.0,0.95686274766922,0.7372549176216125,calibrated_uv_reprojection_plus_stereo_left
-29.60188102722168,-52.75078582763672,-578.07373046875,193.94492488127122,312.18184424664173,-52.288022687553166,306.0000018080733,216.0000017994398,1.0,1.0,0.6784313917160034,calibrated_uv_reprojection_plus_stereo_left
-28.379802703857422,-52.756202697753906,-578.1285400390625,193.2696262923609,311.1016527980398,-52.302326268062075,307.00000100038164,216.0000003105746,1.0,1.0,0.6784313917160034,calibrated_uv_reprojection_plus_stereo_left
-27.155227661132812,-52.7575798034668,-578.1390991210938,192.57170111251867,310.03358709197244,-52.282309724891434,308.0000007241334,216.00000034195216,1.0,1.0,0.6745098233222961,calibrated_uv_reprojection_plus_stereo_left
-25.926836013793945,-52.75165939331055,-578.0696411132812,191.83326727267257,308.9880518634991,-52.20024503336225,308.9999984978844,215.99999682632946,1.0,1.0,0.6666666865348816,calibrated_uv_reprojection_plus_stereo_left
-24.70165252685547,-52.752357482910156,-578.0728149414062,191.13145214868752,307.9218451975481,-52.17449866108939,309.99999995618066,216.00000106870368,1.0,1.0,0.6627451181411743,calibrated_uv_reprojection_plus_stereo_left
-23.472524642944336,-52.7446403503418,-577.9837036132812,190.38318115575805,306.88202044069413,-52.07720090485839,310.9999995028155,216.0000001701913,1.0,0.9921568632125854,0.6470588445663452,calibrated_uv_reprojection_plus_stereo_left
-22.239784240722656,-52.7279052734375,-577.7957763671875,189.585512365208,305.8709786715796,-51.90330593391809,312.00000019272477,215.999999464042,0.9882352948188782,0.9647058844566345,0.6196078658103943,calibrated_uv_reprojection_plus_stereo_left
-21.008893966674805,-52.714271545410156,-577.641845703125,188.80518626928045,304.8505627922441,-51.755777914857276,312.99999913714174,215.99999948626714,0.9921568632125854,0.8901960849761963,0.572549045085907,calibrated_uv_reprojection_plus_stereo_left
-19.77521324157715,-52.69196319580078,-577.3928833007812,187.977745261902,303.8584228235735,-51.53460265103371,314.0000006591042,216.00000115370761,0.9882352948188782,0.8392156958580017,0.5411764979362488,calibrated_uv_reprojection_plus_stereo_left
-18.541831970214844,-52.66802978515625,-577.1260986328125,187.14194215159603,302.8723002014582,-51.29963345824979,315.00000111104316,216.00000145391164,0.9960784316062927,0.9450980424880981,0.615686297416687,calibrated_uv_reprojection_plus_stereo_left
-17.32538604736328,-52.692718505859375,-577.39208984375,186.5710130771543,301.7287812272744,-51.47758720370172,315.9999997880551,216.00000061042743,1.0,0.9764705896377563,0.6313725709915161,calibrated_uv_reprojection_plus_stereo_left
-16.098087310791016,-52.686195373535156,-577.3161010742188,185.8300743769109,300.6863086182956,-51.39049407016262,317.0000006640184,216.00000222029928,1.0,0.8941176533699036,0.5921568870544434,calibrated_uv_reprojection_plus_stereo_left
-14.871271133422852,-52.68089294433594,-577.2534790039062,185.09581477749248,299.63993691477776,-51.31376156107166,318.0000005462014,216.00000310671558,0.8470588326454163,0.6431372761726379,0.3490196168422699,calibrated_uv_reprojection_plus_stereo_left
-13.64699649810791,-52.685096740722656,-577.2949829101562,184.41288360466535,298.5621342826606,-51.31771156230275,319.0000006052699,216.00000113391167,1.0,0.7960784435272217,0.5215686559677124,calibrated_uv_reprojection_plus_stereo_left
-12.416418075561523,-52.664093017578125,-577.060302734375,183.5940649634896,297.5680765568043,-51.10766549670035,320.0000002021566,216.00000106121556,1.0,0.9411764740943909,0.658823549747467,calibrated_uv_reprojection_plus_stereo_left
-11.19015884399414,-52.65959930419922,-577.0065307617188,182.86436432388047,296.5193294614702,-51.03779793654343,320.9999999268004,216.0000010055706,1.0,0.9333333373069763,0.6039215922355652,calibrated_uv_reprojection_plus_stereo_left
-9.963958740234375,-52.65519714355469,-576.9537353515625,182.1351671048634,295.47031727471256,-50.96868664545252,322.00000005752923,215.99999895891463,1.0,0.8901960849761963,0.5843137502670288,calibrated_uv_reprojection_plus_stereo_left
-8.735933303833008,-52.639556884765625,-576.77783203125,181.34596261670208,294.45949067950914,-50.80421099243205,322.9999996705894,215.99999907851924,0.9803921580314636,0.7019608020782471,0.45490196347236633,calibrated_uv_reprojection_plus_stereo_left
-7.514433860778809,-52.66572570800781,-577.06005859375,180.7799052618057,293.30633452199777,-50.99462134012833,324.0000004178131,216.00000101082256,0.95686274766922,0.7372549176216125,0.4745098054409027,calibrated_uv_reprojection_plus_stereo_left
-6.2883453369140625,-52.6650505065918,-577.048095703125,180.07032730696272,292.2442278317495,-50.957129542284974,324.99999980935274,215.99999879097382,1.0,0.843137264251709,0.5529412031173706,calibrated_uv_reprojection_plus_stereo_left
-5.061977386474609,-52.662879943847656,-577.019775390625,179.35275338420922,291.1871637001524,-50.906966885220584,326.00000001760264,215.99999862024265,1.0,0.8705882430076599,0.5686274766921997,calibrated_uv_reprojection_plus_stereo_left
-3.835421323776245,-52.659019470214844,-576.9729614257812,178.62621318813723,290.1359114630692,-50.84248113254114,327.0000000133243,216.00000012761788,1.0,0.9254902005195618,0.6117647290229797,calibrated_uv_reprojection_plus_stereo_left
-2.6098616123199463,-52.67500686645508,-577.1435546875,178.00436720088118,289.01528725986526,-50.94635613827268,327.99999993717427,215.99999719282502,1.0,0.9019607901573181,0.5764706134796143,calibrated_uv_reprojection_plus_stereo_left
-1.3829723596572876,-52.6750602722168,-577.1396484375,177.2981828392775,287.949884503476,-50.91508783664358,329.000000073779,216.00000067096298,0.9803921580314636,0.9137254953384399,0.5764706134796143,calibrated_uv_reprojection_plus_stereo_left
-0.155945286154747,-52.685691833496094,-577.2515869140625,176.64740206522595,286.84693488084866,-50.97351355957068,330.0000000003155,216.00000010618515,0.9843137264251709,0.9333333373069763,0.6000000238418579,calibrated_uv_reprojection_plus_stereo_left
1.0716981887817383,-52.69407272338867,-577.3388671875,175.98445816849193,285.7514156100814,-51.012832161989024,331.0000000142402,215.9999998068305,0.9843137264251709,0.9450980424880981,0.6117647290229797,calibrated_uv_reprojection_plus_stereo_left
2.3000009059906006,-52.70478820800781,-577.4517211914062,175.33338350043272,284.6470611895114,-51.07193745340743,332.0000000658049,215.99999929750442,0.9882352948188782,0.9372549057006836,0.6313725709915161,calibrated_uv_reprojection_plus_stereo_left
3.5273733139038086,-52.691654205322266,-577.3032836914062,174.55770727344554,283.6279293225619,-50.92874406663083,333.0000000785412,215.99999968447258,0.9882352948188782,0.9372549057006836,0.6352941393852234,calibrated_uv_reprojection_plus_stereo_left
4.754764556884766,-52.68366622924805,-577.2112426757812,173.80902806321444,282.59056206597916,-50.829219276828155,333.9999997700047,216.00000111881653,0.6941176652908325,0.5803921818733215,0.3333333432674408,calibrated_uv_reprojection_plus_stereo_left
5.982385635375977,-52.679508209228516,-577.1611328125,173.08030018467645,281.5394474739197,-50.76215546212774,334.9999999859619,216.00000025472667,0.7647058963775635,0.6509804129600525,0.40784314274787903,calibrated_uv_reprojection_plus_stereo_left
7.210671424865723,-52.68040466308594,-577.1663818359375,172.37770378759245,280.4698699617011,-50.73794044684496,336.00000030047875,215.99999805161997,0.7882353067398071,0.658823549747467,0.46666666865348816,calibrated_uv_reprojection_plus_stereo_left
8.438667297363281,-52.678192138671875,-577.1376342773438,171.65898814238693,279.41152998069936,-50.68741129676749,336.999999450974,216.00000074416738,0.772549033164978,0.6431372761726379,0.45098039507865906,calibrated_uv_reprojection_plus_stereo_left
9.667329788208008,-52.679256439208984,-577.1447143554688,170.95705284360912,278.3410331706591,-50.66460510535126,338.0000006768676,215.99999805347858,0.7529411911964417,0.6196078658103943,0.4313725531101227,calibrated_uv_reprojection_plus_stereo_left
10.895696640014648,-52.67784881591797,-577.124755859375,170.24233530085655,277.27953017576823,-50.62087153991206,339.00000055652134,215.99999863051977,0.7098039388656616,0.6117647290229797,0.4117647111415863,calibrated_uv_reprojection_plus_stereo_left
12.131174087524414,-52.70689392089844,-577.4384155273438,169.68330925232732,276.10406550696644,-50.8352976854257,340.00000071664317,215.9999983924751,0.658823549747467,0.615686297416687,0.4000000059604645,calibrated_uv_reprojection_plus_stereo_left
13.361273765563965,-52.70872116088867,-577.4539184570312,168.98457807101443,275.02960069436995,-50.818983542126944,340.999999792143,216.00000082847936,0.6392157077789307,0.6627451181411743,0.42352941632270813,calibrated_uv_reprojection_plus_stereo_left
14.591419219970703,-52.709800720214844,-577.461181640625,168.28187771520174,273.9577562368725,-50.79628599362701,341.9999999677237,215.99999972940537,0.658823549747467,0.7450980544090271,0.47843137383461,calibrated_uv_reprojection_plus_stereo_left
15.822948455810547,-52.71476364135742,-577.5110473632812,167.598781720947,272.8709477045019,-50.806546959286834,342.9999993183392,216.0000030536982,0.800000011920929,0.8274509906768799,0.501960813999176,calibrated_uv_reprojection_plus_stereo_left
17.051284790039062,-52.70862579345703,-577.439208984375,166.8592395341173,271.82622963952946,-50.72264047926063,344.0000000806862,215.9999996759645,0.886274516582489,0.8941176533699036,0.5490196347236633,calibrated_uv_reprojection_plus_stereo_left
18.28240966796875,-52.71086883544922,-577.459228515625,166.16208523364594,270.7494130385322,-50.709798326733846,345.00000065534374,215.99999948779953,0.9725490212440491,0.9490196108818054,0.6392157077789307,calibrated_uv_reprojection_plus_stereo_left
19.515750885009766,-52.71836471557617,-577.5368041992188,165.49122198812285,269.65207578393824,-50.74147200569945,346.00000071383346,216.00000016107106,1.0,0.9921568632125854,0.686274528503418,calibrated_uv_reprojection_plus_stereo_left
20.747587203979492,-52.720726013183594,-577.55810546875,164.7942738694158,268.5742261448189,-50.72960540734317,347.0000000635172,215.99999913457785,1.0,0.9921568632125854,0.6705882549285889,calibrated_uv_reprojection_plus_stereo_left
21.982561111450195,-52.729942321777344,-577.654541015625,164.1315044394521,267.4693771208191,-50.775845632582104,347.9999999738363,216.00000099615247,1.0,0.9882352948188782,0.6666666865348816,calibrated_uv_reprojection_plus_stereo_left
23.214696884155273,-52.73135757446289,-577.6654663085938,163.42941590737252,266.3946188565444,-50.75593746966348,348.9999999694444,215.99999926351208,1.0,0.9882352948188782,0.6509804129600525,calibrated_uv_reprojection_plus_stereo_left
24.446712493896484,-52.73200607299805,-577.6680297851562,162.723389215888,265.32266790250947,-50.72955924773811,350.0000000753907,216.00000040033837,1.0,0.9882352948188782,0.6509804129600525,calibrated_uv_reprojection_plus_stereo_left
25.678892135620117,-52.73258590698242,-577.6698608398438,162.0169162220309,264.25081172772263,-50.70261108931766,350.99999907046686,216.00000305794515,1.0,1.0,0.6431372761726379,calibrated_uv_reprojection_plus_stereo_left
26.903478622436523,-52.7179069519043,-577.5044555664062,161.23471667500394,263.2395816856599,-50.54634113991068,352.0000003127986,215.99999967664988,1.0,1.0,0.6431372761726379,calibrated_uv_reprojection_plus_stereo_left
28.131954193115234,-52.711483001708984,-577.4295654296875,160.49362745171914,262.1957316160673,-50.46007235954477,352.9999998936559,216.00000249067918,1.0,1.0,0.6431372761726379,calibrated_uv_reprojection_plus_stereo_left
29.359844207763672,-52.704254150390625,-577.3457641601562,159.7486130806214,261.15526592387073,-50.36691265349066,353.99999954215934,215.999998302043,1.0,1.0,0.6431372761726379,calibrated_uv_reprojection_plus_stereo_left
30.588878631591797,-52.69927978515625,-577.2867431640625,159.01480366144165,260.1058028505588,-50.29291811955153,355.00000078295176,216.00000028716315,1.0,1.0,0.6431372761726379,calibrated_uv_reprojection_plus_stereo_left
31.82668685913086,-52.70895004272461,-577.3881225585938,158.35277610603458,258.9968917508596,-50.342920255676404,355.9999996366298,216.00000071205818,1.0,1.0,0.6431372761726379,calibrated_uv_reprojection_plus_stereo_left
33.063026428222656,-52.71529006958008,-577.4530029296875,157.67411307133392,257.9010483191263,-50.364693853423944,356.9999994090356,215.9999998932844,1.0,1.0,0.6509804129600525,calibrated_uv_reprojection_plus_stereo_left
34.300323486328125,-52.72238540649414,-577.526123046875,156.99884862852718,256.8017092775832,-50.392824013447466,358.00000227165214,215.9999966822537,0.929411768913269,0.8823529481887817,0.5411764979362488,calibrated_uv_reprojection_plus_stereo_left
35.54165267944336,-52.73472595214844,-577.6567993164062,156.34882680844703,255.68027431740643,-50.46543243545926,358.9999980748642,216.00000102707995,0.7686274647712708,0.686274528503418,0.34117648005485535,calibrated_uv_reprojection_plus_stereo_left
36.7734375,-52.73230743408203,-577.625732421875,155.6268285623891,254.61938766495308,-50.41301790258524,359.9999996451289,216.00000012893048,0.800000011920929,0.6549019813537598,0.34117648005485535,calibrated_uv_reprojection_plus_stereo_left
38.01203155517578,-52.739261627197266,-577.6973266601562,154.9500871061826,253.51941491289531,-50.43993788833558,361.00000079689084,215.99999879888657,0.8117647171020508,0.658823549747467,0.3490196168422699,calibrated_uv_reprojection_plus_stereo_left
39.25030517578125,-52.745121002197266,-577.7569580078125,154.26779836737745,252.42358667991533,-50.45760373143588,362.00000104068977,215.9999997885995,0.9098039269447327,0.7686274647712708,0.45098039507865906,calibrated_uv_reprojection_plus_stereo_left
40.48744201660156,-52.74892807006836,-577.7940673828125,153.57537892468315,251.33602124975673,-50.457854875391604,363.00000046689473,215.99999780993784,0.9725490212440491,0.8901960849761963,0.572549045085907,calibrated_uv_reprojection_plus_stereo_left
41.750213623046875,-52.784706115722656,-578.181396484375,153.03596521805105,250.11302710006726,-50.72869567767333,363.9999993586105,215.99999763997687,0.9529411792755127,0.7647058963775635,0.46666666865348816,calibrated_uv_reprojection_plus_stereo_left
42.9925651550293,-52.79314041137695,-578.269287109375,152.3648649514036,249.00452635431154,-50.76815200077016,364.9999973176138,216.00000323454947,1.0,0.9490196108818054,0.6392157077789307,calibrated_uv_reprojection_plus_stereo_left
44.240562438964844,-52.80764389038086,-578.4235229492188,151.72230575743873,247.86967862034732,-50.858843979044366,366.00000151326196,215.99999913867217,0.9921568632125854,0.9686274528503418,0.6313725709915161,calibrated_uv_reprojection_plus_stereo_left
45.5035514831543,-52.83857345581055,-578.7577514648438,151.15733537357602,246.6636510467302,-51.08856451336902,366.99999989238063,216.00000063969705,0.8823529481887817,0.8156862854957581,0.49803921580314636,calibrated_uv_reprojection_plus_stereo_left
-33.264068603515625,-51.499332427978516,-577.81396484375,195.0221575037237,315.955808504842,-52.80128536173339,302.9999997536721,216.99999956759746,0.8313725590705872,0.7019608020782471,0.5372549295425415,calibrated_uv_reprojection_plus_stereo_left
-32.03204345703125,-51.48622512817383,-577.663330078125,194.24292375197314,314.9332482413282,-52.6561675570245,304.0000000652402,217.00000103304035,0.9686274528503418,0.9137254953384399,0.6627451181411743,calibrated_uv_reprojection_plus_stereo_left
-30.798328399658203,-51.469539642333984,-577.4724731445312,193.4435249309633,313.9221749041628,-52.47981898667706,304.99999849723935,216.9999968757985,1.0,0.9882352948188782,0.7333333492279053,calibrated_uv_reprojection_plus_stereo_left
-29.58604621887207,-51.48906707763672,-577.68798828125,192.85040662215658,312.79881096777166,-52.61906850922708,305.9999992302349,216.99999816144054,1.0,1.0,0.6784313917160034,calibrated_uv_reprojection_plus_stereo_left
-28.3560848236084,-51.478492736816406,-577.5657348632812,192.08590802460822,311.7688994186195,-52.49600331541711,306.99999818679976,216.99999677082056,1.0,1.0,0.6745098233222961,calibrated_uv_reprojection_plus_stereo_left
-27.12959861755371,-51.473880767822266,-577.5104370117188,191.35536170410387,310.72043930448433,-52.42493827155266,307.99999966677103,216.99999973067355,1.0,1.0,0.6627451181411743,calibrated_uv_reprojection_plus_stereo_left
-25.89967918395996,-51.46235275268555,-577.3775024414062,190.58578747154627,309.69400615696253,-52.29359262383997,309.0000009840563,216.99999957472141,1.0,1.0,0.6627451181411743,calibrated_uv_reprojection_plus_stereo_left
-24.670318603515625,-51.451194763183594,-577.2487182617188,189.8185154046318,308.666721593487,-52.165477945617624,309.9999997167214,216.99999926058078,1.0,1.0,0.6627451181411743,calibrated_uv_reprojection_plus_stereo_left
-23.44530487060547,-51.448787689208984,-577.2181396484375,189.10061538086092,307.611576753161,-52.11361322102965,311.00000077830157,217.00000080638665,1.0,0.9960784316062927,0.6509804129600525,calibrated_uv_reprojection_plus_stereo_left
-22.219144821166992,-51.443851470947266,-577.1591186523438,188.36848475659622,306.56459654039264,-52.03966476625351,311.9999983800222,216.99999746346376,0.9960784316062927,0.9843137264251709,0.6352941393852234,calibrated_uv_reprojection_plus_stereo_left
-20.98722267150879,-51.424644470214844,-576.9400634765625,187.5566495211395,305.56416997846577,-51.84149619209717,313.0000005890012,216.9999993182038,1.0,0.9764705896377563,0.6313725709915161,calibrated_uv_reprojection_plus_stereo_left
-19.754079818725586,-51.40031814575195,-576.66357421875,186.71669762848705,304.581186426568,-51.59876490784484,314.00000048361903,217.00000101088364,1.0,0.9843137264251709,0.6470588445663452,calibrated_uv_reprojection_plus_stereo_left
-18.522480010986328,-51.377532958984375,-576.404296875,185.88585298049844,303.593995977954,-51.36941154579887,314.9999985650597,216.99999680850803,1.0,0.9843137264251709,0.6470588445663452,calibrated_uv_reprojection_plus_stereo_left
-17.306821823120117,-51.39937973022461,-576.6458740234375,185.30323354571726,302.4593022361872,-51.528794496686714,316.00000111363016,217.0000020070459,1.0,0.9647058844566345,0.6274510025978088,calibrated_uv_reprojection_plus_stereo_left
-16.08090591430664,-51.392303466796875,-576.5628662109375,184.55979178887503,301.42026315413165,-51.43625309361511,316.9999989977784,217.00000007062982,1.0,0.843137264251709,0.5490196347236633,calibrated_uv_reprojection_plus_stereo_left
-14.85600471496582,-51.38816833496094,-576.5128784179688,183.8326930507145,300.37146858246643,-51.36933991076694,317.9999994997559,216.99999985192176,0.9019607901573181,0.6745098233222961,0.38823530077934265,calibrated_uv_reprojection_plus_stereo_left
-13.63448715209961,-51.39668655395508,-576.6048583984375,183.17530391112263,299.27987640799165,-51.41258732368573,319.00000020100407,217.0000006036913,1.0,0.9725490212440491,0.6431372761726379,calibrated_uv_reprojection_plus_stereo_left
-12.405722618103027,-51.37757110595703,-576.3868408203125,182.365776727985,298.281860751552,-51.215295937557926,320.0000000389767,217.0000025541899,1.0,0.9764705896377563,0.6470588445663452,calibrated_uv_reprojection_plus_stereo_left
-11.18103313446045,-51.37378692626953,-576.3407592773438,181.64066622658493,297.2319905566783,-51.15141510326737,321.00000059426054,217.00000005564232,0.9921568632125854,0.9176470637321472,0.5960784554481506,calibrated_uv_reprojection_plus_stereo_left
-9.956936836242676,-51.37300109863281,-576.328369140625,180.93197521219395,296.1717832295816,-51.11367480357575,322.000000512623,217.00000151102742,0.95686274766922,0.8078431487083435,0.5058823823928833,calibrated_uv_reprojection_plus_stereo_left
-8.732086181640625,-51.368560791015625,-576.2749633789062,180.20327358749387,295.1241340110621,-51.04411272356117,323.0000004870794,217.00000167984672,1.0,0.6509804129600525,0.45098039507865906,calibrated_uv_reprojection_plus_stereo_left
-7.511338710784912,-51.39190673828125,-576.5332641601562,179.62572045553418,293.9796247726388,-51.21634263656068,323.9999998896965,217.00000112235568,1.0,0.7803921699523926,0.5647059082984924,calibrated_uv_reprojection_plus_stereo_left
-6.286055564880371,-51.388671875,-576.4933471679688,178.90321148269499,292.9272524930781,-51.15722835583756,325.00000003827677,216.9999989231722,1.0,0.7333333492279053,0.48627451062202454,calibrated_uv_reprojection_plus_stereo_left
-5.060056209564209,-51.378318786621094,-576.3735961914062,178.14218151801975,291.89997952392224,-51.03619502677418,325.99999967208845,216.99999817258904,1.0,0.8235294222831726,0.5333333611488342,calibrated_uv_reprojection_plus_stereo_left
-3.834238052368164,-51.36606979370117,-576.2326049804688,177.3711148320595,290.87970835471356,-50.89869737728401,326.99999997461714,216.9999994129281,0.9764705896377563,0.8901960849761963,0.5568627715110779,calibrated_uv_reprojection_plus_stereo_left
-2.6099538803100586,-51.3758659362793,-576.3389282226562,176.71898301469417,289.781090365275,-50.953003730210014,328.0000000226718,217.0000013079053,0.9764705896377563,0.7843137383460999,0.47843137383461,calibrated_uv_reprojection_plus_stereo_left
-1.384883999824524,-51.38017272949219,-576.3836059570312,176.0369780117082,288.70164814136047,-50.95948898992748,328.99999998603596,216.9999985466885,0.9960784316062927,0.8666666746139526,0.5803921818733215,calibrated_uv_reprojection_plus_stereo_left
-0.1594410091638565,-51.38532257080078,-576.4378051757812,175.35929957400134,287.61881627715877,-50.97335165182892,330.000000005722,217.00000053538778,1.0,0.9843137264251709,0.6549019813537598,calibrated_uv_reprojection_plus_stereo_left
1.0665559768676758,-51.39710998535156,-576.5664672851562,174.71684739888474,286.5115122008534,-51.04494053169566,331.0000000095227,217.0000028600938,0.9843137264251709,0.9764705896377563,0.6352941393852234,calibrated_uv_reprojection_plus_stereo_left
2.293125867843628,-51.40531539916992,-576.6548461914062,174.0548437213207,285.416685021942,-51.08527600603878,331.999999991221,216.99999799995328,0.9882352948188782,0.9333333373069763,0.615686297416687,calibrated_uv_reprojection_plus_stereo_left
3.5191497802734375,-51.39733123779297,-576.5617065429688,173.30650007382104,284.38081831741044,-50.984878303499556,333.0000000441164,216.99999993344264,0.9882352948188782,0.929411768913269,0.615686297416687,calibrated_uv_reprojection_plus_stereo_left
4.745320796966553,-51.39322280883789,-576.5120239257812,172.5788173734693,283.33082181829974,-50.9181729984802,333.9999998592134,217.00000039474975,0.7333333492279053,0.5960784554481506,0.34117648005485535,calibrated_uv_reprojection_plus_stereo_left
5.9721856117248535,-51.395301818847656,-576.53173828125,171.88386351540197,282.2578631377711,-50.90526184152617,334.9999999606382,217.00000003538855,0.7882353067398071,0.6509804129600525,0.40392157435417175,calibrated_uv_reprojection_plus_stereo_left
7.199434280395508,-51.398193359375,-576.560546875,171.19303166566255,281.181640006572,-50.89939266534435,336.00000035707694,216.99999825562452,0.8039215803146362,0.6666666865348816,0.4627451002597809,calibrated_uv_reprojection_plus_stereo_left
8.426486015319824,-51.39800262451172,-576.5548095703125,170.4858205208185,280.1167193351837,-50.86674241431939,337.00000015812407,216.99999867709414,0.8392156958580017,0.7137255072593689,0.5058823823928833,calibrated_uv_reprojection_plus_stereo_left
9.653190612792969,-51.39509963989258,-576.5186767578125,169.76429755508758,279.06189448176895,-50.810532720754225,338.00000005249024,217.00000122860484,0.8823529481887817,0.800000011920929,0.5764706134796143,calibrated_uv_reprojection_plus_stereo_left
10.880630493164062,-51.39552307128906,-576.519775390625,169.060130125557,277.99443200141025,-50.78317174544003,339.00000017991965,216.99999782863745,0.8823529481887817,0.8313725590705872,0.5960784554481506,calibrated_uv_reprojection_plus_stereo_left
12.112958908081055,-51.4158821105957,-576.7445678710938,168.45993095023442,276.85065160770256,-50.929154552422744,339.9999999795014,216.99999964501882,0.8470588326454163,0.8117647171020508,0.5568627715110779,calibrated_uv_reprojection_plus_stereo_left
13.341379165649414,-51.416770935058594,-576.7509765625,167.75772937368032,275.7806293860197,-50.9058927010754,340.99999960946775,217.00000294025403,0.7882353067398071,0.7843137383460999,0.501960813999176,calibrated_uv_reprojection_plus_stereo_left
14.57022762298584,-51.41842269897461,-576.765869140625,167.05933652551732,274.7074988228432,-50.88919607403648,341.9999994096283,217.00000090165418,0.7411764860153198,0.7647058963775635,0.4588235318660736,calibrated_uv_reprojection_plus_stereo_left
15.800121307373047,-51.42265701293945,-576.8097534179688,166.37418112619986,273.62411978110833,-50.894956764394976,343.0000002173583,217.0000005971701,0.7921568751335144,0.772549033164978,0.42352941632270813,calibrated_uv_reprojection_plus_stereo_left
17.027755737304688,-51.4189453125,-576.7645263671875,165.6477844903626,272.57141585873353,-50.831673114067314,343.9999995027105,217.0000017393904,0.8627451062202454,0.8156862854957581,0.45098039507865906,calibrated_uv_reprojection_plus_stereo_left
18.258773803710938,-51.424781799316406,-576.8263549804688,164.97055090045012,271.4812769925295,-50.85132088684452,344.9999997281332,216.9999995887611,0.9058823585510254,0.8509804010391235,0.5333333611488342,calibrated_uv_reprojection_plus_stereo_left
19.489635467529297,-51.42901611328125,-576.8702392578125,164.2848395809533,270.3970565172548,-50.857059459944594,345.9999997752966,216.99999949084466,0.9490196108818054,0.9176470637321472,0.6078431606292725,calibrated_uv_reprojection_plus_stereo_left
20.720731735229492,-51.43290328979492,-576.9102172851562,163.5971296811075,269.31389019511096,-50.85976320180646,347.0000008169438,216.99999856624282,1.0,0.9921568632125854,0.6549019813537598,calibrated_uv_reprojection_plus_stereo_left
21.953571319580078,-51.440040588378906,-576.9866943359375,162.92583869386533,268.21745050976864,-50.890730360340115,347.9999998113557,217.00000086826108,1.0,0.9921568632125854,0.6549019813537598,calibrated_uv_reprojection_plus_stereo_left
23.184301376342773,-51.44136047363281,-576.9978637695312,162.22458800312546,267.1438838645134,-50.87110379703006,349.00000021998187,216.9999992216346,1.0,0.9960784316062927,0.6431372761726379,calibrated_uv_reprojection_plus_stereo_left
24.415098190307617,-51.442325592041016,-577.005126953125,161.52142952540385,266.07152042435996,-50.8484501570145,349.9999987227859,217.00000292010853,1.0,0.9960784316062927,0.6431372761726379,calibrated_uv_reprojection_plus_stereo_left
25.64493751525879,-51.44093704223633,-576.9859008789062,160.80618200672683,265.00852055214625,-50.805274611982554,350.99999888455915,217.00000018087303,1.0,1.0,0.6431372761726379,calibrated_uv_reprojection_plus_stereo_left
26.870594024658203,-51.431339263916016,-576.8746337890625,160.04939798697592,263.9788126350578,-50.6908280441898,351.9999987174872,217.00000014763484,1.0,1.0,0.6431372761726379,calibrated_uv_reprojection_plus_stereo_left
28.10066795349121,-51.43034744262695,-576.8599243164062,159.33616738965225,262.914156084811,-50.65115235272822,352.99999992463967,217.00000225404915,1.0,1.0,0.6431372761726379,calibrated_uv_reprojection_plus_stereo_left
29.32563591003418,-51.42019271850586,-576.7423706054688,158.5767804564079,261.8870707248212,-50.53184507504437,354.000000487144,216.99999925734258,1.0,1.0,0.6431372761726379,calibrated_uv_reprojection_plus_stereo_left
30.553295135498047,-51.41509246826172,-576.6815795898438,157.84293933963943,260.8393601761768,-50.45649309691453,355.0000000372699,217.0000013252294,1.0,1.0,0.6470588445663452,calibrated_uv_reprojection_plus_stereo_left
31.795631408691406,-51.43385314941406,-576.8883666992188,157.2284026608711,259.69267855203424,-50.58828238045567,356.0000010835809,216.9999998239462,1.0,1.0,0.6431372761726379,calibrated_uv_reprojection_plus_stereo_left
33.03073501586914,-51.4396858215332,-576.9501953125,156.54881990308672,258.59898983010515,-50.60783876286018,356.99999922301333,217.0000016479433,1.0,1.0,0.6470588445663452,calibrated_uv_reprojection_plus_stereo_left
34.26827621459961,-51.44850158691406,-577.04541015625,155.88377912452927,257.49242281204965,-50.65322365908253,358.00000044786987,216.99999834251332,1.0,1.0,0.658823549747467,calibrated_uv_reprojection_plus_stereo_left
35.50645446777344,-51.45737838745117,-577.141357421875,155.21871897382783,256.38506780417845,-50.69916410728388,359.00000021639585,216.99999863280468,0.8196078538894653,0.7882353067398071,0.43921568989753723,calibrated_uv_reprojection_plus_stereo_left
36.73421096801758,-51.45082092285156,-577.064208984375,154.47701451394948,255.3425424117898,-50.61112583479013,359.9999999434373,216.99999995961153,0.8117647171020508,0.7019608020782471,0.3803921639919281,calibrated_uv_reprojection_plus_stereo_left
37.97407913208008,-51.46086883544922,-577.1732788085938,153.81724881799067,254.22948999177456,-50.66720225736458,361.00000135275843,216.9999995293574,0.9254902005195618,0.8549019694328308,0.5411764979362488,calibrated_uv_reprojection_plus_stereo_left
39.21114730834961,-51.46638488769531,-577.2315673828125,153.13484719096226,253.13523451019768,-50.68396933472485,361.999999700078,217.00000262309536,0.9372549057006836,0.8705882430076599,0.545098066329956,calibrated_uv_reprojection_plus_stereo_left
40.44763946533203,-51.47061538696289,-577.2753295898438,152.44584914322792,252.04615604035905,-50.68948097310988,363.00000232867933,216.99999798128346,0.9960784316062927,0.9686274528503418,0.6431372761726379,calibrated_uv_reprojection_plus_stereo_left
41.71371841430664,-51.510921478271484,-577.7237548828125,151.93302575430937,250.80098161791912,-51.00809209657467,364.00000024826153,216.99999741490652,0.9725490212440491,0.8627451062202454,0.5372549295425415,calibrated_uv_reprojection_plus_stereo_left
42.94832992553711,-51.510955810546875,-577.7205200195312,151.22266895041304,249.7286824062954,-50.977208489839256,365.0000021962886,216.99999782406127,1.0,0.9725490212440491,0.6470588445663452,calibrated_uv_reprojection_plus_stereo_left
44.19490051269531,-51.52473449707031,-577.8714599609375,150.5790393411375,248.59631458389575,-51.06559882659519,365.999999385195,217.000000158926,0.9529411792755127,0.9215686321258545,0.6039215922355652,calibrated_uv_reprojection_plus_stereo_left
-31.993370056152344,-50.193084716796875,-576.8950805664062,192.95466564891535,315.65249554167985,-52.68871945036966,303.9999990377395,217.99999826294237,1.0,0.9921568632125854,0.7058823704719543,calibrated_uv_reprojection_plus_stereo_left
-30.776552200317383,-50.201629638671875,-576.99072265625,192.30150357381416,314.5639324884121,-52.73506784513114,304.9999996002628,218.00000132122193,1.0,0.9960784316062927,0.7019608020782471,calibrated_uv_reprojection_plus_stereo_left
-29.560321807861328,-50.212181091308594,-577.1093139648438,191.65960481281365,313.4685024151593,-52.799244706233196,305.999998438945,217.99999646678378,1.0,1.0,0.6745098233222961,calibrated_uv_reprojection_plus_stereo_left
-28.326904296875,-50.1934928894043,-576.8919677734375,190.84799566088282,312.46607416062045,-52.60217885850142,307.0000007616259,218.000000552647,1.0,1.0,0.6705882549285889,calibrated_uv_reprojection_plus_stereo_left
-27.097448348999023,-50.1807746887207,-576.7431640625,190.0712773436556,311.44506407734247,-52.45842352497556,307.9999989023785,217.99999937085107,1.0,1.0,0.6627451181411743,calibrated_uv_reprojection_plus_stereo_left
-25.8721866607666,-50.175331115722656,-576.677978515625,189.33675099699502,310.400833499069,-52.37969392184476,308.99999944623517,217.99999876073687,1.0,1.0,0.6627451181411743,calibrated_uv_reprojection_plus_stereo_left
-24.645103454589844,-50.165992736816406,-576.5680541992188,188.57989116891372,309.3693951333763,-52.26618417806009,310.00000042686764,217.99999991543285,1.0,1.0,0.6627451181411743,calibrated_uv_reprojection_plus_stereo_left
-23.425640106201172,-50.172367095947266,-576.6387329101562,187.91333377451213,308.28655264872174,-52.29308732617028,310.99999985860535,218.0000020302482,1.0,0.9960784316062927,0.6549019813537598,calibrated_uv_reprojection_plus_stereo_left
-22.196475982666016,-50.15792465209961,-576.4700927734375,187.12734653654354,307.2721690476293,-52.133934817652005,312.0000003025848,217.99999930094103,1.0,0.9882352948188782,0.6431372761726379,calibrated_uv_reprojection_plus_stereo_left
-20.963909149169922,-50.13406753540039,-576.1932983398438,186.28794432283928,306.2895796921573,-51.89072504062665,312.9999989932585,217.99999997209574,1.0,0.9803921580314636,0.6392157077789307,calibrated_uv_reprojection_plus_stereo_left
-19.73348617553711,-50.11315155029297,-575.9503173828125,185.46586042290738,305.29798992897315,-51.67382086894969,314.00000074884315,218.00000128047895,1.0,0.9725490212440491,0.6274510025978088,calibrated_uv_reprojection_plus_stereo_left
-18.50271224975586,-50.0889892578125,-575.6699829101562,184.62580570008907,304.3180953458491,-51.4279017619325,314.99999938585705,217.9999993388887,1.0,0.9529411792755127,0.6196078658103943,calibrated_uv_reprojection_plus_stereo_left
-17.288793563842773,-50.110774993896484,-575.917724609375,184.04667954167644,303.1831795223036,-51.59241813036283,315.99999957817727,217.99999727467537,1.0,0.9450980424880981,0.615686297416687,calibrated_uv_reprojection_plus_stereo_left
-16.065488815307617,-50.10713577270508,-575.8733520507812,183.32317466216819,302.13396547345417,-51.52989788118731,317.00000014483396,218.00000184891758,1.0,0.8941176533699036,0.5764706134796143,calibrated_uv_reprojection_plus_stereo_left
-14.839861869812012,-50.09564971923828,-575.7387084960938,182.55539255804126,301.11173407685374,-51.397225340787145,317.999999626499,218.00000009333587,0.9803921580314636,0.8823529481887817,0.5686274766921997,calibrated_uv_reprojection_plus_stereo_left
-13.61927318572998,-50.101280212402344,-575.80078125,181.88409795215142,300.03067646330663,-51.417417725578105,319.00000001222645,217.99999830413566,1.0,1.0,0.6627451181411743,calibrated_uv_reprojection_plus_stereo_left
-12.394261360168457,-50.090843200683594,-575.67822265625,181.1224170918788,299.00509784573103,-51.29414446463494,319.9999999194745,217.99999853192978,1.0,0.9686274528503418,0.6235294342041016,calibrated_uv_reprojection_plus_stereo_left
-11.17265796661377,-50.09418487548828,-575.7140502929688,180.43804897216842,297.9315929935325,-51.29393705455203,321.00000031325146,218.000001045425,0.9764705896377563,0.8823529481887817,0.5647059082984924,calibrated_uv_reprojection_plus_stereo_left
-9.951944351196289,-50.103702545166016,-575.82080078125,179.7879392404974,296.8360717489802,-51.348818903262384,321.9999995963389,217.99999968045833,0.8901960849761963,0.7215686440467834,0.41960784792900085,calibrated_uv_reprojection_plus_stereo_left
-8.729050636291504,-50.10437774658203,-575.825927734375,179.08822680970542,295.7713075319573,-51.32474051026031,322.9999996170709,217.99999832611127,1.0,0.7450980544090271,0.5098039507865906,calibrated_uv_reprojection_plus_stereo_left
-7.508446216583252,-50.1217155456543,-576.0225830078125,178.4809529081594,294.6469954792706,-51.44943707187173,323.99999980663875,217.99999940765926,1.0,0.7960784435272217,0.5647059082984924,calibrated_uv_reprojection_plus_stereo_left
-6.282850742340088,-50.107391357421875,-575.8553466796875,177.6976802291427,293.635264546769,-51.29145815674025,324.999999904858,217.9999993191238,1.0,0.686274528503418,0.45490196347236633,calibrated_uv_reprojection_plus_stereo_left
-5.05794095993042,-50.09465408325195,-575.7063598632812,176.92348339483607,292.6182664284395,-51.14766613078143,325.99999992241084,218.00000001126716,1.0,0.7882353067398071,0.5254902243614197,calibrated_uv_reprojection_plus_stereo_left
-3.8332862854003906,-50.079402923583984,-575.5284423828125,176.13567090165918,291.61078420992806,-50.98141358122467,326.99999993945005,217.9999977712086,0.9529411792755127,0.772549033164978,0.47843137383461,calibrated_uv_reprojection_plus_stereo_left
-2.610475540161133,-50.08857345581055,-575.6312255859375,175.48246778308686,290.5147155037316,-51.03316792009571,327.9999999137917,217.99999829469724,0.9607843160629272,0.7607843279838562,0.4745098054409027,calibrated_uv_reprojection_plus_stereo_left
-1.3868135213851929,-50.089481353759766,-575.6390991210938,174.78361626359913,289.4484035302182,-51.01120791736889,329.0000000730782,218.0000022028015,0.9960784316062927,0.8941176533699036,0.6117647290229797,calibrated_uv_reprojection_plus_stereo_left
-0.16294263303279877,-50.093421936035156,-575.6817626953125,174.10120132495894,288.37072950725417,-51.01625468078851,330.0000000143145,218.00000173285005,1.0,0.9882352948188782,0.6627451181411743,calibrated_uv_reprojection_plus_stereo_left
1.0613521337509155,-50.10004806518555,-575.7552490234375,173.4332105009866,287.2827820407157,-51.04522370489565,331.000000015707,217.99999848770443,1.0,1.0,0.6666666865348816,calibrated_uv_reprojection_plus_stereo_left
2.2862884998321533,-50.10981369018555,-575.8648681640625,172.78203924178104,286.18266906435497,-51.10223741864297,332.00000001278613,217.9999991229996,1.0,0.8627451062202454,0.5607843399047852,calibrated_uv_reprojection_plus_stereo_left
3.5109970569610596,-50.10702133178711,-575.8302001953125,172.06234720690446,285.1291155897121,-51.0472194274584,332.99999998000396,218.00000193847978,1.0,0.8666666746139526,0.5686274766921997,calibrated_uv_reprojection_plus_stereo_left
4.736149787902832,-50.10852813720703,-575.8448486328125,171.36586984300112,284.0593270971299,-51.03048122491202,334.0000002031033,217.99999841114263,0.8156862854957581,0.615686297416687,0.3490196168422699,calibrated_uv_reprojection_plus_stereo_left
5.961612701416016,-50.110557556152344,-575.8655395507812,170.67208692470274,282.987328797298,-51.01842952721654,335.0000000504622,217.99999752533898,0.8549019694328308,0.6627451181411743,0.4000000059604645,calibrated_uv_reprojection_plus_stereo_left
7.189026355743408,-50.12427520751953,-576.0205688476562,170.04109885368962,281.8704715684669,-51.110647104388875,336.00000011258555,217.99999802935065,0.8901960849761963,0.7529411911964417,0.501960813999176,calibrated_uv_reprojection_plus_stereo_left
8.414274215698242,-50.12005615234375,-575.969482421875,169.31328688574376,280.8217238357655,-51.04286691935579,336.9999998057669,217.99999931818428,0.9411764740943909,0.8196078538894653,0.5686274766921997,calibrated_uv_reprojection_plus_stereo_left
9.640071868896484,-50.11885452270508,-575.9530639648438,168.6016542186199,279.7613588348598,-51.0019933056941,338.0000003787747,218.0000000689838,0.9921568632125854,0.9254902005195618,0.658823549747467,calibrated_uv_reprojection_plus_stereo_left
10.865936279296875,-50.117431640625,-575.93408203125,167.88876487865446,278.7017587179971,-50.95912670823901,339.00000017753496,217.9999993527667,1.0,0.9725490212440491,0.6901960968971252,calibrated_uv_reprojection_plus_stereo_left
12.094841957092285,-50.128173828125,-576.054931640625,167.24065680138017,277.59458720089526,-51.024770479530105,340.00000013990604,218.0000011328416,1.0,1.0,0.6901960968971252,calibrated_uv_reprojection_plus_stereo_left
13.322585105895996,-50.13190841674805,-576.09521484375,166.55488627530644,276.51431150509876,-51.027879834611895,340.9999999575436,218.00000032432231,0.9960784316062927,0.9882352948188782,0.6784313917160034,calibrated_uv_reprojection_plus_stereo_left
14.550841331481934,-50.13617706298828,-576.1416625976562,165.87175235354516,275.4316100714418,-51.03576542339414,341.999999495672,218.0000015147318,0.9764705896377563,0.9607843160629272,0.6470588445663452,calibrated_uv_reprojection_plus_stereo_left
15.77961254119873,-50.14086151123047,-576.1928100585938,165.1905637529377,274.3469481053686,-51.04728502664943,343.0000008052912,217.99999719687344,0.9725490212440491,0.9411764740943909,0.615686297416687,calibrated_uv_reprojection_plus_stereo_left
17.00708770751953,-50.140533447265625,-576.1864624023438,164.48275718516823,273.281890220806,-51.01419443082807,343.9999995476659,218.00000044607606,0.9803921580314636,0.9411764740943909,0.615686297416687,calibrated_uv_reprojection_plus_stereo_left
18.2353458404541,-50.14192199707031,-576.1997680664062,163.78385644927602,272.2098343262688,-50.99634334152813,344.9999996897748,217.9999985462467,0.9529411792755127,0.9254902005195618,0.6117647290229797,calibrated_uv_reprojection_plus_stereo_left
19.465002059936523,-50.14628219604492,-576.2472534179688,163.1004130995019,271.12558201397405,-51.005001982006036,346.0000002249855,217.99999891749417,0.9607843160629272,0.9411764740943909,0.6274510025978088,calibrated_uv_reprojection_plus_stereo_left
20.693944931030273,-50.147972106933594,-576.2640991210938,162.40279850415874,270.05179621752916,-50.98988750285645,346.9999992282698,218.0000025635784,1.0,0.9921568632125854,0.6549019813537598,calibrated_uv_reprojection_plus_stereo_left
21.925168991088867,-50.154293060302734,-576.3340454101562,161.72914592461325,268.9589615931678,-51.01594790433518,348.00000051645196,217.99999804252272,1.0,0.9960784316062927,0.6549019813537598,calibrated_uv_reprojection_plus_stereo_left
23.154504776000977,-50.15547180175781,-576.344970703125,161.02849177130457,267.8867348636164,-50.99622522011822,349.00000026786984,217.99999848876863,1.0,1.0,0.6392157077789307,calibrated_uv_reprojection_plus_stereo_left
24.38326072692871,-50.15497589111328,-576.336669921875,160.3190219157192,266.82119031620635,-50.961587684820415,350.00000035745245,218.0000002140726,1.0,1.0,0.6431372761726379,calibrated_uv_reprojection_plus_stereo_left
25.61275291442871,-50.1556282043457,-576.341552734375,159.61540255100311,265.75076938047056,-50.9371697945092,350.99999975986464,218.00000120209592,1.0,1.0,0.6470588445663452,calibrated_uv_reprojection_plus_stereo_left
26.83899688720703,-50.14982604980469,-576.272216796875,158.87833926181855,264.7070174204533,-50.855193667816536,351.99999990979126,217.99999865059192,1.0,1.0,0.6470588445663452,calibrated_uv_reprojection_plus_stereo_left
28.065753936767578,-50.1451301574707,-576.2156372070312,158.14704783569954,263.65872230891364,-50.78311298826833,353.000000823127,217.99999922490306,1.0,1.0,0.6470588445663452,calibrated_uv_reprojection_plus_stereo_left
29.29292106628418,-50.1412353515625,-576.1682739257812,157.41990523096285,262.60710983274856,-50.718179813279846,353.99999870715646,218.00000057709045,1.0,1.0,0.6470588445663452,calibrated_uv_reprojection_plus_stereo_left
30.517879486083984,-50.133731842041016,-576.0794067382812,156.6742862344159,261.570751629669,-50.621068068654495,355.00000097277865,217.9999993180111,1.0,1.0,0.6470588445663452,calibrated_uv_reprojection_plus_stereo_left
31.7640380859375,-50.16001510620117,-576.3787841796875,156.10121510614044,260.3912179772882,-50.824940457211085,356.00000061226035,217.99999856176595,1.0,1.0,0.6470588445663452,calibrated_uv_reprojection_plus_stereo_left
32.99789810180664,-50.165374755859375,-576.437744140625,155.42081763715322,259.29962417189745,-50.84241252703282,356.99999941522117,217.99999877332246,1.0,1.0,0.6431372761726379,calibrated_uv_reprojection_plus_stereo_left
34.23490524291992,-50.17470169067383,-576.5422973632812,154.7603052859668,258.1906452914775,-50.895215682237676,357.9999991266372,217.99999950388715,1.0,1.0,0.6470588445663452,calibrated_uv_reprojection_plus_stereo_left
35.473392486572266,-50.18522262573242,-576.6605834960938,154.10547608695555,257.07596773977144,-50.95864906689104,359.0000002986136,218.00000125599595,0.9372549057006836,0.929411768913269,0.5764706134796143,calibrated_uv_reprojection_plus_stereo_left
36.698177337646484,-50.17606735229492,-576.552734375,153.35092543169446,256.0458594431125,-50.84680191798873,360.0000006645308,218.00000000015706,0.95686274766922,0.929411768913269,0.5921568870544434,calibrated_uv_reprojection_plus_stereo_left
37.93467712402344,-50.182769775390625,-576.6271362304688,152.6763582621964,254.94700977018593,-50.87620470586967,361.0000000526009,218.00000135617375,0.9960784316062927,0.9843137264251709,0.6509804129600525,calibrated_uv_reprojection_plus_stereo_left
39.17097473144531,-50.188568115234375,-576.6911010742188,151.99694444704414,253.85168762953012,-50.89750571217388,362.0000007974513,217.9999993447709,1.0,0.9803921580314636,0.6470588445663452,calibrated_uv_reprojection_plus_stereo_left
40.40590286254883,-50.19209289550781,-576.72900390625,151.30591300323061,252.7659321919322,-50.89860392660211,362.99999820426063,218.00000180300444,1.0,0.9764705896377563,0.6431372761726379,calibrated_uv_reprojection_plus_stereo_left
41.66166687011719,-50.22031021118164,-577.0505981445312,150.73789642368092,251.5709101240548,-51.11950765684412,363.99999946650155,218.0000018176171,1.0,0.9607843160629272,0.6235294342041016,calibrated_uv_reprojection_plus_stereo_left
42.90434265136719,-50.231380462646484,-577.1751708984375,150.08365445959987,250.45057073875384,-51.18772570003392,364.99999688940784,218.00000234681093,1.0,0.9686274528503418,0.6392157077789307,calibrated_uv_reprojection_plus_stereo_left
44.15660858154297,-50.252540588378906,-577.4156494140625,149.47905408761716,249.28465194785326,-51.34572275749724,365.9999995062191,218.00000088647326,0.9137254953384399,0.8274509906768799,0.5215686559677124,calibrated_uv_reprojection_plus_stereo_left
-31.971763610839844,-48.9293212890625,-576.4347534179688,191.82461076667767,316.2865754130979,-52.959434784480436,303.9999992139799,219.0000000628477,1.0,1.0,0.6980392336845398,calibrated_uv_reprojection_plus_stereo_left
-30.75373649597168,-48.934112548828125,-576.4896240234375,191.15120454959077,315.21014628534556,-52.97420244516337,305.00000139128827,219.0000007180831,1.0,1.0,0.6901960968971252,calibrated_uv_reprojection_plus_stereo_left
-29.527198791503906,-48.92548751831055,-576.3864135742188,190.3979471951111,314.1769716121914,-52.86585211351746,305.9999996120548,218.99999967370684,1.0,1.0,0.6705882549285889,calibrated_uv_reprojection_plus_stereo_left
-28.30733871459961,-48.92797088623047,-576.4140625,189.71058129586004,313.1076705462272,-52.859409130591644,306.9999989382052,218.99999810549656,1.0,1.0,0.6705882549285889,calibrated_uv_reprojection_plus_stereo_left
-27.073925018310547,-48.90651321411133,-576.1597290039062,188.8817060691004,312.11694457871533,-52.63339222134937,307.999999253436,219.00000094066937,1.0,1.0,0.6705882549285889,calibrated_uv_reprojection_plus_stereo_left
-25.847579956054688,-48.89674377441406,-576.0430297851562,188.12216313620257,311.08825928767146,-52.51455725475017,308.99999984089885,218.99999935871529,1.0,1.0,0.6705882549285889,calibrated_uv_reprojection_plus_stereo_left
-24.623071670532227,-48.88999938964844,-575.9620361328125,187.3806031081843,310.04973201903863,-52.42353154365202,310.0000001147407,219.00000247270154,1.0,1.0,0.6666666865348816,calibrated_uv_reprojection_plus_stereo_left
-23.402700424194336,-48.891571044921875,-575.9789428710938,186.68784958034354,308.9834286397219,-52.40872378962416,310.9999998529344,219.00000080356222,1.0,1.0,0.6666666865348816,calibrated_uv_reprojection_plus_stereo_left
-22.173192977905273,-48.87356948852539,-575.7652587890625,185.8804986221934,307.98307077419673,-52.21440185128364,311.9999991179922,218.99999884382208,1.0,1.0,0.6666666865348816,calibrated_uv_reprojection_plus_stereo_left
-20.942968368530273,-48.85221481323242,-575.5120849609375,185.05400820486824,306.99474350795776,-51.98935721391081,312.9999996538641,218.99999766917088,1.0,1.0,0.6666666865348816,calibrated_uv_reprojection_plus_stereo_left
-19.714519500732422,-48.83305358886719,-575.2847900390625,184.2408074999006,305.9996688905154,-51.784478021255666,314.0000003691754,218.9999990975319,1.0,0.9921568632125854,0.6549019813537598,calibrated_uv_reprojection_plus_stereo_left
-18.484539031982422,-48.80778503417969,-574.9855346679688,183.3926028548604,305.0263205454386,-51.523607556999195,314.9999992275288,218.99999959721697,1.0,0.9764705896377563,0.6470588445663452,calibrated_uv_reprojection_plus_stereo_left
-17.272865295410156,-48.83121109008789,-575.2599487304688,182.82695650061464,303.8850670318298,-51.70923583440481,316.0000008856792,219.00000130094472,1.0,0.9725490212440491,0.6392157077789307,calibrated_uv_reprojection_plus_stereo_left
-16.051488876342773,-48.829219818115234,-575.23486328125,182.1137133167024,302.8313446664247,-51.66175158499033,316.9999992944644,218.99999829911138,1.0,0.95686274766922,0.6196078658103943,calibrated_uv_reprojection_plus_stereo_left
-14.827893257141113,-48.82018280029297,-575.1268310546875,181.35985707172648,301.8022735917442,-51.54972049184374,317.99999958493987,218.9999991745661,1.0,0.9607843160629272,0.6274510025978088,calibrated_uv_reprojection_plus_stereo_left
-13.608931541442871,-48.82678985595703,-575.203125,180.69607147986625,300.7181685532883,-51.58112677830184,319.00000058166586,219.00000220969247,1.0,0.9686274528503418,0.6313725709915161,calibrated_uv_reprojection_plus_stereo_left
-12.38412857055664,-48.8123779296875,-575.03173828125,179.9114800304675,299.70834724341034,-51.41980275206822,320.0000001389816,219.00000059519314,1.0,0.9764705896377563,0.6392157077789307,calibrated_uv_reprojection_plus_stereo_left
-11.166305541992188,-48.826114654541016,-575.1919555664062,179.28815081060992,298.5983383177495,-51.51649003121554,320.9999999959168,218.9999990127861,0.9882352948188782,0.9176470637321472,0.5960784554481506,calibrated_uv_reprojection_plus_stereo_left
-9.947872161865234,-48.84109878540039,-575.3668823242188,178.6714456992181,297.4830860192767,-51.62460192782919,321.9999992416057,218.99999851928854,0.9372549057006836,0.8235294222831726,0.501960813999176,calibrated_uv_reprojection_plus_stereo_left
-8.727636337280273,-48.851200103759766,-575.4843139648438,178.0264383733342,296.38469086617886,-51.6879661981759,323.0000004458376,218.99999992278745,0.9960784316062927,0.886274516582489,0.5843137502670288,calibrated_uv_reprojection_plus_stereo_left
-7.505695343017578,-48.854644775390625,-575.5233154296875,177.3432592532148,295.30994423786746,-51.69030450324874,324.00000023261407,219.0000005024044,0.9921568632125854,0.7921568751335144,0.5098039507865906,calibrated_uv_reprojection_plus_stereo_left
-6.280663013458252,-48.83678436279297,-575.311279296875,176.53926081297504,294.31294788173216,-51.49736559958768,324.9999998529351,218.99999711701253,1.0,0.7215686440467834,0.47843137383461,calibrated_uv_reprojection_plus_stereo_left
-5.056665420532227,-48.82200241088867,-575.1355590820312,175.75307527103212,293.30521612849594,-51.3326914091985,325.99999978110276,218.9999971963634,1.0,0.7803921699523926,0.5372549295425415,calibrated_uv_reprojection_plus_stereo_left
-3.8327269554138184,-48.80082321166992,-574.884521484375,174.93120379015915,292.321671117584,-51.109454524642786,327.0000000030986,219.0000002528162,0.9843137264251709,0.6823529601097107,0.43921568989753723,calibrated_uv_reprojection_plus_stereo_left
-2.611084222793579,-48.806068420410156,-574.9447021484375,174.2582415773187,291.2403962405688,-51.12826697609614,327.99999985502893,218.99999862994252,0.9882352948188782,0.843137264251709,0.5490196347236633,calibrated_uv_reprojection_plus_stereo_left
-1.388791561126709,-48.80398178100586,-574.9185180664062,173.5439496430767,290.18623031707284,-51.07990858931197,328.9999998968259,218.9999974339258,1.0,0.9803921580314636,0.6509804129600525,calibrated_uv_reprojection_plus_stereo_left
-0.1664336621761322,-48.8044548034668,-574.9225463867188,172.8439439565551,289.12232884512474,-51.05504410877779,329.9999999981914,219.0000003589122,1.0,0.9960784316062927,0.658823549747467,calibrated_uv_reprojection_plus_stereo_left
1.0561935901641846,-48.80802917480469,-574.9630737304688,172.16109444278544,288.0464966694371,-51.058553152072136,330.99999998713275,219.0000008617714,0.929411768913269,0.9450980424880981,0.5882353186607361,calibrated_uv_reprojection_plus_stereo_left
2.2795355319976807,-48.819252014160156,-575.0936889648438,171.52055695256053,286.9411760853728,-51.132096636232404,331.99999986831097,219.0000005974579,0.9607843160629272,0.6431372761726379,0.3960784375667572,calibrated_uv_reprojection_plus_stereo_left
3.5030500888824463,-48.82255172729492,-575.1309204101562,170.83563862558788,285.86562658873726,-51.133019919745266,333.0000000153679,218.9999969902892,1.0,0.8392156958580017,0.6039215922355652,calibrated_uv_reprojection_plus_stereo_left
4.727205276489258,-48.828914642333984,-575.2042846679688,170.16748439320423,284.77794390647216,-51.16202710924864,333.99999999332573,218.99999676643483,0.9529411792755127,0.843137264251709,0.5490196347236633,calibrated_uv_reprojection_plus_stereo_left
5.951855182647705,-48.83524703979492,-575.27734375,169.49889793123492,283.68993087117633,-51.190788062942204,335.000000092681,219.00000035440968,0.9450980424880981,0.8156862854957581,0.5176470875740051,calibrated_uv_reprojection_plus_stereo_left
7.178388595581055,-48.85102462768555,-575.4616088867188,168.8819699013548,282.5646448875717,-51.30597592051868,335.9999999769618,218.9999999906442,0.9803921580314636,0.9333333373069763,0.6313725709915161,calibrated_uv_reprojection_plus_stereo_left
8.402868270874023,-48.84922409057617,-575.4387817382812,168.16801471234083,281.50750173687834,-51.260177291561604,337.0000000894516,218.99999806524866,0.9843137264251709,0.9372549057006836,0.6352941393852234,calibrated_uv_reprojection_plus_stereo_left
9.626885414123535,-48.84462356567383,-575.3829956054688,167.43869368744913,280.46132253300516,-51.18876180835366,338.00000047353086,218.99999784548103,0.9960784316062927,0.9490196108818054,0.6431372761726379,calibrated_uv_reprojection_plus_stereo_left
10.851184844970703,-48.841529846191406,-575.344970703125,166.7176326437371,279.40920712143975,-51.13115127542824,339.0000000766544,218.9999984054796,0.9960784316062927,0.9411764740943909,0.6313725709915161,calibrated_uv_reprojection_plus_stereo_left
12.078500747680664,-48.85053634643555,-575.449462890625,166.06242561630177,278.3088021692283,-51.184290358478165,340.0000006470026,218.99999750806313,0.9960784316062927,0.9372549057006836,0.615686297416687,calibrated_uv_reprojection_plus_stereo_left
13.30542278289795,-48.85578155517578,-575.5097045898438,165.38645658711437,277.22292074401145,-51.20303230565702,340.99999979466804,219.0000005924195,1.0,0.9686274528503418,0.6313725709915161,calibrated_uv_reprojection_plus_stereo_left
14.532684326171875,-48.860679626464844,-575.5657958984375,164.70832817227625,276.1380719597451,-51.21853653687231,342.00000034445793,218.9999994756169,1.0,0.9960784316062927,0.6549019813537598,calibrated_uv_reprojection_plus_stereo_left
15.759907722473145,-48.86414337158203,-575.60498046875,164.02220474127722,275.0586733795958,-51.22089471218749,343.00000070319504,218.9999976489404,1.0,1.0,0.6431372761726379,calibrated_uv_reprojection_plus_stereo_left
16.985240936279297,-48.86115264892578,-575.5681762695312,163.30112841043461,274.00526844425804,-51.16421008517517,344.0000004490867,218.9999988131591,1.0,1.0,0.6313725709915161,calibrated_uv_reprojection_plus_stereo_left
18.214122772216797,-48.86760330200195,-575.642578125,162.63075141810987,272.9131447032354,-51.19391627571429,345.0000007255489,218.99999929329573,1.0,1.0,0.6549019813537598,calibrated_uv_reprojection_plus_stereo_left
19.440834045410156,-48.86733627319336,-575.6378784179688,161.92410714799826,271.84825533651394,-51.16216507115212,345.9999990661734,219.00000190030948,1.0,1.0,0.658823549747467,calibrated_uv_reprojection_plus_stereo_left
20.668258666992188,-48.86836242675781,-575.6483764648438,161.22426256570765,270.7778748204689,-51.14221358972344,346.9999986288787,219.00000207216735,1.0,1.0,0.6509804129600525,calibrated_uv_reprojection_plus_stereo_left
21.899810791015625,-48.878082275390625,-575.7612915039062,160.57061572552038,269.6710892183801,-51.20180624230255,347.9999989488325,219.00000290659756,1.0,1.0,0.6509804129600525,calibrated_uv_reprojection_plus_stereo_left
23.126861572265625,-48.87688064575195,-575.7454833984375,159.85851476902508,268.6094607192115,-51.161405215505,349.0000004331831,218.9999987119788,1.0,1.0,0.6431372761726379,calibrated_uv_reprojection_plus_stereo_left
24.354814529418945,-48.87724685668945,-575.7482299804688,159.1546894196972,267.5411055250937,-51.135415205141385,350.0000005814949,219.00000050523428,1.0,1.0,0.6431372761726379,calibrated_uv_reprojection_plus_stereo_left
25.58199119567871,-48.875755310058594,-575.7290649414062,158.4409205960461,266.4804452984734,-51.09240353305432,351.00000007318926,219.0000003589767,1.0,1.0,0.6470588445663452,calibrated_uv_reprojection_plus_stereo_left
26.806808471679688,-48.86977005004883,-575.656982421875,157.70341093431364,265.43879295137197,-51.008298583392786,351.9999996862856,219.0000013159846,1.0,1.0,0.6470588445663452,calibrated_uv_reprojection_plus_stereo_left
28.032506942749023,-48.86553192138672,-575.60546875,156.97515019318905,264.3897833233177,-50.94016704733252,352.99999975804786,219.00000148221963,1.0,1.0,0.6470588445663452,calibrated_uv_reprojection_plus_stereo_left
29.25785255432129,-48.86075973510742,-575.5476684570312,156.2441105544803,263.3430950001963,-50.86715537289376,353.99999987627416,219.0000019380516,1.0,1.0,0.6431372761726379,calibrated_uv_reprojection_plus_stereo_left
30.48356056213379,-48.856666564941406,-575.4978637695312,155.5166546911076,262.29352952226964,-50.80035256438032,354.99999922451894,219.00000219900107,1.0,1.0,0.6431372761726379,calibrated_uv_reprojection_plus_stereo_left
31.732494354248047,-48.888397216796875,-575.8699951171875,154.97595625301028,261.08857170900535,-51.061108434368066,355.9999999149256,218.9999995017945,1.0,1.0,0.6431372761726379,calibrated_uv_reprojection_plus_stereo_left
32.968482971191406,-48.898292541503906,-575.9849853515625,154.32074509304243,259.97726493633365,-51.12221371743016,356.99999873706633,219.00000129180893,1.0,1.0,0.6392157077789307,calibrated_uv_reprojection_plus_stereo_left
34.20277404785156,-48.90479278564453,-576.0599365234375,153.64752419239272,258.88026187727604,-51.152221934071974,357.9999991104996,218.99999984507096,1.0,1.0,0.6392157077789307,calibrated_uv_reprojection_plus_stereo_left
35.439918518066406,-48.914527893066406,-576.1730346679688,152.9907522360055,257.76855647292894,-51.21182933472363,358.9999995357369,219.00000141219766,1.0,1.0,0.6392157077789307,calibrated_uv_reprojection_plus_stereo_left
36.660011291503906,-48.90062713623047,-576.0076293945312,152.21170494279096,256.7609115532297,-51.05526228065406,360.0000028969961,218.99999660429972,1.0,0.9960784316062927,0.6470588445663452,calibrated_uv_reprojection_plus_stereo_left
37.895652770996094,-48.90746307373047,-576.0866088867188,151.53961421235954,255.66144642893755,-51.08837523590887,361.0000001689369,219.00000038137995,1.0,0.9921568632125854,0.6431372761726379,calibrated_uv_reprojection_plus_stereo_left
39.131900787353516,-48.91440200805664,-576.166748046875,150.86772842701424,254.56108059164396,-51.12237373723184,362.0000001363237,219.00000050435898,1.0,0.9882352948188782,0.6431372761726379,calibrated_uv_reprojection_plus_stereo_left
40.366249084472656,-48.91839599609375,-576.2122192382812,150.18049184184076,253.47347556188942,-51.129459276989394,362.9999996254566,219.00000210483788,1.0,0.9882352948188782,0.6431372761726379,calibrated_uv_reprojection_plus_stereo_left
41.620121002197266,-48.94490432739258,-576.5228271484375,149.60778181522494,252.28393892411376,-51.34226223975554,364.0000003277612,218.9999995874246,1.0,0.9803921580314636,0.6431372761726379,calibrated_uv_reprojection_plus_stereo_left
42.86043167114258,-48.95418930053711,-576.630615234375,148.94667379150434,251.17118247889755,-51.39766793292699,365.0000003704562,219.0000009238696,0.9647058844566345,0.9333333373069763,0.6117647290229797,calibrated_uv_reprojection_plus_stereo_left
44.112937927246094,-48.976295471191406,-576.889404296875,148.35017196040684,249.99943857597475,-51.57021007447099,366.00000109863555,219.00000098671828,0.7882353067398071,0.6784313917160034,0.4000000059604645,calibrated_uv_reprojection_plus_stereo_left
-30.713485717773438,-47.641666412353516,-575.6618041992188,189.83801428184944,315.9447372830381,-52.957442611194836,305.000000442529,220.00000085684653,1.0,1.0,0.6823529601097107,calibrated_uv_reprojection_plus_stereo_left
-29.48953628540039,-47.6345329284668,-575.5750732421875,189.0941263657167,314.90849379203144,-52.86191809693554,305.99999957086476,219.9999988133018,1.0,1.0,0.6745098233222961,calibrated_uv_reprojection_plus_stereo_left
-28.257553100585938,-47.61355209350586,-575.3211059570312,188.26657369781498,313.9187100418636,-52.6359896410969,307.0000009633774,220.00000239378284,1.0,1.0,0.6745098233222961,calibrated_uv_reprojection_plus_stereo_left
-27.049863815307617,-47.63378143310547,-575.5650024414062,187.6882984212732,312.79094889780254,-52.79829022395978,307.9999990905913,220.00000026049472,1.0,1.0,0.6705882549285889,calibrated_uv_reprojection_plus_stereo_left
-25.827960968017578,-47.63005065917969,-575.5194091796875,186.96502864684112,311.743339643834,-52.734846600833464,309.00000017549905,219.99999972534948,1.0,1.0,0.6705882549285889,calibrated_uv_reprojection_plus_stereo_left
-24.60477066040039,-47.62380599975586,-575.4434814453125,186.22667909401332,310.7043060310629,-52.64775440339196,310.00000051653257,220.00000197093993,1.0,1.0,0.6627451181411743,calibrated_uv_reprojection_plus_stereo_left
-23.38517951965332,-47.62461471557617,-575.4526977539062,185.53064575361475,309.64119044130985,-52.627041051002834,310.99999935655705,219.9999986224626,0.9960784316062927,1.0,0.6627451181411743,calibrated_uv_reprojection_plus_stereo_left
-22.149242401123047,-47.590782165527344,-575.0433959960938,184.627404751793,308.69760525859385,-52.28006416769131,311.9999998016178,219.99999902100427,0.9960784316062927,1.0,0.6627451181411743,calibrated_uv_reprojection_plus_stereo_left
-20.923702239990234,-47.577064514160156,-574.8771362304688,183.84501148102083,307.685393413548,-52.1225768734829,313.00000047770493,219.99999884805425,1.0,1.0,0.6705882549285889,calibrated_uv_reprojection_plus_stereo_left
-19.69631576538086,-47.55762481689453,-574.6417236328125,183.0288728758145,306.6936739929205,-51.91119879551502,313.9999984365811,219.9999977793265,1.0,1.0,0.6705882549285889,calibrated_uv_reprojection_plus_stereo_left
-18.47247886657715,-47.545230865478516,-574.4915161132812,182.2550415392023,305.67781521619463,-51.766252470865766,314.9999999439676,220.00000149915496,1.0,1.0,0.6666666865348816,calibrated_uv_reprojection_plus_stereo_left
-17.25272560119629,-47.542842864990234,-574.462158203125,181.54067944964368,304.6268868730666,-51.715500582487834,316.0000003031147,220.00000163281663,1.0,1.0,0.658823549747467,calibrated_uv_reprojection_plus_stereo_left
-16.0307674407959,-47.534095764160156,-574.3558959960938,180.78870555796618,303.598614393356,-51.604811501841255,316.9999993722681,219.99999721897387,1.0,0.9843137264251709,0.6392157077789307,calibrated_uv_reprojection_plus_stereo_left
-14.809704780578613,-47.52736282348633,-574.2741088867188,180.04880597783819,302.56330402658864,-51.51320705504526,318.00000019840866,220.00000215242122,1.0,0.9803921580314636,0.6392157077789307,calibrated_uv_reprojection_plus_stereo_left
-13.589733123779297,-47.52388000488281,-574.2315063476562,179.32805922415497,301.516417626073,-51.45213615158906,319.0000001227152,220.00000120312774,1.0,0.9725490212440491,0.6313725709915161,calibrated_uv_reprojection_plus_stereo_left
-12.371885299682617,-47.528568267822266,-574.2876586914062,178.6552082682618,300.43982104335373,-51.468013381914716,319.9999999663254,220.00000186176365,1.0,0.9686274528503418,0.6235294342041016,calibrated_uv_reprojection_plus_stereo_left
-11.15683364868164,-47.54698181152344,-574.5096435546875,178.06234622079603,299.31266287783444,-51.613084786939794,321.0000007413942,220.00000186148594,1.0,0.9490196108818054,0.6196078658103943,calibrated_uv_reprojection_plus_stereo_left
-9.940195083618164,-47.56319046020508,-574.7049560546875,177.45596768968738,298.1926473799689,-51.737349355591164,321.9999999166478,219.9999998155436,0.9921568632125854,0.9372549057006836,0.6039215922355652,calibrated_uv_reprojection_plus_stereo_left
-8.721179962158203,-47.57197570800781,-574.8106079101562,176.80584305602633,297.09921836084374,-51.79174408249992,323.0000005053225,220.00000024174872,1.0,0.9764705896377563,0.6392157077789307,calibrated_uv_reprojection_plus_stereo_left
-7.50075626373291,-47.57583999633789,-574.8567504882812,176.12678479485226,296.0235794453255,-51.799765755493354,323.99999969132756,219.99999733107188,0.9960784316062927,0.9058823585510254,0.5921568870544434,calibrated_uv_reprojection_plus_stereo_left
-6.276973247528076,-47.55714416503906,-574.63037109375,175.31698258770405,295.0321073704451,-51.59550591682216,324.9999999925367,219.99999921987012,1.0,0.8313725590705872,0.5490196347236633,calibrated_uv_reprojection_plus_stereo_left
-5.054637908935547,-47.54475402832031,-574.4801635742188,174.54401641332254,294.01755227784207,-51.450591941450455,325.9999998878482,219.9999997720879,1.0,0.7411764860153198,0.4901960790157318,calibrated_uv_reprojection_plus_stereo_left
-3.832595109939575,-47.530372619628906,-574.305908203125,173.75985101448208,293.0109364166742,-51.28695957297299,327.0000000926056,220.00000116132043,1.0,0.6901960968971252,0.47058823704719543,calibrated_uv_reprojection_plus_stereo_left
-2.610952854156494,-47.513160705566406,-574.097412109375,172.959733839967,292.01560901803816,-51.09667205070542,327.999999846376,219.99999982637974,1.0,0.9058823585510254,0.6117647290229797,calibrated_uv_reprojection_plus_stereo_left
-1.3905879259109497,-47.51564025878906,-574.1268310546875,172.27280424227615,290.9453655120283,-51.09167302860942,328.99999989057216,219.99999745168898,1.0,1.0,0.658823549747467,calibrated_uv_reprojection_plus_stereo_left
-0.16990450024604797,-47.51578140258789,-574.1280517578125,171.57236009270372,289.8838578469698,-51.06471169330797,329.99999999266885,219.9999989154729,1.0,1.0,0.658823549747467,calibrated_uv_reprojection_plus_stereo_left
1.0510224103927612,-47.518333435058594,-574.1583862304688,170.88553805980325,288.81283462829265,-51.060414425207114,331.0000000505578,219.99999925189263,0.9333333373069763,0.9490196108818054,0.5803921818733215,calibrated_uv_reprojection_plus_stereo_left
2.2736008167266846,-47.54885482788086,-574.5266723632812,170.35750397658268,287.6323831250819,-51.31923603240875,332.00000009376043,219.99999969807186,0.9764705896377563,0.572549045085907,0.3529411852359772,calibrated_uv_reprojection_plus_stereo_left
3.4957869052886963,-47.55021286010742,-574.5426025390625,169.66314906165832,286.5648690224227,-51.30369460393524,332.9999998610928,220.0000016048437,1.0,0.7568627595901489,0.5529412031173706,calibrated_uv_reprojection_plus_stereo_left
4.718019008636475,-47.54948043823242,-574.5332641601562,168.95682486379366,285.5053891719291,-51.26847556034295,333.9999999803081,220.00000284743902,1.0,0.9921568632125854,0.6745098233222961,calibrated_uv_reprojection_plus_stereo_left
5.939671516418457,-47.54294967651367,-574.4537963867188,168.2176902974786,284.46882070383066,-51.178658405422084,335.000000010667,219.99999942366117,0.9882352948188782,0.9686274528503418,0.6392157077789307,calibrated_uv_reprojection_plus_stereo_left
7.164352893829346,-47.557533264160156,-574.6295166015625,167.59742957335493,283.34807605064873,-51.28748489715548,336.00000012108734,220.00000052671317,1.0,1.0,0.6784313917160034,calibrated_uv_reprojection_plus_stereo_left
8.38669204711914,-47.55354690551758,-574.5808715820312,166.8724645630577,282.30106396611177,-51.2216565082914,336.99999960901783,220.00000247061064,1.0,0.9921568632125854,0.6745098233222961,calibrated_uv_reprojection_plus_stereo_left
9.608850479125977,-47.548770904541016,-574.5226440429688,166.1430765756936,281.25726966620186,-51.1483687634713,338.00000002430033,220.000001610431,0.9882352948188782,0.9686274528503418,0.6509804129600525,calibrated_uv_reprojection_plus_stereo_left
10.831473350524902,-47.54631423950195,-574.492431640625,165.42666406688608,280.204119072234,-51.096884875336286,338.9999993336665,220.00000014420576,0.9803921580314636,0.929411768913269,0.6039215922355652,calibrated_uv_reprojection_plus_stereo_left
12.053717613220215,-47.54212951660156,-574.44140625,164.70062744595657,279.15795068407795,-51.029205803721936,339.99999966154667,220.00000319830355,1.0,0.9450980424880981,0.6196078658103943,calibrated_uv_reprojection_plus_stereo_left
13.278186798095703,-47.5460319519043,-574.488037109375,164.0194749506354,278.07864006021913,-51.03751642028112,340.99999959765495,220.0000022537344,0.9960784316062927,0.9411764740943909,0.6078431606292725,calibrated_uv_reprojection_plus_stereo_left
14.5015287399292,-47.544979095458984,-574.4747924804688,163.31066912576972,277.01944253064244,-50.999228829332026,341.99999948100304,220.0000011941032,0.9960784316062927,0.9490196108818054,0.6078431606292725,calibrated_uv_reprojection_plus_stereo_left
15.726849555969238,-47.54951477050781,-574.529052734375,162.63263498076367,275.9369528815529,-51.01345991820011,343.0000008243089,219.9999987874255,1.0,0.9647058844566345,0.6196078658103943,calibrated_uv_reprojection_plus_stereo_left
16.950855255126953,-47.5491943359375,-574.524658203125,161.9276310273661,274.8743503242423,-50.9820485786895,344.00000095439384,219.99999776880125,1.0,0.9921568632125854,0.6392157077789307,calibrated_uv_reprojection_plus_stereo_left
18.17547607421875,-47.550045013427734,-574.5344848632812,161.22899130188205,273.8066710866906,-50.96169996635041,344.99999962077953,220.00000155494914,1.0,1.0,0.6549019813537598,calibrated_uv_reprojection_plus_stereo_left
19.39810562133789,-47.54545974731445,-574.478515625,160.50040297414023,272.76174403752196,-50.89015798349817,346.0000004898009,219.99999757457033,1.0,1.0,0.6470588445663452,calibrated_uv_reprojection_plus_stereo_left
20.62327003479004,-47.546836853027344,-574.4946899414062,159.80445214212295,271.69156342413396,-50.87473919282439,346.99999958796707,220.0000004883936,1.0,1.0,0.6431372761726379,calibrated_uv_reprojection_plus_stereo_left
21.858760833740234,-47.570133209228516,-574.7756958007812,159.22774722844736,270.5277787234074,-51.06530307698472,347.9999986649908,220.00000258319523,1.0,1.0,0.6470588445663452,calibrated_uv_reprojection_plus_stereo_left
23.08289337158203,-47.567169189453125,-574.7393188476562,158.5075560431033,269.4752845425668,-51.00898301972916,349.00000121938785,219.9999988465294,1.0,1.0,0.6470588445663452,calibrated_uv_reprojection_plus_stereo_left
24.309181213378906,-47.568363189697266,-574.7532958984375,157.80992053144826,268.4048300252034,-50.9918282360581,349.99999945333616,220.0000028156368,1.0,1.0,0.6470588445663452,calibrated_uv_reprojection_plus_stereo_left
25.53377914428711,-47.565956115722656,-574.7236328125,157.0926363986169,267.3497853370203,-50.94072484126468,351.00000028404867,219.99999803478386,1.0,1.0,0.6509804129600525,calibrated_uv_reprojection_plus_stereo_left
26.77126121520996,-47.586341857910156,-574.9694213867188,156.4981450071641,266.1955217374317,-51.103818124111854,352.0000004748021,219.99999689841613,1.0,1.0,0.6470588445663452,calibrated_uv_reprojection_plus_stereo_left
27.998323440551758,-47.5869140625,-574.9758911132812,155.79651599169694,265.126793241585,-51.08080008025348,352.99999965299605,220.00000127634928,1.0,1.0,0.6549019813537598,calibrated_uv_reprojection_plus_stereo_left
29.223617553710938,-47.58426284790039,-574.943359375,155.07747119580608,264.07206284014336,-51.027450468540565,353.9999991276294,220.00000200784442,1.0,1.0,0.6509804129600525,calibrated_uv_reprojection_plus_stereo_left
30.45105743408203,-47.58488845825195,-574.9503784179688,154.37589076285906,263.0028272485598,-51.004847457236735,355.00000149954326,219.99999991265187,1.0,1.0,0.6431372761726379,calibrated_uv_reprojection_plus_stereo_left
31.66826057434082,-47.56981658935547,-574.7677612304688,153.59055368424328,262.0030897220214,-50.834813670786616,356.0000001330288,219.99999987436158,1.0,1.0,0.6392157077789307,calibrated_uv_reprojection_plus_stereo_left
32.900115966796875,-47.57678985595703,-574.8515014648438,152.9226990656996,260.90550033958925,-50.87185209607543,356.99999982773835,219.9999994669831,1.0,1.0,0.6392157077789307,calibrated_uv_reprojection_plus_stereo_left
34.13649368286133,-47.58930587768555,-575.0022583007812,152.2839206673671,259.78256614314813,-50.96097362714784,357.999999292392,220.00000216404638,1.0,1.0,0.6392157077789307,calibrated_uv_reprojection_plus_stereo_left
35.37480545043945,-47.603309631347656,-575.1708984375,151.6524898981167,258.65223294523605,-51.06397240997131,359.0000018438821,219.99999864944562,1.0,1.0,0.6392157077789307,calibrated_uv_reprojection_plus_stereo_left
36.62289047241211,-47.62884521484375,-575.4789428710938,151.081333149121,257.46885968474703,-51.275302201495265,360.00000014778317,219.99999989493617,1.0,1.0,0.6431372761726379,calibrated_uv_reprojection_plus_stereo_left
37.85404586791992,-47.63118362426758,-575.5067138671875,150.3874240651284,256.38976493724874,-51.26877584595155,361.0000006255917,220.00000171014756,1.0,1.0,0.6431372761726379,calibrated_uv_reprojection_plus_stereo_left
39.08713150024414,-47.6355094909668,-575.5584106445312,149.70372057963368,255.30134377347838,-51.28083217976558,362.00000103192014,219.99999761415987,1.0,0.9921568632125854,0.6431372761726379,calibrated_uv_reprojection_plus_stereo_left
40.32389831542969,-47.643699645996094,-575.6568603515625,149.0399975111879,254.1947848276187,-51.32921262549388,363.0000001700712,219.99999774609668,1.0,0.9882352948188782,0.6431372761726379,calibrated_uv_reprojection_plus_stereo_left
41.556121826171875,-47.64598083496094,-575.6839599609375,148.34515644426688,253.11497682698086,-51.322139918966116,363.9999988577926,220.0000009388142,0.9921568632125854,0.9803921580314636,0.6509804129600525,calibrated_uv_reprojection_plus_stereo_left
42.7973747253418,-47.657981872558594,-575.8284301757812,147.70061063828746,251.9898114947986,-51.406252058119435,365.0000001356666,219.99999944508875,0.8980392217636108,0.8352941274642944,0.529411792755127,calibrated_uv_reprojection_plus_stereo_left
-29.45309829711914,-46.34894943237305,-574.787841796875,187.80488313263658,315.6319833872073,-52.87505095456538,305.9999994664125,220.99999948603713,1.0,1.0,0.6705882549285889,calibrated_uv_reprojection_plus_stereo_left
-28.23102569580078,-46.34196472167969,-574.7018432617188,187.06248402411842,314.5971009420158,-52.7800943584333,306.99999991277616,220.99999912167385,1.0,1.0,0.6705882549285889,calibrated_uv_reprojection_plus_stereo_left
-27.021732330322266,-46.356590270996094,-574.8839111328125,186.45370610493137,313.4879036606955,-52.894463574692054,308.00000126519126,221.0000034015936,1.0,0.9960784316062927,0.6627451181411743,calibrated_uv_reprojection_plus_stereo_left
-25.802452087402344,-46.35499572753906,-574.8646850585938,185.7443715003095,312.43416746260436,-52.851635117387445,308.9999991827297,220.9999982147126,1.0,1.0,0.6705882549285889,calibrated_uv_reprojection_plus_stereo_left
-24.57992935180664,-46.347476959228516,-574.7720947265625,184.99860662968229,311.4009954026335,-52.751529425631645,309.99999892024204,220.999999908672,0.9411764740943909,0.9333333373069763,0.6000000238418579,calibrated_uv_reprojection_plus_stereo_left
-23.359766006469727,-46.34423065185547,-574.7324829101562,184.2791553023198,310.3529912271092,-52.692788615542895,311.0000003346278,221.00000122003087,0.7921568751335144,0.7411764860153198,0.40784314274787903,calibrated_uv_reprojection_plus_stereo_left
-22.127981185913086,-46.31669235229492,-574.3916015625,183.41110250959696,309.3908910546729,-52.39885978519453,312.0000007840748,221.00000154413814,0.8392156958580017,0.7529411911964417,0.42352941632270813,calibrated_uv_reprojection_plus_stereo_left
-20.90468978881836,-46.305171966552734,-574.2493286132812,182.64149409108336,308.3728814694731,-52.259993003728766,312.9999995378063,220.99999951232155,0.9803921580314636,0.9411764740943909,0.615686297416687,calibrated_uv_reprojection_plus_stereo_left
-19.6817626953125,-46.293521881103516,-574.1055297851562,181.87137116456682,307.35567756691637,-52.11994812773787,314.00000035400336,221.00000295343096,1.0,1.0,0.6745098233222961,calibrated_uv_reprojection_plus_stereo_left
-18.458288192749023,-46.27943801879883,-573.9314575195312,181.08667744564286,306.34764213267243,-51.95628055479881,315.0000007041859,221.00000038586458,1.0,1.0,0.6627451181411743,calibrated_uv_reprojection_plus_stereo_left
-17.243349075317383,-46.286773681640625,-574.0230102539062,180.43202198648925,305.26237830091674,-51.99993493469765,315.99999947696193,220.99999729872437,1.0,1.0,0.6549019813537598,calibrated_uv_reprojection_plus_stereo_left
-16.02069854736328,-46.27349090576172,-573.8589477539062,179.65251263154528,304.2518717737867,-51.84409464838751,317.00000017821736,220.99999971582588,1.0,1.0,0.6549019813537598,calibrated_uv_reprojection_plus_stereo_left
-14.799373626708984,-46.262752532958984,-573.7263793945312,178.8886050232815,303.2324792036143,-51.71284044728111,317.9999997995479,220.9999981692476,1.0,1.0,0.6549019813537598,calibrated_uv_reprojection_plus_stereo_left
-13.578436851501465,-46.252044677734375,-573.59423828125,178.12511871751053,302.21328950705265,-51.581930290797686,318.9999996725944,220.99999986169988,1.0,0.9960784316062927,0.6549019813537598,calibrated_uv_reprojection_plus_stereo_left
-12.362250328063965,-46.25770568847656,-573.6651000976562,177.45999480728,301.13353756216225,-51.60942514251815,320.0000003487369,221.00000185726137,1.0,0.9882352948188782,0.6549019813537598,calibrated_uv_reprojection_plus_stereo_left
-11.147127151489258,-46.26979446411133,-573.8156127929688,176.8330087957345,300.02932523487016,-51.69905131613558,320.9999998612829,220.9999996601244,1.0,0.9803921580314636,0.6627451181411743,calibrated_uv_reprojection_plus_stereo_left
-9.931225776672363,-46.2820930480957,-573.96875,176.20681092622857,298.92360083373035,-51.79070716832814,321.9999992382307,220.9999989278242,1.0,0.9725490212440491,0.6509804129600525,calibrated_uv_reprojection_plus_stereo_left
-8.71407699584961,-46.292205810546875,-574.0948486328125,175.56715472583926,297.82541086966387,-51.86125341130378,323.00000016812925,221.00000272511255,1.0,0.9411764740943909,0.6235294342041016,calibrated_uv_reprojection_plus_stereo_left
-7.494203567504883,-46.289939880371094,-574.0673217773438,174.85356745126285,296.77380511867193,-51.81193972494236,324.0000000082059,220.9999992024481,1.0,0.9176470637321472,0.6078431606292725,calibrated_uv_reprojection_plus_stereo_left
-6.273341655731201,-46.28087615966797,-573.95556640625,174.09972808593142,295.74818397148675,-51.69692737329899,324.99999989678173,221.00000061678446,1.0,0.9254902005195618,0.6274510025978088,calibrated_uv_reprojection_plus_stereo_left
-5.052497386932373,-46.26932144165039,-573.8129272460938,173.33134902885757,294.7324202800959,-51.55783341173276,326.0000002242307,221.0000026046995,1.0,0.9137254953384399,0.6117647290229797,calibrated_uv_reprojection_plus_stereo_left
-3.8323817253112793,-46.261474609375,-573.7161865234375,172.5850161684669,293.7026605063721,-51.45454296181731,327.00000007319727,220.99999897190656,1.0,0.9137254953384399,0.6117647290229797,calibrated_uv_reprojection_plus_stereo_left
-2.612720489501953,-46.25766372680664,-573.6695556640625,171.8625475753321,292.6573289999357,-51.390339637892396,328.000000114391,220.99999915216293,1.0,0.9803921580314636,0.6509804129600525,calibrated_uv_reprojection_plus_stereo_left
-1.3930535316467285,-46.25320816040039,-573.6149291992188,171.13630900477978,291.6145404878514,-51.31990139954809,328.99999993365276,220.9999993012664,1.0,1.0,0.658823549747467,calibrated_uv_reprojection_plus_stereo_left
-0.1734505444765091,-46.25324249267578,-573.615966796875,170.43633150637913,290.5540683467809,-51.29286925714155,329.9999999865637,220.99999826000226,1.0,0.9960784316062927,0.6509804129600525,calibrated_uv_reprojection_plus_stereo_left
1.0463718175888062,-46.25460433959961,-573.6334838867188,169.7439905299911,289.4881544770051,-51.27868304806793,331.0000000549924,220.99999827754283,0.9882352948188782,0.9882352948188782,0.6470588445663452,calibrated_uv_reprojection_plus_stereo_left
2.267181873321533,-46.27082824707031,-573.8353881835938,169.1379425361947,288.3626252425042,-51.40825763402182,331.9999999355287,221.00000310190205,1.0,0.7529411911964417,0.4941176474094391,calibrated_uv_reprojection_plus_stereo_left
3.4877853393554688,-46.270469665527344,-573.83154296875,168.43509076081148,287.30283910394405,-51.377394726388786,332.9999998258709,221.00000136412893,0.9137254953384399,0.6078431606292725,0.3607843220233917,calibrated_uv_reprojection_plus_stereo_left
4.708614349365234,-46.27066421508789,-573.8345947265625,167.73535640267414,286.24066026704566,-51.351906287050895,333.99999991034673,221.00000207822364,1.0,0.9764705896377563,0.6509804129600525,calibrated_uv_reprojection_plus_stereo_left
5.929247856140137,-46.26778793334961,-573.799560546875,167.0177922438208,285.1907882502127,-51.29672378822528,334.99999994423354,221.00000262786634,1.0,0.9843137264251709,0.6549019813537598,calibrated_uv_reprojection_plus_stereo_left
7.153263568878174,-46.28656768798828,-574.0330200195312,166.4247771901272,284.0524119478781,-51.4508251678223,336.00000024128747,220.99999799682183,1.0,0.9960784316062927,0.6666666865348816,calibrated_uv_reprojection_plus_stereo_left
8.374037742614746,-46.280914306640625,-573.9635620117188,165.69091423339512,283.0133881575706,-51.368797347363795,336.99999971995294,220.99999964788663,1.0,0.9921568632125854,0.6666666865348816,calibrated_uv_reprojection_plus_stereo_left
9.595356941223145,-46.27841567993164,-573.9332275390625,164.97516934335033,281.96142295869936,-51.31726455963894,338.00000029186657,221.0000012410574,0.9411764740943909,0.9058823585510254,0.5921568870544434,calibrated_uv_reprojection_plus_stereo_left
10.816905975341797,-46.276668548583984,-573.9121704101562,164.26366551312174,280.90630011997223,-51.27295899304778,338.99999988316665,221.00000002558403,0.8784313797950745,0.7843137383460999,0.4627451002597809,calibrated_uv_reprojection_plus_stereo_left
12.038344383239746,-46.27412414550781,-573.8812866210938,163.54759228909893,279.8544069603633,-51.22099590054677,339.99999933758176,221.00000282812888,0.9882352948188782,0.9176470637321472,0.5960784554481506,calibrated_uv_reprojection_plus_stereo_left
13.261363983154297,-46.276912689208984,-573.9164428710938,162.86172810241658,278.78009090511665,-51.220488948409354,340.9999998881845,220.99999915822346,0.9882352948188782,0.9372549057006836,0.6078431606292725,calibrated_uv_reprojection_plus_stereo_left
14.483848571777344,-46.27691650390625,-573.9171142578125,162.15992242447913,277.71723098951566,-51.19310591061583,342.0000005080422,220.99999882945886,0.9921568632125854,0.95686274766922,0.6196078658103943,calibrated_uv_reprojection_plus_stereo_left
15.706720352172852,-46.27750778198242,-573.9251098632812,161.46134251589467,276.65170175740457,-51.17142686386251,342.9999998254159,221.00000104180702,1.0,0.9725490212440491,0.6235294342041016,calibrated_uv_reprojection_plus_stereo_left
16.92789077758789,-46.272850036621094,-573.8679809570312,160.7330613015643,275.60840395305496,-51.099003137874035,343.9999992000021,221.00000146361015,0.9921568632125854,0.9529411792755127,0.6000000238418579,calibrated_uv_reprojection_plus_stereo_left
18.15030288696289,-46.27150344848633,-573.8519287109375,160.02341737226192,274.55093719680815,-51.05858208082935,344.99999889006074,221.00000269291547,0.9803921580314636,0.9450980424880981,0.5882353186607361,calibrated_uv_reprojection_plus_stereo_left
19.372060775756836,-46.26831817626953,-573.81298828125,159.30337163787829,273.5013301363279,-51.00032482321035,345.9999996388308,220.99999830401887,0.9960784316062927,0.9843137264251709,0.6274510025978088,calibrated_uv_reprojection_plus_stereo_left
20.595420837402344,-46.268680572509766,-573.8181762695312,158.60318681057606,272.4362721967811,-50.97644659294656,346.9999993485695,221.00000253778123,1.0,1.0,0.6509804129600525,calibrated_uv_reprojection_plus_stereo_left
21.829870223999023,-46.2921257019043,-574.1094970703125,158.0314378087116,271.27038749092424,-51.175428452250344,348.0000003863938,220.99999775699177,1.0,1.0,0.6549019813537598,calibrated_uv_reprojection_plus_stereo_left
23.05490493774414,-46.293792724609375,-574.1307983398438,157.33788607867876,270.1987367579378,-51.16407393044068,349.00000159990384,220.99999756472045,1.0,1.0,0.6549019813537598,calibrated_uv_reprojection_plus_stereo_left
24.278432846069336,-46.29206466674805,-574.1100463867188,156.62538546523734,269.1417987795589,-51.119963959936115,349.999998635477,221.00000080853437,1.0,1.0,0.6549019813537598,calibrated_uv_reprojection_plus_stereo_left
25.50386619567871,-46.29361343383789,-574.1298828125,155.93091460692813,268.0702683886151,-51.10745815409177,350.99999979620424,221.0000007158018,1.0,1.0,0.6549019813537598,calibrated_uv_reprojection_plus_stereo_left
26.742616653442383,-46.3177604675293,-574.4299926757812,155.36083098112402,266.8978468668229,-51.3131987119819,351.99999965129115,221.00000134800314,1.0,1.0,0.6470588445663452,calibrated_uv_reprojection_plus_stereo_left
27.96615219116211,-46.31428146362305,-574.387451171875,154.63806539608333,265.8478435051559,-51.25209454002646,353.000000888048,220.99999965153816,1.0,1.0,0.6509804129600525,calibrated_uv_reprojection_plus_stereo_left
29.191091537475586,-46.31302261352539,-574.3724975585938,153.92748699004562,264.78783014866843,-51.21247286007815,353.9999998183994,221.00000148747503,1.0,1.0,0.6509804129600525,calibrated_uv_reprojection_plus_stereo_left
30.418197631835938,-46.314876556396484,-574.3961181640625,153.23383820942593,263.71363976153395,-51.20287961759749,355.00000009707696,221.00000130505492,1.0,1.0,0.6431372761726379,calibrated_uv_reprojection_plus_stereo_left
31.63384246826172,-46.299537658691406,-574.2064819335938,152.4463089510101,262.71737023925044,-51.02725459272591,356.00000064214333,220.99999904691393,1.0,1.0,0.6392157077789307,calibrated_uv_reprojection_plus_stereo_left
32.86598205566406,-46.30831527709961,-574.3159790039062,151.79022498912394,261.61143826698196,-51.08451104209195,357.0000011365757,220.99999945380947,1.0,1.0,0.6392157077789307,calibrated_uv_reprojection_plus_stereo_left
34.09793472290039,-46.315956115722656,-574.411376953125,151.12760637074967,260.5101617487614,-51.13077758688752,357.99999853712654,220.99999978865466,1.0,1.0,0.6392157077789307,calibrated_uv_reprojection_plus_stereo_left
35.33481216430664,-46.32926940917969,-574.5770874023438,150.49528561641546,259.382196410902,-51.231757996788815,359.0000016463657,220.9999976363328,1.0,1.0,0.6392157077789307,calibrated_uv_reprojection_plus_stereo_left
36.58034896850586,-46.35242462158203,-574.8649291992188,149.91552315170895,258.2077863069592,-51.42777850802793,359.99999950669763,221.000000154548,1.0,1.0,0.6431372761726379,calibrated_uv_reprojection_plus_stereo_left
37.813743591308594,-46.35895919799805,-574.9465942382812,149.24560764464024,257.1096322038555,-51.463302984229756,360.9999987020302,220.9999995557257,1.0,1.0,0.6431372761726379,calibrated_uv_reprojection_plus_stereo_left
39.04312515258789,-46.36009216308594,-574.9612426757812,148.54642709201272,256.0363219873831,-51.44666020926712,361.9999996718702,220.99999726707108,1.0,0.9960784316062927,0.6431372761726379,calibrated_uv_reprojection_plus_stereo_left
40.281829833984375,-46.371665954589844,-575.10546875,147.9029304468923,254.9136177175677,-51.5308495722233,362.9999989518562,221.00000086217423,1.0,0.9960784316062927,0.6470588445663452,calibrated_uv_reprojection_plus_stereo_left
41.514286041259766,-46.3753662109375,-575.1519775390625,147.2169921764975,253.82748249752626,-51.538981314953844,363.9999994712248,220.99999989883457,0.9647058844566345,0.9490196108818054,0.6313725709915161,calibrated_uv_reprojection_plus_stereo_left
42.75989532470703,-46.39291763305664,-575.3703002929688,146.60443911222217,252.67516247434457,-51.68079008986996,364.9999989512724,221.000000908624,0.7568627595901489,0.6705882549285889,0.3803921639919281,calibrated_uv_reprojection_plus_stereo_left
-29.421466827392578,-45.074073791503906,-574.0946655273438,186.56500353200482,316.3283892836,-52.960030644795495,306.00000187494425,222.0000028885458,1.0,0.9843137264251709,0.6784313917160034,calibrated_uv_reprojection_plus_stereo_left
-28.20218849182129,-45.06930923461914,-574.0357666015625,185.83700148259447,315.287285450578,-52.886251486459514,307.0000001252629,222.0000008557665,0.9843137264251709,0.9372549057006836,0.6274510025978088,calibrated_uv_reprojection_plus_stereo_left
-26.994892120361328,-45.084449768066406,-574.2304077148438,185.2349273617499,314.17602318756235,-53.01072689156672,308.0000005507338,221.9999996933175,0.9686274528503418,0.9333333373069763,0.6000000238418579,calibrated_uv_reprojection_plus_stereo_left
-25.773401260375977,-45.0765266418457,-574.1312866210938,184.48676824637465,313.1457788373516,-52.90548945824463,308.9999993417247,221.99999813322907,0.9960784316062927,0.9686274528503418,0.6352941393852234,calibrated_uv_reprojection_plus_stereo_left
-24.554019927978516,-45.07204055786133,-574.0759887695312,183.7603947688421,312.10344281680136,-52.83452208241556,309.99999885787906,221.9999995665359,0.9843137264251709,0.9529411792755127,0.6078431606292725,calibrated_uv_reprojection_plus_stereo_left
-23.33487319946289,-45.06791305541992,-574.0252685546875,183.03630480955962,311.05985630721545,-52.767135000089866,310.99999980398167,222.00000167561637,0.9176470637321472,0.8901960849761963,0.5529412031173706,calibrated_uv_reprojection_plus_stereo_left
-22.10771942138672,-45.04740905761719,-573.765869140625,182.20963847212636,310.0756241697202,-52.53661107384738,311.9999985160609,221.9999978084818,0.886274516582489,0.8235294222831726,0.4941176474094391,calibrated_uv_reprojection_plus_stereo_left
-20.887039184570312,-45.03888702392578,-573.6591796875,181.4583878064845,309.0484916113782,-52.42548471577561,312.999999398165,222.0000002114622,0.9607843160629272,0.9372549057006836,0.6039215922355652,calibrated_uv_reprojection_plus_stereo_left
-19.667560577392578,-45.03250503540039,-573.5797119140625,180.7206109843865,308.01375145513055,-52.33564080334901,314.0000003869991,222.0000003143514,1.0,1.0,0.6627451181411743,calibrated_uv_reprojection_plus_stereo_left
-18.447742462158203,-45.02491760253906,-573.48486328125,179.97541882063825,306.98360328746367,-52.233777671996506,314.99999945274914,221.99999868948683,1.0,1.0,0.658823549747467,calibrated_uv_reprojection_plus_stereo_left
-17.231712341308594,-45.02666091918945,-573.5089111328125,179.2882258191629,305.9189646029637,-52.22484518848387,316.00000067458825,222.00000029601418,1.0,1.0,0.6549019813537598,calibrated_uv_reprojection_plus_stereo_left
-16.0087890625,-45.009822845458984,-573.2962646484375,178.48593798747999,304.92355390927105,-52.03092805230415,316.9999997225036,222.0000005461303,1.0,1.0,0.6549019813537598,calibrated_uv_reprojection_plus_stereo_left
-14.787740707397461,-44.99650955200195,-573.1284790039062,177.7057928593386,303.91551527695526,-51.87208261289584,317.9999994748035,221.99999861526592,1.0,1.0,0.658823549747467,calibrated_uv_reprojection_plus_stereo_left
-13.565984725952148,-44.97909927368164,-572.9085693359375,176.90076362541043,302.9234283047325,-51.67252159332645,319.0000003815935,222.00000061306088,1.0,1.0,0.6627451181411743,calibrated_uv_reprojection_plus_stereo_left
-12.351932525634766,-44.98701477050781,-573.01123046875,176.25161871214004,301.8355258430189,-51.72502055627217,320.00000051634254,222.0000020303735,0.8196078538894653,0.7921568751335144,0.43921568989753723,calibrated_uv_reprojection_plus_stereo_left
-11.13729476928711,-44.99507141113281,-573.1156616210938,175.6029702011636,300.7465509709983,-51.7788871670179,321.00000044187,222.00000159761498,0.6745098233222961,0.5764706134796143,0.2705882489681244,calibrated_uv_reprojection_plus_stereo_left
-9.922408103942871,-45.00484848022461,-573.2420043945312,174.96446719756744,299.65039623571863,-51.84985803917465,322.00000063358004,222.00000097193717,0.6705882549285889,0.5647059082984924,0.25882354378700256,calibrated_uv_reprojection_plus_stereo_left
-8.706319808959961,-45.01213455200195,-573.3366088867188,174.31037230960408,298.56328295338693,-51.896017735145165,322.999999668301,221.99999966522122,0.7803921699523926,0.6274510025978088,0.3450980484485626,calibrated_uv_reprojection_plus_stereo_left
-7.48840856552124,-45.01199722290039,-573.336669921875,173.61083810572399,297.5046309366862,-51.86831048307931,324.00000010465425,221.99999904373396,0.9254902005195618,0.7843137383460999,0.5058823823928833,calibrated_uv_reprojection_plus_stereo_left
-6.269497394561768,-45.00600051879883,-573.2621459960938,172.87570639673083,296.4688140766246,-51.78234148270133,325.0000000745382,222.00000153404383,1.0,0.886274516582489,0.6117647290229797,calibrated_uv_reprojection_plus_stereo_left
-5.050699234008789,-44.999839782714844,-573.1854248046875,172.13961411373703,295.4337902386622,-51.69465494202785,325.9999998178455,221.99999708709242,1.0,0.8784313797950745,0.6000000238418579,calibrated_uv_reprojection_plus_stereo_left
-3.8320765495300293,-44.994075775146484,-573.1138305664062,171.4060256595651,294.39729199789497,-51.61097884425055,326.9999998187789,221.99999739450334,1.0,0.8941176533699036,0.6117647290229797,calibrated_uv_reprojection_plus_stereo_left
-2.6139166355133057,-44.99421691894531,-573.1174926757812,170.70803636568365,293.3372811641358,-51.58608004620771,327.99999998543854,222.00000022580127,1.0,0.9686274528503418,0.658823549747467,calibrated_uv_reprojection_plus_stereo_left
-1.3954377174377441,-44.99052810668945,-573.0723266601562,169.9869397784106,292.29250897111257,-51.52304395286967,329.0000000557972,222.00000022989008,1.0,1.0,0.6745098233222961,calibrated_uv_reprojection_plus_stereo_left
-0.17695032060146332,-44.98276901245117,-572.9752807617188,169.24148077978379,291.264215488354,-51.41949502392316,329.9999999822449,221.99999804429132,1.0,0.9803921580314636,0.6431372761726379,calibrated_uv_reprojection_plus_stereo_left
1.0414201021194458,-44.979793548583984,-572.9392700195312,168.52474126697797,290.2166303356188,-51.3636132354236,331.0000000165821,222.0000024954283,1.0,0.9450980424880981,0.6039215922355652,calibrated_uv_reprojection_plus_stereo_left
2.2606215476989746,-44.992740631103516,-573.10595703125,167.90270531646888,289.10390257933227,-51.46598760563893,331.99999997208863,221.9999992433864,1.0,0.7647058963775635,0.47843137383461,calibrated_uv_reprojection_plus_stereo_left
3.4798545837402344,-44.994529724121094,-573.130615234375,167.2139578594108,288.03628661966593,-51.45745964198113,332.9999999867068,222.0000022961924,0.9372549057006836,0.6352941393852234,0.3529411852359772,calibrated_uv_reprojection_plus_stereo_left
4.699254512786865,-44.995147705078125,-573.1402587890625,166.51807024382668,286.97329401381955,-51.43719949773322,334.00000017079935,221.99999906152462,1.0,0.8941176533699036,0.5882353186607361,calibrated_uv_reprojection_plus_stereo_left
5.918849945068359,-44.99553298950195,-573.14697265625,165.8206927746208,285.9110636160386,-51.41464857544884,335.00000021210235,221.99999801800374,1.0,0.9725490212440491,0.6627451181411743,calibrated_uv_reprojection_plus_stereo_left
7.142280578613281,-45.01874542236328,-573.4445190429688,165.25766529493984,284.7530764000324,-51.619114181849056,335.99999972879516,222.00000097442603,1.0,1.0,0.6509804129600525,calibrated_uv_reprojection_plus_stereo_left
8.362105369567871,-45.01472854614258,-573.3952026367188,164.53384536333624,283.7084541766675,-51.55280757967046,337.00000007570037,222.00000267480868,1.0,0.9529411792755127,0.6313725709915161,calibrated_uv_reprojection_plus_stereo_left
9.58173656463623,-45.009925842285156,-573.3358154296875,163.805411534411,282.6671987106208,-51.47863898043312,338.0000000401392,222.00000045742667,0.9686274528503418,0.7647058963775635,0.49803921580314636,calibrated_uv_reprojection_plus_stereo_left
10.80240535736084,-45.009727478027344,-573.3350830078125,163.10392200866636,281.6064012827718,-51.45024849150582,339.0000001602664,221.9999985415225,0.9333333373069763,0.7882353067398071,0.4941176474094391,calibrated_uv_reprojection_plus_stereo_left
12.022405624389648,-45.00634002685547,-573.2937622070312,162.38375678531628,280.55908485177633,-51.39018050241407,340.0000007660027,221.99999882248187,0.9960784316062927,0.9843137264251709,0.6509804129600525,calibrated_uv_reprojection_plus_stereo_left
13.243620872497559,-45.007057189941406,-573.3047485351562,161.6874525162488,279.49409009311796,-51.37093061044612,340.9999992838636,222.00000052502216,0.9686274528503418,0.8588235378265381,0.5490196347236633,calibrated_uv_reprojection_plus_stereo_left
14.464696884155273,-45.006614685058594,-573.3009033203125,160.98426772414706,278.4339278162357,-51.340100019310114,342.0000001818533,221.99999837665598,0.9803921580314636,0.8156862854957581,0.5215686559677124,calibrated_uv_reprojection_plus_stereo_left
15.686202049255371,-45.006919860839844,-573.306640625,160.2853324175191,277.37034911583373,-51.31674466455098,342.9999994992188,221.9999999696829,1.0,0.9529411792755127,0.6235294342041016,calibrated_uv_reprojection_plus_stereo_left
16.904603958129883,-44.9984016418457,-573.199951171875,159.5353930195128,276.34519546094293,-51.2056684040395,344.00000094598096,221.9999994628798,1.0,0.9843137264251709,0.6274510025978088,calibrated_uv_reprojection_plus_stereo_left
18.125389099121094,-44.9964714050293,-573.17724609375,158.8235146721076,275.29128253165555,-51.16012106516473,344.9999997523017,222.00000315497635,0.9960784316062927,0.9882352948188782,0.6392157077789307,calibrated_uv_reprojection_plus_stereo_left
19.346179962158203,-44.99435043334961,-573.1520385742188,158.11046225498046,274.2381575300074,-51.11261658133981,345.9999998446843,222.00000215620787,1.0,0.9725490212440491,0.6235294342041016,calibrated_uv_reprojection_plus_stereo_left
20.567663192749023,-44.99357223510742,-573.1439208984375,157.40503731526945,273.1789991516723,-51.078440604098205,347.00000086199805,222.0000001932567,1.0,0.9607843160629272,0.6117647290229797,calibrated_uv_reprojection_plus_stereo_left
21.797565460205078,-45.00986862182617,-573.3533325195312,156.7969129514828,272.0433938522982,-51.21393520784051,348.00000043958556,221.99999992328443,1.0,0.9725490212440491,0.6274510025978088,calibrated_uv_reprojection_plus_stereo_left
23.02199935913086,-45.013362884521484,-573.399658203125,156.11535528253427,270.96436942845196,-51.222205709992295,349.0000008104863,221.9999991032128,1.0,1.0,0.6470588445663452,calibrated_uv_reprojection_plus_stereo_left
24.24611473083496,-45.01555252075195,-573.4293823242188,155.42618456477163,269.89089831741364,-51.21752054217552,350.000001374879,221.99999936376634,1.0,1.0,0.658823549747467,calibrated_uv_reprojection_plus_stereo_left
25.470539093017578,-45.017738342285156,-573.4590454101562,154.7368084499447,268.8171776043687,-51.212780152034156,351.0000013133263,221.99999879493436,1.0,1.0,0.6549019813537598,calibrated_uv_reprojection_plus_stereo_left
26.713298797607422,-45.05031967163086,-573.8759155273438,154.2187077621473,267.604467269373,-51.509979463428465,352.0000004384762,221.99999898162474,1.0,1.0,0.6509804129600525,calibrated_uv_reprojection_plus_stereo_left
27.9353084564209,-45.04627227783203,-573.826171875,153.49343465256544,266.5580803391076,-51.44328776350892,353.0000005765913,221.99999799564281,1.0,1.0,0.6470588445663452,calibrated_uv_reprojection_plus_stereo_left
29.15801239013672,-45.0433349609375,-573.7905883789062,152.77441035081364,265.5065905269285,-51.387638215587856,354.0000015854592,221.9999982506332,1.0,1.0,0.6509804129600525,calibrated_uv_reprojection_plus_stereo_left
30.382017135620117,-45.04227828979492,-573.7789916992188,152.06589983503494,264.44634809325,-51.350690732542546,354.99999983260017,222.00000042087,1.0,1.0,0.6549019813537598,calibrated_uv_reprojection_plus_stereo_left
31.5981502532959,-45.029808044433594,-573.6219482421875,151.29362121157675,263.4391684236602,-51.20034596711184,356.0000012237776,221.99999920774457,1.0,1.0,0.6470588445663452,calibrated_uv_reprojection_plus_stereo_left
32.82914352416992,-45.03839111328125,-573.7330932617188,150.63873148832266,262.3338428631632,-51.25908184632357,357.0000016784165,221.99999774760494,1.0,1.0,0.6470588445663452,calibrated_uv_reprojection_plus_stereo_left
34.0615348815918,-45.04794692993164,-573.856689453125,149.98888161474258,261.22334703147715,-51.32751093134408,358.00000081189626,222.0000000455277,1.0,1.0,0.6392157077789307,calibrated_uv_reprojection_plus_stereo_left
35.292972564697266,-45.05537796020508,-573.9531860351562,149.32685719422273,260.1222911991667,-51.37479922207541,358.9999988831546,222.00000020173763,1.0,1.0,0.6392157077789307,calibrated_uv_reprojection_plus_stereo_left
36.53850173950195,-45.07945251464844,-574.26171875,148.75629650284264,258.9416031844145,-51.587338956742485,359.99999849427206,222.0000013446549,1.0,1.0,0.6470588445663452,calibrated_uv_reprojection_plus_stereo_left
37.770259857177734,-45.085296630859375,-574.3379516601562,148.08457640667353,257.84670688508663,-51.61879467983107,360.999999118065,221.99999825872783,1.0,1.0,0.6470588445663452,calibrated_uv_reprojection_plus_stereo_left
39.00387954711914,-45.09269332885742,-574.4340209960938,147.42109764996718,256.7438904069834,-51.665699897903664,362.0000018120887,221.99999885145144,1.0,1.0,0.6431372761726379,calibrated_uv_reprojection_plus_stereo_left
40.23440933227539,-45.09596252441406,-574.4775390625,146.73471736051522,255.6604611900483,-51.67164112926821,362.99999925965096,222.00000124479317,0.9960784316062927,0.9843137264251709,0.6470588445663452,calibrated_uv_reprojection_plus_stereo_left
41.47757339477539,-45.11256790161133,-574.69091796875,146.12083758766346,254.51206807160727,-51.80993190552971,363.9999985185759,222.00000172152858,0.9019607901573181,0.8039215803146362,0.4941176474094391,calibrated_uv_reprojection_plus_stereo_left
-28.17448616027832,-43.801246643066406,-573.3929443359375,184.62512163118112,315.96992443928355,-53.00917151420413,306.99999934586737,222.99999920431623,0.9647058844566345,0.8784313797950745,0.572549045085907,calibrated_uv_reprojection_plus_stereo_left
-26.965341567993164,-43.810672760009766,-573.5194702148438,183.98973405376393,314.87885366440463,-53.08060424561876,308.0000008241513,223.0000028255086,0.9960784316062927,0.929411768913269,0.6392157077789307,calibrated_uv_reprojection_plus_stereo_left
-25.747116088867188,-43.80587387084961,-573.459716796875,183.26195950606427,313.83892308461736,-53.00616507405181,308.9999999171973,223.00000252439338,0.9725490212440491,0.9372549057006836,0.6313725709915161,calibrated_uv_reprojection_plus_stereo_left
-24.5275936126709,-43.798641204833984,-573.3681030273438,182.51853004446917,312.8079622850719,-52.90678290770336,310.0000018221939,223.00000224791054,0.9450980424880981,0.8823529481887817,0.5411764979362488,calibrated_uv_reprojection_plus_stereo_left
-23.30925941467285,-43.793251037597656,-573.3005981445312,181.78706614355684,311.7703934525621,-52.82627952018106,311.0000007601851,223.00000128942847,0.9960784316062927,0.9607843160629272,0.6196078658103943,calibrated_uv_reprojection_plus_stereo_left
-22.08852195739746,-43.782894134521484,-573.1680908203125,181.0238011929822,310.7513367148832,-52.694892892810515,312.0000000978915,223.00000146381626,0.9803921580314636,0.9450980424880981,0.6000000238418579,calibrated_uv_reprojection_plus_stereo_left
-20.87158203125,-43.77971267700195,-573.1295166015625,180.3066761003028,309.7058116645312,-52.63704449226492,313.0000004284102,223.00000156148315,0.9882352948188782,0.9647058844566345,0.6274510025978088,calibrated_uv_reprojection_plus_stereo_left
-19.654905319213867,-43.77716064453125,-573.0991821289062,179.59355821779207,308.65790406822566,-52.58564521617234,313.9999999159563,223.00000164132578,1.0,1.0,0.6627451181411743,calibrated_uv_reprojection_plus_stereo_left
-18.437074661254883,-43.77200698852539,-573.0347290039062,178.8638141593098,307.6198043812431,-52.50753792916606,315.00000007784286,222.9999979555694,1.0,1.0,0.658823549747467,calibrated_uv_reprojection_plus_stereo_left
-17.216684341430664,-43.76011276245117,-572.8821411132812,178.09134876184504,306.6074147538373,-52.36045887702761,316.00000056770944,223.0000011150666,1.0,1.0,0.6549019813537598,calibrated_uv_reprojection_plus_stereo_left
-15.997262001037598,-43.74959945678711,-572.74755859375,177.32786950047205,305.59015800388966,-52.2274785006324,316.9999997219873,222.9999997720052,1.0,1.0,0.6509804129600525,calibrated_uv_reprojection_plus_stereo_left
-14.77626895904541,-43.73329162597656,-572.5371704101562,176.5280097662784,304.59556188334363,-52.03518758037711,318.00000006081734,223.00000186224872,1.0,1.0,0.6549019813537598,calibrated_uv_reprojection_plus_stereo_left
-13.556519508361816,-43.71870803833008,-572.3493041992188,175.73940689298814,303.5949075140217,-51.86053428325431,318.99999949583525,223.00000085225878,0.886274516582489,0.8235294222831726,0.48627451062202454,calibrated_uv_reprojection_plus_stereo_left
-12.342986106872559,-43.723976135253906,-572.4213256835938,175.07599581034032,302.51729300777913,-51.889243923064555,320.0000001127941,222.9999996456369,0.6274510025978088,0.5529412031173706,0.21960784494876862,calibrated_uv_reprojection_plus_stereo_left
-11.127748489379883,-43.72446823120117,-572.4308471679688,174.38235592900367,301.4580053506823,-51.86904330959925,321.0000001900273,223.00000001410672,0.7137255072593689,0.5647059082984924,0.34117648005485535,calibrated_uv_reprojection_plus_stereo_left
-9.912355422973633,-43.72526550292969,-572.4443359375,173.6904849417371,300.3973243758602,-51.851940293863606,321.9999999129864,222.99999858771207,0.7215686440467834,0.572549045085907,0.3529411852359772,calibrated_uv_reprojection_plus_stereo_left
-8.698114395141602,-43.73306655883789,-572.549560546875,173.0422034001362,299.3085733803493,-51.90659885534046,322.9999997508046,222.99999981544588,0.6784313917160034,0.5215686559677124,0.30980393290519714,calibrated_uv_reprojection_plus_stereo_left
-7.482768535614014,-43.738101959228516,-572.6185913085938,172.3763486912515,298.2303329345265,-51.93293064954179,324.00000007854,223.00000182520202,0.658823549747467,0.5058823823928833,0.27450981736183167,calibrated_uv_reprojection_plus_stereo_left
-6.265361309051514,-43.73208236694336,-572.5428466796875,171.64156111552387,297.1961812381749,-51.84600533198858,324.99999995653036,223.0000010730891,0.7137255072593689,0.5647059082984924,0.30588236451148987,calibrated_uv_reprojection_plus_stereo_left
-5.049131393432617,-43.735069274902344,-572.5850219726562,170.96263301715032,296.12568215159763,-51.85131563535708,325.9999998875688,223.00000069964753,0.8784313797950745,0.7098039388656616,0.4431372582912445,calibrated_uv_reprojection_plus_stereo_left
-3.832033157348633,-43.7322998046875,-572.5518188476562,170.2479318197619,295.07831657483484,-51.797662700004025,326.9999999614146,222.9999993410231,0.9921568632125854,0.843137264251709,0.572549045085907,calibrated_uv_reprojection_plus_stereo_left
-2.61531138420105,-43.73654556274414,-572.6104736328125,169.57643333012822,294.00216723313645,-51.81584798557651,327.99999987377817,222.99999877085736,1.0,0.8745098114013672,0.5921568870544434,calibrated_uv_reprojection_plus_stereo_left
-1.3978683948516846,-43.731807708740234,-572.551513671875,168.8494798080455,292.9626652084768,-51.742046922947736,328.9999999609493,222.99999823993076,1.0,0.8666666746139526,0.5803921818733215,calibrated_uv_reprojection_plus_stereo_left
-0.18047457933425903,-43.72292709350586,-572.4383544921875,168.09718846089817,291.94038385554666,-51.62586694259636,330.0000000014627,223.00000019671572,1.0,0.9176470637321472,0.5960784554481506,calibrated_uv_reprojection_plus_stereo_left
1.036690592765808,-43.7169189453125,-572.36279296875,167.36262372175884,290.9063855888104,-51.53909164242259,331.00000002369666,223.0000015702832,1.0,0.9607843160629272,0.6274510025978088,calibrated_uv_reprojection_plus_stereo_left
2.2541074752807617,-43.718448638916016,-572.3858642578125,166.67407518410687,289.8409082976971,-51.52943526563121,332.0000001554207,222.99999940636243,1.0,0.9372549057006836,0.6313725709915161,calibrated_uv_reprojection_plus_stereo_left
3.471848726272583,-43.72050476074219,-572.4158935546875,165.98859283800516,288.7729460026387,-51.525214939026625,332.99999984091,223.0000013174379,0.9921568632125854,0.9450980424880981,0.6392157077789307,calibrated_uv_reprojection_plus_stereo_left
4.6899261474609375,-43.722782135009766,-572.4487915039062,165.30426145679047,287.7037814745684,-51.52322899949684,333.9999997451385,223.00000141414074,0.95686274766922,0.7215686440467834,0.4431372582912445,calibrated_uv_reprojection_plus_stereo_left
5.908019065856934,-43.72277069091797,-572.45166015625,164.60587177344541,286.6441182948393,-51.49775853538,335.0000002467308,222.99999755008628,1.0,0.929411768913269,0.6392157077789307,calibrated_uv_reprojection_plus_stereo_left
7.130401134490967,-43.74786376953125,-572.7833251953125,164.05888049851723,285.47652907234624,-51.729300130228296,336.00000005513374,223.0000003730513,1.0,1.0,0.6549019813537598,calibrated_uv_reprojection_plus_stereo_left
8.349559783935547,-43.747703552246094,-572.7843017578125,163.35899018080448,284.41654087896967,-51.702327963761206,337.0000002121317,222.99999983357745,1.0,0.8941176533699036,0.5843137502670288,calibrated_uv_reprojection_plus_stereo_left
9.568355560302734,-43.745018005371094,-572.7522583007812,162.64385334781815,283.36733408541136,-51.649545444810826,338.0000001160359,223.0000020237306,0.9960784316062927,0.6392157077789307,0.4156862795352936,calibrated_uv_reprojection_plus_stereo_left
10.787930488586426,-43.74530029296875,-572.759033203125,161.94643715801578,282.30514659270943,-51.62709802516167,338.99999959824476,223.00000172401982,0.9960784316062927,0.8666666746139526,0.6000000238418579,calibrated_uv_reprojection_plus_stereo_left
12.00499439239502,-43.735652923583984,-572.6358032226562,161.18962420768463,281.2863426215191,-51.50304936386226,339.9999995826988,223.0000017178927,1.0,1.0,0.6627451181411743,calibrated_uv_reprojection_plus_stereo_left
13.22454833984375,-43.7353630065918,-572.6350708007812,160.4887077169011,280.2265520716775,-51.47473138097871,341.00000031969597,223.00000043271424,0.9921568632125854,0.886274516582489,0.572549045085907,calibrated_uv_reprojection_plus_stereo_left
14.444878578186035,-43.73687744140625,-572.657958984375,159.79839938649422,279.15860084827807,-51.46486591023995,341.9999998754158,222.99999885431797,0.9686274528503418,0.772549033164978,0.47843137383461,calibrated_uv_reprojection_plus_stereo_left
15.664881706237793,-43.7366828918457,-572.6585083007812,159.09782288831076,278.0980146795911,-51.437541232153364,343.0000005527859,222.99999957482575,0.9882352948188782,0.9176470637321472,0.6039215922355652,calibrated_uv_reprojection_plus_stereo_left
16.882343292236328,-43.72942352294922,-572.5665283203125,158.35540657043236,277.0689608812131,-51.33791914116949,344.00000060959275,222.9999985846206,0.8470588326454163,0.7490196228027344,0.4274509847164154,calibrated_uv_reprojection_plus_stereo_left
18.101511001586914,-43.726783752441406,-572.5350341796875,157.6403160035498,276.01925511413333,-51.285555704938076,345.0000011840178,222.9999975829601,0.9450980424880981,0.8392156958580017,0.5098039507865906,calibrated_uv_reprojection_plus_stereo_left
19.32063865661621,-43.723941802978516,-572.5009155273438,156.9240189739034,274.97041662779054,-51.231141804938204,345.9999997824159,222.99999799709053,0.9960784316062927,0.9607843160629272,0.6313725709915161,calibrated_uv_reprojection_plus_stereo_left
20.539573669433594,-43.72060012817383,-572.4602661132812,156.2047756864019,273.9238156852751,-51.17162598059224,346.9999999584804,222.99999918407252,1.0,0.9960784316062927,0.6509804129600525,calibrated_uv_reprojection_plus_stereo_left
21.761804580688477,-43.72385787963867,-572.5060424804688,155.5240832781007,272.84696061779067,-51.17961722314624,347.9999991611674,223.00000131074313,1.0,0.9803921580314636,0.6313725709915161,calibrated_uv_reprojection_plus_stereo_left
22.98607063293457,-43.73026657104492,-572.593017578125,154.86150508796487,271.7552781454814,-51.21977555678063,348.9999989831226,222.99999968968237,0.9960784316062927,0.9529411792755127,0.6039215922355652,calibrated_uv_reprojection_plus_stereo_left
24.208511352539062,-43.73236846923828,-572.6236572265625,154.173608800821,270.6830376692642,-51.21592555544203,349.9999988330697,223.00000154403722,1.0,0.9686274528503418,0.6196078658103943,calibrated_uv_reprojection_plus_stereo_left
25.434186935424805,-43.7394905090332,-572.719970703125,153.5145912861272,269.5871704075837,-51.2633538745373,351.000000483146,222.99999963306044,1.0,0.9921568632125854,0.6392157077789307,calibrated_uv_reprojection_plus_stereo_left
26.677228927612305,-43.774131774902344,-573.1766357421875,153.01423211215615,268.3620072097174,-51.592168000368304,352.00000071151635,222.99999862860582,1.0,1.0,0.6549019813537598,calibrated_uv_reprojection_plus_stereo_left
27.897724151611328,-43.77004623413086,-573.1262817382812,152.28954934978879,267.3171266644412,-51.525029281264665,353.0000000159094,223.00000171916838,1.0,1.0,0.6549019813537598,calibrated_uv_reprojection_plus_stereo_left
29.119731903076172,-43.76828384399414,-573.1062622070312,151.57819823898137,266.2613152437938,-51.48157314540356,353.99999963933465,222.99999949321835,1.0,1.0,0.6509804129600525,calibrated_uv_reprojection_plus_stereo_left
30.34455680847168,-43.77043533325195,-573.1375122070312,150.88922050198448,265.18680761356313,-51.47814441126917,355.00000124166405,222.99999853488546,1.0,1.0,0.6549019813537598,calibrated_uv_reprojection_plus_stereo_left
31.564456939697266,-43.765316009521484,-573.0736083984375,150.15853939143398,264.146738057956,-51.40042329919851,356.0000004257721,223.0000007756809,1.0,1.0,0.6470588445663452,calibrated_uv_reprojection_plus_stereo_left
32.792789459228516,-43.77157211303711,-573.1585693359375,149.49268413415547,263.05215854096843,-51.438913082802,357.00000142670604,222.9999974881933,1.0,1.0,0.6392157077789307,calibrated_uv_reprojection_plus_stereo_left
34.022216796875,-43.778526306152344,-573.2528076171875,148.8305339501036,261.95369151999853,-51.48463775959783,357.9999988007411,223.0000026336242,1.0,1.0,0.6431372761726379,calibrated_uv_reprojection_plus_stereo_left
35.25191879272461,-43.78509521484375,-573.3419189453125,148.16583137991637,260.85660796364687,-51.526343848162696,358.9999973517456,223.00000256865312,1.0,1.0,0.6470588445663452,calibrated_uv_reprojection_plus_stereo_left
36.49709701538086,-43.8095588684082,-573.6653442382812,147.60189200414334,259.67181412359764,-51.75092146582642,359.9999977800189,223.00000183845737,1.0,1.0,0.6392157077789307,calibrated_uv_reprojection_plus_stereo_left
37.7252082824707,-43.8123779296875,-573.705322265625,146.91511204956532,258.5916833183247,-51.75424213072,361.00000132805786,222.99999960652536,1.0,1.0,0.6392157077789307,calibrated_uv_reprojection_plus_stereo_left
38.95513916015625,-43.81684494018555,-573.7669677734375,146.23742174996204,257.5031068749522,-51.774467914959246,361.99999793902674,223.00000282159726,1.0,1.0,0.6470588445663452,calibrated_uv_reprojection_plus_stereo_left
40.1850700378418,-43.820823669433594,-573.8221435546875,145.55670809958696,256.41657837594613,-51.789631616003646,362.99999726875456,223.00000123287634,0.9725490212440491,0.9647058844566345,0.6352941393852234,calibrated_uv_reprojection_plus_stereo_left
41.44533157348633,-43.8564453125,-574.2916870117188,145.0524839345921,255.17236673662546,-52.12812437906342,364.0000002707725,223.00000019049446,0.7215686440467834,0.6078431606292725,0.33725491166114807,calibrated_uv_reprojection_plus_stereo_left
-26.93510627746582,-42.53883743286133,-572.7941284179688,182.73964045689252,315.58439867926296,-53.13763968219126,307.99999930052235,223.9999991878791,0.7529411911964417,0.6039215922355652,0.3176470696926117,calibrated_uv_reprojection_plus_stereo_left
-25.71630859375,-42.530601501464844,-572.6876220703125,181.9897564776474,314.55873224743164,-53.02655972588656,308.9999998898111,223.99999896028945,0.8823529481887817,0.7647058963775635,0.4588235318660736,calibrated_uv_reprojection_plus_stereo_left
-24.500146865844727,-42.52647399902344,-572.636474609375,181.2672048576543,313.51786243925017,-52.95888999390331,310.0000007779847,224.000001063373,0.929411768913269,0.8745098114013672,0.5215686559677124,calibrated_uv_reprojection_plus_stereo_left
-23.283336639404297,-42.52110290527344,-572.5685424804688,180.53645421917855,312.4817324117886,-52.87806077527216,311.00000089441187,224.0000007884434,0.9843137264251709,0.929411768913269,0.5882353186607361,calibrated_uv_reprojection_plus_stereo_left
-22.057851791381836,-42.498817443847656,-572.2728271484375,179.69448017550053,311.5100506842192,-52.61866760981775,312.0000003357854,223.99999926695347,0.9450980424880981,0.8901960849761963,0.5607843399047852,calibrated_uv_reprojection_plus_stereo_left
-20.844833374023438,-42.4997673034668,-572.2899780273438,179.00559339251134,310.4503257864137,-52.6045477804617,312.99999955835244,223.9999971180346,0.9450980424880981,0.8941176533699036,0.5529412031173706,calibrated_uv_reprojection_plus_stereo_left
-19.630868911743164,-42.49921798706055,-572.2870483398438,178.30679148840068,309.3961281357115,-52.57468638144246,313.99999939897975,224.00000145212,0.9843137264251709,0.9411764740943909,0.5921568870544434,calibrated_uv_reprojection_plus_stereo_left
-18.417095184326172,-42.499515533447266,-572.29541015625,177.61337181669427,308.338524240012,-52.553666844544125,315.0000002646433,223.99999888987148,0.9960784316062927,0.9843137264251709,0.6313725709915161,calibrated_uv_reprojection_plus_stereo_left
-17.206680297851562,-42.50864791870117,-572.4227905273438,176.97739094722266,307.2462265738626,-52.62592315612159,316.0000006973331,223.9999992312721,1.0,1.0,0.6549019813537598,calibrated_uv_reprojection_plus_stereo_left
-15.987543106079102,-42.496517181396484,-572.2638549804688,176.2028570489935,306.236835464707,-52.47378155634328,317.0000002280947,224.00000039942944,1.0,1.0,0.6549019813537598,calibrated_uv_reprojection_plus_stereo_left
-14.767402648925781,-42.4800910949707,-572.0470581054688,175.40076047963288,305.24485830495723,-52.27630806349367,317.9999999553736,224.00000050817115,1.0,1.0,0.6627451181411743,calibrated_uv_reprojection_plus_stereo_left
-13.548150062561035,-42.464141845703125,-571.836669921875,174.60216363062136,304.25162714025316,-52.083872697891195,318.9999999995979,224.00000001240284,0.7960784435272217,0.7176470756530762,0.4000000059604645,calibrated_uv_reprojection_plus_stereo_left
-12.329458236694336,-42.44768142700195,-571.619384765625,173.80067269707638,303.2610627516492,-51.886048966499345,319.99999992105506,223.99999885828737,0.7215686440467834,0.6392157077789307,0.3294117748737335,calibrated_uv_reprojection_plus_stereo_left
-11.120525360107422,-42.46566390991211,-571.865966796875,173.2211393708007,302.1323812911867,-52.05168077003276,321.0000000610155,224.0000003213283,0.8156862854957581,0.6745098233222961,0.4901960790157318,calibrated_uv_reprojection_plus_stereo_left
-9.907925605773926,-42.47320556640625,-571.971923828125,172.57391161232096,301.0449550088354,-52.107111556481584,321.999999982036,224.00000016673457,0.8156862854957581,0.6745098233222961,0.4901960790157318,calibrated_uv_reprojection_plus_stereo_left
-8.694974899291992,-42.48213195800781,-572.0964965820312,171.9351667102656,299.9513393306666,-52.17711014228894,322.99999972406033,223.9999979082155,0.7921568751335144,0.6352941393852234,0.4588235318660736,calibrated_uv_reprojection_plus_stereo_left
-7.474120140075684,-42.45021438598633,-571.6710815429688,171.03535710606212,299.0246732815959,-51.816261905728936,323.999999555788,223.99999867516485,0.7647058963775635,0.6039215922355652,0.42352941632270813,calibrated_uv_reprojection_plus_stereo_left
-6.259939670562744,-42.452552795410156,-571.7069702148438,170.35454043694563,297.9580175117536,-51.81678962717382,324.9999996356981,223.99999855954314,0.729411780834198,0.5647059082984924,0.3764705955982208,calibrated_uv_reprojection_plus_stereo_left
-5.045544147491455,-42.45591354370117,-571.7566528320312,169.68003253012796,296.88681615284383,-51.828114791975054,325.9999998854206,223.9999999596949,0.6823529601097107,0.5137255191802979,0.3019607961177826,calibrated_uv_reprojection_plus_stereo_left
-3.8304085731506348,-42.45545196533203,-571.7548217773438,168.98107498523757,295.8312507378552,-51.799083756004336,326.9999998431329,223.99999896726848,0.658823549747467,0.48235294222831726,0.24705882370471954,calibrated_uv_reprojection_plus_stereo_left
-2.614837169647217,-42.45077896118164,-571.6962890625,168.2554199320668,294.7932269270603,-51.72564299557058,327.99999988631583,223.9999988376041,0.7372549176216125,0.5843137502670288,0.2980392277240753,calibrated_uv_reprojection_plus_stereo_left
-1.399501085281372,-42.4512825012207,-571.70751953125,167.5624358087568,293.7333612098969,-51.70683766758111,329.00000003243446,224.00000169621518,0.8901960849761963,0.7490196228027344,0.4313725531101227,calibrated_uv_reprojection_plus_stereo_left
-0.18391209840774536,-42.44691848754883,-571.6531372070312,166.83870704687172,292.6940100911231,-51.63664606107693,330.000000005563,224.00000089484462,0.9843137264251709,0.8823529481887817,0.572549045085907,calibrated_uv_reprojection_plus_stereo_left
1.0315654277801514,-42.439903259277344,-571.5630493164062,166.09838880171918,291.66604022739364,-51.53849766246458,330.9999999737429,224.00000009739244,1.0,0.8941176533699036,0.5882353186607361,calibrated_uv_reprojection_plus_stereo_left
2.2470550537109375,-42.43687057495117,-571.526611328125,165.383085763086,290.6211048066977,-51.48236023903013,332.0000000027689,224.0000002131689,1.0,0.8823529481887817,0.572549045085907,calibrated_uv_reprojection_plus_stereo_left
3.4631378650665283,-42.44075012207031,-571.583251953125,164.71085570682368,289.54623684949775,-51.499094232231414,332.99999997979614,223.99999947422393,1.0,0.9215686321258545,0.6117647290229797,calibrated_uv_reprojection_plus_stereo_left
4.679826736450195,-42.446266174316406,-571.6619262695312,164.04855469237822,288.46387836071176,-51.53306768386989,334.0000002282095,223.99999823911222,0.9960784316062927,0.95686274766922,0.6196078658103943,calibrated_uv_reprojection_plus_stereo_left
5.897039890289307,-42.45181655883789,-571.7411499023438,163.38620404425905,287.38089318822034,-51.567462616343505,334.9999999986639,224.00000219485523,1.0,0.9215686321258545,0.5882353186607361,calibrated_uv_reprojection_plus_stereo_left
7.115607261657715,-42.46234130859375,-571.8872680664062,162.75428141518978,286.2755865164669,-51.65420479536169,335.9999999319657,223.99999988703507,0.9921568632125854,0.800000011920929,0.5137255191802979,calibrated_uv_reprojection_plus_stereo_left
8.333076477050781,-42.463157653808594,-571.9027099609375,162.06203654395318,285.212535519926,-51.63864844561414,336.99999933967183,224.0000021935771,0.9725490212440491,0.7098039388656616,0.43529412150382996,calibrated_uv_reprojection_plus_stereo_left
9.550141334533691,-42.4610595703125,-571.8788452148438,161.35169388453983,284.16225674384793,-51.59232002142153,338.0000001098475,224.0000011380508,1.0,0.7019608020782471,0.47058823704719543,calibrated_uv_reprojection_plus_stereo_left
10.767593383789062,-42.460166931152344,-571.8712158203125,160.64870116814467,283.10651041047083,-51.55869591910198,338.9999996027767,224.00000006002026,1.0,0.9372549057006836,0.6666666865348816,calibrated_uv_reprojection_plus_stereo_left
11.985075950622559,-42.45883560180664,-571.8577270507812,159.94295538610265,282.05259083589624,-51.52048477950484,340.000000007718,224.00000194476513,0.9607843160629272,0.9411764740943909,0.6000000238418579,calibrated_uv_reprojection_plus_stereo_left
13.203492164611816,-42.460105895996094,-571.8792114257812,159.25298880692145,280.98680480233315,-51.509635658864454,340.9999994928512,223.99999970660147,0.9411764740943909,0.7568627595901489,0.45098039507865906,calibrated_uv_reprojection_plus_stereo_left
14.421773910522461,-42.46015930175781,-571.8843383789062,158.55546846013704,279.9263062026172,-51.485982077136725,342.0000003930941,223.99999939023658,0.9843137264251709,0.6823529601097107,0.4156862795352936,calibrated_uv_reprojection_plus_stereo_left
15.640847206115723,-42.4618034362793,-571.910888671875,157.8674856162724,278.85834891459274,-51.47908601269194,343.00000044914503,223.99999891154621,1.0,0.7137255072593689,0.47843137383461,calibrated_uv_reprojection_plus_stereo_left
16.855623245239258,-42.45186996459961,-571.7815551757812,157.10926256528734,277.8433937108871,-51.350224410362955,344.0000005450546,224.00000167466428,0.9960784316062927,0.6078431606292725,0.3843137323856354,calibrated_uv_reprojection_plus_stereo_left
18.07528305053711,-42.45427322387695,-571.8182983398438,156.42569863408823,276.77170429809087,-51.3512953271985,345.0000009152052,223.99999919787606,1.0,0.9098039269447327,0.5921568870544434,calibrated_uv_reprojection_plus_stereo_left
19.293447494506836,-42.452632904052734,-571.8006591796875,155.71762485366054,275.7185040128628,-51.30981905177356,345.9999996776383,224.00000159830162,0.9764705896377563,0.8980392217636108,0.5568627715110779,calibrated_uv_reprojection_plus_stereo_left
20.512554168701172,-42.45271682739258,-571.8062133789062,155.01982912910483,274.6571538005875,-51.286481797276906,346.99999878315367,224.00000209042003,0.9803921580314636,0.8196078538894653,0.5098039507865906,calibrated_uv_reprojection_plus_stereo_left
21.735197067260742,-42.45929718017578,-571.8992309570312,154.36079799712024,273.5650869266707,-51.331551103764866,348.00000070857595,224.0000001390918,1.0,0.843137264251709,0.5333333611488342,calibrated_uv_reprojection_plus_stereo_left
22.959667205810547,-42.46818542480469,-572.0233764648438,153.71523338171846,272.4615954519063,-51.40095522679502,348.99999942550073,224.0000006128718,1.0,0.9215686321258545,0.5921568870544434,calibrated_uv_reprojection_plus_stereo_left
24.18195343017578,-42.471981048583984,-572.0789184570312,153.03892650473375,271.38168324625485,-51.41668839750298,349.9999992187908,224.0000004319458,1.0,0.9843137264251709,0.6509804129600525,calibrated_uv_reprojection_plus_stereo_left
25.404863357543945,-42.476112365722656,-572.1389770507812,152.3643682644693,270.29980131695015,-51.43594388667276,350.9999998199527,223.9999998486174,0.9921568632125854,0.9647058844566345,0.6117647290229797,calibrated_uv_reprojection_plus_stereo_left
26.623001098632812,-42.471927642822266,-572.0870361328125,151.64031296786163,269.25746388782943,-51.36760681535179,351.9999990820576,224.00000011976044,0.9725490212440491,0.9450980424880981,0.5921568870544434,calibrated_uv_reprojection_plus_stereo_left
27.84540557861328,-42.47430419921875,-572.1234741210938,150.9550274362973,268.18348673303444,-51.36837812765975,352.9999996685243,224.00000035647025,0.9921568632125854,0.9725490212440491,0.6196078658103943,calibrated_uv_reprojection_plus_stereo_left
29.070377349853516,-42.47993469238281,-572.2037353515625,150.28870713571126,267.0934280563331,-51.40340670345432,354.00000025362624,224.00000007890418,1.0,1.0,0.6509804129600525,calibrated_uv_reprojection_plus_stereo_left
30.294532775878906,-42.483680725097656,-572.2586059570312,149.61101380656964,266.01210309052647,-51.41857129981827,355.0000006503969,223.9999992717412,1.0,1.0,0.6549019813537598,calibrated_uv_reprojection_plus_stereo_left
31.52924919128418,-42.5010986328125,-572.4976196289062,149.0131408511669,264.86340180104077,-51.57768889404326,356.0000009640598,223.9999971791561,1.0,1.0,0.6509804129600525,calibrated_uv_reprojection_plus_stereo_left
32.75804901123047,-42.50926971435547,-572.6121215820312,148.36059097541414,263.7591948734937,-51.63944324695575,357.00000158807813,223.99999760155183,1.0,1.0,0.6431372761726379,calibrated_uv_reprojection_plus_stereo_left
33.987308502197266,-42.517173767089844,-572.7230834960938,147.7061229254782,262.65570888257207,-51.69841720383624,357.99999820917714,224.00000133862068,1.0,1.0,0.6470588445663452,calibrated_uv_reprojection_plus_stereo_left
35.21843338012695,-42.52653121948242,-572.8535766601562,147.05969549257128,261.54442742087065,-51.77264091129808,358.99999885973887,224.0000020843806,1.0,1.0,0.6470588445663452,calibrated_uv_reprojection_plus_stereo_left
36.465091705322266,-42.55315399169922,-573.216552734375,146.51278199021198,260.3461682465057,-52.02855453438673,360.00000015188255,223.9999971165356,1.0,1.0,0.6470588445663452,calibrated_uv_reprojection_plus_stereo_left
37.693538665771484,-42.557247161865234,-573.2761840820312,145.83483978762058,259.25961082858123,-52.04735225197322,360.9999991508257,224.00000057141796,1.0,1.0,0.6470588445663452,calibrated_uv_reprojection_plus_stereo_left
38.92066955566406,-42.55942153930664,-573.3099365234375,145.14558522620223,258.1823750391286,-52.04591407013652,361.9999980642406,224.00000203294445,0.9960784316062927,0.9960784316062927,0.6705882549285889,calibrated_uv_reprojection_plus_stereo_left
40.147220611572266,-42.560630798339844,-573.3306274414062,144.4505750927122,257.1097692860286,-52.0342588474511,363.00000056452984,223.99999974753499,0.9058823585510254,0.8745098114013672,0.5490196347236633,calibrated_uv_reprojection_plus_stereo_left
-25.685224533081055,-41.25815963745117,-571.9096069335938,180.71703466930558,315.278822692809,-53.04063212427087,309.00000014235485,225.00000002671115,0.9098039269447327,0.7568627595901489,0.4588235318660736,calibrated_uv_reprojection_plus_stereo_left
-24.468963623046875,-41.25111389160156,-571.8177490234375,179.97551506446104,314.2506896145145,-52.94102796747961,309.9999994775836,225.00000092615386,0.9215686321258545,0.8470588326454163,0.5098039507865906,calibrated_uv_reprojection_plus_stereo_left
-23.2548828125,-41.24757385253906,-571.7744750976562,179.25783292838963,313.209139163362,-52.87956971760531,311.0000003519299,225.00000116052112,0.9529411792755127,0.8784313797950745,0.5372549295425415,calibrated_uv_reprojection_plus_stereo_left
-22.035919189453125,-41.23489761352539,-571.6045532226562,178.47847302259902,312.2032595247256,-52.71869037219932,312.0000015603791,225.0000013634756,0.9921568632125854,0.9254902005195618,0.5803921818733215,calibrated_uv_reprojection_plus_stereo_left
-20.824602127075195,-41.23629379272461,-571.6296997070312,177.79418436707977,311.14254744583667,-52.71094610556867,313.0000002930311,225.00000126455367,0.9921568632125854,0.9607843160629272,0.6196078658103943,calibrated_uv_reprojection_plus_stereo_left
-19.6131534576416,-41.2380256652832,-571.6594848632812,177.11197724275684,310.08025856772156,-52.70683564513797,313.9999994706651,225.0000002007977,0.9960784316062927,0.9882352948188782,0.6627451181411743,calibrated_uv_reprojection_plus_stereo_left
-18.40045928955078,-41.23766326904297,-571.6602783203125,176.4155756523317,309.026025427278,-52.6799646837589,315.00000060237477,225.00000143963788,1.0,0.9960784316062927,0.6627451181411743,calibrated_uv_reprojection_plus_stereo_left
-17.188684463500977,-41.23995590209961,-571.6978149414062,175.73678571734325,307.9610093714378,-52.681924180547924,316.0000003806821,224.9999988992265,1.0,1.0,0.6470588445663452,calibrated_uv_reprojection_plus_stereo_left
-15.973210334777832,-41.233577728271484,-571.615234375,175.00002939634516,306.93063699621894,-52.58961358710059,316.99999997647325,225.00000130727568,1.0,1.0,0.6549019813537598,calibrated_uv_reprojection_plus_stereo_left
-14.755362510681152,-41.22010803222656,-571.434326171875,174.21620252921747,305.9291901959635,-52.42014540619772,318.0000008165799,225.00000270138744,1.0,1.0,0.6627451181411743,calibrated_uv_reprojection_plus_stereo_left
-13.537837028503418,-41.205841064453125,-571.2423095703125,173.42739993029778,304.93152292022864,-52.241971976003526,319.00000055308544,225.0000009528333,0.9529411792755127,0.9019607901573181,0.5843137502670288,calibrated_uv_reprojection_plus_stereo_left
-12.319535255432129,-41.18686294555664,-570.9849853515625,172.6077926571121,303.95376364243987,-52.012570570026014,319.9999992924922,224.9999996437862,0.7019608020782471,0.6431372761726379,0.3333333432674408,calibrated_uv_reprojection_plus_stereo_left
-11.109688758850098,-41.19587326049805,-571.11572265625,171.97343124695857,302.8610523631759,-52.087659286424696,321.0000001736245,225.00000133155655,0.8392156958580017,0.7019608020782471,0.5176470875740051,calibrated_uv_reprojection_plus_stereo_left
-9.89955997467041,-41.206783294677734,-571.272705078125,171.35111273751107,301.7598214439488,-52.18331805326926,321.99999949939166,224.999997359389,0.8509804010391235,0.7098039388656616,0.529411792755127,calibrated_uv_reprojection_plus_stereo_left
-8.688238143920898,-41.216068267822266,-571.4072875976562,170.7176895087739,300.6646169446774,-52.261389643277994,323.00000037094065,225.00000083409086,0.8549019694328308,0.6980392336845398,0.5215686559677124,calibrated_uv_reprojection_plus_stereo_left
-7.470081806182861,-41.191829681396484,-571.0770263671875,169.86426109638,299.70997099099463,-51.97479827716131,323.9999999054822,224.99999943880073,0.843137264251709,0.686274528503418,0.5058823823928833,calibrated_uv_reprojection_plus_stereo_left
-6.2568745613098145,-41.19214630126953,-571.0872192382812,169.171934951281,298.65232906742074,-51.955285543565424,324.99999975004914,224.9999996446084,0.8274509906768799,0.6705882549285889,0.48627451062202454,calibrated_uv_reprojection_plus_stereo_left
-5.043882369995117,-41.19607925415039,-571.1475219726562,168.5030274541599,297.57908048482074,-51.97507003477614,325.99999982509286,224.9999981571473,0.7921568751335144,0.6313725709915161,0.4470588266849518,calibrated_uv_reprojection_plus_stereo_left
-3.830044746398926,-41.19565200805664,-571.1473999023438,167.8055444517036,296.5241414262368,-51.947454432612005,326.9999999034406,224.99999809760783,0.7568627595901489,0.5921568870544434,0.40784314274787903,calibrated_uv_reprojection_plus_stereo_left
-2.6160194873809814,-41.19515609741211,-571.1463623046875,167.1075261728397,295.46932888743254,-51.9191179888046,327.99999997624724,225.00000015112732,0.7058823704719543,0.5411764979362488,0.3450980484485626,calibrated_uv_reprojection_plus_stereo_left
-1.401733636856079,-41.19227981567383,-571.1123046875,166.39400976704957,294.42469597437923,-51.86488247802146,328.9999999978177,225.00000112913642,0.6392157077789307,0.47843137383461,0.27450981736183167,calibrated_uv_reprojection_plus_stereo_left
-0.18740591406822205,-41.18882369995117,-571.0701904296875,165.67672510543957,293.38256529096174,-51.804327789794684,330.00000001451053,225.00000106154468,0.6000000238418579,0.45490196347236633,0.1882352977991104,calibrated_uv_reprojection_plus_stereo_left
1.0269160270690918,-41.184940338134766,-571.0220947265625,164.95666635025822,292.34232303659905,-51.73908077066392,331.0000000221666,224.99999756376158,0.7098039388656616,0.5686274766921997,0.2823529541492462,calibrated_uv_reprojection_plus_stereo_left
2.2413954734802246,-41.184322357177734,-571.0193481445312,164.25759368020783,291.2876538024446,-51.70939324546072,332.0000000162985,224.99999850779255,0.9607843160629272,0.7647058963775635,0.4941176474094391,calibrated_uv_reprojection_plus_stereo_left
3.456261396408081,-41.186256408691406,-571.052001953125,163.57475401749264,290.2214922747755,-51.70745657131732,332.999999814169,225.0000003631771,0.9882352948188782,0.8470588326454163,0.5803921818733215,calibrated_uv_reprojection_plus_stereo_left
4.671465873718262,-41.188323974609375,-571.0864868164062,162.89257214937004,289.15445877623586,-51.706947230055334,333.99999997702577,225.00000093000097,0.9960784316062927,0.8470588326454163,0.572549045085907,calibrated_uv_reprojection_plus_stereo_left
5.887459754943848,-41.193603515625,-571.1654663085938,162.2306222899379,288.0727149180219,-51.7413086732563,334.9999999413732,224.99999898972467,1.0,0.8823529481887817,0.6039215922355652,calibrated_uv_reprojection_plus_stereo_left
7.103715896606445,-41.19738006591797,-571.2236938476562,161.55887067833288,286.99728588656035,-51.759394788825375,335.99999982052367,225.00000211224048,1.0,0.95686274766922,0.6431372761726379,calibrated_uv_reprojection_plus_stereo_left
8.319621086120605,-41.19728469848633,-571.2281494140625,160.86232942594376,285.93910615519786,-51.73532059611017,336.9999996643735,225.00000005630946,1.0,0.9411764740943909,0.6274510025978088,calibrated_uv_reprojection_plus_stereo_left
9.535612106323242,-41.196678161621094,-571.2255249023438,160.16244732694958,284.8830833971567,-51.70569289787693,338.00000002850385,224.99999839975,1.0,0.8784313797950745,0.5607843399047852,calibrated_uv_reprojection_plus_stereo_left
10.751023292541504,-41.19318389892578,-571.1829223632812,159.44431129274608,283.84016599009794,-51.64473207525771,338.99999987833206,225.00000043426508,0.9960784316062927,0.8941176533699036,0.5803921818733215,calibrated_uv_reprojection_plus_stereo_left
11.966190338134766,-41.1888427734375,-571.1285400390625,158.72084166385144,282.80117220670286,-51.574538351378806,339.99999939621455,225.0000002673502,0.9137254953384399,0.7921568751335144,0.48627451062202454,calibrated_uv_reprojection_plus_stereo_left
13.182412147521973,-41.18794250488281,-571.121826171875,158.01892697548885,281.74623713846427,-51.541698107279444,341.0000002315511,224.99999754586995,0.9137254953384399,0.7843137383460999,0.47058823704719543,calibrated_uv_reprojection_plus_stereo_left
14.398890495300293,-41.18732833862305,-571.119140625,157.3187342573463,280.68981132979764,-51.51201307162722,342.00000027488016,224.9999984053933,1.0,0.9490196108818054,0.6313725709915161,calibrated_uv_reprojection_plus_stereo_left
15.616033554077148,-41.188011169433594,-571.1344604492188,156.62652837591884,279.62713378351714,-51.49643252019081,342.9999997073187,225.00000043351636,1.0,0.6745098233222961,0.43529412150382996,calibrated_uv_reprojection_plus_stereo_left
16.83182144165039,-41.18476486206055,-571.0952758789062,155.90976589344808,278.58281111748533,-51.438142538085,344.0000002107058,225.0000011829728,1.0,0.6901960968971252,0.48235294222831726,calibrated_uv_reprojection_plus_stereo_left
18.050025939941406,-41.18699645996094,-571.1320190429688,155.2269116999937,277.5124575915361,-51.43933489406828,345.00000014995067,224.9999999526749,1.0,0.8745098114013672,0.5803921818733215,calibrated_uv_reprojection_plus_stereo_left
19.268835067749023,-41.189788818359375,-571.1765747070312,154.54733990557628,276.4391174008664,-51.44664096641907,345.99999987392954,225.00000078765714,0.9411764740943909,0.7882353067398071,0.4745098054409027,calibrated_uv_reprojection_plus_stereo_left
20.486631393432617,-41.18979263305664,-571.1824340820312,153.85036359663587,275.3788521918909,-51.423625415592085,346.99999991518064,224.99999989736997,0.9960784316062927,0.9921568632125854,0.6509804129600525,calibrated_uv_reprojection_plus_stereo_left
21.705053329467773,-41.19058609008789,-571.1992797851562,153.1581329678802,274.314581823907,-51.40921186023979,347.99999859219787,225.0000010923883,1.0,0.9960784316062927,0.6627451181411743,calibrated_uv_reprojection_plus_stereo_left
22.92700958251953,-41.197265625,-571.2977294921875,152.50180642851524,273.2215205740775,-51.45870675646188,348.99999949835154,225.0000010037785,0.9647058844566345,0.8196078538894653,0.5254902243614197,calibrated_uv_reprojection_plus_stereo_left
24.14850616455078,-41.20213317871094,-571.3710327148438,151.8340558019832,272.1367834038905,-51.48849277691545,349.99999899161116,224.99999962985942,0.9647058844566345,0.8470588326454163,0.5411764979362488,calibrated_uv_reprojection_plus_stereo_left
25.3682861328125,-41.20339584350586,-571.3944091796875,151.14407972547303,271.06927504873363,-51.47917019572532,351.0000003741724,225.00000194040882,1.0,0.9882352948188782,0.6509804129600525,calibrated_uv_reprojection_plus_stereo_left
26.588743209838867,-41.20527648925781,-571.42626953125,150.4576629762144,269.99850179971656,-51.47648162056555,351.9999997352473,224.99999906864102,1.0,0.9803921580314636,0.6431372761726379,calibrated_uv_reprojection_plus_stereo_left
27.809755325317383,-41.207496643066406,-571.462890625,149.7731376575245,268.9257472631692,-51.47751546084669,353.00000098962613,224.99999921282435,0.9960784316062927,0.9725490212440491,0.6235294342041016,calibrated_uv_reprojection_plus_stereo_left
29.033084869384766,-41.2125244140625,-571.5384521484375,149.10538215785544,267.8387061266742,-51.50903180426138,354.0000004995642,224.99999950832444,0.9960784316062927,0.9647058844566345,0.615686297416687,calibrated_uv_reprojection_plus_stereo_left
30.25568389892578,-41.21586227416992,-571.5906372070312,148.42717680544314,266.75966897078325,-51.522236286043835,354.9999992852344,225.00000318729263,1.0,0.9803921580314636,0.6274510025978088,calibrated_uv_reprojection_plus_stereo_left
31.49064064025879,-41.2348518371582,-571.8598022460938,147.84273886076903,265.60150504832677,-51.70530122913385,355.9999990332299,225.00000180879465,1.0,0.9960784316062927,0.6352941393852234,calibrated_uv_reprojection_plus_stereo_left
32.72412872314453,-41.25030517578125,-572.0799560546875,147.23636057844374,264.4600647760279,-51.849968459457216,356.9999989781017,225.00000188168303,1.0,1.0,0.6470588445663452,calibrated_uv_reprojection_plus_stereo_left
33.952999114990234,-41.2587776184082,-572.2032470703125,146.58761155759117,263.353163751929,-51.9187839428331,358.00000238319217,224.99999884322304,1.0,1.0,0.6470588445663452,calibrated_uv_reprojection_plus_stereo_left
35.183074951171875,-41.26782989501953,-572.3346557617188,145.9419395857243,262.24265882637917,-51.99394022579446,359.0000010899516,225.00000010293132,1.0,1.0,0.6470588445663452,calibrated_uv_reprojection_plus_stereo_left
36.43289566040039,-41.29841613769531,-572.7647094726562,145.42374872248809,261.02087125292684,-52.3028294700685,360.0000009320088,225.00000067910236,1.0,1.0,0.658823549747467,calibrated_uv_reprojection_plus_stereo_left
37.66444396972656,-41.30674743652344,-572.8861083984375,144.7725787752684,259.9122406448883,-52.37010249499696,360.99999830627854,225.00000071717176,1.0,1.0,0.6627451181411743,calibrated_uv_reprojection_plus_stereo_left
38.893882751464844,-41.31208419799805,-572.9659423828125,144.1033013483535,258.81854208146035,-52.404829048674856,362.0000016253603,224.99999860256526,0.9882352948188782,0.9843137264251709,0.6666666865348816,calibrated_uv_reprojection_plus_stereo_left
-24.438913345336914,-39.98109436035156,-571.0258178710938,178.69943401310314,314.9746507598748,-52.94245176666902,310.0000005068268,225.99999841545858,0.9843137264251709,0.9411764740943909,0.6039215922355652,calibrated_uv_reprojection_plus_stereo_left
-23.22554588317871,-39.97590255737305,-570.958984375,177.9712447604797,313.94112588447774,-52.86251129998965,311.000000663666,226.0000010684094,0.8901960849761963,0.8117647171020508,0.4627451002597809,calibrated_uv_reprojection_plus_stereo_left
-22.014156341552734,-39.974124908447266,-570.9408569335938,177.26675991042111,312.8940108283863,-52.82085939761578,312.0000010041874,226.00000043734474,0.8196078538894653,0.7411764860153198,0.3764705955982208,calibrated_uv_reprojection_plus_stereo_left
-20.803421020507812,-39.97380447387695,-570.9435424804688,176.57229344271485,311.8409231338804,-52.79556541720609,312.999999475872,225.9999997517371,0.772549033164978,0.6901960968971252,0.34117648005485535,calibrated_uv_reprojection_plus_stereo_left
-19.592966079711914,-39.974456787109375,-570.9601440429688,175.88443413156352,310.78370613968565,-52.78120592039994,313.9999999660047,226.0000002755275,0.8392156958580017,0.7529411911964417,0.4156862795352936,calibrated_uv_reprojection_plus_stereo_left
-18.382827758789062,-39.97635269165039,-570.9944458007812,175.20496032941992,309.721199582042,-52.780750156360796,314.99999996566146,225.9999971106505,0.9411764740943909,0.8745098114013672,0.545098066329956,calibrated_uv_reprojection_plus_stereo_left
-17.17266845703125,-39.97895812988281,-571.0390014648438,174.53021895103814,308.65545553981474,-52.78834989349855,316.0000002902256,226.00000071493042,0.9803921580314636,0.9529411792755127,0.6274510025978088,calibrated_uv_reprojection_plus_stereo_left
-15.958422660827637,-39.97226333618164,-570.95068359375,173.79157245568,307.6279189910832,-52.691518559244116,317.00000063213355,226.0000023386703,1.0,0.9960784316062927,0.658823549747467,calibrated_uv_reprojection_plus_stereo_left
-14.745528221130371,-39.96871566772461,-570.9072265625,173.0744906431537,306.5874552206112,-52.62994097021641,317.9999998701296,225.99999870750378,1.0,1.0,0.6549019813537598,calibrated_uv_reprojection_plus_stereo_left
-13.52988052368164,-39.95703125,-570.7476196289062,172.30201201683298,305.5811048596507,-52.47709847393844,318.9999997945868,225.99999944438218,1.0,1.0,0.6901960968971252,calibrated_uv_reprojection_plus_stereo_left
-12.310463905334473,-39.9315185546875,-570.3905029296875,171.43586281384898,304.633553680535,-52.16907919934772,319.9999999649474,226.0000012971896,0.9450980424880981,0.9098039269447327,0.5921568870544434,calibrated_uv_reprojection_plus_stereo_left
-11.100068092346191,-39.93366622924805,-570.428466796875,170.75793438563096,303.56967423696517,-52.1714955276924,321.00000024866625,226.00000181081995,0.8352941274642944,0.7176470756530762,0.4941176474094391,calibrated_uv_reprojection_plus_stereo_left
-9.8914155960083,-39.94424819946289,-570.5868530273438,170.13680101654586,302.469461334595,-52.26850936596492,322.0000001402802,225.99999885607815,0.8313725590705872,0.7098039388656616,0.4901960790157318,calibrated_uv_reprojection_plus_stereo_left
-8.681055068969727,-39.950904846191406,-570.689208984375,169.48872613431598,301.3853744803653,-52.321488774452746,322.99999951633225,225.99999803217298,0.8627451062202454,0.7254902124404907,0.5372549295425415,calibrated_uv_reprojection_plus_stereo_left
-7.467043399810791,-39.941341400146484,-570.5599365234375,168.73123893625922,300.3709136107226,-52.19250466711219,323.9999999516564,226.00000130503017,0.8588235378265381,0.7215686440467834,0.5372549295425415,calibrated_uv_reprojection_plus_stereo_left
-6.255273342132568,-39.94375991821289,-570.6017456054688,168.0543039448242,299.304630395105,-52.197908138560535,324.99999995417124,225.99999995314673,0.8470588326454163,0.7098039388656616,0.5254902243614197,calibrated_uv_reprojection_plus_stereo_left
-5.043355941772461,-39.947872161865234,-570.6677856445312,167.38850848110434,298.2306046855771,-52.222336543995084,326.0000000429862,226.00000052758764,0.8352941274642944,0.686274528503418,0.5137255191802979,calibrated_uv_reprojection_plus_stereo_left
-3.8306519985198975,-39.94862365722656,-570.685791015625,166.70000858724683,297.1709911320592,-52.209027512228715,326.99999983837074,225.9999995153432,0.8196078538894653,0.658823549747467,0.49803921580314636,calibrated_uv_reprojection_plus_stereo_left
-2.6174845695495605,-39.94628143310547,-570.6596069335938,165.99076967599257,296.12486294680537,-52.16100892754457,327.99999999010697,225.9999987831084,0.8039215803146362,0.6431372761726379,0.47058823704719543,calibrated_uv_reprojection_plus_stereo_left
-1.4041529893875122,-39.94132614135742,-570.5961303710938,165.26415738239416,295.09031359968947,-52.08370448563903,329.000000015851,226.00000018459522,0.772549033164978,0.615686297416687,0.4313725531101227,calibrated_uv_reprojection_plus_stereo_left
-0.1909112185239792,-39.937156677246094,-570.5438232421875,164.54277425859874,294.0523303008364,-52.015170711302005,329.9999999959179,225.99999833254154,0.7254902124404907,0.572549045085907,0.37254902720451355,calibrated_uv_reprojection_plus_stereo_left
1.0223157405853271,-39.93391036987305,-570.5047607421875,163.827532821619,293.01019892912655,-51.95703948746706,330.999999983839,225.9999997353331,0.6470588445663452,0.4941176474094391,0.29411765933036804,calibrated_uv_reprojection_plus_stereo_left
2.23573899269104,-39.93385314941406,-570.51123046875,163.13327458550265,291.953586084694,-51.934656431358405,332.00000002606316,225.99999949619706,0.5921568870544434,0.4274509847164154,0.16470588743686676,calibrated_uv_reprojection_plus_stereo_left
3.449315309524536,-39.9331169128418,-570.508056640625,162.43445777459544,290.89987264555793,-51.90469943908943,332.9999999669613,226.0000024860573,0.6078431606292725,0.4431372582912445,0.16862745583057404,calibrated_uv_reprojection_plus_stereo_left
4.66343879699707,-39.935611724853516,-570.5509643554688,161.7566797216242,289.83119863702365,-51.91091213806794,333.99999989455,226.00000082061746,0.8196078538894653,0.6509804129600525,0.3529411852359772,calibrated_uv_reprojection_plus_stereo_left
5.877795219421387,-39.93719482421875,-570.5808715820312,161.07274367328398,288.766408693834,-51.90691191131896,334.99999998363734,226.0000004759154,0.9607843160629272,0.8039215803146362,0.5058823823928833,calibrated_uv_reprojection_plus_stereo_left
7.091847896575928,-39.9353141784668,-570.561279296875,160.36605037564027,287.71743922625285,-51.864049144756166,336.000000150717,225.99999930222202,0.9764705896377563,0.8392156958580017,0.5647059082984924,calibrated_uv_reprojection_plus_stereo_left
8.306082725524902,-39.9338264465332,-570.5473022460938,159.66185383185683,286.6665467001958,-51.82559158496184,337.0000000190346,225.99999818315592,0.9921568632125854,0.8745098114013672,0.5882353186607361,calibrated_uv_reprojection_plus_stereo_left
9.520211219787598,-39.931365966796875,-570.5194702148438,158.9512973651864,285.6201022133289,-51.77625849951738,338.00000002966095,225.99999950815186,1.0,0.9411764740943909,0.6274510025978088,calibrated_uv_reprojection_plus_stereo_left
10.734517097473145,-39.9293212890625,-570.49755859375,158.24338289607448,284.57164227122996,-51.73156958125401,339.00000024783316,225.9999996323486,1.0,0.9803921580314636,0.658823549747467,calibrated_uv_reprojection_plus_stereo_left
11.94766616821289,-39.92311096191406,-570.4161376953125,157.5085627866082,283.5428907646825,-51.64017820248512,339.9999993878356,226.00000024249982,0.9725490212440491,0.9450980424880981,0.6078431606292725,calibrated_uv_reprojection_plus_stereo_left
13.162134170532227,-39.921390533447266,-570.3988647460938,156.80270391817902,282.49283221773953,-51.599128272261794,340.99999951798327,226.00000068080874,0.9725490212440491,0.8823529481887817,0.5647059082984924,calibrated_uv_reprojection_plus_stereo_left
14.37864875793457,-39.925045013427734,-570.4583740234375,156.13124216474165,281.4168630915317,-51.61832375423381,342.0000000685961,226.00000017454886,1.0,0.8313725590705872,0.5372549295425415,calibrated_uv_reprojection_plus_stereo_left
15.594001770019531,-39.92460632324219,-570.4594116210938,155.43335810521785,280.3602805076787,-51.591631723213595,342.99999969315974,226.00000028005758,0.9921568632125854,0.658823549747467,0.40392157435417175,calibrated_uv_reprojection_plus_stereo_left
16.8101749420166,-39.92566680908203,-570.4818725585938,154.74492788574742,279.2962521442496,-51.58174358882752,343.99999934987454,226.00000044768035,0.9960784316062927,0.8117647171020508,0.5764706134796143,calibrated_uv_reprojection_plus_stereo_left
18.02728843688965,-39.92818832397461,-570.525146484375,154.06560308784304,278.22486348269933,-51.58817498314187,345.00000103509416,225.99999686923076,0.9960784316062927,0.7529411911964417,0.4901960790157318,calibrated_uv_reprojection_plus_stereo_left
19.245014190673828,-39.93121337890625,-570.5757446289062,153.38931317191958,277.1506444914436,-51.600348339602874,345.99999964389707,226.00000060316214,1.0,0.8901960849761963,0.615686297416687,calibrated_uv_reprojection_plus_stereo_left
20.46327781677246,-39.93450927734375,-570.630126953125,152.71447189027361,276.07476617929376,-51.61547782740513,346.99999977713264,225.99999924827682,1.0,0.9960784316062927,0.6549019813537598,calibrated_uv_reprojection_plus_stereo_left
21.6783390045166,-39.93113708496094,-570.5892333984375,151.99733041052787,275.0316148994924,-51.55586570558023,348.00000060504914,225.99999813386228,1.0,0.9921568632125854,0.6509804129600525,calibrated_uv_reprojection_plus_stereo_left
22.897123336791992,-39.93423843383789,-570.6409301757812,151.32094107900264,273.9561306881167,-51.56887787549016,348.99999950888713,226.00000200054976,1.0,0.7098039388656616,0.45098039507865906,calibrated_uv_reprojection_plus_stereo_left
24.116443634033203,-39.93756103515625,-570.6956787109375,150.64566338659444,272.8792183102845,-51.584270233221446,349.9999998535486,225.99999940135785,0.9843137264251709,0.7333333492279053,0.46666666865348816,calibrated_uv_reprojection_plus_stereo_left
25.335216522216797,-39.93935775756836,-570.7286987304688,149.96062990411718,271.80961273430086,-51.582615570513894,350.99999922656764,226.0000010387098,0.9921568632125854,0.8039215803146362,0.5137255191802979,calibrated_uv_reprojection_plus_stereo_left
26.554821014404297,-39.941917419433594,-570.7725830078125,149.28015390947752,270.73586879323454,-51.589471670640364,351.9999989430761,226.0000003650704,0.9803921580314636,0.7450980544090271,0.45098039507865906,calibrated_uv_reprojection_plus_stereo_left
27.77396583557129,-39.94327926635742,-570.79931640625,148.59199810828454,269.6679135563636,-51.582869356363176,353.0000008669054,225.99999761712652,0.9960784316062927,0.8588235378265381,0.5568627715110779,calibrated_uv_reprojection_plus_stereo_left
28.995990753173828,-39.94819641113281,-570.876953125,147.92576537143742,268.58145987902907,-51.616176486805955,353.99999916766626,226.00000032349988,0.9882352948188782,0.9176470637321472,0.5960784554481506,calibrated_uv_reprojection_plus_stereo_left
30.218015670776367,-39.952430725097656,-570.9447631835938,147.25498374672145,267.4980924936181,-51.64176477232314,355.0000004828772,225.99999890485765,0.9960784316062927,0.9686274528503418,0.6352941393852234,calibrated_uv_reprojection_plus_stereo_left
31.44989585876465,-39.96858596801758,-571.1829833984375,146.6574856144128,266.35260412934144,-51.80094425024811,355.99999996177013,226.00000023095652,0.9882352948188782,0.9803921580314636,0.6274510025978088,calibrated_uv_reprojection_plus_stereo_left
32.67709732055664,-39.97754669189453,-571.318359375,146.01503125667375,265.24350332214897,-51.87947116898857,357.0000004453149,225.99999956017217,0.9921568632125854,0.9921568632125854,0.6274510025978088,calibrated_uv_reprojection_plus_stereo_left
33.90876770019531,-39.99087905883789,-571.5162353515625,145.39896346554934,264.1108764139999,-52.0069750210933,357.9999987441822,226.0000000131064,1.0,1.0,0.6431372761726379,calibrated_uv_reprojection_plus_stereo_left
35.14277648925781,-40.00569534301758,-571.7353515625,144.79139094510504,262.96954251525904,-52.15110555251971,358.9999989556946,226.0000020068535,1.0,1.0,0.6470588445663452,calibrated_uv_reprojection_plus_stereo_left
36.393348693847656,-40.03750228881836,-572.1972045898438,144.28676256641478,261.73752245970184,-52.48546405193514,360.0000017637604,225.99999869068557,1.0,1.0,0.6509804129600525,calibrated_uv_reprojection_plus_stereo_left
37.62724685668945,-40.04926300048828,-572.3726196289062,143.65900987555813,260.610017889916,-52.595279526718514,361.0000023573259,225.99999790733813,1.0,1.0,0.658823549747467,calibrated_uv_reprojection_plus_stereo_left
38.860111236572266,-40.05899429321289,-572.5191040039062,143.01844449454023,259.49250618504334,-52.68240338647388,361.99999852803836,226.00000102134973,0.9450980424880981,0.8784313797950745,0.5686274766921997,calibrated_uv_reprojection_plus_stereo_left
-23.199546813964844,-38.7132682800293,-570.2257690429688,176.72709786729376,314.6488036572604,-52.90845097572219,310.9999998190324,226.99999849326448,0.9921568632125854,0.9215686321258545,0.5960784554481506,calibrated_uv_reprojection_plus_stereo_left
-21.989627838134766,-38.7113037109375,-570.2056884765625,176.02251585060952,313.6036014697313,-52.865324797737514,312.00000089266916,226.99999934485493,1.0,0.95686274766922,0.6352941393852234,calibrated_uv_reprojection_plus_stereo_left
-20.782184600830078,-38.71413040161133,-570.2561645507812,175.351935338151,312.5384374336219,-52.877734759396674,313.00000007217125,226.99999913459163,1.0,0.9411764740943909,0.6196078658103943,calibrated_uv_reprojection_plus_stereo_left
-19.572677612304688,-38.713661193847656,-570.2581176757812,174.65776338904078,311.48668791261684,-52.85194381040981,314.00000016458716,227.00000022546678,0.929411768913269,0.8549019694328308,0.5372549295425415,calibrated_uv_reprojection_plus_stereo_left
-18.363086700439453,-38.71342086791992,-570.2633666992188,173.9650688514713,310.43383034458816,-52.82873994625419,314.9999990999171,226.99999700190904,0.7254902124404907,0.6705882549285889,0.3294117748737335,calibrated_uv_reprojection_plus_stereo_left
-17.156911849975586,-38.721351623535156,-570.3890991210938,173.3299618951512,309.3461845755518,-52.90035715439444,316.00000014567905,227.00000032561178,0.8549019694328308,0.8078431487083435,0.4588235318660736,calibrated_uv_reprojection_plus_stereo_left
-15.945652961730957,-38.71867752075195,-570.3585815429688,172.61979046188054,308.30308914990513,-52.84899401449292,317.00000023911275,227.00000158815791,0.9843137264251709,0.9803921580314636,0.6509804129600525,calibrated_uv_reprojection_plus_stereo_left
-14.734282493591309,-38.71585464477539,-570.3258056640625,171.908515536013,307.2606026401636,-52.79585024186696,317.99999987350253,226.9999990927924,1.0,1.0,0.6705882549285889,calibrated_uv_reprojection_plus_stereo_left
-13.522570610046387,-38.71217727661133,-570.280517578125,171.19126344879612,306.221742930177,-52.73286264475291,318.99999995138535,227.00000081111904,1.0,1.0,0.6823529601097107,calibrated_uv_reprojection_plus_stereo_left
-12.302989959716797,-38.68373107910156,-569.8703002929688,170.30099450368715,305.29041454680464,-52.382740547559365,319.99999934900495,226.99999992362658,1.0,1.0,0.6901960968971252,calibrated_uv_reprojection_plus_stereo_left
-11.092793464660645,-38.68257522583008,-569.8621215820312,169.6017491777098,304.241240622952,-52.34896634917055,320.9999991559908,226.99999989707962,0.9882352948188782,0.9764705896377563,0.7058823704719543,calibrated_uv_reprojection_plus_stereo_left
-9.884124755859375,-38.687984466552734,-569.95068359375,168.94804837577152,303.16307593467303,-52.39129767968751,322.00000005536134,227.00000114691076,0.9019607901573181,0.8274509906768799,0.572549045085907,calibrated_uv_reprojection_plus_stereo_left
-8.674908638000488,-38.69344711303711,-570.0399780273438,168.29437408327863,302.0842043306673,-52.43419052990322,323.000000106624,226.99999912280163,0.8509804010391235,0.7215686440467834,0.5215686559677124,calibrated_uv_reprojection_plus_stereo_left
-7.464298725128174,-38.69459915161133,-570.0657958984375,167.6105888000543,301.02401608381433,-52.427139183756196,324.00000003066754,226.99999850430714,0.8470588326454163,0.7137255072593689,0.5215686559677124,calibrated_uv_reprojection_plus_stereo_left
-6.253949165344238,-38.69917297363281,-570.14208984375,166.9502561500463,299.94823631858935,-52.459786774391205,325.0000000631073,227.00000135323057,0.8509804010391235,0.7137255072593689,0.529411792755127,calibrated_uv_reprojection_plus_stereo_left
-5.042972087860107,-38.70283126831055,-570.204833984375,166.28330983552718,298.8761559694042,-52.48176328572322,325.99999999265845,227.00000055453685,0.8549019694328308,0.7098039388656616,0.529411792755127,calibrated_uv_reprojection_plus_stereo_left
-3.8314154148101807,-38.70518493652344,-570.2483520507812,165.60715367508618,297.8095972584905,-52.48860836232842,327.000000007487,226.99999930044208,0.8588235378265381,0.7058823704719543,0.529411792755127,calibrated_uv_reprojection_plus_stereo_left
-2.6191132068634033,-38.70196533203125,-570.2097778320312,164.89266405670588,296.76811936926316,-52.430885525619146,327.99999984672684,226.99999905517552,0.843137264251709,0.6980392336845398,0.5137255191802979,calibrated_uv_reprojection_plus_stereo_left
-1.4066755771636963,-38.69557189941406,-570.1244506835938,164.15650914671,295.7411766956015,-52.33639666411932,328.9999999741007,226.99999930159345,0.8274509906768799,0.6901960968971252,0.49803921580314636,calibrated_uv_reprojection_plus_stereo_left
-0.19442519545555115,-38.69077682495117,-570.0626831054688,163.43133935618357,294.7070133433633,-52.26043803300843,330.00000000411177,227.00000016205303,0.8196078538894653,0.6705882549285889,0.4901960790157318,calibrated_uv_reprojection_plus_stereo_left
1.0177135467529297,-38.68473815917969,-569.9826049804688,162.69777861576455,293.6786860208938,-52.1700842349303,331.00000002403425,227.00000175902784,0.7843137383460999,0.6274510025978088,0.45490196347236633,calibrated_uv_reprojection_plus_stereo_left
2.2301523685455322,-38.68663024902344,-570.019287109375,162.01796125034974,292.6135019283848,-52.171532622569885,332.00000011331224,226.99999817875968,0.7254902124404907,0.572549045085907,0.37254902720451355,calibrated_uv_reprojection_plus_stereo_left
3.442674398422241,-38.68563461303711,-570.0134887695312,161.31847844070148,291.5615610216365,-52.13957773628994,333.00000013023805,226.99999830588752,0.686274528503418,0.529411792755127,0.3333333432674408,calibrated_uv_reprojection_plus_stereo_left
4.655205726623535,-38.68339157104492,-569.9893188476562,160.61050728459918,290.51537001080425,-52.09317675751305,334.0000002697599,226.9999988494301,0.6392157077789307,0.48235294222831726,0.2549019753932953,calibrated_uv_reprojection_plus_stereo_left
5.868130207061768,-38.68320846557617,-569.9954833984375,159.9163173571245,289.45932977539354,-52.07061915852057,335.0000002498448,226.99999831876195,0.6117647290229797,0.45490196347236633,0.2235294133424759,calibrated_uv_reprojection_plus_stereo_left
7.080027103424072,-38.67626190185547,-569.9020385742188,159.1767232572837,288.43540217240115,-51.96976059154798,335.9999999962461,227.0000005811928,0.7176470756530762,0.5490196347236633,0.27843138575553894,calibrated_uv_reprojection_plus_stereo_left
8.292695045471191,-38.673912048339844,-569.8762817382812,158.46794157981543,287.38958938746066,-51.922108192625956,336.99999963504627,227.00000033185503,0.8549019694328308,0.6941176652908325,0.42352941632270813,calibrated_uv_reprojection_plus_stereo_left
9.505708694458008,-38.672664642333984,-569.8667602539062,157.7664580348217,286.3383876076839,-51.88721397565587,337.99999973277096,226.99999949652894,0.9411764740943909,0.8235294222831726,0.545098066329956,calibrated_uv_reprojection_plus_stereo_left
10.718404769897461,-38.66975402832031,-569.832763671875,157.05385458016724,285.2951333828255,-51.83308254881746,338.9999992684247,227.0000004898575,0.9686274528503418,0.8588235378265381,0.5647059082984924,calibrated_uv_reprojection_plus_stereo_left
11.929615020751953,-38.66189956665039,-569.7258911132812,156.30845743430933,284.27600956883583,-51.72167925418495,339.9999995107117,227.0000001852108,0.9921568632125854,0.9098039269447327,0.6000000238418579,calibrated_uv_reprojection_plus_stereo_left
13.143375396728516,-38.6623420715332,-569.7412719726562,155.6180429172963,283.2163542300964,-51.706349577042204,341.00000056936244,226.99999923733372,1.0,0.9529411792755127,0.6313725709915161,calibrated_uv_reprojection_plus_stereo_left
14.357330322265625,-38.66263961791992,-569.7545166015625,154.9265303376044,282.15719927144454,-51.689335655589616,342.00000059469875,226.99999818576765,1.0,0.929411768913269,0.5960784554481506,calibrated_uv_reprojection_plus_stereo_left
15.571160316467285,-38.662025451660156,-569.75439453125,154.22891445200668,281.10234397633945,-51.66181625358644,343.000000455271,227.00000089651863,1.0,0.8627451062202454,0.5529412031173706,calibrated_uv_reprojection_plus_stereo_left
16.787240982055664,-38.66617965698242,-569.824462890625,153.56241800196295,280.0235322769479,-51.68943602458717,343.9999996059524,226.99999899191235,1.0,0.8823529481887817,0.5843137502670288,calibrated_uv_reprojection_plus_stereo_left
18.006864547729492,-38.676902770996094,-569.9913940429688,152.93860701076534,278.9112856148363,-51.793143749103876,344.99999874473053,226.99999997144494,0.9803921580314636,0.7960784435272217,0.501960813999176,calibrated_uv_reprojection_plus_stereo_left
19.223600387573242,-38.68000793457031,-570.0460205078125,152.264603643599,277.83674438632306,-51.80860661846043,346.00000084355923,226.99999861235005,0.9960784316062927,0.9411764740943909,0.6470588445663452,calibrated_uv_reprojection_plus_stereo_left
20.441314697265625,-38.68417739868164,-570.1163940429688,151.5973058780893,276.756419218871,-51.83643183338444,347.0000001221075,227.0000005327424,1.0,1.0,0.6509804129600525,calibrated_uv_reprojection_plus_stereo_left
21.653669357299805,-38.67790985107422,-570.0328979492188,150.8620452454797,275.7289741399269,-51.74338385554586,348.0000000543519,226.999999487306,0.9686274528503418,0.95686274766922,0.5882353186607361,calibrated_uv_reprojection_plus_stereo_left
22.870248794555664,-38.679073333740234,-570.0589599609375,150.17494056700866,274.6635223765812,-51.7363907210235,349.0000007912362,227.00000065053513,1.0,0.5686274766921997,0.3686274588108063,calibrated_uv_reprojection_plus_stereo_left
24.086952209472656,-38.67996597290039,-570.0809936523438,149.48590658946625,273.5992242867894,-51.726225844839576,350.000000265778,226.99999965320785,1.0,0.7607843279838562,0.5490196347236633,calibrated_uv_reprojection_plus_stereo_left
25.30325698852539,-38.6798210144043,-570.0877685546875,148.7900547307073,272.54005573070407,-51.70407263210899,350.99999977238946,227.00000044043503,1.0,0.6823529601097107,0.45098039507865906,calibrated_uv_reprojection_plus_stereo_left
26.522968292236328,-38.68433380126953,-570.1631469726562,148.1239236255123,271.4564245781236,-51.735785843455744,352.000000638663,226.99999855025578,1.0,0.800000011920929,0.5372549295425415,calibrated_uv_reprojection_plus_stereo_left
27.74165153503418,-38.686702728271484,-570.20703125,147.4438366474257,270.38356015527006,-51.74276097865953,352.99999974071244,227.00000228461636,0.9686274528503418,0.9372549057006836,0.6000000238418579,calibrated_uv_reprojection_plus_stereo_left
28.960540771484375,-38.6888542175293,-570.2476196289062,146.76211415956288,269.31154704154136,-51.747136525616895,353.99999991824905,227.0000007844942,0.929411768913269,0.7490196228027344,0.4470588266849518,calibrated_uv_reprojection_plus_stereo_left
30.181222915649414,-38.69284439086914,-570.3153076171875,146.09187413943232,268.22948246810665,-51.772780669632255,355.00000068821464,226.999999039157,0.9725490212440491,0.7529411911964417,0.501960813999176,calibrated_uv_reprojection_plus_stereo_left
31.40799331665039,-38.70375442504883,-570.4850463867188,145.46525232930168,267.11014486618063,-51.8785346805189,355.99999819371453,227.00000008891726,1.0,0.9529411792755127,0.6470588445663452,calibrated_uv_reprojection_plus_stereo_left
32.63547897338867,-38.71442794799805,-570.6512451171875,144.83658797072837,265.9912934363693,-51.98148677785798,357.0000022598224,226.99999775957127,1.0,1.0,0.6549019813537598,calibrated_uv_reprojection_plus_stereo_left
33.86735916137695,-38.72910690307617,-570.8765869140625,144.232701303142,264.8500897500885,-52.13084893347576,357.9999990043566,227.00000075750455,1.0,1.0,0.6470588445663452,calibrated_uv_reprojection_plus_stereo_left
35.10116195678711,-38.74463653564453,-571.1144409179688,143.63348874483836,263.7032927955799,-52.290005142877476,359.0000006500005,227.00000176759514,1.0,1.0,0.6470588445663452,calibrated_uv_reprojection_plus_stereo_left
36.34901428222656,-38.77387619018555,-571.5543823242188,143.11951206792725,262.4809499914294,-52.60775089565038,359.9999990912181,227.0000018417496,1.0,1.0,0.6627451181411743,calibrated_uv_reprojection_plus_stereo_left
37.581573486328125,-38.78519821166992,-571.7301635742188,142.49235703900422,261.35468584201743,-52.71812306259221,361.0000023557443,226.99999898956972,0.9921568632125854,0.9921568632125854,0.6666666865348816,calibrated_uv_reprojection_plus_stereo_left
38.81129455566406,-38.79275131225586,-571.8504638671875,141.8412125140528,260.24827826355636,-52.784935423955005,361.99999797433327,227.0000000639358,0.7372549176216125,0.6431372761726379,0.364705890417099,calibrated_uv_reprojection_plus_stereo_left
-21.970983505249023,-37.46163558959961,-569.623291015625,174.85423412644496,314.2692786973044,-53.02862279023793,311.9999996068518,227.9999993224156,1.0,0.9686274528503418,0.6313725709915161,calibrated_uv_reprojection_plus_stereo_left
-20.760297775268555,-37.456199645996094,-569.5511474609375,174.12521860254594,313.23970119816624,-52.94450841043306,312.99999928151,227.99999943312793,1.0,1.0,0.6666666865348816,calibrated_uv_reprojection_plus_stereo_left
-19.552536010742188,-37.45613098144531,-569.5606079101562,173.43543524386456,312.18716087467885,-52.9247165674995,313.99999942836723,227.99999899172812,1.0,1.0,0.6705882549285889,calibrated_uv_reprojection_plus_stereo_left
-18.346227645874023,-37.4594841003418,-569.6221313476562,172.7704433225312,311.1196132052214,-52.945954091718534,314.9999998806061,228.00000008253426,0.9647058844566345,0.9686274528503418,0.6274510025978088,calibrated_uv_reprojection_plus_stereo_left
-17.138774871826172,-37.4613037109375,-569.6603393554688,172.094064754842,310.0583577471871,-52.94880668816967,315.99999941767413,228.00000118463848,0.9882352948188782,0.9882352948188782,0.658823549747467,calibrated_uv_reprojection_plus_stereo_left
-15.929732322692871,-37.460201263427734,-569.6541137695312,171.39632583230724,309.0096074527347,-52.91663532246298,317.0000006465028,228.00000222532645,1.0,1.0,0.6745098233222961,calibrated_uv_reprojection_plus_stereo_left
-14.718011856079102,-37.45267868041992,-569.5502319335938,170.6521112124804,307.98904962541565,-52.80750585042921,317.9999999488082,228.00000188997427,1.0,1.0,0.6745098233222961,calibrated_uv_reprojection_plus_stereo_left
-13.508017539978027,-37.4492301940918,-569.50830078125,169.93739629026152,306.9506304272726,-52.74719662216171,319.00000019357105,228.00000134741452,1.0,1.0,0.6823529601097107,calibrated_uv_reprojection_plus_stereo_left
-12.291350364685059,-37.425479888916016,-569.1575927734375,169.076759972542,306.002912972634,-52.44359758708572,320.0000000350967,227.999999078916,1.0,1.0,0.6784313917160034,calibrated_uv_reprojection_plus_stereo_left
-11.082688331604004,-37.424346923828125,-569.1509399414062,168.37904119743018,304.95462797741135,-52.41109973982037,321.00000040035405,228.00000230773594,1.0,1.0,0.6941176652908325,calibrated_uv_reprojection_plus_stereo_left
-9.873380661010742,-37.421356201171875,-569.115966796875,167.66792267831534,303.9146309514399,-52.35628493708754,322.0000003272606,228.00000182560703,1.0,0.9882352948188782,0.6980392336845398,calibrated_uv_reprojection_plus_stereo_left
-8.664663314819336,-37.42106628417969,-569.1220092773438,166.97602023381484,302.86232675715087,-52.33377809447171,322.9999998785738,227.99999807523113,0.9647058844566345,0.8980392217636108,0.6431372761726379,calibrated_uv_reprojection_plus_stereo_left
-7.456210136413574,-37.42314529418945,-569.1641845703125,166.30089167804704,301.7989623780103,-52.339732498887656,323.99999973488013,227.99999988151595,0.8588235378265381,0.7607843279838562,0.5254902243614197,calibrated_uv_reprojection_plus_stereo_left
-6.247663497924805,-37.426841735839844,-569.2308959960938,165.63700326610797,300.72784672854243,-52.365002872393404,324.9999998595582,227.9999980585365,0.8509804010391235,0.7176470756530762,0.5254902243614197,calibrated_uv_reprojection_plus_stereo_left
-5.0385026931762695,-37.429439544677734,-569.2809448242188,164.9650922821857,299.66140604865416,-52.37714031857939,325.99999991710797,227.9999985677867,0.8549019694328308,0.7176470756530762,0.529411792755127,calibrated_uv_reprojection_plus_stereo_left
-3.8293404579162598,-37.43589401245117,-569.3897094726562,164.32019676283835,298.5766152204466,-52.43551377564353,327.0000001926658,228.0000019895108,0.8588235378265381,0.7215686440467834,0.5333333611488342,calibrated_uv_reprojection_plus_stereo_left
-2.6193859577178955,-37.44025421142578,-569.466552734375,163.66016038047036,297.50111024341254,-52.468731234274685,328.00000018222795,228.00000143859734,0.8549019694328308,0.7176470756530762,0.5333333611488342,calibrated_uv_reprojection_plus_stereo_left
-1.408700704574585,-37.43874740600586,-569.4541625976562,162.95864201230023,296.45285821576294,-52.431667747489996,329.0000000252087,228.000000941848,0.8509804010391235,0.7137255072593689,0.5333333611488342,calibrated_uv_reprojection_plus_stereo_left
-0.1978679746389389,-37.43412399291992,-569.3943481445312,162.23521691508114,295.4192989265069,-52.35725722340777,329.9999999981412,227.9999993554581,0.8470588326454163,0.7058823704719543,0.5411764979362488,calibrated_uv_reprojection_plus_stereo_left
1.0128281116485596,-37.427066802978516,-569.2975463867188,161.49484854435258,294.3974188663733,-52.25372621824397,330.999999975724,227.9999995671169,0.8352941274642944,0.6941176652908325,0.5333333611488342,calibrated_uv_reprojection_plus_stereo_left
2.2236294746398926,-37.425621032714844,-569.2860717773438,160.7936854060277,293.3487794311262,-52.217380552281384,332.000000099152,227.99999831784737,0.8117647171020508,0.658823549747467,0.48627451062202454,calibrated_uv_reprojection_plus_stereo_left
3.434291362762451,-37.42118453979492,-569.2291870117188,160.0717023832674,292.31445538576475,-52.14528375928114,333.0000000030781,228.00000150799715,0.7882353067398071,0.6352941393852234,0.4588235318660736,calibrated_uv_reprojection_plus_stereo_left
4.64491081237793,-37.4168815612793,-569.1742553710938,159.35064624198867,291.27955571562717,-52.07472324831866,333.9999999274929,228.0000005001982,0.7568627595901489,0.6078431606292725,0.4000000059604645,calibrated_uv_reprojection_plus_stereo_left
5.855642795562744,-37.41361618041992,-569.1351318359375,158.63679854834714,290.2396184366137,-52.016608708531066,334.9999998626553,228.00000082907752,0.7254902124404907,0.572549045085907,0.3686274588108063,calibrated_uv_reprojection_plus_stereo_left
7.066232204437256,-37.409507751464844,-569.0831298828125,157.91710922072025,289.20382846828085,-51.948354792079954,335.9999999376624,227.99999823249397,0.686274528503418,0.5215686559677124,0.34117648005485535,calibrated_uv_reprojection_plus_stereo_left
8.277824401855469,-37.41009521484375,-569.1026611328125,157.2297558428815,288.144813521271,-51.93640847867886,337.0000000073378,228.0000009041977,0.6352941393852234,0.47058823704719543,0.27843138575553894,calibrated_uv_reprojection_plus_stereo_left
9.48886775970459,-37.407470703125,-569.0733032226562,156.52022225756286,287.10155401695147,-51.885977104125914,337.9999996241944,228.00000204169828,0.6431372761726379,0.48627451062202454,0.2549019753932953,calibrated_uv_reprojection_plus_stereo_left
10.699405670166016,-37.40287399291992,-569.013916015625,155.7971620634837,286.0681180501372,-51.81191045198244,338.99999959892193,228.0000017386821,0.7647058963775635,0.6117647290229797,0.3490196168422699,calibrated_uv_reprojection_plus_stereo_left
11.912224769592285,-37.40565872192383,-569.0667724609375,155.12444376409235,284.99761890717207,-51.826173893830116,340.0000001563584,227.9999985896426,0.8784313797950745,0.7607843279838562,0.45490196347236633,calibrated_uv_reprojection_plus_stereo_left
13.122984886169434,-37.401405334472656,-569.0126342773438,154.4036700664019,283.96235004389086,-51.7562362778292,341.0000004108115,227.99999963991368,0.9647058844566345,0.8901960849761963,0.5764706134796143,calibrated_uv_reprojection_plus_stereo_left
14.334248542785645,-37.398590087890625,-568.9803466796875,153.69266320168373,282.9198138784415,-51.70349200186865,342.0000005019821,227.9999991270618,1.0,0.9333333373069763,0.6117647290229797,calibrated_uv_reprojection_plus_stereo_left
15.546160697937012,-37.39722442626953,-568.9701538085938,152.99144888059755,281.86981000304525,-51.66813236245531,342.999999321314,228.00000078485004,1.0,0.9450980424880981,0.6196078658103943,calibrated_uv_reprojection_plus_stereo_left
16.758432388305664,-37.39634323120117,-568.96728515625,152.29340057660391,280.8172033531224,-51.63853025820015,344.0000008480843,227.99999984098054,1.0,0.9450980424880981,0.6235294342041016,calibrated_uv_reprojection_plus_stereo_left
17.972888946533203,-37.399654388427734,-569.0281982421875,151.62344685805317,279.7427642293421,-51.659101942589416,345.00000117115883,227.9999985968039,1.0,0.9372549057006836,0.6078431606292725,calibrated_uv_reprojection_plus_stereo_left
19.188589096069336,-37.40452575683594,-569.1129150390625,150.96372905835756,278.65980670763406,-51.698391249164445,345.999999288383,228.00000066772083,1.0,0.9803921580314636,0.6509804129600525,calibrated_uv_reprojection_plus_stereo_left
20.405057907104492,-37.4098014831543,-569.2037353515625,150.30638069374197,277.5742722156761,-51.74246745783989,347.0000011680236,227.99999982544995,1.0,1.0,0.658823549747467,calibrated_uv_reprojection_plus_stereo_left
21.617868423461914,-37.40776443481445,-569.1832885742188,149.59993397486988,276.5266909291297,-51.699011714192125,347.999999956265,227.9999987968862,0.8588235378265381,0.8196078538894653,0.4627451002597809,calibrated_uv_reprojection_plus_stereo_left
22.832904815673828,-37.409210205078125,-569.2158813476562,148.9166127012901,275.4606001237254,-51.69727186607355,348.9999997997351,228.00000017351147,1.0,0.6784313917160034,0.4431372582912445,calibrated_uv_reprojection_plus_stereo_left
24.04743003845215,-37.409358978271484,-569.2286987304688,148.2244873665427,274.401132750211,-51.679970489071366,350.0000004283366,227.9999992287851,0.9960784316062927,0.8235294222831726,0.5921568870544434,calibrated_uv_reprojection_plus_stereo_left
25.26248550415039,-37.40993881225586,-569.2481079101562,147.53508911787088,273.3391452819801,-51.667848719355504,350.9999999947611,227.9999999364257,0.9843137264251709,0.658823549747467,0.41960784792900085,calibrated_uv_reprojection_plus_stereo_left
26.48585319519043,-37.42188262939453,-569.4404296875,146.92048227204646,272.21589377888677,-51.79169451647692,352.0000016337508,227.99999994265136,1.0,0.7490196228027344,0.4901960790157318,calibrated_uv_reprojection_plus_stereo_left
27.701454162597656,-37.42198181152344,-569.4525146484375,146.22740103592912,271.15572079143556,-51.773792572800176,352.9999999000654,227.9999996770693,0.9647058844566345,0.8156862854957581,0.5137255191802979,calibrated_uv_reprojection_plus_stereo_left
28.919906616210938,-37.42546463012695,-569.5160522460938,145.5563594908433,270.0769882937819,-51.79634001205676,354.0000003260301,227.99999727863997,0.95686274766922,0.7490196228027344,0.45490196347236633,calibrated_uv_reprojection_plus_stereo_left
30.13753318786621,-37.42735290527344,-569.555419921875,144.87466608369317,269.0065297761863,-51.79987719065838,354.999998510962,227.9999998229868,1.0,0.8745098114013672,0.5921568870544434,calibrated_uv_reprojection_plus_stereo_left
31.373292922973633,-37.45046615600586,-569.917724609375,144.33115799943727,267.8193841940348,-52.057291427162,355.99999928588966,227.9999988053169,1.0,0.9764705896377563,0.658823549747467,calibrated_uv_reprojection_plus_stereo_left
32.593772888183594,-37.45402908325195,-569.9825439453125,143.65953879053365,266.7384903813647,-52.080803946943604,356.99999994117036,227.9999988762386,1.0,1.0,0.6509804129600525,calibrated_uv_reprojection_plus_stereo_left
33.81865310668945,-37.461952209472656,-570.11376953125,143.01594610372297,265.63302003538996,-52.1565086526291,358.0000001330787,228.0000014698628,1.0,1.0,0.6431372761726379,calibrated_uv_reprojection_plus_stereo_left
35.04719161987305,-37.47299575805664,-570.2924194335938,142.3920772550154,264.5095471415724,-52.269471478236255,358.99999902794696,228.00000021858813,1.0,1.0,0.6431372761726379,calibrated_uv_reprojection_plus_stereo_left
36.290306091308594,-37.49811553955078,-570.685302734375,141.85841363194572,263.3064532125011,-52.55079795376946,360.00000163432225,227.999998879477,1.0,1.0,0.6705882549285889,calibrated_uv_reprojection_plus_stereo_left
37.524452209472656,-37.51240921020508,-570.9134521484375,141.25409909931994,262.1626375178505,-52.70261187568235,361.0000004655087,227.9999984053542,0.9098039269447327,0.8980392217636108,0.5568627715110779,calibrated_uv_reprojection_plus_stereo_left
-20.744098663330078,-36.21119689941406,-569.00244140625,172.97564418546034,313.8959633217571,-53.13313286079875,312.99999976382156,228.99999895347653,1.0,1.0,0.6705882549285889,calibrated_uv_reprojection_plus_stereo_left
-19.535104751586914,-36.20659255981445,-568.9423828125,172.2531885885661,312.86406426540645,-53.05855406534056,314.00000094106497,228.99999903440568,1.0,1.0,0.6666666865348816,calibrated_uv_reprojection_plus_stereo_left
-18.32737159729004,-36.20433044433594,-568.919189453125,171.54836129585163,311.82177331350135,-53.01307446920481,315.0000012186591,229.00000227329392,1.0,1.0,0.6627451181411743,calibrated_uv_reprojection_plus_stereo_left
-17.12547492980957,-36.21459197998047,-569.0926513671875,170.937081998988,310.72326266676777,-53.12278740689288,315.9999990091283,228.999997725336,1.0,1.0,0.658823549747467,calibrated_uv_reprojection_plus_stereo_left
-15.918042182922363,-36.21434783935547,-569.1011962890625,170.24698164585533,309.6713420481682,-53.102341399173724,317.00000034992706,229.000002027339,1.0,1.0,0.6666666865348816,calibrated_uv_reprojection_plus_stereo_left
-14.70907974243164,-36.210880279541016,-569.0589599609375,169.53271963617146,308.6339147941054,-53.04181493695006,317.99999994501417,228.99999964836556,1.0,1.0,0.6705882549285889,calibrated_uv_reprojection_plus_stereo_left
-13.500957489013672,-36.20967483520508,-569.0523071289062,168.83525763675084,307.58612892019744,-53.009366657560975,318.99999988123,228.9999990176866,1.0,1.0,0.6745098233222961,calibrated_uv_reprojection_plus_stereo_left
-12.281732559204102,-36.17621994018555,-568.5388793945312,167.8990040420319,306.6866327937183,-52.57706957923,320.00000020260023,229.00000101750902,1.0,1.0,0.6745098233222961,calibrated_uv_reprojection_plus_stereo_left
-11.071966171264648,-36.16714096069336,-568.4085083007812,167.14385820886673,305.67597584841724,-52.44703139355698,321.0000008240183,229.00000203201543,1.0,1.0,0.6784313917160034,calibrated_uv_reprojection_plus_stereo_left
-9.86415958404541,-36.163883209228516,-568.3695678710938,166.43177162010676,304.6385261160208,-52.389130142242436,321.999999646717,229.0000001582808,1.0,1.0,0.6823529601097107,calibrated_uv_reprojection_plus_stereo_left
-8.65530776977539,-36.15633773803711,-568.2632446289062,165.68818210986996,303.62116813765965,-52.27807309619368,322.9999996591944,228.99999862072312,1.0,1.0,0.7019608020782471,calibrated_uv_reprojection_plus_stereo_left
-7.451744079589844,-36.17315673828125,-568.5399169921875,165.12327170551225,302.489046271519,-52.469135410560966,324.00000012631676,229.00000011736392,0.9843137264251709,0.95686274766922,0.6784313917160034,calibrated_uv_reprojection_plus_stereo_left
-6.244600296020508,-36.17710494995117,-568.6142578125,164.46351628538594,301.4168687606245,-52.500573739984134,325.00000013298677,228.9999990592492,0.9215686321258545,0.8274509906768799,0.5921568870544434,calibrated_uv_reprojection_plus_stereo_left
-5.036526203155518,-36.17795181274414,-568.639892578125,163.78088782461356,300.35906300815617,-52.49358674555896,326.0000000653205,228.9999998649527,0.8588235378265381,0.7411764860153198,0.5215686559677124,calibrated_uv_reprojection_plus_stereo_left
-3.828685998916626,-36.18376922607422,-568.74365234375,163.13422230521905,299.277112647973,-52.54820768178803,326.999999950516,229.0000003510214,0.8549019694328308,0.7176470756530762,0.5176470875740051,calibrated_uv_reprojection_plus_stereo_left
-2.61975359916687,-36.183128356933594,-568.7459106445312,162.44037998588925,298.22584633656686,-52.522768658238704,328.00000014409295,229.00000120152242,0.8549019694328308,0.7176470756530762,0.5372549295425415,calibrated_uv_reprojection_plus_stereo_left
-1.4107539653778076,-36.18570327758789,-568.7986450195312,161.76965089185387,297.1587887478335,-52.53712691086071,328.9999999716539,228.99999813483825,0.8549019694328308,0.7176470756530762,0.545098066329956,calibrated_uv_reprojection_plus_stereo_left
-0.20131531357765198,-36.18265914916992,-568.7631225585938,161.05819167538817,296.11885667639746,-52.48188545379844,329.9999999984094,228.9999985423542,0.8549019694328308,0.7098039388656616,0.5568627715110779,calibrated_uv_reprojection_plus_stereo_left
1.0080596208572388,-36.176170349121094,-568.6735229492188,160.32196590717774,295.09583501758334,-52.38400702809963,330.9999999317573,229.00000269583302,0.8470588326454163,0.7058823704719543,0.5607843399047852,calibrated_uv_reprojection_plus_stereo_left
2.2179172039031982,-36.1807861328125,-568.7583618164062,159.66546614163587,294.01802687861357,-52.42366137537664,331.9999999877915,229.00000041053548,0.8392156958580017,0.7019608020782471,0.5333333611488342,calibrated_uv_reprojection_plus_stereo_left
3.427617073059082,-36.1779899597168,-568.7266845703125,158.9556227766485,292.9766679988419,-52.371444251126206,333.0000001796127,228.99999792018372,0.8313725590705872,0.6901960968971252,0.5176470875740051,calibrated_uv_reprojection_plus_stereo_left
4.637291431427002,-36.17461395263672,-568.6859741210938,158.24164762341707,291.9381486332808,-52.31210753793579,333.9999999504337,228.99999972079553,0.8039215803146362,0.6666666865348816,0.47843137383461,calibrated_uv_reprojection_plus_stereo_left
5.846894264221191,-36.17073059082031,-568.6372680664062,157.52404770443383,290.90218274292147,-52.246467125753554,335.0000000861947,229.00000048962252,0.7803921699523926,0.6431372761726379,0.45490196347236633,calibrated_uv_reprojection_plus_stereo_left
7.055865287780762,-36.163734436035156,-568.5396118164062,156.78436292319537,289.8820209106293,-52.14224247375381,335.9999997866947,229.00000057999856,0.7803921699523926,0.615686297416687,0.45490196347236633,calibrated_uv_reprojection_plus_stereo_left
8.26672077178955,-36.16599655151367,-568.5874633789062,156.11032713169357,288.81487272110917,-52.15270926293044,337.0000003840714,228.99999832110137,0.7490196228027344,0.5843137502670288,0.4117647111415863,calibrated_uv_reprojection_plus_stereo_left
9.476851463317871,-36.16401290893555,-568.5686645507812,155.40613744639717,287.769128558738,-52.11064060688216,338.0000000294113,229.00000117339772,0.7098039388656616,0.5490196347236633,0.3450980484485626,calibrated_uv_reprojection_plus_stereo_left
10.68675422668457,-36.160911560058594,-568.5322265625,154.69399257450021,286.7290779528813,-52.05466611186978,338.99999972196514,229.00000048793163,0.6392157077789307,0.48235294222831726,0.2705882489681244,calibrated_uv_reprojection_plus_stereo_left
11.898030281066895,-36.161895751953125,-568.5599975585938,154.01050592379357,285.667822490173,-52.04928967465838,340.0000003601996,228.9999983967208,0.6039215922355652,0.4470588266849518,0.21568627655506134,calibrated_uv_reprojection_plus_stereo_left
13.108471870422363,-36.15974426269531,-568.5385131835938,153.30490829288618,284.6226437894751,-52.00509477662956,341.0000003511314,228.99999860582042,0.8196078538894653,0.7254902124404907,0.45098039507865906,calibrated_uv_reprojection_plus_stereo_left
14.318343162536621,-36.15591812133789,-568.49072265625,152.58757330661473,283.5861596331102,-51.94017066396361,342.0000003946987,229.00000007487495,0.9960784316062927,0.95686274766922,0.6431372761726379,calibrated_uv_reprojection_plus_stereo_left
15.528478622436523,-36.15275573730469,-568.4533081054688,151.87484774246275,282.54621064804246,-51.88342025634415,343.00000091526385,228.99999836450337,1.0,0.9333333373069763,0.6117647290229797,calibrated_uv_reprojection_plus_stereo_left
16.74066734313965,-36.15397262573242,-568.4848022460938,151.19254132545308,281.4830032285413,-51.88096086201034,344.00000119174547,228.99999921786377,1.0,0.929411768913269,0.6000000238418579,calibrated_uv_reprojection_plus_stereo_left
17.952714920043945,-36.154266357421875,-568.5017700195312,150.50365486002596,280.4244452567897,-51.86704991973539,345.0000010711348,228.99999935782392,1.0,0.9490196108818054,0.6117647290229797,calibrated_uv_reprojection_plus_stereo_left
19.16669464111328,-36.15772247314453,-568.5684814453125,149.8364696916364,279.3487059715766,-51.89231961511024,346.000000171126,229.00000021123515,1.0,0.9764705896377563,0.6352941393852234,calibrated_uv_reprojection_plus_stereo_left
20.38071632385254,-36.16041946411133,-568.623291015625,149.16380076868165,278.2766402447123,-51.90820455486181,346.9999994389293,229.00000267194346,1.0,0.9803921580314636,0.6392157077789307,calibrated_uv_reprojection_plus_stereo_left
21.594928741455078,-36.162742614746094,-568.672119140625,148.4882841092824,277.20627008381814,-51.919365237571014,347.9999988292343,228.999999518789,0.9058823585510254,0.8549019694328308,0.5058823823928833,calibrated_uv_reprojection_plus_stereo_left
22.80946159362793,-36.16494369506836,-568.7191162109375,147.81173959537102,276.1361943334526,-51.92907765109783,348.9999995344568,229.00000080527104,1.0,0.8549019694328308,0.5607843399047852,calibrated_uv_reprojection_plus_stereo_left
24.023754119873047,-36.16620635986328,-568.7513427734375,147.12856023123902,275.0709302207964,-51.927148133948094,349.9999994125062,229.00000120697558,0.9882352948188782,0.8352941274642944,0.5411764979362488,calibrated_uv_reprojection_plus_stereo_left
25.238758087158203,-36.16802978515625,-568.7923583984375,146.4490041544057,274.00230788493593,-51.932131843765205,350.99999912162497,228.99999987982648,0.9607843160629272,0.7058823704719543,0.43529412150382996,calibrated_uv_reprojection_plus_stereo_left
26.456069946289062,-36.17251205444336,-568.875244140625,145.78732081561537,272.9186324975477,-51.9700805567212,352.0000000432956,229.00000125596904,1.0,0.8549019694328308,0.5882353186607361,calibrated_uv_reprojection_plus_stereo_left
27.671585083007812,-36.173946380615234,-568.91015625,145.10467148940324,271.8514683194195,-51.9702402828741,352.99999990098803,229.00000032982544,0.9725490212440491,0.6980392336845398,0.4470588266849518,calibrated_uv_reprojection_plus_stereo_left
28.888071060180664,-36.176177978515625,-568.9576416015625,144.4272288026154,270.7795428317812,-51.98029336753132,353.99999902420035,229.00000102071454,0.9686274528503418,0.7843137383460999,0.4941176474094391,calibrated_uv_reprojection_plus_stereo_left
30.105426788330078,-36.17898941040039,-569.0142211914062,143.75345818801406,269.70402653954045,-51.9974968731201,354.99999937576865,229.00000018009217,1.0,0.9882352948188782,0.6509804129600525,calibrated_uv_reprojection_plus_stereo_left
31.339082717895508,-36.20013427734375,-569.3591918945312,143.20257325456146,268.52446908398406,-52.241735757654396,356.00000002668105,229.00000126539237,1.0,0.9960784316062927,0.6509804129600525,calibrated_uv_reprojection_plus_stereo_left
32.55854034423828,-36.20364761352539,-569.4268188476562,142.53266118245085,267.44368312812367,-52.2676027224727,357.00000234892747,229.00000003357144,1.0,1.0,0.6470588445663452,calibrated_uv_reprojection_plus_stereo_left
33.78038787841797,-36.20922088623047,-569.52685546875,141.87623832369383,266.3507199718259,-52.318971589559965,357.9999998296757,228.99999904383782,1.0,1.0,0.6431372761726379,calibrated_uv_reprojection_plus_stereo_left
35.00860595703125,-36.22074508666992,-569.7205810546875,141.25911591411995,265.2230246878222,-52.44407493364338,358.99999852268576,229.00000223370353,1.0,1.0,0.6431372761726379,calibrated_uv_reprojection_plus_stereo_left
36.254425048828125,-36.24885559082031,-570.1751098632812,140.75148608034635,263.9987520055091,-52.774426362923464,360.0000017356321,229.00000014528203,1.0,0.9843137264251709,0.6549019813537598,calibrated_uv_reprojection_plus_stereo_left
37.48494338989258,-36.260108947753906,-570.3645629882812,140.13108395198617,262.8703882980034,-52.896107751866055,360.99999950338275,229.00000132043576,0.7098039388656616,0.6745098233222961,0.34117648005485535,calibrated_uv_reprojection_plus_stereo_left
-19.51670265197754,-34.95793151855469,-568.2960205078125,171.0594393882173,313.5477920402908,-53.16881243025523,313.9999994324105,230.0000013280669,1.0,1.0,0.6627451181411743,calibrated_uv_reprojection_plus_stereo_left
-18.308292388916016,-34.95173645019531,-568.20947265625,170.32524031456182,312.5246167620338,-53.07331124574836,314.9999988645643,230.00000012730135,1.0,1.0,0.6627451181411743,calibrated_uv_reprojection_plus_stereo_left
-17.10750961303711,-34.96075439453125,-568.3702392578125,169.70845850039348,311.4312107845349,-53.17326313578576,315.9999992834664,229.99999856450938,1.0,1.0,0.658823549747467,calibrated_uv_reprojection_plus_stereo_left
-15.903260231018066,-34.96405029296875,-568.4380493164062,169.04719641669226,310.36368233487417,-53.199739661511614,317.00000057046515,230.00000011126536,1.0,1.0,0.6627451181411743,calibrated_uv_reprojection_plus_stereo_left
-14.696701049804688,-34.96296691894531,-568.4346313476562,168.35205413820938,309.3162815890107,-53.16992084894059,317.99999994414094,229.99999990203804,1.0,1.0,0.6666666865348816,calibrated_uv_reprojection_plus_stereo_left
-13.48965072631836,-34.9610481262207,-568.4176025390625,167.6504102052881,308.27268316904366,-53.12934279721844,318.99999923118395,229.99999816152922,1.0,1.0,0.6784313917160034,calibrated_uv_reprojection_plus_stereo_left
-12.27119255065918,-34.92697525024414,-567.8778686523438,166.7033080485507,307.3816163315637,-52.67577815313382,320.00000045272077,230.00000084948022,1.0,1.0,0.6745098233222961,calibrated_uv_reprojection_plus_stereo_left
-11.06320571899414,-34.91929626464844,-567.7672119140625,165.95833235927233,306.3663021273072,-52.56125080274927,321.0000006261136,230.00000113854927,1.0,1.0,0.6745098233222961,calibrated_uv_reprojection_plus_stereo_left
-9.854802131652832,-34.909122467041016,-567.615966796875,165.19456752514736,305.3632390311487,-52.41466448732535,322.0000002931498,230.00000041866014,1.0,1.0,0.6705882549285889,calibrated_uv_reprojection_plus_stereo_left
-8.648550987243652,-34.90578079223633,-567.5758056640625,164.48280982454975,304.32752441417745,-52.355839450892915,322.9999999865588,229.9999995736762,1.0,1.0,0.6784313917160034,calibrated_uv_reprojection_plus_stereo_left
-7.448123455047607,-34.929805755615234,-567.980712890625,163.97781022564664,303.15855702055387,-52.64857773599948,324.0000002463068,230.0000022642128,1.0,1.0,0.6901960968971252,calibrated_uv_reprojection_plus_stereo_left
-6.2413530349731445,-34.928985595703125,-567.9815673828125,163.2844996832152,302.1096446787051,-52.62212741296662,325.00000014664727,230.00000150933568,1.0,0.9843137264251709,0.6941176652908325,calibrated_uv_reprojection_plus_stereo_left
-5.034763813018799,-34.93071746826172,-568.0238647460938,162.61023697470256,301.0480089826186,-52.628402984313084,325.99999972379237,229.99999774844704,0.95686274766922,0.8901960849761963,0.6313725709915161,calibrated_uv_reprojection_plus_stereo_left
-3.8280553817749023,-34.934669494628906,-568.1024169921875,161.9524690050083,299.9750063957982,-52.66330771556807,326.9999999769716,230.0000014596844,0.8823529481887817,0.7764706015586853,0.5529412031173706,calibrated_uv_reprojection_plus_stereo_left
-2.6201231479644775,-34.92919921875,-568.0276489257812,161.22392863305572,298.9485856246237,-52.57711864385419,327.99999992994594,230.00000015846496,0.8666666746139526,0.7333333492279053,0.5215686559677124,calibrated_uv_reprojection_plus_stereo_left
-1.412500262260437,-34.92804718017578,-568.0231323242188,160.5276725246718,297.9006021179825,-52.54640860659566,329.0000000587817,230.00000023143497,0.8509804010391235,0.7098039388656616,0.5098039507865906,calibrated_uv_reprojection_plus_stereo_left
-0.2047296166419983,-34.929603576660156,-568.0626220703125,159.85144603739252,296.8388131503747,-52.55044172094125,329.99999998320357,229.9999981138155,0.8470588326454163,0.7019608020782471,0.5176470875740051,calibrated_uv_reprojection_plus_stereo_left
1.0032954216003418,-34.92778396606445,-568.0473022460938,159.15001905506193,295.7938387715232,-52.51119386004848,331.00000003193435,230.00000067278387,0.8470588326454163,0.7019608020782471,0.5215686559677124,calibrated_uv_reprojection_plus_stereo_left
2.212110996246338,-34.93659210205078,-568.2047729492188,158.5271123220259,294.6944773637316,-52.60836340858532,331.99999994226,230.00000021345005,0.843137264251709,0.7019608020782471,0.5176470875740051,calibrated_uv_reprojection_plus_stereo_left
3.4206788539886475,-34.93415451049805,-568.1793823242188,157.82077176988838,293.6521603389415,-52.561150497074664,332.9999998782723,230.0000014042676,0.843137264251709,0.6980392336845398,0.5176470875740051,calibrated_uv_reprojection_plus_stereo_left
4.62916374206543,-34.93052291870117,-568.134521484375,157.10558257015055,292.61596492758525,-52.49856397031982,334.00000015853493,229.99999999911233,0.8235294222831726,0.686274528503418,0.501960813999176,calibrated_uv_reprojection_plus_stereo_left
5.8379011154174805,-34.92844772338867,-568.114990234375,156.4018241761778,291.5716787437853,-52.45597271976942,335.0000002730395,229.99999934269965,0.8235294222831726,0.686274528503418,0.49803921580314636,calibrated_uv_reprojection_plus_stereo_left
7.045947074890137,-34.922447204589844,-568.0316772460938,155.6693095838832,290.5478166342523,-52.363036377036394,336.00000000671014,230.00000196620906,0.8313725590705872,0.6745098233222961,0.49803921580314636,calibrated_uv_reprojection_plus_stereo_left
8.255010604858398,-34.92148208618164,-568.0301513671875,154.9735951969838,289.497650138818,-52.33465337213221,336.9999999457594,229.99999867500372,0.8078431487083435,0.6509804129600525,0.4745098054409027,calibrated_uv_reprojection_plus_stereo_left
9.464836120605469,-34.922672271728516,-568.063720703125,154.29348112399748,288.4359157364154,-52.3339658385317,338.000000171579,229.99999712520807,0.7882353067398071,0.6274510025978088,0.4588235318660736,calibrated_uv_reprojection_plus_stereo_left
10.674077033996582,-34.92087936401367,-568.048828125,153.59155143791497,287.38975148151894,-52.29502733187792,339.00000010958786,229.9999985975254,0.7529411911964417,0.6000000238418579,0.41960784792900085,calibrated_uv_reprojection_plus_stereo_left
11.884909629821777,-34.92341232299805,-568.104248046875,152.92084497681657,286.3203514185089,-52.31157062575954,340.00000058254284,229.9999970997636,0.6470588445663452,0.49803921580314636,0.2980392277240753,calibrated_uv_reprojection_plus_stereo_left
13.09323501586914,-34.91813659667969,-568.03271484375,152.19355407183826,285.2925853839509,-52.22792908879245,341.00000063180016,229.99999916766163,0.7803921699523926,0.6549019813537598,0.3921568691730499,calibrated_uv_reprojection_plus_stereo_left
14.302190780639648,-34.91469955444336,-567.9910278320312,151.47954456170032,284.25499456524375,-52.16783819892129,342.00000067709544,229.99999798148218,0.9882352948188782,0.9372549057006836,0.615686297416687,calibrated_uv_reprojection_plus_stereo_left
15.511266708374023,-34.91151809692383,-567.9535522460938,150.76738835131152,283.21599188755334,-52.11107167704847,343.0000000391318,229.99999951021073,1.0,0.9882352948188782,0.6509804129600525,calibrated_uv_reprojection_plus_stereo_left
16.72281265258789,-34.91344451904297,-567.9991455078125,150.0917793457361,282.14902654330206,-52.11984063256409,343.9999997309097,229.99999949349103,1.0,0.9882352948188782,0.6392157077789307,calibrated_uv_reprojection_plus_stereo_left
17.933940887451172,-34.913818359375,-568.0194702148438,149.40486236498998,281.0902766019679,-52.108666249296846,345.0000011469105,229.99999877635577,1.0,0.9803921580314636,0.6235294342041016,calibrated_uv_reprojection_plus_stereo_left
19.14536476135254,-34.914241790771484,-568.0406494140625,148.71816396528163,280.0310053358086,-52.098161341996104,345.99999965541446,230.00000032114505,1.0,0.9725490212440491,0.6196078658103943,calibrated_uv_reprojection_plus_stereo_left
20.35831642150879,-34.916812896728516,-568.0967407226562,148.04654505169447,278.95955588330605,-52.11518796189205,347.000000309697,230.00000014743182,1.0,0.9607843160629272,0.615686297416687,calibrated_uv_reprojection_plus_stereo_left
21.572614669799805,-34.92088317871094,-568.1771850585938,147.38528433875018,277.8793669120861,-52.15141230349337,348.0000000844113,229.9999977315719,1.0,0.9686274528503418,0.6235294342041016,calibrated_uv_reprojection_plus_stereo_left
22.785995483398438,-34.922733306884766,-568.2216186523438,146.7080878735407,276.8111690257347,-52.159226211534076,348.9999995861671,230.00000073773916,1.0,0.9686274528503418,0.6392157077789307,calibrated_uv_reprojection_plus_stereo_left
24.00078773498535,-34.92609786987305,-568.2905883789062,146.0412989886945,275.7341166940696,-52.18637888652472,350.0000004866659,229.9999981592015,1.0,0.95686274766922,0.6196078658103943,calibrated_uv_reprojection_plus_stereo_left
25.214500427246094,-34.927303314208984,-568.324462890625,145.3590893742484,274.6689099000058,-52.18584530612674,351.0000007701632,229.99999718319387,0.9960784316062927,0.8627451062202454,0.5568627715110779,calibrated_uv_reprojection_plus_stereo_left
26.428184509277344,-34.92803192138672,-568.3506469726562,144.67337845516232,273.60611958623565,-52.179241978207415,352.0000013823434,229.9999994960993,1.0,0.8588235378265381,0.5686274766921997,calibrated_uv_reprojection_plus_stereo_left
27.641855239868164,-34.928375244140625,-568.3705444335938,143.9848029072091,272.5452940635404,-52.167674325798316,352.99999912763167,230.00000076633066,1.0,0.7254902124404907,0.4745098054409027,calibrated_uv_reprojection_plus_stereo_left
28.856693267822266,-34.92980194091797,-568.4080810546875,143.30361784491726,271.47797258775597,-52.17000868620579,353.9999991025444,230.00000235865605,1.0,0.8705882430076599,0.5764706134796143,calibrated_uv_reprojection_plus_stereo_left
30.071157455444336,-34.930397033691406,-568.4320068359375,142.6164306975905,270.41520376545117,-52.16160161164606,355.0000005023889,229.9999997918471,1.0,1.0,0.6549019813537598,calibrated_uv_reprojection_plus_stereo_left
31.30541229248047,-34.95276641845703,-568.8103637695312,142.07985230840796,269.22509198864935,-52.43261444865237,355.99999987344006,230.00000127269897,1.0,1.0,0.6509804129600525,calibrated_uv_reprojection_plus_stereo_left
32.523902893066406,-34.956260681152344,-568.8815307617188,141.41193969018258,268.14414418180183,-52.46142038031968,356.99999791962136,230.0000009492613,1.0,1.0,0.6509804129600525,calibrated_uv_reprojection_plus_stereo_left
33.74425506591797,-34.96117401123047,-568.9757690429688,140.75350275592712,267.0544080610884,-52.50840085995469,357.999999962691,229.99999914977673,1.0,1.0,0.6509804129600525,calibrated_uv_reprojection_plus_stereo_left
34.969852447509766,-34.97074508666992,-569.1458740234375,140.12672219513433,265.9365381242302,-52.61517026325936,358.999999276842,230.00000015750248,1.0,1.0,0.658823549747467,calibrated_uv_reprojection_plus_stereo_left
36.21017837524414,-34.99366760253906,-569.5332641601562,139.59078394849195,264.73834262287164,-52.893178272374314,360.0000006642591,229.9999999181237,0.9333333373069763,0.8705882430076599,0.5490196347236633,calibrated_uv_reprojection_plus_stereo_left
-17.089778900146484,-33.710453033447266,-567.6559448242188,168.4859101093013,312.13558685184097,-53.228593791767764,315.9999997597499,230.9999994343665,0.9882352948188782,0.9843137264251709,0.6470588445663452,calibrated_uv_reprojection_plus_stereo_left
-15.886137008666992,-33.71160125732422,-567.6915283203125,167.81014614026986,311.07867015063744,-53.229723128150965,317.0000003132213,231.00000062465665,1.0,1.0,0.6745098233222961,calibrated_uv_reprojection_plus_stereo_left
-14.67997932434082,-33.70773696899414,-567.6427001953125,167.09448853190355,310.0457259858516,-53.164051391351734,318.0000002848497,231.00000158126767,1.0,1.0,0.6784313917160034,calibrated_uv_reprojection_plus_stereo_left
-13.475380897521973,-33.70771408081055,-567.6585083007812,166.40917002793566,308.9941049420544,-53.14952099296005,319.00000017360736,230.99999983293398,1.0,1.0,0.6784313917160034,calibrated_uv_reprojection_plus_stereo_left
-12.258380889892578,-33.67430877685547,-567.1121215820312,165.46065534299765,308.10592889003635,-52.690183424945076,319.99999992652045,230.99999799345127,1.0,1.0,0.6745098233222961,calibrated_uv_reprojection_plus_stereo_left
-11.055362701416016,-33.676979064941406,-567.1734008789062,164.79695100813558,307.0415927093338,-52.7116464265352,321.0000002457797,231.00000231153115,1.0,1.0,0.6666666865348816,calibrated_uv_reprojection_plus_stereo_left
-9.849006652832031,-33.66975784301758,-567.0679321289062,164.05538490551498,306.0260265488692,-52.60118153777057,321.9999997160613,230.9999987196045,1.0,1.0,0.6666666865348816,calibrated_uv_reprojection_plus_stereo_left
-8.642559051513672,-33.6611442565918,-566.9391479492188,163.30314047134232,305.01760957209353,-52.47228326853627,323.0000005916468,231.00000197658073,1.0,1.0,0.6745098233222961,calibrated_uv_reprojection_plus_stereo_left
-7.444141387939453,-33.687217712402344,-567.3944702148438,162.82156465439175,303.83515555771186,-52.80541583892284,323.9999998915269,230.99999916826675,1.0,1.0,0.6784313917160034,calibrated_uv_reprojection_plus_stereo_left
-6.238715648651123,-33.68688201904297,-567.4050903320312,162.13340445513643,302.784425085153,-52.786766868308234,325.0000001554034,231.0000008825371,1.0,1.0,0.6901960968971252,calibrated_uv_reprojection_plus_stereo_left
-5.033142566680908,-33.68708419799805,-567.4246826171875,161.4492501208705,301.73078392846514,-52.77520613778512,325.99999965350344,230.9999981294453,1.0,0.9960784316062927,0.7058823704719543,calibrated_uv_reprojection_plus_stereo_left
-3.827364206314087,-33.68782424926758,-567.4534301757812,160.76914379688486,300.6741294677397,-52.77088268942242,326.99999999910096,230.9999998778705,0.9843137264251709,0.9490196108818054,0.6823529601097107,calibrated_uv_reprojection_plus_stereo_left
-2.6202785968780518,-33.67567825317383,-567.2650756835938,159.98940282228608,299.6836168680381,-52.59486551617857,327.99999985542473,230.99999959256726,0.9411764740943909,0.8666666746139526,0.6117647290229797,calibrated_uv_reprojection_plus_stereo_left
-1.4144296646118164,-33.67826843261719,-567.3250122070312,159.32346086758287,298.6172362958458,-52.615202309541246,329.0000000425722,231.00000236206182,0.9058823585510254,0.8156862854957581,0.572549045085907,calibrated_uv_reprojection_plus_stereo_left
-0.20814459025859833,-33.68107604980469,-567.3884887695312,158.65888619553226,297.54937654882036,-52.638324506840775,329.9999999874511,230.99999879684083,0.8980392217636108,0.800000011920929,0.5686274766921997,calibrated_uv_reprojection_plus_stereo_left
0.9985501766204834,-33.68241882324219,-567.4273681640625,157.98286932755548,296.4887851525957,-52.64199072818616,331.0000000364609,230.99999887460808,0.9019607901573181,0.8039215803146362,0.5764706134796143,calibrated_uv_reprojection_plus_stereo_left
2.2062511444091797,-33.693809509277344,-567.635498046875,157.3833649616447,295.3748688482983,-52.77946023450778,332.00000010875084,230.999997469518,0.9019607901573181,0.772549033164978,0.5647059082984924,calibrated_uv_reprojection_plus_stereo_left
3.413752555847168,-33.69268035888672,-567.6328125,156.68794960852642,294.3264589082169,-52.75024487289426,333.000000022763,231.00000080129578,0.8941176533699036,0.7647058963775635,0.5568627715110779,calibrated_uv_reprojection_plus_stereo_left
4.621257781982422,-33.690330505371094,-567.6094970703125,155.98313850791038,293.28443713037575,-52.704715314126474,334.0000000051542,231.00000089063886,0.8745098114013672,0.7450980544090271,0.529411792755127,calibrated_uv_reprojection_plus_stereo_left
5.828788757324219,-33.687644958496094,-567.5805053710938,155.27572813421057,292.24415149705874,-52.65469628067257,335.0000000832991,230.99999992210388,0.8549019694328308,0.7215686440467834,0.5098039507865906,calibrated_uv_reprojection_plus_stereo_left
7.036359786987305,-33.68486404418945,-567.5499267578125,154.56757109820256,291.20432330340174,-52.60342215421889,336.00000012123564,230.99999989249181,0.8588235378265381,0.7098039388656616,0.5176470875740051,calibrated_uv_reprojection_plus_stereo_left
8.244672775268555,-33.684898376464844,-567.5667724609375,153.880588675235,290.14915356846655,-52.58962955961516,337.00000017247237,230.99999930686067,0.8156862854957581,0.6666666865348816,0.47843137383461,calibrated_uv_reprojection_plus_stereo_left
9.453073501586914,-33.6843376159668,-567.5736083984375,153.18899598763483,289.09700991125624,-52.56792067618056,337.9999997956652,230.9999994083649,0.7960784435272217,0.6509804129600525,0.4588235318660736,calibrated_uv_reprojection_plus_stereo_left
10.661736488342285,-33.683929443359375,-567.5830688476562,152.49844573043822,288.0438262801007,-52.54828265559337,338.99999988595044,231.00000198993706,0.7686274647712708,0.6235294342041016,0.42352941632270813,calibrated_uv_reprojection_plus_stereo_left
11.87136459350586,-33.685630798339844,-567.6279907226562,151.82349634690047,286.9788125381358,-52.556659713157444,339.99999983697074,231.00000021518142,0.7372549176216125,0.5921568870544434,0.3803921639919281,calibrated_uv_reprojection_plus_stereo_left
13.079236030578613,-33.68183898925781,-567.5803833007812,151.10741052744044,285.9440003664997,-52.49191402340233,341.0000004750878,231.00000002224914,0.8627451062202454,0.7686274647712708,0.5058823823928833,calibrated_uv_reprojection_plus_stereo_left
14.286982536315918,-33.67780303955078,-567.5286254882812,150.38950769016907,284.9105820570883,-52.42388831741323,342.000000227999,230.9999980651435,0.9921568632125854,0.9647058844566345,0.6509804129600525,calibrated_uv_reprojection_plus_stereo_left
15.495584487915039,-33.67570114135742,-567.509521484375,149.68598343713728,283.8663026739611,-52.38166473269371,343.0000007535576,230.9999991170363,1.0,0.9921568632125854,0.6549019813537598,calibrated_uv_reprojection_plus_stereo_left
16.705984115600586,-33.67702102661133,-567.5480346679688,149.007671186263,282.8026047219738,-52.384957328665394,344.0000009548888,230.9999976942531,1.0,1.0,0.6509804129600525,calibrated_uv_reprojection_plus_stereo_left
17.916210174560547,-33.67736053466797,-567.570068359375,148.32195102674166,281.74416543665814,-52.3752246109853,345.00000029364315,230.99999815143485,1.0,1.0,0.6470588445663452,calibrated_uv_reprojection_plus_stereo_left
19.126293182373047,-33.67695999145508,-567.5796508789062,147.63064111892186,280.68970943958993,-52.355650468957606,345.99999882432877,230.9999994754668,1.0,1.0,0.6470588445663452,calibrated_uv_reprojection_plus_stereo_left
20.336517333984375,-33.67641830444336,-567.5868530273438,146.93816606340891,279.63586835007794,-52.334190855390545,346.9999989632086,231.00000057514796,1.0,0.9921568632125854,0.6392157077789307,calibrated_uv_reprojection_plus_stereo_left
21.549537658691406,-33.67991256713867,-567.6620483398438,146.27505428243688,278.55852599756736,-52.366429825194075,347.9999996227498,231.000000000286,1.0,0.9803921580314636,0.6274510025978088,calibrated_uv_reprojection_plus_stereo_left
22.76228904724121,-33.6822624206543,-567.7179565429688,145.60331249179558,277.4873941915076,-52.38342431847508,349.00000023945404,230.9999991914399,1.0,0.95686274766922,0.6117647290229797,calibrated_uv_reprojection_plus_stereo_left
23.9766788482666,-33.686317443847656,-567.8026733398438,144.94374775532486,276.4059125738014,-52.42316294321114,350.0000005709664,231.00000138762454,1.0,0.9725490212440491,0.6313725709915161,calibrated_uv_reprojection_plus_stereo_left
25.19096565246582,-33.689510345458984,-567.872802734375,144.2776007439557,275.3290394775249,-52.451367671069136,350.9999999365586,231.00000050620156,1.0,0.95686274766922,0.6235294342041016,calibrated_uv_reprojection_plus_stereo_left
26.401193618774414,-33.68690490722656,-567.84521484375,143.56927849669904,274.2859757333707,-52.402398665168334,352.0000003363134,231.00000042055527,1.0,0.9098039269447327,0.5843137502670288,calibrated_uv_reprojection_plus_stereo_left
27.613740921020508,-33.687049865722656,-567.8639526367188,142.88072482650824,273.2265395936985,-52.390006269863534,353.00000105318674,230.99999843466304,1.0,0.8705882430076599,0.5686274766921997,calibrated_uv_reprojection_plus_stereo_left
28.82647132873535,-33.68709945678711,-567.8811645507812,142.19136747776633,272.16741912448674,-52.376405634943865,353.99999895411594,231.00000028520623,1.0,0.9529411792755127,0.6352941393852234,calibrated_uv_reprojection_plus_stereo_left
30.041658401489258,-33.689613342285156,-567.9398803710938,141.51950372103403,271.0933010761782,-52.395565817448244,354.99999994104667,231.00000004187228,1.0,1.0,0.6549019813537598,calibrated_uv_reprojection_plus_stereo_left
31.270551681518555,-33.7064323425293,-568.2398071289062,140.9496244121592,269.9325242110087,-52.60514583987998,355.9999988265688,231.00000187428472,1.0,1.0,0.6509804129600525,calibrated_uv_reprojection_plus_stereo_left
32.48713684082031,-33.708961486816406,-568.2987670898438,140.27706948355097,268.8571148766996,-52.62446672659172,356.9999993595067,231.00000007541516,1.0,1.0,0.6470588445663452,calibrated_uv_reprojection_plus_stereo_left
33.70436477661133,-33.711692810058594,-568.3612060546875,139.60572682067385,267.7800704627482,-52.64652601277152,358.0000001967438,231.00000143394612,1.0,1.0,0.658823549747467,calibrated_uv_reprojection_plus_stereo_left
34.92798614501953,-33.72016525268555,-568.5203857421875,138.97477436179037,266.6674896305219,-52.744933134345274,359.00000015045947,230.9999998387017,0.9882352948188782,0.9882352948188782,0.6509804129600525,calibrated_uv_reprojection_plus_stereo_left
-15.861900329589844,-32.44778060913086,-566.6912231445312,166.45612996685128,311.86459682305815,-53.05697891012386,317.0000001304029,231.99999891326965,0.8784313797950745,0.8352941274642944,0.529411792755127,calibrated_uv_reprojection_plus_stereo_left
-14.658807754516602,-32.4460334777832,-566.6791381835938,165.7589213628915,310.8229569394377,-53.02046297914518,318.000000359246,232.00000061287108,0.9686274528503418,0.9254902005195618,0.615686297416687,calibrated_uv_reprojection_plus_stereo_left
-13.45528793334961,-32.443572998046875,-566.654541015625,165.05578995308178,309.7848110035559,-52.97402875323621,318.99999996937896,231.99999969985822,1.0,0.9960784316062927,0.6784313917160034,calibrated_uv_reprojection_plus_stereo_left
-12.243117332458496,-32.41841125488281,-566.2334594726562,164.16771378918526,308.86166928445886,-52.61346695006188,319.99999975398686,231.99999993449367,1.0,1.0,0.6823529601097107,calibrated_uv_reprojection_plus_stereo_left
-11.042311668395996,-32.421905517578125,-566.3128662109375,163.51335163081552,307.79374280586563,-52.64944342556288,320.99999945401714,231.99999916444142,1.0,1.0,0.6666666865348816,calibrated_uv_reprojection_plus_stereo_left
-9.840872764587402,-32.425025939941406,-566.3858032226562,162.8556864854731,306.72726659323257,-52.68028455771258,322.0000003162502,232.00000088495028,1.0,1.0,0.6666666865348816,calibrated_uv_reprojection_plus_stereo_left
-8.63847541809082,-32.4263916015625,-566.4280395507812,162.18353714621304,305.66944329449484,-52.686793919080685,322.99999963955815,231.9999999520249,1.0,1.0,0.6745098233222961,calibrated_uv_reprojection_plus_stereo_left
-7.4362287521362305,-32.429996490478516,-566.5093994140625,161.52923310687174,304.59966112853556,-52.72428453991438,323.99999989814074,231.99999909675643,1.0,1.0,0.6745098233222961,calibrated_uv_reprojection_plus_stereo_left
-6.232204437255859,-32.42709732055664,-566.4771728515625,160.82234737821364,303.56343510221564,-52.67179891048471,325.0000000991624,231.99999950309592,1.0,1.0,0.6784313917160034,calibrated_uv_reprojection_plus_stereo_left
-5.02852725982666,-32.426727294921875,-566.4891357421875,160.13571925133277,302.51385553839043,-52.654310212767655,326.00000002393324,232.00000015002658,1.0,1.0,0.686274528503418,calibrated_uv_reprojection_plus_stereo_left
-3.82442307472229,-32.42471694946289,-566.472412109375,159.43582578039337,301.47276878384184,-52.61409711983572,326.9999999763878,231.99999922597988,1.0,1.0,0.7019608020782471,calibrated_uv_reprojection_plus_stereo_left
-2.62009596824646,-32.42132568359375,-566.4315795898438,158.72486012272572,300.4389387484934,-52.5547901803846,327.99999993867186,231.9999990340327,1.0,1.0,0.7058823704719543,calibrated_uv_reprojection_plus_stereo_left
-1.4159024953842163,-32.421199798583984,-566.4478149414062,158.03987452827414,299.38759028332834,-52.54067280055568,328.9999999914923,231.9999996282,1.0,1.0,0.7098039388656616,calibrated_uv_reprojection_plus_stereo_left
-0.2114609330892563,-32.42160415649414,-566.4733276367188,157.35895703355385,298.33315960925563,-52.533895888014854,330.00000000661856,232.00000065161979,1.0,0.9882352948188782,0.7098039388656616,calibrated_uv_reprojection_plus_stereo_left
0.9932680130004883,-32.42189025878906,-566.4967041015625,156.6769077697881,297.2791375986575,-52.525418892027915,331.0000000221148,231.9999981399033,1.0,0.9882352948188782,0.7137255072593689,calibrated_uv_reprojection_plus_stereo_left
2.198934316635132,-32.43183517456055,-566.68896484375,156.07097397397848,296.1721155992412,-52.65064591285943,332.0000000016316,232.00000081696365,1.0,0.9529411792755127,0.6901960968971252,calibrated_uv_reprojection_plus_stereo_left
3.404730796813965,-32.43349075317383,-566.736328125,155.39919709271925,295.1097546789781,-52.661138913155355,332.9999999493833,232.00000033447705,0.9882352948188782,0.9372549057006836,0.6745098233222961,calibrated_uv_reprojection_plus_stereo_left
4.610491752624512,-32.432193756103516,-566.7321166992188,154.70402955613042,294.06336240758446,-52.6307964976769,333.9999996506795,232.00000050751802,0.9725490212440491,0.9098039269447327,0.6549019813537598,calibrated_uv_reprojection_plus_stereo_left
5.816620826721191,-32.43202590942383,-566.7476196289062,154.01759983878384,293.0105577344307,-52.616054984979996,335.0000000520341,231.9999997310141,0.9411764740943909,0.8784313797950745,0.6235294342041016,calibrated_uv_reprojection_plus_stereo_left
7.019647121429443,-32.4163818359375,-566.49267578125,153.21019421812173,292.04402180997096,-52.387244575247735,336.0000000794875,231.99999915939674,0.929411768913269,0.8549019694328308,0.6235294342041016,calibrated_uv_reprojection_plus_stereo_left
8.227023124694824,-32.42143630981445,-566.5994262695312,152.56446686252775,290.9619362358966,-52.44472403546831,337.0000003489257,231.9999975804262,0.8941176533699036,0.8235294222831726,0.5843137502670288,calibrated_uv_reprojection_plus_stereo_left
9.433321952819824,-32.420597076416016,-566.6032104492188,151.87261984695033,289.91260557246125,-52.42070013971761,338.00000034781993,231.99999724316328,0.8823529481887817,0.7960784435272217,0.545098066329956,calibrated_uv_reprojection_plus_stereo_left
10.640685081481934,-32.422393798828125,-566.653076171875,151.20107759025086,288.8481103766374,-52.43313983428044,339.00000024521205,231.9999973488633,0.8705882430076599,0.7843137383460999,0.5254902243614197,calibrated_uv_reprojection_plus_stereo_left
11.853556632995605,-32.43817901611328,-566.947509765625,150.63737801018578,287.7032550190439,-52.639106042070296,339.99999987601797,232.00000095998925,0.8980392217636108,0.8196078538894653,0.5529412031173706,calibrated_uv_reprojection_plus_stereo_left
13.06044864654541,-32.435546875,-566.9199829101562,149.93097716385,286.6630847112266,-52.590277098919046,340.9999997819685,232.00000090350042,0.9725490212440491,0.9372549057006836,0.6431372761726379,calibrated_uv_reprojection_plus_stereo_left
14.26754379272461,-32.4332275390625,-566.8978881835938,149.22692677576498,285.62105842156404,-52.545743671242064,342.0000000731015,231.9999991225659,1.0,0.9960784316062927,0.6745098233222961,calibrated_uv_reprojection_plus_stereo_left
15.474373817443848,-32.4301643371582,-566.8628540039062,148.51715282866053,284.5832624613994,-52.49097259253773,342.99999954053493,232.00000026096953,1.0,0.9960784316062927,0.658823549747467,calibrated_uv_reprojection_plus_stereo_left
16.678993225097656,-32.42273712158203,-566.7515258789062,147.77401943767808,283.5709631732366,-52.37584150174166,343.9999995537698,232.00000086685029,1.0,1.0,0.6549019813537598,calibrated_uv_reprojection_plus_stereo_left
17.887483596801758,-32.422855377197266,-566.7720336914062,147.08850513765503,282.5145594491846,-52.36500905719828,345.000000703676,231.999998664958,1.0,1.0,0.6509804129600525,calibrated_uv_reprojection_plus_stereo_left
19.095977783203125,-32.42251968383789,-566.78466796875,146.39941230062135,281.46058683304875,-52.34794400015829,346.00000048563635,231.99999920795307,1.0,1.0,0.6509804129600525,calibrated_uv_reprojection_plus_stereo_left
20.30472183227539,-32.422203063964844,-566.7976684570312,145.71034080828167,280.40628463223766,-52.331164167149666,346.9999998594702,232.0000011318066,1.0,1.0,0.6431372761726379,calibrated_uv_reprojection_plus_stereo_left
21.520397186279297,-32.43197250366211,-566.9869384765625,145.09729802186718,279.29148804617466,-52.45379666364698,348.0000008885068,232.00000011212757,1.0,1.0,0.6470588445663452,calibrated_uv_reprojection_plus_stereo_left
22.732799530029297,-32.4356575012207,-567.0698852539062,144.43787392955903,278.21239191338356,-52.49231725513289,349.0000007701796,232.0000007692338,1.0,1.0,0.6431372761726379,calibrated_uv_reprojection_plus_stereo_left
23.945173263549805,-32.43857955932617,-567.1394653320312,143.77240046473764,277.1374503249146,-52.52025373650952,349.99999929179927,231.99999971932402,1.0,0.9921568632125854,0.6352941393852234,calibrated_uv_reprojection_plus_stereo_left
25.157705307006836,-32.44108200073242,-567.2017211914062,143.10351120169457,276.0646346048485,-52.54238753545309,351.0000000361193,231.99999890580946,1.0,0.9764705896377563,0.6235294342041016,calibrated_uv_reprojection_plus_stereo_left
26.367616653442383,-32.4398078918457,-567.1979370117188,142.4061528387149,275.014503151136,-52.5122893834947,352.0000007783114,231.99999736657742,1.0,0.9725490212440491,0.6196078658103943,calibrated_uv_reprojection_plus_stereo_left
27.58020782470703,-32.44148635864258,-567.245849609375,141.73071676200425,273.9460696039623,-52.52306647186316,353.00000041209626,231.99999903809572,1.0,0.9803921580314636,0.6274510025978088,calibrated_uv_reprojection_plus_stereo_left
28.790937423706055,-32.44063186645508,-567.2494506835938,141.0362384871741,272.8929459679049,-52.49879881091124,353.99999935761656,231.99999944544598,1.0,0.9960784316062927,0.6431372761726379,calibrated_uv_reprojection_plus_stereo_left
30.00476837158203,-32.44291305541992,-567.307861328125,140.36485698851186,271.82018987346225,-52.517858912010695,355.00000098450494,231.99999866453504,1.0,1.0,0.6509804129600525,calibrated_uv_reprojection_plus_stereo_left
31.237642288208008,-32.464534759521484,-567.7045288085938,139.8360644510807,270.6263611879423,-52.804323988453575,356.0000003693261,231.99999997936456,1.0,1.0,0.6509804129600525,calibrated_uv_reprojection_plus_stereo_left
32.455535888671875,-32.46928787231445,-567.8062133789062,139.1819888565189,269.536703169557,-52.857557828930624,357.00000221732824,232.000000231874,1.0,1.0,0.6509804129600525,calibrated_uv_reprojection_plus_stereo_left
33.67601013183594,-32.47593688964844,-567.9410400390625,138.54147415092592,268.43456080485635,-52.93697494451129,358.00000165284547,231.99999939700174,1.0,1.0,0.6705882549285889,calibrated_uv_reprojection_plus_stereo_left
34.90318298339844,-32.48811340332031,-568.1725463867188,137.9409923703704,267.2967223120312,-53.09279254442629,359.00000059951566,231.9999985497675,0.8901960849761963,0.8823529481887817,0.5411764979362488,calibrated_uv_reprojection_plus_stereo_left
-13.441892623901367,-31.19925880432129,-565.93310546875,163.8371867865473,310.49252320105404,-53.02051843441802,318.9999995694487,233.00000021420053,0.8039215803146362,0.7490196228027344,0.45490196347236633,calibrated_uv_reprojection_plus_stereo_left
-12.232699394226074,-31.178617477416992,-565.5794067382812,162.98189407431016,309.55087325817215,-52.71303703096379,320.00000028178874,233.00000008910428,0.9058823585510254,0.8549019694328308,0.5568627715110779,calibrated_uv_reprojection_plus_stereo_left
-11.03310489654541,-31.18136978149414,-565.6500854492188,162.32408770251072,308.4867967489365,-52.74225490588526,321.0000000943518,233.0000010989862,0.9686274528503418,0.9529411792755127,0.6274510025978088,calibrated_uv_reprojection_plus_stereo_left
-9.832146644592285,-31.18132781982422,-565.6700439453125,161.64255526293664,307.4371633429665,-52.731225772293044,321.999999904138,233.00000041725755,1.0,1.0,0.6823529601097107,calibrated_uv_reprojection_plus_stereo_left
-8.630873680114746,-31.181114196777344,-565.6868896484375,160.95943390947076,306.3882155926949,-52.71772141565265,323.0000000594089,232.99999959227097,1.0,1.0,0.6823529601097107,calibrated_uv_reprojection_plus_stereo_left
-7.4309468269348145,-31.187610626220703,-565.8255004882812,160.33216636649047,305.3029173772311,-52.800793965393325,323.9999997042663,232.9999998085504,1.0,1.0,0.6784313917160034,calibrated_uv_reprojection_plus_stereo_left
-6.229666709899902,-31.191194534301758,-565.9113159179688,159.6802371982505,304.2327124416116,-52.84197635121541,325.00000014367555,233.00000158262128,1.0,1.0,0.6784313917160034,calibrated_uv_reprojection_plus_stereo_left
-5.027184009552002,-31.190710067749023,-565.9232788085938,158.9942110317337,303.184218421846,-52.82457373730654,326.0000002590682,233.00000127223643,1.0,1.0,0.6823529601097107,calibrated_uv_reprojection_plus_stereo_left
-3.824467658996582,-31.190217971801758,-565.93505859375,158.3079696565975,302.135576703903,-52.807019338335124,326.9999997815013,232.9999987329106,1.0,1.0,0.686274528503418,calibrated_uv_reprojection_plus_stereo_left
-2.620922088623047,-31.18263053894043,-565.8181762695312,157.56304763565635,301.12586214762075,-52.68743399437267,328.00000002408024,232.99999989653384,1.0,1.0,0.6941176652908325,calibrated_uv_reprojection_plus_stereo_left
-1.417965054512024,-31.181060791015625,-565.8104248046875,156.8678320365404,300.0830301107227,-52.65438869190939,328.99999991238536,232.9999982946177,1.0,1.0,0.6980392336845398,calibrated_uv_reprojection_plus_stereo_left
-0.21485799551010132,-31.179428100585938,-565.8016357421875,156.17205668420308,299.0403897648977,-52.62052022370483,330.0000000096021,233.00000136300815,1.0,1.0,0.6980392336845398,calibrated_uv_reprojection_plus_stereo_left
0.9884026050567627,-31.17807388305664,-565.7977905273438,155.47843394326912,297.9960900674837,-52.5905650659119,330.9999999979036,232.99999929576927,1.0,1.0,0.6980392336845398,calibrated_uv_reprojection_plus_stereo_left
2.192310094833374,-31.183555603027344,-565.9180908203125,154.8405932950031,296.9129761504262,-52.65903136204855,331.9999998987055,233.00000108649098,1.0,0.9960784316062927,0.7098039388656616,calibrated_uv_reprojection_plus_stereo_left
3.396190643310547,-31.182415008544922,-565.9181518554688,154.14838031058576,295.86693455927946,-52.632160099815565,333.0000000641749,232.99999988862942,1.0,0.9960784316062927,0.7137255072593689,calibrated_uv_reprojection_plus_stereo_left
4.60019063949585,-31.180843353271484,-565.9104614257812,153.45258946680315,294.82317927647034,-52.5991420686243,333.9999999393417,233.00000184014837,1.0,1.0,0.7098039388656616,calibrated_uv_reprojection_plus_stereo_left
5.804223537445068,-31.178647994995117,-565.891357421875,152.7516206341694,293.78291019119615,-52.55707089464124,334.99999988205127,232.99999940093403,1.0,1.0,0.7098039388656616,calibrated_uv_reprojection_plus_stereo_left
7.00804328918457,-31.175048828125,-565.8468627929688,152.03928531638712,292.7506521371084,-52.4948750352155,335.9999998328093,233.0000009708051,1.0,0.9960784316062927,0.7176470756530762,calibrated_uv_reprojection_plus_stereo_left
8.214556694030762,-31.181703567504883,-565.9884643554688,151.40958313936306,291.6587095660793,-52.58017173685556,336.9999993363575,233.00000137815937,1.0,0.9921568632125854,0.7137255072593689,calibrated_uv_reprojection_plus_stereo_left
9.420324325561523,-31.183286666870117,-566.0379638671875,150.7386494817522,290.5957939516154,-52.592456898904345,338.00000001292966,232.9999992525793,1.0,0.9803921580314636,0.6941176652908325,calibrated_uv_reprojection_plus_stereo_left
10.62598705291748,-31.18340492248535,-566.0609130859375,150.05576470384347,289.5411514316852,-52.583693940715136,339.00000061937635,232.99999866731648,1.0,0.9803921580314636,0.686274528503418,calibrated_uv_reprojection_plus_stereo_left
11.83906364440918,-31.20232582092285,-566.4252319335938,149.52303472265908,288.3748786887529,-52.845434208491895,339.999999720719,232.99999967125004,1.0,0.9960784316062927,0.6823529601097107,calibrated_uv_reprojection_plus_stereo_left
13.045310974121094,-31.200759887695312,-566.4176635742188,148.82600769384294,287.3291326708352,-52.81246213254161,340.99999961520564,233.00000068026972,1.0,1.0,0.6745098233222961,calibrated_uv_reprojection_plus_stereo_left
14.251688003540039,-31.199148178100586,-566.4092407226562,148.12852060905487,286.28353667027216,-52.77880890239436,341.9999998282799,233.00000049947857,1.0,1.0,0.6627451181411743,calibrated_uv_reprojection_plus_stereo_left
15.457974433898926,-31.19705581665039,-566.39208984375,147.42713764847775,285.24070873908164,-52.738237227743184,343.0000003735607,233.00000012712292,1.0,1.0,0.658823549747467,calibrated_uv_reprojection_plus_stereo_left
16.662315368652344,-31.191116333007812,-566.3050537109375,146.69526220337917,284.22110468750157,-52.64229674668576,344.0000014825248,232.99999797760557,1.0,1.0,0.6549019813537598,calibrated_uv_reprojection_plus_stereo_left
17.869897842407227,-31.191162109375,-566.3267822265625,146.01071888199948,283.16517168990254,-52.63252472001949,345.00000043682576,233.00000019874366,1.0,1.0,0.6470588445663452,calibrated_uv_reprojection_plus_stereo_left
19.0771484375,-31.190214157104492,-566.3304443359375,145.3181951406466,282.11509338692696,-52.60843468531942,346.0000001213636,233.00000115271055,1.0,1.0,0.6470588445663452,calibrated_uv_reprojection_plus_stereo_left
20.285341262817383,-31.190412521362305,-566.3548583984375,144.63451947693648,281.0578004114925,-52.60077568994899,346.9999998829254,232.9999990811189,1.0,1.0,0.6470588445663452,calibrated_uv_reprojection_plus_stereo_left
21.497852325439453,-31.196456909179688,-566.4854736328125,143.99639947334458,279.96403162119657,-52.677226955354286,348.00000012154004,232.99999884996313,1.0,1.0,0.6470588445663452,calibrated_uv_reprojection_plus_stereo_left
22.70982551574707,-31.200742721557617,-566.584228515625,143.34417417352245,278.88054898654195,-52.728430281869976,348.9999993434945,233.00000142020448,1.0,1.0,0.6470588445663452,calibrated_uv_reprojection_plus_stereo_left
23.92134666442871,-31.203651428222656,-566.6578979492188,142.6808648950538,277.8051869313525,-52.75975127318833,350.00000043902907,232.99999998892346,1.0,1.0,0.6470588445663452,calibrated_uv_reprojection_plus_stereo_left
25.13391876220703,-31.207246780395508,-566.7440795898438,142.02260987103523,276.7250569994385,-52.80097050229017,351.00000011929876,233.00000009495912,1.0,1.0,0.6431372761726379,calibrated_uv_reprojection_plus_stereo_left
26.34016990661621,-31.202699661254883,-566.682373046875,141.3010927273168,275.6959888554834,-52.725071687842046,352.00000129800526,232.99999930424485,1.0,0.9960784316062927,0.6431372761726379,calibrated_uv_reprojection_plus_stereo_left
27.55168342590332,-31.20420265197754,-566.7305908203125,140.6262723932465,274.6284773887618,-52.73621415579629,353.000000916431,233.00000050406155,1.0,0.9960784316062927,0.6392157077789307,calibrated_uv_reprojection_plus_stereo_left
28.763044357299805,-31.205120086669922,-566.7681274414062,139.94671028547532,273.56438858569084,-52.73888958542557,354.0000005528668,232.99999930500553,1.0,1.0,0.6431372761726379,calibrated_uv_reprojection_plus_stereo_left
29.976438522338867,-31.207794189453125,-566.837646484375,139.28044355134205,272.4886797054596,-52.76688001033966,354.9999985055419,233.0000012761802,1.0,1.0,0.6509804129600525,calibrated_uv_reprojection_plus_stereo_left
31.209209442138672,-31.2293758392334,-567.2505493164062,138.75836784546345,271.2903235154852,-53.06670045455513,355.9999995672468,233.00000045097534,1.0,1.0,0.6549019813537598,calibrated_uv_reprojection_plus_stereo_left
32.430362701416016,-31.237890243530273,-567.4261474609375,138.13562617233475,270.17518499358175,-53.178625216149214,356.99999910834447,233.0000007176664,1.0,1.0,0.6549019813537598,calibrated_uv_reprojection_plus_stereo_left
33.64984893798828,-31.243988037109375,-567.557861328125,137.49399198580778,269.0750173207632,-53.255791865613105,357.9999993857336,233.00000089938496,1.0,0.9882352948188782,0.658823549747467,calibrated_uv_reprojection_plus_stereo_left
-11.023648262023926,-29.942983627319336,-564.9749145507812,161.13115551247694,309.1822826235551,-52.82378162509764,321.0000002653866,233.999999490365,0.7254902124404907,0.6627451181411743,0.37254902720451355,calibrated_uv_reprojection_plus_stereo_left
-9.824410438537598,-29.94370460510254,-565.0117797851562,160.45813502369163,308.1290047305359,-52.82628363803866,321.9999998833012,233.99999963124944,0.800000011920929,0.7450980544090271,0.4627451002597809,calibrated_uv_reprojection_plus_stereo_left
-8.62374496459961,-29.940645217895508,-564.9773559570312,159.75215563499546,307.0963916488069,-52.77215267223693,323.00000041498527,234.0000015148659,0.9058823585510254,0.8588235378265381,0.5607843399047852,calibrated_uv_reprojection_plus_stereo_left
-7.424587249755859,-29.943811416625977,-565.060302734375,159.09995708451999,306.02902272727533,-52.81124240952295,323.9999999592942,233.99999849579078,1.0,0.9647058844566345,0.658823549747467,calibrated_uv_reprojection_plus_stereo_left
-6.224982261657715,-29.9473934173584,-565.1512451171875,158.4511002724518,304.95881148379794,-52.85667429344562,325.00000033562435,234.0000015813837,1.0,1.0,0.686274528503418,calibrated_uv_reprojection_plus_stereo_left
-5.024554252624512,-29.949459075927734,-565.2134399414062,157.78881658550222,303.8967150687182,-52.87925892113691,325.9999998558325,233.9999984163237,1.0,1.0,0.686274528503418,calibrated_uv_reprojection_plus_stereo_left
-3.8237645626068115,-29.95218849182129,-565.2882690429688,157.13201647747496,302.83042454146585,-52.91186953778134,327.00000000761236,233.99999959324091,1.0,1.0,0.6823529601097107,calibrated_uv_reprojection_plus_stereo_left
-2.6221234798431396,-29.950904846191406,-565.287353515625,156.44058235965508,301.78666738603795,-52.88432098289769,328.000000017017,234.00000021421414,1.0,1.0,0.6823529601097107,calibrated_uv_reprojection_plus_stereo_left
-1.4202101230621338,-29.94763946533203,-565.2490234375,155.73212610337578,300.7541694043226,-52.827059524249194,329.00000003299806,234.00000023622002,1.0,1.0,0.686274528503418,calibrated_uv_reprojection_plus_stereo_left
-0.21827802062034607,-29.944427490234375,-565.211669921875,155.0241005309639,299.7213543793905,-52.77057215245395,329.9999999921238,233.99999885451473,1.0,1.0,0.686274528503418,calibrated_uv_reprojection_plus_stereo_left
0.9837126731872559,-29.942283630371094,-565.1945190429688,154.32514683660872,298.6822818450139,-52.73012508672548,331.0000000273088,233.9999992481469,1.0,1.0,0.686274528503418,calibrated_uv_reprojection_plus_stereo_left
2.1860530376434326,-29.943431854248047,-565.239501953125,153.65400182253313,297.6238139296375,-52.73900294113304,332.0000001258487,233.99999908213786,1.0,1.0,0.686274528503418,calibrated_uv_reprojection_plus_stereo_left
3.388317346572876,-29.94060707092285,-565.2095336914062,152.94911166811153,296.5884426066108,-52.68837382350222,332.99999988821685,234.00000080060835,1.0,1.0,0.686274528503418,calibrated_uv_reprojection_plus_stereo_left
4.5908331871032715,-29.939064025878906,-565.2037353515625,152.25497352245105,295.54542564509757,-52.65692878609593,333.9999999740523,234.00000126797292,1.0,1.0,0.686274528503418,calibrated_uv_reprojection_plus_stereo_left
5.79321813583374,-29.936033248901367,-565.1697998046875,151.54822874784685,294.51116671779937,-52.603144809928665,334.99999991039374,233.99999940147077,1.0,1.0,0.686274528503418,calibrated_uv_reprojection_plus_stereo_left
6.998052597045898,-29.943317413330078,-565.3306884765625,150.92789708868742,293.4149193350079,-52.7039950559693,335.99999975636103,234.00000092975253,1.0,1.0,0.6980392336845398,calibrated_uv_reprojection_plus_stereo_left
8.203431129455566,-29.94942283630371,-565.4692993164062,150.29721145679753,292.3250434957528,-52.78714391124964,336.9999994971638,234.00000073822628,1.0,1.0,0.6941176652908325,calibrated_uv_reprojection_plus_stereo_left
9.408732414245605,-29.952817916870117,-565.5567626953125,149.64351299174263,291.2509506820319,-52.82968471605591,338.0000000113631,234.00000112308814,1.0,1.0,0.6784313917160034,calibrated_uv_reprojection_plus_stereo_left
10.613373756408691,-29.95278549194336,-565.5794677734375,148.96100359545756,290.19732787464807,-52.82082201618988,339.0000006766888,233.9999993239806,1.0,1.0,0.6745098233222961,calibrated_uv_reprojection_plus_stereo_left
11.825335502624512,-29.970600128173828,-565.939208984375,148.4262160389331,289.03378717967746,-53.07939692723329,340.00000019404894,233.99999849643334,1.0,1.0,0.6705882549285889,calibrated_uv_reprojection_plus_stereo_left
13.029913902282715,-29.967483520507812,-565.9037475585938,147.7175200277647,287.9980924585923,-53.02435387800557,341.00000055373533,233.99999890572866,1.0,1.0,0.6627451181411743,calibrated_uv_reprojection_plus_stereo_left
14.235217094421387,-29.9658260345459,-565.8958740234375,147.02084229754126,286.953292025016,-52.991199797890545,342.00000008334507,234.00000073026752,1.0,1.0,0.6549019813537598,calibrated_uv_reprojection_plus_stereo_left
15.441360473632812,-29.965511322021484,-565.9132690429688,146.33507583663584,285.8999955183227,-52.978087187513665,343.0000007078381,233.9999984552212,1.0,1.0,0.6549019813537598,calibrated_uv_reprojection_plus_stereo_left
16.645919799804688,-29.96187973022461,-565.8681030273438,145.62201542875636,284.86729956937154,-52.91533974577612,344.0000006596505,233.99999958364023,1.0,1.0,0.6549019813537598,calibrated_uv_reprojection_plus_stereo_left
17.851743698120117,-29.960390090942383,-565.8634033203125,144.92646916131292,283.8210714320539,-52.88469388197308,344.99999849571384,234.0000012118834,1.0,1.0,0.6470588445663452,calibrated_uv_reprojection_plus_stereo_left
19.058290481567383,-29.95977783203125,-565.875244140625,144.23796482841544,282.7691322065032,-52.867163814691594,345.99999865074585,234.00000132439064,1.0,1.0,0.6470588445663452,calibrated_uv_reprojection_plus_stereo_left
20.26494026184082,-29.958972930908203,-565.8834228515625,143.54775150974092,281.7182281066856,-52.846723042734084,346.9999992753091,234.00000021121357,1.0,1.0,0.6470588445663452,calibrated_uv_reprojection_plus_stereo_left
21.47564125061035,-29.96351432800293,-565.9926147460938,142.90074338215902,280.63276717058454,-52.90639498965379,348.00000025487924,234.0000000034296,1.0,1.0,0.6470588445663452,calibrated_uv_reprojection_plus_stereo_left
22.687149047851562,-29.968265533447266,-566.1057739257812,142.2550600333483,279.54538606354197,-52.96919864423268,349.0000003552304,233.99999941820596,1.0,1.0,0.6470588445663452,calibrated_uv_reprojection_plus_stereo_left
23.8976993560791,-29.970979690551758,-566.1804809570312,141.59259282137714,278.470652078542,-53.00149383651001,350.0000001073312,233.9999995672881,1.0,1.0,0.6470588445663452,calibrated_uv_reprojection_plus_stereo_left
25.10918426513672,-29.97420883178711,-566.2649536132812,140.93398934913984,277.3921060633738,-53.04152262445615,350.999999469873,234.00000089832778,1.0,1.0,0.6470588445663452,calibrated_uv_reprojection_plus_stereo_left
26.3153076171875,-29.970712661743164,-566.2223510742188,140.2211860094735,276.3572630603606,-52.980774998420884,351.99999920689146,234.00000101542784,1.0,1.0,0.6470588445663452,calibrated_uv_reprojection_plus_stereo_left
27.5247802734375,-29.970861434936523,-566.2485961914062,139.53749309244938,275.2983554498537,-52.974615894931446,352.99999979604706,234.00000036857438,1.0,1.0,0.6470588445663452,calibrated_uv_reprojection_plus_stereo_left
28.7364559173584,-29.972999572753906,-566.3124389648438,138.8694817675589,274.22598159339805,-52.998259584631455,354.000000098008,233.99999992800429,1.0,1.0,0.6509804129600525,calibrated_uv_reprojection_plus_stereo_left
29.94951629638672,-29.97606658935547,-566.3938598632812,138.20859745868887,273.1470039431345,-53.035829565285326,354.9999997133419,234.00000028744802,1.0,1.0,0.6549019813537598,calibrated_uv_reprojection_plus_stereo_left
31.18169403076172,-29.997013092041016,-566.8131103515625,137.68901050762122,271.9476138607279,-53.34120253731692,356.00000043228937,233.9999995384477,1.0,1.0,0.6549019813537598,calibrated_uv_reprojection_plus_stereo_left
32.400634765625,-30.00387191772461,-566.9661865234375,137.05704727889236,270.84150954436996,-53.43553336939914,357.00000133496945,233.99999853777933,1.0,1.0,0.658823549747467,calibrated_uv_reprojection_plus_stereo_left
33.621891021728516,-30.012046813964844,-567.1442260742188,136.43500271395237,269.72572480998133,-53.5496350697174,358.00000060426066,234.00000091139475,0.9137254953384399,0.8588235378265381,0.5490196347236633,calibrated_uv_reprojection_plus_stereo_left
-6.220938682556152,-28.70981216430664,-564.4501953125,157.25120880650917,305.6660564487053,-52.91665949116873,325.00000032400993,235.00000061002623,0.8117647171020508,0.7372549176216125,0.45490196347236633,calibrated_uv_reprojection_plus_stereo_left
-5.022587776184082,-28.71505355834961,-564.5792236328125,156.6199778170219,304.5853808844339,-52.992543649050674,325.999999701789,234.99999890542966,0.929411768913269,0.8784313797950745,0.5803921818733215,calibrated_uv_reprojection_plus_stereo_left
-3.823545455932617,-28.720592498779297,-564.7141723632812,155.99100677132594,303.5022918321795,-53.07312098012699,327.00000010807554,234.9999994918626,0.9843137264251709,0.9725490212440491,0.6705882549285889,calibrated_uv_reprojection_plus_stereo_left
-2.623072862625122,-28.718738555908203,-564.7037963867188,155.29592831640184,302.46248574636513,-53.038123199206154,328.0000002038661,235.0000012223838,1.0,1.0,0.6941176652908325,calibrated_uv_reprojection_plus_stereo_left
-1.4224015474319458,-28.715652465820312,-564.6691284179688,154.58982540596628,301.42994828346565,-52.98380533013392,329.00000002560756,235.00000016569527,1.0,1.0,0.686274528503418,calibrated_uv_reprojection_plus_stereo_left
-0.22169654071331024,-28.71270179748535,-564.6371459960938,153.88490872882488,300.3965591983494,-52.9316224871003,329.999999994031,235.00000002827358,1.0,1.0,0.6784313917160034,calibrated_uv_reprojection_plus_stereo_left
0.9789880514144897,-28.707801818847656,-564.5668334960938,153.1627847266996,299.3749316230629,-52.848964941190104,331.000000002948,235.000000060386,1.0,1.0,0.6784313917160034,calibrated_uv_reprojection_plus_stereo_left
2.179948568344116,-28.708078384399414,-564.5983276367188,152.48623625250588,298.3218725403693,-52.84724516763697,331.9999999171297,235.00000020720867,1.0,1.0,0.6745098233222961,calibrated_uv_reprojection_plus_stereo_left
3.3810348510742188,-28.706737518310547,-564.5980224609375,151.7953301364991,297.27844707238205,-52.820239904437244,332.9999999226087,235.00000057090173,1.0,1.0,0.6745098233222961,calibrated_uv_reprojection_plus_stereo_left
4.582007884979248,-28.703554153442383,-564.5614624023438,151.08820318939883,296.2462274767949,-52.764411333752605,334.0000000569915,235.0000001194841,1.0,1.0,0.6784313917160034,calibrated_uv_reprojection_plus_stereo_left
5.783125877380371,-28.700960159301758,-564.5364990234375,150.38620229068772,295.21032898420367,-52.717799845184345,334.99999984226775,234.99999981294263,1.0,1.0,0.6784313917160034,calibrated_uv_reprojection_plus_stereo_left
6.988109588623047,-28.71393585205078,-564.8178100585938,149.81956462033946,294.07723478152985,-52.914613390288764,335.99999999659957,234.9999998892713,1.0,1.0,0.6823529601097107,calibrated_uv_reprojection_plus_stereo_left
8.192127227783203,-28.718687057495117,-564.9373779296875,149.18082258564306,292.99453559057974,-52.98285099094187,336.9999997403073,235.00000056793988,1.0,1.0,0.6823529601097107,calibrated_uv_reprojection_plus_stereo_left
9.395648956298828,-28.71980857849121,-564.9855346679688,148.51028674455637,291.934145962423,-52.99432191161981,337.9999996200957,235.0000003252601,1.0,1.0,0.6705882549285889,calibrated_uv_reprojection_plus_stereo_left
10.600333213806152,-28.7230281829834,-565.074951171875,147.8576182459281,290.8601044986352,-53.03857086377002,339.00000032620875,234.9999990364118,1.0,1.0,0.6666666865348816,calibrated_uv_reprojection_plus_stereo_left
11.810928344726562,-28.739259719848633,-565.42041015625,147.31657037049757,289.7024811582888,-53.28626174531871,340.0000002975099,234.99999908327177,1.0,1.0,0.658823549747467,calibrated_uv_reprojection_plus_stereo_left
13.014996528625488,-28.737424850463867,-565.4104614257812,146.6196169150175,288.6594197341808,-53.25152286419552,341.0000001764866,234.99999971871057,1.0,1.0,0.658823549747467,calibrated_uv_reprojection_plus_stereo_left
14.219693183898926,-28.736576080322266,-565.419921875,145.93102100860273,287.6098657179839,-53.232201816509075,342.0000000577607,235.0000005092994,1.0,1.0,0.6549019813537598,calibrated_uv_reprojection_plus_stereo_left
15.4244384765625,-28.73540496826172,-565.4229736328125,145.239520815437,286.56223147393723,-53.20778244883513,343.0000002429581,234.99999830914706,1.0,1.0,0.6549019813537598,calibrated_uv_reprojection_plus_stereo_left
16.62881088256836,-28.733245849609375,-565.4066772460938,144.53954002715813,285.5208510180058,-53.16799050969735,344.000000708373,234.99999988114922,1.0,1.0,0.6549019813537598,calibrated_uv_reprojection_plus_stereo_left
17.83370018005371,-28.731740951538086,-565.4031982421875,143.84502209391718,284.4750932074201,-53.13837627823807,345.00000051215113,234.99999895201188,1.0,1.0,0.6470588445663452,calibrated_uv_reprojection_plus_stereo_left
19.039203643798828,-28.730907440185547,-565.4129638671875,143.1560997319334,283.42474446491536,-53.119279566753676,346.00000041239866,234.99999921917345,1.0,1.0,0.6470588445663452,calibrated_uv_reprojection_plus_stereo_left
20.244863510131836,-28.729978561401367,-565.4208374023438,142.46623819043583,282.3748391213228,-53.09867449411405,346.99999995565213,234.99999863941383,1.0,1.0,0.6509804129600525,calibrated_uv_reprojection_plus_stereo_left
21.45337677001953,-28.73257827758789,-565.4981689453125,141.80593783214283,281.30117406575266,-53.13323026566695,348.0000009905113,234.9999982908775,1.0,1.0,0.6509804129600525,calibrated_uv_reprojection_plus_stereo_left
22.66282844543457,-28.7357177734375,-565.586181640625,141.14989432308778,280.22342214106175,-53.17625863678484,349.000000023144,234.9999998795617,1.0,1.0,0.6470588445663452,calibrated_uv_reprojection_plus_stereo_left
23.873336791992188,-28.739456176757812,-565.6859741210938,140.49853567846554,279.14114260321605,-53.22862872495284,349.9999998905478,235.0000005903403,1.0,1.0,0.6470588445663452,calibrated_uv_reprojection_plus_stereo_left
25.08355712890625,-28.74216651916504,-565.7655029296875,139.83824118740932,278.06532089201994,-53.26489305009727,351.00000098223177,234.9999995981711,1.0,1.0,0.6470588445663452,calibrated_uv_reprojection_plus_stereo_left
26.29085922241211,-28.74111557006836,-565.77099609375,139.14636641777224,277.0147177416877,-53.24235840927008,352.00000169275216,234.9999983671759,1.0,1.0,0.6470588445663452,calibrated_uv_reprojection_plus_stereo_left
27.499408721923828,-28.741151809692383,-565.7979736328125,138.4634227131951,275.9564500051099,-53.236879673707165,352.9999994763197,235.00000040450814,1.0,1.0,0.6509804129600525,calibrated_uv_reprojection_plus_stereo_left
28.711435317993164,-28.744369506835938,-565.8875122070312,137.8065863150096,274.87599202962315,-53.28106208529573,354.0000009287844,234.99999913179016,1.0,1.0,0.6549019813537598,calibrated_uv_reprojection_plus_stereo_left
29.922935485839844,-28.746538162231445,-565.9564819335938,137.14080989202841,273.8022948851193,-53.30890435014527,354.99999861957167,235.0000009038418,1.0,1.0,0.6549019813537598,calibrated_uv_reprojection_plus_stereo_left
31.152557373046875,-28.764997482299805,-566.3461303710938,136.6086716947816,272.61460125634443,-53.591304308549695,355.9999999911329,234.9999995525008,1.0,1.0,0.6549019813537598,calibrated_uv_reprojection_plus_stereo_left
32.368045806884766,-28.769248962402344,-566.4561157226562,135.95902800241646,271.52487192758167,-53.65166739097219,357.0000009151421,235.00000005426273,1.0,1.0,0.6549019813537598,calibrated_uv_reprojection_plus_stereo_left
33.58590316772461,-28.77497100830078,-566.5950927734375,135.3210449595329,270.4242023239194,-53.735028801462136,357.99999932948936,235.00000145203506,0.7607843279838562,0.6823529601097107,0.40392157435417175,calibrated_uv_reprojection_plus_stereo_left
-2.623199701309204,-27.480499267578125,-563.9449462890625,154.07414167681992,303.19012364262005,-53.05107625432345,328.0000000999608,236.00000027301726,0.8117647171020508,0.7450980544090271,0.46666666865348816,calibrated_uv_reprojection_plus_stereo_left
-1.424206256866455,-27.47879981994629,-563.9390869140625,153.38188648448607,302.1502505453027,-53.01974192597288,329.0000000877009,236.00000063015048,0.9529411792755127,0.9137254953384399,0.6117647290229797,calibrated_uv_reprojection_plus_stereo_left
-0.2250485122203827,-27.476181030273438,-563.9143676757812,152.68109372468683,301.1159965874152,-52.973388452798076,330.00000001555435,236.0000011778128,1.0,0.9921568632125854,0.6823529601097107,calibrated_uv_reprojection_plus_stereo_left
0.9741342067718506,-27.472105026245117,-563.8596801757812,151.96687304758876,300.0908751638538,-52.90317314344736,331.00000000670474,235.99999924537704,1.0,1.0,0.686274528503418,calibrated_uv_reprojection_plus_stereo_left
2.173578977584839,-27.471981048583984,-563.8861694335938,151.2888395078113,299.04072734457037,-52.89758377315434,331.9999999637183,235.99999971807483,1.0,1.0,0.6745098233222961,calibrated_uv_reprojection_plus_stereo_left
3.373072385787964,-27.4698543548584,-563.8715209960938,150.59236335266803,298.00310434111304,-52.85923994869427,333.0000000479918,235.99999876032328,1.0,1.0,0.6705882549285889,calibrated_uv_reprojection_plus_stereo_left
4.572897434234619,-27.468997955322266,-563.8829956054688,149.90738925748877,296.95721336433587,-52.84168815544672,334.0000003162023,235.999999571614,1.0,1.0,0.6784313917160034,calibrated_uv_reprojection_plus_stereo_left
5.773390293121338,-27.470224380493164,-563.9371948242188,149.24115876801358,295.89768882541193,-52.85813646297322,335.0000002691459,235.99999878574388,1.0,1.0,0.6784313917160034,calibrated_uv_reprojection_plus_stereo_left
6.977400302886963,-27.48367691040039,-564.242431640625,148.68528513318637,294.758415855457,-53.07437509475574,336.00000033412755,235.99999899597992,1.0,1.0,0.6745098233222961,calibrated_uv_reprojection_plus_stereo_left
8.179429054260254,-27.485490798950195,-564.3087768554688,148.02360671930313,293.69384733744516,-53.1004607804598,337.00000027843777,236.0000003104357,1.0,1.0,0.6705882549285889,calibrated_uv_reprojection_plus_stereo_left
9.381906509399414,-27.487260818481445,-564.3742065429688,147.3612613034682,292.62916816912866,-53.125806921276535,337.9999995861885,236.00000056925253,1.0,1.0,0.6705882549285889,calibrated_uv_reprojection_plus_stereo_left
10.586246490478516,-27.49266815185547,-564.5143432617188,146.73128796618727,291.54004768642886,-53.21059118204499,338.99999944950554,236.0000012298167,1.0,1.0,0.6666666865348816,calibrated_uv_reprojection_plus_stereo_left
11.791401863098145,-27.498159408569336,-564.6561889648438,146.1016118751105,290.4496960358649,-53.29671711284578,339.9999997369425,236.00000054513595,1.0,1.0,0.6549019813537598,calibrated_uv_reprojection_plus_stereo_left
12.992749214172363,-27.493925094604492,-564.5983276367188,145.38472452216575,289.42366410215936,-53.2239273308993,341.00000090879314,235.99999954642635,1.0,1.0,0.6549019813537598,calibrated_uv_reprojection_plus_stereo_left
14.194067001342773,-27.48975944519043,-564.5419311523438,144.66850791862714,288.3972114674245,-53.15230587634443,342.0000001193685,236.0000008290645,1.0,1.0,0.6549019813537598,calibrated_uv_reprojection_plus_stereo_left
15.396028518676758,-27.486846923828125,-564.51123046875,143.9634255566295,287.36234858900207,-53.101127287175416,342.99999992663857,236.0000005346008,1.0,1.0,0.6549019813537598,calibrated_uv_reprojection_plus_stereo_left
16.601490020751953,-27.48964500427246,-564.5977783203125,143.30881957857656,286.28862414328825,-53.14321929678215,344.0000003107635,235.9999986087801,1.0,1.0,0.6549019813537598,calibrated_uv_reprojection_plus_stereo_left
17.80555534362793,-27.48943328857422,-564.6226196289062,142.62738921444378,285.23496635476556,-53.136216132819584,344.9999992791082,236.00000074077806,1.0,1.0,0.6549019813537598,calibrated_uv_reprojection_plus_stereo_left
19.00896453857422,-27.487857818603516,-564.619384765625,141.93377005209516,284.1904545933588,-53.10687246249881,345.99999871249577,236.00000000949927,1.0,1.0,0.6549019813537598,calibrated_uv_reprojection_plus_stereo_left
20.21392059326172,-27.4881534576416,-564.6546020507812,141.25647441395063,283.1328518626725,-53.108109035438304,346.9999993319441,235.99999977136503,1.0,1.0,0.6509804129600525,calibrated_uv_reprojection_plus_stereo_left
21.416767120361328,-27.485313415527344,-564.6254272460938,140.5515654934087,282.0967542800731,-53.05812603889939,347.99999996569096,236.0000001617933,1.0,1.0,0.6470588445663452,calibrated_uv_reprojection_plus_stereo_left
22.625404357910156,-27.489439010620117,-564.7393798828125,139.9073981314976,281.01190016067716,-53.1219682604775,348.9999990923379,236.0000015616774,1.0,1.0,0.6470588445663452,calibrated_uv_reprojection_plus_stereo_left
23.83247184753418,-27.490982055664062,-564.8002319335938,139.24036447606733,279.94463113810065,-53.14356698099476,349.9999998727544,236.0000005937212,1.0,1.0,0.6470588445663452,calibrated_uv_reprojection_plus_stereo_left
25.039409637451172,-27.491897583007812,-564.8482055664062,138.5676400673329,278.8814092973935,-53.15491530700814,350.9999995628971,235.99999978246578,1.0,1.0,0.6470588445663452,calibrated_uv_reprojection_plus_stereo_left
26.25005340576172,-27.496286392211914,-564.9675903320312,137.92475103706863,277.7931520233293,-53.223037314652345,351.99999954877376,236.00000042826974,1.0,1.0,0.6470588445663452,calibrated_uv_reprojection_plus_stereo_left
27.458066940307617,-27.49734878540039,-565.0186157226562,137.25277364086276,276.7280634981649,-53.23679170948333,352.9999989588671,236.0000000811407,1.0,1.0,0.6470588445663452,calibrated_uv_reprojection_plus_stereo_left
28.66715431213379,-27.499053955078125,-565.0828857421875,136.58610681237684,275.6579962696152,-53.26106781914763,353.9999992377774,236.00000079937922,1.0,1.0,0.6509804129600525,calibrated_uv_reprojection_plus_stereo_left
29.878602981567383,-27.502513885498047,-565.1831665039062,135.93420475009157,274.5748748940449,-53.313960456442146,354.99999956248433,235.99999904963033,1.0,1.0,0.6549019813537598,calibrated_uv_reprojection_plus_stereo_left
31.108577728271484,-27.521818161010742,-565.609130859375,135.41744236689874,273.37616131786683,-53.62574083385749,356.00000160609517,235.9999991924178,1.0,1.0,0.6666666865348816,calibrated_uv_reprojection_plus_stereo_left
32.32213592529297,-27.525436401367188,-565.7127685546875,134.7658277065538,272.29018280398594,-53.6812606497669,357.0000015084407,235.99999973742,0.8980392217636108,0.8941176533699036,0.5568627715110779,calibrated_uv_reprojection_plus_stereo_left
-0.22846263647079468,-26.250925064086914,-563.3676147460938,151.55808888922252,301.7806020572024,-53.153920502295875,329.99999999522817,236.99999957670548,0.7254902124404907,0.6392157077789307,0.32549020648002625,calibrated_uv_reprojection_plus_stereo_left
0.96959388256073,-26.247642517089844,-563.3294067382812,150.85188532602945,300.7514289457803,-53.0968562307101,331.00000003412526,236.9999986812096,0.886274516582489,0.8039215803146362,0.47843137383461,calibrated_uv_reprojection_plus_stereo_left
2.1679115295410156,-26.24728775024414,-563.3540649414062,150.17357544119778,299.7028787154102,-53.08990751810438,332.0000001436749,236.9999987884515,0.9882352948188782,0.9764705896377563,0.658823549747467,calibrated_uv_reprojection_plus_stereo_left
3.366487979888916,-26.24671745300293,-563.3741455078125,149.4930731896868,298.6554989090355,-53.079304469902354,332.9999998835121,237.00000048577522,1.0,1.0,0.686274528503418,calibrated_uv_reprojection_plus_stereo_left
4.565290927886963,-26.245912551879883,-563.38916015625,148.81018200279118,297.6094648348651,-53.064656647246466,333.9999999162195,237.00000073868597,1.0,1.0,0.6784313917160034,calibrated_uv_reprojection_plus_stereo_left
5.7643208503723145,-26.24502182006836,-563.40234375,148.12634324899426,296.5637914590179,-53.04854407361347,334.9999999631587,237.0000011801739,1.0,1.0,0.6705882549285889,calibrated_uv_reprojection_plus_stereo_left
6.967569351196289,-26.25913429260254,-563.7376098632812,147.5837601937318,295.41633777069137,-53.28912107211062,335.9999998535353,237.0000009846474,1.0,1.0,0.6705882549285889,calibrated_uv_reprojection_plus_stereo_left
8.170122146606445,-26.26583480834961,-563.913818359375,146.97062031719133,294.3179423328557,-53.40290389573249,336.9999993729518,237.0000019493187,1.0,1.0,0.6666666865348816,calibrated_uv_reprojection_plus_stereo_left
9.371191024780273,-26.265762329101562,-563.944580078125,146.29345161571405,293.265142119437,-53.40075949645558,337.99999945835725,237.00000093922705,1.0,1.0,0.658823549747467,calibrated_uv_reprojection_plus_stereo_left
10.573140144348145,-26.2670955657959,-564.0055541992188,145.62925369711337,292.2023740694716,-53.422683194056276,339.0000001564526,237.0000007243188,1.0,1.0,0.6549019813537598,calibrated_uv_reprojection_plus_stereo_left
11.776080131530762,-26.269655227661133,-564.0928344726562,144.97622244080776,291.13073084497336,-53.46555676276597,340.0000006934719,236.999998920194,1.0,1.0,0.6549019813537598,calibrated_uv_reprojection_plus_stereo_left
12.977312088012695,-26.267635345458984,-564.0818481445312,144.28033462409422,290.09050733708193,-53.43012565921185,341.0000001161047,236.9999995004196,1.0,1.0,0.6549019813537598,calibrated_uv_reprojection_plus_stereo_left
14.176838874816895,-26.262205123901367,-563.9976196289062,143.5527543829926,289.07407663317645,-53.33633916417341,341.99999984367736,236.9999998234118,1.0,1.0,0.6549019813537598,calibrated_uv_reprojection_plus_stereo_left
15.376289367675781,-26.256946563720703,-563.9170532226562,142.82685238466792,288.05659624919446,-53.24547354209005,342.9999999141034,236.99999937520394,1.0,1.0,0.6549019813537598,calibrated_uv_reprojection_plus_stereo_left
16.58009910583496,-26.258846282958984,-563.9902954101562,142.16705491986562,286.98847576491676,-53.27713822053721,343.99999882715497,237.00000151224057,1.0,1.0,0.6549019813537598,calibrated_uv_reprojection_plus_stereo_left
17.783140182495117,-26.258880615234375,-564.0233764648438,141.4897873013187,285.93325516955343,-53.27679852072151,345.0000002323804,236.9999994919161,1.0,1.0,0.6509804129600525,calibrated_uv_reprojection_plus_stereo_left
18.986217498779297,-26.258516311645508,-564.0479736328125,140.8087117484872,284.88058886568365,-53.26969583227361,346.0000002641907,237.00000019844327,1.0,1.0,0.6470588445663452,calibrated_uv_reprojection_plus_stereo_left
20.189863204956055,-26.25851821899414,-564.0804443359375,140.13082167949415,283.82503025933795,-53.26885775543332,346.99999963300627,237.00000086364497,1.0,1.0,0.6470588445663452,calibrated_uv_reprojection_plus_stereo_left
21.3914852142334,-26.25564193725586,-564.0510864257812,139.42651398076663,282.7900643232018,-53.21877098918941,347.99999910274335,237.00000133463726,1.0,1.0,0.6470588445663452,calibrated_uv_reprojection_plus_stereo_left
22.59752082824707,-26.257827758789062,-564.1304321289062,138.76816221741785,281.71814895634594,-53.2552500250423,349.0000001048912,236.99999972921316,1.0,1.0,0.6470588445663452,calibrated_uv_reprojection_plus_stereo_left
23.802587509155273,-26.25836944580078,-564.1744995117188,138.0946289508595,280.65782271637767,-53.263625351002645,349.99999975342337,236.9999993922137,1.0,1.0,0.6470588445663452,calibrated_uv_reprojection_plus_stereo_left
25.0083065032959,-26.25920295715332,-564.2249145507812,137.42354985813887,279.59499740262817,-53.27704853674726,350.9999996250623,237.00000166027328,1.0,1.0,0.6470588445663452,calibrated_uv_reprojection_plus_stereo_left
26.217069625854492,-26.262691497802734,-564.332275390625,136.77612731799195,278.51217802898907,-53.335801983634724,352.0000000935486,236.99999943190065,1.0,1.0,0.6509804129600525,calibrated_uv_reprojection_plus_stereo_left
27.424907684326172,-26.264677047729492,-564.4074096679688,136.11485870156912,277.43998043539193,-53.36888430622906,353.0000004468653,236.9999993034253,1.0,1.0,0.6549019813537598,calibrated_uv_reprojection_plus_stereo_left
28.632925033569336,-26.26636505126953,-564.4761962890625,135.45065411090542,276.36956138999847,-53.39690270737475,353.9999988867061,237.00000046031775,1.0,1.0,0.6549019813537598,calibrated_uv_reprojection_plus_stereo_left
29.843276977539062,-26.269685745239258,-564.580078125,134.80076288813774,275.28642307235964,-53.452849127853824,354.9999997227172,237.00000134607836,1.0,1.0,0.6549019813537598,calibrated_uv_reprojection_plus_stereo_left
31.071598052978516,-26.287681579589844,-564.9993286132812,134.28122403194124,274.09160303580524,-53.75982605670998,355.9999998732396,236.99999991223848,1.0,1.0,0.6705882549285889,calibrated_uv_reprojection_plus_stereo_left
32.28194046020508,-26.289424896240234,-565.0693359375,133.61622754557976,273.01879167898795,-53.78876535595123,356.9999999506129,236.9999999463394,0.7568627595901489,0.7254902124404907,0.3960784375667572,calibrated_uv_reprojection_plus_stereo_left
3.359747886657715,-25.02447509765625,-562.849609375,148.38334229485315,299.31541132151585,-53.27660873052184,332.99999981191473,238.00000106217783,0.7921568751335144,0.6941176652908325,0.40784314274787903,calibrated_uv_reprojection_plus_stereo_left
4.557282447814941,-25.022668838500977,-562.8447875976562,147.69227388725722,298.2765543298247,-53.24621468101623,334.0000003056145,237.9999997229465,0.9607843160629272,0.9098039269447327,0.5921568870544434,calibrated_uv_reprojection_plus_stereo_left
5.7551045417785645,-25.021413803100586,-562.8524169921875,147.006573585272,297.2336663751505,-53.22575576030539,335.0000000695908,238.0000001165543,1.0,1.0,0.686274528503418,calibrated_uv_reprojection_plus_stereo_left
6.956395626068115,-25.031871795654297,-563.12353515625,146.43600946672836,296.1077300112176,-53.41557672222831,335.9999997599853,237.99999988016967,1.0,1.0,0.6784313917160034,calibrated_uv_reprojection_plus_stereo_left
8.155933380126953,-25.0328426361084,-563.1812744140625,145.7715979028663,295.04813085377145,-53.435085226304125,337.0000001663977,238.00000039031897,1.0,1.0,0.6745098233222961,calibrated_uv_reprojection_plus_stereo_left
9.357027053833008,-25.036834716796875,-563.3070068359375,145.1365167517369,293.9665272597609,-53.50884193528748,337.9999995771881,238.00000108999882,1.0,1.0,0.6705882549285889,calibrated_uv_reprojection_plus_stereo_left
10.558838844299316,-25.04082679748535,-563.4326782226562,144.50099803958744,292.8843168492489,-53.58253211415263,339.00000057843476,237.99999873020167,1.0,1.0,0.6705882549285889,calibrated_uv_reprojection_plus_stereo_left
11.759692192077637,-25.041250228881836,-563.4781494140625,143.83037589833293,291.827301275846,-53.59221726589209,339.9999999850958,237.99999933921418,1.0,1.0,0.6705882549285889,calibrated_uv_reprojection_plus_stereo_left
12.958772659301758,-25.037521362304688,-563.43017578125,143.11923420509055,290.8002093565922,-53.5273393731631,340.99999986328555,237.99999938755826,1.0,1.0,0.6705882549285889,calibrated_uv_reprojection_plus_stereo_left
14.158014297485352,-25.034116744995117,-563.3895263671875,142.41125479597537,289.7707532072187,-53.468305855856784,341.99999923795707,238.00000046242315,1.0,1.0,0.6705882549285889,calibrated_uv_reprojection_plus_stereo_left
15.356913566589355,-25.03013801574707,-563.3359375,141.6977208507434,288.7455244882404,-53.39894924540744,342.9999998130133,238.00000084754254,1.0,1.0,0.658823549747467,calibrated_uv_reprojection_plus_stereo_left
16.559886932373047,-25.03238868713379,-563.4225463867188,141.044166983759,287.674171365437,-53.44142944664378,344.0000001197422,238.00000084033184,1.0,1.0,0.6549019813537598,calibrated_uv_reprojection_plus_stereo_left
17.761524200439453,-25.031980514526367,-563.4492797851562,140.3647661303878,286.62216527214724,-53.43613646646429,345.00000040811216,237.9999992189603,1.0,1.0,0.6470588445663452,calibrated_uv_reprojection_plus_stereo_left
18.963254928588867,-25.03130340576172,-563.4700317382812,139.68265044279758,285.5718960145995,-53.42606755981177,345.99999947982883,237.99999995340855,1.0,1.0,0.6470588445663452,calibrated_uv_reprojection_plus_stereo_left
20.16678810119629,-25.03252601623535,-563.5335693359375,139.0185174053437,284.5070650318295,-53.45011701687412,346.99999897634746,238.00000109236657,1.0,1.0,0.6470588445663452,calibrated_uv_reprojection_plus_stereo_left
21.366701126098633,-25.02897834777832,-563.4896240234375,138.30868983238162,283.478024945098,-53.38843506324099,348.00000023690984,237.99999849730264,1.0,1.0,0.6470588445663452,calibrated_uv_reprojection_plus_stereo_left
22.570079803466797,-25.02927589416504,-563.5323486328125,137.63539365050485,282.4196500028917,-53.39587169691964,349.0000010375796,237.99999942987893,1.0,1.0,0.6470588445663452,calibrated_uv_reprojection_plus_stereo_left
23.774433135986328,-25.03021812438965,-563.589599609375,136.9679943267098,281.3560159783726,-53.414883892628836,349.9999994858667,238.00000034689026,1.0,1.0,0.6470588445663452,calibrated_uv_reprojection_plus_stereo_left
24.978778839111328,-25.030723571777344,-563.636962890625,136.29620604250368,280.29539076695386,-53.426000894432605,351.0000010913745,237.9999988527981,1.0,1.0,0.6470588445663452,calibrated_uv_reprojection_plus_stereo_left
26.18660545349121,-25.034189224243164,-563.7510375976562,135.65206987970123,279.21147877888893,-53.4903009117416,352.00000058381033,237.9999987783555,1.0,1.0,0.6509804129600525,calibrated_uv_reprojection_plus_stereo_left
27.39203643798828,-25.03485107421875,-563.8020629882812,134.98128152876887,278.14880046359394,-53.50432008463429,352.9999985314285,238.00000144689756,1.0,1.0,0.6549019813537598,calibrated_uv_reprojection_plus_stereo_left
28.599328994750977,-25.036792755126953,-563.8818359375,134.32220458227596,277.075771283898,-53.54124667585603,353.9999989962495,238.0000008247648,1.0,1.0,0.6549019813537598,calibrated_uv_reprojection_plus_stereo_left
29.80789566040039,-25.039363861083984,-563.975830078125,133.66871561208592,275.9973161098659,-53.58949921603954,354.9999987703138,238.00000126040348,1.0,1.0,0.658823549747467,calibrated_uv_reprojection_plus_stereo_left
8.143088340759277,-23.80685806274414,-562.541015625,144.6149606476019,295.7479215159134,-53.539420246401846,336.99999978855817,238.99999930549697,1.0,0.9607843160629272,0.6313725709915161,calibrated_uv_reprojection_plus_stereo_left
9.342604637145996,-23.809926986694336,-562.6533813476562,143.97460194072187,294.6718848725948,-53.60271054075031,337.999999746938,239.00000068327893,1.0,1.0,0.6823529601097107,calibrated_uv_reprojection_plus_stereo_left
10.542510032653809,-23.8123836517334,-562.7512817382812,143.32761210885332,293.59989104427825,-53.654427577194895,338.99999959814585,239.000001427046,1.0,1.0,0.6745098233222961,calibrated_uv_reprojection_plus_stereo_left
11.741968154907227,-23.812719345092773,-562.7990112304688,142.6586569886366,292.5434799819809,-53.66604419362068,340.0000000377573,238.99999994764954,1.0,1.0,0.6705882549285889,calibrated_uv_reprojection_plus_stereo_left
12.940911293029785,-23.811397552490234,-562.8076171875,141.9726660679251,291.49936637581357,-53.646395904358315,341.000000011079,238.99999988483108,1.0,1.0,0.6666666865348816,calibrated_uv_reprojection_plus_stereo_left
14.13878059387207,-23.807899475097656,-562.7647705078125,141.26450115320404,290.4717688200667,-53.58563736632982,342.0000002185303,238.99999920527358,1.0,1.0,0.658823549747467,calibrated_uv_reprojection_plus_stereo_left
15.336292266845703,-23.80384635925293,-562.7088623046875,140.55075419335276,289.44843892696247,-53.514446041359236,342.9999995925506,239.00000061925175,1.0,1.0,0.6549019813537598,calibrated_uv_reprojection_plus_stereo_left
16.538021087646484,-23.805944442749023,-562.79833984375,139.89898458208995,288.3774118992435,-53.55938879893762,343.99999999915866,239.00000085267024,1.0,1.0,0.6549019813537598,calibrated_uv_reprojection_plus_stereo_left
17.739625930786133,-23.80712127685547,-562.8660278320312,139.2376348700006,287.3130915206674,-53.58691412500406,344.9999998701585,239.00000011989096,1.0,1.0,0.6549019813537598,calibrated_uv_reprojection_plus_stereo_left
18.941030502319336,-23.807453155517578,-562.9137573242188,138.5675590833526,286.25499004641836,-53.598488226929646,346.0000002968416,238.9999995399146,1.0,1.0,0.6549019813537598,calibrated_uv_reprojection_plus_stereo_left
20.143680572509766,-23.808801651000977,-562.9855346679688,137.90741948955912,285.1885231495501,-53.62925965405492,347.00000024540196,238.99999881952647,1.0,1.0,0.6549019813537598,calibrated_uv_reprojection_plus_stereo_left
21.341806411743164,-23.804555892944336,-562.9251098632812,137.19131802197887,284.1660279107646,-53.55444423751885,347.9999998559584,239.0000006850763,1.0,1.0,0.6549019813537598,calibrated_uv_reprojection_plus_stereo_left
22.543228149414062,-23.80387306213379,-562.9488525390625,136.5106074216822,283.11517605856807,-53.546841305841724,349.00000019897703,238.99999932965923,1.0,1.0,0.6470588445663452,calibrated_uv_reprojection_plus_stereo_left
