camera_x_mm,camera_y_mm,camera_z_mm,robot_x_mm,robot_y_mm,robot_z_mm,u_px,v_px,red,green,blue,color_source
-75.61824035644531,-181.41549682617188,-535.7333984375,297.41813911020483,311.1735860382214,47.52881658479356,262.99999816273873,98.99999150430716,0.46666666865348816,0.48235294222831726,0.4588235318660736,calibrated_uv_reprojection_plus_stereo_left
-67.63782501220703,-164.7338409423828,-486.4434509277344,260.2829610243292,325.18738834564545,79.61815591662395,263.9999992508613,98.99999762873301,0.5098039507865906,0.5254902243614197,0.501960813999176,calibrated_uv_reprojection_plus_stereo_left
-65.54118347167969,-162.08889770507812,-478.6058349609375,253.9083312821349,326.6931182407921,84.74351866950286,265.00000183377824,98.99999986597285,0.5176470875740051,0.5411764979362488,0.5176470875740051,calibrated_uv_reprojection_plus_stereo_left
-64.34662628173828,-161.62705993652344,-477.21484375,252.31020676371998,326.2422909794741,85.67583382366928,265.9999961208317,98.9999905895348,0.5254902243614197,0.545098066329956,0.5254902243614197,calibrated_uv_reprojection_plus_stereo_left
-63.40748596191406,-161.80239868164062,-477.7052307128906,252.10159203658395,325.2136175775155,85.38466352610675,266.99999791054205,98.9999894135158,0.5215686559677124,0.5372549295425415,0.529411792755127,calibrated_uv_reprojection_plus_stereo_left
-62.346412658691406,-161.6673126220703,-477.2791442871094,251.21750821826646,324.4686079083513,85.68941189142481,267.9999992836012,98.99999906662768,0.5176470875740051,0.5333333611488342,0.529411792755127,calibrated_uv_reprojection_plus_stereo_left
-61.52845001220703,-162.1686553955078,-478.7318420410156,251.7142491252584,323.13610355222295,84.77270206768958,269.00000073251863,98.99999614329587,0.5058823823928833,0.529411792755127,0.5176470875740051,calibrated_uv_reprojection_plus_stereo_left
-62.156593322753906,-166.56199645996094,-491.6731262207031,260.63156428559586,318.17580384054054,76.38796924200898,269.9999982223307,98.99999176095096,0.48627451062202454,0.5098039507865906,0.4941176474094391,calibrated_uv_reprojection_plus_stereo_left
-72.79031372070312,-168.49215698242188,-500.7511291503906,271.89511894439056,324.0320281228765,69.6817376521912,260.99999505069553,99.99999641522712,0.47843137383461,0.4941176474094391,0.48627451062202454,calibrated_uv_reprojection_plus_stereo_left
-67.62610626220703,-158.8450164794922,-472.0533447265625,250.02470906656492,331.714121865445,88.41030438746736,262.00000207096525,99.99999773881842,0.5411764979362488,0.5607843399047852,0.5529412031173706,calibrated_uv_reprojection_plus_stereo_left
-66.51464080810547,-158.57110595703125,-471.2124938964844,248.83890370300287,331.1009666348017,88.98549003505946,263.00000070347676,100.00000672311131,0.5490196347236633,0.5647059082984924,0.5568627715110779,calibrated_uv_reprojection_plus_stereo_left
-65.783935546875,-159.21051025390625,-473.0855407714844,249.66027821979742,329.6673745544503,87.79252249906943,264.0000022562578,99.99999530349069,0.5529412031173706,0.5686274766921997,0.5607843399047852,calibrated_uv_reprojection_plus_stereo_left
-64.75988006591797,-159.14877319335938,-472.8751220703125,248.94014816491233,328.86272476292856,87.95700047707544,264.9999948929131,99.99999646257521,0.5529412031173706,0.5764706134796143,0.5647059082984924,calibrated_uv_reprojection_plus_stereo_left
-63.796173095703125,-159.23585510253906,-473.10687255859375,248.54608476749496,327.92292978681934,87.83344337032588,265.9999988933349,99.9999950525168,0.5568627715110779,0.5803921818733215,0.5686274766921997,calibrated_uv_reprojection_plus_stereo_left
-62.8120002746582,-159.27389526367188,-473.1929016113281,248.04423339981759,327.0271701401647,87.80482598569535,267.0000002036129,99.99999667333941,0.5607843399047852,0.5803921818733215,0.572549045085907,calibrated_uv_reprojection_plus_stereo_left
-61.79990768432617,-159.24131774902344,-473.0691223144531,247.3880725043141,326.1961599340456,87.91286255424836,268.0000005099576,99.9999963718989,0.5607843399047852,0.5803921818733215,0.572549045085907,calibrated_uv_reprojection_plus_stereo_left
-60.747501373291016,-159.1021728515625,-472.6288146972656,246.5001281273473,325.4644177827977,88.22700616916461,269.0000018060395,100.0000063908708,0.5568627715110779,0.5764706134796143,0.5686274766921997,calibrated_uv_reprojection_plus_stereo_left
-59.74391174316406,-159.08848571777344,-472.5611572265625,245.88583843574185,324.6169867725972,88.2984658145445,270.0000027700145,99.99999635808916,0.545098066329956,0.5647059082984924,0.5607843399047852,calibrated_uv_reprojection_plus_stereo_left
-58.736873626708984,-159.06507873535156,-472.46466064453125,245.2505520863146,323.778799614839,88.3886935296045,271.0000018465793,99.999995646119,0.5254902243614197,0.545098066329956,0.5333333611488342,calibrated_uv_reprojection_plus_stereo_left
-58.24180603027344,-160.45138549804688,-476.55517578125,247.66908460086484,321.6089701942369,85.75306510957921,271.99999906548015,100.00000402443644,0.5058823823928833,0.5254902243614197,0.5098039507865906,calibrated_uv_reprojection_plus_stereo_left
-71.62055206298828,-162.3773193359375,-485.6549072265625,260.5149804618756,329.8469002120835,78.96409795065102,259.99999975966773,101.00000871831693,0.5098039507865906,0.529411792755127,0.49803921580314636,calibrated_uv_reprojection_plus_stereo_left
-68.4806137084961,-157.51295471191406,-471.0792541503906,249.1360488958759,333.28459033387037,88.50638562996744,261.0000012170781,101.00000861531927,0.5490196347236633,0.572549045085907,0.5490196347236633,calibrated_uv_reprojection_plus_stereo_left
-67.38035583496094,-157.2659454345703,-470.313720703125,248.00745715929503,332.6485812976442,89.03328459805834,261.9999995956347,100.99999901457801,0.5647059082984924,0.5843137502670288,0.5647059082984924,calibrated_uv_reprojection_plus_stereo_left
-66.51551055908203,-157.5692901611328,-471.194091796875,248.09614048039663,331.52036794149967,88.48592263304124,262.999998165124,101.00000513223378,0.5647059082984924,0.5882353186607361,0.5803921818733215,calibrated_uv_reprojection_plus_stereo_left
-65.75064849853516,-158.1223907470703,-472.8211669921875,248.73320932180877,330.1628974034156,87.45139048052312,263.99999773266495,101.00000543761769,0.5607843399047852,0.5843137502670288,0.5764706134796143,calibrated_uv_reprojection_plus_stereo_left
-64.74375915527344,-158.10162353515625,-472.7321472167969,248.10302651158668,329.32161640551817,87.53683097797693,264.99999885426917,101.00000212793711,0.5607843399047852,0.5843137502670288,0.5764706134796143,calibrated_uv_reprojection_plus_stereo_left
-63.786231994628906,-158.20272827148438,-473.00750732421875,247.74077203578702,328.3689607319475,87.38452443705512,265.9999999864897,100.9999958195371,0.5568627715110779,0.5803921818733215,0.572549045085907,calibrated_uv_reprojection_plus_stereo_left
-62.809532165527344,-158.25881958007812,-473.1482849121094,247.27901842259303,327.4566232042606,87.32005027024081,266.9999993778622,100.99999955980377,0.5568627715110779,0.5803921818733215,0.5764706134796143,calibrated_uv_reprojection_plus_stereo_left
-61.766780853271484,-158.147705078125,-472.7891845703125,246.45065115760917,326.6985307270269,87.58168598715952,268.00000188372474,101.00000698040697,0.5568627715110779,0.5803921818733215,0.5764706134796143,calibrated_uv_reprojection_plus_stereo_left
-60.722320556640625,-158.02859497070312,-472.4061584472656,245.60557617117416,325.9490804340319,87.85890100082918,268.99999958668457,100.9999940080082,0.5568627715110779,0.5764706134796143,0.5764706134796143,calibrated_uv_reprojection_plus_stereo_left
-59.71780776977539,-158.01129150390625,-472.3275451660156,244.98358811721437,325.1054659964966,87.93752082249375,270.00000043694035,100.99999872524131,0.5529412031173706,0.572549045085907,0.572549045085907,calibrated_uv_reprojection_plus_stereo_left
-58.692054748535156,-157.93634033203125,-472.0766296386719,244.23609934452486,324.3163510937393,88.12850505929805,271.0000007291385,101.00000465713725,0.5529412031173706,0.572549045085907,0.5686274766921997,calibrated_uv_reprojection_plus_stereo_left
-57.545310974121094,-157.52769470214844,-470.8283386230469,242.76327220940675,323.8444104928629,88.96986883159713,271.99999792417043,100.9999992447409,0.5490196347236633,0.572549045085907,0.5647059082984924,calibrated_uv_reprojection_plus_stereo_left
-56.66071701049805,-157.83502197265625,-471.72003173828125,242.8482016113377,322.6941555599872,88.41570641963852,272.99999843335337,101.00000210819312,0.529411792755127,0.5490196347236633,0.529411792755127,calibrated_uv_reprojection_plus_stereo_left
-80.03755950927734,-177.76065063476562,-535.0759887695312,297.00148548125793,316.7109337198841,46.090112263029994,259.0000034739043,102.00001332325252,0.47843137383461,0.49803921580314636,0.4745098054409027,calibrated_uv_reprojection_plus_stereo_left
-69.36234283447266,-156.25608825683594,-470.31854248046875,248.40612957739148,334.78679456455814,88.46524838922704,260.00000051820933,102.00000677932474,0.5607843399047852,0.5843137502670288,0.5607843399047852,calibrated_uv_reprojection_plus_stereo_left
-68.40483093261719,-156.33657836914062,-470.5340576171875,248.004096291358,333.85973839320013,88.35149578890673,261.0000016986344,101.99999587874123,0.572549045085907,0.5960784554481506,0.5803921818733215,calibrated_uv_reprojection_plus_stereo_left
-67.37518310546875,-156.252197265625,-470.25341796875,247.23520291355646,333.0796123205647,88.56213399953975,261.999997263109,102.00000724110987,0.5686274766921997,0.5921568870544434,0.5803921818733215,calibrated_uv_reprojection_plus_stereo_left
-66.44205474853516,-156.39260864257812,-470.64923095703125,246.9654384363344,332.09756887949885,88.33054717582195,263.00000023668724,101.99999606334572,0.5647059082984924,0.5882353186607361,0.5803921818733215,calibrated_uv_reprojection_plus_stereo_left
-65.7546615600586,-157.12454223632812,-472.8250732421875,248.00435317695928,330.5770272165409,86.93546978575142,263.99999830589707,102.0000006926623,0.5647059082984924,0.5882353186607361,0.5803921818733215,calibrated_uv_reprojection_plus_stereo_left
-64.7885513305664,-157.20286560058594,-473.0339050292969,247.59303786563572,329.64529831577465,86.82628888487409,264.9999999600768,102.0000044835113,0.5647059082984924,0.5882353186607361,0.5843137502670288,calibrated_uv_reprojection_plus_stereo_left
-63.77145004272461,-157.1580810546875,-472.87225341796875,246.90943716722234,328.825780114975,86.9592694885522,266.0000005812232,101.99999604109988,0.5607843399047852,0.5843137502670288,0.5803921818733215,calibrated_uv_reprojection_plus_stereo_left
-62.810455322265625,-157.25241088867188,-473.12921142578125,246.53263654581383,327.87815777935344,86.81867349734688,266.9999976693681,102.0000003466615,0.5529412031173706,0.5843137502670288,0.5764706134796143,calibrated_uv_reprojection_plus_stereo_left
-61.755393981933594,-157.110595703125,-472.6756591796875,245.6357511734547,327.1489895876697,87.14238244118758,268.00000107150737,101.99999738346023,0.5529412031173706,0.5843137502670288,0.5764706134796143,calibrated_uv_reprojection_plus_stereo_left
-60.70975112915039,-156.98855590820312,-472.2816467285156,244.78332051724834,326.4028557492701,87.42714136707906,268.9999988897635,101.99999448386924,0.5568627715110779,0.5803921818733215,0.5764706134796143,calibrated_uv_reprojection_plus_stereo_left
-59.69879913330078,-156.9537353515625,-472.15008544921875,244.12296221941807,325.5759835787688,87.54039011228178,269.99999935536573,102.00000376237733,0.5568627715110779,0.5803921818733215,0.5764706134796143,calibrated_uv_reprojection_plus_stereo_left
-58.67178726196289,-156.87489318847656,-471.8861083984375,243.36651328618922,324.7911077470792,87.74013030351438,270.99999993756944,102.00001041961019,0.5529412031173706,0.5764706134796143,0.5686274766921997,calibrated_uv_reprojection_plus_stereo_left
-57.552188873291016,-156.54161071777344,-470.8567810058594,242.05480670462492,324.24917345114824,88.43977740509519,272.000001180361,101.99999942208856,0.5490196347236633,0.572549045085907,0.5647059082984924,calibrated_uv_reprojection_plus_stereo_left
-56.51186752319336,-156.41610717773438,-470.4525451660156,241.19867778211528,323.51201247052825,88.73103074881226,272.9999991432446,102.00000244220351,0.5411764979362488,0.5686274766921997,0.5607843399047852,calibrated_uv_reprojection_plus_stereo_left
-55.61653137207031,-156.6947021484375,-471.2637023925781,241.22316677949345,322.3872608283268,88.22848914769276,274.00000102135465,102.00001003658173,0.5176470875740051,0.545098066329956,0.5372549295425415,calibrated_uv_reprojection_plus_stereo_left
-70.10598754882812,-154.7052764892578,-468.6571044921875,247.0100529312648,336.54732823519987,89.01593334314225,258.99999939476663,102.99999778828175,0.5333333611488342,0.5568627715110779,0.529411792755127,calibrated_uv_reprojection_plus_stereo_left
-69.37317657470703,-155.2789764404297,-470.368408203125,247.71534860716213,335.1851796825591,87.92208301355163,259.999998874021,103.00000337148279,0.5764706134796143,0.6000000238418579,0.5764706134796143,calibrated_uv_reprojection_plus_stereo_left
-68.45913696289062,-155.4578857421875,-470.8836975097656,247.53402839780483,334.1697450324077,87.61172372839638,261.0000007002317,103.00001187932634,0.5764706134796143,0.6000000238418579,0.5882353186607361,calibrated_uv_reprojection_plus_stereo_left
-67.4856185913086,-155.50511169433594,-471.0000305175781,247.0575233056697,333.2708077561599,87.56269633958289,262.0000019953452,103.00000506774964,0.5764706134796143,0.6000000238418579,0.5921568870544434,calibrated_uv_reprojection_plus_stereo_left
-66.5907974243164,-155.73788452148438,-471.67828369140625,246.99391743419721,332.2033427839773,87.14574345928344,262.99999847020143,102.99999077757329,0.572549045085907,0.5960784554481506,0.5882353186607361,calibrated_uv_reprojection_plus_stereo_left
-65.74246215820312,-156.08816528320312,-472.71240234375,247.18987635458313,331.0262336690815,86.49585936247519,263.99999849894823,103.00000106382592,0.5647059082984924,0.5882353186607361,0.5803921818733215,calibrated_uv_reprojection_plus_stereo_left
-64.80094146728516,-156.22470092773438,-473.09906005859375,246.90867501633824,330.04110725081523,86.26999151974144,264.9999997589858,102.9999947816363,0.5647059082984924,0.5882353186607361,0.5843137502670288,calibrated_uv_reprojection_plus_stereo_left
-63.7657585144043,-156.13624572753906,-472.8044128417969,246.12784144561533,329.26184857801405,86.49016621699201,266.0000006883004,103.00000487902611,0.5647059082984924,0.5882353186607361,0.5843137502670288,calibrated_uv_reprojection_plus_stereo_left
-62.789825439453125,-156.1924591064453,-472.94781494140625,245.66769882552325,328.34937815872615,86.42358199779846,266.99999834936017,103.00000378940592,0.5490196347236633,0.5882353186607361,0.572549045085907,calibrated_uv_reprojection_plus_stereo_left
-61.78996658325195,-156.19012451171875,-472.91387939453125,245.07777803401365,327.49088140647484,86.47309612421338,267.999997529843,102.99998776820155,0.545098066329956,0.5882353186607361,0.572549045085907,calibrated_uv_reprojection_plus_stereo_left
-60.7587890625,-156.10731506347656,-472.63641357421875,244.31046753401313,326.7078712763861,86.68197034641815,269.00000180049835,103.00001098810623,0.5490196347236633,0.5843137502670288,0.572549045085907,calibrated_uv_reprojection_plus_stereo_left
-59.710174560546875,-155.97630310058594,-472.21295166015625,243.43761173691706,325.97126145790116,86.98637176959193,270.00000030110283,103.00000373440838,0.5529412031173706,0.5843137502670288,0.572549045085907,calibrated_uv_reprojection_plus_stereo_left
-58.6728401184082,-155.8708953857422,-471.8670654296875,242.62198890246958,325.21175151745376,87.23996404348793,270.9999979665224,103.00000311565879,0.5490196347236633,0.5803921818733215,0.5686274766921997,calibrated_uv_reprojection_plus_stereo_left
-57.51719665527344,-155.44223022460938,-470.5426330566406,241.09798778787064,324.7620663626494,88.13377372737068,271.9999980876051,102.99998875485241,0.5490196347236633,0.5764706134796143,0.5647059082984924,calibrated_uv_reprojection_plus_stereo_left
-56.51585006713867,-155.4228973388672,-470.4574279785156,240.47361274945672,323.9239229248028,88.21669180875193,272.9999987154734,102.99999179720785,0.5372549295425415,0.5764706134796143,0.5607843399047852,calibrated_uv_reprojection_plus_stereo_left
-55.507408142089844,-155.3831024169922,-470.3103332519531,239.80464509658685,323.1057185618264,88.34008377358037,273.9999998383391,103.00000772229635,0.5333333611488342,0.5764706134796143,0.5607843399047852,calibrated_uv_reprojection_plus_stereo_left
-69.35963439941406,-152.0712890625,-463.6448059082031,242.5826576663993,338.41595502841574,91.79592694414487,259.0000019897079,103.99999088635042,0.5647059082984924,0.5882353186607361,0.5647059082984924,calibrated_uv_reprojection_plus_stereo_left
-68.83038330078125,-153.07044982910156,-466.6647644042969,244.2563117600858,336.6817010117494,89.84133135226836,260.000003933851,104.00000425526144,0.5843137502670288,0.6078431606292725,0.5843137502670288,calibrated_uv_reprojection_plus_stereo_left
-67.98436737060547,-153.38404846191406,-467.5943603515625,244.38361387988527,335.55157543155656,89.25838351177555,261.0000031711747,103.99999525036367,0.5803921818733215,0.6039215922355652,0.5921568870544434,calibrated_uv_reprojection_plus_stereo_left
-67.0448989868164,-153.49301147460938,-467.9000549316406,244.0499957678869,334.6027175545088,89.08479074559563,261.9999992382719,103.9999889903776,0.5803921818733215,0.6039215922355652,0.5960784554481506,calibrated_uv_reprojection_plus_stereo_left
-66.11727142333984,-153.63282775878906,-468.2998352050781,243.7845875087841,333.62456907662886,88.8495145934823,263.0000042525477,104.00000870503263,0.5764706134796143,0.6000000238418579,0.5921568870544434,calibrated_uv_reprojection_plus_stereo_left
-65.32471466064453,-154.09561157226562,-469.6838684082031,244.23932162403509,332.3496572090044,87.96880270335299,264.00000021321034,103.9999939155303,0.572549045085907,0.5960784554481506,0.5882353186607361,calibrated_uv_reprojection_plus_stereo_left
-64.39129638671875,-154.23533630371094,-470.08319091796875,243.97033192494655,331.3666434761637,87.73398774408895,265.00000174795684,104.00000538834186,0.5647059082984924,0.5960784554481506,0.5843137502670288,calibrated_uv_reprojection_plus_stereo_left
-63.4068489074707,-154.25540161132812,-470.1177062988281,243.43390529440063,330.49276428042975,87.73844539880503,265.9999998404105,103.99999142073344,0.5607843399047852,0.5921568870544434,0.5803921818733215,calibrated_uv_reprojection_plus_stereo_left
-62.44481658935547,-154.33157348632812,-470.3232727050781,243.02200706187642,329.5663999154275,87.63074756925096,266.9999989385997,104.00000222250401,0.5490196347236633,0.5921568870544434,0.5764706134796143,calibrated_uv_reprojection_plus_stereo_left
-61.50265884399414,-154.46023559570312,-470.688720703125,242.72592196993054,328.5900219402156,87.41826681504216,267.9999999246441,103.99999807731314,0.545098066329956,0.5882353186607361,0.572549045085907,calibrated_uv_reprojection_plus_stereo_left
-60.50568771362305,-154.4532928466797,-470.64093017578125,242.128568976157,327.73989113024146,87.47672531084174,269.00000045792143,103.99999853078668,0.545098066329956,0.5882353186607361,0.572549045085907,calibrated_uv_reprojection_plus_stereo_left
-59.46232223510742,-154.3258056640625,-470.225830078125,241.26476027123186,327.00400318040613,87.77595086607676,269.9999990761771,103.99999372193116,0.545098066329956,0.5882353186607361,0.572549045085907,calibrated_uv_reprojection_plus_stereo_left
-58.42533874511719,-154.21092224121094,-469.8492126464844,240.42972279583023,326.2574790813736,88.04990359849563,270.9999997865913,104.00000168028484,0.5411764979362488,0.5843137502670288,0.5686274766921997,calibrated_uv_reprojection_plus_stereo_left
-57.42967224121094,-154.20310974121094,-469.798828125,239.83141193397904,325.40958156412984,88.11001565359732,272.00000022700345,104.00000617242964,0.5411764979362488,0.5843137502670288,0.5686274766921997,calibrated_uv_reprojection_plus_stereo_left
-56.4344482421875,-154.19635009765625,-469.7516174316406,239.23543562326955,324.5607284376963,88.16805213702634,273.0000024566615,103.9999990023133,0.5372549295425415,0.5803921818733215,0.5647059082984924,calibrated_uv_reprojection_plus_stereo_left
-55.40744400024414,-154.10104370117188,-469.4346923828125,238.44509209420863,323.79776444839024,88.40281482890572,274.000000146165,103.99999918691412,0.5333333611488342,0.5764706134796143,0.5607843399047852,calibrated_uv_reprojection_plus_stereo_left
-54.420082092285156,-154.11463928222656,-469.44952392578125,237.89413316406706,322.929639288529,88.42017973263364,275.0000000324048,103.99999864609833,0.5411764979362488,0.5686274766921997,0.5490196347236633,calibrated_uv_reprojection_plus_stereo_left
-72.88946533203125,-156.5646514892578,-480.4659118652344,254.8379307758712,334.82942630792775,80.21017569488765,258.00000028577887,105.00000050286556,0.49803921580314636,0.5176470875740051,0.4941176474094391,calibrated_uv_reprojection_plus_stereo_left
-69.26335906982422,-150.87464904785156,-462.97833251953125,241.37410327828883,339.0162636281067,91.73068765582946,259.0000050658374,105.00001121685443,0.572549045085907,0.5960784554481506,0.5803921818733215,calibrated_uv_reprojection_plus_stereo_left
-68.78526306152344,-151.9772491455078,-466.3354797363281,243.29197977876254,337.18755991200896,89.55116406282161,260.0000048241035,105.00000759011633,0.5882353186607361,0.6117647290229797,0.6000000238418579,calibrated_uv_reprojection_plus_stereo_left
-67.8648681640625,-152.1205291748047,-466.7487487792969,243.03882472995264,336.21041957469214,89.3064251199537,261.0000023637072,104.9999939946193,0.5882353186607361,0.6117647290229797,0.6000000238418579,calibrated_uv_reprojection_plus_stereo_left
-66.91944122314453,-152.21115112304688,-467.0004577636719,242.66607996102715,335.2793579182163,89.16787907044875,261.99999513109327,104.99999732290084,0.5843137502670288,0.6078431606292725,0.6000000238418579,calibrated_uv_reprojection_plus_stereo_left
-65.9997787475586,-152.36407470703125,-467.44329833984375,242.43260735425287,334.29043518981143,88.90379345940397,263.00000352276186,105.00000953571055,0.5843137502670288,0.6078431606292725,0.6000000238418579,calibrated_uv_reprojection_plus_stereo_left
-65.22636413574219,-152.8644561767578,-468.95196533203125,242.97727958024245,332.98107808686973,87.93961009140918,263.9999981505692,105.00000902185289,0.5803921818733215,0.6039215922355652,0.5960784554481506,calibrated_uv_reprojection_plus_stereo_left
-64.2386703491211,-152.87046813964844,-468.9438781738281,242.411121157786,332.12233476071583,87.97190746323503,265.0000021073452,104.99998989396298,0.5686274766921997,0.6039215922355652,0.5921568870544434,calibrated_uv_reprojection_plus_stereo_left
-63.30343246459961,-153.00350952148438,-469.32550048828125,242.12888808204235,331.1455487733731,87.74823603056495,266.0000001566884,104.99999058537261,0.5568627715110779,0.6000000238418579,0.5843137502670288,calibrated_uv_reprojection_plus_stereo_left
-62.3272819519043,-153.0404052734375,-469.4122009277344,241.63108014287837,330.2570432826632,87.71829609037997,266.9999969829147,105.00000022070193,0.5529412031173706,0.5960784554481506,0.5803921818733215,calibrated_uv_reprojection_plus_stereo_left
-61.35774612426758,-153.09512329101562,-469.5534973144531,241.1726460961067,329.35135180747704,87.65252670157815,267.9999994602833,104.99999268334074,0.5490196347236633,0.5921568870544434,0.5764706134796143,calibrated_uv_reprojection_plus_stereo_left
-60.34760665893555,-153.04873657226562,-469.384765625,240.4889509100633,328.54056707541355,87.79033930236278,269.0000022962952,105.0000080508643,0.545098066329956,0.5882353186607361,0.572549045085907,calibrated_uv_reprojection_plus_stereo_left
-59.33552551269531,-152.9958953857422,-469.1961975097656,239.79123043979297,327.7364192098455,87.94117006965593,269.99999958072846,105.00000450663555,0.545098066329956,0.5882353186607361,0.572549045085907,calibrated_uv_reprojection_plus_stereo_left
-58.32102584838867,-152.93502807617188,-468.9830017089844,239.0760832416064,326.9405096697591,88.1081570704423,270.9999978681353,104.99999028920621,0.545098066329956,0.5882353186607361,0.572549045085907,calibrated_uv_reprojection_plus_stereo_left
-57.32673645019531,-152.92605590820312,-468.9290466308594,238.47624100557715,326.0953067922972,88.17057404186602,272.00000229918777,105.00000589888091,0.545098066329956,0.5882353186607361,0.572549045085907,calibrated_uv_reprojection_plus_stereo_left
-56.340885162353516,-152.9397735595703,-468.9446105957031,237.92654095522585,325.22823536158785,88.18736567700444,272.99999909842154,105.00000345706044,0.5411764979362488,0.5843137502670288,0.5686274766921997,calibrated_uv_reprojection_plus_stereo_left
-55.347537994384766,-152.93338012695312,-468.89849853515625,237.33236396417715,324.3805490400906,88.24464521416002,273.99999715885775,104.99999804636687,0.5411764979362488,0.5843137502670288,0.5686274766921997,calibrated_uv_reprojection_plus_stereo_left
-54.393550872802734,-153.03759765625,-469.1915283203125,236.98170631702658,323.42464321301213,88.0793466082605,274.9999973678523,105.00000026518174,0.545098066329956,0.5882353186607361,0.572549045085907,calibrated_uv_reprojection_plus_stereo_left
-53.69851303100586,-153.8878936767578,-471.7717590332031,238.26971149362907,321.7332024127153,86.41316685368065,276.0000005386406,105.00000140127301,0.48235294222831726,0.5254902243614197,0.5098039507865906,calibrated_uv_reprojection_plus_stereo_left
-71.00019836425781,-151.51055908203125,-467.9895324707031,244.9026043951182,338.8334429956868,87.90249948579162,258.0000013025183,105.99999131777841,0.5333333611488342,0.5490196347236633,0.529411792755127,calibrated_uv_reprojection_plus_stereo_left
-69.2390365600586,-149.83656311035156,-462.7928161621094,240.5214051107087,339.47642712531945,91.35029682332117,259.000001813538,105.99999687784998,0.5882353186607361,0.6078431606292725,0.5960784554481506,calibrated_uv_reprojection_plus_stereo_left
-68.71121215820312,-150.8219451904297,-465.8100891113281,242.18465405966333,337.74986543749594,89.39079552256123,260.00000406449385,105.99999604699039,0.5882353186607361,0.6117647290229797,0.6039215922355652,calibrated_uv_reprojection_plus_stereo_left
-67.74755096435547,-150.8654327392578,-465.9181823730469,241.70767092124674,336.8633909412553,89.34638885400818,260.99999466601014,106.00000159757587,0.5882353186607361,0.6117647290229797,0.6039215922355652,calibrated_uv_reprojection_plus_stereo_left
-66.75749969482422,-150.85069274902344,-465.846435546875,241.09869893635477,336.02932995038475,89.42035645294146,262.0000017293139,106.00000406507905,0.5882353186607361,0.6117647290229797,0.6039215922355652,calibrated_uv_reprojection_plus_stereo_left
-65.76943969726562,-150.84014892578125,-465.7876281738281,240.499281576006,335.19157546920826,89.48580838318583,262.9999984839288,105.99999912327681,0.5803921818733215,0.6117647290229797,0.6000000238418579,calibrated_uv_reprojection_plus_stereo_left
-65.04945373535156,-151.45352172851562,-467.6553649902344,241.3055089392127,333.77955856244205,88.28358346463432,263.9999975135185,106.00000189241877,0.5764706134796143,0.6078431606292725,0.6000000238418579,calibrated_uv_reprojection_plus_stereo_left
-64.06090545654297,-151.45098876953125,-467.6211853027344,240.72183769784056,332.9310452646169,88.3329377396879,265.0000029325109,105.99999588244478,0.5686274766921997,0.6078431606292725,0.5960784554481506,calibrated_uv_reprojection_plus_stereo_left
-63.13185119628906,-151.59129333496094,-468.02801513671875,240.45887224817466,331.9494431760771,88.09215594434141,265.9999970459978,105.99999249637759,0.5647059082984924,0.6078431606292725,0.5921568870544434,calibrated_uv_reprojection_plus_stereo_left
-62.16176223754883,-151.6360626220703,-468.139892578125,239.98069747069513,331.0557723241342,88.04544704537983,267.000000279953,106.00000215695192,0.5568627715110779,0.6000000238418579,0.5843137502670288,calibrated_uv_reprojection_plus_stereo_left
-61.21949005126953,-151.75132751464844,-468.4693603515625,239.65988870633998,330.09509189594314,87.85563328782416,268.00000191884874,106.00000555844215,0.5529412031173706,0.5960784554481506,0.5803921818733215,calibrated_uv_reprojection_plus_stereo_left
-60.218631744384766,-151.72286987304688,-468.3551025390625,239.0171269528978,329.2694298230744,87.95771062982476,269.00000205651787,106.00000053848268,0.5490196347236633,0.5921568870544434,0.5764706134796143,calibrated_uv_reprojection_plus_stereo_left
-59.202903747558594,-151.65545654296875,-468.1206359863281,238.28770614476173,328.48122437535665,88.13883033054935,270.0000016099332,106.00000479251676,0.545098066329956,0.5882353186607361,0.5764706134796143,calibrated_uv_reprojection_plus_stereo_left
-58.188655853271484,-151.58970642089844,-467.89129638671875,237.56246846426052,327.6921559896657,88.31656040315033,270.9999973264164,105.99999948967911,0.545098066329956,0.5882353186607361,0.5803921818733215,calibrated_uv_reprojection_plus_stereo_left
-57.212764739990234,-151.62344360351562,-467.96905517578125,237.05880707690437,326.80773129568576,88.29233476027366,271.99999881710073,106.00000075529456,0.545098066329956,0.5882353186607361,0.5803921818733215,calibrated_uv_reprojection_plus_stereo_left
-56.25569152832031,-151.70921325683594,-468.2073669433594,236.67029234871262,325.8723717409674,88.16256382979333,272.99999678582606,105.99999619219463,0.5411764979362488,0.5843137502670288,0.5764706134796143,calibrated_uv_reprojection_plus_stereo_left
-55.302433013916016,-151.8086395263672,-468.48779296875,236.3113433913013,324.9226734627874,88.00513736074447,273.999998709932,105.99999173963442,0.5411764979362488,0.5843137502670288,0.5764706134796143,calibrated_uv_reprojection_plus_stereo_left
-54.343788146972656,-151.896728515625,-468.73321533203125,235.9265579954577,323.98296129642904,87.87075463849379,274.9999982437767,105.999992922296,0.5411764979362488,0.5843137502670288,0.572549045085907,calibrated_uv_reprojection_plus_stereo_left
-53.45555114746094,-152.1886444091797,-469.60760498046875,235.9909507911833,322.84083740597026,87.32296780502833,276.0000022586594,106.00001095544036,0.5333333611488342,0.5764706134796143,0.5607843399047852,calibrated_uv_reprojection_plus_stereo_left
-56.873016357421875,-164.98207092285156,-509.05548095703125,263.59646216915326,309.27398748362157,61.42268945169985,277.0000004132561,106.00000534536392,0.43529412150382996,0.4627451002597809,0.43921568989753723,calibrated_uv_reprojection_plus_stereo_left
-70.45613861083984,-149.36126708984375,-464.3807067871094,241.52539325789036,340.27735954118884,89.77434271215901,258.00000094335223,106.99999632899275,0.5490196347236633,0.5647059082984924,0.545098066329956,calibrated_uv_reprojection_plus_stereo_left
-69.22084045410156,-148.81240844726562,-462.64825439453125,239.69932439554452,339.9244790244069,90.9432910484594,258.9999970275855,106.9999954136616,0.6039215922355652,0.6235294342041016,0.615686297416687,calibrated_uv_reprojection_plus_stereo_left
-68.64078521728516,-149.67674255371094,-465.3092956542969,241.0969587165551,338.30413288443583,89.21533434948094,260.00000009620425,107.00000238971083,0.5921568870544434,0.615686297416687,0.6117647290229797,calibrated_uv_reprojection_plus_stereo_left
-67.67776489257812,-149.71905517578125,-465.4146728515625,240.61836212299437,337.41947546572146,89.17253987336272,261.00000252059056,106.99999754939222,0.5882353186607361,0.6117647290229797,0.6039215922355652,calibrated_uv_reprojection_plus_stereo_left
-66.6695327758789,-149.66119384765625,-465.20867919921875,239.91198833618546,336.6257182128781,89.33501353032864,262.00000323514934,107.00000148149132,0.5882353186607361,0.6117647290229797,0.6039215922355652,calibrated_uv_reprojection_plus_stereo_left
-65.67176818847656,-149.6255340576172,-465.07171630859375,239.25636256565895,335.81219735739074,89.45196561359074,263.0000030853309,107.00000668491799,0.5803921818733215,0.615686297416687,0.6039215922355652,calibrated_uv_reprojection_plus_stereo_left
-64.86783599853516,-150.03721618652344,-466.3250732421875,239.6132135911975,334.58577896813784,88.65257243602912,263.9999986266849,106.99999274480359,0.572549045085907,0.615686297416687,0.6000000238418579,calibrated_uv_reprojection_plus_stereo_left
-63.89744567871094,-150.0707244873047,-466.4030456542969,239.11263127278244,333.7061694166294,88.62792809664484,265.0000031560618,107.0000057555589,0.572549045085907,0.615686297416687,0.6000000238418579,calibrated_uv_reprojection_plus_stereo_left
-62.93694305419922,-150.12896728515625,-466.55780029296875,238.66751675403543,332.8030347552052,88.55271119315705,266.00000141862705,106.99999495222323,0.5686274766921997,0.6117647290229797,0.5960784554481506,calibrated_uv_reprojection_plus_stereo_left
-62.00253677368164,-150.25238037109375,-466.91510009765625,238.3686726696871,331.8378863504253,88.34404804395399,267.0000004677876,106.99999959871593,0.5647059082984924,0.6078431606292725,0.5960784554481506,calibrated_uv_reprojection_plus_stereo_left
-61.06658172607422,-150.37606811523438,-467.273193359375,238.0694676210686,330.87105186351494,88.13490979626573,267.999999869108,106.99999906658152,0.5568627715110779,0.6000000238418579,0.5882353186607361,calibrated_uv_reprojection_plus_stereo_left
-60.07317352294922,-150.360107421875,-467.19732666015625,237.45597438012413,330.0357523240981,88.2117102212103,268.99999713234575,106.9999979964472,0.5490196347236633,0.5960784554481506,0.5843137502670288,calibrated_uv_reprojection_plus_stereo_left
-59.07389831542969,-150.32879638671875,-467.0737609863281,236.80819266155743,329.21530028549046,88.31992912399022,269.99999981832093,106.99999377579198,0.5490196347236633,0.5921568870544434,0.5843137502670288,calibrated_uv_reprojection_plus_stereo_left
-58.088130950927734,-150.33145141601562,-467.0557861328125,236.23660284836922,328.3624387003159,88.35857768868226,270.99999915173197,107.00000704806129,0.545098066329956,0.5882353186607361,0.5803921818733215,calibrated_uv_reprojection_plus_stereo_left
-57.110904693603516,-150.3568115234375,-467.1082763671875,235.71561523969865,327.4875217963527,88.3508295124177,272.0000001181643,106.99999750198538,0.545098066329956,0.5882353186607361,0.5803921818733215,calibrated_uv_reprojection_plus_stereo_left
-56.16310501098633,-150.4619903564453,-467.40875244140625,235.37228404593736,326.53447266703506,88.17976850022893,273.00000269231407,107.00000087252505,0.5411764979362488,0.5843137502670288,0.572549045085907,calibrated_uv_reprojection_plus_stereo_left
-55.22093963623047,-150.58639526367188,-467.7688903808594,235.07088116496402,325.5613602580143,87.96946149213693,273.99999961790274,106.9999968257836,0.5411764979362488,0.5843137502670288,0.5686274766921997,calibrated_uv_reprojection_plus_stereo_left
-54.29777145385742,-150.7681884765625,-468.3072814941406,234.89595140782234,324.53020715622466,87.64182116992077,275.0000008276851,107.00000630867916,0.5411764979362488,0.5843137502670288,0.572549045085907,calibrated_uv_reprojection_plus_stereo_left
-53.46687316894531,-151.21780395507812,-469.67742919921875,235.31327621879592,323.2313629822159,86.76662316140028,275.9999993086294,107.00000735646148,0.545098066329956,0.5882353186607361,0.5764706134796143,calibrated_uv_reprojection_plus_stereo_left
-52.82400131225586,-152.22640991210938,-472.7834777832031,236.96407205081266,321.369874490198,84.74877891861405,276.99999873864505,106.9999926375877,0.48627451062202454,0.5137255191802979,0.5058823823928833,calibrated_uv_reprojection_plus_stereo_left
-69.95210266113281,-147.3115997314453,-461.0360107421875,238.35311847722232,341.6395754682402,91.47954853249604,257.99999910140104,108.00000557570928,0.5568627715110779,0.5764706134796143,0.5647059082984924,calibrated_uv_reprojection_plus_stereo_left
-68.89006805419922,-147.12132263183594,-460.4147033691406,237.34754451941683,340.9722204215577,91.91628080615652,258.99999930474024,108.0000056211014,0.6078431606292725,0.6313725709915161,0.6235294342041016,calibrated_uv_reprojection_plus_stereo_left
-68.4031753540039,-148.17153930664062,-463.6753234863281,239.18214320075856,339.18503453471726,89.78931531319853,260.0000008390189,107.99999474805173,0.5960784554481506,0.6196078658103943,0.6196078658103943,calibrated_uv_reprojection_plus_stereo_left
-67.48491668701172,-148.30435180664062,-464.0649108886719,238.91277407661977,338.22082925078524,89.5585974276878,261.0000018193416,107.99999107278757,0.5921568870544434,0.6196078658103943,0.6117647290229797,calibrated_uv_reprojection_plus_stereo_left
-66.50804901123047,-148.31045532226562,-464.0580139160156,238.3533906478741,337.3711192590125,89.58971708999661,262.00000290791434,107.9999975061184,0.5882353186607361,0.615686297416687,0.6078431606292725,calibrated_uv_reprojection_plus_stereo_left
-65.61911010742188,-148.51583862304688,-464.67462158203125,238.2476586833106,336.3376632839433,89.20918224644151,263.00000552704887,108.00000509920292,0.5803921818733215,0.6196078658103943,0.6078431606292725,calibrated_uv_reprojection_plus_stereo_left
-64.61766052246094,-148.46902465820312,-464.5020751953125,237.56706921807057,335.53569740077853,89.3497094270308,263.9999967796977,107.99999521012077,0.5764706134796143,0.6196078658103943,0.6078431606292725,calibrated_uv_reprojection_plus_stereo_left
-63.68516159057617,-148.5817413330078,-464.8286437988281,237.24880792364968,334.5853914789213,89.16074406690274,264.99999900034754,107.99999126530244,0.5764706134796143,0.6196078658103943,0.6039215922355652,calibrated_uv_reprojection_plus_stereo_left
-62.737117767333984,-148.66122436523438,-465.05126953125,236.8544014457413,333.6649518089768,89.04041856114617,266.0000023139143,108.00000724237879,0.5764706134796143,0.6196078658103943,0.6039215922355652,calibrated_uv_reprojection_plus_stereo_left
-61.77851867675781,-148.71792602539062,-465.2025451660156,236.40781546273342,332.76510067662235,88.96722339166314,267.00000102946694,108.00000395495786,0.5686274766921997,0.6117647290229797,0.6000000238418579,calibrated_uv_reprojection_plus_stereo_left
-60.93035888671875,-149.0467071533203,-466.204833984375,236.5749766874759,331.6061000180601,88.33242894884063,267.99999871506213,107.99999862275817,0.5647059082984924,0.6078431606292725,0.5960784554481506,calibrated_uv_reprojection_plus_stereo_left
-59.91996383666992,-148.98301696777344,-465.9794616699219,235.85509851164443,330.818398504055,88.50787130569836,269.0000001844172,107.99999389083351,0.5529412031173706,0.6000000238418579,0.5921568870544434,calibrated_uv_reprojection_plus_stereo_left
-58.914424896240234,-148.92955017089844,-465.7861328125,235.15871500119738,330.02155443738934,88.66214070996352,269.9999995671053,108.0000046736871,0.5411764979362488,0.5921568870544434,0.5843137502670288,calibrated_uv_reprojection_plus_stereo_left
-57.89842224121094,-148.84747314453125,-465.5033264160156,234.39845772902356,329.25295730173707,88.87543013800467,270.9999998733339,108.00000894533082,0.5372549295425415,0.5882353186607361,0.5764706134796143,calibrated_uv_reprojection_plus_stereo_left
-56.83283996582031,-148.6330108642578,-464.8064880371094,233.34197586086412,328.6140547772574,89.36184481167572,271.9999984605886,107.99999259156311,0.5372549295425415,0.5882353186607361,0.572549045085907,calibrated_uv_reprojection_plus_stereo_left
-55.84801483154297,-148.62600708007812,-464.7585144042969,232.75147819350735,327.7745595370002,89.42014479537124,272.9999990325662,107.99999601628238,0.5372549295425415,0.5882353186607361,0.572549045085907,calibrated_uv_reprojection_plus_stereo_left
-54.83089065551758,-148.53135681152344,-464.4364929199219,231.96519156763208,327.02136774669736,89.6592039914002,273.9999993058716,108.00000231095078,0.5333333611488342,0.5843137502670288,0.5686274766921997,calibrated_uv_reprojection_plus_stereo_left
-53.870914459228516,-148.59100341796875,-464.5968933105469,231.52373566732672,326.1165001233278,89.58005995331013,274.999998602793,107.99999307033477,0.5372549295425415,0.5843137502670288,0.5686274766921997,calibrated_uv_reprojection_plus_stereo_left
-52.894474029541016,-148.60670471191406,-464.6199035644531,230.98396406624482,325.2546655434877,89.5915407331401,275.999997370781,107.99999265970388,0.545098066329956,0.5882353186607361,0.572549045085907,calibrated_uv_reprojection_plus_stereo_left
-51.99864196777344,-148.85386657714844,-465.3665466308594,230.95851296668633,324.16086582731293,89.1258413407727,276.9999996921679,107.99999775693348,0.529411792755127,0.572549045085907,0.5568627715110779,calibrated_uv_reprojection_plus_stereo_left
-81.99664306640625,-169.1733856201172,-533.0094604492188,290.96937915979356,322.5471725539918,43.330872824963706,256.999999843907,108.99999664877004,0.4745098054409027,0.4941176474094391,0.4745098054409027,calibrated_uv_reprojection_plus_stereo_left
-69.88690948486328,-146.1941680908203,-460.58380126953125,237.30883356233477,342.17306706897256,91.27833740112834,257.99999770476114,109.00000224881333,0.5764706134796143,0.5960784554481506,0.5921568870544434,calibrated_uv_reprojection_plus_stereo_left
-68.85414123535156,-146.06521606445312,-460.1518249511719,236.44308418584052,341.45181187851506,91.59042701026823,259.0000016448996,109.00000765855265,0.6078431606292725,0.6352941393852234,0.6235294342041016,calibrated_uv_reprojection_plus_stereo_left
-68.30084991455078,-146.96435546875,-462.95849609375,237.94163127545391,339.7988058308786,89.76014822692105,260.0000005940965,109.00000312650778,0.5960784554481506,0.6274510025978088,0.6196078658103943,calibrated_uv_reprojection_plus_stereo_left
-67.36573028564453,-147.05616760253906,-463.2218017578125,237.5804566056608,338.8729031789841,89.61245492696821,261.0000013373281,109.00000030365044,0.5921568870544434,0.6313725709915161,0.615686297416687,calibrated_uv_reprojection_plus_stereo_left
-66.41451263427734,-147.1151123046875,-463.38153076171875,237.1432388473109,337.9761303285881,89.533301520402,262.00000074387873,108.99999169066169,0.5843137502670288,0.6274510025978088,0.6117647290229797,calibrated_uv_reprojection_plus_stereo_left
-65.50348663330078,-147.2662353515625,-463.8316345214844,236.91639562388582,336.9933850816191,89.26212908040628,262.999997275796,109.00000588716915,0.5843137502670288,0.6274510025978088,0.615686297416687,calibrated_uv_reprojection_plus_stereo_left
-64.4939956665039,-147.1973419189453,-463.58868408203125,236.1859755076017,336.2136333386977,89.44931285443568,264.0000013593306,108.99999681828845,0.5843137502670288,0.6274510025978088,0.6196078658103943,calibrated_uv_reprojection_plus_stereo_left
-63.551734924316406,-147.28219604492188,-463.8299865722656,235.80652724311597,335.29067402517626,89.31627716947395,265.00000032496513,109.00000020104736,0.5803921818733215,0.6235294342041016,0.6117647290229797,calibrated_uv_reprojection_plus_stereo_left
-62.59341049194336,-147.33200073242188,-463.9608459472656,235.34662506328038,334.39973443341717,89.25629835761163,266.0000004752052,108.99999110076118,0.5764706134796143,0.6196078658103943,0.6078431606292725,calibrated_uv_reprojection_plus_stereo_left
-61.62993621826172,-147.3711395263672,-464.05816650390625,234.86211865519618,333.5182914354348,89.21849987097232,266.99999840044023,109.00000324210109,0.572549045085907,0.615686297416687,0.6000000238418579,calibrated_uv_reprojection_plus_stereo_left
-60.77684783935547,-147.6798858642578,-465.00433349609375,234.98862107631732,332.3792909011767,88.61961276760303,267.9999992015952,108.99999579643608,0.5686274766921997,0.6117647290229797,0.5960784554481506,calibrated_uv_reprojection_plus_stereo_left
-59.761383056640625,-147.5978240966797,-464.7199401855469,234.22803028916724,331.6116079290632,88.83420091527836,268.99999974911066,108.99999822267571,0.5607843399047852,0.6078431606292725,0.5960784554481506,calibrated_uv_reprojection_plus_stereo_left
-58.77106475830078,-147.57626342773438,-464.62603759765625,233.60477056338317,330.78645257870085,88.92286491844084,269.99999909627263,108.99999495190673,0.5490196347236633,0.6000000238418579,0.5921568870544434,calibrated_uv_reprojection_plus_stereo_left
-57.76328659057617,-147.5094757080078,-464.3897705078125,232.8796332239517,330.00541338136696,89.1056029643567,270.999998189837,108.99999583145055,0.5490196347236633,0.5960784554481506,0.5843137502670288,calibrated_uv_reprojection_plus_stereo_left
-56.721229553222656,-147.3514404296875,-463.86627197265625,231.94949532235245,329.3142051884578,89.478121832503,272.00000143425956,108.9999953795514,0.5490196347236633,0.5921568870544434,0.5764706134796143,calibrated_uv_reprojection_plus_stereo_left
-55.72422409057617,-147.30702209472656,-463.70050048828125,231.27600786961403,328.5131803411217,89.61421463238247,272.99999999536703,109.00000240442512,0.545098066329956,0.5882353186607361,0.572549045085907,calibrated_uv_reprojection_plus_stereo_left
-54.71419143676758,-147.22607421875,-463.41973876953125,230.5208505911429,327.74872324888406,89.82626864178599,274.0000004026242,109.00000239017331,0.545098066329956,0.5882353186607361,0.572549045085907,calibrated_uv_reprojection_plus_stereo_left
-53.75982666015625,-147.2947998046875,-463.610107421875,230.10162800041775,326.8364341334502,89.7270506259523,275.0000005967936,109.00000428792373,0.545098066329956,0.5882353186607361,0.572549045085907,calibrated_uv_reprojection_plus_stereo_left
-52.84497833251953,-147.47645568847656,-464.1558837890625,229.93441744398706,325.81046213389016,89.39308489929243,275.99999845419984,109.00000776684999,0.545098066329956,0.5882353186607361,0.572549045085907,calibrated_uv_reprojection_plus_stereo_left
-51.89094543457031,-147.55369567871094,-464.3729248046875,229.53262394423723,324.88733580736675,89.27633008520354,276.9999986066203,108.99999241048783,0.545098066329956,0.5882353186607361,0.572549045085907,calibrated_uv_reprojection_plus_stereo_left
-51.5191535949707,-149.32154846191406,-469.91033935546875,232.89809894388168,322.25427871004797,85.64570440735099,278.00000039231094,109.0000078285795,0.4470588266849518,0.4901960790157318,0.4745098054409027,calibrated_uv_reprojection_plus_stereo_left
-74.45958709716797,-152.59336853027344,-483.9923400878906,254.27583851528567,336.82656754870084,75.23825132966988,257.0000016062426,110.00000183894946,0.4941176474094391,0.5098039507865906,0.49803921580314636,calibrated_uv_reprojection_plus_stereo_left
-69.88204193115234,-145.20401000976562,-460.5292053222656,236.55642849580897,342.5930003471895,90.81461228045328,257.99999910950424,109.99998939516342,0.5960784554481506,0.615686297416687,0.6078431606292725,calibrated_uv_reprojection_plus_stereo_left
-68.84716796875,-145.07122802734375,-460.0824279785156,235.68056094394768,341.8757193446211,91.13693702471471,258.9999991240953,109.999996155319,0.6078431606292725,0.6352941393852234,0.6274510025978088,calibrated_uv_reprojection_plus_stereo_left
-68.20943450927734,-145.78353881835938,-462.315673828125,236.7572294100657,340.39005956702226,89.68350452203521,259.99999826429774,109.99999607574992,0.6000000238418579,0.6352941393852234,0.6235294342041016,calibrated_uv_reprojection_plus_stereo_left
-67.28518676757812,-145.89535522460938,-462.64447021484375,236.4439633338131,339.44666182250273,89.49205868855375,260.99999913487295,110.0000004108546,0.5960784554481506,0.6352941393852234,0.6235294342041016,calibrated_uv_reprojection_plus_stereo_left
-66.33033752441406,-145.94322204589844,-462.77044677734375,235.98262276210693,338.560936303648,89.43501469491338,262.00000138997984,110.00000413623962,0.5921568870544434,0.6352941393852234,0.6196078658103943,calibrated_uv_reprojection_plus_stereo_left
-65.4246597290039,-146.10240173339844,-463.24932861328125,235.7766207082435,337.5713023016398,89.14422646671727,262.99999621931335,110.00000188343205,0.5921568870544434,0.6352941393852234,0.6235294342041016,calibrated_uv_reprojection_plus_stereo_left
-64.37627410888672,-145.9429931640625,-462.71807861328125,234.8386470529527,336.87737182036057,89.52254992707367,264.00000182351164,110.0000068954923,0.5921568870544434,0.6352941393852234,0.6274510025978088,calibrated_uv_reprojection_plus_stereo_left
-63.41695022583008,-145.9837646484375,-462.8215026855469,234.36023716601392,335.9971209626283,89.48048317037188,264.9999985254718,110.00000385608521,0.5921568870544434,0.6352941393852234,0.6235294342041016,calibrated_uv_reprojection_plus_stereo_left
-62.468994140625,-146.052490234375,-463.0135192871094,233.94537391538194,335.08993239331346,89.3797654305119,265.999998258215,109.99999706395141,0.5882353186607361,0.6313725709915161,0.6235294342041016,calibrated_uv_reprojection_plus_stereo_left
-61.5006103515625,-146.07496643066406,-463.0589294433594,233.42443064837823,334.225912644898,89.37614781779348,266.99999939510917,109.99999991034986,0.5803921818733215,0.6235294342041016,0.6117647290229797,calibrated_uv_reprojection_plus_stereo_left
-60.63113784790039,-146.3369903564453,-463.8636474609375,233.44895224015505,333.1323191347392,88.86979014172329,267.9999994895256,109.9999997873833,0.5764706134796143,0.6196078658103943,0.6039215922355652,calibrated_uv_reprojection_plus_stereo_left
-59.62507629394531,-146.27264404296875,-463.6337585449219,232.72922068748818,332.34994437420335,89.04850543665594,268.9999991378213,109.99998930731263,0.5764706134796143,0.6196078658103943,0.6039215922355652,calibrated_uv_reprojection_plus_stereo_left
-58.62855911254883,-146.2300262451172,-463.47283935546875,232.0593344696636,331.5472161497255,89.18152736877897,269.9999998851024,110.0000045583779,0.572549045085907,0.615686297416687,0.6000000238418579,calibrated_uv_reprojection_plus_stereo_left
-57.636146545410156,-146.1964874267578,-463.34063720703125,231.4103008294382,330.7361137134705,89.29553725187225,270.9999985960336,109.99999691916679,0.5568627715110779,0.6078431606292725,0.5921568870544434,calibrated_uv_reprojection_plus_stereo_left
-56.6163330078125,-146.0911865234375,-462.9810485839844,230.59917505488687,329.99570071819585,89.56003644111837,272.00000179298553,109.99999755713088,0.545098066329956,0.5960784554481506,0.5803921818733215,calibrated_uv_reprojection_plus_stereo_left
-55.61635208129883,-146.0343475341797,-462.7750549316406,229.89829076266278,329.2086940988767,89.72284677006382,272.99999897851325,109.99999346319026,0.545098066329956,0.5921568870544434,0.5764706134796143,calibrated_uv_reprojection_plus_stereo_left
-54.645442962646484,-146.05328369140625,-462.8092041015625,229.36865931875667,328.34715382037905,89.72671574545188,273.99999977971675,109.999992534222,0.545098066329956,0.5882353186607361,0.572549045085907,calibrated_uv_reprojection_plus_stereo_left
-53.69607162475586,-146.13160705566406,-463.03155517578125,228.97252570662204,327.4261171018689,89.60605036855344,274.9999968609945,110.0000030973346,0.545098066329956,0.5882353186607361,0.572549045085907,calibrated_uv_reprojection_plus_stereo_left
-52.81325149536133,-146.39744567871094,-463.8479919433594,228.99700972081928,326.3160022880537,89.09233396843393,276.00000060882354,110.0000098770141,0.545098066329956,0.5882353186607361,0.572549045085907,calibrated_uv_reprojection_plus_stereo_left
-51.806640625,-146.32382202148438,-463.5887756347656,228.25807037010918,325.54534829391184,89.29037939225856,277.00000054335453,109.999997192513,0.5490196347236633,0.5921568870544434,0.5764706134796143,calibrated_uv_reprojection_plus_stereo_left
-50.883934020996094,-146.48899841308594,-464.086181640625,228.05432200358132,324.5331503968998,88.98784890874424,278.00000018146767,110.00000509241343,0.48235294222831726,0.5254902243614197,0.5098039507865906,calibrated_uv_reprojection_plus_stereo_left
-72.00703430175781,-146.5714874267578,-468.0279541015625,241.86965946818975,341.73576615809077,85.31061077210973,257.00000052413884,111.00000184060639,0.48627451062202454,0.5058823823928833,0.4901960790157318,calibrated_uv_reprojection_plus_stereo_left
-69.79979705810547,-144.05435180664062,-459.9646911621094,235.4324284686973,343.1570192764258,90.6894595024927,257.9999967529532,110.99999568862066,0.6039215922355652,0.6274510025978088,0.6196078658103943,calibrated_uv_reprojection_plus_stereo_left
-68.79798889160156,-143.9891815185547,-459.7310485839844,234.71298851694746,342.3797531517188,90.87073681429536,259.0000035308618,111.00000620081866,0.615686297416687,0.6392157077789307,0.6313725709915161,calibrated_uv_reprojection_plus_stereo_left
-68.18677520751953,-144.75140380859375,-462.138916015625,235.91346401253486,340.8467135368311,89.29894033703539,259.99999635731893,110.99999156884428,0.615686297416687,0.6392157077789307,0.6313725709915161,calibrated_uv_reprojection_plus_stereo_left
-67.21327209472656,-144.75558471679688,-462.1265563964844,235.3523510387099,340.002280642127,89.33348134257676,261.00000164460573,110.99999710582767,0.6078431606292725,0.6431372761726379,0.6352941393852234,calibrated_uv_reprojection_plus_stereo_left
-66.2381362915039,-144.7563934326172,-462.1034240722656,234.78338691325501,339.1608945437414,89.37517379212858,262.0000008303971,111.00000092018678,0.6000000238418579,0.6431372761726379,0.6352941393852234,calibrated_uv_reprojection_plus_stereo_left
-65.32662963867188,-144.89845275878906,-462.5311279296875,234.5403855279706,338.18786449714895,89.11775081514128,262.99999642458283,110.99998887340712,0.6000000238418579,0.6431372761726379,0.6313725709915161,calibrated_uv_reprojection_plus_stereo_left
-64.26355743408203,-144.70362854003906,-461.883544921875,233.52005395908157,337.52898289989014,89.5737483187221,264.0000034455567,111.00000019642556,0.6000000238418579,0.6431372761726379,0.6274510025978088,calibrated_uv_reprojection_plus_stereo_left
-63.301551818847656,-144.7339630126953,-461.9546203613281,233.01911560199386,336.6599399588897,89.55294569840737,264.9999993508266,110.99999216312551,0.5960784554481506,0.6392157077789307,0.6274510025978088,calibrated_uv_reprojection_plus_stereo_left
-62.34370040893555,-144.7749786376953,-462.059814453125,232.5424596995918,335.7803631687208,89.50951718241356,265.9999990872875,110.99999724702874,0.5921568870544434,0.6352941393852234,0.6274510025978088,calibrated_uv_reprojection_plus_stereo_left
-61.37273406982422,-144.7864532470703,-462.0707092285156,231.9977378776353,334.9284889107148,89.52865073171381,266.9999995234314,111.00000019047141,0.5843137502670288,0.6274510025978088,0.615686297416687,calibrated_uv_reprojection_plus_stereo_left
-60.493621826171875,-145.01858520507812,-462.7857666015625,231.9578422619283,333.8644397462208,89.08078615546094,267.9999988653125,111.00000383665162,0.5803921818733215,0.6235294342041016,0.6078431606292725,calibrated_uv_reprojection_plus_stereo_left
-59.49725341796875,-144.9727325439453,-462.6136779785156,231.28106544586166,333.06636344553993,89.22131516936207,269.000000351201,111.00000664984216,0.5764706134796143,0.6196078658103943,0.6039215922355652,calibrated_uv_reprojection_plus_stereo_left
-58.5120964050293,-144.95321655273438,-462.525634765625,230.66468479309185,332.24317864746274,89.30609994120175,270.0000003675241,111.00000735551473,0.5764706134796143,0.6196078658103943,0.6039215922355652,calibrated_uv_reprojection_plus_stereo_left
-57.52912139892578,-144.9386444091797,-462.4533386230469,230.05967377953777,331.4153563397256,89.38044318013988,271.0000012167653,110.99999745691937,0.5686274766921997,0.615686297416687,0.6000000238418579,calibrated_uv_reprojection_plus_stereo_left
-56.48750686645508,-144.7733612060547,-461.9002380371094,229.11227486847855,330.735972031473,89.773537630151,271.9999998412309,110.99999904096984,0.5490196347236633,0.6000000238418579,0.5843137502670288,calibrated_uv_reprojection_plus_stereo_left
-55.518795013427734,-144.79249572753906,-461.935546875,228.58452865426256,329.8759289429432,89.7765059884623,272.9999983615592,111.00000019171881,0.545098066329956,0.5960784554481506,0.5803921818733215,calibrated_uv_reprojection_plus_stereo_left
-54.565223693847656,-144.8526153564453,-462.10162353515625,228.14943647077047,328.97481367839305,89.69279726927982,274.0000021310659,111.00001004266292,0.545098066329956,0.5960784554481506,0.5803921818733215,calibrated_uv_reprojection_plus_stereo_left
-53.63729476928711,-144.98434448242188,-462.4960632324219,227.87571663260104,328.0012645533521,89.45775908588314,275.00000071801145,111.0000048095834,0.5490196347236633,0.5960784554481506,0.5803921818733215,calibrated_uv_reprojection_plus_stereo_left
-52.75413131713867,-145.24432373046875,-463.2995300292969,227.89035850970203,326.89697076191794,88.95169132762584,275.9999987954457,110.99999427945338,0.5490196347236633,0.5921568870544434,0.5764706134796143,calibrated_uv_reprojection_plus_stereo_left
-51.74781799316406,-145.1687774658203,-463.0327453613281,227.14706088490863,326.1295287752997,89.15495737972907,277.00000333319616,110.99999653684,0.5490196347236633,0.5921568870544434,0.5764706134796143,calibrated_uv_reprojection_plus_stereo_left
-50.74091720581055,-145.08872985839844,-462.7516174316406,226.39421254367898,325.3675271403862,89.36770305291253,277.99999982280843,110.99999477299411,0.5254902243614197,0.5686274766921997,0.5529412031173706,calibrated_uv_reprojection_plus_stereo_left
-70.96260833740234,-143.4643096923828,-461.2171630859375,236.1828192819155,344.0538361495255,89.33124291956841,257.00000221467434,112.00000904548907,0.46666666865348816,0.4901960790157318,0.47058823704719543,calibrated_uv_reprojection_plus_stereo_left
-69.64717864990234,-142.76284790039062,-458.9365539550781,233.972888613691,343.8507144050323,90.87377108542063,258.0000014338121,111.99999900112869,0.6196078658103943,0.6431372761726379,0.6352941393852234,calibrated_uv_reprojection_plus_stereo_left
-68.68025207519531,-142.76609802246094,-458.9215393066406,233.41377552227243,343.0131401123142,90.90986395948966,258.99999837905267,112.00000466042991,0.6196078658103943,0.6431372761726379,0.6392157077789307,calibrated_uv_reprojection_plus_stereo_left
-67.93045043945312,-143.2273406982422,-460.37860107421875,233.9220119468012,341.75518751902996,89.96741253128431,259.9999981550401,111.99999226408795,0.6196078658103943,0.6470588445663452,0.6431372761726379,calibrated_uv_reprojection_plus_stereo_left
-66.9825210571289,-143.27822875976562,-460.5166320800781,233.47182920788026,340.870790182468,89.90186343338252,260.9999989842597,112.00000325265933,0.615686297416687,0.6509804129600525,0.6392157077789307,calibrated_uv_reprojection_plus_stereo_left
-66.01162719726562,-143.28085327148438,-460.49951171875,232.90911093749668,340.03062637993906,89.93945477003786,261.99999715332734,112.0000094584046,0.6078431606292725,0.6509804129600525,0.6352941393852234,calibrated_uv_reprojection_plus_stereo_left
-65.0718002319336,-143.3520965576172,-460.702880859375,232.5054411309314,339.12622526915953,89.83052201620859,262.99999747831725,112.00000462959508,0.6078431606292725,0.6509804129600525,0.6352941393852234,calibrated_uv_reprojection_plus_stereo_left
-64.0594482421875,-143.26339721679688,-460.3922119140625,231.73094121870133,338.37148616161176,90.06320664036008,263.9999974188115,111.99999375150625,0.6039215922355652,0.6470588445663452,0.6313725709915161,calibrated_uv_reprojection_plus_stereo_left
-63.082305908203125,-143.2519989013672,-460.33001708984375,231.13577124520094,337.54454143461567,90.13075190678336,264.9999991411871,111.99999636831049,0.5960784554481506,0.6392157077789307,0.6274510025978088,calibrated_uv_reprojection_plus_stereo_left
-62.10531997680664,-143.24069213867188,-460.26812744140625,230.54088402422798,336.7176077876179,90.1980900229176,266.000001395402,112.00000152909362,0.5960784554481506,0.6392157077789307,0.6313725709915161,calibrated_uv_reprojection_plus_stereo_left
-61.123958587646484,-143.21885681152344,-460.1723937988281,229.92181246149886,335.90087431027143,90.28791192978946,266.999997937713,112.00000088901726,0.5843137502670288,0.6274510025978088,0.6196078658103943,calibrated_uv_reprojection_plus_stereo_left
-60.30545425415039,-143.58416748046875,-461.3205261230469,230.19290128083935,334.7109548010822,89.55143969664948,267.9999970449766,112.00000047174498,0.5764706134796143,0.6196078658103943,0.6117647290229797,calibrated_uv_reprojection_plus_stereo_left
-59.34912872314453,-143.6280517578125,-461.43585205078125,229.72340144843542,333.82862905340727,89.50112977574736,268.9999994793215,111.99999248642445,0.572549045085907,0.615686297416687,0.6078431606292725,calibrated_uv_reprojection_plus_stereo_left
-58.38069152832031,-143.6436767578125,-461.46044921875,229.18882378366612,332.9733300069371,89.51108532572408,270.0000032616956,112.00000743929274,0.5686274766921997,0.6117647290229797,0.6039215922355652,calibrated_uv_reprojection_plus_stereo_left
-57.404380798339844,-143.64022827148438,-461.4237365722656,228.61046508345146,332.1365551112797,89.56176971643032,271.0000029511658,112.00001203195984,0.5647059082984924,0.6117647290229797,0.6000000238418579,calibrated_uv_reprojection_plus_stereo_left
-56.3826789855957,-143.52122497558594,-461.0157775878906,227.7682694920835,331.41395979597587,89.85899441049145,271.9999978238372,111.99999620051622,0.5529412031173706,0.6039215922355652,0.5960784554481506,calibrated_uv_reprojection_plus_stereo_left
-55.430843353271484,-143.5791015625,-461.1760559082031,227.3301387060219,330.5169337311479,89.7788553075261,272.999997852706,111.99999881120138,0.5490196347236633,0.6000000238418579,0.5843137502670288,calibrated_uv_reprojection_plus_stereo_left
-54.47626495361328,-143.63192749023438,-461.3200988769531,226.88003667782868,329.62424115528574,89.70951665387383,274.0000017618363,112.00000405256168,0.545098066329956,0.5960784554481506,0.5803921818733215,calibrated_uv_reprojection_plus_stereo_left
-53.51390838623047,-143.6658935546875,-461.4035339355469,226.38665436234277,328.7498671565414,89.68043800335454,275.0000007575256,112.00000386522402,0.5490196347236633,0.5960784554481506,0.5803921818733215,calibrated_uv_reprojection_plus_stereo_left
-52.66727828979492,-144.01768493652344,-462.50762939453125,226.61352427994143,327.5536455830353,88.97382618059112,276.0000009941421,112.00000016118204,0.5529412031173706,0.5960784554481506,0.5803921818733215,calibrated_uv_reprojection_plus_stereo_left
-51.66246795654297,-143.94215393066406,-462.2393798828125,225.87049769613452,326.78792186766947,89.17826865655081,276.9999995720774,112.00000788505051,0.5529412031173706,0.5960784554481506,0.5803921818733215,calibrated_uv_reprojection_plus_stereo_left
-50.633033752441406,-143.7938995361328,-461.73760986328125,224.96374144609325,326.09744896457096,89.53768039334693,277.99999858193644,112.00000801207821,0.5568627715110779,0.6000000238418579,0.5843137502670288,calibrated_uv_reprojection_plus_stereo_left
-50.25971603393555,-145.53990173339844,-467.31817626953125,228.33006773608793,323.45976645673755,85.86042814037461,279.00000060326875,111.99999621402384,0.43529412150382996,0.46666666865348816,0.45490196347236633,calibrated_uv_reprojection_plus_stereo_left
-70.67838287353516,-141.9124755859375,-459.3476257324219,234.1099629025727,344.9806885292468,90.07577913902128,256.9999971057082,113.00000103570218,0.45098039507865906,0.47058823704719543,0.45098039507865906,calibrated_uv_reprojection_plus_stereo_left
-69.61964416503906,-141.7303466796875,-458.7326965332031,233.11489250808847,344.31101586935483,90.51138430440761,258.0000038634445,113.0000004754755,0.6352941393852234,0.658823549747467,0.6509804129600525,calibrated_uv_reprojection_plus_stereo_left
-68.6566390991211,-141.74078369140625,-458.7410583496094,232.57293767751338,343.4672131555527,90.53188296677348,259.0000000207031,112.99999701828219,0.6235294342041016,0.6549019813537598,0.6431372761726379,calibrated_uv_reprojection_plus_stereo_left
-67.88475799560547,-142.1518096923828,-460.0458984375,232.9689192571244,342.2542332204,89.68914252624046,260.00000143608725,113.00001173998595,0.615686297416687,0.658823549747467,0.6431372761726379,calibrated_uv_reprojection_plus_stereo_left
-66.9244613647461,-142.1746063232422,-460.0941467285156,232.45402482062468,341.3963011515608,89.68317407617644,261.00000420078953,112.99999899544892,0.615686297416687,0.658823549747467,0.6431372761726379,calibrated_uv_reprojection_plus_stereo_left
-65.9509048461914,-142.1695556640625,-460.05230712890625,231.87395962239623,340.56404476169627,89.73718270099545,262.00000350591273,112.99999686963767,0.6117647290229797,0.6549019813537598,0.6392157077789307,calibrated_uv_reprojection_plus_stereo_left
-65.00396728515625,-142.22267150878906,-460.19866943359375,231.4294140030599,339.6772125520102,89.66591376675285,262.9999977464212,112.9999909405004,0.6078431606292725,0.6509804129600525,0.6352941393852234,calibrated_uv_reprojection_plus_stereo_left
-63.976375579833984,-142.0983428955078,-459.77093505859375,230.57177996114171,338.95733869257583,89.97677679209096,264.0000002312585,113.00000401354134,0.6039215922355652,0.6470588445663452,0.6313725709915161,calibrated_uv_reprojection_plus_stereo_left
-62.98729705810547,-142.05714416503906,-459.6121520996094,229.90808781176486,338.15988140765853,90.1086035034728,265.0000016569317,113.00000091437497,0.5960784554481506,0.6392157077789307,0.6235294342041016,calibrated_uv_reprojection_plus_stereo_left
-61.99740982055664,-142.01287841796875,-459.4434814453125,229.23760635530692,337.36580866333065,90.2469928406287,265.9999998820633,113.00000448106292,0.5921568870544434,0.6352941393852234,0.6274510025978088,calibrated_uv_reprojection_plus_stereo_left
-61.012901306152344,-141.97982788085938,-459.3110656738281,228.59338267203708,336.56143644876397,90.36124839468033,266.99999947774836,112.99999479124165,0.5803921818733215,0.6235294342041016,0.615686297416687,calibrated_uv_reprojection_plus_stereo_left
-60.16889953613281,-142.2780303955078,-460.2502746582031,228.71449487151267,335.43667127184904,89.76245093299036,267.99999841263923,113.00000256998047,0.572549045085907,0.615686297416687,0.6078431606292725,calibrated_uv_reprojection_plus_stereo_left
-59.208335876464844,-142.3059844970703,-460.3151550292969,228.21008496482722,334.5716320932472,89.745479883386,268.9999979417098,112.99999385907302,0.5686274766921997,0.6117647290229797,0.6000000238418579,calibrated_uv_reprojection_plus_stereo_left
-58.25008010864258,-142.34059143066406,-460.401611328125,227.72077280396928,333.6996960764343,89.71415572928873,270.00000021417816,113.00000687839932,0.5647059082984924,0.6078431606292725,0.5960784554481506,calibrated_uv_reprojection_plus_stereo_left
-57.27811050415039,-142.3424072265625,-460.3819274902344,227.15578698567748,332.859662490726,89.7534613084934,271.0000005595608,112.99999782993794,0.5607843399047852,0.6078431606292725,0.5921568870544434,calibrated_uv_reprojection_plus_stereo_left
-56.265045166015625,-142.240478515625,-460.0267639160156,226.35283574762735,332.12246106660984,90.01590485231975,272.00000148231356,113.00000372119001,0.5490196347236633,0.6000000238418579,0.5843137502670288,calibrated_uv_reprojection_plus_stereo_left
-55.2983512878418,-142.25436401367188,-460.046142578125,225.81583246119231,331.27088458461424,90.02921236755867,273.00000154318656,112.99999917492681,0.545098066329956,0.5960784554481506,0.5803921818733215,calibrated_uv_reprojection_plus_stereo_left
-54.360050201416016,-142.3431854248047,-460.307861328125,225.44998078670199,330.3439034021636,89.88135851756266,274.0000001218176,113.0000006989506,0.5411764979362488,0.5921568870544434,0.5764706134796143,calibrated_uv_reprojection_plus_stereo_left
-53.40548324584961,-142.39198303222656,-460.44012451171875,224.99207522133906,329.45624498376503,89.81962368307688,275.00000020704624,113.00000181556535,0.5411764979362488,0.5921568870544434,0.5764706134796143,calibrated_uv_reprojection_plus_stereo_left
-52.53451156616211,-142.6697235107422,-461.3126220703125,225.05519462584152,328.3355186855109,89.26571385049601,275.9999994519607,112.99999722997981,0.545098066329956,0.5921568870544434,0.5764706134796143,calibrated_uv_reprojection_plus_stereo_left
-51.557559967041016,-142.66481018066406,-461.27117919921875,224.47344385320935,327.5001411665344,89.31954480609807,277.0000007113589,113.00000881754318,0.545098066329956,0.5921568870544434,0.5764706134796143,calibrated_uv_reprojection_plus_stereo_left
-50.571964263916016,-142.6354522705078,-461.150634765625,223.83619708914523,326.6899120768642,89.4259734830735,277.9999992972169,112.99999780916869,0.5568627715110779,0.6000000238418579,0.5843137502670288,calibrated_uv_reprojection_plus_stereo_left
-49.63285446166992,-142.73873901367188,-461.4589538574219,223.49969754322518,325.7429591471455,89.24730123012785,279.00000067602946,112.99999574423063,0.4470588266849518,0.47843137383461,0.46666666865348816,calibrated_uv_reprojection_plus_stereo_left
-79.74536895751953,-156.8642578125,-511.2679443359375,271.68224671121857,331.87452230354603,54.91287562190519,256.00000234122814,113.99999958878209,0.32549020648002625,0.3450980484485626,0.32156863808631897,calibrated_uv_reprojection_plus_stereo_left
-70.5803451538086,-140.73985290527344,-458.6883239746094,232.9209873649121,345.56750774883585,90.01702913108392,257.00000100105154,114.000005308001,0.43529412150382996,0.4588235318660736,0.4431372582912445,calibrated_uv_reprojection_plus_stereo_left
-69.60440826416016,-140.7235565185547,-458.60986328125,232.31621312952205,344.74827431007554,90.0953880839661,258.00000181442084,114.00000126266417,0.6431372761726379,0.6705882549285889,0.658823549747467,calibrated_uv_reprojection_plus_stereo_left
-68.6418685913086,-140.7343292236328,-458.6196594238281,231.77536287217612,343.90432826945096,90.11487070146723,258.9999993965735,114.00000994380218,0.6196078658103943,0.6549019813537598,0.6431372761726379,calibrated_uv_reprojection_plus_stereo_left
-67.82791137695312,-141.05450439453125,-459.6376037597656,231.96229546118298,342.7741419320475,89.46201738073643,259.9999987291905,113.99999961400314,0.615686297416687,0.658823549747467,0.6509804129600525,calibrated_uv_reprojection_plus_stereo_left
-66.86904907226562,-141.0783233642578,-459.6898193359375,231.45060959087567,341.9159025530196,89.4532834340049,260.99999679055,114.0000003706786,0.6117647290229797,0.6549019813537598,0.6470588445663452,calibrated_uv_reprojection_plus_stereo_left
-65.90187072753906,-141.08514404296875,-459.6866149902344,230.8988384261486,341.0732653789387,89.48151775379944,262.0000006526816,113.99999291880792,0.6039215922355652,0.6470588445663452,0.6392157077789307,calibrated_uv_reprojection_plus_stereo_left
-64.93773651123047,-141.09884643554688,-459.7058410644531,230.36310786680923,340.2240330349986,89.49479802233498,262.9999964230203,113.99998950633417,0.6039215922355652,0.6470588445663452,0.6352941393852234,calibrated_uv_reprojection_plus_stereo_left
-63.881080627441406,-140.90896606445312,-459.0618591308594,229.35157499532733,339.5676611453416,89.95023151073804,263.9999983112792,113.99999951993297,0.5921568870544434,0.6352941393852234,0.6196078658103943,calibrated_uv_reprojection_plus_stereo_left
-62.888057708740234,-140.85585021972656,-458.86346435546875,228.66055070757204,338.78299784895916,90.10855535263028,264.99999973549313,114.00000466346955,0.5803921818733215,0.6235294342041016,0.6117647290229797,calibrated_uv_reprojection_plus_stereo_left
-61.90696334838867,-140.82830810546875,-458.74835205078125,228.0294599494713,337.9743820271999,90.21135314819992,266.00000065203767,113.9999964789915,0.5764706134796143,0.6196078658103943,0.6117647290229797,calibrated_uv_reprojection_plus_stereo_left
-60.91889572143555,-140.78384399414062,-458.57818603515625,227.35926192817368,337.1823996416291,90.35082699195686,267.0000003114189,114.00000657152904,0.572549045085907,0.6196078658103943,0.6117647290229797,calibrated_uv_reprojection_plus_stereo_left
-60.0391845703125,-140.9925079345703,-459.2324523925781,227.27674973014894,336.1448635410243,89.94084141566879,267.9999989286902,113.99999881654122,0.5647059082984924,0.615686297416687,0.6078431606292725,calibrated_uv_reprojection_plus_stereo_left
-59.0855827331543,-141.03175354003906,-459.3348693847656,226.80009074116583,335.27050373983286,89.89868704426084,269.0000021550675,113.99999606903833,0.5607843399047852,0.6078431606292725,0.6000000238418579,calibrated_uv_reprojection_plus_stereo_left
-58.12080383300781,-141.04525756835938,-459.3534851074219,226.26359287027935,334.4209670408451,89.91238135759056,270.00000217229905,114.00000864635672,0.5529412031173706,0.6000000238418579,0.5921568870544434,calibrated_uv_reprojection_plus_stereo_left
-57.16012954711914,-141.0694580078125,-459.4068908691406,225.75163671266176,333.5606554747468,89.90290740578786,271.0000019097117,114.00000920309265,0.5490196347236633,0.5960784554481506,0.5843137502670288,calibrated_uv_reprojection_plus_stereo_left
-56.17068099975586,-141.02235412597656,-459.22808837890625,225.07514986827863,332.77102683206505,90.04814893731105,272.00000243603154,114.00000924235528,0.5411764979362488,0.5921568870544434,0.5764706134796143,calibrated_uv_reprojection_plus_stereo_left
-55.21904373168945,-141.07029724121094,-459.3587646484375,224.6176457296841,331.88672060314445,89.98721135802856,273.0000010566695,113.99999881585282,0.5411764979362488,0.5921568870544434,0.5803921818733215,calibrated_uv_reprojection_plus_stereo_left
-54.2750129699707,-141.13983154296875,-459.5597229003906,224.20931364071737,330.98005853580935,89.8794765226155,273.99999701961804,113.99998776900543,0.5411764979362488,0.5921568870544434,0.5803921818733215,calibrated_uv_reprojection_plus_stereo_left
-53.33613967895508,-141.22564697265625,-459.8137512207031,223.8377583311921,330.056015200847,89.73640685971935,274.99999879396205,114.00000417480825,0.5372549295425415,0.5882353186607361,0.5803921818733215,calibrated_uv_reprojection_plus_stereo_left
-52.44350051879883,-141.43946838378906,-460.48443603515625,223.75837134850724,329.0004271735319,89.31588340008102,276.00000167530095,114.00000144619324,0.5372549295425415,0.5882353186607361,0.5764706134796143,calibrated_uv_reprojection_plus_stereo_left
-51.471519470214844,-141.4434356689453,-460.4718933105469,223.19790021886178,328.15745776905254,89.3504302501616,277.0000018179679,114.00000965391109,0.5411764979362488,0.5882353186607361,0.5764706134796143,calibrated_uv_reprojection_plus_stereo_left
-50.50846862792969,-141.47268676757812,-460.5416259765625,222.69501293420154,327.2883365205878,89.33019763700776,278.00000144562534,114.00000853916998,0.5490196347236633,0.5921568870544434,0.5803921818733215,calibrated_uv_reprojection_plus_stereo_left
-49.52787780761719,-141.45310974121094,-460.4523620605469,222.0807070809804,326.4694945417219,89.41584915993099,278.9999981772633,113.999994255454,0.47058823704719543,0.501960813999176,0.4901960790157318,calibrated_uv_reprojection_plus_stereo_left
-74.79085540771484,-146.0985870361328,-479.4803466796875,247.83822681174246,341.0822828598941,75.5993807676877,255.99999539801087,114.99999458718202,0.27450981736183167,0.3019607961177826,0.2666666805744171,calibrated_uv_reprojection_plus_stereo_left
-70.54660034179688,-139.6973419189453,-458.4468688964844,232.03658803758577,346.03727160438126,89.68051708586955,257.00000102004975,114.99999555393305,0.4156862795352936,0.4470588266849518,0.41960784792900085,calibrated_uv_reprojection_plus_stereo_left
-69.58948516845703,-139.71791076660156,-458.4891052246094,231.51940853592322,345.1847401685887,89.67826848342503,258.0000001473042,114.99999582783758,0.6235294342041016,0.6666666865348816,0.6509804129600525,calibrated_uv_reprojection_plus_stereo_left
-68.627197265625,-139.7285919189453,-458.4989318847656,230.97864821059056,344.3410420525659,89.69767325422396,258.99999826609803,115.0000098780244,0.6078431606292725,0.6509804129600525,0.6352941393852234,calibrated_uv_reprojection_plus_stereo_left
-67.77766418457031,-139.97254943847656,-459.27410888671875,230.98918665619436,343.28066723600864,89.2058378147687,260.00000222588994,115.00000358125257,0.6078431606292725,0.6509804129600525,0.6352941393852234,calibrated_uv_reprojection_plus_stereo_left
-66.80613708496094,-139.9680633544922,-459.23406982421875,230.41144318276793,342.44942811374756,89.25861150944974,261.0000030802519,115.00000186779081,0.6039215922355652,0.6470588445663452,0.6313725709915161,calibrated_uv_reprojection_plus_stereo_left
-65.8255386352539,-139.94424438476562,-459.1305847167969,229.7881603863073,341.63638863926167,89.35376242134419,262.0000018060153,114.9999941365034,0.6000000238418579,0.6431372761726379,0.6274510025978088,calibrated_uv_reprojection_plus_stereo_left
-64.85712432861328,-139.94607543945312,-459.11126708984375,229.2253784527819,340.7993347472501,89.39269387310105,262.99999607791887,114.99999002823404,0.5921568870544434,0.6352941393852234,0.6196078658103943,calibrated_uv_reprojection_plus_stereo_left
-63.790191650390625,-139.7322540283203,-458.3845520019531,228.1562858968869,340.16752071378346,89.90400332563877,264.0000012753737,114.99999894083626,0.5843137502670288,0.6274510025978088,0.6117647290229797,calibrated_uv_reprojection_plus_stereo_left
-62.80068588256836,-139.68414306640625,-458.2014465332031,227.47725431008894,339.3794859655492,90.05226239803136,264.9999982301258,114.99999476230343,0.572549045085907,0.6196078658103943,0.6078431606292725,calibrated_uv_reprojection_plus_stereo_left
-61.81897735595703,-139.65223693847656,-458.0715026855469,226.83649723182606,338.5763699708236,90.16501194996977,265.9999976633553,114.99998807194805,0.5686274766921997,0.6196078658103943,0.6117647290229797,calibrated_uv_reprojection_plus_stereo_left
-60.827911376953125,-139.59791564941406,-457.86810302734375,226.14365018138892,337.795333590953,90.3267818088018,266.9999975941952,114.99999816769909,0.5647059082984924,0.615686297416687,0.6078431606292725,calibrated_uv_reprojection_plus_stereo_left
-59.925846099853516,-139.74949645996094,-458.3399963378906,225.93126413228282,336.81396998975123,90.03774625703818,267.9999992255622,114.99999944850964,0.5568627715110779,0.6078431606292725,0.6000000238418579,calibrated_uv_reprojection_plus_stereo_left
-58.97358322143555,-139.78717041015625,-458.4382629394531,225.45251049339856,335.9426071569461,89.99816218326339,269.0000029262682,114.99999816251199,0.5490196347236633,0.6000000238418579,0.5882353186607361,calibrated_uv_reprojection_plus_stereo_left
-58.01166534423828,-139.8029022216797,-458.4645690917969,224.92245927892208,335.09244332587537,90.00662023148914,269.9999964891006,115.00000008604928,0.545098066329956,0.5960784554481506,0.5843137502670288,calibrated_uv_reprojection_plus_stereo_left
-57.061012268066406,-139.84689331054688,-458.5835266113281,224.45779142774893,334.2139679312947,89.95325331743703,270.99999765174425,114.99999915932463,0.5411764979362488,0.5921568870544434,0.5803921818733215,calibrated_uv_reprojection_plus_stereo_left
-56.086551666259766,-139.83314514160156,-458.5131530761719,223.85906729913955,333.3926582029286,90.02624646795687,272.0000002309386,115.00000233934094,0.5411764979362488,0.5921568870544434,0.5764706134796143,calibrated_uv_reprojection_plus_stereo_left
-55.14037322998047,-139.89076232910156,-458.6767578125,223.42536510687927,332.4997074390511,89.94311319796094,272.99999928640676,114.99999923142397,0.5411764979362488,0.5921568870544434,0.5803921818733215,calibrated_uv_reprojection_plus_stereo_left
-54.19279479980469,-139.94692993164062,-458.8356018066406,222.98783350489543,331.6074965822593,89.8631767378377,274.0000011069966,115.0000004848761,0.5411764979362488,0.5921568870544434,0.5803921818733215,calibrated_uv_reprojection_plus_stereo_left
-53.253562927246094,-140.02719116210938,-459.0733947753906,222.60530644025891,330.69006701545675,89.73059436640034,274.99999931707123,114.9999955376523,0.5411764979362488,0.5921568870544434,0.5803921818733215,calibrated_uv_reprojection_plus_stereo_left
-52.38938522338867,-140.31153869628906,-459.9802551269531,222.69133309169905,329.56271301005904,89.15170486320659,275.99999866096323,115.00000497701413,0.5372549295425415,0.5882353186607361,0.5803921818733215,calibrated_uv_reprojection_plus_stereo_left
-51.45513916015625,-140.41555786132812,-460.29583740234375,222.36115628750315,328.6176128330668,88.96733323222765,277.00000029824395,115.00000181293973,0.5411764979362488,0.5882353186607361,0.5764706134796143,calibrated_uv_reprojection_plus_stereo_left
-50.48343276977539,-140.41949462890625,-460.2833251953125,221.80083305593365,327.7748860633619,89.00183306801193,278.00000031192263,115.0000004872407,0.545098066329956,0.5921568870544434,0.5803921818733215,calibrated_uv_reprojection_plus_stereo_left
-49.471435546875,-140.30941772460938,-459.8971252441406,220.97972821361145,327.0508331936623,89.28555327312358,278.99999966936326,115.0000058416235,0.4941176474094391,0.5333333611488342,0.5215686559677124,calibrated_uv_reprojection_plus_stereo_left
-49.00324630737305,-141.768310546875,-464.6532897949219,223.74117161680766,324.68443992094547,86.13997015758883,279.9999970743804,114.99999321600623,0.3333333432674408,0.364705890417099,0.3529411852359772,calibrated_uv_reprojection_plus_stereo_left
-71.83084869384766,-139.33706665039062,-460.4819641113281,233.34780117222726,346.72147746839846,87.79487446825954,256.00000524214954,115.99999798642452,0.24705882370471954,0.27450981736183167,0.239215686917305,calibrated_uv_reprojection_plus_stereo_left
-70.22219848632812,-138.0842742919922,-456.3166809082031,229.78833312219479,347.02885719244966,90.60855977816641,256.9999989833333,116.00000789232507,0.3921568691730499,0.42352941632270813,0.3960784375667572,calibrated_uv_reprojection_plus_stereo_left
-69.29472351074219,-138.15484619140625,-456.5247497558594,229.39319989061147,346.13412901977836,90.49514049612827,258.0000004369905,115.99999169999029,0.615686297416687,0.658823549747467,0.6431372761726379,calibrated_uv_reprojection_plus_stereo_left
-68.38697814941406,-138.26734924316406,-456.87139892578125,229.0972688216185,345.19969774721494,90.2890096805059,258.99999632301785,115.99999288925997,0.6078431606292725,0.6509804129600525,0.6352941393852234,calibrated_uv_reprojection_plus_stereo_left
-67.6006851196289,-138.63223266601562,-458.0519104003906,229.399879641305,344.02871379415706,89.52499227513732,260.00000204134267,116.00000023219994,0.6078431606292725,0.6509804129600525,0.6431372761726379,calibrated_uv_reprojection_plus_stereo_left
-66.65349578857422,-138.6730194091797,-458.1614990234375,228.93098903742538,343.15724545672447,89.47759377972682,260.99999617131147,116.00000528710967,0.6039215922355652,0.6470588445663452,0.6392157077789307,calibrated_uv_reprojection_plus_stereo_left
-65.68498229980469,-138.67010498046875,-458.12664794921875,228.3582673083675,342.3264967854509,89.52684565230862,261.99999928277794,115.9999955354044,0.6000000238418579,0.6431372761726379,0.6352941393852234,calibrated_uv_reprojection_plus_stereo_left
-64.75444793701172,-138.74855041503906,-458.3606262207031,227.97783066496078,341.4184656763214,89.39626435155867,263.00000335479615,116.00000273538703,0.5960784554481506,0.6392157077789307,0.6313725709915161,calibrated_uv_reprojection_plus_stereo_left
-63.70864486694336,-138.57872009277344,-457.7744140625,227.01104890853946,340.74676678076173,89.81430968485051,263.9999999787944,116.00000410236436,0.5843137502670288,0.6274510025978088,0.6196078658103943,calibrated_uv_reprojection_plus_stereo_left
-62.73619842529297,-138.56578063964844,-457.70648193359375,226.41508099027732,339.92617740899004,89.8856673949557,265.0000002678994,115.9999998505827,0.572549045085907,0.6196078658103943,0.6117647290229797,calibrated_uv_reprojection_plus_stereo_left
-61.76006317138672,-138.54425048828125,-457.61016845703125,225.7989961298104,339.11402639924177,89.97600282578065,265.999999621819,115.99999244815046,0.5647059082984924,0.615686297416687,0.6078431606292725,calibrated_uv_reprojection_plus_stereo_left
-60.777061462402344,-138.5064697265625,-457.460205078125,225.14493658905474,338.31792398324797,90.10220396865765,266.9999978070355,115.99999002245355,0.5490196347236633,0.6000000238418579,0.5921568870544434,calibrated_uv_reprojection_plus_stereo_left
-59.89349365234375,-138.69781494140625,-458.0670166015625,225.0279455503649,337.2977254765758,89.72237923739374,267.99999870774633,116.00000164010748,0.5411764979362488,0.5921568870544434,0.5843137502670288,calibrated_uv_reprojection_plus_stereo_left
-58.923606872558594,-138.6923828125,-458.02386474609375,224.44916728913006,336.4691910018099,89.77718566347068,269.00000235202276,115.9999986971248,0.5372549295425415,0.5882353186607361,0.5803921818733215,calibrated_uv_reprojection_plus_stereo_left
-57.95661926269531,-138.69378662109375,-458.0032958984375,223.88637561493977,335.63391069020986,89.81689252903487,270.00000064332903,115.99999821305204,0.5411764979362488,0.5921568870544434,0.5803921818733215,calibrated_uv_reprojection_plus_stereo_left
-56.99298858642578,-138.70350646972656,-458.01019287109375,223.34293149483597,334.7902781523844,89.8382399869285,271.00000101924854,115.99999997191267,0.5411764979362488,0.5921568870544434,0.5803921818733215,calibrated_uv_reprojection_plus_stereo_left
-55.97368240356445,-138.57582092285156,-457.5633850097656,222.47973466950754,334.08443541834276,90.16285225949423,272.0000006980698,116.00000125111836,0.5411764979362488,0.5921568870544434,0.5764706134796143,calibrated_uv_reprojection_plus_stereo_left
-55.02165222167969,-138.6132354736328,-457.6617126464844,222.00094932010035,333.2133644813906,90.1230794865699,272.99999925753576,115.99999509020029,0.5411764979362488,0.5921568870544434,0.5764706134796143,calibrated_uv_reprojection_plus_stereo_left
-54.060821533203125,-138.6295166015625,-457.6903076171875,221.472868608572,332.36326580847026,90.12991531916913,274.0000022539749,116.00000608220867,0.5411764979362488,0.5921568870544434,0.5803921818733215,calibrated_uv_reprojection_plus_stereo_left
-53.09069061279297,-138.62220764160156,-457.6409912109375,220.89003280021785,331.5370529341483,90.18882546226348,275.00000088705815,116.00000915450394,0.5372549295425415,0.5882353186607361,0.5803921818733215,calibrated_uv_reprojection_plus_stereo_left
-52.17407989501953,-138.757080078125,-458.06103515625,220.63566740839588,330.56473785097825,89.93411731616925,276.0000028982282,116.00001019717553,0.5372549295425415,0.5882353186607361,0.5803921818733215,calibrated_uv_reprojection_plus_stereo_left
-51.19568634033203,-138.729736328125,-457.9455261230469,220.00611001207926,329.7585011255179,90.03728109893427,276.99999956493895,116.00000218625146,0.5372549295425415,0.5843137502670288,0.572549045085907,calibrated_uv_reprojection_plus_stereo_left
-50.222591400146484,-138.71607971191406,-457.875244140625,219.4082751373727,328.93831461527964,90.11021489574341,277.9999998974387,116.00000656257788,0.5411764979362488,0.5882353186607361,0.572549045085907,calibrated_uv_reprojection_plus_stereo_left
-49.2384033203125,-138.67076110839844,-457.700439453125,218.73776708420365,328.1513810725201,90.2529703887268,278.99999970031337,116.000003981019,0.5137255191802979,0.5568627715110779,0.5411764979362488,calibrated_uv_reprojection_plus_stereo_left
-48.02589416503906,-137.9678192138672,-455.3551940917969,216.55923510846713,328.0567827690756,91.84546570654908,279.9999976678978,115.999999303646,0.32156863808631897,0.364705890417099,0.3490196168422699,calibrated_uv_reprojection_plus_stereo_left
-71.50942993164062,-137.73866271972656,-458.3995666503906,231.13171194692922,347.6959658750537,88.69113664600468,256.0000045181982,117.0000025110312,0.22745098173618317,0.2549019753932953,0.2235294133424759,calibrated_uv_reprojection_plus_stereo_left
-70.17964935302734,-137.03060913085938,-456.0181579589844,228.86718093588968,347.5118575902333,90.31338272589682,256.9999996989858,117.00000829705945,0.364705890417099,0.3960784375667572,0.364705890417099,calibrated_uv_reprojection_plus_stereo_left
-69.26176452636719,-137.118408203125,-456.2852783203125,228.51452860859933,346.6015038527585,90.1601013922695,257.99999735779465,116.99999347335881,0.6117647290229797,0.6549019813537598,0.6392157077789307,calibrated_uv_reprojection_plus_stereo_left
-68.34525299072266,-137.2115020751953,-456.570068359375,228.17383108127166,345.6851160849525,89.99499845613508,258.9999996138223,117.00000497951382,0.6000000238418579,0.6431372761726379,0.6274510025978088,calibrated_uv_reprojection_plus_stereo_left
-67.50635528564453,-137.46539306640625,-457.3898010253906,228.2161239686941,344.6171710993916,89.47143407743312,259.9999982608971,117.00000273308561,0.5960784554481506,0.6392157077789307,0.6313725709915161,calibrated_uv_reprojection_plus_stereo_left
-66.5525131225586,-137.48928833007812,-457.4442138671875,227.70828226204543,343.7626369875984,89.46082023021313,261.0000050928453,117.00000014307511,0.5921568870544434,0.6392157077789307,0.6313725709915161,calibrated_uv_reprojection_plus_stereo_left
-65.59762573242188,-137.51174926757812,-457.4938659667969,227.19682609707627,342.9091448739074,89.45340292567994,262.0000003138616,117.00000396983907,0.5803921818733215,0.6313725709915161,0.6235294342041016,calibrated_uv_reprojection_plus_stereo_left
-64.6471176147461,-137.54429626464844,-457.5770568847656,226.70910581408566,342.04572560063355,89.42352502650112,263.0000010180039,117.00000601378568,0.572549045085907,0.6235294342041016,0.615686297416687,calibrated_uv_reprojection_plus_stereo_left
-63.6396369934082,-137.45486450195312,-457.25445556640625,225.93195096097162,341.2989287429464,89.66552092107241,264.00000193862115,117.00000577217398,0.572549045085907,0.615686297416687,0.6078431606292725,calibrated_uv_reprojection_plus_stereo_left
-62.66472625732422,-137.43418884277344,-457.16058349609375,225.31820242729884,340.48679278963914,89.75426247046755,264.99999794152416,117.00000162796906,0.5647059082984924,0.6117647290229797,0.6078431606292725,calibrated_uv_reprojection_plus_stereo_left
-61.69547653198242,-137.4255828857422,-457.1068420410156,224.73309763849642,339.66314401569537,89.81612001853205,265.9999995742279,116.99999058436231,0.5529412031173706,0.6000000238418579,0.6078431606292725,calibrated_uv_reprojection_plus_stereo_left
-60.72188949584961,-137.40695190429688,-457.01983642578125,224.1244390153892,338.8493553041094,89.90024300908641,267.0000000963653,117.00000357434436,0.5372549295425415,0.5882353186607361,0.5882353186607361,calibrated_uv_reprojection_plus_stereo_left
-59.82107925415039,-137.55517578125,-457.4877014160156,223.90864937857435,337.8716175650287,89.6127622838855,267.99999982140514,116.99999503156218,0.529411792755127,0.5803921818733215,0.572549045085907,calibrated_uv_reprojection_plus_stereo_left
-58.85870361328125,-137.564453125,-457.49346923828125,223.36513600458505,337.0295808454912,89.6347809951244,268.9999990050087,117.00000133755506,0.5333333611488342,0.5843137502670288,0.5764706134796143,calibrated_uv_reprojection_plus_stereo_left
-57.90264129638672,-137.5891571044922,-457.5505065917969,222.85769411816057,336.17203407843385,89.62247809104036,270.0000036335893,116.99999926850472,0.5372549295425415,0.5882353186607361,0.5803921818733215,calibrated_uv_reprojection_plus_stereo_left
-56.93954849243164,-137.5977783203125,-457.5540771484375,222.31238202276853,335.33027179820215,89.64598050840453,270.9999993701924,117.0000043673187,0.5372549295425415,0.5882353186607361,0.5803921818733215,calibrated_uv_reprojection_plus_stereo_left
-55.93351745605469,-137.5012664794922,-457.2080078125,221.52119430901854,334.5943543354824,89.90357794595809,271.99999912901677,116.99999214260112,0.5372549295425415,0.5882353186607361,0.5764706134796143,calibrated_uv_reprojection_plus_stereo_left
-54.97031021118164,-137.50857543945312,-457.20721435546875,220.9730553637259,333.7542795581637,89.92999255668326,273.00000058273974,116.99999365630234,0.5333333611488342,0.5843137502670288,0.5764706134796143,calibrated_uv_reprojection_plus_stereo_left
-54.00049591064453,-137.49940490722656,-457.15167236328125,220.3864701244026,332.93088685840684,89.99305156482768,274.0000000287406,117.00000927969907,0.5333333611488342,0.5843137502670288,0.5764706134796143,calibrated_uv_reprojection_plus_stereo_left
-53.0325813293457,-137.4949493408203,-457.1117248535156,219.81086147578839,332.102749260677,90.04568321223451,274.99999758386446,116.99999904854144,0.529411792755127,0.5803921818733215,0.572549045085907,calibrated_uv_reprojection_plus_stereo_left
-52.114479064941406,-137.62197875976562,-457.5089416503906,219.5404778021221,331.13888885945994,89.80572558810337,276.00000327022855,117.00000646202139,0.529411792755127,0.5803921818733215,0.572549045085907,calibrated_uv_reprojection_plus_stereo_left
-51.144222259521484,-137.61358642578125,-457.45587158203125,218.9552280452187,330.31408489919204,89.86716454924914,277.00000057749224,116.99999215871483,0.529411792755127,0.5764706134796143,0.5686274766921997,calibrated_uv_reprojection_plus_stereo_left
-50.181522369384766,-137.6256866455078,-457.4709777832031,218.41744776558755,329.4679363066832,89.88297219771721,277.9999977582328,116.9999954184064,0.5333333611488342,0.5764706134796143,0.5607843399047852,calibrated_uv_reprojection_plus_stereo_left
-49.181400299072266,-137.5337371826172,-457.1402587890625,217.63932658205283,328.730891698086,90.13017276702391,279.0000026223837,117.00000645884217,0.5176470875740051,0.5607843399047852,0.545098066329956,calibrated_uv_reprojection_plus_stereo_left
-47.95280075073242,-136.78646850585938,-454.6314697265625,215.35164121980796,328.68727303627736,91.8345656433828,279.9999993041736,117.00000328047068,0.3333333432674408,0.3764705955982208,0.3607843220233917,calibrated_uv_reprojection_plus_stereo_left
-71.41785430908203,-136.58868408203125,-457.7906799316406,229.9838414877088,348.2646700227164,88.60247110383602,256.0000054978638,118.00001030564266,0.239215686917305,0.26274511218070984,0.239215686917305,calibrated_uv_reprojection_plus_stereo_left
-70.17015838623047,-136.04229736328125,-455.9344482421875,228.10148492026843,347.93531907430145,89.87461991310067,256.9999983636125,117.99999953257199,0.3333333432674408,0.3607843220233917,0.34117648005485535,calibrated_uv_reprojection_plus_stereo_left
-69.24999237060547,-136.12461853027344,-456.1854248046875,227.73685040098582,347.0298502325227,89.7318338116848,257.9999984743227,118.00000798852517,0.5921568870544434,0.6352941393852234,0.6196078658103943,calibrated_uv_reprojection_plus_stereo_left
-68.3011703491211,-136.15223693847656,-456.25299072265625,227.24004345286363,346.1743897517951,89.7122166584889,258.99999837407995,117.9999954688212,0.5764706134796143,0.6196078658103943,0.6078431606292725,calibrated_uv_reprojection_plus_stereo_left
-67.43836212158203,-136.35462951660156,-456.90625,227.1622185970673,345.154422082254,89.29945011636732,260.000003207102,118.00000140281043,0.5764706134796143,0.6196078658103943,0.6117647290229797,calibrated_uv_reprojection_plus_stereo_left
-66.477783203125,-136.36241149902344,-456.9073486328125,226.6167158125166,344.3158968332015,89.32449389660064,261.0000004637842,118.00000515430705,0.5764706134796143,0.6196078658103943,0.6117647290229797,calibrated_uv_reprojection_plus_stereo_left
-65.50995635986328,-136.3554229736328,-456.85894775390625,226.0358156612786,343.49129330276196,89.38276418062549,261.9999984207051,118.00000673818786,0.5764706134796143,0.6196078658103943,0.6117647290229797,calibrated_uv_reprojection_plus_stereo_left
-64.57164764404297,-136.41067504882812,-457.0190734863281,225.60346335924493,342.607152291157,89.30109302630706,262.9999996262251,118.00000813342425,0.572549045085907,0.6196078658103943,0.6117647290229797,calibrated_uv_reprojection_plus_stereo_left
-63.567230224609375,-136.325927734375,-456.7101135253906,224.83712642353203,341.85719192792845,89.53422320041108,264.0000012366467,117.99999479470245,0.5607843399047852,0.6117647290229797,0.6039215922355652,calibrated_uv_reprojection_plus_stereo_left
-62.6032829284668,-136.32676696777344,-456.6879577636719,224.27501261031745,341.0252403371238,89.57487373152583,265.0000034156253,118.00000107360106,0.5568627715110779,0.6078431606292725,0.6000000238418579,calibrated_uv_reprojection_plus_stereo_left
-61.635128021240234,-136.31842041015625,-456.6349792480469,223.69104131941185,340.2022184712177,89.63621300023863,266.00000100616427,117.99999149923642,0.5490196347236633,0.6000000238418579,0.5960784554481506,calibrated_uv_reprojection_plus_stereo_left
-60.665470123291016,-136.30650329589844,-456.5700988769531,223.09868261615912,339.38276025844436,89.70552610048418,266.9999983269262,117.99999923997825,0.5372549295425415,0.5882353186607361,0.5843137502670288,calibrated_uv_reprojection_plus_stereo_left
-59.76711654663086,-136.4571075439453,-457.049560546875,222.89082838659215,338.4028660848282,89.40968893325106,268.00000191532575,118.00000378454496,0.5333333611488342,0.5843137502670288,0.5764706134796143,calibrated_uv_reprojection_plus_stereo_left
-58.80925750732422,-136.4746551513672,-457.0832824707031,222.3674960752203,337.55336473533794,89.41289724759622,268.999997146885,117.99999347534703,0.5333333611488342,0.5843137502670288,0.5764706134796143,calibrated_uv_reprojection_plus_stereo_left
-57.85380935668945,-136.4985809326172,-457.1383972167969,221.85904354824345,336.69722167379473,89.40175937073082,270.00000219855616,117.9999954668476,0.5372549295425415,0.5882353186607361,0.5803921818733215,calibrated_uv_reprojection_plus_stereo_left
-56.89915084838867,-136.52529907226562,-457.2028503417969,221.35694142403338,335.83794760249623,89.38436930221684,271.0000023175289,117.99999649125095,0.5372549295425415,0.5882353186607361,0.5803921818733215,calibrated_uv_reprojection_plus_stereo_left
-55.89643859863281,-136.43572998046875,-456.8778991699219,220.58145637760543,335.0960230531398,89.62811539007464,271.99999791180494,118.00000174491336,0.5372549295425415,0.5882353186607361,0.5803921818733215,calibrated_uv_reprojection_plus_stereo_left
-54.927040100097656,-136.42587280273438,-456.81988525390625,219.99358755186142,334.27398062324505,89.69284208841225,272.9999997298798,118.00000438081878,0.5333333611488342,0.5843137502670288,0.5764706134796143,calibrated_uv_reprojection_plus_stereo_left
-53.95587158203125,-136.41128540039062,-456.74603271484375,219.39470486015273,333.45687180923704,89.76818583292999,273.99999974463924,118.00000607938725,0.529411792755127,0.5803921818733215,0.572549045085907,calibrated_uv_reprojection_plus_stereo_left
-52.98773193359375,-136.40408325195312,-456.6968688964844,218.81315394466236,332.6323022602356,89.8269800447083,275.000001442841,117.99999471588598,0.5254902243614197,0.5764706134796143,0.5686274766921997,calibrated_uv_reprojection_plus_stereo_left
-52.059608459472656,-136.50161743164062,-456.9984130859375,218.47594908346673,331.6992067100149,89.65066505810648,276.0000003356488,118.0000006679629,0.5215686559677124,0.572549045085907,0.5647059082984924,calibrated_uv_reprojection_plus_stereo_left
-51.0789909362793,-136.46270751953125,-456.8431396484375,217.82024248089152,330.9071582167241,89.78059225976881,277.00000080277414,118.00000662332039,0.5176470875740051,0.5686274766921997,0.5607843399047852,calibrated_uv_reprojection_plus_stereo_left
-50.123802185058594,-136.49166870117188,-456.9150085449219,217.32253745326688,330.04438118537905,89.75827680041931,277.9999993018877,117.99998970962363,0.5176470875740051,0.5607843399047852,0.5529412031173706,calibrated_uv_reprojection_plus_stereo_left
-49.13677978515625,-136.4334716796875,-456.6952209472656,216.6224165852604,329.2731361702646,89.93142094390413,279.0000034572621,118.00000594447303,0.5098039507865906,0.5529412031173706,0.5411764979362488,calibrated_uv_reprojection_plus_stereo_left
-47.90219497680664,-135.67189025878906,-454.12103271484375,214.29384634950458,329.2488856854098,91.68230340562343,280.00000130724504,118.0000059818415,0.3529411852359772,0.3960784375667572,0.3803921639919281,calibrated_uv_reprojection_plus_stereo_left
-48.40470504760742,-139.89984130859375,-468.2471618652344,223.50557452493365,323.9094698212949,82.24248366874542,281.0000001862629,118.00000243955995,0.21568627655506134,0.24313725531101227,0.22745098173618317,calibrated_uv_reprojection_plus_stereo_left
-71.3720703125,-135.52822875976562,-457.4753112792969,229.0489066463718,348.75246813545573,88.31771333597635,255.99999808545715,119.00000933219548,0.239215686917305,0.2549019753932953,0.250980406999588,calibrated_uv_reprojection_plus_stereo_left
-70.14794158935547,-135.02981567382812,-455.76806640625,227.27667977492342,348.3812865735619,89.49162131758874,256.9999975531523,119.00000896223719,0.3019607961177826,0.32549020648002625,0.3176470696926117,calibrated_uv_reprojection_plus_stereo_left
-69.19696044921875,-135.0507354736328,-455.81378173828125,226.76471377950998,347.5329495315345,89.48655590180493,257.9999974500904,118.99999679508798,0.5882353186607361,0.6313725709915161,0.615686297416687,calibrated_uv_reprojection_plus_stereo_left
-68.26094818115234,-135.1019287109375,-455.96173095703125,226.3256844235604,346.6559547770422,89.41274647180558,258.9999972109582,119.00000659487085,0.5764706134796143,0.6196078658103943,0.6039215922355652,calibrated_uv_reprojection_plus_stereo_left
-67.39432525634766,-135.2939910888672,-456.5849914550781,226.22572673032687,345.6454954513148,89.01939513008318,259.9999996131269,118.99999530617251,0.5764706134796143,0.6196078658103943,0.6117647290229797,calibrated_uv_reprojection_plus_stereo_left
-66.40934753417969,-135.25064086914062,-456.413818359375,225.55770645708975,344.85602680071753,89.16019762063763,260.99999914079274,119.00000129079572,0.5764706134796143,0.6196078658103943,0.6117647290229797,calibrated_uv_reprojection_plus_stereo_left
-65.42700958251953,-135.21156311035156,-456.2570495605469,224.900272620738,344.06297883062746,89.29130589256232,261.99999976318384,118.99999880743766,0.5686274766921997,0.6196078658103943,0.6117647290229797,calibrated_uv_reprojection_plus_stereo_left
-64.47946166992188,-135.24436950683594,-456.34283447265625,224.41551132932062,343.2012854041177,89.2593634336464,262.9999969027062,118.99999265587297,0.5686274766921997,0.6196078658103943,0.6117647290229797,calibrated_uv_reprojection_plus_stereo_left
-63.503055572509766,-135.21681213378906,-456.2249755859375,223.78597060660684,342.39753510942404,89.3643017562917,264.00000131053616,118.99999830264042,0.5607843399047852,0.6117647290229797,0.6039215922355652,calibrated_uv_reprojection_plus_stereo_left
-62.54582214355469,-135.2299346923828,-456.244384765625,223.25385285522736,341.55448840585984,89.37697610757215,265.0000020159899,119.00000740012749,0.5529412031173706,0.6039215922355652,0.6000000238418579,calibrated_uv_reprojection_plus_stereo_left
-61.57963562011719,-135.22390747070312,-456.1991271972656,222.67589537066902,340.7300169768205,89.43312147908824,266.0000002883661,118.99999924256264,0.545098066329956,0.5960784554481506,0.6000000238418579,calibrated_uv_reprojection_plus_stereo_left
-60.62253952026367,-135.23805236816406,-456.2219543457031,222.14601505217456,339.885692299762,89.44351106615585,267.00000109352845,119.00000137837085,0.5411764979362488,0.5921568870544434,0.5921568870544434,calibrated_uv_reprojection_plus_stereo_left
-59.72023391723633,-135.37693786621094,-456.6655578613281,221.9125160474274,338.91743233482333,89.17119060909243,267.99999719261757,119.0000024008263,0.5372549295425415,0.5882353186607361,0.5803921818733215,calibrated_uv_reprojection_plus_stereo_left
-58.76792526245117,-135.40528869628906,-456.7362365722656,221.415526656956,338.0577504156604,89.14947316690512,269.0000000055025,118.99999500797546,0.5372549295425415,0.5882353186607361,0.5803921818733215,calibrated_uv_reprojection_plus_stereo_left
-57.814815521240234,-135.4327850341797,-456.8040771484375,220.91628071412117,337.1985347416173,89.1296657238533,270.00000211498343,119.00000463979771,0.5372549295425415,0.5882353186607361,0.5803921818733215,calibrated_uv_reprojection_plus_stereo_left
-56.86692428588867,-135.47373962402344,-456.9172668457031,220.44859348528598,336.32535925480937,89.07941229869033,270.9999987725927,119.00000475769204,0.5372549295425415,0.5882353186607361,0.5803921818733215,calibrated_uv_reprojection_plus_stereo_left
-55.86153793334961,-135.37689208984375,-456.5656433105469,219.65524181369045,335.5917258837718,89.34138364838662,271.99999806481475,118.99998886874587,0.5372549295425415,0.5882353186607361,0.5803921818733215,calibrated_uv_reprojection_plus_stereo_left
-54.892276763916016,-135.36581420898438,-456.50335693359375,219.06479567296395,334.7715259045981,89.40898863756445,272.99999995627763,118.99999008634143,0.5333333611488342,0.5843137502670288,0.5764706134796143,calibrated_uv_reprojection_plus_stereo_left
-53.9205322265625,-135.3481903076172,-456.4190368652344,218.45904089991308,333.9581567983777,89.49138152716603,273.9999995261485,119.0000028512263,0.529411792755127,0.5803921818733215,0.572549045085907,calibrated_uv_reprojection_plus_stereo_left
-52.952632904052734,-135.33987426757812,-456.3660583496094,217.87523880441904,333.1353445111896,89.55273063373875,275.0000007538436,119.00000026938596,0.5254902243614197,0.5764706134796143,0.5686274766921997,calibrated_uv_reprojection_plus_stereo_left
-52.006858825683594,-135.38894653320312,-456.506591796875,217.42599116603554,332.2528557926836,89.48414446734824,276.000000469824,118.99999986893815,0.5176470875740051,0.5686274766921997,0.5607843399047852,calibrated_uv_reprojection_plus_stereo_left
-51.03292465209961,-135.3652801513672,-456.40185546875,216.80613242357396,331.44590349367695,89.58024899622814,276.9999976114864,118.99999860838324,0.5176470875740051,0.5647059082984924,0.5568627715110779,calibrated_uv_reprojection_plus_stereo_left
-50.054229736328125,-135.3279571533203,-456.2510681152344,216.15454309292198,330.65359110384736,89.70726354522611,277.9999999337881,118.9999924268784,0.5176470875740051,0.5607843399047852,0.5529412031173706,calibrated_uv_reprojection_plus_stereo_left
-49.0572624206543,-135.23887634277344,-455.9258728027344,215.38261543048793,329.91652863314386,89.95132969848578,278.99999911318514,119.00000728457078,0.5176470875740051,0.5568627715110779,0.5490196347236633,calibrated_uv_reprojection_plus_stereo_left
-47.91049575805664,-134.72512817382812,-454.1690368652344,213.62313124053424,329.63307663993766,91.15631608508704,279.99999953443444,118.99999594745086,0.3921568691730499,0.4274509847164154,0.4156862795352936,calibrated_uv_reprojection_plus_stereo_left
-47.83170700073242,-137.25506591796875,-462.67236328125,218.9381315160653,326.0937775774927,85.47489808261957,280.9999971886265,118.99999368169884,0.21960784494876862,0.24705882370471954,0.23137255012989044,calibrated_uv_reprojection_plus_stereo_left
-71.27083587646484,-134.3645782470703,-456.8045959472656,227.85998283532427,349.3360636709931,88.27301841344257,255.99999527446766,120.00000100594926,0.23137255012989044,0.24705882370471954,0.24313725531101227,calibrated_uv_reprojection_plus_stereo_left
-70.14109802246094,-134.04742431640625,-455.70159912109375,226.52395373329284,348.79968535090813,89.04168003652444,256.99999992362456,120.00000825561892,0.2666666805744171,0.2823529541492462,0.2823529541492462,calibrated_uv_reprojection_plus_stereo_left
-69.12701416015625,-133.9456329345703,-455.3307800292969,225.71407012573746,348.0660099683247,89.31707368105924,257.9999993596694,120.00000462855971,0.5882353186607361,0.6117647290229797,0.6117647290229797,calibrated_uv_reprojection_plus_stereo_left
-68.1646499633789,-133.94268798828125,-455.2959899902344,225.14488272487836,347.2406018532562,89.36611924949364,259.00000257671286,119.99999953171093,0.5803921818733215,0.6078431606292725,0.6039215922355652,calibrated_uv_reprojection_plus_stereo_left
-67.29216003417969,-134.1188507080078,-455.8699951171875,225.00959210771356,346.2456608955638,89.00518229683115,259.999999154599,119.9999968700723,0.572549045085907,0.615686297416687,0.6078431606292725,calibrated_uv_reprojection_plus_stereo_left
-66.3270492553711,-134.11293029785156,-455.8251037597656,224.43248170766344,345.42197598527235,89.06105722900901,261.00000317294484,120.0000054522396,0.572549045085907,0.615686297416687,0.6078431606292725,calibrated_uv_reprojection_plus_stereo_left
-65.36915588378906,-134.12171936035156,-455.8301696777344,223.89089487246565,344.58423736859197,89.08329908472302,261.99999793342914,120.00000298780915,0.5647059082984924,0.615686297416687,0.6078431606292725,calibrated_uv_reprojection_plus_stereo_left
-64.40520477294922,-134.11825561523438,-455.7936096191406,223.319686067332,343.7581690422003,89.13356792810771,263.0000032017505,120.00000634936907,0.5647059082984924,0.615686297416687,0.6078431606292725,calibrated_uv_reprojection_plus_stereo_left
-63.43724060058594,-134.1062774658203,-455.7281188964844,222.7280038718285,342.94038251081804,89.20331219267587,264.0000034955367,120.00001066984544,0.5607843399047852,0.6117647290229797,0.6039215922355652,calibrated_uv_reprojection_plus_stereo_left
-62.4691276550293,-134.0937042236328,-455.6605529785156,222.13494448691938,342.1233044772608,89.27445828777451,264.9999988508885,119.99999771741793,0.5529412031173706,0.6039215922355652,0.6000000238418579,calibrated_uv_reprojection_plus_stereo_left
-61.501502990722656,-134.08187866210938,-455.5955810546875,221.54378301245072,341.3056020398542,89.34384714686348,265.99999603170284,120.00000000671005,0.5490196347236633,0.6000000238418579,0.5960784554481506,calibrated_uv_reprojection_plus_stereo_left
-60.537872314453125,-134.07862854003906,-455.55975341796875,220.97321678348203,340.47951507372056,89.39361694914408,267.00000138246253,120.00000362079254,0.545098066329956,0.5921568870544434,0.5960784554481506,calibrated_uv_reprojection_plus_stereo_left
-59.618141174316406,-134.1741485595703,-455.8594970703125,220.6386110111015,339.5550597147542,89.21755407699362,267.9999997979275,120.00000641522712,0.5411764979362488,0.5882353186607361,0.5921568870544434,calibrated_uv_reprojection_plus_stereo_left
-58.6696891784668,-134.20721435546875,-455.9469909667969,220.15422489017175,338.69198561435985,89.1843621212575,269.0000008966724,119.99999842133758,0.5372549295425415,0.5882353186607361,0.5882353186607361,calibrated_uv_reprojection_plus_stereo_left
-57.72298812866211,-134.24554443359375,-456.0523681640625,219.68207603772453,337.82315739200743,89.13914882951872,270.0000013708591,119.99999439774069,0.5372549295425415,0.5882353186607361,0.5803921818733215,calibrated_uv_reprojection_plus_stereo_left
-56.77363586425781,-134.27899169921875,-456.14117431640625,219.1979935139891,336.9587687883369,89.1050957931962,271.0000019692621,119.99999981345891,0.5372549295425415,0.5882353186607361,0.5803921818733215,calibrated_uv_reprojection_plus_stereo_left
-55.792606353759766,-134.2374725341797,-455.9753112792969,218.5357725044321,336.1704611288674,89.24238812351268,271.99999972813526,120.00000178224136,0.5372549295425415,0.5882353186607361,0.5803921818733215,calibrated_uv_reprojection_plus_stereo_left
-54.832218170166016,-134.24513244628906,-455.97650146484375,217.9903273276721,335.3321259219897,89.26728965199646,272.9999986222924,120.00000297872742,0.5372549295425415,0.5882353186607361,0.5803921818733215,calibrated_uv_reprojection_plus_stereo_left
-53.874752044677734,-134.26046752929688,-456.00372314453125,217.46291855255646,334.4857342726269,89.27469034350372,274.0000011682388,119.99999423134994,0.5333333611488342,0.5843137502670288,0.5764706134796143,calibrated_uv_reprojection_plus_stereo_left
-52.91226577758789,-134.26370239257812,-455.9898986816406,216.90683458776306,333.65168641506017,89.3096965446826,275.0000012493046,120.0000024534323,0.529411792755127,0.5803921818733215,0.572549045085907,calibrated_uv_reprojection_plus_stereo_left
-51.98429489135742,-134.3563690185547,-456.2797546386719,216.56132866801153,332.7240678896179,89.14047583293575,275.9999976192739,120.00000109752082,0.5215686559677124,0.572549045085907,0.5647059082984924,calibrated_uv_reprojection_plus_stereo_left
-51.005210876464844,-134.31805419921875,-456.1247863769531,215.90706547792558,331.9330197674576,89.27042310081652,276.99999884598697,120.00000138176401,0.5176470875740051,0.5647059082984924,0.5607843399047852,calibrated_uv_reprojection_plus_stereo_left
-50.034950256347656,-134.3020477294922,-456.04559326171875,215.305462407464,331.118809928603,89.34940275860117,277.99999855670154,120.00000476517056,0.5176470875740051,0.5607843399047852,0.5607843399047852,calibrated_uv_reprojection_plus_stereo_left
-49.071739196777344,-134.30484008789062,-456.0301818847656,214.7479836081497,330.28476753392556,89.3855013645902,279.0000009253021,119.99999159619551,0.5254902243614197,0.5568627715110779,0.5568627715110779,calibrated_uv_reprojection_plus_stereo_left
-48.035823822021484,-134.10484313964844,-455.3263244628906,213.71627131146016,329.6676876965669,89.88443343014069,279.9999979933441,120.0000048746627,0.40784314274787903,0.4313725531101227,0.4313725531101227,calibrated_uv_reprojection_plus_stereo_left
-47.361106872558594,-134.9258270263672,-458.08880615234375,215.069488013206,327.9539923004488,88.0530668179531,281.000000160336,119.99999312428676,0.23137255012989044,0.250980406999588,0.239215686917305,calibrated_uv_reprojection_plus_stereo_left
-71.24193572998047,-133.3391571044922,-456.59759521484375,227.0051069887603,349.793153557302,87.916881340033,256.000000990066,121.0000019312379,0.2235294133424759,0.239215686917305,0.23529411852359772,calibrated_uv_reprojection_plus_stereo_left
-70.10761260986328,-133.0147705078125,-455.4620666503906,225.64773389031802,349.2650584769451,88.708647116198,257.0000039318922,120.99999488537546,0.21176470816135406,0.22745098173618317,0.2235294133424759,calibrated_uv_reprojection_plus_stereo_left
-69.12162017822266,-132.96676635742188,-455.27301025390625,224.96834738807848,348.48173207726757,88.86176767432016,258.00000248898664,120.99999691578819,0.5607843399047852,0.5843137502670288,0.5843137502670288,calibrated_uv_reprojection_plus_stereo_left
-68.1583480834961,-132.96180725097656,-455.2313537597656,224.39433128643992,347.6583255709542,88.91543797866768,259.00000035893726,121.0000009345319,0.5764706134796143,0.6000000238418579,0.6000000238418579,calibrated_uv_reprojection_plus_stereo_left
-67.2856674194336,-133.13604736328125,-455.80316162109375,224.25661424191088,346.66463926497374,88.55532207978541,259.9999972810597,120.99999249857967,0.5647059082984924,0.6078431606292725,0.6000000238418579,calibrated_uv_reprojection_plus_stereo_left
-66.31413269042969,-133.11697387695312,-455.7131652832031,223.64757749278897,345.8536707066404,88.64162682623964,260.9999954775302,120.99999986835437,0.5647059082984924,0.6078431606292725,0.6000000238418579,calibrated_uv_reprojection_plus_stereo_left
-65.3526611328125,-133.11793518066406,-455.6917419433594,223.08727683643008,345.0236117915318,88.6816820368777,261.99999914925127,121.00000227567935,0.5607843399047852,0.6117647290229797,0.6039215922355652,calibrated_uv_reprojection_plus_stereo_left
-64.39258575439453,-133.12188720703125,-455.6805725097656,222.53419768344384,344.1906059646966,88.7148212729627,263.0000012585492,121.0000101208837,0.5607843399047852,0.6117647290229797,0.6039215922355652,calibrated_uv_reprojection_plus_stereo_left
-63.40507888793945,-133.0684814453125,-455.4730224609375,221.84235750138652,343.41347014080736,88.88038843292554,263.9999995929627,121.00000241223799,0.5568627715110779,0.6078431606292725,0.6000000238418579,calibrated_uv_reprojection_plus_stereo_left
-62.435691833496094,-133.0521240234375,-455.392333984375,221.24038249023175,342.6005912586189,88.96039582495143,265.00000024031146,121.00000651295338,0.5529412031173706,0.6039215922355652,0.6000000238418579,calibrated_uv_reprojection_plus_stereo_left
-61.46463394165039,-133.03173828125,-455.29779052734375,220.62878304972162,341.7918764405526,89.04974962055303,265.9999961716029,120.99998836275651,0.5490196347236633,0.5960784554481506,0.6000000238418579,calibrated_uv_reprojection_plus_stereo_left
-60.496551513671875,-133.01731872558594,-455.2237854003906,220.03173313967807,340.9774245534975,89.12523438347478,266.99999999390565,121.00000481145699,0.5490196347236633,0.5960784554481506,0.6000000238418579,calibrated_uv_reprojection_plus_stereo_left
-59.57680130004883,-133.1105194091797,-455.5180358886719,219.69315065904834,340.05547742206454,88.9524914179359,268.00000241177884,121.00001021772835,0.545098066329956,0.5921568870544434,0.5960784554481506,calibrated_uv_reprojection_plus_stereo_left
-58.62209701538086,-133.12750244140625,-455.5513610839844,219.17105215245374,339.2090645945983,88.95566340505036,268.9999982320635,120.99999158717287,0.5411764979362488,0.5921568870544434,0.5882353186607361,calibrated_uv_reprojection_plus_stereo_left
-57.672725677490234,-133.15744018554688,-455.6291198730469,218.67983121817758,338.3492605082148,88.92887994253624,270.00000087126364,121.00000740812564,0.5372549295425415,0.5882353186607361,0.5803921818733215,calibrated_uv_reprojection_plus_stereo_left
-56.72296142578125,-133.1875762939453,-455.7074890136719,218.18878169283272,337.48885882644424,88.90170614318572,271.00000003319786,121.00000615583991,0.5372549295425415,0.5882353186607361,0.5803921818733215,calibrated_uv_reprojection_plus_stereo_left
-55.7426643371582,-133.14593505859375,-455.5402526855469,217.52632604051792,336.7016301463002,89.04004677149078,272.0000035751291,120.99999976660985,0.5372549295425415,0.5882353186607361,0.5882353186607361,calibrated_uv_reprojection_plus_stereo_left
-54.785518646240234,-133.1591796875,-455.5608215332031,216.99482596979072,335.858278370127,89.05182951184503,273.0000006458987,120.99999836621697,0.5333333611488342,0.5843137502670288,0.5843137502670288,calibrated_uv_reprojection_plus_stereo_left
-53.826805114746094,-133.1691131591797,-455.5700988769531,216.45534312718587,335.0181526414118,89.07121960637278,274.00000015343505,121.00000969219403,0.529411792755127,0.5803921818733215,0.572549045085907,calibrated_uv_reprojection_plus_stereo_left
-52.87165832519531,-133.1885223388672,-455.6116943359375,215.93817852173794,334.16799369257376,89.06885655682748,274.99999929401247,120.99999320649408,0.529411792755127,0.5803921818733215,0.572549045085907,calibrated_uv_reprojection_plus_stereo_left
-51.957130432128906,-133.31295776367188,-456.0126037597656,215.66946368262796,333.2072568995312,88.82445228111754,275.9999989624772,120.99999724014063,0.5254902243614197,0.5764706134796143,0.5686274766921997,calibrated_uv_reprojection_plus_stereo_left
-50.98242950439453,-133.28489685058594,-455.891845703125,215.03933835744226,332.4060240592836,88.9314737530757,276.99999855120006,120.9999961417349,0.5215686559677124,0.5686274766921997,0.5686274766921997,calibrated_uv_reprojection_plus_stereo_left
-50.0383186340332,-133.33737182617188,-456.04656982421875,214.5993896169357,331.51952699225865,88.85294429413409,277.999998684248,121.00000119175164,0.5176470875740051,0.5568627715110779,0.5686274766921997,calibrated_uv_reprojection_plus_stereo_left
-49.060665130615234,-133.30088806152344,-455.8970031738281,213.9495174595321,330.727425175901,88.9793637455212,278.9999981194453,120.99999835399998,0.5176470875740051,0.5529412031173706,0.5607843399047852,calibrated_uv_reprojection_plus_stereo_left
-48.08038330078125,-133.25576782226562,-455.7179260253906,213.27963871178645,329.945024716495,89.12564042615656,279.99999811727656,120.99999935114218,0.4156862795352936,0.4431372582912445,0.4431372582912445,calibrated_uv_reprojection_plus_stereo_left
-47.27423858642578,-133.701416015625,-457.2171630859375,213.76143630258764,328.632493042271,88.14183081227839,281.000001743117,121.000007483844,0.250980406999588,0.2705882489681244,0.26274511218070984,calibrated_uv_reprojection_plus_stereo_left
-71.23441314697266,-132.35430908203125,-456.527587890625,226.24872884205422,350.2129861419206,87.46860059269483,256.0000017276003,122.00000798477976,0.2078431397676468,0.23137255012989044,0.21176470816135406,calibrated_uv_reprojection_plus_stereo_left
-70.0979232788086,-132.0279083251953,-455.3770751953125,224.88246052607923,349.6881151744557,88.27168608682604,256.9999970060878,121.99999573711386,0.1764705926179886,0.20000000298023224,0.18039216101169586,calibrated_uv_reprojection_plus_stereo_left
-69.10578155517578,-131.96815490722656,-455.1463928222656,224.17376924876612,348.91617169841453,88.45309440634583,257.99999579619765,122.0000036166335,0.5372549295425415,0.5607843399047852,0.5607843399047852,calibrated_uv_reprojection_plus_stereo_left
-68.14904022216797,-131.9753875732422,-455.1466979980469,223.62974022436538,348.08143546410736,88.4784198889086,259.00000600752713,121.99999644038556,0.5764706134796143,0.6039215922355652,0.6000000238418579,calibrated_uv_reprojection_plus_stereo_left
-67.2616958618164,-132.11917114257812,-455.6179504394531,223.4198186772287,347.1162686735884,88.18556861169128,259.99999776882305,122.0000042218652,0.5568627715110779,0.6000000238418579,0.5921568870544434,calibrated_uv_reprojection_plus_stereo_left
-66.3013916015625,-132.12184143066406,-455.6025085449219,222.86390706953756,346.2848121478195,88.22156315075546,260.9999976612751,122.00000257017945,0.5568627715110779,0.6000000238418579,0.5921568870544434,calibrated_uv_reprojection_plus_stereo_left
-65.32966613769531,-132.10159301757812,-455.5080261230469,222.2520502228412,345.47544294331107,88.31095262728849,262.00000344315794,121.99999763956632,0.5490196347236633,0.6000000238418579,0.5921568870544434,calibrated_uv_reprojection_plus_stereo_left
-64.36756134033203,-132.10055541992188,-455.47979736328125,221.68711494936724,344.6476006726797,88.35558401510247,263.00000425892836,121.99999528795041,0.5490196347236633,0.6000000238418579,0.5960784554481506,calibrated_uv_reprojection_plus_stereo_left
-63.374305725097656,-132.03465270996094,-455.2279357910156,220.9645448333195,343.88327093205845,88.5512510467355,263.99999700002735,121.9999956545997,0.5529412031173706,0.6039215922355652,0.6078431606292725,calibrated_uv_reprojection_plus_stereo_left
-62.39765167236328,-132.00193786621094,-455.0905456542969,220.32302969649197,343.087007510132,88.66958452813907,264.99999924339085,122.00000491004866,0.5529412031173706,0.6000000238418579,0.6039215922355652,calibrated_uv_reprojection_plus_stereo_left
-61.43352127075195,-131.99520874023438,-455.0426940917969,219.74466919325704,342.26535336375923,88.72745251540306,265.9999997991515,121.9999972013909,0.5490196347236633,0.6000000238418579,0.6000000238418579,calibrated_uv_reprojection_plus_stereo_left
-60.462989807128906,-131.974365234375,-454.94622802734375,219.132244034419,341.45783375792735,88.81813795866208,266.9999974394033,122.00000140337613,0.5490196347236633,0.5960784554481506,0.5960784554481506,calibrated_uv_reprojection_plus_stereo_left
-59.53215789794922,-132.04100036621094,-455.15130615234375,218.73106008531397,340.56266554530515,88.70522893243492,267.999998273306,122.000004011926,0.5411764979362488,0.5921568870544434,0.5843137502670288,calibrated_uv_reprojection_plus_stereo_left
-58.5798225402832,-132.0614471435547,-455.1971130371094,218.21800669459816,339.7133203860916,88.69987627194399,268.99999776186996,121.99999437308617,0.5411764979362488,0.5921568870544434,0.5843137502670288,calibrated_uv_reprojection_plus_stereo_left
-57.624183654785156,-132.07508850097656,-455.2195129394531,217.68841751810265,338.87059213753264,88.71032473504533,270.0000005873277,122.00000216469195,0.5372549295425415,0.5882353186607361,0.5803921818733215,calibrated_uv_reprojection_plus_stereo_left
-56.67348098754883,-132.10079956054688,-455.2834777832031,217.18764660801656,338.01531167317046,88.6927278918078,271.00000221026124,122.00000181777943,0.5372549295425415,0.5882353186607361,0.5803921818733215,calibrated_uv_reprojection_plus_stereo_left
-55.70334243774414,-132.08140563964844,-455.1919860839844,216.57856047090388,337.20611576981855,88.78006410905061,272.0000018662223,122.00000125755278,0.5372549295425415,0.5843137502670288,0.5882353186607361,calibrated_uv_reprojection_plus_stereo_left
-54.74381637573242,-132.0870361328125,-455.18670654296875,216.02945533424895,336.37121386327453,88.80921629897261,272.9999981474129,121.99999133810894,0.5333333611488342,0.5843137502670288,0.5843137502670288,calibrated_uv_reprojection_plus_stereo_left
-53.78248596191406,-132.08853149414062,-455.167236328125,215.4704323856095,335.54049984297586,88.84793874191843,273.99999990318815,122.0000000950964,0.529411792755127,0.5803921818733215,0.572549045085907,calibrated_uv_reprojection_plus_stereo_left
-52.83070373535156,-132.1140594482422,-455.2305603027344,214.96864304623784,334.68453941348133,88.83079877971511,274.9999992228807,122.00000454080293,0.5254902243614197,0.5764706134796143,0.5686274766921997,calibrated_uv_reprojection_plus_stereo_left
-51.92142105102539,-132.2489013671875,-455.67047119140625,214.72664669659343,333.71293692846626,88.55959282529346,275.99999753370975,121.99999407455618,0.5215686559677124,0.572549045085907,0.5647059082984924,calibrated_uv_reprojection_plus_stereo_left
-50.96266174316406,-132.2605438232422,-455.6859130859375,214.19093164073803,332.8703068446747,88.57479959980321,277.00000203214313,121.99999858370555,0.5176470875740051,0.5647059082984924,0.5647059082984924,calibrated_uv_reprojection_plus_stereo_left
-50.0146369934082,-132.30113220214844,-455.8010559082031,213.72370326870094,331.9966089915346,88.52275719079432,278.0000018275761,121.99999777275167,0.5137255191802979,0.5568627715110779,0.5647059082984924,calibrated_uv_reprojection_plus_stereo_left
-49.025787353515625,-132.23330688476562,-455.5426940917969,212.99957433038145,331.2387577444715,88.72267384361032,278.9999990944541,121.99999570663306,0.5176470875740051,0.5568627715110779,0.5607843399047852,calibrated_uv_reprojection_plus_stereo_left
-48.09515380859375,-132.3230438232422,-455.8271789550781,212.64817553257757,330.31156648164773,88.5564196438242,280.000001907108,122.00000905855333,0.41960784792900085,0.4588235318660736,0.45098039507865906,calibrated_uv_reprojection_plus_stereo_left
-47.21518325805664,-132.55880737304688,-456.6145935058594,212.6402566576237,329.22462194691343,88.05102075765268,281.000000814387,122.00000979245766,0.24313725531101227,0.2705882489681244,0.2666666805744171,calibrated_uv_reprojection_plus_stereo_left
-71.24638366699219,-131.40570068359375,-456.5824890136719,225.58160621826767,350.59916055921315,86.935917142763,255.99999926319902,123.00000594419336,0.20392157137393951,0.22745098173618317,0.20392157137393951,calibrated_uv_reprojection_plus_stereo_left
-70.0962905883789,-131.0564727783203,-455.344482421875,224.15472493323222,350.0968549746332,87.79943635328794,256.9999989207433,122.99999756254499,0.16078431904315948,0.18431372940540314,0.16078431904315948,calibrated_uv_reprojection_plus_stereo_left
-69.10162353515625,-130.99224853515625,-455.0967712402344,223.43428627855144,349.3294211865976,87.99258961526556,257.99999797980365,122.99998861416074,0.5058823823928833,0.529411792755127,0.529411792755127,calibrated_uv_reprojection_plus_stereo_left
-68.1380615234375,-130.98606872558594,-455.0508117675781,222.85743492054064,348.50749444935735,88.04917303352619,258.9999991648453,123.00000363993158,0.572549045085907,0.5960784554481506,0.5960784554481506,calibrated_uv_reprojection_plus_stereo_left
-67.24275207519531,-131.11289978027344,-455.4668273925781,222.60773866849064,347.5581637876654,87.79315515466271,260.00000039934343,122.99999284792361,0.5490196347236633,0.5921568870544434,0.5843137502670288,calibrated_uv_reprojection_plus_stereo_left
-66.27444458007812,-131.0990753173828,-455.3942565917969,222.01158728343506,346.74286133921015,87.86777290931713,261.0000009839637,122.99999769499226,0.5490196347236633,0.5921568870544434,0.5843137502670288,calibrated_uv_reprojection_plus_stereo_left
-65.2999038696289,-131.07241821289062,-455.277099609375,221.38406808659164,345.94016075198283,87.9725546993543,262.00000068896946,122.99999762509614,0.5411764979362488,0.5921568870544434,0.5843137502670288,calibrated_uv_reprojection_plus_stereo_left
-64.34115600585938,-131.07720947265625,-455.2691955566406,220.83371258976592,345.1070306477746,88.00341321554089,262.9999961164644,123.00000192133425,0.5411764979362488,0.5921568870544434,0.5882353186607361,calibrated_uv_reprojection_plus_stereo_left
-63.334999084472656,-130.9842071533203,-454.921630859375,220.04441387876233,344.36998234983514,88.26404445118186,264.00000177560497,123.00000311127874,0.545098066329956,0.5960784554481506,0.5960784554481506,calibrated_uv_reprojection_plus_stereo_left
-62.36317825317383,-130.96051025390625,-454.8148193359375,219.4248916978873,343.56547196465795,88.36178916098186,265.00000083071734,123.000012490143,0.545098066329956,0.5960784554481506,0.5960784554481506,calibrated_uv_reprojection_plus_stereo_left
-61.40009307861328,-130.95481872558594,-454.77044677734375,218.8493263870629,342.7433053355578,88.41730935646859,265.9999994523959,122.99999292733168,0.545098066329956,0.5960784554481506,0.5882353186607361,calibrated_uv_reprojection_plus_stereo_left
-60.42470169067383,-130.92234802246094,-454.6331787109375,218.2087659746449,341.94800392572495,88.53563916499121,267.00000034329787,123.00000188888339,0.5411764979362488,0.5921568870544434,0.5882353186607361,calibrated_uv_reprojection_plus_stereo_left
-59.4865837097168,-130.9709930419922,-454.7775573730469,217.7651853460706,341.0712492850541,88.46350089506916,268.00000184233534,123.00000281737803,0.5372549295425415,0.5882353186607361,0.5882353186607361,calibrated_uv_reprojection_plus_stereo_left
-58.533817291259766,-130.98854064941406,-454.8139343261719,217.24587134333234,340.22541704331525,88.46441254404613,268.9999997447047,123.00000160750938,0.5372549295425415,0.5882353186607361,0.5843137502670288,calibrated_uv_reprojection_plus_stereo_left
-57.57988739013672,-131.00411987304688,-454.8434753417969,216.7216280405675,339.3813366396648,88.46995322432315,269.9999982046827,123.00000216198663,0.5372549295425415,0.5882353186607361,0.5803921818733215,calibrated_uv_reprojection_plus_stereo_left
-56.63172149658203,-131.03366088867188,-454.9215087890625,216.23092119494873,338.52266572774704,88.4427128600455,271.0000006697929,123.00001079911578,0.5333333611488342,0.5843137502670288,0.5764706134796143,calibrated_uv_reprojection_plus_stereo_left
-55.660255432128906,-131.00949096679688,-454.8130187988281,215.61056406142245,337.7191379538501,88.54158481315034,272.000003237829,123.00000499812816,0.529411792755127,0.5803921818733215,0.572549045085907,calibrated_uv_reprojection_plus_stereo_left
-54.70743179321289,-131.02920532226562,-454.8569030761719,215.09590049948912,336.87021928846923,88.53744588611482,273.0000024805653,123.00000685784082,0.529411792755127,0.5803921818733215,0.572549045085907,calibrated_uv_reprojection_plus_stereo_left
-53.75028610229492,-131.03919982910156,-454.86700439453125,214.5577022869719,336.0311960854894,88.55615486633542,274.00000228887507,122.99999833299793,0.5254902243614197,0.5764706134796143,0.5686274766921997,calibrated_uv_reprojection_plus_stereo_left
-52.79302978515625,-131.04937744140625,-454.87774658203125,214.01983896838686,335.19181825743726,88.5744341599439,274.9999998784656,122.99999281696418,0.5215686559677124,0.572549045085907,0.5647059082984924,calibrated_uv_reprojection_plus_stereo_left
-51.8901481628418,-131.197509765625,-455.3673400878906,213.81174212914317,334.20611640031575,88.26911031791474,275.99999919535384,122.99999796800324,0.5176470875740051,0.5686274766921997,0.5607843399047852,calibrated_uv_reprojection_plus_stereo_left
-50.94487380981445,-131.2421417236328,-455.4976501464844,213.35530989151374,333.3288120955473,88.20662705561512,276.9999987624451,122.99999963311737,0.5098039507865906,0.5607843399047852,0.5529412031173706,calibrated_uv_reprojection_plus_stereo_left
-49.98401641845703,-131.2476806640625,-455.4922790527344,212.80533521832194,332.49281681482375,88.23583781479334,277.9999979558179,123.00000372204454,0.5058823823928833,0.5568627715110779,0.5490196347236633,calibrated_uv_reprojection_plus_stereo_left
-48.99452590942383,-131.17689514160156,-455.2220458984375,212.07377477386842,331.73901806795755,88.44399709340132,279.00000169147086,123.00001059317162,0.5098039507865906,0.5529412031173706,0.5490196347236633,calibrated_uv_reprojection_plus_stereo_left
-48.06767272949219,-131.27444458007812,-455.53594970703125,211.74240139884927,330.80349301576973,88.25751122690866,280.00000018171687,123.00000895793781,0.43921568989753723,0.4627451002597809,0.4627451002597809,calibrated_uv_reprojection_plus_stereo_left
-47.18976593017578,-131.51251220703125,-456.33740234375,211.743141828349,329.71338520472074,87.74172080432015,281.00000069432235,123.00000737643398,0.25882354378700256,0.2823529541492462,0.27843138575553894,calibrated_uv_reprojection_plus_stereo_left
-48.210453033447266,-137.1622772216797,-475.9158935546875,224.5423176020521,322.681598508231,74.54301621509723,282.00000190655095,123.00000789951272,0.3019607961177826,0.3176470696926117,0.3137255012989044,calibrated_uv_reprojection_plus_stereo_left
-84.30876922607422,-152.29014587402344,-533.0889892578125,279.9318098354162,331.50110039869924,34.53936719540519,255.00000018492244,123.99999628342539,0.2235294133424759,0.239215686917305,0.21960784494876862,calibrated_uv_reprojection_plus_stereo_left
-71.2652816772461,-130.46954345703125,-456.6817932128906,224.94589458467846,350.97354629568116,86.37300818877407,255.99999934737485,123.99999299847718,0.20392157137393951,0.22745098173618317,0.21960784494876862,calibrated_uv_reprojection_plus_stereo_left
-70.00826263427734,-129.92481994628906,-454.75067138671875,223.02855892989442,350.6567783670767,87.70772408185212,256.9999966695491,123.9999982036069,0.14509804546833038,0.1725490242242813,0.16078431904315948,calibrated_uv_reprojection_plus_stereo_left
-68.93123626708984,-129.7037353515625,-453.95245361328125,221.91888488723373,350.03959416722705,88.27425073320904,258.0000028144434,124.00000065160711,0.42352941632270813,0.4627451002597809,0.45490196347236633,calibrated_uv_reprojection_plus_stereo_left
-68.00017547607422,-129.7550048828125,-454.10748291015625,221.4856714161013,349.1648514388473,88.19455321600788,258.9999985177342,124.00000273779861,0.5647059082984924,0.6039215922355652,0.6000000238418579,calibrated_uv_reprojection_plus_stereo_left
-67.12482452392578,-129.91566467285156,-454.6452941894531,221.32244541943209,348.1841503901235,87.85543968270878,260.0000038877225,124.00000088971751,0.5490196347236633,0.5921568870544434,0.5843137502670288,calibrated_uv_reprojection_plus_stereo_left
-66.1854476928711,-129.95533752441406,-454.7596435546875,220.85918450268593,347.31857413522914,87.80338093298656,260.99999855773694,123.99999173650426,0.5490196347236633,0.5921568870544434,0.5843137502670288,calibrated_uv_reprojection_plus_stereo_left
-65.23641967773438,-129.97703552246094,-454.8111267089844,220.351287353899,346.46996762864956,87.79393414766844,262.0000025091692,123.99999655578347,0.5372549295425415,0.5882353186607361,0.5803921818733215,calibrated_uv_reprojection_plus_stereo_left
-64.29136657714844,-130.0074920654297,-454.8932189941406,219.8647123067433,345.61246639002565,87.76375988079008,262.99999642777016,123.99999309821658,0.5411764979362488,0.5921568870544434,0.5843137502670288,calibrated_uv_reprojection_plus_stereo_left
-63.30018997192383,-129.9442901611328,-454.64764404296875,219.14790888593552,344.84703519515944,87.95560432435104,264.0000040569283,124.00000056602144,0.5372549295425415,0.5882353186607361,0.5921568870544434,calibrated_uv_reprojection_plus_stereo_left
-62.33637619018555,-129.93624877929688,-454.59503173828125,218.5668056888676,344.027556485249,88.0167004483585,264.9999973633112,123.99999462926519,0.5372549295425415,0.5882353186607361,0.5921568870544434,calibrated_uv_reprojection_plus_stereo_left
-61.36879348754883,-129.92007446289062,-454.5140075683594,217.9658631313241,343.2162663177446,88.09703634976887,266.0000011130112,124.00000022607037,0.5411764979362488,0.5882353186607361,0.5921568870544434,calibrated_uv_reprojection_plus_stereo_left
-60.3992919921875,-129.89935302734375,-454.41705322265625,217.35391802018017,342.4097310140961,88.18816194570672,267.00000300558486,123.99999737100708,0.5372549295425415,0.5882353186607361,0.5921568870544434,calibrated_uv_reprojection_plus_stereo_left
-59.49927520751953,-130.02989196777344,-454.8492431640625,217.11090313705228,341.4501622335331,87.92087414783617,268.00000190781816,124.00000142693585,0.5372549295425415,0.5843137502670288,0.5960784554481506,calibrated_uv_reprojection_plus_stereo_left
-58.53221130371094,-130.01588439941406,-454.7757568359375,216.51495440362254,340.63627764781006,87.99612125085838,269.00000045691974,123.99999822760228,0.5372549295425415,0.5843137502670288,0.5921568870544434,calibrated_uv_reprojection_plus_stereo_left
-57.569034576416016,-130.01026916503906,-454.7316589355469,215.93950566711453,339.81392156523816,88.05145718368948,269.9999974337238,124.00000413864669,0.5333333611488342,0.5843137502670288,0.5764706134796143,calibrated_uv_reprojection_plus_stereo_left
-56.605628967285156,-130.00404357910156,-454.6854248046875,215.3625973892769,338.99222806047555,88.10823906054623,270.99999885131183,124.00000930935363,0.529411792755127,0.5803921818733215,0.572549045085907,calibrated_uv_reprojection_plus_stereo_left
-55.594696044921875,-129.8866729736328,-454.25042724609375,214.5166486684422,338.286036877958,88.42826047543849,271.99999786319813,123.99999687455994,0.5254902243614197,0.5764706134796143,0.5686274766921997,calibrated_uv_reprojection_plus_stereo_left
-54.638084411621094,-129.8944091796875,-454.2530212402344,213.97400663569704,337.45055237659017,88.45196210340703,272.9999979715624,123.99999576484342,0.5254902243614197,0.5764706134796143,0.5686274766921997,calibrated_uv_reprojection_plus_stereo_left
-53.6898307800293,-129.92274475097656,-454.3276672363281,213.48096894410094,336.5932693937626,88.42688624314195,273.99999957697344,124.00000118937916,0.5254902243614197,0.5764706134796143,0.5686274766921997,calibrated_uv_reprojection_plus_stereo_left
-52.73639678955078,-129.939453125,-454.36163330078125,212.95966224907312,335.74789122458674,88.42936182582503,275.0000009472533,124.00000328605705,0.5215686559677124,0.5686274766921997,0.5647059082984924,calibrated_uv_reprojection_plus_stereo_left
-51.801692962646484,-130.00389099121094,-454.56243896484375,212.5528812963708,334.851483325418,88.31892101128057,275.99999724333134,123.99999325875143,0.5137255191802979,0.5607843399047852,0.5568627715110779,calibrated_uv_reprojection_plus_stereo_left
-50.83262634277344,-129.98300170898438,-454.4649353027344,211.94083642532308,334.0455520807815,88.41040154101967,276.9999992207163,123.99999779696233,0.5098039507865906,0.5568627715110779,0.5529412031173706,calibrated_uv_reprojection_plus_stereo_left
-49.863773345947266,-129.96197509765625,-454.366943359375,211.32861227692678,333.2400025551791,88.50220761567579,278.00000047988624,123.99999787836191,0.5058823823928833,0.5568627715110779,0.5490196347236633,calibrated_uv_reprojection_plus_stereo_left
-48.89888000488281,-129.95074462890625,-454.30322265625,210.7399717933916,332.4240717101586,88.57081228208602,278.9999994391271,124.00000312258302,0.5058823823928833,0.5529412031173706,0.545098066329956,calibrated_uv_reprojection_plus_stereo_left
-47.791690826416016,-129.55345153808594,-452.889892578125,209.23022091987878,332.02893219518864,89.55263411554341,279.9999994537973,124.0000012450391,0.43529412150382996,0.47843137383461,0.47058823704719543,calibrated_uv_reprojection_plus_stereo_left
-46.93519973754883,-129.83351135253906,-453.844482421875,209.33717243337014,330.89640723735704,88.93217090536604,281.00000174067304,124.0000067163962,0.26274511218070984,0.2980392277240753,0.2823529541492462,calibrated_uv_reprojection_plus_stereo_left
-46.60395431518555,-131.60867309570312,-460.02490234375,212.9961450665093,328.11206630377154,84.7763388994893,282.00000229415224,123.99999965977133,0.2862745225429535,0.3019607961177826,0.2823529541492462,calibrated_uv_reprojection_plus_stereo_left
-83.78852081298828,-150.2241668701172,-529.7744140625,276.7506519413735,332.8473577718663,36.21182854846802,254.99999831865728,124.99999436355307,0.20392157137393951,0.21960784494876862,0.20000000298023224,calibrated_uv_reprojection_plus_stereo_left
-71.24729919433594,-129.46591186523438,-456.54473876953125,224.14209981992553,351.4111725795385,85.97037577862653,255.99999578498645,124.99999642336556,0.2078431397676468,0.23137255012989044,0.2235294133424759,calibrated_uv_reprojection_plus_stereo_left
-70.00385284423828,-128.94972229003906,-454.7000732421875,222.28912301475003,351.06975399853036,87.2484424532887,256.9999985653185,124.99999090496942,0.13333334028720856,0.1568627506494522,0.14901961386203766,calibrated_uv_reprojection_plus_stereo_left
-68.926025390625,-128.7285614013672,-453.89593505859375,221.17649434725945,350.4535946054163,87.81981004305612,258.00000089184397,125.00000441534954,0.3450980484485626,0.38823530077934265,0.3803921639919281,calibrated_uv_reprojection_plus_stereo_left
-67.9803466796875,-128.7515411376953,-453.95263671875,220.6736114041156,349.6058812801259,87.80665976641063,259.0000038982061,125.00000773480349,0.5529412031173706,0.5960784554481506,0.5882353186607361,calibrated_uv_reprojection_plus_stereo_left
-67.10858154296875,-128.917236328125,-454.5124816894531,220.52521786278527,348.6199310291572,87.45195709743746,259.9999996882032,125.00000904320942,0.545098066329956,0.5882353186607361,0.5921568870544434,calibrated_uv_reprojection_plus_stereo_left
-66.16459655761719,-128.94708251953125,-454.59332275390625,220.0382926745749,347.76396722486396,87.42247237143101,260.9999997060661,125.00000604570016,0.545098066329956,0.5882353186607361,0.5921568870544434,calibrated_uv_reprojection_plus_stereo_left
-65.2266845703125,-128.9899139404297,-454.7198791503906,219.58322041645778,346.894877063919,87.3619784032806,262.0000001950589,124.99998878838878,0.5411764979362488,0.5882353186607361,0.5803921818733215,calibrated_uv_reprojection_plus_stereo_left
-64.27942657470703,-129.01531982421875,-454.78509521484375,219.0847190683599,346.0423597733104,87.34311857635379,263.0000004194681,125.000001862234,0.5411764979362488,0.5882353186607361,0.5803921818733215,calibrated_uv_reprojection_plus_stereo_left
-63.28248596191406,-128.94036865234375,-454.4964904785156,218.33825393782257,345.28904706405183,87.56439478273131,263.99999983321584,124.99999552128043,0.5372549295425415,0.5882353186607361,0.5882353186607361,calibrated_uv_reprojection_plus_stereo_left
-62.31431579589844,-128.92271423339844,-454.4098815917969,217.73358682175086,344.47945086541057,87.64856989716498,264.9999992568791,124.99999404366679,0.5372549295425415,0.5882353186607361,0.5882353186607361,calibrated_uv_reprojection_plus_stereo_left
-61.34086227416992,-128.89349365234375,-454.28253173828125,217.100611231853,343.6816621821989,87.76038028523118,266.0000013513961,124.99999793824824,0.5372549295425415,0.5843137502670288,0.5882353186607361,calibrated_uv_reprojection_plus_stereo_left
-60.3714714050293,-128.87210083007812,-454.1827697753906,216.4870802071336,342.87630137920894,87.85346405383393,266.9999995847169,124.99999902968227,0.5372549295425415,0.5843137502670288,0.5882353186607361,calibrated_uv_reprojection_plus_stereo_left
-59.46641159057617,-128.98965454101562,-454.57269287109375,216.21422429373916,341.9297700767783,87.61433007456452,268.00000257855703,125.0000049669755,0.5372549295425415,0.5843137502670288,0.5960784554481506,calibrated_uv_reprojection_plus_stereo_left
-58.49476623535156,-128.96435546875,-454.4591369628906,215.5908484261958,341.12799819979,87.71678617127509,269.0000006014966,125.00000120041466,0.5372549295425415,0.5843137502670288,0.5921568870544434,calibrated_uv_reprojection_plus_stereo_left
-57.529720306396484,-128.95309448242188,-454.39508056640625,215.00195963237945,340.3120431146804,87.78565431716089,270.00000018671113,125.00000472887376,0.5333333611488342,0.5843137502670288,0.5764706134796143,calibrated_uv_reprojection_plus_stereo_left
-56.56058883666992,-128.93223571777344,-454.2972106933594,214.38974909130258,339.5061474217373,87.87745273800681,271.0000010320464,125.00000868948712,0.529411792755127,0.5803921818733215,0.572549045085907,calibrated_uv_reprojection_plus_stereo_left
-55.56145095825195,-128.84117126464844,-453.95196533203125,213.60685985685706,338.77373896650676,88.13701449554009,271.9999985523227,125.0000057088495,0.5254902243614197,0.5764706134796143,0.5686274766921997,calibrated_uv_reprojection_plus_stereo_left
-54.60873794555664,-128.8565673828125,-453.9818115234375,213.0833066589616,337.93070482532244,88.14218269541061,273.00000081752637,124.9999971218875,0.5215686559677124,0.572549045085907,0.5647059082984924,calibrated_uv_reprojection_plus_stereo_left
-53.65760803222656,-128.87640380859375,-454.0273132324219,212.57037165810874,337.0827464752949,88.13673954782183,274.00000003896497,124.9999942314837,0.5215686559677124,0.5686274766921997,0.5647059082984924,calibrated_uv_reprojection_plus_stereo_left
-52.71076965332031,-128.9075469970703,-454.1127014160156,212.08463307611015,336.22246936276787,88.10425223550669,275.00000161700814,125.00001021771811,0.5176470875740051,0.5686274766921997,0.5686274766921997,calibrated_uv_reprojection_plus_stereo_left
-51.786312103271484,-128.99571228027344,-454.39886474609375,211.7363184035321,335.3008161948706,87.93567116665906,275.99999953705407,125.00000330294066,0.5137255191802979,0.5607843399047852,0.5686274766921997,calibrated_uv_reprojection_plus_stereo_left
-50.819427490234375,-128.97964477539062,-454.3178405761719,211.1358552027794,334.49008877917584,88.01604598940213,277.0000007173114,124.99999536988008,0.5058823823928833,0.5529412031173706,0.5568627715110779,calibrated_uv_reprojection_plus_stereo_left
-49.85797119140625,-128.97708129882812,-454.2844543457031,210.5680475562283,333.66491181298045,88.06411397972937,277.9999989173338,125.00000776071897,0.501960813999176,0.5529412031173706,0.545098066329956,calibrated_uv_reprojection_plus_stereo_left
-48.89392852783203,-128.96774291992188,-454.22711181640625,209.9839121533027,332.8471193461994,88.12843348246167,279.0000011121391,124.99999216419764,0.501960813999176,0.5529412031173706,0.545098066329956,calibrated_uv_reprojection_plus_stereo_left
-47.780757904052734,-128.55686950683594,-452.7557067871094,208.43683318475843,332.4689587648254,89.15110644519137,279.99999786598613,124.99999838250548,0.43529412150382996,0.47843137383461,0.47058823704719543,calibrated_uv_reprojection_plus_stereo_left
-46.93280792236328,-128.85751342773438,-453.7901306152344,208.5966882730964,331.3125798142525,88.47546317615632,280.9999993708967,124.99999414327874,0.2666666805744171,0.29411765933036804,0.2862745225429535,calibrated_uv_reprojection_plus_stereo_left
-46.49648666381836,-130.32455444335938,-458.9319152832031,211.54124843380072,328.86047018812246,85.0166674049093,281.99999929333495,125.00000820662768,0.2705882489681244,0.2705882489681244,0.2549019753932953,calibrated_uv_reprojection_plus_stereo_left
-81.14576721191406,-144.39535522460938,-513.0407104492188,264.0601490159773,337.73111496957466,47.01948081976133,254.99999775378217,125.99999795905396,0.2078431397676468,0.2235294133424759,0.21960784494876862,calibrated_uv_reprojection_plus_stereo_left
-71.20320129394531,-128.415771484375,-456.24041748046875,223.22025833524805,351.8930270485808,85.68180647171062,256.0000014884414,125.99999487732515,0.20000000298023224,0.23529411852359772,0.2235294133424759,calibrated_uv_reprojection_plus_stereo_left
-70.0121078491211,-127.99797058105469,-454.73175048828125,221.60799268426462,351.4606237932859,86.73330049710108,257.00000250919265,125.9999980470665,0.12941177189350128,0.16862745583057404,0.15294118225574493,calibrated_uv_reprojection_plus_stereo_left
-68.92474365234375,-127.76091003417969,-453.8653259277344,220.45255625322034,350.86051182691386,87.34786736071345,258.0000039006027,126.00000484251922,0.2549019753932953,0.2980392277240753,0.2862745225429535,calibrated_uv_reprojection_plus_stereo_left
-67.94985961914062,-127.72869110107422,-453.7265930175781,219.81186876014027,350.06596561888813,87.46751784435287,259.0000024266791,125.9999970294225,0.5490196347236633,0.5921568870544434,0.5803921818733215,calibrated_uv_reprojection_plus_stereo_left
-67.10599517822266,-127.94542694091797,-454.47222900390625,219.7935050349683,349.03018223037697,86.98582740675874,260.00000440678593,126.00000414830976,0.545098066329956,0.5882353186607361,0.5843137502670288,calibrated_uv_reprojection_plus_stereo_left
-66.16419982910156,-127.97911071777344,-454.56756591796875,219.31662612553157,348.1704011389205,86.94636015722364,261.0000037715704,126.00000094140867,0.5411764979362488,0.5843137502670288,0.5843137502670288,calibrated_uv_reprojection_plus_stereo_left
-65.21345520019531,-127.99629211425781,-454.6042785644531,218.79834259662164,347.3263816821043,86.94676180759524,261.9999974122741,125.99999800948754,0.545098066329956,0.5882353186607361,0.5803921818733215,calibrated_uv_reprojection_plus_stereo_left
-64.27503967285156,-128.03863525390625,-454.7303771972656,218.3424340353887,346.4571859418761,86.88640441636232,262.9999982527436,126.00000433440803,0.545098066329956,0.5882353186607361,0.5803921818733215,calibrated_uv_reprojection_plus_stereo_left
-63.26616668701172,-127.93988037109375,-454.3553466796875,217.53603831618517,345.72798915389853,87.16669734229725,264.00000285439603,126.0000025127668,0.5372549295425415,0.5882353186607361,0.5803921818733215,calibrated_uv_reprojection_plus_stereo_left
-62.2953987121582,-127.91639709472656,-454.2476501464844,216.91691315322697,344.9245584143805,87.26525450751404,264.9999981252142,126.00000013549251,0.5372549295425415,0.5882353186607361,0.5803921818733215,calibrated_uv_reprojection_plus_stereo_left
-61.3227424621582,-127.88833618164062,-454.12371826171875,216.28665485539665,344.1260087566453,87.374835602004,265.9999987222039,126.00000122770405,0.5372549295425415,0.5882353186607361,0.5882353186607361,calibrated_uv_reprojection_plus_stereo_left
-60.35097122192383,-127.8613510131836,-454.00360107421875,215.6592660157899,343.32669579651963,87.48181649191508,266.999998930348,125.99999803499537,0.5372549295425415,0.5882353186607361,0.5882353186607361,calibrated_uv_reprojection_plus_stereo_left
-59.43566131591797,-127.95513153076172,-454.3122863769531,215.32960492837117,342.4042495256336,87.29741610627252,267.9999976612677,125.99999705162728,0.5372549295425415,0.5843137502670288,0.5960784554481506,calibrated_uv_reprojection_plus_stereo_left
-58.46588134765625,-127.93289184570312,-454.20904541015625,214.7137955981134,341.59989285077876,87.39293066040426,268.9999994849155,126.0000034205658,0.5333333611488342,0.5803921818733215,0.5921568870544434,calibrated_uv_reprojection_plus_stereo_left
-57.495540618896484,-127.90876770019531,-454.0990905761719,214.09351502512402,340.7977424718074,87.49300334405262,270.0000025643572,126.0000006855579,0.5333333611488342,0.5843137502670288,0.5764706134796143,calibrated_uv_reprojection_plus_stereo_left
-56.52143859863281,-127.87539672851562,-453.9563293457031,213.4507714469686,340.0055011058521,87.6153521752367,271.000000952678,126.00000133064052,0.5254902243614197,0.5764706134796143,0.5686274766921997,calibrated_uv_reprojection_plus_stereo_left
-55.53554916381836,-127.81385040283203,-453.71356201171875,212.73937668890744,339.2431814212763,87.80562071788648,272.0000031115798,126.00000175175197,0.5176470875740051,0.5686274766921997,0.5607843399047852,calibrated_uv_reprojection_plus_stereo_left
-54.582035064697266,-127.8260498046875,-453.7325744628906,212.20855365916577,338.40386197341707,87.81806162918662,272.9999992289172,125.99999887664342,0.5176470875740051,0.5686274766921997,0.5647059082984924,calibrated_uv_reprojection_plus_stereo_left
-53.63216781616211,-127.84748840332031,-453.7843933105469,211.70012230739292,337.5545371809385,87.80822508837741,274.0000018473271,126.00000142183455,0.5137255191802979,0.5607843399047852,0.5686274766921997,calibrated_uv_reprojection_plus_stereo_left
-52.68352508544922,-127.8727798461914,-453.849853515625,211.20084221033545,336.7007937301189,87.78913762200455,275.00000065421324,125.999996878366,0.5137255191802979,0.5607843399047852,0.5686274766921997,calibrated_uv_reprojection_plus_stereo_left
-51.77617263793945,-128.00119018554688,-454.2812805175781,210.95173700255867,335.7359443898364,87.52155044150203,275.9999996303144,125.99999363851302,0.5098039507865906,0.5607843399047852,0.5568627715110779,calibrated_uv_reprojection_plus_stereo_left
-50.8134651184082,-127.9951171875,-454.23541259765625,210.37549253406775,334.91469023104685,87.57809402455149,276.9999974809909,125.99999510309263,0.501960813999176,0.5529412031173706,0.5529412031173706,calibrated_uv_reprojection_plus_stereo_left
-49.849117279052734,-127.98471069335938,-454.1741943359375,209.7888011405169,334.0981793689728,87.64505452466528,277.9999999624042,126.00000437623149,0.49803921580314636,0.545098066329956,0.5568627715110779,calibrated_uv_reprojection_plus_stereo_left
-48.8867301940918,-127.9791488647461,-454.1300964355469,209.21384512193424,333.276487659641,87.70039985099686,278.99999807853465,125.99999201546134,0.49803921580314636,0.545098066329956,0.5490196347236633,calibrated_uv_reprojection_plus_stereo_left
-47.78791427612305,-127.60916137695312,-452.7929992675781,207.7603541291635,332.8556024082567,88.6334556662128,280.0000033331015,126.0000042958032,0.4274509847164154,0.47843137383461,0.47058823704719543,calibrated_uv_reprojection_plus_stereo_left
-46.94860076904297,-127.93128204345703,-453.9116516113281,207.97563311246006,331.67382982467603,87.89947995158747,281.00000263983975,126.0000013293454,0.250980406999588,0.29019609093666077,0.2705882489681244,calibrated_uv_reprojection_plus_stereo_left
-46.41928482055664,-129.1293182373047,-458.1378173828125,210.2921124373048,329.5132034832462,85.05651846976076,281.99999895505755,125.99999157946803,0.24313725531101227,0.26274511218070984,0.21568627655506134,calibrated_uv_reprojection_plus_stereo_left
-79.36481475830078,-140.15963745117188,-501.7570495605469,255.27926448222445,341.1511870873472,54.15029246469493,255.00000001661274,126.99999360129434,0.1882352977991104,0.20392157137393951,0.18431372940540314,calibrated_uv_reprojection_plus_stereo_left
-71.1637954711914,-127.37528228759766,-455.96612548828125,222.3205675106562,352.366407334723,85.37342802769962,255.99999699051972,127.00000411809665,0.19607843458652496,0.2235294133424759,0.20000000298023224,calibrated_uv_reprojection_plus_stereo_left
-70.01892852783203,-127.04345703125,-454.7540588378906,220.92015154354783,351.8540603115805,86.22446620153443,256.99999839247533,127.00000277709876,0.1411764770746231,0.16862745583057404,0.14901961386203766,calibrated_uv_reprojection_plus_stereo_left
-68.91184997558594,-126.77201080322266,-453.75823974609375,219.6748462151354,351.28792949343875,86.9280772056245,258.0000037883037,127.00000317903584,0.18039216101169586,0.2235294133424759,0.2078431397676468,calibrated_uv_reprojection_plus_stereo_left
-67.92357635498047,-126.71461486816406,-453.52862548828125,218.97054758507232,350.5180707945483,87.10973111061116,258.99999867309543,126.99999989490826,0.5333333611488342,0.5764706134796143,0.5607843399047852,calibrated_uv_reprojection_plus_stereo_left
-67.1197738647461,-127.00473022460938,-454.5427551269531,219.13966649981433,349.41020435022995,86.4443358647905,260.00000124928187,126.99999660041036,0.5411764979362488,0.5843137502670288,0.5764706134796143,calibrated_uv_reprojection_plus_stereo_left
-66.17196655273438,-127.02688598632812,-454.59783935546875,218.6342897990384,348.56144232285914,86.43213915830273,260.9999995565679,127.00000127141024,0.5411764979362488,0.5843137502670288,0.5764706134796143,calibrated_uv_reprojection_plus_stereo_left
-65.20929718017578,-127.02082824707031,-454.55194091796875,218.0580658742956,347.74022373727155,86.48871476955264,261.9999973250316,127.00000321055964,0.5411764979362488,0.5882353186607361,0.5803921818733215,calibrated_uv_reprojection_plus_stereo_left
-64.25769805908203,-127.03656768798828,-454.5840148925781,217.53632210424047,346.89738038766325,86.49220444121812,262.99999561158614,126.99999723134124,0.5411764979362488,0.5882353186607361,0.5803921818733215,calibrated_uv_reprojection_plus_stereo_left
-63.2474479675293,-126.93516540527344,-454.19696044921875,216.72223891072684,346.17151058434337,86.78104281629868,264.00000206799655,127.00000088173115,0.5372549295425415,0.5882353186607361,0.5803921818733215,calibrated_uv_reprojection_plus_stereo_left
-62.27161407470703,-126.9008560180664,-454.04998779296875,216.07607695383018,345.3793529282218,86.90640754417825,265.00000322738504,127.0000005578203,0.5372549295425415,0.5882353186607361,0.5803921818733215,calibrated_uv_reprojection_plus_stereo_left
-61.30552673339844,-126.8857192993164,-453.9716491699219,215.477861292441,344.5681680177102,86.98503695403008,266.0000007261261,127.00000779519092,0.5372549295425415,0.5843137502670288,0.5960784554481506,calibrated_uv_reprojection_plus_stereo_left
-60.32896423339844,-126.84818267822266,-453.8131103515625,214.82414704528878,343.7800096846846,87.11825852292424,266.99999733624827,126.99999556511617,0.5372549295425415,0.5843137502670288,0.5960784554481506,calibrated_uv_reprojection_plus_stereo_left
-59.40800476074219,-126.92831420898438,-454.0755920410156,214.46218766300552,342.8714710966306,86.96491769033986,267.99999786094924,127.00000058517577,0.5372549295425415,0.5843137502670288,0.5921568870544434,calibrated_uv_reprojection_plus_stereo_left
-58.433563232421875,-126.89503479003906,-453.9323425292969,213.81911521814794,342.0790361838208,87.0877222875327,269.0000025745787,127.00000480001458,0.5333333611488342,0.5803921818733215,0.5882353186607361,calibrated_uv_reprojection_plus_stereo_left
-57.4614143371582,-126.86579132080078,-453.80352783203125,213.1862687334576,341.28280908128124,87.20069403474929,270.0000012476376,127.00000502637934,0.5333333611488342,0.5803921818733215,0.5803921818733215,calibrated_uv_reprojection_plus_stereo_left
-56.486427307128906,-126.82928466796875,-453.6487121582031,212.5357491576297,340.4945326592912,87.33135128919946,270.9999988599622,126.9999959843519,0.5254902243614197,0.572549045085907,0.572549045085907,calibrated_uv_reprojection_plus_stereo_left
-55.50490188598633,-126.77667999267578,-453.4363708496094,211.84595900979116,339.7236331749517,87.50112789176728,272.00000147921764,126.99999821265732,0.5137255191802979,0.5647059082984924,0.5607843399047852,calibrated_uv_reprojection_plus_stereo_left
-54.561767578125,-126.8115463256836,-453.536865234375,211.37130381631317,338.8607282541852,87.45806344198263,272.99999824595363,126.99999451569016,0.5098039507865906,0.5607843399047852,0.5568627715110779,calibrated_uv_reprojection_plus_stereo_left
-53.61484146118164,-126.83879089355469,-453.6101379394531,210.87766171384624,338.0054413702459,87.433524515908,274.0000021270331,127.00000549973319,0.5137255191802979,0.5647059082984924,0.5568627715110779,calibrated_uv_reprojection_plus_stereo_left
-52.66849899291992,-126.86853790283203,-453.6922912597656,210.38985026361297,337.1470946909926,87.40296508146741,275.00000000707985,126.99999987368668,0.5098039507865906,0.5607843399047852,0.5568627715110779,calibrated_uv_reprojection_plus_stereo_left
-51.761268615722656,-126.99545288085938,-454.1219177246094,210.138975430065,336.1834823872012,87.13608550247778,276.0000007743975,127.00000111108801,0.5058823823928833,0.5529412031173706,0.5647059082984924,calibrated_uv_reprojection_plus_stereo_left
-50.81050491333008,-127.01844787597656,-454.1799011230469,209.63371125964915,335.33097673741145,87.1220066902506,277.0000025431155,127.00000036402096,0.49803921580314636,0.545098066329956,0.5568627715110779,calibrated_uv_reprojection_plus_stereo_left
-49.84952926635742,-127.01640319824219,-454.1483459472656,209.06731481947338,334.5054809247927,87.16882656054901,277.9999989113033,126.99999982906513,0.49803921580314636,0.545098066329956,0.5568627715110779,calibrated_uv_reprojection_plus_stereo_left
-48.891693115234375,-127.02255249023438,-454.1460876464844,208.52080559788777,333.6709716634025,87.1957256222791,278.9999984922766,126.9999996404866,0.4941176474094391,0.5411764979362488,0.545098066329956,calibrated_uv_reprojection_plus_stereo_left
-47.79914474487305,-126.67205810546875,-452.8688049316406,207.10986553492825,333.23041985097814,88.08953284766949,279.99999983162877,127.00000695808342,0.43529412150382996,0.47843137383461,0.47058823704719543,calibrated_uv_reprojection_plus_stereo_left
-46.904239654541016,-126.84183502197266,-453.4515380859375,206.9606071967213,332.2161381982771,87.71866006228066,280.99999800873564,126.99999853050937,0.27843138575553894,0.30980393290519714,0.29411765933036804,calibrated_uv_reprojection_plus_stereo_left
-46.356937408447266,-127.97845458984375,-457.4904479980469,209.1445276999088,330.11866291417493,84.99833232889279,282.00000092922335,126.99999769666988,0.2666666805744171,0.2705882489681244,0.24313725531101227,calibrated_uv_reprojection_plus_stereo_left
-76.79196166992188,-134.583984375,-485.4681396484375,242.99801677949466,345.86429820243796,64.7211381694434,254.99999820002148,128.0000012645075,0.18431372940540314,0.20000000298023224,0.18039216101169586,calibrated_uv_reprojection_plus_stereo_left
-71.36530303955078,-126.7638931274414,-457.23541259765625,222.5101217969978,352.43160334002374,84.01240103181715,255.99999702925896,128.00000061137638,0.18039216101169586,0.21568627655506134,0.1882352977991104,calibrated_uv_reprojection_plus_stereo_left
-70.15467834472656,-126.32100677490234,-455.61370849609375,220.82165940321727,352.02483431220134,85.14428010794529,256.99999812781505,127.99999327922188,0.15294118225574493,0.1921568661928177,0.16470588743686676,calibrated_uv_reprojection_plus_stereo_left
-68.91350555419922,-125.81010437011719,-453.7469177246094,218.9647579080052,351.689524882518,86.44318019885975,257.9999968862637,128.0000007783736,0.125490203499794,0.16862745583057404,0.15294118225574493,calibrated_uv_reprojection_plus_stereo_left
-67.88008880615234,-125.6695327758789,-453.2158508300781,218.0492893706911,351.00078113911513,86.83068832400863,259.00000144489525,127.999998075478,0.48235294222831726,0.5254902243614197,0.5098039507865906,calibrated_uv_reprojection_plus_stereo_left
-67.02983856201172,-125.86895751953125,-453.91094970703125,217.99373035271617,349.9810133726015,86.3817515972442,259.99999867886936,127.99999877642085,0.5411764979362488,0.5843137502670288,0.5764706134796143,calibrated_uv_reprojection_plus_stereo_left
-66.06816101074219,-125.86198425292969,-453.8616943359375,217.41602105381156,349.1619928002522,86.44059092283248,261.000001655723,127.99999951339049,0.5411764979362488,0.5843137502670288,0.5764706134796143,calibrated_uv_reprojection_plus_stereo_left
-65.11822509765625,-125.87757110595703,-453.893798828125,216.89513299744056,348.3206494789094,86.44393914262474,261.99999840430115,128.00000315213356,0.5372549295425415,0.5843137502670288,0.5882353186607361,calibrated_uv_reprojection_plus_stereo_left
-64.1506118774414,-125.85904693603516,-453.8028869628906,216.28837470831508,347.51312438175535,86.53118831450377,263.00000403740023,128.0000019046411,0.5372549295425415,0.5843137502670288,0.5843137502670288,calibrated_uv_reprojection_plus_stereo_left
-63.15694808959961,-125.78814697265625,-453.52313232421875,215.55041171484095,346.7584625893361,86.7472031800466,264.0000004542778,127.99999758853153,0.5372549295425415,0.5882353186607361,0.5803921818733215,calibrated_uv_reprojection_plus_stereo_left
-62.19032669067383,-125.76983642578125,-453.4330139160156,214.9447067253746,345.951485048012,86.833887848433,264.9999973027604,127.99999662581075,0.5372549295425415,0.5882353186607361,0.5803921818733215,calibrated_uv_reprojection_plus_stereo_left
-61.22422409057617,-125.75211334228516,-453.34503173828125,214.34061097150737,345.1441063891135,86.91910819024565,265.9999995421721,127.999999300279,0.5372549295425415,0.5843137502670288,0.5960784554481506,calibrated_uv_reprojection_plus_stereo_left
-60.251888275146484,-125.72090911865234,-453.2084655761719,213.70302454722582,344.35073816219494,87.03744240399135,267.0000025252323,128.00000434062068,0.5333333611488342,0.5803921818733215,0.5921568870544434,calibrated_uv_reprojection_plus_stereo_left
-59.31708908081055,-125.76837921142578,-453.35546875,213.26156811980786,343.47660422817,86.96246946884258,268.0000020300457,127.99999843444837,0.5372549295425415,0.5882353186607361,0.5803921818733215,calibrated_uv_reprojection_plus_stereo_left
-58.35102462768555,-125.75010681152344,-453.2655029296875,212.6562738516755,342.670051532347,87.04903570388058,268.9999976328427,127.9999979117612,0.5333333611488342,0.5843137502670288,0.5764706134796143,calibrated_uv_reprojection_plus_stereo_left
-57.381370544433594,-125.72345733642578,-453.1453857421875,212.03034743263987,341.87244042716736,87.15614067366403,270.00000011727366,128.0000079205945,0.529411792755127,0.5764706134796143,0.5882353186607361,calibrated_uv_reprojection_plus_stereo_left
-56.411251068115234,-125.6949691772461,-453.0185852050781,211.40005072692213,341.07709091867514,87.26780004948284,270.99999745963015,127.99999888146004,0.5254902243614197,0.572549045085907,0.5843137502670288,calibrated_uv_reprojection_plus_stereo_left
-55.45386505126953,-125.6944580078125,-452.99267578125,210.8391673773441,340.25247136768064,87.31068942457966,272.00000274592986,128.0000056656215,0.5137255191802979,0.5607843399047852,0.5803921818733215,calibrated_uv_reprojection_plus_stereo_left
-54.50680160522461,-125.71782684326172,-453.05279541015625,210.33718271107432,339.4024182897921,87.29496384918201,273.00000048220977,128.0000045484394,0.5098039507865906,0.5568627715110779,0.5764706134796143,calibrated_uv_reprojection_plus_stereo_left
-53.56119918823242,-125.74557495117188,-453.128662109375,209.845739023678,338.54733394791435,87.26852317720301,274.0000013668774,127.99999657376091,0.5098039507865906,0.5568627715110779,0.5686274766921997,calibrated_uv_reprojection_plus_stereo_left
-52.61054611206055,-125.76234436035156,-453.1650085449219,209.3270546949421,337.70366859555327,87.26901181858261,275.0000010143194,128.0000034922861,0.5098039507865906,0.5568627715110779,0.5686274766921997,calibrated_uv_reprojection_plus_stereo_left
-51.68362045288086,-125.8376235961914,-453.412109375,208.95177044997,336.7963357556865,87.12594528460795,275.999999370395,127.99999363807424,0.5058823823928833,0.5529412031173706,0.5647059082984924,calibrated_uv_reprojection_plus_stereo_left
-50.72587585449219,-125.83938598632812,-453.39434814453125,208.39570686776688,335.96814083850626,87.16331956094126,276.99999804212734,127.9999971468427,0.49803921580314636,0.545098066329956,0.5568627715110779,calibrated_uv_reprojection_plus_stereo_left
-49.77681350708008,-125.86328887939453,-453.45635986328125,207.8937457206228,335.11558980207116,87.14636023745953,278.00000222073584,128.00000288690356,0.4941176474094391,0.5411764979362488,0.5529412031173706,calibrated_uv_reprojection_plus_stereo_left
-48.84006881713867,-125.91998291015625,-453.636474609375,207.47158372329494,334.2265084752345,87.04897918055048,278.9999979760884,128.00000297202055,0.48627451062202454,0.529411792755127,0.5372549295425415,calibrated_uv_reprojection_plus_stereo_left
-47.93363952636719,-126.05880737304688,-454.1123962402344,207.24898296071143,333.245465525896,86.75018201978668,279.9999982889318,127.9999927522924,0.43921568989753723,0.4627451002597809,0.4627451002597809,calibrated_uv_reprojection_plus_stereo_left
-47.015602111816406,-126.17225646972656,-454.4969177246094,206.96343481929887,332.29088857386233,86.51367170746283,280.99999989926374,128.00000020581615,0.26274511218070984,0.27843138575553894,0.2705882489681244,calibrated_uv_reprojection_plus_stereo_left
-46.365936279296875,-127.02579498291016,-457.54718017578125,208.47347760804462,330.50340329648634,84.46213190644323,281.99999803541044,128.0000024081921,0.2666666805744171,0.2705882489681244,0.24313725531101227,calibrated_uv_reprojection_plus_stereo_left
-75.6183853149414,-131.5111083984375,-478.0263977050781,237.0023146813623,348.2360206830399,69.28047859072666,254.99999862656134,129.00000670361274,0.18039216101169586,0.20000000298023224,0.1725490242242813,calibrated_uv_reprojection_plus_stereo_left
-71.35945129394531,-125.7815933227539,-457.1761169433594,221.76098648510396,352.84877971588423,83.55659479322765,256.0000003949881,129.00000261343317,0.1764705926179886,0.2078431397676468,0.18039216101169586,calibrated_uv_reprojection_plus_stereo_left
-70.15162658691406,-125.34686279296875,-455.5718688964844,220.0873112608179,352.4360972234955,84.67826487844479,256.9999956185253,128.99999509514237,0.16862745583057404,0.19607843458652496,0.1725490242242813,calibrated_uv_reprojection_plus_stereo_left
-68.95540618896484,-124.92115783691406,-454.0006103515625,218.4405163060813,352.0203624425126,85.77721558278512,257.9999965653235,128.9999937861454,0.10980392247438431,0.14901961386203766,0.13333334028720856,calibrated_uv_reprojection_plus_stereo_left
-67.89041900634766,-124.72462463378906,-453.2623596191406,217.38048530313506,351.38639795980134,86.30683504068816,258.99999555990007,128.9999955946023,0.40392157435417175,0.4470588266849518,0.4313725531101227,calibrated_uv_reprojection_plus_stereo_left
-67.00174713134766,-124.85111236572266,-453.697998046875,217.14243128892582,350.4373784561552,86.03437492122993,259.9999990167971,128.99999307879014,0.5372549295425415,0.5803921818733215,0.572549045085907,calibrated_uv_reprojection_plus_stereo_left
-66.03845977783203,-124.84027862548828,-453.6346130371094,216.55514274441032,349.62258413027484,86.10287103184476,260.9999958709904,128.99999456226558,0.5411764979362488,0.5843137502670288,0.5764706134796143,calibrated_uv_reprojection_plus_stereo_left
-65.0815200805664,-124.84139251708984,-453.6146545410156,215.9981601800062,348.7959835858803,86.14169815624308,261.9999987234537,128.9999993513666,0.5372549295425415,0.5843137502670288,0.5843137502670288,calibrated_uv_reprojection_plus_stereo_left
-64.10773468017578,-124.80982971191406,-453.4759521484375,215.35859803974654,348.00211292721724,86.26163554665368,263.0000005968977,128.9999992546084,0.5372549295425415,0.5803921818733215,0.5843137502670288,calibrated_uv_reprojection_plus_stereo_left
-63.123741149902344,-124.75721740722656,-453.2607727050781,214.6662158453716,347.22988114563736,86.43379529381627,263.9999995934603,128.99999560888438,0.5333333611488342,0.5843137502670288,0.5843137502670288,calibrated_uv_reprojection_plus_stereo_left
-62.158809661865234,-124.74131774902344,-453.17901611328125,214.0666959284452,346.4209912910501,86.51481318044148,264.99999880331876,129.00000013883806,0.5372549295425415,0.5843137502670288,0.5843137502670288,calibrated_uv_reprojection_plus_stereo_left
-61.18800354003906,-124.71304321289062,-453.0522766113281,213.43618688888915,345.62493933390357,86.62654786721919,265.99999765215125,128.9999951792139,0.5372549295425415,0.5843137502670288,0.5960784554481506,calibrated_uv_reprojection_plus_stereo_left
-60.22950744628906,-124.70944213867188,-453.0152282714844,212.86780899094424,344.8038089026395,86.6770224954696,267.0000011280452,129.00000559463626,0.5333333611488342,0.5803921818733215,0.5921568870544434,calibrated_uv_reprojection_plus_stereo_left
-59.27751541137695,-124.7195053100586,-453.02777099609375,212.33362657588157,343.9685404972558,86.69364411734227,268.00000141747194,129.00000366387468,0.5333333611488342,0.5843137502670288,0.5803921818733215,calibrated_uv_reprojection_plus_stereo_left
-58.31673812866211,-124.71119689941406,-452.97357177734375,211.75341755208746,343.1522644114067,86.75583685151776,268.9999976500867,128.99999937972538,0.529411792755127,0.5803921818733215,0.5764706134796143,calibrated_uv_reprojection_plus_stereo_left
-57.35327911376953,-124.69688415527344,-452.8975830078125,211.15828431892965,342.3423535652379,86.83289980969766,270.00000103048177,128.99999974110028,0.5254902243614197,0.572549045085907,0.5843137502670288,calibrated_uv_reprojection_plus_stereo_left
-56.385005950927734,-124.67152404785156,-452.781494140625,210.53575702661743,341.54426111869145,86.93732756089895,271.0000009549841,129.0000050330792,0.5254902243614197,0.572549045085907,0.5843137502670288,calibrated_uv_reprojection_plus_stereo_left
-55.43663787841797,-124.6901626586914,-452.8251647949219,210.02277437974652,340.6997204021409,86.93270961741786,271.9999992552624,129.00000023842713,0.5215686559677124,0.5686274766921997,0.5803921818733215,calibrated_uv_reprojection_plus_stereo_left
-54.485076904296875,-124.7022476196289,-452.84503173828125,209.493340961667,339.86190209488234,86.94434540341086,272.9999986579765,128.99999646810946,0.5137255191802979,0.5607843399047852,0.572549045085907,calibrated_uv_reprojection_plus_stereo_left
-53.53654098510742,-124.72190856933594,-452.8924255371094,208.982546179449,339.0157310282212,86.9371990589193,273.99999942431936,128.9999991805799,0.5098039507865906,0.5568627715110779,0.5686274766921997,calibrated_uv_reprojection_plus_stereo_left
-52.58559799194336,-124.73667907714844,-452.92205810546875,208.4594621164306,338.1745546306965,86.94218085001205,275.0000015079586,129.000003262351,0.5098039507865906,0.5568627715110779,0.5686274766921997,calibrated_uv_reprojection_plus_stereo_left
-51.65465545654297,-124.80042266845703,-453.12945556640625,208.05704653055756,337.279821493392,86.82588425663363,275.9999983299808,128.9999954049136,0.5058823823928833,0.5529412031173706,0.5647059082984924,calibrated_uv_reprojection_plus_stereo_left
-50.701698303222656,-124.81248474121094,-453.14923095703125,207.52675675582378,336.4408251060348,86.8376153684278,276.99999903990596,128.99999922651693,0.49803921580314636,0.545098066329956,0.5568627715110779,calibrated_uv_reprojection_plus_stereo_left
-49.754859924316406,-124.84046936035156,-453.226806640625,207.03548082977875,335.5840810434455,86.8099210244228,277.99999868118914,129.00000305225595,0.49803921580314636,0.5372549295425415,0.5490196347236633,calibrated_uv_reprojection_plus_stereo_left
-48.82537841796875,-124.91407775878906,-453.469970703125,206.65588026297587,334.6763395007998,86.66928740079084,278.9999991423158,128.9999994957583,0.48627451062202454,0.5215686559677124,0.5372549295425415,calibrated_uv_reprojection_plus_stereo_left
-47.943912506103516,-125.11605072021484,-454.1790771484375,206.59003456426308,333.62438769070894,86.21087001796468,279.9999998449198,128.99999606875886,0.43529412150382996,0.45490196347236633,0.4745098054409027,calibrated_uv_reprojection_plus_stereo_left
-47.025264739990234,-125.22737121582031,-454.55908203125,206.30071243502152,332.6714475708531,85.97698915672606,281.00000040394195,129.00000237418914,0.24705882370471954,0.26274511218070984,0.2705882489681244,calibrated_uv_reprojection_plus_stereo_left
-46.3600959777832,-126.03255462646484,-457.45751953125,207.70380780139658,330.93377033280876,84.0256406230746,281.99999941514795,129.00000236768238,0.2823529541492462,0.2823529541492462,0.2549019753932953,calibrated_uv_reprojection_plus_stereo_left
-74.42120361328125,-128.4291229248047,-470.4361267089844,230.9251893935243,350.63337291800883,73.95765033207942,254.99999656748724,130.00000135762386,0.18039216101169586,0.19607843458652496,0.1725490242242813,calibrated_uv_reprojection_plus_stereo_left
-71.3156509399414,-124.733154296875,-456.8736877441406,220.84134459678745,353.3296507766289,83.26733893849644,255.9999994488502,130.00000233128773,0.1725490242242813,0.1921568661928177,0.16862745583057404,calibrated_uv_reprojection_plus_stereo_left
-70.16008758544922,-124.39330291748047,-455.6048278808594,219.40549933631831,352.8275264033297,84.16113675167833,256.99999849205216,129.9999989866668,0.16862745583057404,0.1921568661928177,0.16862745583057404,calibrated_uv_reprojection_plus_stereo_left
-68.9914779663086,-124.02063751220703,-454.2159423828125,217.88862777914693,352.36185712178616,85.13694002916526,258.00000261005977,130.00000217733756,0.12156862765550613,0.15294118225574493,0.1411764770746231,calibrated_uv_reprojection_plus_stereo_left
-67.89300537109375,-123.76539611816406,-453.2572326660156,216.67544973778917,351.785929354163,85.81820510614796,259.0000003130852,130.00000511486675,0.3176470696926117,0.3490196168422699,0.33725491166114807,calibrated_uv_reprojection_plus_stereo_left
-66.94828033447266,-123.78722381591797,-453.313232421875,216.17197939635014,350.939720732549,85.805017608757,259.99999693221747,130.0000009130474,0.5254902243614197,0.5647059082984924,0.5568627715110779,calibrated_uv_reprojection_plus_stereo_left
-65.9770278930664,-123.760009765625,-453.18963623046875,215.54328748015894,350.1419461010371,85.91472601291161,260.99999566844383,129.9999957910301,0.5411764979362488,0.5843137502670288,0.5764706134796143,calibrated_uv_reprojection_plus_stereo_left
-65.01616668701172,-123.75186157226562,-453.1358947753906,214.96333645974818,349.3254003049936,85.97662705791379,262.00000260093174,130.0000000816035,0.5411764979362488,0.5843137502670288,0.5843137502670288,calibrated_uv_reprojection_plus_stereo_left
-64.06568145751953,-123.76358795166016,-453.1549072265625,214.43390557591943,348.48890894645945,85.98875575873541,263.0000013099459,129.99999917430148,0.5411764979362488,0.5843137502670288,0.5843137502670288,calibrated_uv_reprojection_plus_stereo_left
-63.07717514038086,-123.70118713378906,-452.90252685546875,213.71642095711917,347.7274106488434,86.18653932537262,263.9999996845749,130.00000166443292,0.5333333611488342,0.5803921818733215,0.5921568870544434,calibrated_uv_reprojection_plus_stereo_left
-62.1099853515625,-123.67940521240234,-452.7988586425781,213.1022593750829,346.9252385765427,86.28258071570531,264.9999986115868,129.99999860174825,0.5333333611488342,0.5803921818733215,0.5921568870544434,calibrated_uv_reprojection_plus_stereo_left
-61.1547966003418,-123.6812973022461,-452.7818908691406,212.54808569901536,346.0989854032982,86.31931163864476,265.9999994338013,130.00000282204462,0.5333333611488342,0.5803921818733215,0.5921568870544434,calibrated_uv_reprojection_plus_stereo_left
-60.195674896240234,-123.6752700805664,-452.73590087890625,211.97388393682542,345.28086422858564,86.3758970502036,267.0000022421941,129.9999984043103,0.5333333611488342,0.5803921818733215,0.5921568870544434,calibrated_uv_reprojection_plus_stereo_left
-59.24262619018555,-123.68180084228516,-452.73590087890625,211.43133448418274,344.4497146104019,86.4010281832359,267.999999759341,129.99999976478577,0.5333333611488342,0.5803921818733215,0.5882353186607361,calibrated_uv_reprojection_plus_stereo_left
-58.283531188964844,-123.67581939697266,-452.6900939941406,210.85725709193184,343.6315455000585,86.45748613535932,269.0000024926809,129.9999997626292,0.529411792755127,0.5764706134796143,0.5843137502670288,calibrated_uv_reprojection_plus_stereo_left
-57.32154846191406,-123.66349029541016,-452.62103271484375,210.26728172037366,342.82012230175826,86.52984557091321,269.99999667687916,129.99999326458072,0.529411792755127,0.5764706134796143,0.5882353186607361,calibrated_uv_reprojection_plus_stereo_left
-56.36369705200195,-123.659912109375,-452.58404541015625,209.69931601812584,341.9995254094341,86.58026710517214,271.00000162910214,129.99999903579754,0.5254902243614197,0.572549045085907,0.5843137502670288,calibrated_uv_reprojection_plus_stereo_left
-55.415855407714844,-123.67863464355469,-452.628662109375,209.18708699473763,341.15513766868685,86.57490335687851,271.99999938378096,130.00000173283544,0.5215686559677124,0.5686274766921997,0.5803921818733215,calibrated_uv_reprojection_plus_stereo_left
-54.46818161010742,-123.6985092163086,-452.6774597167969,208.67752241883807,340.30922721989805,86.56669425293632,273.0000007163666,129.99999683961906,0.5137255191802979,0.5607843399047852,0.572549045085907,calibrated_uv_reprojection_plus_stereo_left
-53.51591110229492,-123.70855712890625,-452.6903076171875,208.14329456598443,339.473635946306,86.5830637890362,273.9999992878282,129.99999707663346,0.5098039507865906,0.5568627715110779,0.5686274766921997,calibrated_uv_reprojection_plus_stereo_left
-52.566951751708984,-123.72686767578125,-452.7333984375,207.6294926038006,338.62888210872916,86.57876697894102,275.0000002974178,130.00000126396367,0.5058823823928833,0.5529412031173706,0.5647059082984924,calibrated_uv_reprojection_plus_stereo_left
-51.62337112426758,-123.75885772705078,-452.8265075683594,207.14942701448757,337.7688838463747,86.54029986036983,275.9999991055951,129.99999800596905,0.5137255191802979,0.5529412031173706,0.5647059082984924,calibrated_uv_reprojection_plus_stereo_left
-50.67463684082031,-123.77957153320312,-452.8783874511719,206.64113922405892,336.9208255660611,86.53001496553253,277.00000194824366,130.00000651446805,0.5058823823928833,0.545098066329956,0.5568627715110779,calibrated_uv_reprojection_plus_stereo_left
-49.7411003112793,-123.83903503417969,-453.07196044921875,206.2283967132397,336.02954920395894,86.42293146694249,277.999999930403,129.99999625392536,0.49803921580314636,0.5372549295425415,0.5490196347236633,calibrated_uv_reprojection_plus_stereo_left
-48.82014846801758,-123.9328842163086,-453.391357421875,205.8999578023782,335.09911313617766,86.22989886672144,279.0000014556171,130.0000010692191,0.47843137383461,0.5176470875740051,0.5254902243614197,calibrated_uv_reprojection_plus_stereo_left
-47.9417839050293,-124.14087677001953,-454.12823486328125,205.85175217431146,334.03944744662374,85.75169756032051,279.99999699052364,129.99999507104513,0.4156862795352936,0.45490196347236633,0.4431372582912445,calibrated_uv_reprojection_plus_stereo_left
-47.03803253173828,-124.29042053222656,-454.6512451171875,205.65795616573115,333.0428699914672,85.41967691915863,281.0000002752577,129.99999442140214,0.24705882370471954,0.27843138575553894,0.25882354378700256,calibrated_uv_reprojection_plus_stereo_left
-46.37657165527344,-125.09988403320312,-457.5880432128906,207.08212423438653,331.29570164358086,83.43894081752717,281.99999920039477,129.99999503895282,0.29019609093666077,0.29019609093666077,0.250980406999588,calibrated_uv_reprojection_plus_stereo_left
-52.38400650024414,-144.31661987304688,-527.8507690429688,253.58420247590732,308.5351402714073,35.474216998648046,283.0000026419556,130.00000115494942,0.5372549295425415,0.5137255191802979,0.45490196347236633,calibrated_uv_reprojection_plus_stereo_left
-73.49019622802734,-125.83515167236328,-464.529052734375,226.0525869221504,352.5803418869981,77.49720816382398,254.99999479198095,130.9999950335166,0.1882352977991104,0.20392157137393951,0.18431372940540314,calibrated_uv_reprojection_plus_stereo_left
-71.2577896118164,-123.66159057617188,-456.481201171875,219.8595524812386,353.8335436971325,83.0404795237979,255.99999675067377,130.99999470767312,0.16862745583057404,0.1882352977991104,0.16470588743686676,calibrated_uv_reprojection_plus_stereo_left
-70.15679931640625,-123.41891479492188,-455.56146240234375,218.67020759235146,353.2391199515348,83.69625455332732,256.99999695304956,131.00000132814776,0.16862745583057404,0.1921568661928177,0.16862745583057404,calibrated_uv_reprojection_plus_stereo_left
-69.01981353759766,-123.10538482666016,-454.3802795410156,217.3004735574935,352.71726010696415,84.53114972079203,258.00000170412216,131.00000366802612,0.13333334028720856,0.1568627506494522,0.15294118225574493,calibrated_uv_reprojection_plus_stereo_left
-67.90540313720703,-122.82392883300781,-453.31756591796875,216.01605397139298,352.1679780970917,85.28471961992722,258.9999990034746,130.99999755019746,0.23137255012989044,0.2549019753932953,0.250980406999588,calibrated_uv_reprojection_plus_stereo_left
-66.90733337402344,-122.7479476928711,-453.0133361816406,215.26174830280587,351.41856823411206,85.51832372216955,260.00000450623037,131.0000058059128,0.49803921580314636,0.5372549295425415,0.529411792755127,calibrated_uv_reprojection_plus_stereo_left
-65.92168426513672,-122.69295501708984,-452.7865295410156,214.56187820333128,350.64919795556693,85.69884666839909,260.999996654396,130.99999664285008,0.5372549295425415,0.5803921818733215,0.572549045085907,calibrated_uv_reprojection_plus_stereo_left
-64.96219635009766,-122.68584442138672,-452.7364807128906,213.98499877378714,349.8323638843476,85.75821699891713,262.0000013127851,130.9999996328189,0.5411764979362488,0.5803921818733215,0.5882353186607361,calibrated_uv_reprojection_plus_stereo_left
-64.00312805175781,-122.67940521240234,-452.68890380859375,213.40987151461417,349.01491204245417,85.81589271200562,263.00000270228566,131.0000005675931,0.5411764979362488,0.5803921818733215,0.5921568870544434,calibrated_uv_reprojection_plus_stereo_left
-63.02284622192383,-122.6315689086914,-452.48858642578125,212.72924969747612,348.2396943073591,85.97821651538504,264.0000003086826,131.00000317365794,0.5333333611488342,0.5803921818733215,0.5921568870544434,calibrated_uv_reprojection_plus_stereo_left
-62.06673812866211,-122.63011932373047,-452.45941162109375,212.16706618636022,347.4175047847207,86.02327612651578,265.000000417475,130.99999882352625,0.5333333611488342,0.5803921818733215,0.5921568870544434,calibrated_uv_reprojection_plus_stereo_left
-61.11014175415039,-122.62772369384766,-452.4267578125,211.60247457405427,346.5962741012803,86.07071783689207,265.99999803843207,130.99999782402844,0.529411792755127,0.5843137502670288,0.5882353186607361,calibrated_uv_reprojection_plus_stereo_left
-60.1641731262207,-122.64701080322266,-452.47412109375,211.0928671133658,345.7524976714349,86.06334584193473,267.00000176299915,131.00000379045508,0.529411792755127,0.5843137502670288,0.5882353186607361,calibrated_uv_reprojection_plus_stereo_left
-59.20844268798828,-122.64678955078125,-452.449462890625,210.5336628381604,344.92884053141324,86.10531882704879,267.9999990786775,130.99999676771083,0.5333333611488342,0.5843137502670288,0.5803921818733215,calibrated_uv_reprojection_plus_stereo_left
-58.251773834228516,-122.64466857910156,-452.4178466796875,209.96965866611532,344.10713737795413,86.152051219616,268.99999930488804,131.00000414889251,0.5254902243614197,0.5764706134796143,0.572549045085907,calibrated_uv_reprojection_plus_stereo_left
-57.29490661621094,-122.64215850830078,-452.3847351074219,209.40463892017516,343.2858491278987,86.19981624172704,269.99999786478037,130.9999945615665,0.5254902243614197,0.572549045085907,0.5843137502670288,calibrated_uv_reprojection_plus_stereo_left
-56.342159271240234,-122.64862060546875,-452.384765625,208.86222468811746,342.4549810975696,86.22488015322199,271.00000024092316,130.9999987984873,0.5254902243614197,0.572549045085907,0.5843137502670288,calibrated_uv_reprojection_plus_stereo_left
-55.40182113647461,-122.6828842163086,-452.4873046875,208.3895749272085,341.59417195987555,86.17976309447715,272.0000004287478,130.9999952903295,0.5215686559677124,0.5686274766921997,0.5803921818733215,calibrated_uv_reprojection_plus_stereo_left
-54.45206069946289,-122.69721221923828,-452.5163269042969,207.86659367006757,340.7543803117179,86.18499175845085,273.00000076619926,130.99999788352966,0.5098039507865906,0.5568627715110779,0.5686274766921997,calibrated_uv_reprojection_plus_stereo_left
-53.50323486328125,-122.71428680419922,-452.55548095703125,207.3503392637623,339.9113760985317,86.18328981681458,273.99999810473173,131.00000312500777,0.5058823823928833,0.5529412031173706,0.5647059082984924,calibrated_uv_reprojection_plus_stereo_left
-52.55267333984375,-122.7280502319336,-452.5823974609375,206.8256160281141,339.07172202999436,86.1899759546144,275.0000015404907,131.00000293380103,0.5058823823928833,0.5529412031173706,0.5647059082984924,calibrated_uv_reprojection_plus_stereo_left
-51.58169937133789,-122.6938705444336,-452.4324951171875,206.18113372532463,338.28457156266745,86.31770212214997,276.00000079227976,130.9999963067473,0.5058823823928833,0.5529412031173706,0.5647059082984924,calibrated_uv_reprojection_plus_stereo_left
-50.65975570678711,-122.7773208618164,-452.7164001464844,205.82987020849907,337.36769375583754,86.14849592301465,277.0000017242745,131.0000062521542,0.501960813999176,0.5490196347236633,0.5568627715110779,calibrated_uv_reprojection_plus_stereo_left
-49.73264694213867,-122.8513412475586,-452.9654541015625,205.45436083033576,336.4601637839328,86.00318296592741,278.0000001602321,131.00000246305618,0.501960813999176,0.545098066329956,0.5372549295425415,calibrated_uv_reprojection_plus_stereo_left
-48.80672836303711,-122.93138122558594,-453.2366638183594,205.09308109350582,335.5448612056575,85.84274097219719,278.9999999585297,130.99999640516242,0.48235294222831726,0.5215686559677124,0.5176470875740051,calibrated_uv_reprojection_plus_stereo_left
-47.94845962524414,-123.18853759765625,-454.16082763671875,205.16966053313212,334.4289255417873,85.23553806437019,279.99999802940636,130.99999286228925,0.40784314274787903,0.43529412150382996,0.4313725531101227,calibrated_uv_reprojection_plus_stereo_left
-47.046592712402344,-123.3420181274414,-454.7027282714844,204.98761841252372,333.42697039511154,84.88998404503371,281.00000013976677,131.00000085900282,0.2549019753932953,0.2705882489681244,0.25882354378700256,calibrated_uv_reprojection_plus_stereo_left
-46.39787292480469,-124.17955017089844,-457.76617431640625,206.49188029800604,331.6431498647562,82.8193733405131,282.0000007441611,131.00000037698285,0.3176470696926117,0.3019607961177826,0.2666666805744171,calibrated_uv_reprojection_plus_stereo_left
-53.18214416503906,-145.37059020996094,-535.85498046875,258.11337613858103,306.50962168846684,29.424390875012932,283.00000071972624,130.99999937705874,0.5803921818733215,0.545098066329956,0.4941176474094391,calibrated_uv_reprojection_plus_stereo_left
-73.46751403808594,-124.80937957763672,-464.3638000488281,225.21821977088337,353.03106678215556,77.10646531301154,254.99999983938895,131.9999926723322,0.19607843458652496,0.21176470816135406,0.18431372940540314,calibrated_uv_reprojection_plus_stereo_left
-71.53604125976562,-123.17039489746094,-458.2418212890625,220.38381826823786,353.7756274588868,81.33596392450164,255.99999646576276,131.99999644410303,0.16470588743686676,0.18039216101169586,0.16078431904315948,calibrated_uv_reprojection_plus_stereo_left
-70.39451599121094,-122.8653564453125,-457.0830383300781,219.02693907987043,353.23992468231967,82.15693037698998,257.0000039822237,132.00000553041465,0.16470588743686676,0.18431372940540314,0.16470588743686676,calibrated_uv_reprojection_plus_stereo_left
-69.09171295166016,-122.26651763916016,-454.83135986328125,216.91153728396444,352.9971753135766,83.72813238044324,257.99999731680964,131.99999329426282,0.1411764770746231,0.16470588743686676,0.1568627506494522,calibrated_uv_reprojection_plus_stereo_left
-67.8855972290039,-121.82440185546875,-453.1629333496094,215.20698605669924,352.6073423827477,84.8986726422757,258.99999967993955,131.9999923984923,0.16078431904315948,0.18431372940540314,0.18039216101169586,calibrated_uv_reprojection_plus_stereo_left
-66.82257080078125,-121.63016510009766,-452.416748046875,214.14649940195756,351.97639922961713,85.43594289800325,260.0000009683496,132.00000744771685,0.45098039507865906,0.4901960790157318,0.48235294222831726,calibrated_uv_reprojection_plus_stereo_left
-65.8445816040039,-121.58743286132812,-452.23406982421875,213.4782077362018,351.1960340341142,85.58635116835177,261.00000559685634,132.0000012517062,0.5333333611488342,0.5764706134796143,0.5686274766921997,calibrated_uv_reprojection_plus_stereo_left
-64.84344482421875,-121.50013732910156,-451.88568115234375,212.69564353743175,350.46122987508363,85.85047607319132,262.00000388538535,131.99999912906952,0.5372549295425415,0.5764706134796143,0.5882353186607361,calibrated_uv_reprojection_plus_stereo_left
-63.858612060546875,-121.44131469726562,-451.6432189941406,211.98698147723468,349.6986177078344,86.04186909598343,262.9999973796664,131.99999757433932,0.5411764979362488,0.5803921818733215,0.5921568870544434,calibrated_uv_reprojection_plus_stereo_left
-62.97566604614258,-121.57749938964844,-452.1260070800781,211.77875706611349,348.73711762038624,85.73554052951522,264.0000000903723,132.0000043561259,0.5333333611488342,0.5803921818733215,0.5921568870544434,calibrated_uv_reprojection_plus_stereo_left
-62.02962112426758,-121.59427642822266,-452.1646728515625,211.2636801477458,347.8967929030676,85.73402316517206,265.00000023027826,132.0000013583782,0.5333333611488342,0.5803921818733215,0.5921568870544434,calibrated_uv_reprojection_plus_stereo_left
-61.087257385253906,-121.61898803710938,-452.23284912109375,210.76869904236048,347.04797167982593,85.71226392815737,265.9999992293109,132.00000226618604,0.5254902243614197,0.5882353186607361,0.5843137502670288,calibrated_uv_reprojection_plus_stereo_left
-60.143699645996094,-121.64216613769531,-452.2952880859375,210.26954297118527,346.20038276846935,85.69445563177146,266.9999988541036,131.99999625490116,0.5254902243614197,0.5882353186607361,0.5843137502670288,calibrated_uv_reprojection_plus_stereo_left
-59.16893005371094,-121.6020278930664,-452.1223449707031,209.60901499721462,345.4189674791726,85.83812849091129,267.99999973546505,132.00000187956337,0.5333333611488342,0.5803921818733215,0.5921568870544434,calibrated_uv_reprojection_plus_stereo_left
-58.21637725830078,-121.6070785522461,-452.1174011230469,209.06362714269147,344.5902706683569,85.86654780264439,269.0000007004614,132.00000158109216,0.529411792755127,0.5764706134796143,0.5882353186607361,calibrated_uv_reprojection_plus_stereo_left
-57.265838623046875,-121.61666870117188,-452.12933349609375,208.5296806710395,343.7566350408281,85.88339443123601,270.00000231361116,132.00000213170776,0.5254902243614197,0.572549045085907,0.5843137502670288,calibrated_uv_reprojection_plus_stereo_left
-56.3068733215332,-121.60847473144531,-452.07513427734375,207.9505963256649,342.9418868288842,85.94560455497623,270.9999997056279,131.9999984517436,0.5254902243614197,0.572549045085907,0.5843137502670288,calibrated_uv_reprojection_plus_stereo_left
-55.3818473815918,-121.6746597290039,-452.29742431640625,207.55950557074345,342.0470390296048,85.81819723431641,271.9999973592455,131.99999492176633,0.5215686559677124,0.5686274766921997,0.5882353186607361,calibrated_uv_reprojection_plus_stereo_left
-54.42567443847656,-121.67363739013672,-452.2698974609375,206.99827732889185,341.224146510301,85.86212452230097,272.9999993054955,131.99999835227425,0.5137255191802979,0.5607843399047852,0.5803921818733215,calibrated_uv_reprojection_plus_stereo_left
-53.47010040283203,-121.67404174804688,-452.2476501464844,206.4406153022726,340.39967910476213,85.90243550955012,273.9999986695535,131.9999954028866,0.5058823823928833,0.5529412031173706,0.5647059082984924,calibrated_uv_reprojection_plus_stereo_left
-52.511714935302734,-121.66804504394531,-452.2016296386719,205.86684620889338,339.5821940337503,85.9590448375788,274.9999988703679,131.9999977386494,0.5058823823928833,0.5529412031173706,0.5647059082984924,calibrated_uv_reprojection_plus_stereo_left
-51.539920806884766,-121.63028717041016,-452.0375671386719,205.21343288801444,338.79984844911723,86.09657982727236,275.999999151384,131.99999916927143,0.501960813999176,0.5490196347236633,0.5607843399047852,calibrated_uv_reprojection_plus_stereo_left
-50.590484619140625,-121.64496612548828,-452.0683898925781,204.69163718580018,337.9596799694099,86.1005027785331,276.99999872915225,132.0000008676182,0.49803921580314636,0.545098066329956,0.5568627715110779,calibrated_uv_reprojection_plus_stereo_left
-49.64861297607422,-121.67887115478516,-452.1706237792969,204.21771769436629,337.0977728656383,86.05548715565021,278.0000010974019,131.9999947012339,0.4941176474094391,0.5333333611488342,0.545098066329956,calibrated_uv_reprojection_plus_stereo_left
-48.72364807128906,-121.75643920898438,-452.4351501464844,203.8524176358609,336.18622673651,85.89924183181517,278.9999992093177,132.00000516065796,0.48235294222831726,0.5176470875740051,0.5254902243614197,calibrated_uv_reprojection_plus_stereo_left
-47.92680358886719,-122.16382598876953,-453.92510986328125,204.30763798609934,334.90021555123656,84.90318235255853,280.0000024657505,132.0000028975956,0.3921568691730499,0.4156862795352936,0.40784314274787903,calibrated_uv_reprojection_plus_stereo_left
-47.04501724243164,-122.36702728271484,-454.65625,204.2515856252794,333.84118992461805,84.42730929599554,280.9999999594936,131.99999902185002,0.239215686917305,0.2549019753932953,0.24705882370471954,calibrated_uv_reprojection_plus_stereo_left
-46.44644546508789,-123.33085632324219,-458.2132873535156,206.08069690006215,331.90797494119045,82.01509870438304,281.99999858387764,131.999996300908,0.30980393290519714,0.30588236451148987,0.27843138575553894,calibrated_uv_reprojection_plus_stereo_left
-50.02363586425781,-135.6602325439453,-503.9943542480469,236.04570942573338,316.86396580436576,50.67197247902891,282.99999934814224,131.9999961672418,0.6352941393852234,0.6117647290229797,0.5647059082984924,calibrated_uv_reprojection_plus_stereo_left
-73.24762725830078,-123.45191192626953,-462.9521179199219,223.51363026815744,353.8029708196683,77.57339288574406,254.99999862381364,132.99999515132313,0.20000000298023224,0.21960784494876862,0.1882352977991104,calibrated_uv_reprojection_plus_stereo_left
-71.54886627197266,-122.21831512451172,-458.3021240234375,219.71686202595953,354.16243548259877,80.79704182122697,256.00000036124743,132.9999953329389,0.15294118225574493,0.1764705926179886,0.14901961386203766,calibrated_uv_reprojection_plus_stereo_left
-70.40859985351562,-121.91807556152344,-457.15240478515625,218.3679630788838,353.62325996799984,81.61300171791424,257.0000032340147,132.99999889721096,0.1568627506494522,0.18039216101169586,0.1568627506494522,calibrated_uv_reprojection_plus_stereo_left
-69.15132141113281,-121.40414428710938,-455.2015686035156,216.46497067777767,353.2991867904767,82.9797317132788,258.0000057549305,133.0000018914689,0.14901961386203766,0.16862745583057404,0.1568627506494522,calibrated_uv_reprojection_plus_stereo_left
-67.93118286132812,-120.94192504882812,-453.44482421875,214.70122625278003,352.9306657292698,84.21279115917781,259.00000292626004,133.00000733605498,0.125490203499794,0.14901961386203766,0.1411764770746231,calibrated_uv_reprojection_plus_stereo_left
-66.8257064819336,-120.67364501953125,-452.415283203125,213.44527662000985,352.3742453426761,84.94568449026531,259.999995150162,132.99999311696854,0.364705890417099,0.40784314274787903,0.4000000059604645,calibrated_uv_reprojection_plus_stereo_left
-65.80585479736328,-120.55453491210938,-451.9451599121094,212.57846061013896,351.67104403422434,85.29386124030412,261.00000447561763,133.00000488107065,0.5176470875740051,0.5647059082984924,0.5568627715110779,calibrated_uv_reprojection_plus_stereo_left
-64.8383560180664,-120.5293197631836,-451.8269958496094,211.95562976295304,350.8741571783728,85.40004991285514,262.0000014586427,132.99999719235728,0.5372549295425415,0.5803921818733215,0.5882353186607361,calibrated_uv_reprojection_plus_stereo_left
-63.84477996826172,-120.4542236328125,-451.52191162109375,211.20420283291372,350.1285322344337,85.6347076989012,262.99999931537303,133.00000336236627,0.5372549295425415,0.5803921818733215,0.5921568870544434,calibrated_uv_reprojection_plus_stereo_left
-62.960899353027344,-120.58704376220703,-451.99615478515625,210.9894513824562,349.17004681336766,85.33368909428822,263.9999988020988,133.00000032095613,0.5333333611488342,0.5803921818733215,0.5921568870544434,calibrated_uv_reprojection_plus_stereo_left
-62.00828170776367,-120.59036254882812,-451.9849548339844,210.44017769034383,348.34379376759045,85.366357678378,264.9999978600533,132.9999956736791,0.5333333611488342,0.5803921818733215,0.5921568870544434,calibrated_uv_reprojection_plus_stereo_left
-61.07316970825195,-120.62844848632812,-452.1040954589844,209.98017420537684,347.48121220077235,85.30945166950744,266.00000259261674,133.00000193924865,0.5333333611488342,0.5803921818733215,0.5960784554481506,calibrated_uv_reprojection_plus_stereo_left
-60.12709426879883,-120.64582824707031,-452.1455993652344,209.4666913537,346.6398022429835,85.30591396633537,267.0000012308911,133.00000259305932,0.5333333611488342,0.5803921818733215,0.6000000238418579,calibrated_uv_reprojection_plus_stereo_left
-59.14988708496094,-120.60038757324219,-451.95166015625,208.7922216388273,345.8644483279826,85.46416047266706,267.9999993566148,132.99999912878394,0.5333333611488342,0.5803921818733215,0.5921568870544434,calibrated_uv_reprojection_plus_stereo_left
-58.19774627685547,-120.6054916381836,-451.9471740722656,208.24729815706854,345.03595696136176,85.49222189231034,269.00000049766754,133.0000038328232,0.529411792755127,0.5764706134796143,0.5882353186607361,calibrated_uv_reprojection_plus_stereo_left
-57.243900299072266,-120.6072769165039,-451.9302062988281,207.69381721207588,344.21091509322906,85.52886726245606,270.0000011364115,132.9999966124597,0.5254902243614197,0.572549045085907,0.5843137502670288,calibrated_uv_reprojection_plus_stereo_left
-56.289756774902344,-120.60856628417969,-451.9114074707031,207.13904702792507,343.38634179457125,85.56676832713919,270.9999990793847,132.99999743696537,0.5215686559677124,0.5686274766921997,0.5803921818733215,calibrated_uv_reprojection_plus_stereo_left
-55.36838150024414,-120.68142700195312,-452.1607666015625,206.76610454523103,342.484187195004,85.42047800429089,272.0000013253248,132.99999857088437,0.5215686559677124,0.5686274766921997,0.5803921818733215,calibrated_uv_reprojection_plus_stereo_left
-54.413490295410156,-120.68260192871094,-452.14154052734375,206.21064494486524,341.65913312074275,85.45868821493718,273.00000199847875,133.00000464019934,0.5137255191802979,0.5607843399047852,0.572549045085907,calibrated_uv_reprojection_plus_stereo_left
-53.458824157714844,-120.68443298339844,-452.1247253417969,205.65678943839356,340.83331587596433,85.4952505364974,273.99999980853704,132.9999979561817,0.5058823823928833,0.5529412031173706,0.5647059082984924,calibrated_uv_reprojection_plus_stereo_left
-52.50154495239258,-120.68042755126953,-452.0860595703125,205.0881472760097,340.01387171724787,85.54681786238115,275.0000004313524,132.9999956258737,0.5058823823928833,0.5529412031173706,0.5647059082984924,calibrated_uv_reprojection_plus_stereo_left
-51.533164978027344,-120.65038299560547,-451.94989013671875,204.4538477387572,339.22335042009956,85.66533164902933,276.00000344099504,133.00000364492524,0.5058823823928833,0.5529412031173706,0.5647059082984924,calibrated_uv_reprojection_plus_stereo_left
-50.58476638793945,-120.6669692993164,-451.98834228515625,203.93719103124113,338.38111940788735,85.66394550465901,276.9999978872877,132.99999579088308,0.501960813999176,0.5490196347236633,0.5607843399047852,calibrated_uv_reprojection_plus_stereo_left
-49.65166473388672,-120.72149658203125,-452.1689453125,203.5157312302132,337.49595959587646,85.56496711701823,277.9999991328411,133.00000151079684,0.48627451062202454,0.5333333611488342,0.545098066329956,calibrated_uv_reprojection_plus_stereo_left
-48.732051849365234,-120.81172180175781,-452.4831848144531,203.18327575730848,336.5696547891166,85.37427750202414,278.99999856144245,132.99999532804208,0.46666666865348816,0.5098039507865906,0.5176470875740051,calibrated_uv_reprojection_plus_stereo_left
-47.92105484008789,-121.18032836914062,-453.8399963378906,203.54704822442244,335.3253441428064,84.46795999421255,279.99999820630774,132.9999961661804,0.3529411852359772,0.3764705955982208,0.3686274588108063,calibrated_uv_reprojection_plus_stereo_left
-47.06151580810547,-121.43885803222656,-454.7844543457031,203.63226546410021,334.20194561692017,83.84482606034686,281.0000015400572,133.00000434570666,0.239215686917305,0.2549019753932953,0.24313725531101227,calibrated_uv_reprojection_plus_stereo_left
-46.461360931396484,-122.3915786743164,-458.328369140625,205.44690511809046,332.2756834844613,81.43772118068426,282.0000016508054,133.0000051010785,0.30588236451148987,0.29019609093666077,0.2705882489681244,calibrated_uv_reprojection_plus_stereo_left
-50.06230926513672,-134.68768310546875,-504.3480224609375,235.49939903516298,317.1979632705953,49.88103282963118,283.00000189395587,132.9999979230622,0.6823529601097107,0.6509804129600525,0.6117647290229797,calibrated_uv_reprojection_plus_stereo_left
-73.47061920166016,-122.84091186523438,-464.339599609375,223.76449152107443,353.8529492473603,76.11501373916622,254.99999830793428,133.99999973212485,0.22745098173618317,0.239215686917305,0.1921568661928177,calibrated_uv_reprojection_plus_stereo_left
-71.58502960205078,-121.30549621582031,-458.5118713378906,219.15369435696783,354.510678559482,80.1550322255452,255.99999870002557,134.00000338898096,0.15294118225574493,0.16862745583057404,0.1411764770746231,calibrated_uv_reprojection_plus_stereo_left
-70.36688995361328,-120.8746337890625,-456.8595275878906,217.45712581461243,354.10115996830916,81.31842123555947,257.00000354833196,134.00000611298472,0.14901961386203766,0.16862745583057404,0.14901961386203766,calibrated_uv_reprojection_plus_stereo_left
-69.2092514038086,-120.5372543334961,-455.56060791015625,216.00952282712154,353.6047907315787,82.23822141541655,258.00000068784806,133.99999354143984,0.14509804546833038,0.16862745583057404,0.1568627506494522,calibrated_uv_reprojection_plus_stereo_left
-67.98252868652344,-120.06842041015625,-453.7651062011719,214.22117600725494,353.24433710332613,83.49986059867803,259.0000016360769,134.00000348170937,0.12156862765550613,0.14509804546833038,0.13725490868091583,calibrated_uv_reprojection_plus_stereo_left
-66.83656311035156,-119.73094940185547,-452.4661560058594,212.7801971227397,352.7581612973842,84.41937209191957,260.0000001136611,133.99999811664873,0.25882354378700256,0.2980392277240753,0.29019609093666077,calibrated_uv_reprojection_plus_stereo_left
-65.80599975585938,-119.593505859375,-451.9232177734375,211.86377477890613,352.0739952220771,84.81817070153886,261.0000012587915,133.9999957946747,0.48235294222831726,0.529411792755127,0.5215686559677124,calibrated_uv_reprojection_plus_stereo_left
-64.81553649902344,-119.52603912353516,-451.644775390625,211.13071157005538,351.3203243305565,85.03479855654342,262.0000004856959,134.00000076296834,0.5333333611488342,0.5764706134796143,0.5843137502670288,calibrated_uv_reprojection_plus_stereo_left
-63.83137893676758,-119.46844482421875,-451.4036560058594,210.42389237827842,350.5574090030719,85.22570449586783,262.9999999056631,134.000004405601,0.5333333611488342,0.5764706134796143,0.5882353186607361,calibrated_uv_reprojection_plus_stereo_left
-62.94860076904297,-119.60181427001953,-451.884033203125,210.21270397930664,349.5979045809679,84.91990564442938,263.9999974838713,133.9999993469118,0.5333333611488342,0.5803921818733215,0.5921568870544434,calibrated_uv_reprojection_plus_stereo_left
-61.99959182739258,-119.61160278320312,-451.8974914550781,209.68041018080947,348.76508132792196,84.93556617755428,265.0000008509472,134.00000220083552,0.5333333611488342,0.5803921818733215,0.5921568870544434,calibrated_uv_reprojection_plus_stereo_left
-61.05445098876953,-119.62935638427734,-451.9410095214844,209.1685682110121,347.9237546850369,84.93054514726913,265.9999966134051,133.99999777628085,0.5333333611488342,0.5803921818733215,0.5921568870544434,calibrated_uv_reprojection_plus_stereo_left
-60.10551452636719,-119.64022064208984,-451.95849609375,208.63876521448088,347.08940085487257,84.94344861442943,266.9999998779413,133.99999398198491,0.5333333611488342,0.5803921818733215,0.5921568870544434,calibrated_uv_reprojection_plus_stereo_left
-59.13526916503906,-119.60840606689453,-451.8147888183594,207.9989898316939,346.30013972232115,85.06728577745508,267.99999703421867,133.9999980941177,0.529411792755127,0.5764706134796143,0.5882353186607361,calibrated_uv_reprojection_plus_stereo_left
-58.180023193359375,-119.60648345947266,-451.78399658203125,207.436287886228,345.47935641878234,85.11341091745129,268.99999764825134,134.00000058962394,0.529411792755127,0.5764706134796143,0.5882353186607361,calibrated_uv_reprojection_plus_stereo_left
-57.22896194458008,-119.61334228515625,-451.786376953125,206.89610120218208,344.6491197027668,85.13671041856293,270.00000200809217,134.000004488766,0.529411792755127,0.5764706134796143,0.5882353186607361,calibrated_uv_reprojection_plus_stereo_left
-56.2765007019043,-119.61754608154297,-451.7786865234375,206.34901275862757,343.8216358023773,85.1669480701189,270.99999791928695,133.9999974353674,0.5215686559677124,0.5686274766921997,0.5803921818733215,calibrated_uv_reprojection_plus_stereo_left
-55.35757064819336,-119.69448852539062,-452.0457458496094,205.98776244520423,342.91487082478574,85.0081634032893,271.9999976302675,134.00000236217664,0.5098039507865906,0.5568627715110779,0.5686274766921997,calibrated_uv_reprojection_plus_stereo_left
-54.40395736694336,-119.69793701171875,-452.03521728515625,205.438288728362,342.08750717113224,85.04037002533414,273.0000034165723,134.0000048169745,0.5098039507865906,0.5568627715110779,0.5686274766921997,calibrated_uv_reprojection_plus_stereo_left
-53.449405670166016,-119.69950103759766,-452.0175476074219,204.8839509016222,341.26214346583913,85.07749425951187,274.00000362426664,134.00000102514355,0.5058823823928833,0.5529412031173706,0.5647059082984924,calibrated_uv_reprojection_plus_stereo_left
-52.49629211425781,-119.7044906616211,-452.0128173828125,204.33828416370642,340.43292342170844,85.1057196018175,274.99999902100694,133.99999882461202,0.5058823823928833,0.5529412031173706,0.5647059082984924,calibrated_uv_reprojection_plus_stereo_left
-51.51791763305664,-119.65110778808594,-451.7876892089844,203.6444654477222,339.66873343498384,85.28552497539329,275.99999956152783,134.000000090726,0.501960813999176,0.5490196347236633,0.5607843399047852,calibrated_uv_reprojection_plus_stereo_left
-50.580596923828125,-119.69296264648438,-451.9221496582031,203.1922711866273,338.7983044115473,85.21802501927095,276.9999979284954,133.99999625560503,0.49803921580314636,0.545098066329956,0.5568627715110779,calibrated_uv_reprojection_plus_stereo_left
-49.651641845703125,-119.75672149658203,-452.1393127441406,202.7950305342307,337.9025055043451,85.09367134229348,278.00000226227485,133.9999985790876,0.49803921580314636,0.5411764979362488,0.5529412031173706,calibrated_uv_reprojection_plus_stereo_left
-48.73963928222656,-119.8647689819336,-452.5236511230469,202.5089061772835,336.9554556561153,84.85439855540193,278.99999997134137,134.00000065867272,0.4745098054409027,0.5137255191802979,0.5254902243614197,calibrated_uv_reprojection_plus_stereo_left
-47.92015075683594,-120.20934295654297,-453.80084228515625,202.81735914316658,335.73640413981013,84.00131296781922,280.00000167180224,133.99999948119813,0.3176470696926117,0.3333333432674408,0.3294117748737335,calibrated_uv_reprojection_plus_stereo_left
-47.0764045715332,-120.5060043334961,-454.89703369140625,203.00214505526515,334.5676943395691,83.27280429981391,280.999997527148,133.99999878919144,0.2549019753932953,0.26274511218070984,0.2549019753932953,calibrated_uv_reprojection_plus_stereo_left
-46.503028869628906,-121.52171325683594,-458.7073059082031,204.98812823751035,332.56270042009726,80.67871412404355,282.00000303293075,134.0000020467088,0.3294117748737335,0.29019609093666077,0.2549019753932953,calibrated_uv_reprojection_plus_stereo_left
-50.48634719848633,-134.74208068847656,-508.5836181640625,237.52745225119435,316.3352812914393,46.42102699626474,282.99999858202176,134.0000026827937,0.7764706015586853,0.729411780834198,0.6823529601097107,calibrated_uv_reprojection_plus_stereo_left
-73.69775390625,-122.23088073730469,-465.7531433105469,224.02917808317295,353.89869093000016,74.63563563103406,254.99999990082654,134.99999921263668,0.25882354378700256,0.2549019753932953,0.1764705926179886,calibrated_uv_reprojection_plus_stereo_left
-71.63219451904297,-120.4102783203125,-458.7920837402344,218.63879380154265,354.84111129578656,79.46394757638706,256.00000059509006,135.00000453306416,0.16078431904315948,0.1725490242242813,0.13333334028720856,calibrated_uv_reprojection_plus_stereo_left
-70.38645935058594,-119.93685150146484,-456.9645080566406,216.82294437061654,354.4751798858723,80.75000076334203,257.0000023588608,135.0000015846315,0.14901961386203766,0.16470588743686676,0.1411764770746231,calibrated_uv_reprojection_plus_stereo_left
-69.28279113769531,-119.69578552246094,-456.02239990234375,215.6240300771479,353.8841482527451,81.42503367129609,258.00000268358104,135.00000481815727,0.1411764770746231,0.16470588743686676,0.15294118225574493,calibrated_uv_reprojection_plus_stereo_left
-68.031982421875,-119.19022369384766,-454.0727233886719,213.73137705412404,353.5619144307361,82.7949631294851,258.99999968579414,135.000000787261,0.125490203499794,0.14901961386203766,0.1411764770746231,calibrated_uv_reprojection_plus_stereo_left
-66.85671997070312,-118.80455017089844,-452.5799560546875,212.1583448599793,353.12547762219316,83.84954335326444,260.00000127444196,134.9999973105446,0.1882352977991104,0.22745098173618317,0.21960784494876862,calibrated_uv_reprojection_plus_stereo_left
-65.79694366455078,-118.61595916748047,-451.8381042480469,211.10565563997199,352.4937932318396,84.38608106142578,260.9999998965475,135.00000127930883,0.43921568989753723,0.48235294222831726,0.4745098054409027,calibrated_uv_reprojection_plus_stereo_left
-64.8044662475586,-118.5450210571289,-451.5444641113281,210.36262675324934,351.744141371737,84.61345196514907,262.00000317194474,135.00000307137213,0.5333333611488342,0.5764706134796143,0.5803921818733215,calibrated_uv_reprojection_plus_stereo_left
-63.82819747924805,-118.50212860107422,-451.357666015625,209.69350857830335,350.9665136128791,84.76712184905716,262.9999984719662,135.00000294739885,0.5333333611488342,0.5764706134796143,0.5882353186607361,calibrated_uv_reprojection_plus_stereo_left
-62.93776321411133,-118.61981201171875,-451.7824401855469,209.44350213292643,350.02269582642776,84.49910069159671,264.000000474664,134.99999671645952,0.529411792755127,0.5764706134796143,0.5882353186607361,calibrated_uv_reprojection_plus_stereo_left
-61.99201202392578,-118.63533020019531,-451.818115234375,208.92643763833348,349.18399944899295,84.49938588650718,265.0000020194231,135.00000170909294,0.5333333611488342,0.5803921818733215,0.5921568870544434,calibrated_uv_reprojection_plus_stereo_left
-61.03849411010742,-118.63632202148438,-451.7984619140625,208.3714562930095,348.3603366259457,84.53782150646441,266.00000179035305,135.00000644484976,0.5333333611488342,0.5803921818733215,0.5921568870544434,calibrated_uv_reprojection_plus_stereo_left
-60.089561462402344,-118.64649200439453,-451.813720703125,207.8402280568165,347.5269084088278,84.55219767006872,266.9999986676763,135.00000086894494,0.529411792755127,0.5764706134796143,0.5882353186607361,calibrated_uv_reprojection_plus_stereo_left
-59.11598205566406,-118.60763549804688,-451.6423034667969,207.18195334860934,346.74556332270424,84.6952487490413,268.0000006914028,134.99999959531425,0.529411792755127,0.5764706134796143,0.5882353186607361,calibrated_uv_reprojection_plus_stereo_left
-58.1638298034668,-118.61128234863281,-451.63275146484375,206.63386661515233,345.9191091303751,84.72672194203591,268.99999974884963,135.0000016491743,0.529411792755127,0.5764706134796143,0.5882353186607361,calibrated_uv_reprojection_plus_stereo_left
-57.214324951171875,-118.62063598632812,-451.6449279785156,206.1004407311279,345.08640005457255,84.74322295997001,270.00000089661035,135.0000044363308,0.529411792755127,0.5764706134796143,0.5882353186607361,calibrated_uv_reprojection_plus_stereo_left
-56.26495361328125,-118.63069152832031,-451.65972900390625,205.56868796528926,344.2527683670928,84.75792627041977,271.00000063852303,134.9999953835357,0.5215686559677124,0.5686274766921997,0.5803921818733215,calibrated_uv_reprojection_plus_stereo_left
-55.34840774536133,-118.71157836914062,-451.9442443847656,205.21889336265474,343.3414663012641,84.58677859238065,272.000000330137,135.00000259234804,0.5137255191802979,0.5607843399047852,0.572549045085907,calibrated_uv_reprojection_plus_stereo_left
-54.394588470458984,-118.71406555175781,-451.9302062988281,204.6671498901747,342.5153218765387,84.62137808584077,272.999996832625,134.99999266918854,0.5098039507865906,0.5568627715110779,0.5686274766921997,calibrated_uv_reprojection_plus_stereo_left
-53.44374084472656,-118.72334289550781,-451.94207763671875,204.13277111437594,341.68156415007934,84.63812120016826,274.0000015389045,135.00000025147733,0.5098039507865906,0.5568627715110779,0.5686274766921997,calibrated_uv_reprojection_plus_stereo_left
-52.49025344848633,-118.72708129882812,-451.9328308105469,203.58411052343598,340.85382448399844,84.66942132306315,274.99999915954777,134.9999996830186,0.5058823823928833,0.5529412031173706,0.5647059082984924,calibrated_uv_reprojection_plus_stereo_left
-51.50365447998047,-118.65478515625,-451.6341857910156,202.8413989825081,340.1112713469742,84.90007025315282,276.0000013450266,135.0000029089455,0.501960813999176,0.5490196347236633,0.5607843399047852,calibrated_uv_reprojection_plus_stereo_left
-50.576351165771484,-118.71904754638672,-451.85528564453125,202.44709822343788,339.2155769302016,84.77270465157648,276.99999821950485,134.99999604365752,0.49803921580314636,0.545098066329956,0.5568627715110779,calibrated_uv_reprojection_plus_stereo_left
-49.649803161621094,-118.7876968383789,-452.0931091308594,202.0633409756516,338.3139559316352,84.633842046614,278.0000007513859,135.00000407327514,0.5058823823928833,0.545098066329956,0.5568627715110779,calibrated_uv_reprojection_plus_stereo_left
-48.741024017333984,-118.90250396728516,-452.5065002441406,201.79599818043113,337.35862713029894,84.37411017005411,278.99999837893375,134.99999375487724,0.47843137383461,0.5137255191802979,0.5254902243614197,calibrated_uv_reprojection_plus_stereo_left
-47.92821502685547,-119.26081848144531,-453.8465881347656,202.14428383308638,336.1217612608283,83.47628017680853,280.0000019453121,135.0000045645735,0.27843138575553894,0.29411765933036804,0.29019609093666077,calibrated_uv_reprojection_plus_stereo_left
-47.10059356689453,-119.59628295898438,-455.0995178222656,202.431383486271,334.9063232419548,82.63862410122198,280.9999999100516,134.99999777629037,0.26274511218070984,0.2705882489681244,0.26274511218070984,calibrated_uv_reprojection_plus_stereo_left
-46.53630065917969,-120.6284408569336,-459.0033264160156,204.4731885127435,332.87574187964583,79.97596478623603,281.99999931004936,134.9999976504027,0.3294117748737335,0.3019607961177826,0.24313725531101227,calibrated_uv_reprojection_plus_stereo_left
-50.48716354370117,-133.65797424316406,-508.5555725097656,236.72025620591376,316.7913451869582,45.88710519675806,283.0000008973351,134.999998038949,0.8156862854957581,0.7764706015586853,0.7176470756530762,calibrated_uv_reprojection_plus_stereo_left
-74.49552917480469,-122.55359649658203,-470.772705078125,226.79181538954003,353.02642328167104,70.66114113759244,255.00000187754978,136.0000001762956,0.2666666805744171,0.2549019753932953,0.14509804546833038,calibrated_uv_reprojection_plus_stereo_left
-72.39434051513672,-120.70597076416016,-463.6513671875,221.29510810647378,353.9947666555935,75.60800480814555,255.99999986648953,136.00000337948399,0.18039216101169586,0.18431372940540314,0.12156862765550613,calibrated_uv_reprojection_plus_stereo_left
-70.92228698730469,-119.87117004394531,-460.42095947265625,218.50610187542054,353.9815905634552,77.8655845694546,256.999998036108,135.9999993206092,0.15294118225574493,0.16470588743686676,0.12941177189350128,calibrated_uv_reprojection_plus_stereo_left
-69.4697036743164,-119.04662322998047,-457.23028564453125,215.75217331630114,353.9697680533845,80.09535777462816,257.9999968467039,136.00000082471058,0.14509804546833038,0.16470588743686676,0.1411764770746231,calibrated_uv_reprojection_plus_stereo_left
-68.19168853759766,-118.50230407714844,-455.1161804199219,213.74770826995803,353.68680544371034,81.5810267265104,259.0000037760378,136.00000484886291,0.13725490868091583,0.1568627506494522,0.14509804546833038,calibrated_uv_reprojection_plus_stereo_left
-66.7954330444336,-117.73409271240234,-452.1424255371094,211.1568448597634,353.63879181587765,83.6603205214883,259.99999921158917,135.99999911144945,0.16862745583057404,0.2078431397676468,0.19607843458652496,calibrated_uv_reprojection_plus_stereo_left
-65.65637969970703,-117.40361785888672,-450.8500061035156,209.72766328382653,353.15387379257163,84.57790513967302,261.0000057193348,136.00000665286626,0.37254902720451355,0.4156862795352936,0.40392157435417175,calibrated_uv_reprojection_plus_stereo_left
-64.58806610107422,-117.19184875488281,-450.01348876953125,208.6140588948091,352.5513500250701,85.18046984877145,261.9999982367997,135.99999912871107,0.5176470875740051,0.5607843399047852,0.5686274766921997,calibrated_uv_reprojection_plus_stereo_left
-63.62101745605469,-117.16033172607422,-449.86920166015625,207.97609909622986,351.76491039940225,85.30486298630439,262.99999866330927,135.99999711780112,0.5333333611488342,0.5803921818733215,0.5921568870544434,calibrated_uv_reprojection_plus_stereo_left
-62.80510711669922,-117.41048431396484,-450.8064270019531,208.07724199862258,350.6849578504786,84.68236811033114,263.9999985242166,135.99999763911285,0.529411792755127,0.5764706134796143,0.5882353186607361,calibrated_uv_reprojection_plus_stereo_left
-61.873233795166016,-117.44830322265625,-450.9283142089844,207.62003370115957,349.82451787692895,84.62299543394857,264.99999946116907,135.99999579974283,0.5333333611488342,0.5803921818733215,0.5921568870544434,calibrated_uv_reprojection_plus_stereo_left
-60.95817184448242,-117.51979064941406,-451.1794738769531,207.2504501607968,348.9279040554239,84.4743767653008,265.99999872390526,136.0000019046765,0.5333333611488342,0.5803921818733215,0.5921568870544434,calibrated_uv_reprojection_plus_stereo_left
-60.051570892333984,-117.61022186279297,-451.5032958984375,206.92956573441631,348.0100902547797,84.27562652104098,267.00000107071025,135.9999990236621,0.529411792755127,0.5764706134796143,0.5882353186607361,calibrated_uv_reprojection_plus_stereo_left
-59.00913619995117,-117.43333435058594,-450.8009033203125,205.9116830844967,347.377389346495,84.78537654816836,268.0000005168337,135.9999962846999,0.529411792755127,0.5764706134796143,0.5882353186607361,calibrated_uv_reprojection_plus_stereo_left
-58.08279800415039,-117.48556518554688,-450.97808837890625,205.49101339959242,346.5000318949931,84.68787070592407,269.00000138244775,135.99999866900015,0.529411792755127,0.5764706134796143,0.5882353186607361,calibrated_uv_reprojection_plus_stereo_left
-57.153175354003906,-117.53287506103516,-451.1363525390625,205.05705048554637,345.62724999573874,84.60344968570672,270.00000017394933,135.99999816625137,0.529411792755127,0.5764706134796143,0.5882353186607361,calibrated_uv_reprojection_plus_stereo_left
-56.2141227722168,-117.56216430664062,-451.2254333496094,204.57594285813178,344.7734519712958,84.56679967932473,271.00000014576284,135.99999850915873,0.5254902243614197,0.572549045085907,0.5843137502670288,calibrated_uv_reprojection_plus_stereo_left
-55.32783126831055,-117.70480346679688,-451.7495422363281,204.38755634279687,343.7945874151344,84.22993082760081,272.00000032859134,136.0000002941462,0.5215686559677124,0.5686274766921997,0.5803921818733215,calibrated_uv_reprojection_plus_stereo_left
-54.36397171020508,-117.68463897705078,-451.6487731933594,203.77768922960013,342.99381536007365,84.32434625090025,273.0000017015361,135.99999822350838,0.5137255191802979,0.5607843399047852,0.572549045085907,calibrated_uv_reprojection_plus_stereo_left
-53.40332794189453,-117.67092895507812,-451.57281494140625,203.1846279990528,342.18609429824676,84.4016294571735,274.0000025117472,136.0000055001612,0.5137255191802979,0.5607843399047852,0.572549045085907,calibrated_uv_reprojection_plus_stereo_left
-52.43836212158203,-117.64713287353516,-451.4580993652344,202.56571432594563,341.3898394959265,84.50565737698952,274.9999999394898,135.99999707121142,0.5058823823928833,0.5529412031173706,0.5647059082984924,calibrated_uv_reprojection_plus_stereo_left
-51.43374252319336,-117.53194427490234,-450.99273681640625,201.71248689012418,340.6969020509162,84.85159116187037,276.00000162654254,135.99999832373283,0.501960813999176,0.5490196347236633,0.5607843399047852,calibrated_uv_reprojection_plus_stereo_left
-50.494964599609375,-117.56580352783203,-451.09930419921875,201.24209543743427,339.83646632933454,84.80292267627584,277.0000003565694,135.99999670084827,0.49803921580314636,0.545098066329956,0.5568627715110779,calibrated_uv_reprojection_plus_stereo_left
-49.54267501831055,-117.56900787353516,-451.0882568359375,200.69298896466915,339.01050213388567,84.83539966827482,278.0000004621878,135.99999957055076,0.48627451062202454,0.529411792755127,0.5411764979362488,calibrated_uv_reprojection_plus_stereo_left
-48.61797332763672,-117.63920593261719,-451.334228515625,200.3147855261351,338.10752149509676,84.69059924005381,279.0000020364216,136.000000685978,0.4470588266849518,0.4901960790157318,0.501960813999176,calibrated_uv_reprojection_plus_stereo_left
-47.79808807373047,-117.97101593017578,-452.5838317871094,200.60227439268425,336.9012656700313,83.85362064362914,280.00000110719554,136.00000531075762,0.25882354378700256,0.26274511218070984,0.250980406999588,calibrated_uv_reprojection_plus_stereo_left
-47.101173400878906,-118.626220703125,-455.0738525390625,201.70878037146156,335.3144425348181,82.16134046911162,281.0000003097912,135.99999458968637,0.27450981736183167,0.27450981736183167,0.2549019753932953,calibrated_uv_reprojection_plus_stereo_left
-46.57257080078125,-119.74160766601562,-459.32891845703125,203.97687946568016,333.18029290280924,79.25217084903852,281.9999999688345,135.99999671942027,0.32156863808631897,0.2862745225429535,0.2235294133424759,calibrated_uv_reprojection_plus_stereo_left
-48.56890106201172,-127.53474426269531,-489.19805908203125,223.1489224896158,323.1752038313038,58.681620399727535,283.00000028782836,135.99999667746175,0.8196078538894653,0.7803921699523926,0.7137255072593689,calibrated_uv_reprojection_plus_stereo_left
-74.51570129394531,-121.58615112304688,-470.8779296875,226.13629757272673,353.4131377439562,70.07726769353519,254.99999572138427,137.0000001134065,0.2705882489681244,0.239215686917305,0.125490203499794,calibrated_uv_reprojection_plus_stereo_left
-72.48236083984375,-119.86617279052734,-464.19293212890625,220.95201594169987,354.263255054013,74.7298351694838,255.99999823466723,137.00000299128612,0.20000000298023224,0.1882352977991104,0.12156862765550613,calibrated_uv_reprojection_plus_stereo_left
-71.03412628173828,-119.08002471923828,-461.124755859375,218.27923789632592,354.20440699894635,76.87864071690217,257.0000000329045,137.0000001424832,0.16862745583057404,0.1725490242242813,0.13725490868091583,calibrated_uv_reprojection_plus_stereo_left
-69.55328369140625,-118.2166976928711,-457.758056640625,215.4080993448257,354.2342596203822,79.2336888837101,258.00000309601756,137.00000172818594,0.15294118225574493,0.16470588743686676,0.13725490868091583,calibrated_uv_reprojection_plus_stereo_left
-68.24093627929688,-117.61955261230469,-455.4223327636719,213.25384288738798,354.0065012631852,80.87499699582952,259.00000302661743,136.99999716138836,0.14509804546833038,0.16470588743686676,0.1411764770746231,calibrated_uv_reprojection_plus_stereo_left
-66.88067626953125,-116.9216537475586,-452.69677734375,210.8375155750863,353.8899272713614,82.78576883603927,259.9999997555484,137.00000051124388,0.15294118225574493,0.18431372940540314,0.16862745583057404,calibrated_uv_reprojection_plus_stereo_left
-65.69749450683594,-116.5176773071289,-451.10943603515625,209.20754092321658,353.48115043241677,83.90879126828031,261.0000019169292,137.00000066119998,0.2705882489681244,0.3137255012989044,0.2980392277240753,calibrated_uv_reprojection_plus_stereo_left
-64.59541320800781,-116.24784851074219,-450.0415954589844,207.936628778108,352.93925105330817,84.67226290354228,262.00000233643374,137.00000133398592,0.4745098054409027,0.5215686559677124,0.5215686559677124,calibrated_uv_reprojection_plus_stereo_left
-63.598201751708984,-116.16159057617188,-449.6844787597656,207.15348594994498,352.20992187027014,84.94399859864507,262.9999988989688,136.99999608074467,0.5333333611488342,0.5803921818733215,0.5921568870544434,calibrated_uv_reprojection_plus_stereo_left
-62.76847839355469,-116.38335418701172,-450.519775390625,207.18386558117584,351.15876707163903,84.39093881441391,264.0000001027538,136.99999877238653,0.529411792755127,0.5764706134796143,0.5882353186607361,calibrated_uv_reprojection_plus_stereo_left
-61.8433952331543,-116.4324951171875,-450.686767578125,206.75744931679156,350.28668465536236,84.30018729497357,264.99999799247956,136.99999406105303,0.5333333611488342,0.5803921818733215,0.5921568870544434,calibrated_uv_reprojection_plus_stereo_left
-60.92868423461914,-116.50308990478516,-450.93682861328125,206.3869593123004,349.3910577970231,84.15200423010509,266.0000021869776,137.00000301319193,0.5333333611488342,0.5803921818733215,0.5921568870544434,calibrated_uv_reprojection_plus_stereo_left
-60.02225875854492,-116.59210968017578,-451.25811767578125,206.06409588730742,348.47470185930825,83.9546049440803,266.9999988253742,136.9999970714337,0.5372549295425415,0.5843137502670288,0.5960784554481506,calibrated_uv_reprojection_plus_stereo_left
-58.9940185546875,-116.44364929199219,-450.6603088378906,205.11831716962928,347.8127613144686,84.39275045579478,267.9999993626735,137.0000005349884,0.5333333611488342,0.5803921818733215,0.5960784554481506,calibrated_uv_reprojection_plus_stereo_left
-58.075008392333984,-116.50955200195312,-450.8921203613281,204.7343957915465,346.920541893616,84.25724163920165,268.9999992162914,136.99999770121238,0.5333333611488342,0.5803921818733215,0.5921568870544434,calibrated_uv_reprojection_plus_stereo_left
-57.14056396484375,-116.5462646484375,-451.0109558105469,204.27364152664103,346.0591944032051,84.19986549082563,270.0000005745153,136.99999788161614,0.5333333611488342,0.5803921818733215,0.5921568870544434,calibrated_uv_reprojection_plus_stereo_left
-56.20912170410156,-116.59053802490234,-451.1590270996094,203.83220545196002,345.1889928102452,84.12229648162298,270.99999824327176,136.99999656936308,0.5254902243614197,0.572549045085907,0.5843137502670288,calibrated_uv_reprojection_plus_stereo_left
-55.32756423950195,-116.74169158935547,-451.7206726074219,203.66825105393707,344.20001704442643,83.75886854088725,271.9999995524822,137.00000352364037,0.5215686559677124,0.5686274766921997,0.5803921818733215,calibrated_uv_reprojection_plus_stereo_left
-54.36042785644531,-116.71451568603516,-451.59222412109375,203.0399524578972,343.40718947310313,83.87248718942465,272.99999972282365,136.99999976596783,0.5215686559677124,0.5686274766921997,0.5803921818733215,calibrated_uv_reprojection_plus_stereo_left
-53.39851760864258,-116.69788360595703,-451.5046081542969,202.4392164282819,342.6029003793427,83.95787148629512,274.0000007402451,137.00000377557615,0.5098039507865906,0.5568627715110779,0.5686274766921997,calibrated_uv_reprojection_plus_stereo_left
-52.43230056762695,-116.6711654663086,-451.3779296875,201.8125110221373,341.8101779061424,84.07025075778836,274.999996457192,136.9999950259952,0.5058823823928833,0.5529412031173706,0.5647059082984924,calibrated_uv_reprojection_plus_stereo_left
-51.42738723754883,-116.55586242675781,-450.9085998535156,200.95739678947473,341.11816461493265,84.41939038922698,275.9999989226867,136.99999689265013,0.5058823823928833,0.5529412031173706,0.572549045085907,calibrated_uv_reprojection_plus_stereo_left
-50.48527526855469,-116.58132934570312,-450.9838562011719,200.46603111590503,340.2672299209482,84.39219927666642,276.9999986268283,136.9999949503806,0.49803921580314636,0.545098066329956,0.5647059082984924,calibrated_uv_reprojection_plus_stereo_left
-49.53853225708008,-116.59698486328125,-451.02117919921875,199.94917662122282,339.427144392762,84.3912243906679,278.00000236030667,137.00000127917758,0.4901960790157318,0.5333333611488342,0.545098066329956,calibrated_uv_reprojection_plus_stereo_left
-48.627769470214844,-116.69970703125,-451.3952331542969,199.65561763765294,338.4863048745641,84.15763306751461,278.99999988285475,136.99999780228603,0.40392157435417175,0.4431372582912445,0.45490196347236633,calibrated_uv_reprojection_plus_stereo_left
-47.82795333862305,-117.07823944091797,-452.8360595703125,200.06770488451826,337.22363974264573,83.1871663993021,280.00000075487316,137.00000346919313,0.26274511218070984,0.26274511218070984,0.24705882370471954,calibrated_uv_reprojection_plus_stereo_left
-47.11555862426758,-117.69072723388672,-455.1815490722656,201.07442110387314,335.68223638499023,81.59198384954016,280.9999991642704,137.0000003855509,0.27843138575553894,0.27843138575553894,0.25882354378700256,calibrated_uv_reprojection_plus_stereo_left
-46.55796432495117,-118.72362518310547,-459.1527099609375,203.1483580455606,333.6379502060312,78.87424209608275,281.9999994538941,137.00000249714702,0.3137255012989044,0.27450981736183167,0.21568627655506134,calibrated_uv_reprojection_plus_stereo_left
-47.89799880981445,-124.74272918701172,-482.4061279296875,217.91580838377877,325.68253344269664,62.8401376639369,282.9999990753773,136.9999973410976,0.8117647171020508,0.772549033164978,0.7058823704719543,calibrated_uv_reprojection_plus_stereo_left
-74.36013793945312,-120.33387756347656,-469.87274169921875,224.71332763408822,354.0815350565328,70.26295438144524,254.9999973672263,137.99999488281878,0.27450981736183167,0.23137255012989044,0.12156862765550613,calibrated_uv_reprojection_plus_stereo_left
-72.46988677978516,-118.85923767089844,-464.09088134765625,220.16337624770694,354.6970427799082,74.29663485265303,255.99999557551246,138.0000002975639,0.2078431397676468,0.1921568661928177,0.125490203499794,calibrated_uv_reprojection_plus_stereo_left
-71.0479736328125,-118.1229476928711,-461.1923522949219,217.61220322567198,354.59208417576934,76.33113846048116,256.99999591044764,137.9999983723684,0.1725490242242813,0.1764705926179886,0.14509804546833038,calibrated_uv_reprojection_plus_stereo_left
-69.68753051757812,-117.46990966796875,-458.6191711425781,215.2914749343928,354.4133518881747,78.13983124910203,258.0000019351062,138.00000355142294,0.16078431904315948,0.1725490242242813,0.1411764770746231,calibrated_uv_reprojection_plus_stereo_left
-68.30165100097656,-116.75507354736328,-455.8049621582031,212.81148116659756,354.30679843724965,80.11528947547731,258.99999977785626,138.00000022341726,0.14901961386203766,0.16862745583057404,0.13725490868091583,calibrated_uv_reprojection_plus_stereo_left
-66.99504089355469,-116.15733337402344,-453.44818115234375,210.6514095840837,354.0902825951639,81.77345285274532,260.0000007742285,138.00000505611348,0.13725490868091583,0.16470588743686676,0.1411764770746231,calibrated_uv_reprojection_plus_stereo_left
-65.71173858642578,-115.58335876464844,-451.1843566894531,208.56046351860925,353.8576909903187,83.36695694928221,261.00000040095097,137.99999608147039,0.18431372940540314,0.21960784494876862,0.20392157137393951,calibrated_uv_reprojection_plus_stereo_left
-64.6021957397461,-115.30269622802734,-450.0657043457031,207.25638178714627,353.3282776679402,84.16676001293325,261.99999711707414,137.9999995345633,0.4156862795352936,0.4627451002597809,0.4627451002597809,calibrated_uv_reprojection_plus_stereo_left
-63.56862258911133,-115.1513671875,-449.45196533203125,206.29887231504637,352.66743156280495,84.61663550164366,263.0000007346242,138.00000176133682,0.529411792755127,0.5764706134796143,0.5882353186607361,calibrated_uv_reprojection_plus_stereo_left
-62.751522064208984,-115.39360046386719,-450.37432861328125,206.3873946818578,351.5939539079212,84.00230415378815,263.9999993490992,138.00000196152905,0.5333333611488342,0.5803921818733215,0.5921568870544434,calibrated_uv_reprojection_plus_stereo_left
-61.82074737548828,-115.4311294555664,-450.4976806640625,205.9312077864003,350.73417050726226,83.94155451014149,265.000001534748,138.00000070359732,0.5372549295425415,0.5843137502670288,0.5960784554481506,calibrated_uv_reprojection_plus_stereo_left
-60.89984130859375,-115.4886245727539,-450.6989440917969,205.52744116380967,349.8524907975941,83.82685584349576,266.00000047622336,138.00000182600698,0.5372549295425415,0.5843137502670288,0.5960784554481506,calibrated_uv_reprojection_plus_stereo_left
-59.99553298950195,-115.58000946044922,-451.03240966796875,205.21254578269736,348.9335241138585,83.62062387549798,266.99999657492356,137.99999672405235,0.5372549295425415,0.5843137502670288,0.5960784554481506,calibrated_uv_reprojection_plus_stereo_left
-58.97709274291992,-115.45101928710938,-450.50592041015625,204.31606867084116,348.25171350353435,84.00998034078589,267.9999985512999,137.99999622988338,0.5372549295425415,0.5843137502670288,0.6000000238418579,calibrated_uv_reprojection_plus_stereo_left
-58.05506896972656,-115.50971984863281,-450.71185302734375,203.91446852402186,347.36723220287263,83.89209215234536,268.9999993174322,137.99999937911085,0.5372549295425415,0.5843137502670288,0.6039215922355652,calibrated_uv_reprojection_plus_stereo_left
-57.12883758544922,-115.56195831298828,-450.8925476074219,203.4953113029742,346.4889628346045,83.79170577714444,269.99999959249385,138.00000252398564,0.5411764979362488,0.5803921818733215,0.5960784554481506,calibrated_uv_reprojection_plus_stereo_left
-56.200740814208984,-115.61222839355469,-451.0655212402344,203.07045714930177,345.61208774300576,83.69669123918624,270.99999890035804,138.00000050798258,0.5333333611488342,0.572549045085907,0.5843137502670288,calibrated_uv_reprojection_plus_stereo_left
-55.32332229614258,-115.77037811279297,-451.65936279296875,202.92727847300017,344.6146341678633,83.3103235118943,271.9999997841531,138.00000233073126,0.5254902243614197,0.572549045085907,0.5843137502670288,calibrated_uv_reprojection_plus_stereo_left
-54.356388092041016,-115.74356842041016,-451.53155517578125,202.29962888146093,343.8216483256175,83.42359939269443,272.9999968594526,137.99999538504488,0.5215686559677124,0.5686274766921997,0.5803921818733215,calibrated_uv_reprojection_plus_stereo_left
-53.398868560791016,-115.7363052368164,-451.48004150390625,201.7231645145847,343.0070063378786,83.48404928606976,273.9999982373827,137.99999775440529,0.5098039507865906,0.5568627715110779,0.5686274766921997,calibrated_uv_reprojection_plus_stereo_left
-52.430686950683594,-115.70535278320312,-451.33612060546875,201.0851194752774,342.2192443768446,83.60845761615303,275.00000058159276,137.99999921371375,0.5058823823928833,0.5529412031173706,0.5647059082984924,calibrated_uv_reprojection_plus_stereo_left
-51.425960540771484,-115.5912094116211,-450.8677062988281,200.23134128633797,341.5266537480602,83.95743689962939,275.9999989453023,137.9999964865848,0.5058823823928833,0.5529412031173706,0.5647059082984924,calibrated_uv_reprojection_plus_stereo_left
-50.48257827758789,-115.61334991455078,-450.930908203125,199.731838276333,340.6794277882247,83.93846502810885,277.00000011685563,137.99999879716597,0.49803921580314636,0.545098066329956,0.5568627715110779,calibrated_uv_reprojection_plus_stereo_left
-49.541099548339844,-115.6408920288086,-451.0151672363281,199.24606826646925,339.82561786857036,83.90493254256188,278.00000078275156,138.00000113081933,0.4941176474094391,0.5333333611488342,0.545098066329956,calibrated_uv_reprojection_plus_stereo_left
-48.64581298828125,-115.77957153320312,-451.5328063964844,199.04694324745344,338.8424145843087,83.57154796412266,279.00000050381516,137.99999370386217,0.364705890417099,0.40392157435417175,0.4156862795352936,calibrated_uv_reprojection_plus_stereo_left
-47.85139083862305,-116.16876220703125,-453.0273742675781,199.49209048980038,337.5647024039979,82.56230110903533,279.99999769132864,138.00000189270273,0.2705882489681244,0.2705882489681244,0.24313725531101227,calibrated_uv_reprojection_plus_stereo_left
-47.165489196777344,-116.84282684326172,-455.63262939453125,200.6662343764325,335.9467822780738,80.78482787731639,281.0000002008945,138.0000016761431,0.2862745225429535,0.2862745225429535,0.25882354378700256,calibrated_uv_reprojection_plus_stereo_left
-46.576576232910156,-117.79039764404297,-459.3041076660156,202.536090035296,333.99601085389986,78.27006565694705,281.999999606284,138.0000021219436,0.3019607961177826,0.26274511218070984,0.20392157137393951,calibrated_uv_reprojection_plus_stereo_left
-47.61334991455078,-122.97734069824219,-479.50506591796875,215.261015963416,326.99153651643053,64.32206095481757,282.999999381438,137.9999980348546,0.7764706015586853,0.7372549176216125,0.6745098233222961,calibrated_uv_reprojection_plus_stereo_left
-54.59547805786133,-144.08030700683594,-561.7594604492188,268.6472082911514,300.87748443634996,7.456539227917801,283.9999995968018,137.99999643457,0.7019608020782471,0.6392157077789307,0.5372549295425415,calibrated_uv_reprojection_plus_stereo_left
-74.39021301269531,-119.3837661743164,-470.0406188964844,224.10203203316536,354.45182404490123,69.63630941568272,254.99999893120005,139.0000039541581,0.2862745225429535,0.23529411852359772,0.12941177189350128,calibrated_uv_reprojection_plus_stereo_left
-72.417724609375,-117.78817749023438,-463.7347106933594,219.2001849613485,355.19531746090763,74.04008134291814,255.9999957517317,138.99999451405694,0.21960784494876862,0.19607843458652496,0.12156862765550613,calibrated_uv_reprojection_plus_stereo_left
-71.05730438232422,-117.15813446044922,-461.2306823730469,216.92483917933606,354.9873801242876,75.80379858231356,257.0000009523935,139.00000020232807,0.1764705926179886,0.18039216101169586,0.13725490868091583,calibrated_uv_reprojection_plus_stereo_left
-69.79979705810547,-116.68270874023438,-459.3355407714844,215.07293162033653,354.63132368360647,77.14457885486792,257.9999986251363,138.99999668968763,0.16470588743686676,0.1764705926179886,0.13725490868091583,calibrated_uv_reprojection_plus_stereo_left
-68.43260955810547,-116.00804901123047,-456.6563415527344,212.68878484664776,354.4859083096933,79.02937992236804,259.0000036038992,138.99999869900643,0.1568627506494522,0.1725490242242813,0.13725490868091583,calibrated_uv_reprojection_plus_stereo_left
-67.07327270507812,-115.32768249511719,-453.9549560546875,210.29581781001013,354.35600408103244,80.92928921076918,260.0000010151173,139.0000024536568,0.14901961386203766,0.16862745583057404,0.1411764770746231,calibrated_uv_reprojection_plus_stereo_left
-65.75543975830078,-114.70008087158203,-451.4615173339844,208.05108486549005,354.1810568039012,82.68459143547409,260.99999929180706,139.00000378770812,0.14509804546833038,0.16470588743686676,0.1411764770746231,calibrated_uv_reprojection_plus_stereo_left
-64.6178207397461,-114.37308502197266,-450.1514587402344,206.61801654230288,353.700984215271,83.61841577948616,261.99999926457036,139.00000506453898,0.3333333432674408,0.37254902720451355,0.364705890417099,calibrated_uv_reprojection_plus_stereo_left
-63.54187774658203,-114.147216796875,-449.239501953125,205.45860447175932,353.1191767747491,84.27586244441136,263.000000686589,138.99999885827424,0.5058823823928833,0.5529412031173706,0.5607843399047852,calibrated_uv_reprojection_plus_stereo_left
-62.74769592285156,-114.42840576171875,-450.3231506347656,205.65532736910268,352.00351597606095,83.54857275766403,264.00000182032926,139.00000221145442,0.5372549295425415,0.5843137502670288,0.5960784554481506,calibrated_uv_reprojection_plus_stereo_left
-61.801673889160156,-114.43717193603516,-450.3346252441406,205.12318119506614,351.17427713953646,83.5652688039296,265.00000013210354,139.0000006897342,0.5372549295425415,0.5843137502670288,0.5960784554481506,calibrated_uv_reprojection_plus_stereo_left
-60.8818244934082,-114.49552154541016,-450.5412292480469,204.72284862706834,350.29163916033474,83.44659929856414,266.000002803078,139.0000052356006,0.5372549295425415,0.5843137502670288,0.5960784554481506,calibrated_uv_reprojection_plus_stereo_left
-59.97576141357422,-114.5821533203125,-450.8590393066406,204.39700675367897,349.37757654288913,83.25082190399837,266.9999993739079,138.99999525968263,0.5372549295425415,0.5843137502670288,0.5960784554481506,calibrated_uv_reprojection_plus_stereo_left
-58.962459564208984,-114.4634780883789,-450.36907958984375,203.52610140897434,348.6855506577633,83.61536203682004,268.0000004153843,139.00000372641063,0.5372549295425415,0.5843137502670288,0.5960784554481506,calibrated_uv_reprojection_plus_stereo_left
-58.03791809082031,-114.51614379882812,-450.5532531738281,203.10966141713254,347.80758106772316,83.51229958577426,268.9999993888683,139.00000190443785,0.5372549295425415,0.5843137502670288,0.5960784554481506,calibrated_uv_reprojection_plus_stereo_left
-57.11444091796875,-114.57279968261719,-450.7530822753906,202.7032111150287,346.9244220388443,83.39840639535328,269.99999907881863,138.9999946657136,0.5333333611488342,0.5803921818733215,0.5921568870544434,calibrated_uv_reprojection_plus_stereo_left
-56.18812942504883,-114.62567901611328,-450.9380798339844,202.28625084001936,346.04459051509264,83.29481748484756,271.0000003075074,139.00000059210413,0.5254902243614197,0.572549045085907,0.5843137502670288,calibrated_uv_reprojection_plus_stereo_left
-55.31874465942383,-114.79861450195312,-451.5953063964844,202.18465126885536,345.0299291027179,82.86381039476572,271.99999833290275,138.99999956023834,0.5254902243614197,0.572549045085907,0.5843137502670288,calibrated_uv_reprojection_plus_stereo_left
-54.35468292236328,-114.77780151367188,-451.4903259277344,201.57245719558455,344.2304508386677,82.96135570098926,272.9999991745183,138.99999676861552,0.5254902243614197,0.572549045085907,0.5843137502670288,calibrated_uv_reprojection_plus_stereo_left
-53.39653015136719,-114.76904296875,-451.43280029296875,200.99205479893033,343.41759126021645,83.02598886810028,274.0000031832875,139.0000026747664,0.5137255191802979,0.5607843399047852,0.572549045085907,calibrated_uv_reprojection_plus_stereo_left
-52.437625885009766,-114.75841522216797,-451.3678894042969,200.40680628997563,342.6069574950567,83.09574370305035,274.9999992192221,138.99999902656083,0.5058823823928833,0.5529412031173706,0.5647059082984924,calibrated_uv_reprojection_plus_stereo_left
-51.42378616333008,-114.62505340576172,-450.8202819824219,199.5010627409127,341.93697702390233,83.50009141572866,276.0000012838579,138.9999989687741,0.5058823823928833,0.5529412031173706,0.5647059082984924,calibrated_uv_reprojection_plus_stereo_left
-50.48548126220703,-114.6583023071289,-450.927978515625,199.030959817988,341.0768820843515,83.45017131235124,277.0000008761994,139.00000024169606,0.49803921580314636,0.545098066329956,0.5568627715110779,calibrated_uv_reprojection_plus_stereo_left
-49.555076599121094,-114.71121978759766,-451.1130065917969,198.6116893777363,340.1934680479461,83.34667046238945,277.99999745603964,139.00000081625336,0.48627451062202454,0.5254902243614197,0.5372549295425415,calibrated_uv_reprojection_plus_stereo_left
-48.66338348388672,-114.85771179199219,-451.6659851074219,198.4349209579188,339.2000788073161,82.98819665947059,279.0000027973936,139.0000016560677,0.3019607961177826,0.34117648005485535,0.3529411852359772,calibrated_uv_reprojection_plus_stereo_left
-47.89805221557617,-115.31438446044922,-453.4385681152344,199.0608409565083,337.840462920185,81.7846469363181,280.00000023767205,138.99999552220615,0.27843138575553894,0.27843138575553894,0.250980406999588,calibrated_uv_reprojection_plus_stereo_left
-47.20707702636719,-115.97249603271484,-456.0030517578125,200.20356277429636,336.236351627938,80.03257557769706,281.00000038504044,138.99999716914118,0.29019609093666077,0.29019609093666077,0.25882354378700256,calibrated_uv_reprojection_plus_stereo_left
-46.596046447753906,-116.85865783691406,-459.46392822265625,201.92887671867425,334.35179981746023,77.65971706528023,281.9999977801696,139.00000214830143,0.2980392277240753,0.26274511218070984,0.2235294133424759,calibrated_uv_reprojection_plus_stereo_left
-47.492618560791016,-121.64417266845703,-478.2550964355469,213.6978237947468,327.7934533577229,64.66640820071996,283.0000011033282,139.00000439917187,0.7333333492279053,0.6980392336845398,0.6549019813537598,calibrated_uv_reprojection_plus_stereo_left
-52.40461349487305,-137.14678955078125,-539.1773681640625,252.99612730781092,308.2790329450328,22.489034511450313,284.0000004912895,138.99999083888736,0.6901960968971252,0.6235294342041016,0.5411764979362488,calibrated_uv_reprojection_plus_stereo_left
-76.1401596069336,-121.16996002197266,-481.07513427734375,230.9636830676847,352.0866870010009,61.45241871340255,255.0000033346691,140.00000054768913,0.3019607961177826,0.239215686917305,0.13725490868091583,calibrated_uv_reprojection_plus_stereo_left
-72.64163970947266,-117.16390228271484,-465.14642333984375,219.4518081528505,355.2446607612545,72.55496289677029,256.0000029029276,140.0000012258417,0.22745098173618317,0.19607843458652496,0.12156862765550613,calibrated_uv_reprojection_plus_stereo_left
-71.31549072265625,-116.60002136230469,-462.88421630859375,217.34433330807053,354.9701971940547,74.15330315618809,257.00000154622074,139.9999946821914,0.18039216101169586,0.18431372940540314,0.13725490868091583,calibrated_uv_reprojection_plus_stereo_left
-69.95118713378906,-115.9572982788086,-460.3092956542969,215.02824620895007,354.78434917463983,75.96881168626851,257.9999962383684,139.99999715132492,0.1725490242242813,0.1764705926179886,0.13333334028720856,calibrated_uv_reprojection_plus_stereo_left
-68.63162231445312,-115.37178039550781,-457.96173095703125,212.87350609946537,354.54889842937746,77.62598156458188,259.00000523346785,140.0000061674761,0.1725490242242813,0.1764705926179886,0.13333334028720856,calibrated_uv_reprojection_plus_stereo_left
-67.20289611816406,-114.58348846435547,-454.8094787597656,210.1757279661398,354.53188826446075,79.84228298958323,260.000000566406,139.99999849826435,0.16470588743686676,0.1764705926179886,0.1411764770746231,calibrated_uv_reprojection_plus_stereo_left
-65.96143341064453,-114.09634399414062,-452.85284423828125,208.2991013338007,354.21216462872815,81.22717428816748,260.9999964370923,139.99999978827677,0.15294118225574493,0.1725490242242813,0.1411764770746231,calibrated_uv_reprojection_plus_stereo_left
-64.74956512451172,-113.64691162109375,-451.04608154296875,206.5288948563964,353.85983143031416,82.50768865303326,261.9999996823327,140.00000192379625,0.250980406999588,0.2862745225429535,0.2666666805744171,calibrated_uv_reprojection_plus_stereo_left
-63.64617156982422,-113.37738037109375,-449.9534606933594,205.24724095671672,353.32374085106596,83.29169263912752,263.0000019210665,140.0000039301351,0.45098039507865906,0.4941176474094391,0.48627451062202454,calibrated_uv_reprojection_plus_stereo_left
-62.79481506347656,-113.55553436279297,-450.6375427246094,205.17088875940573,352.31493289947156,82.84090085196823,263.9999989731425,140.0000022419677,0.5372549295425415,0.5843137502670288,0.5882353186607361,calibrated_uv_reprojection_plus_stereo_left
-61.85618591308594,-113.57901763916016,-450.707763671875,204.67799261111668,351.4692813482629,82.81674617163787,264.999999385667,139.99999559534444,0.5372549295425415,0.5843137502670288,0.5960784554481506,calibrated_uv_reprojection_plus_stereo_left
-60.92571258544922,-113.61852264404297,-450.8415832519531,204.22774129055574,350.6059570913803,82.74840885889284,266.0000000502249,139.99999809042868,0.5372549295425415,0.5843137502670288,0.5960784554481506,calibrated_uv_reprojection_plus_stereo_left
-59.98310852050781,-113.63638305664062,-450.8895263671875,203.71925726206325,349.7655286019203,82.73975089701202,267.0000006997635,140.00000656216486,0.5411764979362488,0.5882353186607361,0.6000000238418579,calibrated_uv_reprojection_plus_stereo_left
-59.00666809082031,-113.58978271484375,-450.6816711425781,203.03864450551913,348.99529135851907,82.90881193524774,268.0000016765315,140.0000060764978,0.5372549295425415,0.5843137502670288,0.6039215922355652,calibrated_uv_reprojection_plus_stereo_left
-58.04641342163086,-113.57341766357422,-450.59375,202.43892968640438,348.1924183154944,82.9945461934742,268.99999897465443,139.9999950383082,0.5333333611488342,0.5803921818733215,0.6000000238418579,calibrated_uv_reprojection_plus_stereo_left
-57.09099197387695,-113.56620788574219,-450.5422058105469,201.86369691845425,347.37958679672965,83.0550006448907,270.0000000219739,139.99999737012823,0.5333333611488342,0.5803921818733215,0.6000000238418579,calibrated_uv_reprojection_plus_stereo_left
-56.15379333496094,-113.59571075439453,-450.63629150390625,201.3858723376219,346.52588380315893,83.01430802226821,270.9999990951531,139.9999966067336,0.529411792755127,0.5764706134796143,0.5921568870544434,calibrated_uv_reprojection_plus_stereo_left
-55.20208740234375,-113.59647369384766,-450.6163635253906,200.8316504242179,345.70396891147027,83.05281020655633,271.999998912446,139.99999727603102,0.5254902243614197,0.572549045085907,0.5921568870544434,calibrated_uv_reprojection_plus_stereo_left
-54.245845794677734,-113.58786010742188,-450.55926513671875,200.25262805397915,344.892588893971,83.11712332110113,273.00000007156734,140.00000432307803,0.5254902243614197,0.572549045085907,0.5921568870544434,calibrated_uv_reprojection_plus_stereo_left
-53.29787826538086,-113.59668731689453,-450.5712890625,199.7196356387277,344.06147693985054,83.13344407765555,274.00000094145076,139.99999617988183,0.5215686559677124,0.5647059082984924,0.5764706134796143,calibrated_uv_reprojection_plus_stereo_left
-52.35256576538086,-113.61168670654297,-450.60784912109375,199.20280663046765,343.2231233994704,83.1327259600821,275.0000036702288,140.00000408983868,0.5176470875740051,0.5568627715110779,0.5686274766921997,calibrated_uv_reprojection_plus_stereo_left
-51.35782241821289,-113.5180892944336,-450.2136535644531,198.40041930325128,342.50955055109966,83.43108385946823,276.0000013959435,139.99999804977278,0.5058823823928833,0.5529412031173706,0.5647059082984924,calibrated_uv_reprojection_plus_stereo_left
-50.38554763793945,-113.4716567993164,-450.006591796875,197.72264899144477,341.74263866008533,83.5994843592207,277.00000209667644,140.0000053028026,0.4941176474094391,0.5411764979362488,0.5529412031173706,calibrated_uv_reprojection_plus_stereo_left
-49.42395782470703,-113.44807434082031,-449.89013671875,197.10511459240388,340.9497268157344,83.70497336026733,278.0000015146045,140.0000058907758,0.4627451002597809,0.5098039507865906,0.5098039507865906,calibrated_uv_reprojection_plus_stereo_left
-48.58091735839844,-113.70114135742188,-450.8706970214844,197.2106656125884,339.83262050925157,83.04900901569607,279.000002010612,140.00000136661157,0.2705882489681244,0.3176470696926117,0.3137255012989044,calibrated_uv_reprojection_plus_stereo_left
-48.04651641845703,-114.70126342773438,-454.8133850097656,199.26212621892512,337.8301465032783,80.3372813704475,280.0000031067123,139.99999920137213,0.2862745225429535,0.29019609093666077,0.26274511218070984,calibrated_uv_reprojection_plus_stereo_left
-47.45613479614258,-115.60597229003906,-458.37738037109375,201.0553921895809,335.9264607346837,77.88879814044174,281.00000185880384,140.00000382048825,0.29019609093666077,0.29019609093666077,0.26274511218070984,calibrated_uv_reprojection_plus_stereo_left
-47.012237548828125,-116.9128189086914,-463.5353698730469,203.8846371921166,333.52924395059665,74.33457199308867,281.9999981044059,139.9999999263661,0.2862745225429535,0.2549019753932953,0.23529411852359772,calibrated_uv_reprojection_plus_stereo_left
-46.97676086425781,-119.31278228759766,-473.026611328125,209.5359724923402,329.799277176145,67.77411927917672,283.00000099708853,140.00000089314005,0.6705882549285889,0.6392157077789307,0.615686297416687,calibrated_uv_reprojection_plus_stereo_left
-48.43861389160156,-125.70304107666016,-498.3359680175781,225.49275161002316,321.2098342717219,50.23957080129384,283.9999995792092,140.00000104317354,0.6627451181411743,0.6117647290229797,0.545098066329956,calibrated_uv_reprojection_plus_stereo_left
-77.28999328613281,-121.96226501464844,-488.3170471191406,235.18870621107305,350.69242093708743,55.886130346268544,254.99999888179985,141.00000221675307,0.30980393290519714,0.24705882370471954,0.1411764770746231,calibrated_uv_reprojection_plus_stereo_left
-72.65743255615234,-116.20075988769531,-465.225341796875,218.78610006533137,355.63330063175835,71.9950026266327,256.00000154764734,140.99999978077307,0.23137255012989044,0.20000000298023224,0.11764705926179886,calibrated_uv_reprojection_plus_stereo_left
-71.37543487548828,-115.71346282958984,-463.25091552734375,216.87875359408662,355.2834819652197,73.395352263088,256.9999997536115,141.00000045195134,0.18039216101169586,0.1882352977991104,0.13333334028720856,calibrated_uv_reprojection_plus_stereo_left
-70.06979370117188,-115.1738510131836,-461.0672607421875,214.8332330702387,354.99441189470974,74.94118467932998,257.99999777777487,141.00000187188232,0.1764705926179886,0.18431372940540314,0.13333334028720856,calibrated_uv_reprojection_plus_stereo_left
-68.67859649658203,-114.47651672363281,-458.2524719238281,212.3627989421429,354.8761794061713,76.92623172141208,258.99999849175447,141.00000727985895,0.1764705926179886,0.18039216101169586,0.13725490868091583,calibrated_uv_reprojection_plus_stereo_left
-67.25819396972656,-113.7099838256836,-455.1609191894531,209.71078109704519,354.84010239703366,79.10367487659175,259.9999988962355,140.99999824240206,0.16862745583057404,0.18039216101169586,0.1411764770746231,calibrated_uv_reprojection_plus_stereo_left
-66.0350570678711,-113.25965118408203,-453.3353576660156,207.9256988797955,354.4837104219808,80.39942178420768,261.00000236263975,141.00000265451723,0.16470588743686676,0.18039216101169586,0.15294118225574493,calibrated_uv_reprojection_plus_stereo_left
-64.8174819946289,-112.80583190917969,-451.4960021972656,206.13556895212741,354.1375286928136,81.70457799400077,261.9999986376587,141.00000167441652,0.18039216101169586,0.2078431397676468,0.18431372940540314,calibrated_uv_reprojection_plus_stereo_left
-63.669979095458984,-112.46233367919922,-450.0983581542969,204.64863059057382,353.6806708328038,82.70207545554814,263.0000016677717,141.00000071394723,0.33725491166114807,0.3764705955982208,0.3607843220233917,calibrated_uv_reprojection_plus_stereo_left
-62.79436492919922,-112.59603118896484,-450.610595703125,204.4549202545112,352.7181655394588,82.37011779431589,264.0000034825959,140.9999998880457,0.5098039507865906,0.5490196347236633,0.5490196347236633,calibrated_uv_reprojection_plus_stereo_left
-61.85893249511719,-112.62500762939453,-450.7037048339844,203.9773212090018,351.8664937893318,82.3299163268785,264.99999946935554,140.99999919217726,0.5490196347236633,0.5882353186607361,0.5960784554481506,calibrated_uv_reprojection_plus_stereo_left
-60.9319953918457,-112.67069244384766,-450.8636474609375,203.54439860280036,350.99623788783776,82.24322075451852,265.9999975605483,140.9999948558753,0.545098066329956,0.5882353186607361,0.6000000238418579,calibrated_uv_reprojection_plus_stereo_left
-59.97233963012695,-112.65645599365234,-450.7838439941406,202.94993442652844,350.19069031914853,82.3233686283732,267.00000248375835,141.00000174761186,0.5411764979362488,0.5882353186607361,0.6000000238418579,calibrated_uv_reprojection_plus_stereo_left
-58.99064254760742,-112.59977722167969,-450.5341796875,202.241681107119,349.4319747392057,82.52170575143191,268.0000005297872,140.99999672541148,0.5372549295425415,0.5843137502670288,0.5960784554481506,calibrated_uv_reprojection_plus_stereo_left
-58.03011703491211,-112.58240509033203,-450.44183349609375,201.63924858085943,348.6305447337814,82.61056267546843,269.00000268042385,140.99999972611258,0.5372549295425415,0.5843137502670288,0.5960784554481506,calibrated_uv_reprojection_plus_stereo_left
-57.0825080871582,-112.59001159667969,-450.4494323730469,201.10374306947347,347.80151110658653,82.62988197235296,269.9999992367735,141.00000394415284,0.5372549295425415,0.5843137502670288,0.6000000238418579,calibrated_uv_reprojection_plus_stereo_left
-56.135005950927734,-112.59819793701172,-450.4593200683594,200.56966743127253,346.97167783412453,82.6476171318323,270.9999992833993,141.00000119337847,0.5333333611488342,0.5803921818733215,0.6000000238418579,calibrated_uv_reprojection_plus_stereo_left
-55.21012496948242,-112.65292358398438,-450.6553649902344,200.15943479323198,346.08917502381,82.5358719637386,271.9999996782666,140.99999488021012,0.529411792755127,0.5764706134796143,0.5921568870544434,calibrated_uv_reprojection_plus_stereo_left
-54.259708404541016,-112.6566390991211,-450.64739990234375,199.61304893162588,345.2637483700474,82.5660376024212,273.00000304762693,141.00000518026252,0.5215686559677124,0.5686274766921997,0.5843137502670288,calibrated_uv_reprojection_plus_stereo_left
-53.30912780761719,-112.66024780273438,-450.6389465332031,199.06628931222167,344.43836255899214,82.596553092708,274.000002783358,141.00000014635265,0.5254902243614197,0.572549045085907,0.5882353186607361,calibrated_uv_reprojection_plus_stereo_left
-52.338260650634766,-112.62042999267578,-450.4568176269531,198.40445436954536,343.6628289284026,82.74784475400742,275.00000220874495,141.0000012745728,0.5176470875740051,0.5607843399047852,0.5803921818733215,calibrated_uv_reprojection_plus_stereo_left
-51.36396026611328,-112.57170867919922,-450.2391052246094,197.71945310615672,342.8981403996469,82.92386198944183,275.9999998410883,141.00000546398684,0.49803921580314636,0.545098066329956,0.5568627715110779,calibrated_uv_reprojection_plus_stereo_left
-50.37724304199219,-112.49353790283203,-449.9035949707031,196.95717538699364,342.16842992621093,83.1817693215911,276.99999876719755,140.99999991828142,0.49803921580314636,0.545098066329956,0.5568627715110779,calibrated_uv_reprojection_plus_stereo_left
-49.40849304199219,-112.45336151123047,-449.7200622558594,196.29571481696468,341.3952852855126,83.33398120010725,277.99999911350585,140.99999461922135,0.37254902720451355,0.40392157435417175,0.40392157435417175,calibrated_uv_reprojection_plus_stereo_left
-48.634315490722656,-112.86324310302734,-451.33636474609375,196.817823733635,340.09189007905024,82.23493303081864,279.00000154730697,141.00000327641882,0.250980406999588,0.2823529541492462,0.27843138575553894,calibrated_uv_reprojection_plus_stereo_left
-48.17704772949219,-114.03980255126953,-456.0182189941406,199.34760072694502,337.87270181697886,79.00508171145424,280.0000000372383,141.00000031647613,0.2980392277240753,0.2823529541492462,0.250980406999588,calibrated_uv_reprojection_plus_stereo_left
-47.51768112182617,-114.77637481689453,-458.9403076171875,200.7133852868967,336.16163016205684,76.99893098964321,280.9999999084061,141.00000481678094,0.2980392277240753,0.2862745225429535,0.250980406999588,calibrated_uv_reprojection_plus_stereo_left
-46.961326599121094,-115.79780578613281,-463.0010070800781,202.8164930417659,334.0975991797693,74.20174112375605,282.00000020251395,140.99999500457494,0.2823529541492462,0.250980406999588,0.21960784494876862,calibrated_uv_reprojection_plus_stereo_left
-46.86788558959961,-118.02861785888672,-471.8966369628906,208.06499932589276,330.557032513649,68.04483032953732,283.00000079867493,140.999999042518,0.5607843399047852,0.5333333611488342,0.49803921580314636,calibrated_uv_reprojection_plus_stereo_left
-47.81690216064453,-123.03902435302734,-491.9040222167969,220.53015613462037,323.60436616165293,54.16710102528225,284.0000000282859,140.99999792550648,0.6352941393852234,0.5960784554481506,0.529411792755127,calibrated_uv_reprojection_plus_stereo_left
-79.1401138305664,-123.8194351196289,-499.9825134277344,242.4198885853221,348.2050007674035,47.21827755317571,255.00000114232833,142.00000472272225,0.33725491166114807,0.27450981736183167,0.16470588743686676,calibrated_uv_reprojection_plus_stereo_left
-72.77513122558594,-115.39886474609375,-465.95672607421875,218.5660700887271,355.85777270643916,70.97974730906134,256.00000051091956,141.99999403137707,0.239215686917305,0.2078431397676468,0.11764705926179886,calibrated_uv_reprojection_plus_stereo_left
-71.36511993408203,-114.71240234375,-463.1615905761719,216.10090951426116,355.713090463208,72.95467014209402,256.9999971512144,142.00000045423957,0.1882352977991104,0.1921568661928177,0.13333334028720856,calibrated_uv_reprojection_plus_stereo_left
-70.1536636352539,-114.33057403564453,-461.59661865234375,214.48017459960505,355.264211964643,74.07134700514763,258.00000351322313,141.99999676162787,0.18039216101169586,0.18431372940540314,0.12941177189350128,calibrated_uv_reprojection_plus_stereo_left
-68.68698120117188,-113.51625061035156,-458.2857666015625,211.67615674415384,355.2702137483184,76.40538449528862,259.00000031950765,141.99999985826213,0.1764705926179886,0.18039216101169586,0.13725490868091583,calibrated_uv_reprojection_plus_stereo_left
-67.39539337158203,-112.97225952148438,-456.0665588378906,209.6208475489497,355.00531369066664,77.97784209308912,259.9999979408806,141.99999987652203,0.1764705926179886,0.18039216101169586,0.1411764770746231,calibrated_uv_reprojection_plus_stereo_left
-66.1419906616211,-112.47753143310547,-454.0464172363281,207.70563703044166,354.696465229341,79.41126218615847,260.9999978454038,141.99999526574965,0.18039216101169586,0.18431372940540314,0.15294118225574493,calibrated_uv_reprojection_plus_stereo_left
-64.91976928710938,-112.02214050292969,-452.185302734375,205.90272232780922,354.35310317490905,80.73358563136259,262.0000015622367,142.0000008535261,0.18039216101169586,0.1921568661928177,0.16470588743686676,calibrated_uv_reprojection_plus_stereo_left
-63.712554931640625,-111.57952117919922,-450.37591552734375,204.13911081371555,354.00275316021424,82.01964894650922,263.000002111782,142.00000437434136,0.22745098173618317,0.250980406999588,0.22745098173618317,calibrated_uv_reprojection_plus_stereo_left
-62.80086898803711,-111.64897155761719,-450.63348388671875,203.77260988382727,353.10808553084183,81.86464384992348,263.9999980473282,142.00000250392026,0.40392157435417175,0.43921568989753723,0.4274509847164154,calibrated_uv_reprojection_plus_stereo_left
-61.85007095336914,-111.6500473022461,-450.61505126953125,203.2197550101082,352.28640399292027,81.90205799838901,264.99999625379627,141.9999969337223,0.529411792755127,0.5803921818733215,0.572549045085907,calibrated_uv_reprojection_plus_stereo_left
-60.9332275390625,-111.7135009765625,-450.848388671875,202.83590805438706,351.39664315135155,81.76398849092527,266.0000021936456,141.99999908323622,0.5411764979362488,0.5921568870544434,0.5921568870544434,calibrated_uv_reprojection_plus_stereo_left
-59.96359634399414,-111.68073272705078,-450.6933898925781,202.19113426487053,350.6115320137205,81.89659425306496,267.00000320632756,142.00000104041544,0.5411764979362488,0.5882353186607361,0.6000000238418579,calibrated_uv_reprojection_plus_stereo_left
-58.97178649902344,-111.60501861572266,-450.3650817871094,201.4307023094001,349.87432546879904,82.14996561028647,267.99999857893226,141.99999774965934,0.5372549295425415,0.5843137502670288,0.5960784554481506,calibrated_uv_reprojection_plus_stereo_left
-58.01439666748047,-111.59313201904297,-450.29437255859375,200.84301087148413,349.06718245478663,82.22380072225798,269.0000019962897,141.99999864741784,0.5372549295425415,0.5843137502670288,0.5960784554481506,calibrated_uv_reprojection_plus_stereo_left
-57.0713996887207,-111.60907745361328,-450.33599853515625,200.33029299211154,348.22900553165374,82.21935558445085,270.00000360835486,142.00000757563367,0.5372549295425415,0.5843137502670288,0.5960784554481506,calibrated_uv_reprojection_plus_stereo_left
-56.12435531616211,-111.61761474609375,-450.34765625,199.79746701775844,347.3989201971484,82.23580704153352,270.99999908535415,141.99999806628824,0.5333333611488342,0.5803921818733215,0.5921568870544434,calibrated_uv_reprojection_plus_stereo_left
-55.20987319946289,-111.69242095947266,-450.626708984375,199.44214235996884,346.4934802564839,82.06597434387544,272.0000011877708,141.9999978358893,0.5333333611488342,0.5803921818733215,0.5921568870544434,calibrated_uv_reprojection_plus_stereo_left
-54.25160217285156,-111.67980194091797,-450.55303955078125,198.85218772590923,345.6867183189572,82.14188424001793,273.0000014911581,142.0000006080669,0.5254902243614197,0.572549045085907,0.5843137502670288,calibrated_uv_reprojection_plus_stereo_left
-53.277862548828125,-111.63441467285156,-450.34716796875,198.17483392129975,344.91776210085237,82.30987779270208,273.9999973506261,141.99999946669203,0.5215686559677124,0.5686274766921997,0.5882353186607361,calibrated_uv_reprojection_plus_stereo_left
-52.30790710449219,-111.59556579589844,-450.1676940917969,197.5153276860359,344.1418634238605,82.45946608434434,275.00000126777735,141.99999966744338,0.5058823823928833,0.5529412031173706,0.572549045085907,calibrated_uv_reprojection_plus_stereo_left
-51.315189361572266,-111.50590515136719,-449.78326416015625,196.72101695950352,343.4256397783482,82.75178061139536,275.9999972829013,141.99999709480818,0.48235294222831726,0.529411792755127,0.5411764979362488,calibrated_uv_reprojection_plus_stereo_left
-50.31388473510742,-111.39396667480469,-449.30902099609375,195.868422281481,342.7367773138011,83.10660106962433,277.00000091088566,141.99999697721904,0.4117647111415863,0.4588235318660736,0.47058823704719543,calibrated_uv_reprojection_plus_stereo_left
-49.35757827758789,-111.37935638427734,-449.2273864746094,195.2748529307844,341.93481803350005,83.18798402226895,277.9999996042723,141.9999992964507,0.2862745225429535,0.3137255012989044,0.30980393290519714,calibrated_uv_reprojection_plus_stereo_left
-48.70338821411133,-112.05941772460938,-451.9474182128906,196.51888750245786,340.30923205308596,81.31861256364533,279.0000003845758,141.999995807189,0.2549019753932953,0.27843138575553894,0.2705882489681244,calibrated_uv_reprojection_plus_stereo_left
-48.240196228027344,-113.21505737304688,-456.5851745605469,199.0117364532082,338.1061120099976,78.11436265674877,280.0000026076419,142.00000335752344,0.2980392277240753,0.2823529541492462,0.24705882370471954,calibrated_uv_reprojection_plus_stereo_left
-47.64732360839844,-114.10745239257812,-460.16082763671875,200.79933078667256,336.2020150225281,75.65003710470575,281.0000003059788,141.9999993489775,0.30588236451148987,0.2862745225429535,0.250980406999588,calibrated_uv_reprojection_plus_stereo_left
-47.03192901611328,-114.98211669921875,-463.6646423339844,202.5313808523374,334.30615952966974,73.23611094779517,282.00000059958273,142.00000193046503,0.2862745225429535,0.25882354378700256,0.21568627655506134,calibrated_uv_reprojection_plus_stereo_left
-46.72411346435547,-116.6621322631836,-470.4154968261719,206.3688922057455,331.41864507986537,68.56242478366386,283.00000189517243,142.0000015480055,0.48235294222831726,0.45490196347236633,0.4117647111415863,calibrated_uv_reprojection_plus_stereo_left
-47.402198791503906,-120.9305648803711,-487.6023864746094,216.97186312006664,325.341606559974,56.62589954857583,283.9999990646928,142.0000018011171,0.6274510025978088,0.5882353186607361,0.5215686559677124,calibrated_uv_reprojection_plus_stereo_left
-82.0367202758789,-127.25027465820312,-518.2579345703125,254.13024138531546,344.0914128729651,33.90686799523263,255.00000272523823,143.0000012574318,0.3607843220233917,0.30588236451148987,0.18431372940540314,calibrated_uv_reprojection_plus_stereo_left
-72.9388656616211,-114.66620635986328,-466.9827575683594,218.54468359175348,356.00959983852107,69.75704518851512,255.99999609629262,142.9999972828387,0.24313725531101227,0.2078431397676468,0.10980392247438431,calibrated_uv_reprojection_plus_stereo_left
-71.37255859375,-113.74000549316406,-463.1875,215.40177391603265,356.11341586435174,72.43367740653485,256.9999961628439,142.99999804849472,0.20392157137393951,0.20392157137393951,0.13333334028720856,calibrated_uv_reprojection_plus_stereo_left
-70.21039581298828,-113.441162109375,-461.9472961425781,214.00405572236747,355.58045470098784,73.32516064895049,257.99999731824244,142.99999729070387,0.1882352977991104,0.1921568661928177,0.125490203499794,calibrated_uv_reprojection_plus_stereo_left
-68.75902557373047,-112.66012573242188,-458.7437438964844,211.27747129866162,355.5554078516901,75.58783433054145,258.9999965737157,142.99999270442999,0.18039216101169586,0.1882352977991104,0.13333334028720856,calibrated_uv_reprojection_plus_stereo_left
-67.5168228149414,-112.20447540283203,-456.86541748046875,209.45580127462716,355.19969593413964,76.9246154564778,260.00000010187574,142.99999467811398,0.18039216101169586,0.18431372940540314,0.13725490868091583,calibrated_uv_reprojection_plus_stereo_left
-66.27965545654297,-111.74418640136719,-454.9683837890625,207.62591148236856,354.8556143000411,78.27426089677448,260.99999776952336,142.9999950587682,0.18039216101169586,0.18431372940540314,0.1411764770746231,calibrated_uv_reprojection_plus_stereo_left
-65.02498626708984,-111.24050903320312,-452.8948974609375,205.68142983260685,354.5645823644842,79.7469190257288,261.9999984685601,142.99999744401248,0.18431372940540314,0.1921568661928177,0.16078431904315948,calibrated_uv_reprojection_plus_stereo_left
-63.796958923339844,-110.76814270019531,-450.9490966796875,203.82783383640208,354.24734760418744,81.13019861614646,263.0000011111373,143.00000242003867,0.1725490242242813,0.1882352977991104,0.16470588743686676,calibrated_uv_reprojection_plus_stereo_left
-62.8562126159668,-110.78790283203125,-451.0068359375,203.3258466763548,353.4049542799656,81.11442957040924,263.9999973056288,142.9999941000457,0.2235294133424759,0.250980406999588,0.23137255012989044,calibrated_uv_reprojection_plus_stereo_left
-61.8403205871582,-110.67386627197266,-450.5199890136719,202.45814228536955,352.70787432431405,81.47885567529744,265.00000138401697,143.00000362512844,0.3803921639919281,0.41960784792900085,0.40392157435417175,calibrated_uv_reprojection_plus_stereo_left
-60.910888671875,-110.71350860595703,-450.65869140625,202.0106010617256,351.84400511260094,81.40655536140582,266.00000027104704,143.00000145355756,0.5058823823928833,0.5529412031173706,0.5490196347236633,calibrated_uv_reprojection_plus_stereo_left
-59.96649932861328,-110.72688293457031,-450.6904602050781,201.49113542163565,351.0084920386639,81.40891588655279,267.00000180841346,142.99999985475898,0.5411764979362488,0.5882353186607361,0.6000000238418579,calibrated_uv_reprojection_plus_stereo_left
-58.93411636352539,-110.57566833496094,-450.0523376464844,200.52435031482145,350.35559235679307,81.87884668930872,267.99999796614816,142.99999980659538,0.5411764979362488,0.5882353186607361,0.6000000238418579,calibrated_uv_reprojection_plus_stereo_left
-57.98326110839844,-110.5750732421875,-450.02728271484375,199.96750796961038,349.53644054659765,81.92084202285497,269.0000009400405,143.00000071061498,0.5411764979362488,0.5882353186607361,0.6000000238418579,calibrated_uv_reprojection_plus_stereo_left
-57.04808807373047,-110.60494995117188,-450.126220703125,199.49311982909273,348.6829592394725,81.8763104744437,269.99999862140737,142.99999731857832,0.5372549295425415,0.5843137502670288,0.5960784554481506,calibrated_uv_reprojection_plus_stereo_left
-56.110435485839844,-110.63105010986328,-450.20977783203125,199.00819920674707,347.8332705996773,81.84252619742546,270.9999993581423,142.99999422217485,0.5372549295425415,0.5843137502670288,0.5960784554481506,calibrated_uv_reprojection_plus_stereo_left
-55.21053695678711,-110.73385620117188,-450.6054992675781,198.72986580744396,346.8956565101866,81.59093646107635,271.9999989698512,143.00000125813523,0.5372549295425415,0.5843137502670288,0.5960784554481506,calibrated_uv_reprojection_plus_stereo_left
-54.21992874145508,-110.65525817871094,-450.26300048828125,197.96216123853844,346.16473454622394,81.8544521731726,273.0000026578147,142.99999991829424,0.529411792755127,0.5764706134796143,0.5882353186607361,calibrated_uv_reprojection_plus_stereo_left
-53.215145111083984,-110.54448699951172,-449.7896423339844,197.10879026063742,345.47211363511565,82.20922502614047,273.99999948107853,143.00000306173706,0.5254902243614197,0.572549045085907,0.5843137502670288,calibrated_uv_reprojection_plus_stereo_left
-52.212646484375,-110.43463897705078,-449.320068359375,196.25896814872306,344.78001806569466,82.56131235875256,275.00000344585123,143.00000210392471,0.5098039507865906,0.5568627715110779,0.5686274766921997,calibrated_uv_reprojection_plus_stereo_left
-51.201751708984375,-110.30271911621094,-448.7607421875,195.35114803707773,344.11534705548524,82.97595696690945,275.9999992908602,143.00000162670278,0.3960784375667572,0.4431372582912445,0.4431372582912445,calibrated_uv_reprojection_plus_stereo_left
-50.175933837890625,-110.13318634033203,-448.0484313964844,194.34412438071206,343.4968863850941,83.49725045692946,277.0000015057969,142.9999962403607,0.25882354378700256,0.30980393290519714,0.30588236451148987,calibrated_uv_reprojection_plus_stereo_left
-49.356956481933594,-110.41996002197266,-449.1925048828125,194.55559614775422,342.34012190260074,82.72377561168236,278.00000234086383,143.0000023370311,0.250980406999588,0.26274511218070984,0.26274511218070984,calibrated_uv_reprojection_plus_stereo_left
-48.836429595947266,-111.39888000488281,-453.1519470214844,196.60635579169417,340.3536754529609,79.98708041209488,278.9999984841708,142.99999606634367,0.26274511218070984,0.2705882489681244,0.2666666805744171,calibrated_uv_reprojection_plus_stereo_left
-48.328975677490234,-112.447509765625,-457.39459228515625,198.83246177043037,338.26900150492435,77.05333244189956,280.0000010914809,143.00000311878773,0.29411765933036804,0.27843138575553894,0.24705882370471954,calibrated_uv_reprojection_plus_stereo_left
-47.67491149902344,-113.19100189208984,-460.3956298828125,200.2388910429388,336.53715162902796,74.98578274493929,280.99999958595185,142.99999662478547,0.30980393290519714,0.29019609093666077,0.2549019753932953,calibrated_uv_reprojection_plus_stereo_left
-47.05349349975586,-114.04473876953125,-463.84478759765625,201.92960137750737,334.66029484637704,72.6061274438095,282.0000020367532,142.99999937764088,0.3019607961177826,0.27450981736183167,0.23137255012989044,calibrated_uv_reprojection_plus_stereo_left
-46.73061752319336,-115.67394256591797,-470.4474182128906,205.6600986195807,331.8229590738923,68.02840318766181,283.000001702237,142.99999955907532,0.45098039507865906,0.42352941632270813,0.3803921639919281,calibrated_uv_reprojection_plus_stereo_left
-47.10569381713867,-119.13941955566406,-484.5171813964844,214.21550139328122,326.7034863041735,58.24607967815348,284.00000254432973,143.00000709499375,0.6235294342041016,0.5882353186607361,0.5098039507865906,calibrated_uv_reprojection_plus_stereo_left
-84.0117416381836,-129.18630981445312,-530.7098388671875,261.81499186372287,341.4555726279478,24.63085515647157,254.9999963598052,143.99998945131438,0.3764705955982208,0.34117648005485535,0.20392157137393951,calibrated_uv_reprojection_plus_stereo_left
-73.01736450195312,-113.79634857177734,-467.4630432128906,218.14880872031245,356.29970461123236,68.91397301582379,255.99999764494004,143.99999749118683,0.23529411852359772,0.21176470816135406,0.09803921729326248,calibrated_uv_reprojection_plus_stereo_left
-71.60546112060547,-113.1236801147461,-464.6765441894531,215.6962483122581,356.14522079841834,70.88893314063552,256.99999709762585,143.99999596737456,0.21960784494876862,0.2078431397676468,0.1411764770746231,calibrated_uv_reprojection_plus_stereo_left
-70.41205596923828,-112.78239440917969,-463.25146484375,214.1732724170136,355.65537862184954,71.91114586459543,257.99999469781426,143.99999348892771,0.20000000298023224,0.19607843458652496,0.13333334028720856,calibrated_uv_reprojection_plus_stereo_left
-69.25310516357422,-112.487548828125,-462.0173034667969,212.78282348335313,355.1218353340963,72.7996474214529,259.0000005086548,144.00000015093232,0.1882352977991104,0.20000000298023224,0.13725490868091583,calibrated_uv_reprojection_plus_stereo_left
-67.78205108642578,-111.67018127441406,-458.6371765136719,209.94552622081164,355.1450641661718,75.18910935733231,260.00000031660574,143.9999939092952,0.1882352977991104,0.1921568661928177,0.1411764770746231,calibrated_uv_reprojection_plus_stereo_left
-66.42640686035156,-111.02210235595703,-455.9526672363281,207.58534134343716,355.00023006722205,77.09166254909991,261.00000377001567,143.99999708298552,0.1882352977991104,0.1921568661928177,0.14901961386203766,calibrated_uv_reprojection_plus_stereo_left
-65.133056640625,-110.46068572998047,-453.62432861328125,205.47127421703425,354.77213447866416,78.74482649399698,262.0000009718301,144.00000355411754,0.1882352977991104,0.1921568661928177,0.1568627506494522,calibrated_uv_reprojection_plus_stereo_left
-63.817138671875,-109.8437728881836,-451.0682678222656,203.2096972933395,354.6123134888035,80.55700118957475,262.99999944717746,143.9999949887034,0.1882352977991104,0.1921568661928177,0.16470588743686676,calibrated_uv_reprojection_plus_stereo_left
-62.89178466796875,-109.89067840576172,-451.2383117675781,202.78274087858148,353.74004709583005,80.46260137071471,263.9999997348002,143.9999991433054,0.1764705926179886,0.1882352977991104,0.1725490242242813,calibrated_uv_reprojection_plus_stereo_left
-61.86806869506836,-109.76461029052734,-450.69805908203125,201.87971073181302,353.0563727737898,80.86488201777371,264.99999960280184,143.99999327317045,0.18431372940540314,0.2078431397676468,0.20000000298023224,calibrated_uv_reprojection_plus_stereo_left
-60.843666076660156,-109.63343811035156,-450.136962890625,200.9639529471727,352.38015646503925,81.28167290495321,265.999999743624,144.00000332077767,0.30588236451148987,0.3450980484485626,0.33725491166114807,calibrated_uv_reprojection_plus_stereo_left
-59.872894287109375,-109.59637451171875,-449.96221923828125,200.30723720273068,351.6014614761525,81.42831254315615,266.999996835661,143.99999408173096,0.48235294222831726,0.529411792755127,0.5215686559677124,calibrated_uv_reprojection_plus_stereo_left
-58.858802795410156,-109.47762298583984,-449.45220947265625,199.42756402329348,350.91450294039214,81.80929658323527,268.0000016308122,144.00000625435985,0.572549045085907,0.6235294342041016,0.6274510025978088,calibrated_uv_reprojection_plus_stereo_left
-57.91292953491211,-109.48403930664062,-449.4560241699219,198.89062267601673,350.0885492172883,81.83107235237117,268.9999995435113,144.00000181105707,0.5921568870544434,0.6392157077789307,0.6509804129600525,calibrated_uv_reprojection_plus_stereo_left
-56.9632568359375,-109.48345947265625,-449.4311218261719,198.33453353843186,349.27037552032255,81.87292319979917,269.99999840491273,143.9999989236526,0.5960784554481506,0.6431372761726379,0.6549019813537598,calibrated_uv_reprojection_plus_stereo_left
-56.03679656982422,-109.52832794189453,-449.5927734375,197.90198920618764,348.40038323445873,81.78439393962213,270.9999989581278,143.9999956079346,0.5882353186607361,0.6352941393852234,0.6470588445663452,calibrated_uv_reprojection_plus_stereo_left
-55.14682388305664,-109.64738464355469,-450.0589294433594,197.6703008719361,347.4445896393851,81.48308505265885,271.9999997801767,143.99999505714555,0.5803921818733215,0.6274510025978088,0.6392157077789307,calibrated_uv_reprojection_plus_stereo_left
-54.16871643066406,-109.59239959716797,-449.8106994628906,196.96594367669314,346.6878861480176,81.68103240260098,272.9999977372583,143.9999946244458,0.5686274766921997,0.615686297416687,0.6274510025978088,calibrated_uv_reprojection_plus_stereo_left
-53.18990707397461,-109.53410339355469,-449.5489501953125,196.25318343548338,345.93579724346125,81.88839677203396,274.0000014417934,144.0000067401747,0.4901960790157318,0.5372549295425415,0.5490196347236633,calibrated_uv_reprojection_plus_stereo_left
-52.25205993652344,-109.55968475341797,-449.6313781738281,195.7673050218046,345.0864758263816,81.85527767555317,275.000000004837,143.99999887210203,0.3607843220233917,0.40784314274787903,0.41960784792900085,calibrated_uv_reprojection_plus_stereo_left
-51.242008209228516,-109.43211364746094,-449.0853271484375,194.86863041819964,344.4169544403321,82.26123556840537,276.00000152485427,144.00000042018104,0.23529411852359772,0.27843138575553894,0.2705882489681244,calibrated_uv_reprojection_plus_stereo_left
-50.409427642822266,-109.68598937988281,-450.1046142578125,194.9967335229698,343.2975542592947,81.5736453111486,277.00000097015715,143.9999997344353,0.2078431397676468,0.2549019753932953,0.239215686917305,calibrated_uv_reprojection_plus_stereo_left
-49.588096618652344,-109.97468566894531,-451.2666931152344,195.21568155867163,342.1328117283591,80.78642596508786,278.00000065182513,144.000003071219,0.239215686917305,0.250980406999588,0.21960784494876862,calibrated_uv_reprojection_plus_stereo_left
-48.80231857299805,-110.35521697998047,-452.8054504394531,195.67763515545795,340.8535751686668,79.73624476950431,279.0000005161274,144.0000023990121,0.26274511218070984,0.2666666805744171,0.23529411852359772,calibrated_uv_reprojection_plus_stereo_left
-48.37893295288086,-111.58695220947266,-457.83648681640625,198.41121210528104,338.54141513575195,76.24721689130115,279.9999975957001,143.99999754170216,0.2862745225429535,0.27450981736183167,0.23137255012989044,calibrated_uv_reprojection_plus_stereo_left
-47.778621673583984,-112.45269775390625,-461.365478515625,200.155745198768,336.65516584929094,73.80768899070551,281.00000082841086,143.99999979191549,0.30980393290519714,0.29411765933036804,0.250980406999588,calibrated_uv_reprojection_plus_stereo_left
-47.21154022216797,-113.43448638916016,-465.37017822265625,202.2005155897681,334.61415077715515,71.03636579162719,281.9999981128712,144.00000031446896,0.30980393290519714,0.2862745225429535,0.23137255012989044,calibrated_uv_reprojection_plus_stereo_left
-46.48585891723633,-114.06903839111328,-467.9499816894531,203.31231437827563,332.9852200120296,69.26040364609588,282.9999998282655,143.9999988090491,0.43921568989753723,0.4156862795352936,0.3607843220233917,calibrated_uv_reprojection_plus_stereo_left
-46.11945343017578,-115.6321029663086,-474.33843994140625,206.88102854492297,330.1984621122772,64.82557442820678,284.0000004906841,144.00000554041253,0.6235294342041016,0.5803921818733215,0.5058823823928833,calibrated_uv_reprojection_plus_stereo_left
-73.12955474853516,-112.97647857666016,-468.1589660644531,217.89780935292913,356.5369262864991,67.91873025171907,255.9999989811024,145.00000468401123,0.23137255012989044,0.20000000298023224,0.08627451211214066,calibrated_uv_reprojection_plus_stereo_left
-71.67451477050781,-112.24441528320312,-465.1022033691406,215.26554110776476,356.44658730640333,70.08610327385378,256.99999626980184,144.9999970624343,0.2235294133424759,0.21176470816135406,0.14509804546833038,calibrated_uv_reprojection_plus_stereo_left
-70.4798355102539,-111.9054946899414,-463.6747741699219,213.74260243003312,355.955332285776,71.11148982548758,257.99999930728194,145.0000055832715,0.2078431397676468,0.20392157137393951,0.13333334028720856,calibrated_uv_reprojection_plus_stereo_left
-69.25843811035156,-111.51410675048828,-462.030029296875,212.0762808702113,355.52452420682744,72.28899217847555,258.9999995185824,144.9999969902028,0.19607843458652496,0.2078431397676468,0.13725490868091583,calibrated_uv_reprojection_plus_stereo_left
-67.83982849121094,-110.78954315185547,-459.0051574707031,209.48357770212942,355.4536566229836,74.43319688260533,260.000002843261,145.0000061370145,0.19607843458652496,0.20392157137393951,0.1411764770746231,calibrated_uv_reprojection_plus_stereo_left
-66.56847381591797,-110.28804016113281,-456.9046325683594,207.5199733903092,355.154940085716,75.92955731345177,260.99999982850795,145.00000203646863,0.1921568661928177,0.19607843458652496,0.14901961386203766,calibrated_uv_reprojection_plus_stereo_left
-65.2720718383789,-109.72978210449219,-454.5691833496094,205.40354435801004,354.9249176988701,77.59025283494668,262.00000223577484,144.99999408740462,0.1921568661928177,0.19607843458652496,0.1568627506494522,calibrated_uv_reprojection_plus_stereo_left
-63.976661682128906,-109.15662384033203,-452.1722717285156,203.2514275499754,354.71944730342057,79.29374386225822,262.9999977279755,144.99999388592164,0.1882352977991104,0.1921568661928177,0.16078431904315948,calibrated_uv_reprojection_plus_stereo_left
-63.00090026855469,-109.11983489990234,-451.99737548828125,202.59198506157605,353.93634520653126,79.44076391189952,263.9999988353619,145.0000000649199,0.18039216101169586,0.1921568661928177,0.1725490242242813,calibrated_uv_reprojection_plus_stereo_left
-61.97030258178711,-108.98556518554688,-451.418701171875,201.66315455311297,353.2610386937223,79.87054018446275,264.99999852852443,144.99999959172345,0.1725490242242813,0.1921568661928177,0.18431372940540314,calibrated_uv_reprojection_plus_stereo_left
-60.941650390625,-108.85066223144531,-450.83746337890625,200.73392048575892,352.5884162560223,80.30205181428539,265.9999986513442,145.00000038224962,0.14901961386203766,0.18431372940540314,0.1725490242242813,calibrated_uv_reprojection_plus_stereo_left
-59.92937469482422,-108.74128723144531,-450.36199951171875,199.8764047133174,351.8893075770343,80.65944231398231,267.000001403704,144.9999994175882,0.15294118225574493,0.19607843458652496,0.18039216101169586,calibrated_uv_reprojection_plus_stereo_left
-58.94656753540039,-108.68279266357422,-450.0973205566406,199.1599961321033,351.13466149627044,80.86920197718467,267.99999952330944,145.0000048753865,0.21568627655506134,0.26274511218070984,0.26274511218070984,calibrated_uv_reprojection_plus_stereo_left
-57.98260498046875,-108.65779876708984,-449.9713439941406,198.53614080086345,350.342986953747,80.98183912315574,268.99999759829984,144.9999969192345,0.30980393290519714,0.35686275362968445,0.3686274588108063,calibrated_uv_reprojection_plus_stereo_left
-57.030582427978516,-108.6548080444336,-449.9365234375,197.97284652320826,349.52659609813077,81.030649940908,269.9999977152771,144.99999716820616,0.3686274588108063,0.42352941632270813,0.4313725531101227,calibrated_uv_reprojection_plus_stereo_left
-56.06656265258789,-108.6285629272461,-449.805419921875,197.34592778238857,348.7368513553327,81.14685585250749,270.9999974844044,144.9999994323716,0.3803921639919281,0.4431372582912445,0.4470588266849518,calibrated_uv_reprojection_plus_stereo_left
-55.16967010498047,-108.73381805419922,-450.21881103515625,197.07839706712366,347.7957967686365,80.88194526409677,272.00000187357034,145.00000182284572,0.33725491166114807,0.40392157435417175,0.3960784375667572,calibrated_uv_reprojection_plus_stereo_left
-54.25640869140625,-108.81002807617188,-450.5118713378906,196.7305738611944,346.8868409170801,80.70130286192045,272.99999802561615,144.99999676115164,0.2666666805744171,0.3333333432674408,0.32156863808631897,calibrated_uv_reprojection_plus_stereo_left
-53.36915969848633,-108.9421615600586,-451.03643798828125,196.53411115548863,345.911348505331,80.35868292915188,273.9999968511602,144.99999366774003,0.21960784494876862,0.27843138575553894,0.2705882489681244,calibrated_uv_reprojection_plus_stereo_left
-52.480194091796875,-109.07563018798828,-451.5665283203125,196.33991816428812,344.9322364998675,80.01225208190039,275.0000002051812,145.00000375126746,0.2078431397676468,0.25882354378700256,0.2549019753932953,calibrated_uv_reprojection_plus_stereo_left
-51.50797653198242,-109.03791809082031,-451.38787841796875,195.6802869502036,344.15366719079054,80.16179940798571,276.0000027997928,145.0000033454192,0.20392157137393951,0.239215686917305,0.23137255012989044,calibrated_uv_reprojection_plus_stereo_left
-50.61048889160156,-109.1600570678711,-451.8709411621094,195.45350979907641,343.18524402647324,79.84836189701696,276.999997914237,145.0000004862257,0.21176470816135406,0.239215686917305,0.23137255012989044,calibrated_uv_reprojection_plus_stereo_left
-49.74136734008789,-109.34937286376953,-452.63201904296875,195.4068650429275,342.1344130453929,79.34048130181105,277.9999986396311,144.9999977703098,0.23529411852359772,0.24313725531101227,0.2078431397676468,calibrated_uv_reprojection_plus_stereo_left
-48.968475341796875,-109.76191711425781,-454.3170166015625,195.95996203760706,340.8114310468361,78.18635938790891,279.00000069941694,145.00000291871874,0.26274511218070984,0.2666666805744171,0.2235294133424759,calibrated_uv_reprojection_plus_stereo_left
-48.50326919555664,-110.8945541381836,-458.9822082519531,198.44606244667875,338.6082220272538,74.94780863077386,279.9999990798672,145.0000002328029,0.29019609093666077,0.2666666805744171,0.2235294133424759,calibrated_uv_reprojection_plus_stereo_left
-47.84523010253906,-111.6236801147461,-461.9769287109375,199.83705717476084,336.8806479008156,72.87815710602331,280.9999995892668,144.99999987228242,0.3176470696926117,0.29411765933036804,0.250980406999588,calibrated_uv_reprojection_plus_stereo_left
-47.18489456176758,-112.37785339355469,-465.07501220703125,201.28770016669512,335.11124214628023,70.73654400048093,282.00000105173325,145.00000134167504,0.32156863808631897,0.2862745225429535,0.239215686917305,calibrated_uv_reprojection_plus_stereo_left
-46.50236129760742,-113.11026000976562,-468.08270263671875,202.67237891933024,333.3573206586727,68.65848657848943,282.9999984677061,145.00000190945735,0.4470588266849518,0.4117647111415863,0.3607843220233917,calibrated_uv_reprojection_plus_stereo_left
-46.379886627197266,-115.26656341552734,-476.9822998046875,207.85112952702838,329.8211292548926,62.4607041701164,284.00000030996364,145.00000523359563,0.6196078658103943,0.5607843399047852,0.48627451062202454,calibrated_uv_reprojection_plus_stereo_left
-73.43831634521484,-112.45465850830078,-470.1131896972656,218.4968506238015,356.46291395635734,66.03879816376008,256.0000037446679,146.00000258022664,0.239215686917305,0.1921568661928177,0.0784313753247261,calibrated_uv_reprojection_plus_stereo_left
-71.72068786621094,-111.32781219482422,-465.3793640136719,214.73310975594285,356.78585332711646,69.38656124426456,256.9999969656702,146.00000044837867,0.22745098173618317,0.21568627655506134,0.1411764770746231,calibrated_uv_reprojection_plus_stereo_left
-70.53494262695312,-111.00685119628906,-464.0146484375,213.25432138247555,356.27705499624267,70.36946968389606,257.9999995148663,145.99999832222267,0.21176470816135406,0.2078431397676468,0.13725490868091583,calibrated_uv_reprojection_plus_stereo_left
-69.28211975097656,-110.56987762451172,-462.1651916503906,211.45215835165055,355.89616511467335,71.6923805325593,259.00000445875924,146.00000641428852,0.20000000298023224,0.20392157137393951,0.14509804546833038,calibrated_uv_reprojection_plus_stereo_left
-67.98090362548828,-110.04216766357422,-459.9366149902344,209.39941666766293,355.61885105757267,73.28111589129395,259.99999741757995,146.00000112370327,0.20000000298023224,0.20392157137393951,0.14509804546833038,calibrated_uv_reprojection_plus_stereo_left
-66.68411254882812,-109.50653076171875,-457.6751708984375,207.32985759284844,355.35803491378556,74.89266853069233,261.00000429498834,146.00000701243522,0.1921568661928177,0.20000000298023224,0.14509804546833038,calibrated_uv_reprojection_plus_stereo_left
-65.36258697509766,-108.91400909423828,-455.1761474609375,205.10646463370352,355.1669960963245,76.67066278793374,261.9999967180242,145.99999647478435,0.1882352977991104,0.19607843458652496,0.14509804546833038,calibrated_uv_reprojection_plus_stereo_left
-64.08893585205078,-108.38485717773438,-452.9422607421875,203.06630777201798,354.9157539171304,78.26238815537027,263.00000002634766,146.00000311000463,0.18431372940540314,0.1882352977991104,0.14509804546833038,calibrated_uv_reprojection_plus_stereo_left
-63.11454772949219,-108.3535385131836,-452.7889099121094,202.42054529938179,354.1254392478827,78.39449400568407,264.0000036575427,146.00000147749893,0.18039216101169586,0.1882352977991104,0.1568627506494522,calibrated_uv_reprojection_plus_stereo_left
-62.07097625732422,-108.20073699951172,-452.1279296875,201.4367544486143,353.46999215653983,78.88263588218223,265.0000015172757,145.999996656453,0.1725490242242813,0.1882352977991104,0.16862745583057404,calibrated_uv_reprojection_plus_stereo_left
-61.024227142333984,-108.0376205444336,-451.4239196777344,200.42584056009457,352.82831992877266,79.40088727725151,265.9999987878575,145.9999938027815,0.16862745583057404,0.19607843458652496,0.1764705926179886,calibrated_uv_reprojection_plus_stereo_left
-60.02924728393555,-107.9625244140625,-451.0877685546875,199.66081142951612,352.0903411813501,79.66108920891622,267.0000008748676,145.99999772142382,0.16470588743686676,0.2078431397676468,0.1921568661928177,calibrated_uv_reprojection_plus_stereo_left
-59.047489166259766,-107.90925598144531,-450.84283447265625,198.95697574615463,351.3288152846401,79.85729525741135,267.99999999142085,145.99999945568044,0.1764705926179886,0.21960784494876862,0.20392157137393951,calibrated_uv_reprojection_plus_stereo_left
-58.05939483642578,-107.84256744384766,-450.5418395996094,198.21655547897586,350.58331898064955,80.09278882487507,268.999999258779,145.99999728291175,0.18431372940540314,0.22745098173618317,0.21176470816135406,calibrated_uv_reprojection_plus_stereo_left
-57.08131408691406,-107.79265594482422,-450.31097412109375,197.52309155086658,349.81958930855757,80.27908228684822,269.99999915742075,145.99999905588376,0.18431372940540314,0.23137255012989044,0.21568627655506134,calibrated_uv_reprojection_plus_stereo_left
-56.162940979003906,-107.8558120727539,-450.55242919921875,197.14149112050205,348.92630475179834,80.13422865501201,270.999997123052,145.99999502649723,0.18431372940540314,0.23529411852359772,0.21960784494876862,calibrated_uv_reprojection_plus_stereo_left
-55.34744644165039,-108.1222152709961,-451.64288330078125,197.3179190396416,347.79627648675296,79.39424150354745,271.99999858136295,145.9999991914695,0.1882352977991104,0.239215686917305,0.2235294133424759,calibrated_uv_reprojection_plus_stereo_left
-54.444454193115234,-108.22413635253906,-452.0461730957031,197.04027627150782,346.85417831242444,79.13605268110342,272.99999738280917,145.9999983151427,0.1882352977991104,0.24313725531101227,0.22745098173618317,calibrated_uv_reprojection_plus_stereo_left
-53.54730987548828,-108.34163665771484,-452.5144958496094,196.80421870963562,345.8921744966411,78.83232876683155,274.0000008106515,145.99999898676194,0.1921568661928177,0.239215686917305,0.2235294133424759,calibrated_uv_reprojection_plus_stereo_left
-52.645633697509766,-108.45417022705078,-452.9620056152344,196.55333858221996,344.93422079420634,78.54324844020482,274.9999991147313,145.9999947905444,0.1921568661928177,0.239215686917305,0.2235294133424759,calibrated_uv_reprojection_plus_stereo_left
-51.60713195800781,-108.28388214111328,-452.22833251953125,195.52967698576123,344.31114291249685,79.08198640065075,275.9999990565128,145.99999540710382,0.2078431397676468,0.23137255012989044,0.21568627655506134,calibrated_uv_reprojection_plus_stereo_left
-50.692138671875,-108.3713150024414,-452.5710144042969,195.20953900934097,343.3818885772482,78.86639989801614,277.0000017365996,145.99999937777858,0.21568627655506134,0.23137255012989044,0.21568627655506134,calibrated_uv_reprojection_plus_stereo_left
-49.78742980957031,-108.48462677001953,-453.0216979980469,194.95879590228327,342.42007173093344,78.5751823047529,278.000000291346,145.99999613563216,0.23137255012989044,0.239215686917305,0.21176470816135406,calibrated_uv_reprojection_plus_stereo_left
-48.9877815246582,-108.83589935302734,-454.4660339355469,195.35240681639505,341.1677994910825,77.58782569496464,279.00000131814005,146.00000479209487,0.25882354378700256,0.26274511218070984,0.23137255012989044,calibrated_uv_reprojection_plus_stereo_left
-48.58773422241211,-110.10690307617188,-459.75048828125,198.23260299289126,338.7873973891136,73.91033150999556,279.9999990051209,145.99999733372434,0.2980392277240753,0.27450981736183167,0.23137255012989044,calibrated_uv_reprojection_plus_stereo_left
-47.97724151611328,-110.94328308105469,-463.2197570800781,199.92512526466612,336.92146012645634,71.50499471212123,280.9999980674988,145.99999508575428,0.32156863808631897,0.29411765933036804,0.250980406999588,calibrated_uv_reprojection_plus_stereo_left
-47.22682189941406,-111.48432922363281,-465.4556884765625,200.81241493696825,335.4077507591157,69.96394841395716,282.00000019584354,146.00000563232578,0.32156863808631897,0.2823529541492462,0.23137255012989044,calibrated_uv_reprojection_plus_stereo_left
-46.50989532470703,-112.1292953491211,-468.12518310546875,201.97383168263855,333.75653504407455,68.11948204490221,283.00000171628426,146.0000007384795,0.4431372582912445,0.4000000059604645,0.3490196168422699,calibrated_uv_reprojection_plus_stereo_left
-46.522789001464844,-114.60021209716797,-478.4171447753906,208.0348555766031,329.81081128293727,60.93682494577729,283.9999999591125,145.9999981269121,0.572549045085907,0.5098039507865906,0.4156862795352936,calibrated_uv_reprojection_plus_stereo_left
-74.04446411132812,-112.37584686279297,-473.97076416015625,220.37596798179237,355.9213893680403,62.81662848323077,255.99999583401205,146.99999344604242,0.24313725531101227,0.1882352977991104,0.07450980693101883,calibrated_uv_reprojection_plus_stereo_left
-71.8070297241211,-110.4718246459961,-465.9171447753906,214.37560617464283,357.06064322335345,68.50322050394965,256.99999979935876,146.99999819805976,0.23137255012989044,0.21960784494876862,0.14509804546833038,calibrated_uv_reprojection_plus_stereo_left
-70.61859893798828,-110.1512680053711,-464.5422668457031,212.89138668692902,356.5522439093047,69.49474333860604,257.9999959712662,146.99999858875003,0.2235294133424759,0.21568627655506134,0.1411764770746231,calibrated_uv_reprojection_plus_stereo_left
-69.3567123413086,-109.7055892944336,-462.6398620605469,211.05581718298242,356.1821786918953,70.85687001034182,258.99999749267266,146.99999747644688,0.2078431397676468,0.21176470816135406,0.1411764770746231,calibrated_uv_reprojection_plus_stereo_left
-68.08905029296875,-109.23800659179688,-460.6452941894531,209.16288502152082,355.8424349277193,72.28356012171804,260.0000053565238,147.00000111905226,0.20392157137393951,0.2078431397676468,0.1411764770746231,calibrated_uv_reprojection_plus_stereo_left
-66.7748794555664,-108.68124389648438,-458.27484130859375,207.02293180136246,355.60633962244117,73.97417478430776,260.99999439725576,146.9999962921986,0.19607843458652496,0.20392157137393951,0.14901961386203766,calibrated_uv_reprojection_plus_stereo_left
-65.46762084960938,-108.11963653564453,-455.88421630859375,204.8750820774972,355.3840091378023,75.67870798004009,262.00000110107726,146.99999758942465,0.1882352977991104,0.1921568661928177,0.14509804546833038,calibrated_uv_reprojection_plus_stereo_left
-64.17750549316406,-107.57007598876953,-453.5446472167969,202.76695361538128,355.1570383445359,77.34711123152692,263.00000208523477,147.0000064406414,0.18431372940540314,0.1882352977991104,0.14509804546833038,calibrated_uv_reprojection_plus_stereo_left
-63.252525329589844,-107.62525177001953,-453.7548522949219,202.36282692414034,354.2702222687945,77.2239712842254,264.0000018063762,147.00000045816853,0.1764705926179886,0.18431372940540314,0.15294118225574493,calibrated_uv_reprojection_plus_stereo_left
-62.15992736816406,-107.39261627197266,-452.7516784667969,201.15130928906638,353.7027629883697,77.95322921668918,265.00000155688116,146.99999838614457,0.1725490242242813,0.1882352977991104,0.16862745583057404,calibrated_uv_reprojection_plus_stereo_left
-61.11314392089844,-107.23318481445312,-452.0572204589844,200.14701608395006,353.05681418591723,78.46553039257668,266.00000050163624,147.00000070493513,0.1725490242242813,0.1882352977991104,0.1764705926179886,calibrated_uv_reprojection_plus_stereo_left
-60.095584869384766,-107.12088012695312,-451.56146240234375,199.27595574599735,352.36011372854716,78.83820209988039,266.99999875788916,146.99999674636905,0.16862745583057404,0.1921568661928177,0.18431372940540314,calibrated_uv_reprojection_plus_stereo_left
-59.098915100097656,-107.04287719726562,-451.2103576660156,198.5016623105659,351.6261332258089,79.10922922096984,267.9999982635801,146.99999723918177,0.16862745583057404,0.20000000298023224,0.1882352977991104,calibrated_uv_reprojection_plus_stereo_left
-58.110530853271484,-106.9776611328125,-450.9132080078125,197.76374063674405,350.8786798758395,79.3423281785989,269.00000101122816,147.00000442528494,0.16862745583057404,0.21176470816135406,0.19607843458652496,calibrated_uv_reprojection_plus_stereo_left
-57.14674758911133,-106.95641326904297,-450.8013610839844,197.14855895453968,350.0815828123665,79.4452824338178,270.0000011644086,147.00000138970435,0.18039216101169586,0.2235294133424759,0.21176470816135406,calibrated_uv_reprojection_plus_stereo_left
-56.211181640625,-106.98824310302734,-450.9132385253906,196.6807089996999,349.2232610964167,79.39113738267145,271.0000016035739,147.0000021159654,0.18431372940540314,0.22745098173618317,0.21960784494876862,calibrated_uv_reprojection_plus_stereo_left
-55.42372512817383,-107.30802917480469,-452.2386474609375,197.00921544204596,348.0285212257818,78.48498936038396,272.0000012917369,146.9999988533406,0.18431372940540314,0.23137255012989044,0.21960784494876862,calibrated_uv_reprojection_plus_stereo_left
-54.51011276245117,-107.39058685302734,-452.564208984375,196.67923883703548,347.1073651416465,78.28092600027401,272.999999577683,146.99999861970394,0.1882352977991104,0.23137255012989044,0.2235294133424759,calibrated_uv_reprojection_plus_stereo_left
-53.6021614074707,-107.487548828125,-452.950439453125,196.3880798104277,346.1678712470448,78.03431194736271,274.00000073730433,146.9999996589085,0.1921568661928177,0.23529411852359772,0.2235294133424759,calibrated_uv_reprojection_plus_stereo_left
-52.698509216308594,-107.59690856933594,-453.3888854980469,196.13000093102846,345.21209630399085,77.75108939979407,274.99999991477443,147.00000458667074,0.19607843458652496,0.239215686917305,0.2235294133424759,calibrated_uv_reprojection_plus_stereo_left
-51.632041931152344,-107.3718490600586,-452.41815185546875,194.95241544472532,344.6549669783759,78.45700244731029,275.99999969915916,147.0000005970601,0.2078431397676468,0.23137255012989044,0.21568627655506134,calibrated_uv_reprojection_plus_stereo_left
-50.70847702026367,-107.4411849975586,-452.6878967285156,194.58402358655468,343.7465453929274,78.29221065256411,276.9999998357832,146.99999491873103,0.21568627655506134,0.23137255012989044,0.21176470816135406,calibrated_uv_reprojection_plus_stereo_left
-49.7446174621582,-107.42626953125,-452.6026916503906,193.98442165184025,342.9391654087801,78.37654154211629,278.0000014586827,147.00000006749886,0.23137255012989044,0.23529411852359772,0.21568627655506134,calibrated_uv_reprojection_plus_stereo_left
-49.10178756713867,-108.11775207519531,-455.4934997558594,195.31370781618716,341.2700020436839,76.37253668798508,279.0000001186791,147.0000043019944,0.2549019753932953,0.25882354378700256,0.239215686917305,calibrated_uv_reprojection_plus_stereo_left
-48.62937545776367,-109.21977996826172,-460.1134948730469,197.7545761997303,339.0860588630983,73.15554115876279,280.0000004412118,146.99999856987068,0.2980392277240753,0.27450981736183167,0.23529411852359772,calibrated_uv_reprojection_plus_stereo_left
-48.00908660888672,-110.02800750732422,-463.49542236328125,199.3848241423484,337.2481502574651,70.80769002861479,281.00000150034884,147.00000099701674,0.32156863808631897,0.29411765933036804,0.250980406999588,calibrated_uv_reprojection_plus_stereo_left
-47.2635612487793,-110.57704162597656,-465.7851867675781,200.30296359668455,335.7200351957971,69.22642798114782,281.99999967990647,146.9999983157818,0.32156863808631897,0.2823529541492462,0.22745098173618317,calibrated_uv_reprojection_plus_stereo_left
-46.558631896972656,-111.24657440185547,-468.582275390625,201.5418649974373,334.0326957133326,67.28952810089277,282.9999990756251,146.99999596114503,0.4313725531101227,0.3921568691730499,0.3333333432674408,calibrated_uv_reprojection_plus_stereo_left
-46.752262115478516,-114.13906860351562,-480.7419738769531,208.78556524611548,329.53706749631374,58.785535222876035,284.0000003660268,146.9999950951096,0.5333333611488342,0.47058823704719543,0.37254902720451355,calibrated_uv_reprojection_plus_stereo_left
-75.79006958007812,-113.99446868896484,-485.1215515136719,227.15996004144938,353.5884423305853,54.45126848149545,255.9999994868878,148.00000217848773,0.27843138575553894,0.2078431397676468,0.09803921729326248,calibrated_uv_reprojection_plus_stereo_left
-71.97103881835938,-109.73194885253906,-466.9587707519531,214.35550044448507,357.2112366664029,67.26399817758858,256.9999996288684,147.99999796569267,0.23529411852359772,0.2235294133424759,0.14901961386203766,calibrated_uv_reprojection_plus_stereo_left
-70.87642669677734,-109.56267547607422,-466.2155456542969,213.29642492752714,356.541691250027,67.81238356570191,257.9999980417594,147.99999998707472,0.239215686917305,0.22745098173618317,0.15294118225574493,calibrated_uv_reprojection_plus_stereo_left
-69.7768783569336,-109.38098907470703,-465.4195556640625,212.20366593635543,355.88803618225035,68.39783526312505,258.99999937678405,147.9999980560906,0.23137255012989044,0.21960784494876862,0.15294118225574493,calibrated_uv_reprojection_plus_stereo_left
-68.25215148925781,-108.51818084716797,-461.7255859375,209.17290746574992,355.9729304316025,71.0229065283595,260.0000005429624,147.99999561706886,0.21960784494876862,0.21176470816135406,0.14901961386203766,calibrated_uv_reprojection_plus_stereo_left
-67.0404281616211,-108.13533020019531,-460.07403564453125,207.51560813162246,355.5489511161038,72.21016226956158,261.0000028735717,147.999999434382,0.20392157137393951,0.21176470816135406,0.1568627506494522,calibrated_uv_reprojection_plus_stereo_left
-65.85985565185547,-107.79228973388672,-458.5920104980469,205.97525843591643,355.0872403502153,73.27794408976422,262.00000180516975,148.00000269081153,0.1921568661928177,0.19607843458652496,0.14509804546833038,calibrated_uv_reprojection_plus_stereo_left
-64.69429779052734,-107.46405029296875,-457.1730651855469,204.48038255113903,354.61447081719257,74.30118549000201,263.00000224967226,147.99999895567333,0.18039216101169586,0.18431372940540314,0.1411764770746231,calibrated_uv_reprojection_plus_stereo_left
-63.44963455200195,-106.9925537109375,-455.1448669433594,202.58393284148104,354.30593231912826,75.75295663242514,264.00000055271175,148.00000126674496,0.18039216101169586,0.1882352977991104,0.15294118225574493,calibrated_uv_reprojection_plus_stereo_left
-62.32788848876953,-106.71710968017578,-453.9508056640625,201.24561510154882,353.78527943350537,76.61764507406616,265.000000748415,147.9999979926869,0.1725490242242813,0.1882352977991104,0.16862745583057404,calibrated_uv_reprojection_plus_stereo_left
-61.24378204345703,-106.49859619140625,-452.9990234375,200.07051213814015,353.20470704576513,77.31176115688476,265.9999983068179,147.99999643183043,0.1725490242242813,0.1921568661928177,0.1764705926179886,calibrated_uv_reprojection_plus_stereo_left
-60.19734573364258,-106.33978271484375,-452.3013000488281,199.06552715116527,352.5597369313567,77.82705339831574,267.0000020339829,148.0000054783717,0.1725490242242813,0.19607843458652496,0.1882352977991104,calibrated_uv_reprojection_plus_stereo_left
-59.22353744506836,-106.30631256103516,-452.1366882324219,198.41387950904777,351.77402797455693,77.96728822198003,268.00000169596944,148.00000034523646,0.16862745583057404,0.20000000298023224,0.1882352977991104,calibrated_uv_reprojection_plus_stereo_left
-58.211387634277344,-106.2018814086914,-451.6703186035156,197.56381232478168,351.07039318128056,78.31974746091817,269.0000019207314,148.00000069219703,0.16862745583057404,0.21176470816135406,0.19607843458652496,calibrated_uv_reprojection_plus_stereo_left
-57.22153091430664,-106.13541412353516,-451.36541748046875,196.8209334514474,350.3243884320303,78.55860276477961,269.99999970144904,147.99999507901998,0.1725490242242813,0.21960784494876862,0.20392157137393951,calibrated_uv_reprojection_plus_stereo_left
-56.25815200805664,-106.11672973632812,-451.2637634277344,196.21206477230766,349.52367601829167,78.65449434178026,270.99999911732874,147.99999503466276,0.1725490242242813,0.2235294133424759,0.2078431397676468,calibrated_uv_reprojection_plus_stereo_left
-55.39457321166992,-106.28898620605469,-451.9740905761719,196.13517231180168,348.49918684977337,78.17939967078405,272.0000009976826,148.00000342120336,0.1764705926179886,0.2235294133424759,0.21176470816135406,calibrated_uv_reprojection_plus_stereo_left
-54.43691635131836,-106.28370666503906,-451.9294128417969,195.5629013811518,347.6816559734601,78.23525809381209,273.00000046596745,148.0000043994902,0.18039216101169586,0.2235294133424759,0.21176470816135406,calibrated_uv_reprojection_plus_stereo_left
-53.47756576538086,-106.27497863769531,-451.87005615234375,194.9810792946244,346.868265162379,78.30143796571463,274.0000011129906,148.00000110589235,0.1921568661928177,0.2235294133424759,0.21176470816135406,calibrated_uv_reprojection_plus_stereo_left
-52.539588928222656,-106.30928039550781,-451.99365234375,194.51848677332782,346.0034831857164,78.23899447992244,275.00000085812934,147.99999811944872,0.20392157137393951,0.23137255012989044,0.2235294133424759,calibrated_uv_reprojection_plus_stereo_left
-51.711708068847656,-106.57184600830078,-453.08770751953125,194.6864662025211,344.86324369857266,77.49436167819363,276.0000000752852,147.99999908201215,0.21176470816135406,0.23137255012989044,0.2235294133424759,calibrated_uv_reprojection_plus_stereo_left
-50.848487854003906,-106.77022552490234,-453.9087829589844,194.67457866159214,343.7966791851004,76.94173264504121,277.00000185358834,148.00000092415155,0.21568627655506134,0.23137255012989044,0.2235294133424759,calibrated_uv_reprojection_plus_stereo_left
-50.006492614746094,-107.02175903320312,-454.95574951171875,194.80695555469276,342.6621619302142,76.23042393791565,278.00000072439866,148.00000630489308,0.23137255012989044,0.23529411852359772,0.21568627655506134,calibrated_uv_reprojection_plus_stereo_left
-49.265716552734375,-107.504150390625,-456.9839172363281,195.5711358056958,341.24033463294734,74.82963988101113,278.9999998056666,148.00000331058862,0.2549019753932953,0.25882354378700256,0.23529411852359772,calibrated_uv_reprojection_plus_stereo_left
-48.91460418701172,-108.87326049804688,-462.781005859375,198.76262642957016,338.7156814221971,70.78045321532642,279.9999989189681,148.00000082971144,0.29411765933036804,0.27450981736183167,0.23529411852359772,calibrated_uv_reprojection_plus_stereo_left
-48.2275390625,-109.53536224365234,-465.5724182128906,200.00399248908803,337.0485571166813,68.84398898119036,280.99999686973194,147.99999547331572,0.32156863808631897,0.29411765933036804,0.250980406999588,calibrated_uv_reprojection_plus_stereo_left
-47.40031433105469,-109.90021514892578,-467.1002197265625,200.42611687904002,335.7428886650814,67.79569727357216,282.00000011429825,147.9999998855032,0.32549020648002625,0.2862745225429535,0.23137255012989044,calibrated_uv_reprojection_plus_stereo_left
-46.5034065246582,-110.11571502685547,-467.99310302734375,200.43703111494335,334.6194820494239,67.19366467881895,283.00000004749563,148.00000137029565,0.43529412150382996,0.3960784375667572,0.33725491166114807,calibrated_uv_reprojection_plus_stereo_left
-46.199859619140625,-111.77629852294922,-475.0271911621094,204.37938367125423,331.6628619271556,62.27730732608967,283.9999984730378,147.99999722363407,0.501960813999176,0.45098039507865906,0.35686275362968445,calibrated_uv_reprojection_plus_stereo_left
-80.91654205322266,-120.6048355102539,-517.91064453125,248.46379185120958,345.9589950520866,30.803718679471444,255.9999954528542,148.99999427889668,0.38823530077934265,0.3137255012989044,0.1921568661928177,calibrated_uv_reprojection_plus_stereo_left
-72.13367462158203,-108.98555755615234,-467.99139404296875,214.3261132930279,357.3658942986634,66.02885302999385,257.00000069997134,149.00000080873895,0.2235294133424759,0.2078431397676468,0.13725490868091583,calibrated_uv_reprojection_plus_stereo_left
-70.94695281982422,-108.68004608154297,-466.6567077636719,212.87047803289397,356.84130156712615,66.99506061536044,258.0000050229811,149.000003386203,0.239215686917305,0.2235294133424759,0.15294118225574493,calibrated_uv_reprojection_plus_stereo_left
-69.8600845336914,-108.5211181640625,-465.9515075683594,211.83910893914998,356.1633663314465,67.51735782965682,258.99999850545885,149.0000013764814,0.23529411852359772,0.2235294133424759,0.1568627506494522,calibrated_uv_reprojection_plus_stereo_left
-68.3788833618164,-107.73644256591797,-462.5597839355469,209.0152149339158,356.16759416748044,69.93336950805678,260.0000019899963,149.00000419783552,0.22745098173618317,0.21960784494876862,0.1568627506494522,calibrated_uv_reprojection_plus_stereo_left
-67.16433715820312,-107.35533905029297,-460.9009704589844,207.35458580523442,355.74251298334485,71.12755180796347,260.99999558811345,148.99999618022508,0.21176470816135406,0.21568627655506134,0.16078431904315948,calibrated_uv_reprojection_plus_stereo_left
-65.99568939208984,-107.03756713867188,-459.5142517089844,205.87889581398412,355.2535406802308,72.12977686890747,262.00000137189204,149.00000068731504,0.19607843458652496,0.20000000298023224,0.14901961386203766,calibrated_uv_reprojection_plus_stereo_left
-64.82673645019531,-106.70989990234375,-458.08514404296875,204.3783045808986,354.78048412817316,73.16173510351234,263.00000191036963,148.99999499247926,0.18431372940540314,0.1882352977991104,0.14901961386203766,calibrated_uv_reprojection_plus_stereo_left
-63.6217041015625,-106.31209564208984,-456.3551330566406,202.68154999883416,354.39088424420964,74.40558765689286,264.0000002302009,148.99999657483664,0.18431372940540314,0.1882352977991104,0.15294118225574493,calibrated_uv_reprojection_plus_stereo_left
-62.48489761352539,-106.01790618896484,-455.0700378417969,201.283321723724,353.8908560578663,75.3357470742294,264.99999928589756,148.99999693925648,0.18431372940540314,0.18431372940540314,0.16862745583057404,calibrated_uv_reprojection_plus_stereo_left
-61.3970832824707,-105.79903411865234,-454.1083679199219,200.10175336984423,353.31003043553403,76.03788342043595,265.99999922248577,149.00000392851672,0.18039216101169586,0.18431372940540314,0.16862745583057404,calibrated_uv_reprojection_plus_stereo_left
-60.3192253112793,-105.59074401855469,-453.1921691894531,198.95240280857143,352.72051550694425,76.70788766384845,266.99999918862176,149.00000194409523,0.1725490242242813,0.1882352977991104,0.16862745583057404,calibrated_uv_reprojection_plus_stereo_left
-59.30619430541992,-105.49114227294922,-452.7425231933594,198.11226422783108,352.00934897334497,77.04911461820382,268.00000121314406,149.0000005096068,0.1725490242242813,0.1921568661928177,0.1764705926179886,calibrated_uv_reprojection_plus_stereo_left
-58.29998779296875,-105.40069580078125,-452.33221435546875,197.29897056873995,351.28911007135866,77.36258535304307,268.9999983024997,149.00000055500814,0.18039216101169586,0.20392157137393951,0.19607843458652496,calibrated_uv_reprojection_plus_stereo_left
-57.31956100463867,-105.35472106933594,-452.11279296875,196.61176389821907,350.5184504387982,77.54155697639032,270.00000138952976,149.00000241977415,0.1882352977991104,0.21176470816135406,0.20392157137393951,calibrated_uv_reprojection_plus_stereo_left
-56.33212661743164,-105.29417419433594,-451.8308410644531,195.8840762790344,349.7655586238329,77.76455255263511,270.9999963104412,148.99999992394032,0.1882352977991104,0.21568627655506134,0.2078431397676468,calibrated_uv_reprojection_plus_stereo_left
-55.452178955078125,-105.43601989746094,-452.4173889160156,195.72446807573795,348.7747159195337,77.37585638125324,272.00000005761126,149.0000036676509,0.1921568661928177,0.21568627655506134,0.2078431397676468,calibrated_uv_reprojection_plus_stereo_left
-54.49982833862305,-105.44285583496094,-452.424560546875,195.18549753384457,347.9420004180327,77.39523901201869,272.99999861558933,149.00000058787248,0.1921568661928177,0.21960784494876862,0.2078431397676468,calibrated_uv_reprojection_plus_stereo_left
-53.54179763793945,-105.43885040283203,-452.38525390625,194.61615981601733,347.1220859123107,77.44734978916495,274.000002596744,149.0000074350263,0.20392157137393951,0.2235294133424759,0.21568627655506134,calibrated_uv_reprojection_plus_stereo_left
-52.62546157836914,-105.51840209960938,-452.7043762207031,194.27975931306827,346.201640356895,77.24709227542428,274.99999964546504,149.00000067485783,0.21176470816135406,0.22745098173618317,0.2235294133424759,calibrated_uv_reprojection_plus_stereo_left
-51.74749755859375,-105.67936706542969,-453.37274169921875,194.16902999214892,345.1812817937751,76.80098438375626,275.99999774999736,148.99999599101665,0.21568627655506134,0.23137255012989044,0.21960784494876862,calibrated_uv_reprojection_plus_stereo_left
-50.88134002685547,-105.87107849121094,-454.1729736328125,194.14197368844526,344.1208642429278,76.26211353457501,277.0000005901229,149.00000032236025,0.21568627655506134,0.23137255012989044,0.21568627655506134,calibrated_uv_reprojection_plus_stereo_left
-50.03888702392578,-106.12053680419922,-455.2208251953125,194.27292828616646,342.98655280416455,75.5490224358669,277.9999987193085,149.0000014560776,0.23137255012989044,0.239215686917305,0.21568627655506134,calibrated_uv_reprojection_plus_stereo_left
-49.33020782470703,-106.6691665649414,-457.5518493652344,195.2289261829617,341.47885826203475,73.93282833004378,279.0000023748114,149.00000218712927,0.2549019753932953,0.25882354378700256,0.23137255012989044,calibrated_uv_reprojection_plus_stereo_left
-49.01839828491211,-108.11518859863281,-463.73175048828125,198.657143685344,338.8473779199669,69.60789049014824,280.0000007236927,148.99999806098003,0.29019609093666077,0.2666666805744171,0.22745098173618317,calibrated_uv_reprojection_plus_stereo_left
-48.22800827026367,-108.54325103759766,-465.5450134277344,199.26441772505808,337.46617506669094,68.35680922278436,281.0000004555005,149.00000053301775,0.3176470696926117,0.29019609093666077,0.24705882370471954,calibrated_uv_reprojection_plus_stereo_left
-47.380184173583984,-108.85731506347656,-466.8691711425781,199.5535371238749,336.22167785320613,67.45012846638474,281.99999850561346,149.00000163261905,0.32156863808631897,0.2862745225429535,0.22745098173618317,calibrated_uv_reprojection_plus_stereo_left
-46.50392150878906,-109.11815643310547,-467.9649353027344,199.69316810980092,335.0396053660619,66.70431193152046,283.0000020775262,149.00000057770305,0.42352941632270813,0.3843137323856354,0.32549020648002625,calibrated_uv_reprojection_plus_stereo_left
-46.46587371826172,-111.4000473022461,-477.7276306152344,205.36812797742357,331.2786526779822,59.860343638880636,284.0000003965973,148.99999465441005,0.4588235318660736,0.3960784375667572,0.32156863808631897,calibrated_uv_reprojection_plus_stereo_left
-89.2605972290039,-131.82789611816406,-571.2899780273438,283.48364941384403,333.3466404229104,-7.456349714496184,255.99999744580776,149.9999919783059,0.529411792755127,0.4470588266849518,0.32156863808631897,calibrated_uv_reprojection_plus_stereo_left
-72.37102508544922,-108.34662628173828,-469.5086364746094,214.6181559746097,357.4028461001436,64.44923754771486,257.00000270356384,149.9999992354874,0.21960784494876862,0.19607843458652496,0.125490203499794,calibrated_uv_reprojection_plus_stereo_left
-70.9786148071289,-107.73652648925781,-466.8421325683594,212.2721620883516,357.20524186157513,66.35735571166197,258.00000022604814,150.00000041184876,0.239215686917305,0.21568627655506134,0.14901961386203766,calibrated_uv_reprojection_plus_stereo_left
-69.89571380615234,-107.58574676513672,-466.1661071777344,211.26107172603804,356.5190664760505,66.85978993067965,258.99999953522655,150.0000018995181,0.23529411852359772,0.21960784494876862,0.15294118225574493,calibrated_uv_reprojection_plus_stereo_left
-68.54966735839844,-107.0199203491211,-463.69183349609375,209.05339388378104,356.28863323854694,68.6317340713237,259.99999621970494,150.00000052845638,0.23137255012989044,0.21960784494876862,0.15294118225574493,calibrated_uv_reprojection_plus_stereo_left
-67.2979965209961,-106.58727264404297,-461.7947998046875,207.23547297907328,355.92053817841986,69.99591096576813,260.9999991890361,149.9999989625781,0.21176470816135406,0.21176470816135406,0.1568627506494522,calibrated_uv_reprojection_plus_stereo_left
-66.10701751708984,-106.2395248413086,-460.2657775878906,205.66633252385918,355.4651367842957,71.1001061773647,262.0000007097216,150.00000093784513,0.1921568661928177,0.1921568661928177,0.14509804546833038,calibrated_uv_reprojection_plus_stereo_left
-64.94827270507812,-105.9340591430664,-458.9200744628906,204.22226067155464,354.967988869677,72.07474504714224,262.9999990324201,150.00000341273534,0.18431372940540314,0.1882352977991104,0.1568627506494522,calibrated_uv_reprojection_plus_stereo_left
-63.79890823364258,-105.63497161865234,-457.60211181640625,202.79968573159368,354.46844594529875,73.02966579913999,264.00000172959403,150.00000190414545,0.18431372940540314,0.1882352977991104,0.16078431904315948,calibrated_uv_reprojection_plus_stereo_left
-62.64105224609375,-105.31249237060547,-456.1829528808594,201.313375117408,354.00005546341765,74.05586581046578,265.00000150104154,150.00000154397404,0.18431372940540314,0.18431372940540314,0.16862745583057404,calibrated_uv_reprojection_plus_stereo_left
-61.526851654052734,-105.0545654296875,-455.0435485839844,200.01476686325566,353.46313420546306,74.88449663723412,266.0000004198093,150.00000398761844,0.1764705926179886,0.18431372940540314,0.16470588743686676,calibrated_uv_reprojection_plus_stereo_left
-60.46120834350586,-104.87277221679688,-454.2339782714844,198.9358079020472,352.8428715895883,75.48027090318999,266.99999697947237,149.99999908207297,0.1725490242242813,0.1882352977991104,0.16862745583057404,calibrated_uv_reprojection_plus_stereo_left
-59.43458938598633,-104.75399017333984,-453.6974182128906,198.0379820041208,352.1526133672867,75.88332855050243,267.99999832366416,150.00000108191065,0.1725490242242813,0.1921568661928177,0.1764705926179886,calibrated_uv_reprojection_plus_stereo_left
-58.39627456665039,-104.61045837402344,-453.0537109375,197.07113177760368,351.4929809291993,76.36192790545311,269.00000025305826,150.0000010911702,0.1764705926179886,0.20000000298023224,0.1921568661928177,calibrated_uv_reprojection_plus_stereo_left
-57.40994644165039,-104.55691528320312,-452.79974365234375,196.36074916016855,350.7301738809182,76.56551532226734,269.99999710871623,149.9999940138312,0.18431372940540314,0.21568627655506134,0.20392157137393951,calibrated_uv_reprojection_plus_stereo_left
-56.452945709228516,-104.55596923828125,-452.77362060546875,195.79967974447402,349.9061296620697,76.60834791379921,271.0000010866335,150.00000007437393,0.18431372940540314,0.2235294133424759,0.2078431397676468,calibrated_uv_reprojection_plus_stereo_left
-55.52925109863281,-104.61783599853516,-453.0194396972656,195.41587374612368,349.0075058550148,76.45936977101195,271.9999983272295,149.99999378912202,0.1921568661928177,0.2235294133424759,0.21176470816135406,calibrated_uv_reprojection_plus_stereo_left
-54.56277847290039,-104.59996032714844,-452.91998291015625,194.80672721364482,348.203143359237,76.55394310477402,272.999999007744,149.9999966239812,0.19607843458652496,0.21960784494876862,0.21176470816135406,calibrated_uv_reprojection_plus_stereo_left
-53.641204833984375,-104.66915893554688,-453.1975402832031,194.4425959645327,347.2942797056571,76.38261965307714,273.99999987867193,149.99999771020723,0.2078431397676468,0.22745098173618317,0.21960784494876862,calibrated_uv_reprojection_plus_stereo_left
-52.7348518371582,-104.7712173461914,-453.6173400878906,194.16992415379963,346.34449152051985,76.11102018340841,275.00000248380957,149.99999953683027,0.21176470816135406,0.22745098173618317,0.2235294133424759,calibrated_uv_reprojection_plus_stereo_left
-51.83447265625,-104.88923645019531,-454.106201171875,193.94084918214696,345.3736000291216,75.79077066828762,276.00000021711,150.00000265254687,0.21176470816135406,0.22745098173618317,0.2235294133424759,calibrated_uv_reprojection_plus_stereo_left
-50.94715881347656,-105.03876495361328,-454.73138427734375,193.79856564194688,344.3621573883687,75.37446247251188,277.0000003739507,149.99999694918466,0.21176470816135406,0.22745098173618317,0.21960784494876862,calibrated_uv_reprojection_plus_stereo_left
-50.11257553100586,-105.30494689941406,-455.86151123046875,193.98020887054338,343.2043045666576,74.60221855007376,277.9999970821913,149.9999958845969,0.23137255012989044,0.23529411852359772,0.21568627655506134,calibrated_uv_reprojection_plus_stereo_left
-49.3861083984375,-105.8133316040039,-458.03997802734375,194.83360098192503,341.74129425407403,73.09103573029432,278.99999913583105,149.99999890674582,0.2549019753932953,0.25882354378700256,0.23137255012989044,calibrated_uv_reprojection_plus_stereo_left
-49.03752517700195,-107.16800689697266,-463.88140869140625,198.0342077253817,339.2121407822704,68.99796213689717,279.99999934177157,149.99999566436844,0.2862745225429535,0.26274511218070984,0.23137255012989044,calibrated_uv_reprojection_plus_stereo_left
-48.25583267211914,-107.61223602294922,-465.7815856933594,198.69414740865562,337.80702206159253,67.68361374609094,280.9999968659747,150.00000024252023,0.30980393290519714,0.27843138575553894,0.24313725531101227,calibrated_uv_reprojection_plus_stereo_left
-47.37566375732422,-107.85093688964844,-466.7919921875,198.78011860466052,336.6550511950006,66.99660784269969,282.00000049460084,149.99999770659974,0.32156863808631897,0.2862745225429535,0.22745098173618317,calibrated_uv_reprojection_plus_stereo_left
-46.49839401245117,-108.10665130615234,-467.8759460449219,198.910541754431,335.4775895488341,66.25787906336416,283.00000164128517,149.99999894739835,0.4156862795352936,0.3764705955982208,0.3137255012989044,calibrated_uv_reprojection_plus_stereo_left
-46.694087982177734,-110.92243957519531,-480.0390319824219,206.10049349237005,331.0144407522316,57.711651394713044,283.9999981737198,150.00000244893127,0.3960784375667572,0.3294117748737335,0.24705882370471954,calibrated_uv_reprojection_plus_stereo_left
-73.12946319580078,-108.47415924072266,-474.4060974121094,217.1645776524275,356.6117724766008,60.4756402446842,256.99999862240725,151.0000024918408,0.21568627655506134,0.1921568661928177,0.0941176488995552,calibrated_uv_reprojection_plus_stereo_left
-71.03694152832031,-106.83230590820312,-467.20294189453125,211.79025738966413,357.5260897635451,65.59520508099962,258.00000035830305,151.0000055539698,0.239215686917305,0.21960784494876862,0.125490203499794,calibrated_uv_reprojection_plus_stereo_left
-69.92483520507812,-106.63953399658203,-466.3373107910156,210.65346147154645,356.8859683652085,66.232437933916,259.0000047347143,150.9999997705612,0.239215686917305,0.21568627655506134,0.14509804546833038,calibrated_uv_reprojection_plus_stereo_left
-68.65642547607422,-106.19955444335938,-464.3907775878906,208.8001550217847,356.52047531151584,67.63387962663307,260.0000022721018,150.99999631786358,0.23529411852359772,0.21568627655506134,0.14901961386203766,calibrated_uv_reprojection_plus_stereo_left
-67.40613555908203,-105.77534484863281,-462.513427734375,206.99733118981504,356.1444809440121,68.98619552189462,261.0000027128683,151.00000280987462,0.22745098173618317,0.21176470816135406,0.15294118225574493,calibrated_uv_reprojection_plus_stereo_left
-66.22567749023438,-105.44994354248047,-461.0682373046875,205.4851721888707,355.66507834668994,70.0327878368119,261.9999950639327,150.99999820788508,0.20392157137393951,0.19607843458652496,0.13725490868091583,calibrated_uv_reprojection_plus_stereo_left
-65.0465087890625,-105.11701202392578,-459.5903015136719,203.95473656072727,355.1992493689276,71.1023726452865,262.9999979829582,151.00000340253715,0.18039216101169586,0.18431372940540314,0.14509804546833038,calibrated_uv_reprojection_plus_stereo_left
-63.94664001464844,-104.90418243408203,-458.6375427246094,202.77435287413437,354.60290857665655,71.80057080034908,263.99999816238625,150.99999814883222,0.18039216101169586,0.18431372940540314,0.14901961386203766,calibrated_uv_reprojection_plus_stereo_left
-62.77383041381836,-104.56339263916016,-457.12548828125,201.22774566521258,354.15558748528764,72.89399147322717,264.99999930528264,150.99999903281054,0.18039216101169586,0.18039216101169586,0.16470588743686676,calibrated_uv_reprojection_plus_stereo_left
-61.64567184448242,-104.28758239746094,-455.89764404296875,199.87156154775204,353.63915317447527,73.78638079799151,265.9999992215136,151.00000138649162,0.18039216101169586,0.18039216101169586,0.16470588743686676,calibrated_uv_reprojection_plus_stereo_left
-60.575199127197266,-104.10225677490234,-455.0654296875,198.77790825077744,353.02261274072737,74.39904595988213,267.00000118989857,150.99999806742807,0.18431372940540314,0.18431372940540314,0.16862745583057404,calibrated_uv_reprojection_plus_stereo_left
-59.59608459472656,-104.07057189941406,-454.9048767089844,198.12619597224227,352.23039616037397,74.53698606071936,267.9999971195965,150.99999519613016,0.18039216101169586,0.1921568661928177,0.1725490242242813,calibrated_uv_reprojection_plus_stereo_left
-58.540828704833984,-103.90280151367188,-454.1495666503906,197.08584923917755,351.5978907007169,75.09516847379678,269.00000100620923,151.00000375918648,0.1725490242242813,0.19607843458652496,0.1725490242242813,calibrated_uv_reprojection_plus_stereo_left
-57.52512741088867,-103.80091094970703,-453.6822204589844,196.23520585222178,350.89039906881845,75.4498159788256,269.99999963381197,151.00000119034655,0.18039216101169586,0.20392157137393951,0.1882352977991104,calibrated_uv_reprojection_plus_stereo_left
-56.54810333251953,-103.76663970947266,-453.51043701171875,195.57816918732328,350.10427207370014,75.59560206899243,270.9999992283855,150.9999966178422,0.1921568661928177,0.21568627655506134,0.2078431397676468,calibrated_uv_reprojection_plus_stereo_left
-55.615596771240234,-103.81437683105469,-453.6971130371094,195.15456617593856,349.2206982444141,75.4881346650539,272.00000218773954,151.00000333274932,0.19607843458652496,0.2235294133424759,0.2078431397676468,calibrated_uv_reprojection_plus_stereo_left
-54.68183135986328,-103.86149597167969,-453.8810119628906,194.72864253539063,348.3370777265761,75.382659099779,272.9999983072768,150.9999968827907,0.20000000298023224,0.2235294133424759,0.20392157137393951,calibrated_uv_reprojection_plus_stereo_left
-53.75456619262695,-103.92296600341797,-454.12762451171875,194.34282140632342,347.43528740416116,75.23290714502838,273.99999844052695,150.99999606763353,0.2078431397676468,0.22745098173618317,0.2078431397676468,calibrated_uv_reprojection_plus_stereo_left
-52.839176177978516,-104.01014709472656,-454.486572265625,194.02897036059295,346.5011498227229,75.00384286786044,274.9999998826394,150.999998696626,0.21176470816135406,0.22745098173618317,0.21176470816135406,calibrated_uv_reprojection_plus_stereo_left
-51.90552520751953,-104.06404876708984,-454.7000732421875,193.6202858277124,345.60638159705803,74.87753991038716,276.00000135718443,151.00000210028867,0.21568627655506134,0.22745098173618317,0.21176470816135406,calibrated_uv_reprojection_plus_stereo_left
-51.010704040527344,-104.19940185546875,-455.2694091796875,193.44027844874654,344.6102012450232,74.499982542613,276.9999975641018,151.0000008091551,0.21960784494876862,0.2235294133424759,0.21176470816135406,calibrated_uv_reprojection_plus_stereo_left
-50.16801452636719,-104.44861602783203,-456.3361511230469,193.57869859046713,343.4703936487457,73.77125868435894,277.9999998331894,151.00000081218303,0.22745098173618317,0.23137255012989044,0.21176470816135406,calibrated_uv_reprojection_plus_stereo_left
-49.46843338012695,-105.0114974975586,-458.77313232421875,194.5940294110838,341.9344867652778,72.07516648128944,278.9999991761614,151.00000071461142,0.2549019753932953,0.25882354378700256,0.23137255012989044,calibrated_uv_reprojection_plus_stereo_left
-49.032005310058594,-106.16680908203125,-463.7979431152344,197.2614300438123,339.6443018891882,68.55228819741848,280.0000015035306,150.9999988480481,0.29019609093666077,0.2705882489681244,0.23137255012989044,calibrated_uv_reprojection_plus_stereo_left
-48.24858474731445,-106.60272216796875,-465.6796875,197.90667829087118,338.246373250811,67.24884394837454,281.0000005758015,151.0000016628564,0.30588236451148987,0.27843138575553894,0.239215686917305,calibrated_uv_reprojection_plus_stereo_left
-47.36994934082031,-106.84217071533203,-466.7030334472656,197.99940881811222,337.091733971896,66.55156125696806,281.9999997699684,150.99999863659713,0.3294117748737335,0.29019609093666077,0.23137255012989044,calibrated_uv_reprojection_plus_stereo_left
-46.520782470703125,-107.1598129272461,-468.0678405761719,198.30712756166844,335.8329916807304,65.61336817479236,283.00000078857374,150.9999999089182,0.3921568691730499,0.3529411852359772,0.2862745225429535,calibrated_uv_reprojection_plus_stereo_left
-47.32948684692383,-111.393310546875,-486.5359191894531,209.48716194948167,329.5182608909229,52.60380165262154,284.00000178678863,151.00000294073604,0.34117648005485535,0.27843138575553894,0.16862745583057404,calibrated_uv_reprojection_plus_stereo_left
-74.41902923583984,-109.36138916015625,-482.74847412109375,221.99282283092532,354.98572901942293,54.05122592228565,256.99999726566284,152.0000021703678,0.26274511218070984,0.23137255012989044,0.11372549086809158,calibrated_uv_reprojection_plus_stereo_left
-71.21244812011719,-106.10113525390625,-468.3343505859375,211.82012753204174,357.6574615296165,64.28646272848403,257.9999992417088,152.00000143887527,0.24313725531101227,0.21176470816135406,0.10196078568696976,calibrated_uv_reprojection_plus_stereo_left
-70.16958618164062,-106.01834869384766,-467.9464111328125,211.0006209610682,356.8958142062139,64.58633640591705,258.99999849656695,152.00000435584576,0.239215686917305,0.21568627655506134,0.14509804546833038,calibrated_uv_reprojection_plus_stereo_left
-68.82974243164062,-105.47817993164062,-465.5397644042969,208.84320159049673,356.6408845855358,66.31578472241938,259.9999981764589,151.99999956765245,0.23529411852359772,0.21176470816135406,0.14901961386203766,calibrated_uv_reprojection_plus_stereo_left
-67.636474609375,-105.15031433105469,-464.07037353515625,207.3119083758304,356.15827055409545,67.38127710403529,260.99999827785746,152.00000601578006,0.2235294133424759,0.20392157137393951,0.16470588743686676,calibrated_uv_reprojection_plus_stereo_left
-66.43881225585938,-104.80598449707031,-462.5284118652344,205.7361100281169,355.69934204970536,68.49800677620203,262.00000283245356,152.00000112740202,0.20392157137393951,0.1921568661928177,0.1568627506494522,calibrated_uv_reprojection_plus_stereo_left
-65.3209228515625,-104.57917022705078,-461.50518798828125,204.5060837752893,355.1132179103786,69.24729816810446,262.9999965171259,151.999996028037,0.18431372940540314,0.1882352977991104,0.16078431904315948,calibrated_uv_reprojection_plus_stereo_left
-64.1535415649414,-104.26514434814453,-460.0972595214844,203.02513607557285,354.62985398614643,70.2688361035535,264.0000005054177,152.00000126155658,0.18431372940540314,0.1882352977991104,0.16470588743686676,calibrated_uv_reprojection_plus_stereo_left
-63.04243087768555,-104.03440856933594,-459.0569763183594,201.78909667219875,354.05610928236297,71.0299671101011,265.00000205035076,152.00000447647838,0.18431372940540314,0.18431372940540314,0.16862745583057404,calibrated_uv_reprojection_plus_stereo_left
-61.94740295410156,-103.82351684570312,-458.10430908203125,200.61295391495935,353.46315070874584,71.72897500733757,266.00000174836924,151.99999843565695,0.18039216101169586,0.1882352977991104,0.16862745583057404,calibrated_uv_reprojection_plus_stereo_left
-60.87812805175781,-103.64986419677734,-457.3160705566406,199.54667355305457,352.83028402558176,72.31149665448692,267.0000024913799,152.0000010070172,0.1764705926179886,0.1921568661928177,0.1725490242242813,calibrated_uv_reprojection_plus_stereo_left
-59.89646911621094,-103.62227630615234,-457.1723327636719,198.9034345365527,352.0293660318048,72.43779102577838,268.0000001398697,152.00000434065265,0.1764705926179886,0.1921568661928177,0.1725490242242813,calibrated_uv_reprojection_plus_stereo_left
-58.87200164794922,-103.51861572265625,-456.6929626464844,198.0415043640291,351.31841625793896,72.80160354551396,269.00000036961933,151.9999999428913,0.18039216101169586,0.19607843458652496,0.1764705926179886,calibrated_uv_reprojection_plus_stereo_left
-57.86162567138672,-103.43677520751953,-456.3099365234375,197.24337325636787,350.5832152988108,73.0971861464077,269.99999978422335,152.00000543710735,0.1882352977991104,0.2078431397676468,0.18431372940540314,calibrated_uv_reprojection_plus_stereo_left
-56.86576843261719,-103.378662109375,-456.03155517578125,196.51410621125171,349.8209784492675,73.31869233728793,270.9999977394026,151.99999754702003,0.1882352977991104,0.21176470816135406,0.1921568661928177,calibrated_uv_reprojection_plus_stereo_left
-55.89243698120117,-103.36029815673828,-455.9285583496094,195.89920392997925,349.01186560826693,73.4160786174453,271.99999840219505,151.9999955638263,0.19607843458652496,0.21960784494876862,0.19607843458652496,calibrated_uv_reprojection_plus_stereo_left
-54.943790435791016,-103.38783264160156,-456.028076171875,195.4155966317793,348.1474732298186,73.37017550282098,273.00000309641285,152.00000699269927,0.20000000298023224,0.2235294133424759,0.20000000298023224,calibrated_uv_reprojection_plus_stereo_left
-54.005252838134766,-103.4358139038086,-456.21771240234375,194.9899284843071,347.257711228816,73.26054040854319,274.00000207814304,152.00000617869844,0.2078431397676468,0.22745098173618317,0.20392157137393951,calibrated_uv_reprojection_plus_stereo_left
-53.07911682128906,-103.50983428955078,-456.52215576171875,194.63779181447853,346.3352187160391,73.06971955990593,275.0000036535498,152.00000190147455,0.21176470816135406,0.22745098173618317,0.2078431397676468,calibrated_uv_reprojection_plus_stereo_left
-52.145591735839844,-103.57201385498047,-456.77435302734375,194.25119685779333,345.426100185724,72.91588898560434,276.0000011237437,151.99999927373386,0.2235294133424759,0.23137255012989044,0.21176470816135406,calibrated_uv_reprojection_plus_stereo_left
-51.24527359008789,-103.70384216308594,-457.3337097167969,194.06133378806913,344.42944403991953,72.54484138282345,277.0000010698979,152.0000051653255,0.22745098173618317,0.22745098173618317,0.21176470816135406,calibrated_uv_reprojection_plus_stereo_left
-50.3725700378418,-103.89781188964844,-458.1669921875,194.0457894339831,343.35297175521686,71.9801392184919,277.9999984908558,151.9999999826535,0.23529411852359772,0.23529411852359772,0.21176470816135406,calibrated_uv_reprojection_plus_stereo_left
-49.60540008544922,-104.32144165039062,-460.0129089355469,194.6765934543904,341.98446308991765,70.69943497353762,278.99999951929,151.99999846642956,0.250980406999588,0.2549019753932953,0.22745098173618317,calibrated_uv_reprojection_plus_stereo_left
-48.99531173706055,-105.09908294677734,-463.41961669921875,196.3004452618115,340.16097040068496,68.31528830088354,280.0000018407668,151.99999892211224,0.29019609093666077,0.2705882489681244,0.23137255012989044,calibrated_uv_reprojection_plus_stereo_left
-48.323341369628906,-105.77311706542969,-466.3691711425781,197.6243792365384,338.4569099568106,66.25474318396715,280.9999980876628,151.99999888419677,0.30980393290519714,0.2823529541492462,0.239215686917305,calibrated_uv_reprojection_plus_stereo_left
-47.610591888427734,-106.38424682617188,-469.0411071777344,198.76435278014526,336.8225908527296,64.39079385881018,281.9999997822147,152.00000133734608,0.32549020648002625,0.29019609093666077,0.22745098173618317,calibrated_uv_reprojection_plus_stereo_left
-46.7868537902832,-106.76822662353516,-470.7113342285156,199.26118831007426,335.47141241640287,63.23528891699277,282.99999913691323,152.00000219574608,0.3490196168422699,0.30980393290519714,0.24313725531101227,calibrated_uv_reprojection_plus_stereo_left
-47.51473617553711,-110.7868423461914,-488.40472412109375,209.9179249071937,329.3961913172044,50.753351359182034,284.00000128880424,152.00000408615864,0.3529411852359772,0.29019609093666077,0.1725490242242813,calibrated_uv_reprojection_plus_stereo_left
-81.416748046875,-118.52284240722656,-528.116455078125,251.4257714669261,344.34019486099737,21.34172383833618,256.9999967845985,152.99999485296996,0.41960784792900085,0.37254902720451355,0.250980406999588,calibrated_uv_reprojection_plus_stereo_left
-71.36237335205078,-105.327392578125,-469.2974548339844,211.73472126276084,357.8321973664932,63.09464577136839,258.0000036883117,152.99999970561763,0.23137255012989044,0.1882352977991104,0.07450980693101883,calibrated_uv_reprojection_plus_stereo_left
-70.21543884277344,-105.09263610839844,-468.22906494140625,210.46357857392167,357.2369929156043,63.87761093302504,259.0000012327954,153.0000032516565,0.23529411852359772,0.21176470816135406,0.1411764770746231,calibrated_uv_reprojection_plus_stereo_left
-68.89110565185547,-104.58196258544922,-465.9314880371094,208.3816510875899,356.952246597986,65.53228941945366,259.9999985034641,153.00000095522398,0.23529411852359772,0.21176470816135406,0.14509804546833038,calibrated_uv_reprojection_plus_stereo_left
-67.70581817626953,-104.27072143554688,-464.5226135253906,206.89207498972462,356.4524382959066,66.55644397065913,260.99999766877005,153.00000346845167,0.2235294133424759,0.21176470816135406,0.14901961386203766,calibrated_uv_reprojection_plus_stereo_left
-66.5330581665039,-103.97000885009766,-463.1607360839844,205.43678256380286,355.94576221987677,67.54712718756036,261.9999999715915,152.99999759953715,0.2078431397676468,0.20000000298023224,0.14509804546833038,calibrated_uv_reprojection_plus_stereo_left
-65.39425659179688,-103.71426391601562,-461.99932861328125,204.11658530648384,355.3928354221636,68.39551003549684,263.0000026386256,152.99999920301923,0.18431372940540314,0.1882352977991104,0.16078431904315948,calibrated_uv_reprojection_plus_stereo_left
-64.28286743164062,-103.49498748779297,-461.0004577636719,202.9058582605682,354.80230094490923,69.12852663673323,263.99999772472586,152.99999756138877,0.18431372940540314,0.1882352977991104,0.16078431904315948,calibrated_uv_reprojection_plus_stereo_left
-63.15076446533203,-103.2352066040039,-459.8212890625,201.57922870219602,354.26193149349797,69.98926854075023,265.000002841572,153.00000085405117,0.18431372940540314,0.1882352977991104,0.16078431904315948,calibrated_uv_reprojection_plus_stereo_left
-62.05018615722656,-103.01972961425781,-458.8395690917969,200.38456473752507,353.6743318726295,70.70990573149135,266.00000216574693,153.00000735899195,0.18431372940540314,0.1882352977991104,0.16470588743686676,calibrated_uv_reprojection_plus_stereo_left
-60.957489013671875,-102.8108139038086,-457.8870849609375,199.21128707349834,353.0825317232091,71.40972513743259,266.9999995671566,152.9999960709793,0.18431372940540314,0.18431372940540314,0.16862745583057404,calibrated_uv_reprojection_plus_stereo_left
-59.98982238769531,-102.80951690673828,-457.8594055175781,198.64319335187923,352.249804997849,71.4538992490194,268.0000018628336,153.00000622090545,0.18039216101169586,0.1882352977991104,0.16862745583057404,calibrated_uv_reprojection_plus_stereo_left
-58.95442199707031,-102.69029998779297,-457.3065185546875,197.73328003668513,351.5567524991661,71.87034175566765,269.0000009311987,152.99999806260277,0.18039216101169586,0.19607843458652496,0.1764705926179886,calibrated_uv_reprojection_plus_stereo_left
-57.937198638916016,-102.59938049316406,-456.8797302246094,196.90652427887846,350.83183543782945,72.19735413429925,269.9999969093867,152.9999989817545,0.1882352977991104,0.2078431397676468,0.18431372940540314,calibrated_uv_reprojection_plus_stereo_left
-56.930606842041016,-102.5246353149414,-456.5249938964844,196.1274290564835,350.08892219758013,72.47326381164953,270.9999994196745,152.99999827701635,0.1882352977991104,0.21176470816135406,0.1882352977991104,calibrated_uv_reprojection_plus_stereo_left
-55.97273254394531,-102.53665161132812,-456.5566101074219,195.59915875395012,349.2422910164125,72.47536010084269,271.9999996917275,152.99999897021706,0.1921568661928177,0.21568627655506134,0.1921568661928177,calibrated_uv_reprojection_plus_stereo_left
-55.02524948120117,-102.56855773925781,-456.6767883300781,195.12793967375598,348.37120961171445,72.41470995222579,273.00000135412523,153.0000021705123,0.19607843458652496,0.21568627655506134,0.19607843458652496,calibrated_uv_reprojection_plus_stereo_left
-54.080806732177734,-102.60746765136719,-456.828125,194.6764435915896,347.4909883731865,72.33200111208788,273.99999956308903,153.00000328029688,0.2078431397676468,0.2235294133424759,0.20392157137393951,calibrated_uv_reprojection_plus_stereo_left
-53.14936828613281,-102.67302703857422,-457.0980529785156,194.30083199371666,346.5772286882974,72.16529873920462,274.9999996649733,152.9999965616433,0.21568627655506134,0.23137255012989044,0.21176470816135406,calibrated_uv_reprojection_plus_stereo_left
-52.21018600463867,-102.72586822509766,-457.3114013671875,193.8881291579578,345.67813342266425,72.03870267127775,276.00000085653915,153.00000564856612,0.22745098173618317,0.23529411852359772,0.21568627655506134,calibrated_uv_reprojection_plus_stereo_left
-51.298072814941406,-102.8350830078125,-457.775634765625,193.63570601006757,344.70770371765775,71.73442245726187,277.00000195266483,153.00000517794246,0.23529411852359772,0.23529411852359772,0.21960784494876862,calibrated_uv_reprojection_plus_stereo_left
-50.43294906616211,-103.04460906982422,-458.68634033203125,193.6678279939551,343.6093045562495,71.11395911657456,278.000000244809,153.0000048470203,0.23529411852359772,0.239215686917305,0.2078431397676468,calibrated_uv_reprojection_plus_stereo_left
-49.65078353881836,-103.43529510498047,-460.4032897949219,194.2127080352643,342.2781619738008,69.92258111031788,279.000000396123,152.999997407951,0.250980406999588,0.2549019753932953,0.21568627655506134,calibrated_uv_reprojection_plus_stereo_left
-49.09078598022461,-104.31379699707031,-464.2913513183594,196.1376566951168,340.3192138634965,67.19381795525771,280.0000013568441,153.00000278897184,0.2823529541492462,0.26274511218070984,0.2235294133424759,calibrated_uv_reprojection_plus_stereo_left
-48.32550811767578,-104.78316497802734,-466.3580627441406,196.8940771677548,338.8704615929489,65.75525127566641,280.9999977955233,152.9999983808035,0.30588236451148987,0.27843138575553894,0.23529411852359772,calibrated_uv_reprojection_plus_stereo_left
-47.560577392578125,-105.27297973632812,-468.515625,197.70313216011465,337.3876450375885,64.25257419963668,282.00000102498336,153.00000640633135,0.32156863808631897,0.2862745225429535,0.2235294133424759,calibrated_uv_reprojection_plus_stereo_left
-46.7703742980957,-105.72663879394531,-470.51202392578125,198.40474133621507,335.94377542050836,62.86424742517528,283.00000217545926,153.00000303062149,0.32156863808631897,0.2823529541492462,0.21568627655506134,calibrated_uv_reprojection_plus_stereo_left
-48.665645599365234,-112.40277099609375,-500.1985778808594,216.6232686326759,326.36387440410294,41.872111132312455,284.0000014479265,152.99999940571684,0.40784314274787903,0.34117648005485535,0.239215686917305,calibrated_uv_reprojection_plus_stereo_left
-71.69951629638672,-104.82323455810547,-471.4915466308594,212.46183037684165,357.70710959253677,61.026159417897645,258.00000043910495,154.00000501407106,0.23137255012989044,0.1764705926179886,0.05098039284348488,calibrated_uv_reprojection_plus_stereo_left
-70.25157165527344,-104.15129089355469,-468.44683837890625,209.88275092990983,357.59469002132056,63.21435628017758,258.9999980456764,154.0000014342362,0.23529411852359772,0.21176470816135406,0.14509804546833038,calibrated_uv_reprojection_plus_stereo_left
-68.95924377441406,-103.69425201416016,-466.3689880371094,207.94909301278193,357.2529229848559,64.71541801398052,259.9999984526214,154.00000426366188,0.23529411852359772,0.21176470816135406,0.14901961386203766,calibrated_uv_reprojection_plus_stereo_left
-67.79027557373047,-103.41224670410156,-465.0784912109375,206.5391165286855,356.7214515553992,65.65700739985016,260.9999962689536,154.00000168116978,0.2235294133424759,0.2078431397676468,0.16078431904315948,calibrated_uv_reprojection_plus_stereo_left
-66.63263702392578,-103.13958740234375,-463.8301696777344,205.1598813732782,356.1839352383446,66.56850494343615,262.0000048010966,154.0000049537275,0.2078431397676468,0.19607843458652496,0.15294118225574493,calibrated_uv_reprojection_plus_stereo_left
-65.48475646972656,-102.87419128417969,-462.6145935058594,203.80507136273349,355.6425586089089,67.45662039367596,262.99999513036687,154.0000008682612,0.18431372940540314,0.1882352977991104,0.16078431904315948,calibrated_uv_reprojection_plus_stereo_left
-64.38694763183594,-102.68071746826172,-461.7225341796875,202.66508580762462,355.02269780045646,68.11486878036658,263.9999966496365,153.99999513373308,0.18039216101169586,0.18431372940540314,0.1568627506494522,calibrated_uv_reprojection_plus_stereo_left
-63.270713806152344,-102.4515380859375,-460.6700744628906,201.42223175446185,354.4473326520419,68.88691573511545,265.00000096618504,154.0000046471519,0.18039216101169586,0.18431372940540314,0.1568627506494522,calibrated_uv_reprojection_plus_stereo_left
-62.151222229003906,-102.20994567871094,-459.56182861328125,200.1454137844919,353.89017915075317,69.69847168435723,266.000002258622,153.99999793625963,0.18431372940540314,0.1882352977991104,0.16470588743686676,calibrated_uv_reprojection_plus_stereo_left
-61.034751892089844,-101.96581268310547,-458.4422912597656,198.86381446427362,353.33992286736617,70.51792599397282,266.9999985967328,153.99999776161457,0.18431372940540314,0.18431372940540314,0.16862745583057404,calibrated_uv_reprojection_plus_stereo_left
-60.085662841796875,-101.998046875,-458.5653381347656,198.39309551729423,352.46649134293443,70.45512534410909,267.99999740088157,153.99999354440413,0.18039216101169586,0.1882352977991104,0.16862745583057404,calibrated_uv_reprojection_plus_stereo_left
-59.04550552368164,-101.87429809570312,-457.9871826171875,197.4667145492274,351.7783854824847,70.89009888999362,268.9999990647055,154.000001115216,0.18039216101169586,0.19607843458652496,0.1764705926179886,calibrated_uv_reprojection_plus_stereo_left
-58.0121955871582,-101.758544921875,-457.4449768066406,196.56494480643136,351.08267245722664,71.29950170921956,270.0000020378309,153.99999824137444,0.1921568661928177,0.21176470816135406,0.1882352977991104,calibrated_uv_reprojection_plus_stereo_left
-56.99422836303711,-101.66632080078125,-457.00860595703125,195.73285689346744,350.3603819715383,71.63373000862089,270.9999996342699,153.99999974615554,0.1921568661928177,0.21568627655506134,0.1921568661928177,calibrated_uv_reprojection_plus_stereo_left
-56.04342269897461,-101.69288635253906,-457.1062316894531,195.24651873333283,349.4950525666824,71.58893224118401,271.9999995480897,154.00000184508855,0.20000000298023224,0.21960784494876862,0.19607843458652496,calibrated_uv_reprojection_plus_stereo_left
-55.090579986572266,-101.71672821044922,-457.19158935546875,194.7519575030633,348.6325776393819,71.55285629541288,273.00000166131724,154.00000093346915,0.20000000298023224,0.21568627655506134,0.19607843458652496,calibrated_uv_reprojection_plus_stereo_left
-54.14314651489258,-101.75167846679688,-457.32684326171875,194.28921180228213,347.7559806056095,71.48138874256767,273.99999642603086,153.99999551299913,0.2078431397676468,0.2235294133424759,0.21176470816135406,calibrated_uv_reprojection_plus_stereo_left
-53.20445251464844,-101.80473327636719,-457.5434875488281,193.87830379554208,346.8562809885377,71.35218467672428,275.00000089844355,153.9999990717401,0.21960784494876862,0.23529411852359772,0.23137255012989044,calibrated_uv_reprojection_plus_stereo_left
-52.25859069824219,-101.84587860107422,-457.7065734863281,193.43247364747327,345.9705505330402,71.26100817686915,275.9999991328496,153.99999987348167,0.23137255012989044,0.24313725531101227,0.2235294133424759,calibrated_uv_reprojection_plus_stereo_left
-51.3538703918457,-101.97037506103516,-458.2442321777344,193.2257611583832,344.9792857753813,70.90411294564205,276.99999984137276,154.00000534802294,0.239215686917305,0.24313725531101227,0.21568627655506134,calibrated_uv_reprojection_plus_stereo_left
-50.481510162353516,-102.16526794433594,-459.09814453125,193.21958903151966,343.896843232666,70.3229359693172,278.0000020688885,154.00000375615554,0.239215686917305,0.24313725531101227,0.2078431397676468,calibrated_uv_reprojection_plus_stereo_left
-49.69977569580078,-102.5549087524414,-460.8270568847656,193.7688764050144,342.5630924588653,69.12118725171769,278.9999988049453,154.00000020258852,0.250980406999588,0.2549019753932953,0.21176470816135406,calibrated_uv_reprojection_plus_stereo_left
-49.14800262451172,-103.44425964355469,-464.8011474609375,195.74194948205735,340.582264191591,66.32716271236512,279.9999995850151,154.00000195450662,0.2666666805744171,0.26274511218070984,0.21960784494876862,calibrated_uv_reprojection_plus_stereo_left
-48.33918380737305,-103.8179702758789,-466.4580383300781,196.234319174539,339.2520982606426,65.17699298459786,281.00000015703415,153.99999785792556,0.29019609093666077,0.27843138575553894,0.23529411852359772,calibrated_uv_reprojection_plus_stereo_left
-47.54838943481445,-104.24687957763672,-468.36279296875,196.8796669144814,337.8440827555339,63.85122321622913,281.99999984760683,153.99999995170117,0.30980393290519714,0.2862745225429535,0.22745098173618317,calibrated_uv_reprojection_plus_stereo_left
-46.73777389526367,-104.6497802734375,-470.1505126953125,197.44632685561425,336.4629713691545,62.608653860240565,282.9999988585354,154.00000131410872,0.29411765933036804,0.2666666805744171,0.20000000298023224,calibrated_uv_reprojection_plus_stereo_left
-50.69863510131836,-115.98632049560547,-521.0562744140625,229.01337997951998,320.6995764634147,26.538326154294396,283.9999981601939,154.00000204608574,0.48627451062202454,0.4117647111415863,0.32156863808631897,calibrated_uv_reprojection_plus_stereo_left
-72.89457702636719,-105.55203247070312,-479.3268127441406,216.91058460475438,356.2090209277368,54.93895190342948,258.0000048615028,155.00000251774946,0.2666666805744171,0.20392157137393951,0.07450980693101883,calibrated_uv_reprojection_plus_stereo_left
-70.31693267822266,-103.2519302368164,-468.8594970703125,209.42981094627538,357.9048494046131,62.41196300277335,258.9999977685342,154.9999985961071,0.22745098173618317,0.20000000298023224,0.15294118225574493,calibrated_uv_reprojection_plus_stereo_left
-68.99479675292969,-102.75614166259766,-466.5860595703125,207.37001878176972,357.60898153570554,64.05441484697337,259.99999487789864,154.99999931141258,0.22745098173618317,0.20392157137393951,0.1568627506494522,calibrated_uv_reprojection_plus_stereo_left
-67.86387634277344,-102.53499603271484,-465.55987548828125,206.13545219439277,357.0100356711741,64.80934702778501,261.000001129253,155.00000587280283,0.21960784494876862,0.20392157137393951,0.16078431904315948,calibrated_uv_reprojection_plus_stereo_left
-66.73150634765625,-102.30522155761719,-464.4945373535156,204.87758954933219,356.424564925213,65.59203269168353,262.0000010225048,154.99999660743026,0.20392157137393951,0.1921568661928177,0.14901961386203766,calibrated_uv_reprojection_plus_stereo_left
-65.58122253417969,-102.0407943725586,-463.27203369140625,203.51925753154,355.8826764985812,66.48638966111332,263.0000012717937,155.00000134366758,0.18039216101169586,0.18431372940540314,0.1568627506494522,calibrated_uv_reprojection_plus_stereo_left
-64.47006225585938,-101.83025360107422,-462.29425048828125,202.32376264162855,355.2827178563957,67.20657163868731,264.00000330352384,154.99999970935588,0.18039216101169586,0.18431372940540314,0.1568627506494522,calibrated_uv_reprojection_plus_stereo_left
-63.36869430541992,-101.6290283203125,-461.35882568359375,201.1581791883445,354.6753383155819,67.89653085658273,264.99999932419996,154.99999354428442,0.18039216101169586,0.18039216101169586,0.16470588743686676,calibrated_uv_reprojection_plus_stereo_left
-62.23545837402344,-101.36969757080078,-460.1597595214844,199.82303405263866,354.1394769980528,68.7738696476531,265.99999763805215,154.99999607087432,0.18039216101169586,0.18431372940540314,0.16862745583057404,calibrated_uv_reprojection_plus_stereo_left
-61.12201690673828,-101.1349868774414,-459.07257080078125,198.56341741539347,353.5787332672153,69.5715306060564,266.99999913542376,155.00000124808986,0.1725490242242813,0.1882352977991104,0.16862745583057404,calibrated_uv_reprojection_plus_stereo_left
-60.17573165893555,-101.1738510131836,-459.2272033691406,198.11218708228228,352.6959886443839,69.48613376339921,268.0000007920174,154.9999991283365,0.1725490242242813,0.1882352977991104,0.16862745583057404,calibrated_uv_reprojection_plus_stereo_left
-59.12389373779297,-101.03369903564453,-458.5693359375,197.1342200236091,352.02724764777497,69.9784067014815,269.0000015065505,155.00000425960928,0.18039216101169586,0.19607843458652496,0.1764705926179886,calibrated_uv_reprojection_plus_stereo_left
-58.08585739135742,-100.91295623779297,-457.99957275390625,196.21472126652338,351.3373499102245,70.40798427028204,269.99999952155065,154.99999924972997,0.1882352977991104,0.2078431397676468,0.18431372940540314,calibrated_uv_reprojection_plus_stereo_left
-57.06071472167969,-100.81099700927734,-457.51513671875,195.35156613451448,350.6265569628751,70.77684637017438,271.00000048179334,155.00000108754858,0.1882352977991104,0.21176470816135406,0.1882352977991104,calibrated_uv_reprojection_plus_stereo_left
-56.10224151611328,-100.825439453125,-457.5589599609375,194.82976140400848,349.7749201522833,70.7701783308633,271.99999838983996,154.99999623178996,0.1921568661928177,0.21568627655506134,0.1921568661928177,calibrated_uv_reprojection_plus_stereo_left
-55.14326477050781,-100.83956909179688,-457.60137939453125,194.30685956974526,348.92337535419153,70.76451390532628,273.00000076601935,154.9999966577136,0.20392157137393951,0.21960784494876862,0.20000000298023224,calibrated_uv_reprojection_plus_stereo_left
-54.195926666259766,-100.87596130371094,-457.7448425292969,193.84860879498456,348.04392329455993,70.68704354254874,274.0000036373027,155.00000394009203,0.21176470816135406,0.22745098173618317,0.21176470816135406,calibrated_uv_reprojection_plus_stereo_left
-53.254974365234375,-100.9258804321289,-457.9496154785156,193.42921151427936,347.1469426052791,70.566028912315,274.9999999075847,154.9999994785294,0.21960784494876862,0.23529411852359772,0.21960784494876862,calibrated_uv_reprojection_plus_stereo_left
-52.287132263183594,-100.92584991455078,-457.9277648925781,192.8643478712625,346.31187718482016,70.6060710116048,276.00000093550307,155.00000281098914,0.23137255012989044,0.239215686917305,0.2235294133424759,calibrated_uv_reprojection_plus_stereo_left
-51.3964729309082,-101.07771301269531,-458.5950622558594,192.73920361191347,345.28454366396767,70.15645445743411,277.00000101596174,155.00000604473541,0.239215686917305,0.239215686917305,0.2235294133424759,calibrated_uv_reprojection_plus_stereo_left
-50.52900695800781,-101.28202056884766,-459.50018310546875,192.76384796522336,344.18785574387755,69.53794990735713,278.00000012214963,154.99999975387482,0.239215686917305,0.24313725531101227,0.2078431397676468,calibrated_uv_reprojection_plus_stereo_left
-49.76879119873047,-101.71363830566406,-461.43646240234375,193.441730769628,342.7963065010734,68.18698486158212,279.0000023542363,154.99999960524138,0.24313725531101227,0.24705882370471954,0.20392157137393951,calibrated_uv_reprojection_plus_stereo_left
-49.17105484008789,-102.50132751464844,-464.9878234863281,195.1396356225806,340.9381207757579,65.68892882803073,280.00000061679816,154.99999572475042,0.2666666805744171,0.25882354378700256,0.21568627655506134,calibrated_uv_reprojection_plus_stereo_left
-48.36241912841797,-102.87266540527344,-466.65020751953125,195.63263060243594,339.6075253628487,64.53302500120611,280.99999899586686,154.99999481776786,0.2862745225429535,0.27450981736183167,0.23137255012989044,calibrated_uv_reprojection_plus_stereo_left
-47.544124603271484,-103.23861694335938,-468.28802490234375,196.10600433525212,338.2777678133898,63.39474883865722,281.9999990852552,154.99999990394554,0.30980393290519714,0.2823529541492462,0.2235294133424759,calibrated_uv_reprojection_plus_stereo_left
-46.78807067871094,-103.75829315185547,-470.6229248046875,197.01512877878963,336.73973331630174,61.76158024305272,282.99999973752756,155.0000011602928,0.2823529541492462,0.24705882370471954,0.1882352977991104,calibrated_uv_reprojection_plus_stereo_left
-53.680999755859375,-121.6319808959961,-551.66748046875,247.48035912174947,312.2259735107433,4.232647927305663,283.99999752366057,154.99999316865643,0.5686274766921997,0.47843137383461,0.3843137323856354,calibrated_uv_reprojection_plus_stereo_left
-78.1168212890625,-112.02265930175781,-513.6411743164062,238.79503589580912,348.28517668444726,29.964878277192327,258.0000001761345,155.9999971604095,0.43921568989753723,0.3607843220233917,0.22745098173618317,calibrated_uv_reprojection_plus_stereo_left
-70.43353271484375,-102.42530822753906,-469.6137390136719,209.2004065682238,358.13204629621424,61.36525927271339,258.99999592277413,156.00000037959217,0.21176470816135406,0.1882352977991104,0.125490203499794,calibrated_uv_reprojection_plus_stereo_left
-69.00662231445312,-101.7821044921875,-466.6427001953125,206.68485576867045,358.0050265227982,63.507242800397705,259.9999977610823,155.9999977211902,0.2235294133424759,0.20000000298023224,0.13725490868091583,calibrated_uv_reprojection_plus_stereo_left
-67.90790557861328,-101.61143493652344,-465.8382873535156,205.59719534996367,357.34995218548426,64.10525197032774,260.99999598395493,155.9999979951773,0.20392157137393951,0.20000000298023224,0.1568627506494522,calibrated_uv_reprojection_plus_stereo_left
-66.83821105957031,-101.47990417480469,-465.21337890625,204.6288793601663,356.652725042307,64.57529600825217,261.9999981475881,156.00000013438927,0.1921568661928177,0.1921568661928177,0.14901961386203766,calibrated_uv_reprojection_plus_stereo_left
-65.77645874023438,-101.35678100585938,-464.6270446777344,203.68718689960008,355.94792338570977,65.01780070927424,263.0000007097766,155.99999731062456,0.18431372940540314,0.1882352977991104,0.16078431904315948,calibrated_uv_reprojection_plus_stereo_left
-64.5481948852539,-100.96954345703125,-462.83013916015625,201.9572970594923,355.5528604856077,66.32254612827512,264.00000354066754,156.00000333244992,0.18039216101169586,0.1882352977991104,0.16078431904315948,calibrated_uv_reprojection_plus_stereo_left
-63.46310806274414,-100.79789733886719,-462.02154541015625,200.87502524440868,354.9112303983676,66.9231755370173,264.99999898753333,155.9999985451517,0.1725490242242813,0.1921568661928177,0.16078431904315948,calibrated_uv_reprojection_plus_stereo_left
-62.39208221435547,-100.64366912841797,-461.2928771972656,199.8465397303624,354.25182494593724,67.46679702102762,266.00000096918643,155.9999980042002,0.1764705926179886,0.1921568661928177,0.16078431904315948,calibrated_uv_reprojection_plus_stereo_left
-61.34766387939453,-100.52823638916016,-460.7420959472656,198.93509354278336,353.5487709478765,67.88366040389337,267.0000022590173,156.0000005361524,0.18431372940540314,0.18431372940540314,0.16862745583057404,calibrated_uv_reprojection_plus_stereo_left
-60.28414535522461,-100.37737274169922,-460.0289611816406,197.91978831511472,352.89006976409496,68.41608278386116,268.0000009833029,155.99999801914478,0.18431372940540314,0.1921568661928177,0.16862745583057404,calibrated_uv_reprojection_plus_stereo_left
-59.22842025756836,-100.2348403930664,-459.3540954589844,196.93083945107463,352.2237833224355,68.92118064173633,268.99999766141656,156.00000100623663,0.18039216101169586,0.20000000298023224,0.16862745583057404,calibrated_uv_reprojection_plus_stereo_left
-58.192996978759766,-100.12259674072266,-458.8180847167969,196.03298486514484,351.5230169826251,69.32734730514318,270.0000005600956,156.00000285556558,0.1882352977991104,0.2078431397676468,0.18039216101169586,calibrated_uv_reprojection_plus_stereo_left
-57.168270111083984,-100.02536010742188,-458.35089111328125,195.18063846322866,350.80571574310346,69.6844665770634,271.00000248043983,156.00000526578995,0.1921568661928177,0.2078431397676468,0.1882352977991104,calibrated_uv_reprojection_plus_stereo_left
-56.192893981933594,-100.01270294189453,-458.2712707519531,194.5783810898199,349.9857990214937,69.76563459841731,272.0000001462089,156.0000027664171,0.20000000298023224,0.21568627655506134,0.19607843458652496,calibrated_uv_reprojection_plus_stereo_left
-55.219200134277344,-100.00274658203125,-458.20404052734375,193.9841765113964,349.1626940407052,69.83797690197878,272.99999857515576,156.0000027523384,0.2078431397676468,0.2235294133424759,0.20392157137393951,calibrated_uv_reprojection_plus_stereo_left
-54.261314392089844,-100.02168273925781,-458.2691650390625,193.47478279182644,348.3036342132863,69.81611142040384,273.9999980338366,155.99999708425747,0.21176470816135406,0.22745098173618317,0.2078431397676468,calibrated_uv_reprojection_plus_stereo_left
-53.328330993652344,-100.08814239501953,-458.55206298828125,193.1042871573128,347.38445843452814,69.63925592639043,275.00000155334374,156.000003761989,0.21960784494876862,0.23529411852359772,0.21568627655506134,calibrated_uv_reprojection_plus_stereo_left
-52.359161376953125,-100.08799743652344,-458.5297546386719,192.5383885239537,346.5484169170481,69.67964548118073,276.0000014182177,156.00000077456758,0.22745098173618317,0.23529411852359772,0.21568627655506134,calibrated_uv_reprojection_plus_stereo_left
-51.44823455810547,-100.20138549804688,-459.02752685546875,192.3035254938966,345.567724438951,69.34994007477843,276.9999976582295,155.99999356800595,0.23529411852359772,0.23529411852359772,0.21960784494876862,calibrated_uv_reprojection_plus_stereo_left
-50.580257415771484,-100.40449523925781,-459.9363098144531,192.32850502934315,344.470041281896,68.727824538395,277.99999910684755,156.00000006350928,0.239215686917305,0.24313725531101227,0.21176470816135406,calibrated_uv_reprojection_plus_stereo_left
-49.767642974853516,-100.72772979736328,-461.3952331542969,192.70008796304757,343.21390446090174,67.71438117034569,278.9999985379425,156.00000283944053,0.24705882370471954,0.250980406999588,0.2078431397676468,calibrated_uv_reprojection_plus_stereo_left
-49.07978820800781,-101.32157135009766,-464.0934753417969,193.85249829882224,341.6008516430698,65.8193790599824,280.000000471911,155.99999918099704,0.2666666805744171,0.2666666805744171,0.21568627655506134,calibrated_uv_reprojection_plus_stereo_left
-48.262359619140625,-101.66680145263672,-465.65277099609375,194.27881066561963,340.3028074787663,64.73491984434389,280.9999993613221,155.99999509008157,0.27843138575553894,0.27450981736183167,0.2235294133424759,calibrated_uv_reprojection_plus_stereo_left
-47.508705139160156,-102.16366577148438,-467.90643310546875,195.1391006222276,338.799457173905,63.15668966163463,281.9999987075691,155.99999918117132,0.2980392277240753,0.27843138575553894,0.22745098173618317,calibrated_uv_reprojection_plus_stereo_left
-46.874019622802734,-102.94307708740234,-471.453857421875,196.80808484457322,336.9136921037606,60.658458168091386,283.00000087936274,155.99999948895112,0.2705882489681244,0.239215686917305,0.1921568661928177,calibrated_uv_reprojection_plus_stereo_left
-70.71028900146484,-101.82611083984375,-471.43572998046875,209.66978024133363,358.0998812264472,59.55489688772968,258.99999998889894,157.00000013401586,0.20392157137393951,0.18431372940540314,0.10588235408067703,calibrated_uv_reprojection_plus_stereo_left
-69.0255355834961,-100.81816101074219,-466.74725341796875,206.03091006143916,358.38939328568995,62.925748475742694,259.99999942571077,156.99999894979192,0.22745098173618317,0.20392157137393951,0.12941177189350128,calibrated_uv_reprojection_plus_stereo_left
-67.94927215576172,-100.6827392578125,-466.0984802246094,205.0461346094255,357.6948725861025,63.413541381369896,261.00000188759094,156.99999889921037,0.2078431397676468,0.19607843458652496,0.14901961386203766,calibrated_uv_reprojection_plus_stereo_left
-66.8649673461914,-100.53132629394531,-465.375732421875,204.01452875854585,357.0210727797247,63.95405071294846,261.9999984528884,156.99999746370764,0.19607843458652496,0.18431372940540314,0.1411764770746231,calibrated_uv_reprojection_plus_stereo_left
-65.80125427246094,-100.40690612792969,-464.77801513671875,203.06606926064916,356.3183506211394,64.40528165610135,262.99999796078384,156.99999998326348,0.18431372940540314,0.1882352977991104,0.16078431904315948,calibrated_uv_reprojection_plus_stereo_left
-64.60600280761719,-100.07506561279297,-463.2202453613281,201.4943159212453,355.8608758108328,65.54135391968282,264.00000388673715,156.99999971272175,0.18431372940540314,0.1882352977991104,0.16078431904315948,calibrated_uv_reprojection_plus_stereo_left
-63.54391098022461,-99.94253540039062,-462.58514404296875,200.52543399831285,355.1735789039027,66.01908116510623,265.0000034149991,157.0000029130562,0.18431372940540314,0.1882352977991104,0.16078431904315948,calibrated_uv_reprojection_plus_stereo_left
-62.477413177490234,-99.79891967773438,-461.8987731933594,199.5247639014798,354.5016587021036,66.53331659613497,266.0000005701067,157.0000019616714,0.18431372940540314,0.1882352977991104,0.16078431904315948,calibrated_uv_reprojection_plus_stereo_left
-61.43217468261719,-99.68534088134766,-461.3514709472656,198.6156410790033,353.7961338401509,66.94829418739869,266.9999994006452,156.99999976132577,0.18431372940540314,0.1882352977991104,0.16078431904315948,calibrated_uv_reprojection_plus_stereo_left
-60.396080017089844,-99.58326721191406,-460.85748291015625,197.74217774388063,353.0785940351816,67.32519182137844,267.9999993614774,157.00000245132182,0.18431372940540314,0.1921568661928177,0.16470588743686676,calibrated_uv_reprojection_plus_stereo_left
-59.341819763183594,-99.447509765625,-460.2076110839844,196.76933990622024,352.4036520617392,67.81321171929198,268.9999982422988,156.99999397656757,0.18039216101169586,0.20000000298023224,0.16862745583057404,calibrated_uv_reprojection_plus_stereo_left
-58.30355453491211,-99.33456420898438,-459.6634216308594,195.86596903118647,351.70303914448596,68.22579907194603,269.99999788918456,156.99999978917361,0.1882352977991104,0.20392157137393951,0.1764705926179886,calibrated_uv_reprojection_plus_stereo_left
-57.264827728271484,-99.21709442138672,-459.09832763671875,194.95040043806517,351.0098580385669,68.65323952019878,270.999997994308,157.00000167139024,0.1921568661928177,0.2078431397676468,0.1882352977991104,calibrated_uv_reprojection_plus_stereo_left
-56.30359649658203,-99.23226928710938,-459.1470031738281,194.42954818581808,350.154136691104,68.64302606858848,272.000001991909,156.9999977709685,0.20000000298023224,0.21568627655506134,0.19607843458652496,calibrated_uv_reprojection_plus_stereo_left
-55.32710266113281,-99.22068786621094,-459.0718994140625,193.82929919461088,349.33151544684864,68.72106324283772,272.9999995430606,156.99999914780116,0.21176470816135406,0.22745098173618317,0.2078431397676468,calibrated_uv_reprojection_plus_stereo_left
-54.343101501464844,-99.1950912475586,-458.9319763183594,193.1877485212135,348.52665103265764,68.84530147890524,273.99999969888285,157.00000476793446,0.21176470816135406,0.22745098173618317,0.2078431397676468,calibrated_uv_reprojection_plus_stereo_left
-53.39969253540039,-99.2441177368164,-459.1372375488281,192.76648595967197,347.6277638299795,68.72348343281806,274.9999978694215,156.9999975654421,0.21960784494876862,0.23529411852359772,0.21568627655506134,calibrated_uv_reprojection_plus_stereo_left
-52.43852996826172,-99.26145935058594,-459.1959228515625,192.25138716263223,346.76835129065637,68.70616152910583,275.9999999939662,156.99999589586213,0.2235294133424759,0.23529411852359772,0.21568627655506134,calibrated_uv_reprojection_plus_stereo_left
-51.51728057861328,-99.35652923583984,-459.61419677734375,191.96439969775633,345.80893340664653,68.43256528365157,277.0000010163427,157.00000167493022,0.2235294133424759,0.23529411852359772,0.21960784494876862,calibrated_uv_reprojection_plus_stereo_left
-50.651268005371094,-99.56394958496094,-460.5520935058594,192.00566451556438,344.7028701789041,67.78871116454104,278.000002964644,157.00000006184206,0.23529411852359772,0.24313725531101227,0.2078431397676468,calibrated_uv_reprojection_plus_stereo_left
-49.83098220825195,-99.87124633789062,-461.951904296875,192.33679023404125,343.4635122373617,66.81579851004557,279.00000274502986,157.0000049840133,0.250980406999588,0.2549019753932953,0.21176470816135406,calibrated_uv_reprojection_plus_stereo_left
-49.089874267578125,-100.35281372070312,-464.1575622558594,193.17328031490456,341.9910807970414,65.26884412176304,280.0000001732809,156.99999560790997,0.2666666805744171,0.2705882489681244,0.21960784494876862,calibrated_uv_reprojection_plus_stereo_left
-48.282875061035156,-100.71669006347656,-465.8187255859375,193.66123298105282,340.66533529713774,64.11007214685077,280.9999979936515,156.99999538746118,0.27450981736183167,0.27843138575553894,0.2235294133424759,calibrated_uv_reprojection_plus_stereo_left
-47.50469970703125,-101.15721893310547,-467.8342590332031,194.3679888744943,339.2318781168831,62.69901199682204,281.99999773312,157.00000061997713,0.29019609093666077,0.2705882489681244,0.21176470816135406,calibrated_uv_reprojection_plus_stereo_left
-46.976585388183594,-102.16043090820312,-472.4517517089844,196.70327076450803,337.0410047828662,59.434579848137616,282.99999825487,156.99999798422309,0.29019609093666077,0.2549019753932953,0.19607843458652496,calibrated_uv_reprojection_plus_stereo_left
-72.07173156738281,-102.76579284667969,-480.4889221191406,214.87059701723678,356.31180718133226,52.57206611745721,259.00000076788336,157.99999550423678,0.2235294133424759,0.20000000298023224,0.10196078568696976,calibrated_uv_reprojection_plus_stereo_left
-69.09347534179688,-99.9246597290039,-467.1832580566406,205.59336974077434,358.6927135186247,62.1071347490759,259.99999566739035,157.9999958983999,0.2235294133424759,0.20392157137393951,0.10196078568696976,calibrated_uv_reprojection_plus_stereo_left
-67.98481750488281,-99.74436950683594,-466.31866455078125,204.46814761876016,358.0501431544016,62.749848909130606,260.99999989741025,158.000002694052,0.1921568661928177,0.1921568661928177,0.14901961386203766,calibrated_uv_reprojection_plus_stereo_left
-66.90428924560547,-99.60074615478516,-465.6255187988281,203.45662361026064,357.3679634290919,63.26996453706255,261.99999855557576,157.9999998941984,0.1882352977991104,0.1882352977991104,0.14509804546833038,calibrated_uv_reprojection_plus_stereo_left
-65.82893371582031,-99.46074676513672,-464.94940185546875,202.457745513641,356.6839247686579,63.77783967654386,263.0000043658356,158.00000290819014,0.18431372940540314,0.1882352977991104,0.1568627506494522,calibrated_uv_reprojection_plus_stereo_left
-64.66270446777344,-99.17721557617188,-463.60235595703125,201.0249298092258,356.171602956185,64.76502057828867,264.00000096897145,157.99999467213223,0.18039216101169586,0.18431372940540314,0.1568627506494522,calibrated_uv_reprojection_plus_stereo_left
-63.60889434814453,-99.06011962890625,-463.0334777832031,200.09941460373204,355.4662361497878,65.1961052758275,265.0000010787661,158.00000451253447,0.18431372940540314,0.18431372940540314,0.16862745583057404,calibrated_uv_reprojection_plus_stereo_left
-62.56721115112305,-98.95864868164062,-462.5376281738281,199.22241757528775,354.74412099571225,65.57496895522974,266.00000041441245,158.0000027390814,0.18431372940540314,0.18431372940540314,0.16862745583057404,calibrated_uv_reprojection_plus_stereo_left
-61.50852966308594,-98.82673645019531,-461.8995361328125,198.25471622522343,354.06038713283664,66.0553917266705,266.9999970562248,157.99999921466144,0.18431372940540314,0.1882352977991104,0.16078431904315948,calibrated_uv_reprojection_plus_stereo_left
-60.515018463134766,-98.79706573486328,-461.7393798828125,197.59637830232924,353.25471163283873,66.19436971017097,268.00000148211893,158.00000496901583,0.1882352977991104,0.19607843458652496,0.16470588743686676,calibrated_uv_reprojection_plus_stereo_left
-59.45541000366211,-98.65684509277344,-461.0625305175781,196.60607975417236,352.58466172813354,66.70237284663557,269.00000169736126,157.9999973011813,0.18431372940540314,0.20392157137393951,0.1725490242242813,calibrated_uv_reprojection_plus_stereo_left
-58.41368103027344,-98.54219818115234,-460.50531005859375,195.69410295409682,351.88545898725033,67.1248663462539,270.0000013887974,158.0000024554824,0.1882352977991104,0.2078431397676468,0.18039216101169586,calibrated_uv_reprojection_plus_stereo_left
-57.36571502685547,-98.41307067871094,-459.88043212890625,194.74004326872563,351.2061193469978,67.59562346859138,270.99999941150617,157.9999990560774,0.1921568661928177,0.2078431397676468,0.1882352977991104,calibrated_uv_reprojection_plus_stereo_left
-56.39431381225586,-98.41320037841797,-459.859619140625,194.17368061825476,350.3675978611412,67.63497712445388,271.999998012931,158.0000009855418,0.2078431397676468,0.21960784494876862,0.20000000298023224,calibrated_uv_reprojection_plus_stereo_left
-55.415000915527344,-98.3993911743164,-459.773681640625,193.56571438803599,349.54653732479454,67.72083088521117,273.0000007270452,158.0000044005661,0.22745098173618317,0.22745098173618317,0.21176470816135406,calibrated_uv_reprojection_plus_stereo_left
-54.42930221557617,-98.37364959716797,-459.6319580078125,192.92234073646165,348.74077098217407,67.84651203656358,273.99999893012097,157.99999917308344,0.2235294133424759,0.23137255012989044,0.21176470816135406,calibrated_uv_reprojection_plus_stereo_left
-53.46792221069336,-98.3918228149414,-459.6954650878906,192.4097137674101,347.8794501409419,67.82566268437819,275.0000005140547,158.00000427102702,0.21960784494876862,0.23529411852359772,0.21568627655506134,calibrated_uv_reprojection_plus_stereo_left
-52.49162673950195,-98.38282775878906,-459.6319885253906,191.81626706004658,347.05261568179924,67.89547577968784,276.0000015872908,157.99999885340088,0.22745098173618317,0.239215686917305,0.21960784494876862,calibrated_uv_reprojection_plus_stereo_left
-51.57899475097656,-98.49516296386719,-460.1353454589844,191.58195182882235,346.0692815326979,67.56068229630353,276.99999987414947,157.9999973346729,0.23529411852359772,0.239215686917305,0.21960784494876862,calibrated_uv_reprojection_plus_stereo_left
-50.71409225463867,-98.70481872558594,-461.09332275390625,191.6337666280922,344.9575298419793,66.90146108379832,278.0000019005562,158.00000543036379,0.239215686917305,0.24313725531101227,0.21960784494876862,calibrated_uv_reprojection_plus_stereo_left
-49.886940002441406,-98.99771881103516,-462.44000244140625,191.92849279408898,343.7333074107053,65.96494052435281,278.9999986587654,158.00000088777006,0.24705882370471954,0.250980406999588,0.21960784494876862,calibrated_uv_reprojection_plus_stereo_left
-49.13212203979492,-99.44886016845703,-464.5257263183594,192.68536671259062,342.29574255587625,64.50115836264644,280.0000009161462,158.0000024792671,0.2666666805744171,0.26274511218070984,0.21960784494876862,calibrated_uv_reprojection_plus_stereo_left
-48.3009033203125,-99.76072692871094,-465.960693359375,193.0280498515923,341.03496160536577,63.50197300658891,280.9999998265903,157.99999588644454,0.27843138575553894,0.2705882489681244,0.21960784494876862,calibrated_uv_reprojection_plus_stereo_left
-47.5299072265625,-100.2126693725586,-468.0498046875,193.77761602610792,339.58203627786025,62.0361902686094,282.00000046729554,157.999999901474,0.2862745225429535,0.25882354378700256,0.1921568661928177,calibrated_uv_reprojection_plus_stereo_left
-47.283714294433594,-101.81399536132812,-475.5067138671875,197.8835453320072,336.5790513859997,56.740860514919575,282.99999861516096,157.99999865413258,0.364705890417099,0.32549020648002625,0.24705882370471954,calibrated_uv_reprojection_plus_stereo_left
-78.7409896850586,-111.16012573242188,-524.9257202148438,243.16803277389926,345.96305960083237,20.240664417071685,259.00000478315957,159.0000069872116,0.3843137323856354,0.3490196168422699,0.239215686917305,calibrated_uv_reprojection_plus_stereo_left
-69.1773452758789,-99.0521011352539,-467.7269592285156,205.22471609284406,358.9705029100449,61.210475676326155,259.9999967859492,159.0000007334366,0.2078431397676468,0.1764705926179886,0.06666667014360428,calibrated_uv_reprojection_plus_stereo_left
-68.04696655273438,-98.84370422363281,-466.7213134765625,204.00828204429695,358.36090560097284,61.95507879967431,261.0000004842264,159.00000057511926,0.1882352977991104,0.19607843458652496,0.1411764770746231,calibrated_uv_reprojection_plus_stereo_left
-66.95093536376953,-98.67988586425781,-465.9262390136719,202.93104147173716,357.7026734478237,62.54887759111091,261.9999970304515,159.0000003268913,0.18039216101169586,0.1882352977991104,0.13333334028720856,calibrated_uv_reprojection_plus_stereo_left
-65.86395263671875,-98.52481842041016,-465.17254638671875,201.88246829937384,357.03688545639665,63.11298253328329,263.0000020555453,158.99999907869767,0.18039216101169586,0.18431372940540314,0.1411764770746231,calibrated_uv_reprojection_plus_stereo_left
-64.7181625366211,-98.27582550048828,-463.9754943847656,200.54853436462355,356.4852705174469,63.99426496575228,263.9999957956684,159.00000013518408,0.18431372940540314,0.1882352977991104,0.14509804546833038,calibrated_uv_reprojection_plus_stereo_left
-63.677154541015625,-98.18083953857422,-463.505615234375,199.68738419384732,355.7536543426501,64.35511783848762,264.9999987231843,159.00000298801422,0.18431372940540314,0.1882352977991104,0.16078431904315948,calibrated_uv_reprojection_plus_stereo_left
-62.62589645385742,-98.06693267822266,-462.9464111328125,198.76966115369606,355.0464290014018,64.7798382149565,265.99999886553553,158.9999961080462,0.1882352977991104,0.1921568661928177,0.16470588743686676,calibrated_uv_reprojection_plus_stereo_left
-61.570037841796875,-97.94217681884766,-462.3360900878906,197.82027473848962,354.3542701060926,65.24106741948992,266.9999995728613,158.99999944532118,0.1764705926179886,0.19607843458652496,0.16470588743686676,calibrated_uv_reprojection_plus_stereo_left
-60.61946487426758,-97.98367309570312,-462.5105895996094,197.37669772816525,353.461042148728,65.14080605386494,268.0000011139083,159.00000502560977,0.1764705926179886,0.19607843458652496,0.16470588743686676,calibrated_uv_reprojection_plus_stereo_left
-59.55956268310547,-97.84701538085938,-461.8441467285156,196.39313319773441,352.7862966814998,65.64210048015218,269.00000191055534,159.00000522806153,0.18039216101169586,0.20000000298023224,0.16862745583057404,calibrated_uv_reprojection_plus_stereo_left
-58.502220153808594,-97.7101821899414,-461.1769104003906,195.41058303283268,352.1140751079638,66.14389785958332,270.00000268908354,159.00000028117273,0.1882352977991104,0.2078431397676468,0.18039216101169586,calibrated_uv_reprojection_plus_stereo_left
-57.45326614379883,-97.58304595947266,-460.5555114746094,194.4588511641449,351.4320620320387,66.61284357502461,270.9999971410318,158.99999807668627,0.19607843458652496,0.21568627655506134,0.18431372940540314,calibrated_uv_reprojection_plus_stereo_left
-56.48463439941406,-97.59041595458984,-460.5689697265625,193.9135117574371,350.5831792916322,66.62771001071155,272.0000008472598,158.99999876584155,0.20392157137393951,0.2235294133424759,0.19607843458652496,calibrated_uv_reprojection_plus_stereo_left
-55.49610900878906,-97.56316375732422,-460.4190368652344,193.2640241300428,349.7779220570079,66.75942110491121,273.00000081900384,158.99999987885187,0.21568627655506134,0.22745098173618317,0.2078431397676468,calibrated_uv_reprojection_plus_stereo_left
-54.51900100708008,-97.55547332763672,-460.36138916015625,192.67346964782206,348.948179390607,66.8251363410223,273.9999978087337,158.99999294774977,0.21568627655506134,0.23137255012989044,0.21176470816135406,calibrated_uv_reprojection_plus_stereo_left
-53.54829788208008,-97.55927276611328,-460.3580017089844,192.11738010148053,348.1037771928318,66.85204947288929,274.9999981402829,158.99999479617668,0.21960784494876862,0.23529411852359772,0.21568627655506134,calibrated_uv_reprojection_plus_stereo_left
-52.53134536743164,-97.47750091552734,-459.9508361816406,191.30557979469046,347.36972050436714,67.16764084455252,275.9999999503154,158.99999573918825,0.23137255012989044,0.239215686917305,0.2235294133424759,calibrated_uv_reprojection_plus_stereo_left
-51.63011932373047,-97.61153411865234,-460.56195068359375,191.13813272673622,346.3565936509748,66.75524328958136,276.9999972748141,158.99999869557405,0.24313725531101227,0.24313725531101227,0.22745098173618317,calibrated_uv_reprojection_plus_stereo_left
-50.75761795043945,-97.80619049072266,-461.4590148925781,191.1494794478079,345.26181048478674,66.13851182084431,277.99999910505085,158.9999981072123,0.24313725531101227,0.24313725531101227,0.2235294133424759,calibrated_uv_reprojection_plus_stereo_left
-49.926795959472656,-98.09046936035156,-462.7788391113281,191.42470570133173,344.0456201030207,65.21969981999081,279.00000054833237,159.00000150104046,0.24705882370471954,0.250980406999588,0.2235294133424759,calibrated_uv_reprojection_plus_stereo_left
-49.171714782714844,-98.53800964355469,-464.86871337890625,192.1804934878934,342.608127886121,63.75066541299833,279.99999877397966,158.99999708593643,0.26274511218070984,0.2549019753932953,0.21960784494876862,calibrated_uv_reprojection_plus_stereo_left
-48.3074951171875,-98.78075408935547,-465.9923095703125,192.32521500461127,341.4360483269835,62.97242123303158,281.00000048571206,158.99999937934916,0.27843138575553894,0.26274511218070984,0.21568627655506134,calibrated_uv_reprojection_plus_stereo_left
-47.57460021972656,-99.30785369873047,-468.4571533203125,193.30661316566176,339.8779960736929,61.23582745535299,281.9999995163225,158.999999218473,0.2823529541492462,0.2549019753932953,0.18039216101169586,calibrated_uv_reprojection_plus_stereo_left
-48.1446418762207,-102.6351089477539,-484.1300964355469,202.53280870490278,334.5274897572988,50.06151296012234,282.99999893150925,158.99999675906483,0.46666666865348816,0.4313725531101227,0.3450980484485626,calibrated_uv_reprojection_plus_stereo_left
-69.45866394042969,-98.45710754394531,-469.60552978515625,205.72310131054104,358.9244212999142,59.35570560427709,259.9999957677452,159.99999584547345,0.21568627655506134,0.1725490242242813,0.062745101749897,calibrated_uv_reprojection_plus_stereo_left
-67.99471282958984,-97.77680206298828,-466.33929443359375,203.03744506278832,358.864762038366,61.72189011060357,261.00000113689043,159.9999990484894,0.18431372940540314,0.1921568661928177,0.13725490868091583,calibrated_uv_reprojection_plus_stereo_left
-66.97276306152344,-97.72152709960938,-466.0542297363281,202.2925242334867,358.0805800747958,61.950938864863815,261.9999969069497,159.99999657200476,0.18039216101169586,0.1882352977991104,0.13333334028720856,calibrated_uv_reprojection_plus_stereo_left
-65.95594024658203,-97.67229461669922,-465.79803466796875,201.56687611743047,357.290122030559,62.15926697598553,263.0000054842473,160.00000056624668,0.18039216101169586,0.18431372940540314,0.14509804546833038,calibrated_uv_reprojection_plus_stereo_left
-64.79752349853516,-97.4087905883789,-464.52001953125,200.18168686611904,356.75662592731504,63.099869933252194,264.0000008060942,159.9999983494512,0.18431372940540314,0.1882352977991104,0.14901961386203766,calibrated_uv_reprojection_plus_stereo_left
-63.77531433105469,-97.34518432617188,-464.19537353515625,199.41419604146336,355.98695282768745,63.357148687249946,265.000002595423,160.00000307718167,0.18431372940540314,0.1882352977991104,0.16078431904315948,calibrated_uv_reprojection_plus_stereo_left
-62.74393844604492,-97.26547241210938,-463.7939147949219,198.5979755024802,355.23787962914093,63.66944145900021,265.99999865469175,159.99999874098924,0.18431372940540314,0.1882352977991104,0.16078431904315948,calibrated_uv_reprojection_plus_stereo_left
-61.72412109375,-97.20153045654297,-463.46771240234375,197.83097074871012,354.4708683748563,63.92777121770786,267.0000018739798,160.00000079036744,0.18431372940540314,0.1882352977991104,0.16078431904315948,calibrated_uv_reprojection_plus_stereo_left
-60.688255310058594,-97.10993957519531,-463.0096740722656,196.98014403081226,353.73894183400665,64.2805270819756,267.99999956849973,159.9999951868113,0.18431372940540314,0.1882352977991104,0.16078431904315948,calibrated_uv_reprojection_plus_stereo_left
-59.653987884521484,-97.01803588867188,-462.55023193359375,196.1294273501179,353.00893441848626,64.63423853397069,268.9999998688968,160.00000000600699,0.18039216101169586,0.20000000298023224,0.16862745583057404,calibrated_uv_reprojection_plus_stereo_left
-58.62215805053711,-96.92720031738281,-462.0959167480469,195.28300668625405,352.2791419410281,64.98423276536636,270.0000012438629,160.00000391721136,0.1921568661928177,0.21176470816135406,0.18039216101169586,calibrated_uv_reprojection_plus_stereo_left
-57.5994873046875,-96.84878540039062,-461.7008361816406,194.47536511681648,351.5352803143524,65.29175519277311,271.0000003050702,160.0000043582986,0.19607843458652496,0.21568627655506134,0.18431372940540314,calibrated_uv_reprojection_plus_stereo_left
-56.64316177368164,-96.8812484741211,-461.8343505859375,194.00496968201588,350.652476472386,65.22064155752565,272.0000033432789,160.00000584780435,0.21176470816135406,0.2235294133424759,0.19607843458652496,calibrated_uv_reprojection_plus_stereo_left
-55.644290924072266,-96.84089660644531,-461.6207275390625,193.31368780059296,349.86180892203214,65.39816163642689,272.9999976966096,160.00000127976574,0.22745098173618317,0.22745098173618317,0.21176470816135406,calibrated_uv_reprojection_plus_stereo_left
-54.6512565612793,-96.80955505371094,-461.4501037597656,192.6500853355247,349.0602248121201,65.54486628493521,274.0000019760571,160.00000415668148,0.23137255012989044,0.23137255012989044,0.21568627655506134,calibrated_uv_reprojection_plus_stereo_left
-53.66580581665039,-96.79084777832031,-461.3396911621094,192.02491626207728,348.24283518644717,65.64844291988936,274.9999990140584,160.0000025346572,0.23137255012989044,0.23137255012989044,0.21568627655506134,calibrated_uv_reprojection_plus_stereo_left
-52.68752670288086,-96.78473663330078,-461.289306640625,191.43784054029317,347.40934991700124,65.70903172346925,275.9999995297108,159.99999796957064,0.23529411852359772,0.239215686917305,0.2235294133424759,calibrated_uv_reprojection_plus_stereo_left
-51.75214385986328,-96.85877990722656,-461.6209716796875,191.09162232858603,346.471040930267,65.49607952524508,277.0000009395898,160.00000173840127,0.24313725531101227,0.24313725531101227,0.22745098173618317,calibrated_uv_reprojection_plus_stereo_left
-50.8392448425293,-96.97867584228516,-462.17108154296875,190.88196277793975,345.47101149935077,65.1267828802387,278.00000208035203,159.9999966249049,0.24705882370471954,0.24705882370471954,0.22745098173618317,calibrated_uv_reprojection_plus_stereo_left
-49.950809478759766,-97.15094757080078,-462.9707946777344,190.82762287228275,344.3993982821404,64.57886040427394,279.0000024816304,160.00000467265113,0.250980406999588,0.2549019753932953,0.22745098173618317,calibrated_uv_reprojection_plus_stereo_left
-49.158687591552734,-97.52129364013672,-464.7142639160156,191.3627713189514,343.060425384198,63.35548272568769,280.00000149959453,160.00000357125145,0.2666666805744171,0.2549019753932953,0.21176470816135406,calibrated_uv_reprojection_plus_stereo_left
-48.23491287231445,-97.6403579711914,-465.26019287109375,191.14453300450236,342.0524784400637,62.98944071468918,280.99999713557236,160.00000055467586,0.2862745225429535,0.26274511218070984,0.20392157137393951,calibrated_uv_reprojection_plus_stereo_left
-47.62385177612305,-98.41071319580078,-468.90936279296875,192.86234208787346,340.1619480989449,60.40246379267137,282.00000207732637,159.999999806632,0.2862745225429535,0.24313725531101227,0.16862745583057404,calibrated_uv_reprojection_plus_stereo_left
-51.75743103027344,-109.22684478759766,-520.4223022460938,224.39651418246797,324.59014663498056,23.562228868583475,283.00000055758176,159.99999815243052,0.545098066329956,0.4901960790157318,0.40784314274787903,calibrated_uv_reprojection_plus_stereo_left
-71.00151062011719,-99.62420654296875,-480.0126647949219,211.75277226830502,356.8137788911583,51.37370496808694,260.00000509878,161.0000023677705,0.32549020648002625,0.27843138575553894,0.16078431904315948,calibrated_uv_reprojection_plus_stereo_left
-68.05364990234375,-96.8697738647461,-466.7198486328125,202.5619617336863,359.1816638650266,60.94206873751034,260.9999981502146,161.0000012669829,0.16862745583057404,0.1764705926179886,0.12156862765550613,calibrated_uv_reprojection_plus_stereo_left
-66.9970703125,-96.76618194580078,-466.199462890625,201.66474596584624,358.4544775646805,61.340332205698076,261.9999971004715,161.00000377130988,0.18039216101169586,0.1882352977991104,0.13333334028720856,calibrated_uv_reprojection_plus_stereo_left
-65.97654724121094,-96.71244812011719,-465.9192810058594,200.92378739262261,357.6695062884647,61.56613032912719,262.9999952745918,160.9999988014251,0.18039216101169586,0.18431372940540314,0.1568627506494522,calibrated_uv_reprojection_plus_stereo_left
-64.82408142089844,-96.46084594726562,-464.6859436035156,199.56915801913766,357.12352089463553,62.47602234857493,264.00000163938296,160.99999887347377,0.18431372940540314,0.1882352977991104,0.16078431904315948,calibrated_uv_reprojection_plus_stereo_left
-63.81156921386719,-96.41304779052734,-464.4344787597656,198.84898713226272,356.3348680530784,62.681104367644764,265.0000033961621,161.00000147226768,0.18039216101169586,0.18431372940540314,0.1411764770746231,calibrated_uv_reprojection_plus_stereo_left
-62.790321350097656,-96.3504409790039,-464.1116943359375,198.08354909340312,355.56508687447655,62.937345881860836,266.00000296761215,161.0000025087951,0.18039216101169586,0.18431372940540314,0.14509804546833038,calibrated_uv_reprojection_plus_stereo_left
-61.770912170410156,-96.28880310058594,-463.7935791015625,197.32180173264192,354.7951715953685,63.19020882195457,266.99999721063045,160.99999841002347,0.16862745583057404,0.1882352977991104,0.1568627506494522,calibrated_uv_reprojection_plus_stereo_left
-60.75358581542969,-96.22857666015625,-463.4823303222656,196.56511523586278,354.0245247434368,63.43811054602577,268.0000011868817,161.00000333418495,0.16862745583057404,0.1882352977991104,0.1568627506494522,calibrated_uv_reprojection_plus_stereo_left
-59.72677230834961,-96.15119934082031,-463.0884704589844,195.75635918615723,353.2762854002265,63.74525823341935,269.00000103042805,161.00000117515123,0.1764705926179886,0.19607843458652496,0.16470588743686676,calibrated_uv_reprojection_plus_stereo_left
-58.697547912597656,-96.06739044189453,-462.6636657714844,194.92874980983788,352.5374359451358,64.07456876050588,269.9999975820342,160.9999983752806,0.19607843458652496,0.21568627655506134,0.18431372940540314,calibrated_uv_reprojection_plus_stereo_left
-57.6746711730957,-95.99140930175781,-462.276611328125,194.12608301713993,351.79010031816875,64.37675515443618,270.99999896331803,160.99999932561263,0.2078431397676468,0.22745098173618317,0.19607843458652496,calibrated_uv_reprojection_plus_stereo_left
-56.721946716308594,-96.03167724609375,-462.44940185546875,193.67966445496717,350.8959967477584,64.27731533549348,271.9999999568377,161.00000124904955,0.21568627655506134,0.23529411852359772,0.2078431397676468,calibrated_uv_reprojection_plus_stereo_left
-55.730995178222656,-96.00760650634766,-462.3123474121094,193.03642419325945,350.0836422347121,64.40014053297438,273.0000016258139,161.00000078109352,0.21960784494876862,0.23529411852359772,0.21568627655506134,calibrated_uv_reprojection_plus_stereo_left
-54.73139953613281,-95.96762084960938,-462.0986633300781,192.34496984379683,349.2922109501102,64.57791542678007,274.00000191089975,160.99999898175696,0.22745098173618317,0.23529411852359772,0.21568627655506134,calibrated_uv_reprojection_plus_stereo_left
-53.739566802978516,-95.94013977050781,-461.9451904296875,191.69195660947355,348.4851835212865,64.71249158026285,274.99999747913984,160.99999421650247,0.23529411852359772,0.23529411852359772,0.21960784494876862,calibrated_uv_reprojection_plus_stereo_left
-52.73970413208008,-95.89714813232422,-461.71710205078125,190.99220855110178,347.69887149939797,64.9005571022202,276.00000032896565,161.00000064490274,0.239215686917305,0.239215686917305,0.2235294133424759,calibrated_uv_reprojection_plus_stereo_left
-51.788455963134766,-95.94270324707031,-461.9153137207031,190.5609910483218,346.79661431297916,64.7829239209347,276.999998756679,161.0000017005292,0.24705882370471954,0.24705882370471954,0.23137255012989044,calibrated_uv_reprojection_plus_stereo_left
-50.85553741455078,-96.02473449707031,-462.2890930175781,190.23940029316486,345.84513187132495,64.5394349088462,277.9999985883966,160.99999914100434,0.250980406999588,0.250980406999588,0.23137255012989044,calibrated_uv_reprojection_plus_stereo_left
-49.950927734375,-96.16458892822266,-462.94122314453125,190.09117849611624,344.8149557889536,64.09642323794031,278.9999997675536,161.00000178375552,0.250980406999588,0.2549019753932953,0.22745098173618317,calibrated_uv_reprojection_plus_stereo_left
-49.17130661010742,-96.55558776855469,-464.8022155761719,190.69707862049842,343.44478607731867,62.78686000033434,279.99999926528255,160.9999956497596,0.26274511218070984,0.2549019753932953,0.21568627655506134,calibrated_uv_reprojection_plus_stereo_left
-48.284847259521484,-96.74857330322266,-465.70989990234375,190.70355642191873,342.3355281709971,62.16086788404169,280.99999843807916,160.9999946575022,0.27843138575553894,0.25882354378700256,0.2078431397676468,calibrated_uv_reprojection_plus_stereo_left
-47.78217315673828,-97.7347183227539,-470.435302734375,193.0853623106329,340.14301425362197,58.798471108440765,282.0000001633282,160.99999766794707,0.29411765933036804,0.2549019753932953,0.18039216101169586,calibrated_uv_reprojection_plus_stereo_left
-56.11198425292969,-117.21324920654297,-564.167236328125,250.78006159076824,312.5950871985881,-8.35769072936779,282.99999988761937,160.9999962426964,0.6313725709915161,0.5764706134796143,0.4901960790157318,calibrated_uv_reprojection_plus_stereo_left
-77.43905639648438,-107.54464721679688,-523.5081176757812,239.1814049847472,346.7278196223161,19.57717742547237,260.0000030188306,162.00000429098168,0.5215686559677124,0.4627451002597809,0.3333333432674408,calibrated_uv_reprojection_plus_stereo_left
-68.18588256835938,-96.06438446044922,-467.60302734375,202.41023457312696,359.3768896785142,59.80003296105019,260.9999980015384,162.00000135921152,0.1764705926179886,0.18039216101169586,0.11764705926179886,calibrated_uv_reprojection_plus_stereo_left
-67.02599334716797,-95.81681823730469,-466.3768005371094,201.05723441140543,358.8207565874502,60.70632876457415,261.99999760016277,161.99999775387292,0.18431372940540314,0.1882352977991104,0.12941177189350128,calibrated_uv_reprojection_plus_stereo_left
-65.99701690673828,-95.75189208984375,-466.0396423339844,200.2797342304525,358.04931653694075,60.97335908205241,262.99999918153645,161.99999880388177,0.18039216101169586,0.18431372940540314,0.15294118225574493,calibrated_uv_reprojection_plus_stereo_left
-64.87057495117188,-95.54154205322266,-464.9947509765625,199.04796216419896,357.4551479633514,61.74909729341522,264.0000027516662,162.00000163260182,0.18039216101169586,0.18431372940540314,0.1568627506494522,calibrated_uv_reprojection_plus_stereo_left
-63.837982177734375,-95.46515655517578,-464.6018981933594,198.23703016918017,356.70118819937346,62.05605954340297,264.9999996815642,162.00000013994514,0.18039216101169586,0.18431372940540314,0.1568627506494522,calibrated_uv_reprojection_plus_stereo_left
-62.8333854675293,-95.42900085449219,-464.4048767089844,197.55237925351304,355.89907373743546,62.222232964834404,266.00000267894717,162.00000299671353,0.18039216101169586,0.18431372940540314,0.1568627506494522,calibrated_uv_reprojection_plus_stereo_left
-61.82640075683594,-95.38809967041016,-464.18475341796875,196.8533567596188,355.10343490718793,62.4049942252708,266.99999855540426,162.0000008681337,0.16470588743686676,0.18431372940540314,0.15294118225574493,calibrated_uv_reprojection_plus_stereo_left
-60.81464385986328,-95.3385009765625,-463.9223327636719,196.12778489977865,354.31930839842886,62.61813089194021,268.00000161450896,162.00000052586725,0.16470588743686676,0.18431372940540314,0.15294118225574493,calibrated_uv_reprojection_plus_stereo_left
-59.79143142700195,-95.26911163330078,-463.5636291503906,195.34144327337475,353.5608695799305,62.900429693071544,268.9999991178977,161.99999898504348,0.1725490242242813,0.1921568661928177,0.16078431904315948,calibrated_uv_reprojection_plus_stereo_left
-58.76847839355469,-95.19792938232422,-463.19622802734375,194.55035162985172,352.8058783483873,63.18894388025831,269.9999973441442,161.9999967514065,0.19607843458652496,0.21568627655506134,0.18431372940540314,calibrated_uv_reprojection_plus_stereo_left
-57.744972229003906,-95.12352752685547,-462.8132019042969,193.7501423030315,352.05619421857017,63.48864792780853,270.999999855605,161.99999651633146,0.21176470816135406,0.23137255012989044,0.20000000298023224,calibrated_uv_reprojection_plus_stereo_left
-56.78728485107422,-95.15694427490234,-462.95477294921875,193.2829834837686,351.16951367582334,63.41143924022214,271.9999987250912,161.9999982916029,0.21568627655506134,0.23529411852359772,0.20392157137393951,calibrated_uv_reprojection_plus_stereo_left
-55.8006477355957,-95.14227294921875,-462.8623962402344,192.66752557153984,350.34427992816455,63.502305321816436,272.99999996994694,162.00000308505088,0.21568627655506134,0.23529411852359772,0.2078431397676468,calibrated_uv_reprojection_plus_stereo_left
-54.80367660522461,-95.1092529296875,-462.68072509765625,191.99587935995572,349.54311923566587,63.65730972037295,274.0000005957761,161.99999985286587,0.2235294133424759,0.23529411852359772,0.21176470816135406,calibrated_uv_reprojection_plus_stereo_left
-53.81437301635742,-95.08867645263672,-462.55963134765625,191.36272550858956,348.72620016839016,63.76878547059954,274.99999991284125,162.0000034057017,0.23137255012989044,0.23137255012989044,0.21568627655506134,calibrated_uv_reprojection_plus_stereo_left
-52.78382873535156,-94.99323272705078,-462.0743408203125,190.50090088337572,348.0082670616239,64.14181988490623,276.0000002628638,162.00000090991966,0.239215686917305,0.239215686917305,0.2235294133424759,calibrated_uv_reprojection_plus_stereo_left
-51.82636260986328,-95.02828979492188,-462.2238464355469,190.03834182836738,347.11883745437035,64.05893296477865,276.9999974162955,161.9999964558582,0.24313725531101227,0.24313725531101227,0.22745098173618317,calibrated_uv_reprojection_plus_stereo_left
-50.886287689208984,-95.09730529785156,-462.5385437011719,189.6787480008539,346.183367071854,63.85743897705919,277.9999995511341,162.00000039569784,0.24705882370471954,0.250980406999588,0.22745098173618317,calibrated_uv_reprojection_plus_stereo_left
-49.974273681640625,-95.22261047363281,-463.126953125,189.4893439987074,345.17094417760273,63.45944946005699,279.00000145634584,161.99999848282914,0.250980406999588,0.2549019753932953,0.22745098173618317,calibrated_uv_reprojection_plus_stereo_left
-49.18816375732422,-95.59772491455078,-464.9302673339844,190.05609605712942,343.81814990980706,62.189239486145425,280.00000283401687,162.00000459264805,0.25882354378700256,0.25882354378700256,0.21960784494876862,calibrated_uv_reprojection_plus_stereo_left
-48.36020278930664,-95.90525817871094,-466.40472412109375,190.41373307654356,342.5507186479565,61.15532456381362,281.0000006209954,162.00000423972187,0.250980406999588,0.24705882370471954,0.20392157137393951,calibrated_uv_reprojection_plus_stereo_left
-48.097930908203125,-97.37091827392578,-473.5109558105469,194.26636316475515,339.6898218119917,56.07864267186494,281.9999991953588,162.00000115138408,0.3490196168422699,0.30980393290519714,0.23529411852359772,calibrated_uv_reprojection_plus_stereo_left
-68.84925842285156,-95.99580383300781,-472.12841796875,204.60479501217884,358.6902953346087,56.03340236262852,261.0000020979373,162.99999960645593,0.24313725531101227,0.24705882370471954,0.16078431904315948,calibrated_uv_reprojection_plus_stereo_left
-67.05763244628906,-94.87052917480469,-466.57305908203125,200.46133381430735,359.1827278450616,60.05830498839231,262.0000042247442,163.0000013064016,0.1921568661928177,0.20000000298023224,0.12156862765550613,calibrated_uv_reprojection_plus_stereo_left
-66.00395965576172,-94.77137756347656,-466.0644226074219,199.5738875327964,358.45288282845615,60.44913466854001,262.9999955047787,162.99999915561426,0.18039216101169586,0.18431372940540314,0.1411764770746231,calibrated_uv_reprojection_plus_stereo_left
-64.89824676513672,-94.5934829711914,-465.1686096191406,198.439257124864,357.8207939003612,61.118649613332764,264.00000267014457,162.99999783778964,0.18039216101169586,0.18431372940540314,0.1411764770746231,calibrated_uv_reprojection_plus_stereo_left
-63.88197708129883,-94.54256439208984,-464.89727783203125,197.7064539098942,357.0358324478155,61.33852913620001,264.9999997530433,163.00000067186363,0.18039216101169586,0.18431372940540314,0.1568627506494522,calibrated_uv_reprojection_plus_stereo_left
-62.87773895263672,-94.50823974609375,-464.7075500488281,197.02635772983518,356.2311924954221,61.49964545324639,266.000001518177,163.00000114714956,0.18039216101169586,0.18431372940540314,0.1568627506494522,calibrated_uv_reprojection_plus_stereo_left
-61.866783142089844,-94.46265411376953,-464.46246337890625,196.3113325360299,355.4411592656277,61.70059079946225,266.9999982698135,163.00000081428928,0.16862745583057404,0.1882352977991104,0.1568627506494522,calibrated_uv_reprojection_plus_stereo_left
-60.88545227050781,-94.46166229248047,-464.4366455078125,195.73638216170048,354.5958974277484,61.743705181480834,267.9999998250628,162.99999985826332,0.1725490242242813,0.1921568661928177,0.16078431904315948,calibrated_uv_reprojection_plus_stereo_left
-59.860374450683594,-94.3917465209961,-464.07196044921875,194.94611897667636,353.8377614182283,62.03068811516215,268.9999992305514,162.99999776429388,0.1764705926179886,0.19607843458652496,0.16470588743686676,calibrated_uv_reprojection_plus_stereo_left
-58.82726287841797,-94.30671691894531,-463.6330261230469,194.10956095096589,353.100069275504,62.37106358274917,270.0000001063046,163.00000064829825,0.20000000298023224,0.21960784494876862,0.1882352977991104,calibrated_uv_reprojection_plus_stereo_left
-57.79447555541992,-94.21943664550781,-463.18304443359375,193.26698612463662,352.3667406325727,62.71934748422069,271.000000024254,162.99999948942838,0.21176470816135406,0.23137255012989044,0.20000000298023224,calibrated_uv_reprojection_plus_stereo_left
-56.861900329589844,-94.2954330444336,-463.5357360839844,192.9324751722225,351.42406528365575,62.49006749692188,272.0000004653931,162.99999905348062,0.21960784494876862,0.23529411852359772,0.20392157137393951,calibrated_uv_reprojection_plus_stereo_left
-55.862159729003906,-94.26085662841797,-463.3448791503906,192.25431200005278,350.6237610390566,62.651878965494234,273.0000009860462,163.0000014506365,0.22745098173618317,0.23137255012989044,0.20392157137393951,calibrated_uv_reprojection_plus_stereo_left
-54.87227249145508,-94.24207305908203,-463.23162841796875,191.62536999395752,349.80335639712945,62.75784844563606,273.99999797468786,162.99999656207945,0.23137255012989044,0.23529411852359772,0.21176470816135406,calibrated_uv_reprojection_plus_stereo_left
-53.8734016418457,-94.20700073242188,-463.03839111328125,190.94636171803478,349.00469219098227,62.921340034800835,275.0000026245798,163.00000571566022,0.23137255012989044,0.23137255012989044,0.21568627655506134,calibrated_uv_reprojection_plus_stereo_left
-52.83986282348633,-94.10899353027344,-462.5357971191406,190.07380777826967,348.29015223627385,63.30733551668345,276.0000016945526,163.00000391069534,0.23529411852359772,0.239215686917305,0.21960784494876862,calibrated_uv_reprojection_plus_stereo_left
-51.87508773803711,-94.1321792602539,-462.62884521484375,189.5750794110603,347.41538077991487,63.264879777034196,276.99999900386086,162.99999716454056,0.239215686917305,0.24313725531101227,0.21960784494876862,calibrated_uv_reprojection_plus_stereo_left
-50.92412185668945,-94.18190002441406,-462.8523254394531,189.15749080420954,346.5044384087695,63.12862966482686,277.9999980205361,162.9999984373011,0.24313725531101227,0.24705882370471954,0.21568627655506134,calibrated_uv_reprojection_plus_stereo_left
-49.995540618896484,-94.27589416503906,-463.2933654785156,188.8748796278242,345.53259364150216,62.835952819903014,279.0000001779863,163.0000025471126,0.24705882370471954,0.250980406999588,0.21176470816135406,calibrated_uv_reprojection_plus_stereo_left
-49.20673370361328,-94.6426010131836,-465.0744323730469,189.42474533487967,344.18727368561554,61.57975471531904,280.0000001508636,162.99999784886185,0.2549019753932953,0.25882354378700256,0.21568627655506134,calibrated_uv_reprojection_plus_stereo_left
-48.36653137207031,-94.92350769042969,-466.4337463378906,189.70837322046816,342.9530504273373,60.62699576176834,280.99999968444763,162.99999620031167,0.239215686917305,0.24313725531101227,0.1921568661928177,calibrated_uv_reprojection_plus_stereo_left
-49.138343811035156,-98.44580078125,-483.7197265625,199.85805905946717,337.23709548560896,48.2236443603461,281.9999997658064,163.00000136331596,0.4313725531101227,0.3843137323856354,0.30588236451148987,calibrated_uv_reprojection_plus_stereo_left
-71.21979522705078,-98.26337432861328,-488.3594665527344,214.31672863435284,355.1828912785919,43.81524536778733,261.0000041478379,164.0000050068275,0.3960784375667572,0.38823530077934265,0.30980393290519714,calibrated_uv_reprojection_plus_stereo_left
-67.13956451416016,-93.99378967285156,-467.1191101074219,200.08946485046204,359.4598872907207,59.15761265562077,261.999996606047,163.99999718366678,0.22745098173618317,0.23137255012989044,0.1568627506494522,calibrated_uv_reprojection_plus_stereo_left
-66.04341888427734,-93.83695983886719,-466.3188781738281,199.01516629185636,358.8001438250653,59.75923955678377,263.00000426840444,164.0000021269019,0.1921568661928177,0.19607843458652496,0.14901961386203766,calibrated_uv_reprojection_plus_stereo_left
-65.05029296875,-93.82405090332031,-466.23388671875,198.40031788151168,357.9664345821741,59.8450945313665,264.0000041395593,164.00000604348378,0.18431372940540314,0.1921568661928177,0.14509804546833038,calibrated_uv_reprojection_plus_stereo_left
-64.05193328857422,-93.80316925048828,-466.1092529296875,197.7602808333865,357.1427795996118,59.95952749920207,264.99999988235743,164.0000037686484,0.18431372940540314,0.1882352977991104,0.16078431904315948,calibrated_uv_reprojection_plus_stereo_left
-63.06016159057617,-93.79153442382812,-466.0305480957031,197.1497351683475,356.30792758147527,60.040843514514734,265.99999921780113,163.9999964849825,0.18431372940540314,0.1882352977991104,0.16078431904315948,calibrated_uv_reprojection_plus_stereo_left
-62.07024002075195,-93.78240966796875,-465.9643859863281,196.5472614768263,355.47006836497104,60.11310668651231,267.00000277030017,164.0000029730453,0.1725490242242813,0.1921568661928177,0.16078431904315948,calibrated_uv_reprojection_plus_stereo_left
-60.93726348876953,-93.55345916748047,-464.8059997558594,195.2513304877496,354.91028626638087,60.97264041225287,267.9999983476937,163.9999979040127,0.1725490242242813,0.1921568661928177,0.16078431904315948,calibrated_uv_reprojection_plus_stereo_left
-59.90414047241211,-93.47291564941406,-464.38507080078125,194.42547638161,354.16559429238424,61.300534787571735,269.0000009914035,164.00000358572208,0.18039216101169586,0.20000000298023224,0.16862745583057404,calibrated_uv_reprojection_plus_stereo_left
-58.87523651123047,-93.396484375,-463.98455810546875,193.613474291356,353.41704612080935,61.61367953988383,270.0000005778153,163.999999521569,0.20000000298023224,0.21960784494876862,0.1882352977991104,calibrated_uv_reprojection_plus_stereo_left
-57.87453842163086,-93.3630599975586,-463.7977294921875,192.9372664266134,352.6142844984046,61.7727966703456,270.999998432654,163.9999968568527,0.21176470816135406,0.23137255012989044,0.20000000298023224,calibrated_uv_reprojection_plus_stereo_left
-56.971839904785156,-93.48939514160156,-464.404541015625,192.76154830380278,351.6042822981284,61.36001166015467,271.999998088437,163.999999943656,0.21568627655506134,0.23529411852359772,0.20392157137393951,calibrated_uv_reprojection_plus_stereo_left
-55.9546012878418,-93.42900848388672,-464.08380126953125,192.00088535606136,350.83648654585295,61.61562303413865,272.9999982594394,164.0000024518916,0.21960784494876862,0.239215686917305,0.2078431397676468,calibrated_uv_reprojection_plus_stereo_left
-54.946075439453125,-93.38138580322266,-463.8264465332031,191.28070677847626,350.05290748270687,61.825540883750705,273.9999986323967,163.9999968813027,0.2235294133424759,0.239215686917305,0.2078431397676468,calibrated_uv_reprojection_plus_stereo_left
-53.93571472167969,-93.3289566040039,-463.5452880859375,190.54614036652663,349.2765103794859,62.05257898092947,275.00000160311777,164.00000143968865,0.23529411852359772,0.23529411852359772,0.21176470816135406,calibrated_uv_reprojection_plus_stereo_left
-52.873844146728516,-93.18391418457031,-462.80413818359375,189.52451738288528,348.62483512186463,62.61096019890903,275.99999966879903,163.99999699703017,0.239215686917305,0.24313725531101227,0.21568627655506134,calibrated_uv_reprojection_plus_stereo_left
-51.91655731201172,-93.22129821777344,-462.9690856933594,189.07013038327136,347.73019404591435,62.51658375372392,277.00000010919683,164.00000109731175,0.239215686917305,0.24313725531101227,0.21568627655506134,calibrated_uv_reprojection_plus_stereo_left
-50.9541130065918,-93.25079345703125,-463.0948181152344,188.59083616747034,346.8455169838055,62.45047581858404,278.00000024348105,164.00000099026465,0.24705882370471954,0.250980406999588,0.21568627655506134,calibrated_uv_reprojection_plus_stereo_left
-50.0027961730957,-93.30232238769531,-463.3299560546875,188.1791754666428,345.9301963037518,62.305589336697835,279.00000233531864,164.00000147061135,0.250980406999588,0.2549019753932953,0.21176470816135406,calibrated_uv_reprojection_plus_stereo_left
-49.182861328125,-93.60606384277344,-464.8174743652344,188.54401729598806,344.6675788062919,61.25881697734343,279.9999986661398,164.00000165060766,0.24705882370471954,0.2549019753932953,0.19607843458652496,calibrated_uv_reprojection_plus_stereo_left
-48.32194519042969,-93.84272766113281,-465.9718017578125,188.69882846658209,343.49210935716246,60.452137136684996,281.0000000856973,164.00000521987198,0.27450981736183167,0.27843138575553894,0.21176470816135406,calibrated_uv_reprojection_plus_stereo_left
-50.23960876464844,-99.59778594970703,-494.52606201171875,205.78745098216552,334.63490516098904,39.91614641977361,282.0000007037397,163.99999524110302,0.5333333611488342,0.48627451062202454,0.3960784375667572,calibrated_uv_reprojection_plus_stereo_left
-79.37731170654297,-108.36207580566406,-544.2686157226562,249.44577475821632,342.1503359765768,2.9043466767101336,261.00000617489513,165.00000387005258,0.5372549295425415,0.5058823823928833,0.42352941632270813,calibrated_uv_reprojection_plus_stereo_left
-67.5946044921875,-93.63154602050781,-470.2608947753906,201.37883839945658,359.1082522567702,56.381094208730815,261.9999962417908,164.999999612265,0.29411765933036804,0.2705882489681244,0.19607843458652496,calibrated_uv_reprojection_plus_stereo_left
-66.07987976074219,-92.897216796875,-466.5520324707031,198.44203875452826,359.153075286565,59.084169756436495,262.9999978742439,164.9999994110326,0.21960784494876862,0.22745098173618317,0.16862745583057404,calibrated_uv_reprojection_plus_stereo_left
-65.0644760131836,-92.85334014892578,-466.31097412109375,197.72737326228997,358.35732072387094,59.28278663521638,264.00000202443925,165.00000199536464,0.20000000298023224,0.2078431397676468,0.15294118225574493,calibrated_uv_reprojection_plus_stereo_left
-64.06014251708984,-92.8242416381836,-466.1441345214844,197.06048741615592,357.5439090573686,59.42779420585657,265.00000203149176,165.00000208241045,0.1882352977991104,0.1921568661928177,0.15294118225574493,calibrated_uv_reprojection_plus_stereo_left
-63.056968688964844,-92.79602813720703,-465.98175048828125,196.39675266528337,356.729868641803,59.569571030307884,265.9999996354946,165.00000210446152,0.18431372940540314,0.1882352977991104,0.14509804546833038,calibrated_uv_reprojection_plus_stereo_left
-62.06769943237305,-92.78780364990234,-465.9197692871094,195.79703676794037,355.89101173992174,59.63884843620832,267.0000037579806,165.00000614515795,0.1725490242242813,0.1921568661928177,0.16078431904315948,calibrated_uv_reprojection_plus_stereo_left
-60.9428596496582,-92.57347106933594,-464.8228454589844,194.54182888529897,355.31472930845666,60.45523305978895,268.0000000941875,164.99999989038804,0.1725490242242813,0.1921568661928177,0.16078431904315948,calibrated_uv_reprojection_plus_stereo_left
-59.923336029052734,-92.51480865478516,-464.5076599121094,193.78340752468415,354.54265061018765,60.707221335916415,268.9999997294145,165.00000163510148,0.18039216101169586,0.19607843458652496,0.1764705926179886,calibrated_uv_reprojection_plus_stereo_left
-58.88711929321289,-92.42809295654297,-464.0516357421875,192.93678894281942,353.80783244196317,61.06083570548128,270.0000004203925,164.99999993163055,0.20392157137393951,0.21960784494876862,0.20000000298023224,calibrated_uv_reprojection_plus_stereo_left
-57.90260314941406,-92.42105865478516,-463.9956970214844,192.34316562313393,352.97089162383577,61.12565386525739,271.000001360183,165.0000005039724,0.21176470816135406,0.23137255012989044,0.20000000298023224,calibrated_uv_reprojection_plus_stereo_left
-56.95564651489258,-92.47486114501953,-464.24517822265625,191.94158638612828,352.054329391823,60.97005708825111,272.000001266033,165.00000174200255,0.21568627655506134,0.23529411852359772,0.20392157137393951,calibrated_uv_reprojection_plus_stereo_left
-55.94443130493164,-92.42449188232422,-463.9716796875,191.21119694553482,351.2741533487616,61.191882649423405,273.00000140142686,165.00000066558283,0.21960784494876862,0.239215686917305,0.2078431397676468,calibrated_uv_reprojection_plus_stereo_left
-54.93210983276367,-92.37056732177734,-463.68035888671875,190.470220616483,350.4995692090727,61.42654264485685,274.00000158204955,165.00000026973186,0.22745098173618317,0.24313725531101227,0.21176470816135406,calibrated_uv_reprojection_plus_stereo_left
-53.92572021484375,-92.32494354248047,-463.43072509765625,189.755916930208,349.71481871195226,61.63109814643974,275.00000121631774,164.99999945171885,0.239215686917305,0.24313725531101227,0.21568627655506134,calibrated_uv_reprojection_plus_stereo_left
-52.88351058959961,-92.21527862548828,-462.8596496582031,188.84161595871075,349.01709657273636,62.06753969252935,275.99999988943733,164.99999525026044,0.24313725531101227,0.24705882370471954,0.2235294133424759,calibrated_uv_reprojection_plus_stereo_left
-51.92221450805664,-92.2453384399414,-462.9899597167969,188.36528123356464,348.1318782001631,61.997936413073205,277.00000304628463,164.99999987628198,0.250980406999588,0.250980406999588,0.23529411852359772,calibrated_uv_reprojection_plus_stereo_left
-50.961631774902344,-92.27794647216797,-463.1330261230469,187.89648161933138,347.24258775386284,61.9191504347628,277.99999947137377,165.00000077616988,0.2549019753932953,0.2549019753932953,0.23137255012989044,calibrated_uv_reprojection_plus_stereo_left
-50.05094528198242,-92.40406799316406,-463.7453918457031,187.71830673849917,346.22414484511665,61.50187710014717,278.99999926142266,165.000002084867,0.2549019753932953,0.25882354378700256,0.22745098173618317,calibrated_uv_reprojection_plus_stereo_left
-49.22901916503906,-92.7024917602539,-465.2223815917969,188.0737633628521,344.9649955599997,60.46106443761721,280.0000008316271,165.00000182273664,0.2549019753932953,0.250980406999588,0.20000000298023224,calibrated_uv_reprojection_plus_stereo_left
-48.52054977416992,-93.231201171875,-467.8548583984375,189.1394169879287,343.3796689183972,58.587079639478645,280.9999998181671,165.0000009751587,0.3490196168422699,0.34117648005485535,0.2666666805744171,calibrated_uv_reprojection_plus_stereo_left
-53.843345642089844,-105.61219787597656,-529.9618530273438,226.86925579894302,325.17234297612686,13.823768659856341,281.9999998481834,164.999999161828,0.5882353186607361,0.545098066329956,0.4470588266849518,calibrated_uv_reprojection_plus_stereo_left
-70.16154479980469,-96.15011596679688,-488.09429931640625,212.04787583017333,355.21069014543895,42.971543244476834,262.00000178832477,166.00000236119863,0.40392157435417175,0.3686274588108063,0.2823529541492462,calibrated_uv_reprojection_plus_stereo_left
-66.21887969970703,-92.09909057617188,-467.5091247558594,198.32997569527538,359.33009165254816,57.88501296924204,262.99999592916333,165.999995951306,0.27843138575553894,0.2823529541492462,0.2235294133424759,calibrated_uv_reprojection_plus_stereo_left
-65.1125717163086,-91.93016815185547,-466.631103515625,197.20892037830237,358.6887053582454,58.54454020440534,264.0000019689047,166.00000120377365,0.2235294133424759,0.23137255012989044,0.1725490242242813,calibrated_uv_reprojection_plus_stereo_left
-64.08634185791016,-91.87094116210938,-466.3099060058594,196.44375672752187,357.91274592308497,58.80132868502801,265.0000031882267,165.99999997989272,0.19607843458652496,0.20000000298023224,0.16862745583057404,calibrated_uv_reprojection_plus_stereo_left
-63.07527542114258,-91.83202362060547,-466.0918273925781,195.744688916869,357.1121568903159,58.983523172925516,265.99999989659807,166.0000014194289,0.1921568661928177,0.19607843458652496,0.16470588743686676,calibrated_uv_reprojection_plus_stereo_left
-62.07322692871094,-91.80530548095703,-465.9356689453125,195.08526279942345,356.2967008607668,59.1209300529851,266.99999805236143,166.00000064966846,0.1764705926179886,0.1921568661928177,0.16862745583057404,calibrated_uv_reprojection_plus_stereo_left
-60.971317291259766,-91.62775421142578,-465.0140380859375,193.94243476968614,355.6751447215315,59.81173605449328,268.000000488341,165.9999999554468,0.1764705926179886,0.1921568661928177,0.1725490242242813,calibrated_uv_reprojection_plus_stereo_left
-59.94502639770508,-91.55998229980469,-464.64959716796875,193.15314980516035,354.91499989720853,60.09964757535204,269.00000168337,165.99999970656953,0.1764705926179886,0.19607843458652496,0.16470588743686676,calibrated_uv_reprojection_plus_stereo_left
-58.920658111572266,-91.49302673339844,-464.2893371582031,192.36729054826924,354.1549962440572,60.38450119165623,269.99999822196946,166.00000129069534,0.20000000298023224,0.21960784494876862,0.1882352977991104,calibrated_uv_reprojection_plus_stereo_left
-57.91210174560547,-91.44888305664062,-464.04486083984375,191.65495367346801,353.36627956613563,60.58563126451469,271.0000028160418,166.0000027455814,0.21176470816135406,0.23137255012989044,0.20000000298023224,calibrated_uv_reprojection_plus_stereo_left
-56.9607048034668,-91.49512481689453,-464.2590026855469,191.2307163628227,352.45906324837335,60.4552724027896,271.9999989985889,165.99999842250267,0.21568627655506134,0.23529411852359772,0.20392157137393951,calibrated_uv_reprojection_plus_stereo_left
-55.92692565917969,-91.40843963623047,-463.7987060546875,190.38376036311337,351.727570766648,60.8123552899433,273.00000074793894,166.0000028656347,0.22745098173618317,0.22745098173618317,0.21176470816135406,calibrated_uv_reprojection_plus_stereo_left
-54.92403793334961,-91.37016296386719,-463.5840148925781,189.6912555286932,350.932859997167,60.99191036683078,274.0000021723352,165.99999889460912,0.23529411852359772,0.23529411852359772,0.21960784494876862,calibrated_uv_reprojection_plus_stereo_left
-53.94021987915039,-91.3628921508789,-463.52667236328125,189.0972812394994,350.097024247486,61.05774387869343,275.00000199606836,166.0000000478896,0.239215686917305,0.239215686917305,0.2235294133424759,calibrated_uv_reprojection_plus_stereo_left
-52.89634704589844,-91.2518539428711,-462.9429016113281,188.17578758992443,349.40204625350356,61.50394329591239,276.00000063825064,166.00000262193012,0.24705882370471954,0.24705882370471954,0.23137255012989044,calibrated_uv_reprojection_plus_stereo_left
-51.94853210449219,-91.30557250976562,-463.1949768066406,187.77472221625226,348.4840322280994,61.34619283395256,276.9999978729422,166.0000017959001,0.2549019753932953,0.2549019753932953,0.239215686917305,calibrated_uv_reprojection_plus_stereo_left
-51.002193450927734,-91.36412048339844,-463.47149658203125,187.388119512154,347.55833219077795,61.170815795457656,277.99999839811045,165.99999522441803,0.25882354378700256,0.25882354378700256,0.23529411852359772,calibrated_uv_reprojection_plus_stereo_left
-50.12336730957031,-91.54837036132812,-464.38568115234375,187.39524346515736,346.4574591378022,60.53482354348478,278.99999881688547,166.0000007807252,0.25882354378700256,0.26274511218070984,0.21960784494876862,calibrated_uv_reprojection_plus_stereo_left
-49.36499786376953,-91.96450805664062,-466.4759826660156,188.12625825960293,345.0299446883423,59.04938107545473,280.0000012711272,166.0000033369264,0.3176470696926117,0.30980393290519714,0.24705882370471954,calibrated_uv_reprojection_plus_stereo_left
-49.101871490478516,-93.33914947509766,-473.4277038574219,191.84791754719078,342.24996063304184,54.05284370836671,280.9999981694927,165.99999750928353,0.4588235318660736,0.4274509847164154,0.34117648005485535,calibrated_uv_reprojection_plus_stereo_left
-56.26450729370117,-109.18074798583984,-553.7538452148438,240.67987502235957,319.0142129691533,-3.936228785797937,282.00000167000894,166.00000668791824,0.615686297416687,0.5607843399047852,0.45490196347236633,calibrated_uv_reprojection_plus_stereo_left
-76.31587219238281,-103.4560546875,-530.8809814453125,238.57066221564418,345.3343917219886,11.44784209674549,261.99999843304204,166.99999808349037,0.47843137383461,0.4313725531101227,0.34117648005485535,calibrated_uv_reprojection_plus_stereo_left
-66.76018524169922,-91.85038757324219,-471.30633544921875,200.022230929819,358.81953425000825,54.62661777774525,263.00000331435194,167.00000354932627,0.3450980484485626,0.34117648005485535,0.26274511218070984,calibrated_uv_reprojection_plus_stereo_left
-65.23918914794922,-91.11528015136719,-467.51385498046875,197.0468170650609,358.8830915031125,57.39810390312897,263.9999958880412,167.00000022221352,0.2980392277240753,0.3019607961177826,0.2235294133424759,calibrated_uv_reprojection_plus_stereo_left
-64.15219116210938,-90.97314453125,-466.7641296386719,196.00936567518818,358.2108217458666,57.96559468770238,265.0000017589604,166.99999936440202,0.21960784494876862,0.2235294133424759,0.1725490242242813,calibrated_uv_reprojection_plus_stereo_left
-63.10651397705078,-90.88616180419922,-466.2974548339844,195.15273093726427,357.47092978773003,58.32803431774147,266.0000013834425,167.000002918794,0.21176470816135406,0.21960784494876862,0.16862745583057404,calibrated_uv_reprojection_plus_stereo_left
-62.09416198730469,-90.84527587890625,-466.0672607421875,194.44648915808813,356.67349326065886,58.5191961743771,266.9999988605965,166.9999967062445,0.20392157137393951,0.2235294133424759,0.1921568661928177,calibrated_uv_reprojection_plus_stereo_left
-60.99773406982422,-90.67817687988281,-465.18963623046875,193.3326104992115,356.03982973969335,59.179108610172705,267.99999973244877,166.99999847612753,0.1882352977991104,0.2078431397676468,0.1764705926179886,calibrated_uv_reprojection_plus_stereo_left
-59.98198699951172,-90.62760162353516,-464.90985107421875,192.59687773171328,355.25759349729697,59.40609445530805,269.00000050501006,167.00000250221166,0.18039216101169586,0.20000000298023224,0.16862745583057404,calibrated_uv_reprojection_plus_stereo_left
-58.940704345703125,-90.53622436523438,-464.4207458496094,191.73030094630923,354.5297365767426,59.78459590302202,270.0000023775491,166.99999845108366,0.1921568661928177,0.21176470816135406,0.18039216101169586,calibrated_uv_reprojection_plus_stereo_left
-57.91511535644531,-90.46635437011719,-464.0420227050781,190.9339957342931,353.77514380017305,60.08314208030458,270.99999975027066,166.99999875120923,0.21568627655506134,0.23529411852359772,0.20392157137393951,calibrated_uv_reprojection_plus_stereo_left
-56.99150848388672,-90.55622100830078,-464.482666015625,190.65104694832672,352.80943950483856,59.788556962013786,271.99999864429685,167.00000148730328,0.2235294133424759,0.24313725531101227,0.21568627655506134,calibrated_uv_reprojection_plus_stereo_left
-55.950096130371094,-90.45887756347656,-463.96307373046875,189.76745725288578,352.0926327496778,60.18903229692734,273.0000021328175,167.0000053298115,0.23137255012989044,0.24705882370471954,0.22745098173618317,calibrated_uv_reprojection_plus_stereo_left
-54.93994140625,-90.40959930419922,-463.69000244140625,189.03865401405318,351.3128064210635,60.41104325089344,273.99999906721587,167.00000185854617,0.239215686917305,0.2549019753932953,0.23529411852359772,calibrated_uv_reprojection_plus_stereo_left
-53.949031829833984,-90.39088439941406,-463.5736999511719,188.40791831998047,350.49235572942774,60.519577462407995,274.99999872172395,166.9999988744588,0.24313725531101227,0.25882354378700256,0.239215686917305,calibrated_uv_reprojection_plus_stereo_left
-52.935935974121094,-90.3337173461914,-463.2602233886719,187.65499051122634,349.72475968591044,60.77078366345711,275.9999967571649,166.99999861203048,0.24705882370471954,0.26274511218070984,0.24313725531101227,calibrated_uv_reprojection_plus_stereo_left
-51.98967361450195,-90.39070892333984,-463.5321960449219,187.2654157951951,348.8010659526313,60.598339404576336,276.999999687672,167.00000005038174,0.25882354378700256,0.27450981736183167,0.2549019753932953,calibrated_uv_reprojection_plus_stereo_left
-51.07231903076172,-90.501220703125,-464.0785827636719,187.0447726101068,347.80209834041113,60.22738111399866,277.99999983563544,167.00000073315402,0.2705882489681244,0.2823529541492462,0.250980406999588,calibrated_uv_reprojection_plus_stereo_left
-50.241973876953125,-90.77337646484375,-465.4537658691406,187.3341715945059,346.5755255763202,59.25686965210548,279.00000011901784,167.00000025869505,0.3137255012989044,0.3176470696926117,0.2666666805744171,calibrated_uv_reprojection_plus_stereo_left
-49.69918441772461,-91.58643341064453,-469.60223388671875,189.32820101357663,344.58422144689786,56.28024723004842,279.99999897465307,166.9999958788249,0.4117647111415863,0.40392157435417175,0.3294117748737335,calibrated_uv_reprojection_plus_stereo_left
-50.115421295166016,-94.236083984375,-483.1669616699219,197.10012442087526,339.98131110640475,46.49260565549241,280.99999968588065,167.0000011497661,0.5098039507865906,0.47843137383461,0.3686274588108063,calibrated_uv_reprojection_plus_stereo_left
-57.759124755859375,-110.86934661865234,-568.424072265625,248.82071309028265,315.4297675428714,-15.150061720939448,281.99999890857663,167.00000294584646,0.6313725709915161,0.572549045085907,0.45490196347236633,calibrated_uv_reprojection_plus_stereo_left
-81.98188781738281,-109.92542266845703,-570.2666015625,262.7978252993704,336.3494875076875,-17.70152504672751,261.99999885486443,167.99999380484016,0.5411764979362488,0.4901960790157318,0.3843137323856354,calibrated_uv_reprojection_plus_stereo_left
-68.07565307617188,-92.63903045654297,-480.568115234375,205.17164248403122,356.99429038284694,47.39595293494597,262.9999965342394,167.99999459542715,0.3529411852359772,0.32549020648002625,0.239215686917305,calibrated_uv_reprojection_plus_stereo_left
-66.76180267333984,-92.2250747680664,-478.39996337890625,203.22006828575826,356.6418085103367,48.99379482831432,263.99999807213686,167.99999824452016,0.3803921639919281,0.3607843220233917,0.27450981736183167,calibrated_uv_reprojection_plus_stereo_left
-65.36097717285156,-91.67650604248047,-475.53375244140625,200.83217050207162,356.4684950880469,51.09771441371174,265.000002108987,168.00000289580788,0.30588236451148987,0.30588236451148987,0.2549019753932953,calibrated_uv_reprojection_plus_stereo_left
-63.91749954223633,-91.05015563964844,-472.2643127441406,198.1965744543017,356.4052830460994,53.49378067780668,265.9999989851668,168.0000014305918,0.24705882370471954,0.250980406999588,0.20392157137393951,calibrated_uv_reprojection_plus_stereo_left
-62.538055419921875,-90.49671173095703,-469.3733215332031,195.80716950230556,356.25963976937567,55.61505672154294,267.0000011557523,168.00000549326103,0.23137255012989044,0.250980406999588,0.21568627655506134,calibrated_uv_reprojection_plus_stereo_left
-61.216026306152344,-90.00996398925781,-466.82843017578125,193.64227011608745,356.03760695239595,57.485067991846506,267.99999751587785,167.99999754058226,0.2235294133424759,0.24313725531101227,0.2078431397676468,calibrated_uv_reprojection_plus_stereo_left
-60.17795181274414,-89.93172454833984,-466.40240478515625,192.8131651821434,355.2891145753703,57.81844435079262,268.99999738047524,167.999999159354,0.2235294133424759,0.24313725531101227,0.21176470816135406,calibrated_uv_reprojection_plus_stereo_left
-59.17763137817383,-89.90834045410156,-466.2608947753906,192.16321332855688,354.4696042576064,57.94549526716662,270.000000142434,168.00000155576717,0.23529411852359772,0.2549019753932953,0.2235294133424759,calibrated_uv_reprojection_plus_stereo_left
-58.17667770385742,-89.88328552246094,-466.1107177734375,191.50810101836458,353.65270650285095,58.07881961519121,271.0000023794878,168.00000166158293,0.23529411852359772,0.250980406999588,0.23137255012989044,calibrated_uv_reprojection_plus_stereo_left
-57.30583953857422,-90.06195068359375,-467.0169372558594,191.51243071171808,352.56335487556476,57.44631674380287,271.99999996794804,168.0000006514449,0.24705882370471954,0.26274511218070984,0.24313725531101227,calibrated_uv_reprojection_plus_stereo_left
-56.31529998779297,-90.05555725097656,-466.9635009765625,190.91684942920597,351.72019945567104,57.50954676344725,272.99999816859213,168.0000010306532,0.2549019753932953,0.2705882489681244,0.250980406999588,calibrated_uv_reprojection_plus_stereo_left
-55.31453323364258,-90.03240203857422,-466.8231201171875,190.26727440898196,350.899884460674,57.63579820440032,273.9999981364981,167.99999451226267,0.2666666805744171,0.2823529541492462,0.2666666805744171,calibrated_uv_reprojection_plus_stereo_left
-54.325496673583984,-90.02793884277344,-466.77972412109375,189.6781092171707,350.05437354799585,57.69174043612463,274.9999986979453,167.99999985645292,0.27450981736183167,0.29019609093666077,0.2823529541492462,calibrated_uv_reprojection_plus_stereo_left
-53.27119064331055,-89.91325378417969,-466.16485595703125,188.73513706624476,349.360706352977,58.16184188777436,275.9999979437006,168.00000209713883,0.27843138575553894,0.29411765933036804,0.2823529541492462,calibrated_uv_reprojection_plus_stereo_left
-52.42338562011719,-90.14947509765625,-467.3692321777344,188.9177674743434,348.1825326525034,57.31353515106372,276.9999996580231,167.9999968485513,0.2980392277240753,0.3019607961177826,0.27450981736183167,calibrated_uv_reprojection_plus_stereo_left
-51.75933837890625,-90.71693420410156,-470.2907409667969,190.15643686809722,346.53734129244083,55.22108962818214,278.0000001672248,168.00000171679483,0.33725491166114807,0.33725491166114807,0.2980392277240753,calibrated_uv_reprojection_plus_stereo_left
-51.29574203491211,-91.6649398803711,-475.1846923828125,192.60210047088555,344.3464306769714,51.69979502686391,279.00000077120575,168.00000125676598,0.4156862795352936,0.40392157435417175,0.34117648005485535,calibrated_uv_reprojection_plus_stereo_left
-50.957000732421875,-92.87850189208984,-481.4548034667969,195.88129993969795,341.761716759721,47.18197144555063,280.00000198581074,168.00000505959105,0.4627451002597809,0.4313725531101227,0.35686275362968445,calibrated_uv_reprojection_plus_stereo_left
-50.51081848144531,-93.94183349609375,-486.94561767578125,198.66749286373948,339.3680106400852,43.2293824307431,280.99999983336977,168.00000272877566,0.529411792755127,0.46666666865348816,0.3803921639919281,calibrated_uv_reprojection_plus_stereo_left
-56.092185974121094,-106.49307250976562,-551.980712890625,237.8768892282447,320.4795242325869,-3.856928845713526,282.00000223314925,168.000002723968,0.6392157077789307,0.5764706134796143,0.47058823704719543,calibrated_uv_reprojection_plus_stereo_left
-71.10743713378906,-95.69815826416016,-501.94439697265625,217.96385982524936,352.26660800103923,31.344076192735713,262.9999984301544,169.0000006467505,0.3960784375667572,0.364705890417099,0.29019609093666077,calibrated_uv_reprojection_plus_stereo_left
-67.20561981201172,-91.81475067138672,-481.5549011230469,204.47310613550576,356.2965040455783,46.18203133457092,263.9999973932536,169.0000028134031,0.3137255012989044,0.29019609093666077,0.21960784494876862,calibrated_uv_reprojection_plus_stereo_left
-66.04747009277344,-91.61807250976562,-480.502685546875,203.23014719061115,355.67122164007435,46.971532270790874,265.00000063748075,169.00000609712833,0.3333333432674408,0.33725491166114807,0.26274511218070984,calibrated_uv_reprojection_plus_stereo_left
-64.7812728881836,-91.26313781738281,-478.62054443359375,201.46708620667187,355.2541811258605,48.36373455393368,265.99999797387864,168.9999995562505,0.3450980484485626,0.3529411852359772,0.27843138575553894,calibrated_uv_reprojection_plus_stereo_left
-63.41275405883789,-90.75061798095703,-475.9122009277344,199.18923814120689,355.04902018224413,50.355794824892826,267.0000022930819,169.0000010957475,0.3019607961177826,0.3019607961177826,0.25882354378700256,calibrated_uv_reprojection_plus_stereo_left
-61.90656280517578,-90.021484375,-472.06817626953125,196.20548344871077,355.1376924457865,53.17233956624091,268.0000004609818,169.00000272740158,0.2705882489681244,0.2705882489681244,0.22745098173618317,calibrated_uv_reprojection_plus_stereo_left
-60.83905029296875,-89.91693878173828,-471.4996032714844,195.2814408700243,354.4151486623414,53.60993418765486,269.000000929326,168.99999603230302,0.27843138575553894,0.2980392277240753,0.26274511218070984,calibrated_uv_reprojection_plus_stereo_left
-59.833106994628906,-89.90150451660156,-471.3984069824219,194.65070231093932,353.57596459572915,53.7080920730524,270.00000002920063,169.00000380051154,0.30588236451148987,0.32156863808631897,0.29019609093666077,calibrated_uv_reprojection_plus_stereo_left
-58.85597229003906,-89.92967987060547,-471.52581787109375,194.1626933307466,352.67858324862794,53.640263383778574,271.0000018637632,169.00000095054202,0.2862745225429535,0.3019607961177826,0.2980392277240753,calibrated_uv_reprojection_plus_stereo_left
-58.050628662109375,-90.2259292602539,-473.0587463378906,194.5491169939868,351.41878094022206,52.55201803163101,272.000001698375,168.99999942724617,0.2823529541492462,0.2980392277240753,0.29411765933036804,calibrated_uv_reprojection_plus_stereo_left
-57.05082702636719,-90.2251205444336,-473.0341491699219,193.9641959291971,350.55703911252056,52.5946460773834,273.0000020941815,169.00000398631062,0.2823529541492462,0.2980392277240753,0.29411765933036804,calibrated_uv_reprojection_plus_stereo_left
-56.17265319824219,-90.42017364501953,-474.0363464355469,194.01587894100277,349.42715641234383,51.89191297715968,274.00000165038887,169.00000305849937,0.2862745225429535,0.3019607961177826,0.29411765933036804,calibrated_uv_reprojection_plus_stereo_left
-55.18405532836914,-90.44143676757812,-474.12738037109375,193.50122744453574,348.5330447650991,51.85066789162505,274.9999988449655,169.0000016146144,0.30588236451148987,0.30588236451148987,0.29019609093666077,calibrated_uv_reprojection_plus_stereo_left
-54.231163024902344,-90.52320098876953,-474.5355529785156,193.18213555078694,347.55449412488406,51.57925436179124,275.9999992867395,168.99999908166546,0.32549020648002625,0.3294117748737335,0.30588236451148987,calibrated_uv_reprojection_plus_stereo_left
-53.67074966430664,-91.27562713623047,-478.4592590332031,195.02894315710216,345.637036035876,48.75646104365376,277.0000005843715,168.9999998927401,0.3607843220233917,0.364705890417099,0.32549020648002625,calibrated_uv_reprojection_plus_stereo_left
-52.98956298828125,-91.84772491455078,-481.4373779296875,196.28449244976787,343.95887528570495,46.620302042180924,277.9999991927288,168.9999969008133,0.38823530077934265,0.3843137323856354,0.3333333432674408,calibrated_uv_reprojection_plus_stereo_left
-52.182640075683594,-92.22013092041016,-483.36859130859375,196.88998217875894,342.5526041880524,45.24414569088992,278.99999936938633,168.99999987077808,0.42352941632270813,0.40392157435417175,0.3333333432674408,calibrated_uv_reprojection_plus_stereo_left
-51.29611587524414,-92.46405029296875,-484.62615966796875,197.07793787697733,341.3224155674176,44.356997065948235,279.99999687691553,168.99999422223948,0.4470588266849518,0.41960784792900085,0.34117648005485535,calibrated_uv_reprojection_plus_stereo_left
-50.68059539794922,-93.21649169921875,-488.5488586425781,198.89269332448572,339.3573357494415,41.53629773536113,281.00000291265115,169.0000019043237,0.5137255191802979,0.4745098054409027,0.3803921639919281,calibrated_uv_reprojection_plus_stereo_left
-55.01142883300781,-103.2874526977539,-541.3075561523438,230.5060433226319,323.9089522513567,3.285727946674342,281.9999994696706,169.0000025066107,0.6431372761726379,0.5882353186607361,0.48235294222831726,calibrated_uv_reprojection_plus_stereo_left
-76.00250244140625,-101.1461410522461,-536.4705810546875,238.99667705316006,344.41989144049114,5.678170714743317,262.99999802463583,170.0000010726798,0.4941176474094391,0.46666666865348816,0.3921568691730499,calibrated_uv_reprojection_plus_stereo_left
-67.4969253540039,-91.18498229980469,-483.61676025390625,205.02718382870347,356.2211428096086,44.15865214653127,263.9999970025532,169.99999452051037,0.27450981736183167,0.2549019753932953,0.18431372940540314,calibrated_uv_reprojection_plus_stereo_left
-66.32270812988281,-90.97440338134766,-482.4793395996094,203.7296944688556,355.6119470044379,45.01134925627309,265.0000014223699,169.99999812932566,0.25882354378700256,0.26274511218070984,0.1921568661928177,calibrated_uv_reprojection_plus_stereo_left
-65.22708129882812,-90.86682891845703,-481.88824462890625,202.77800485204392,354.872641952623,45.46652524604343,265.99999974043095,169.99999705400893,0.2823529541492462,0.29019609093666077,0.21960784494876862,calibrated_uv_reprojection_plus_stereo_left
-64.12371063232422,-90.74498748779297,-481.2215270996094,201.78024315263866,354.1540752671365,45.9766499450418,267.00000071167005,169.99999375302858,0.3019607961177826,0.30588236451148987,0.25882354378700256,calibrated_uv_reprojection_plus_stereo_left
-62.93182373046875,-90.49202728271484,-479.859619140625,200.3490203422138,353.61107677103814,46.992326913182524,268.0000010082795,169.99999975120767,0.29411765933036804,0.29411765933036804,0.250980406999588,calibrated_uv_reprojection_plus_stereo_left
-61.845603942871094,-90.38532257080078,-479.2733154296875,199.40534543181167,352.87822263938307,47.443800203821525,269.00000181262305,169.99999888510558,0.2823529541492462,0.2862745225429535,0.24313725531101227,calibrated_uv_reprojection_plus_stereo_left
-60.90142059326172,-90.48619842529297,-479.7877197265625,199.14904501015894,351.8690376202976,47.09476859025108,270.0000009607584,169.99999806180654,0.2862745225429535,0.29019609093666077,0.24705882370471954,calibrated_uv_reprojection_plus_stereo_left
-60.01277542114258,-90.67449951171875,-480.765625,199.17975038483803,350.7397716215414,46.408754594443906,271.00000004859123,169.9999991580728,0.2862745225429535,0.29019609093666077,0.25882354378700256,calibrated_uv_reprojection_plus_stereo_left
-58.960975646972656,-90.6186294555664,-480.4488830566406,198.4042020211665,349.93892824103085,46.66419296298517,272.0000006421393,170.00000116841375,0.2705882489681244,0.27450981736183167,0.24705882370471954,calibrated_uv_reprojection_plus_stereo_left
-57.95323944091797,-90.62982177734375,-480.4876708984375,197.84964433045707,349.0472469259805,46.66111591543455,273.0000013529855,169.99999659392478,0.2823529541492462,0.2823529541492462,0.2666666805744171,calibrated_uv_reprojection_plus_stereo_left
-56.99890899658203,-90.72651672363281,-480.9797668457031,197.57525761435835,348.0373333853075,46.32848787951798,273.99999974665536,169.99999735665335,0.2862745225429535,0.2862745225429535,0.2666666805744171,calibrated_uv_reprojection_plus_stereo_left
-56.04115676879883,-90.8212890625,-481.4616394042969,197.2932830101813,347.02815650233526,46.00334575906879,275.0000025377638,170.0000007045779,0.30588236451148987,0.30980393290519714,0.2823529541492462,calibrated_uv_reprojection_plus_stereo_left
-55.18381881713867,-91.08541870117188,-482.8411865234375,197.56308325236955,345.78018620651756,45.02574410174964,276.0000013734093,169.9999967582268,0.3294117748737335,0.3333333432674408,0.2980392277240753,calibrated_uv_reprojection_plus_stereo_left
-54.26812744140625,-91.261474609375,-483.7537841796875,197.542364270628,344.65110148263136,44.38768789097776,276.99999993397614,169.99999797363918,0.3450980484485626,0.3529411852359772,0.2823529541492462,calibrated_uv_reprojection_plus_stereo_left
-53.31227493286133,-91.37557220458984,-484.3379211425781,197.3177933375021,343.6064152827814,43.98845094052223,278.00000241978603,170.00000501395846,0.364705890417099,0.3607843220233917,0.2862745225429535,calibrated_uv_reprojection_plus_stereo_left
-52.3422966003418,-91.46957397460938,-484.8154296875,197.02643382260055,342.58817409708126,43.666776030502035,279.00000078079813,170.000000698923,0.40784314274787903,0.37254902720451355,0.2862745225429535,calibrated_uv_reprojection_plus_stereo_left
-51.34503173828125,-91.51881408691406,-485.0556640625,196.58880306441284,341.6324022123887,43.51757840118671,280.00000048057876,169.99999813885339,0.4431372582912445,0.40784314274787903,0.3137255012989044,calibrated_uv_reprojection_plus_stereo_left
-50.75205993652344,-92.30548858642578,-489.2041931152344,198.53466346334687,339.6083453181799,40.52849910706834,281.0000016347316,170.00000203236817,0.5215686559677124,0.47843137383461,0.37254902720451355,calibrated_uv_reprojection_plus_stereo_left
-55.042884826660156,-102.19224548339844,-541.5792236328125,229.83173934652712,324.31069283978,2.4992794939034866,281.9999983980133,169.99999788227578,0.6627451181411743,0.6039215922355652,0.4901960790157318,calibrated_uv_reprojection_plus_stereo_left
-79.9677734375,-105.22395324707031,-564.4304809570312,255.78476759069798,338.2043426956467,-15.278163782322565,262.9999976744869,170.99999586601692,0.5372549295425415,0.5137255191802979,0.43529412150382996,calibrated_uv_reprojection_plus_stereo_left
-67.90473937988281,-90.7020492553711,-486.5131530761719,206.09973366653003,355.9482922832034,41.522726705598245,263.9999979578433,170.99999928179284,0.2980392277240753,0.2823529541492462,0.21568627655506134,calibrated_uv_reprojection_plus_stereo_left
-66.43045806884766,-90.09515380859375,-483.2373962402344,203.45813156915432,355.85207852575854,43.93467894698654,264.9999993061796,170.99999819401773,0.21176470816135406,0.21568627655506134,0.1568627506494522,calibrated_uv_reprojection_plus_stereo_left
-65.3517074584961,-90.01421356201172,-482.7828674316406,202.59194247968708,355.07747704037763,44.291004183249754,266.00000100250537,171.00000481592053,0.22745098173618317,0.23529411852359772,0.1764705926179886,calibrated_uv_reprojection_plus_stereo_left
-64.2931137084961,-89.95901489257812,-482.46636962890625,201.81308585884062,354.27038115273365,44.54674220796744,267.0000002085696,171.00000027738474,0.24705882370471954,0.2549019753932953,0.2078431397676468,calibrated_uv_reprojection_plus_stereo_left
-63.28327560424805,-89.97145080566406,-482.51263427734375,201.26131384060199,353.37422568594906,44.53821211394421,268.00000092884363,170.99999896970866,0.2549019753932953,0.25882354378700256,0.21568627655506134,calibrated_uv_reprojection_plus_stereo_left
-62.2436408996582,-89.94132995605469,-482.3306884765625,200.56718139278485,352.5348609760188,44.6959062570333,269.00000016376816,171.00000072433232,0.26274511218070984,0.2666666805744171,0.239215686917305,calibrated_uv_reprojection_plus_stereo_left
-61.24531936645508,-89.97100067138672,-482.4693603515625,200.0727409534723,351.6152316628271,44.62008237113571,269.9999990360077,170.9999975749801,0.2666666805744171,0.2705882489681244,0.24313725531101227,calibrated_uv_reprojection_plus_stereo_left
-60.308834075927734,-90.09414672851562,-483.10931396484375,199.88892756714228,350.5677169166703,44.179214816660135,271.0000015123053,171.00000473244603,0.26274511218070984,0.2666666805744171,0.2235294133424759,calibrated_uv_reprojection_plus_stereo_left
-59.222660064697266,-89.99417877197266,-482.5527648925781,198.96248156243303,349.8236307300982,44.60971346261488,271.99999854733204,170.99999396152378,0.26274511218070984,0.2666666805744171,0.2235294133424759,calibrated_uv_reprojection_plus_stereo_left
-58.24001693725586,-90.0508804321289,-482.8363952636719,198.55660174514998,348.8651048838875,44.42837823442096,272.99999962932804,171.0000017349346,0.26274511218070984,0.2666666805744171,0.239215686917305,calibrated_uv_reprojection_plus_stereo_left
-57.25430679321289,-90.10489654541016,-483.10552978515625,198.14101776009807,347.9091582643248,44.25763740963964,274.0000007636397,170.99999674271373,0.2705882489681244,0.27450981736183167,0.24705882370471954,calibrated_uv_reprojection_plus_stereo_left
-56.261680603027344,-90.14988708496094,-483.3262939453125,197.69491088030526,346.9647289829452,44.122139574327264,274.9999992956907,170.99999993238617,0.2862745225429535,0.2862745225429535,0.25882354378700256,calibrated_uv_reprojection_plus_stereo_left
-55.35902404785156,-90.34349060058594,-484.34375,197.7377535791544,345.809807540448,43.40669070082356,276.000003043096,170.99999936542142,0.3176470696926117,0.3176470696926117,0.27843138575553894,calibrated_uv_reprojection_plus_stereo_left
-54.36628723144531,-90.39471435546875,-484.59783935546875,197.30988666473843,344.85319899538143,43.2470309788057,277.000001798699,171.00000015290584,0.3333333432674408,0.32156863808631897,0.24705882370471954,calibrated_uv_reprojection_plus_stereo_left
-53.380001068115234,-90.45895385742188,-484.9216613769531,196.92400435505357,343.8769252442679,43.036646077865555,278.0000002397227,170.99999803436265,0.3490196168422699,0.3333333432674408,0.2549019753932953,calibrated_uv_reprojection_plus_stereo_left
-52.4338264465332,-90.59513092041016,-485.631103515625,196.77281686812609,342.7957787016237,42.54563045186211,279.0000024282841,171.0000018549943,0.3921568691730499,0.35686275362968445,0.2705882489681244,calibrated_uv_reprojection_plus_stereo_left
-51.353816986083984,-90.50100708007812,-485.1059875488281,195.86714966737617,342.0456686232028,42.9531777200483,280.000000465049,171.00000028107814,0.43529412150382996,0.3921568691730499,0.2980392277240753,calibrated_uv_reprojection_plus_stereo_left
-50.7661018371582,-91.28842163085938,-489.3059387207031,197.83775245606205,340.0111999339182,39.92213076226432,280.9999969253715,170.99999505598208,0.5176470875740051,0.4588235318660736,0.3490196168422699,calibrated_uv_reprojection_plus_stereo_left
-55.189510345458984,-101.3072738647461,-542.9840087890625,229.84467869223454,324.4024027017789,0.8876892220326909,282.00000238507687,171.00000174084389,0.6666666865348816,0.5960784554481506,0.47843137383461,calibrated_uv_reprojection_plus_stereo_left
-68.22760772705078,-90.0946273803711,-488.8006591796875,206.78128887740917,355.8267468567938,39.3248054975889,263.99999777901013,171.99999803027106,0.364705890417099,0.34117648005485535,0.2705882489681244,calibrated_uv_reprojection_plus_stereo_left
-66.95738220214844,-89.7746810913086,-487.0444030761719,205.09345822744467,355.355839352842,40.63169778029817,264.9999946145867,171.99999973170156,0.21568627655506134,0.2235294133424759,0.15294118225574493,calibrated_uv_reprojection_plus_stereo_left
-65.89544677734375,-89.7284927368164,-486.7734069824219,204.33804063117873,354.52913442745665,40.854775085698805,266.00000236653426,171.999999722145,0.20000000298023224,0.21176470816135406,0.1411764770746231,calibrated_uv_reprojection_plus_stereo_left
-64.8128890991211,-89.65239715576172,-486.3401794433594,203.4819964514287,353.743145081569,41.19618358328165,266.9999990702277,171.99999744688603,0.21960784494876862,0.2235294133424759,0.1725490242242813,calibrated_uv_reprojection_plus_stereo_left
-63.735496520996094,-89.58120727539062,-485.9336242675781,202.64350707899962,352.9520089992993,41.51809096227004,267.999998878694,172.00000021856383,0.22745098173618317,0.23529411852359772,0.18431372940540314,calibrated_uv_reprojection_plus_stereo_left
-62.69422912597656,-89.55939483642578,-485.794921875,201.97234953957582,352.0954549720337,41.64457926279738,268.99999913344556,172.0000002779782,0.250980406999588,0.2549019753932953,0.2235294133424759,calibrated_uv_reprojection_plus_stereo_left
-61.74143981933594,-89.66545104980469,-486.3498229980469,201.73159085097302,351.0650936437014,41.265149662626925,270.0000031660364,172.0000055685416,0.2549019753932953,0.25882354378700256,0.22745098173618317,calibrated_uv_reprojection_plus_stereo_left
-60.77705383300781,-89.75807189941406,-486.8317565917969,201.4442516073646,350.0510206265163,40.93900371728256,271.0000022609339,172.00000244168154,0.2549019753932953,0.25882354378700256,0.21568627655506134,calibrated_uv_reprojection_plus_stereo_left
-59.4542121887207,-89.31549072265625,-484.4109191894531,199.36241521235627,349.7746514718176,42.72985023287464,271.99999984463005,171.99999766933158,0.25882354378700256,0.26274511218070984,0.21960784494876862,calibrated_uv_reprojection_plus_stereo_left
-58.47872543334961,-89.38846588134766,-484.786376953125,199.01041811061407,348.78942375845895,42.481303149840926,273.0000013465402,172.00000086742727,0.2549019753932953,0.25882354378700256,0.23137255012989044,calibrated_uv_reprojection_plus_stereo_left
-57.495208740234375,-89.45166015625,-485.10870361328125,198.6247428563957,347.8164155015445,42.27154599642512,273.99999908677495,171.99999445238058,0.2666666805744171,0.2705882489681244,0.239215686917305,calibrated_uv_reprojection_plus_stereo_left
-56.48737716674805,-89.47872924804688,-485.23516845703125,198.11790231537594,346.8930768421802,42.204627270591914,274.99999795136705,172.00000096435883,0.29019609093666077,0.29019609093666077,0.24705882370471954,calibrated_uv_reprojection_plus_stereo_left
-55.73918533325195,-89.9258041381836,-487.63916015625,199.00668513113442,345.3721163316031,40.47724377362192,276.0000002351238,172.00000427227235,0.30588236451148987,0.3019607961177826,0.25882354378700256,calibrated_uv_reprojection_plus_stereo_left
-54.700660705566406,-89.91261291503906,-487.547119140625,198.36265288638316,344.5010718679557,40.56978012458575,276.9999992324074,171.99999769524004,0.32156863808631897,0.30588236451148987,0.2549019753932953,calibrated_uv_reprojection_plus_stereo_left
-53.638206481933594,-89.85894012451172,-487.2356262207031,197.58476112086532,343.6885621572592,40.82228024172849,278.0000019957642,171.9999989440048,0.3333333432674408,0.3137255012989044,0.2549019753932953,calibrated_uv_reprojection_plus_stereo_left
-52.61327362060547,-89.86737060546875,-487.2608642578125,197.0127181058968,342.7869391074744,40.82930435982041,279.00000166020374,171.99999731346173,0.3764705955982208,0.34117648005485535,0.2549019753932953,calibrated_uv_reprojection_plus_stereo_left
-51.737030029296875,-90.13529205322266,-488.6930236816406,197.29611537068809,341.505954540791,39.81087751131497,279.9999987033741,172.0000002631323,0.4274509847164154,0.3921568691730499,0.29411765933036804,calibrated_uv_reprojection_plus_stereo_left
-51.95498275756836,-92.3593978881836,-500.7305908203125,204.01264940691874,337.3421318216832,31.063254104992154,281.0000006250364,172.0000014913043,0.5098039507865906,0.46666666865348816,0.3490196168422699,calibrated_uv_reprojection_plus_stereo_left
-55.35358810424805,-100.44795989990234,-544.5602416992188,229.9570994353296,324.44976462217073,-0.8519113424835609,282.00000211179065,172.00000635956684,0.658823549747467,0.5960784554481506,0.4745098054409027,calibrated_uv_reprojection_plus_stereo_left
-68.55583953857422,-89.4844741821289,-491.1263732910156,207.47965592730162,355.70008622852913,37.093982249556404,264.0000011047388,172.99999883679047,0.40392157435417175,0.3921568691730499,0.3137255012989044,calibrated_uv_reprojection_plus_stereo_left
-66.94210052490234,-88.71942901611328,-486.90728759765625,204.25328193330188,355.8171316642867,40.202534972792705,264.999996632396,173.00000168518264,0.2235294133424759,0.22745098173618317,0.16862745583057404,calibrated_uv_reprojection_plus_stereo_left
-65.87964630126953,-88.67265319824219,-486.6303405761719,203.49468388589747,354.9919165699334,40.43020922634702,265.9999977457312,172.99999941349625,0.20000000298023224,0.2078431397676468,0.15294118225574493,calibrated_uv_reprojection_plus_stereo_left
-64.76649475097656,-88.55516815185547,-485.96539306640625,202.49523308175276,354.2625448761968,40.94134186122983,266.99999746238524,172.99999917729855,0.20392157137393951,0.2078431397676468,0.1764705926179886,calibrated_uv_reprojection_plus_stereo_left
-63.79062271118164,-88.62472534179688,-486.326904296875,202.13476035881774,353.28237298821625,40.702500544983025,268.00000211270464,173.00000160987747,0.2078431397676468,0.21176470816135406,0.18431372940540314,calibrated_uv_reprojection_plus_stereo_left
-62.7730827331543,-88.6378173828125,-486.3785095214844,201.58124660728794,352.3777275829366,40.690097830324646,269.00000064056934,172.99999798081274,0.2235294133424759,0.22745098173618317,0.1882352977991104,calibrated_uv_reprojection_plus_stereo_left
-61.82295608520508,-88.74821472167969,-486.96405029296875,201.3578250176131,351.3391449325845,40.28767632590842,270.00000020078795,172.99999893712527,0.2549019753932953,0.25882354378700256,0.21568627655506134,calibrated_uv_reprojection_plus_stereo_left
-60.82847213745117,-88.79769897460938,-487.2153015136719,200.92650832115487,350.3825454600602,40.12949356615951,270.99999966087836,172.99999638689286,0.2549019753932953,0.25882354378700256,0.21960784494876862,calibrated_uv_reprojection_plus_stereo_left
-59.59224319458008,-88.49000549316406,-485.50689697265625,199.28690941914533,349.9224772273119,41.40260805115253,271.9999979647106,173.00000266647808,0.25882354378700256,0.26274511218070984,0.2235294133424759,calibrated_uv_reprojection_plus_stereo_left
-58.59733581542969,-88.5362777709961,-485.74053955078125,198.84573809778044,348.971860583092,41.25724507091576,272.99999879438224,172.99999652551972,0.25882354378700256,0.26274511218070984,0.2235294133424759,calibrated_uv_reprojection_plus_stereo_left
-57.57523727416992,-88.54248046875,-485.75439453125,198.26899838169157,348.0768693194259,41.27240769951811,274.00000070814747,173.0000012535967,0.2705882489681244,0.2705882489681244,0.23137255012989044,calibrated_uv_reprojection_plus_stereo_left
-56.580650329589844,-88.59209442138672,-486.0063781738281,197.8380194514673,347.11991776226347,41.11369245996235,275.0000009899047,173.000003058212,0.2862745225429535,0.2862745225429535,0.24313725531101227,calibrated_uv_reprojection_plus_stereo_left
-55.764137268066406,-88.9276351928711,-487.8268127441406,198.36530138775947,345.75213871272774,39.80978791679564,276.0000020813954,173.00000087816028,0.29411765933036804,0.29019609093666077,0.24705882370471954,calibrated_uv_reprojection_plus_stereo_left
-54.672420501708984,-88.82878875732422,-487.2642822265625,197.43403204656033,345.0044787002759,40.24590131423207,277.00000003820753,172.99999710671648,0.30588236451148987,0.29019609093666077,0.24313725531101227,calibrated_uv_reprojection_plus_stereo_left
-53.61125946044922,-88.77685546875,-486.95916748046875,196.6607874437109,344.19055498763316,40.49402776851127,277.999999506987,173.00000108841084,0.3176470696926117,0.3019607961177826,0.24705882370471954,calibrated_uv_reprojection_plus_stereo_left
-52.61052322387695,-88.82503509521484,-487.2031555175781,196.2219303493152,343.23113185728437,40.341282156975524,279.0000008071118,172.99999863247712,0.3686274588108063,0.3490196168422699,0.25882354378700256,calibrated_uv_reprojection_plus_stereo_left
-51.76803970336914,-89.14777374267578,-488.9530334472656,196.69583475439168,341.86619708307273,39.08933518876211,280.00000150427906,173.0000008295297,0.43529412150382996,0.40392157435417175,0.30980393290519714,calibrated_uv_reprojection_plus_stereo_left
-52.23966979980469,-91.79288482666016,-503.4398193359375,204.876019113542,337.0501563810884,28.540903657106526,281.00000086227396,172.99999615670157,0.5333333611488342,0.47058823704719543,0.3686274588108063,calibrated_uv_reprojection_plus_stereo_left
-55.35451889038086,-99.28929138183594,-544.5313720703125,229.09487509209913,324.9369307537322,-1.423463621251301,282.0000036976756,173.00000165749063,0.6784313917160034,0.6117647290229797,0.4941176474094391,calibrated_uv_reprojection_plus_stereo_left
-69.21674346923828,-89.29358673095703,-495.8349304199219,209.65842421516004,355.00953663548376,33.1141599208695,264.0000027438151,174.00000101096379,0.43921568989753723,0.4156862795352936,0.32549020648002625,calibrated_uv_reprojection_plus_stereo_left
-66.9347152709961,-87.67509460449219,-486.82763671875,203.44932680780056,356.26438259561013,39.73161062208089,265.00000109699533,174.00000139273712,0.24705882370471954,0.24705882370471954,0.18039216101169586,calibrated_uv_reprojection_plus_stereo_left
-65.83963775634766,-87.585205078125,-486.3085021972656,202.54057900760392,355.497719972843,40.13676550716673,265.9999957672351,174.00000189653431,0.2078431397676468,0.21568627655506134,0.1568627506494522,calibrated_uv_reprojection_plus_stereo_left
-64.75091552734375,-87.50116729736328,-485.8218688964844,201.65316509528367,354.7248912699471,40.518091441783156,266.9999981368006,173.9999974495439,0.20392157137393951,0.2078431397676468,0.1725490242242813,calibrated_uv_reprojection_plus_stereo_left
-63.85566711425781,-87.68017578125,-486.79571533203125,201.6715823694994,353.59487821322176,39.83078757615317,268.00000082106345,173.99999715129707,0.20392157137393951,0.2078431397676468,0.1764705926179886,calibrated_uv_reprojection_plus_stereo_left
-62.86882781982422,-87.73731231689453,-487.0928955078125,201.26919296023652,352.62865821436577,39.63864456092881,269.00000131694185,173.99999959279336,0.21176470816135406,0.21960784494876862,0.1921568661928177,calibrated_uv_reprojection_plus_stereo_left
-61.8662223815918,-87.77407836914062,-487.2769470214844,200.79619387080493,351.6894258559333,39.529297953613934,269.99999830009455,173.99999946404967,0.250980406999588,0.2549019753932953,0.22745098173618317,calibrated_uv_reprojection_plus_stereo_left
-60.85966873168945,-87.8064956665039,-487.4368591308594,200.30779112526608,350.75544530995217,39.43763071741313,270.99999920046895,174.0000028162051,0.25882354378700256,0.2666666805744171,0.239215686917305,calibrated_uv_reprojection_plus_stereo_left
-59.635047912597656,-87.52010345458984,-485.8269958496094,198.73108910567197,350.2685541599747,40.64050111504969,271.9999993914388,173.99999969785523,0.2666666805744171,0.2705882489681244,0.24313725531101227,calibrated_uv_reprojection_plus_stereo_left
-58.656192779541016,-87.59078216552734,-486.1993408203125,198.37418900351838,349.282234429332,40.39340746892066,273.0000018884781,174.00000494412407,0.2666666805744171,0.2705882489681244,0.24313725531101227,calibrated_uv_reprojection_plus_stereo_left
-57.65398406982422,-87.62859344482422,-486.38916015625,197.9045609993301,348.3412694928517,40.279852233776126,273.99999846518836,173.9999998813371,0.2705882489681244,0.27450981736183167,0.24705882370471954,calibrated_uv_reprojection_plus_stereo_left
-56.63521957397461,-87.64226531982422,-486.4450378417969,197.35252955743005,347.43410102931523,40.26426683789282,275.0000014287367,174.00000518187204,0.2705882489681244,0.27450981736183167,0.24705882370471954,calibrated_uv_reprojection_plus_stereo_left
-55.71917724609375,-87.8184585571289,-487.40283203125,197.35032562969525,346.29175548887866,39.58917389510583,275.9999977729483,173.99999494932328,0.27843138575553894,0.2823529541492462,0.2549019753932953,calibrated_uv_reprojection_plus_stereo_left
-54.65153503417969,-87.75796508789062,-487.0470275878906,196.54619434764408,345.49019703387535,39.87467712108969,277.0000010795009,173.99999670850406,0.2862745225429535,0.29411765933036804,0.239215686917305,calibrated_uv_reprojection_plus_stereo_left
-53.57916259765625,-87.68751525878906,-486.6360168457031,195.70929636900212,344.70439103961394,40.20050888133409,278.00000198289626,174.0000022793219,0.3019607961177826,0.3019607961177826,0.239215686917305,calibrated_uv_reprojection_plus_stereo_left
-52.58059310913086,-87.73757934570312,-486.893798828125,195.27874902794258,343.74213699478173,40.037354299591925,279.00000288395626,174.00000400865213,0.35686275362968445,0.33725491166114807,0.24705882370471954,calibrated_uv_reprojection_plus_stereo_left
-51.77899932861328,-88.12500762939453,-489.02362060546875,195.98013470220258,342.2776167103836,38.5056967154095,280.0000016594139,173.99999898864314,0.4274509847164154,0.3960784375667572,0.3019607961177826,calibrated_uv_reprojection_plus_stereo_left
-52.58458709716797,-91.31939697265625,-506.72906494140625,206.08119287132115,336.60661417340725,25.58865768037731,280.9999994697092,174.00000163131864,0.5333333611488342,0.47058823704719543,0.3607843220233917,calibrated_uv_reprojection_plus_stereo_left
-55.47339630126953,-98.33980560302734,-545.66259765625,228.9318274579265,325.10921527603324,-2.842915952811836,281.9999975642059,173.99999472498297,0.658823549747467,0.5843137502670288,0.47058823704719543,calibrated_uv_reprojection_plus_stereo_left
-70.25577545166016,-89.5647201538086,-503.25152587890625,213.5090397328799,353.68415817240844,27.139214609933504,263.99999804903234,175.00000399698007,0.47843137383461,0.43921568989753723,0.3450980484485626,calibrated_uv_reprojection_plus_stereo_left
-66.94355773925781,-86.65208435058594,-486.8659973144531,202.7189579378915,356.68326004057576,39.1743594890259,265.00000323908506,175.00000362162996,0.25882354378700256,0.25882354378700256,0.18039216101169586,calibrated_uv_reprojection_plus_stereo_left
-65.84716033935547,-86.56159973144531,-486.3377685546875,201.80526933043535,355.9182911381623,39.586706986963236,265.9999953820434,175.0000015440599,0.20392157137393951,0.21568627655506134,0.1411764770746231,calibrated_uv_reprojection_plus_stereo_left
-64.75187683105469,-86.4698486328125,-485.8024597167969,200.88837422701636,355.1568337634462,40.00419255531989,266.9999993331074,174.99999866490998,0.20392157137393951,0.21176470816135406,0.16078431904315948,calibrated_uv_reprojection_plus_stereo_left
-63.92836380004883,-86.7439956665039,-487.32281494140625,201.2429534358983,353.89394617921613,38.91533290926884,268.0000005928993,175.0000007290271,0.20392157137393951,0.2078431397676468,0.16470588743686676,calibrated_uv_reprojection_plus_stereo_left
-62.91864013671875,-86.7704086303711,-487.4513244628906,200.735386593076,352.9686499835651,38.84644126013973,268.9999994888258,174.9999993873299,0.2078431397676468,0.21960784494876862,0.18431372940540314,calibrated_uv_reprojection_plus_stereo_left
-61.89219284057617,-86.77435302734375,-487.45361328125,200.1497270358213,352.07411133999545,38.870041212711044,269.9999995076635,174.99999970739788,0.239215686917305,0.2549019753932953,0.2235294133424759,calibrated_uv_reprojection_plus_stereo_left
-60.88385772705078,-86.80435943603516,-487.602294921875,199.65390508401424,351.1427822359358,38.78639858157817,271.00000189811067,174.9999998662624,0.250980406999588,0.2666666805744171,0.23529411852359772,calibrated_uv_reprojection_plus_stereo_left
-59.66743087768555,-86.53370666503906,-486.0621337890625,198.12217644736717,350.63662608298625,39.93992826204419,271.99999779262333,174.9999970649659,0.2549019753932953,0.27450981736183167,0.24313725531101227,calibrated_uv_reprojection_plus_stereo_left
-58.67546081542969,-86.58490753173828,-486.3299255371094,197.7003768857433,349.6767828386956,39.76898688556213,273.00000146879245,175.00000181410417,0.2666666805744171,0.2705882489681244,0.23137255012989044,calibrated_uv_reprojection_plus_stereo_left
-57.65754699707031,-86.59907531738281,-486.3896484375,197.15078195348013,348.76905178414427,39.750479132513874,274.0000007456175,174.99999873393568,0.2705882489681244,0.27450981736183167,0.23529411852359772,calibrated_uv_reprojection_plus_stereo_left
-56.65622329711914,-86.63922882080078,-486.5953369140625,196.6899184875263,347.8233606055471,39.62507523264105,274.9999988391823,175.00000063442525,0.27843138575553894,0.2823529541492462,0.2549019753932953,calibrated_uv_reprojection_plus_stereo_left
-55.70992660522461,-86.76668548583984,-487.29132080078125,196.5267138238779,346.74954735230955,39.140634385459066,276.0000011746344,175.0000044401076,0.27843138575553894,0.2823529541492462,0.250980406999588,calibrated_uv_reprojection_plus_stereo_left
-54.60612106323242,-86.64912414550781,-486.6112060546875,195.5263273454877,346.0326600514233,39.663969583580865,277.00000065572084,175.00000016122806,0.2862745225429535,0.29411765933036804,0.239215686917305,calibrated_uv_reprojection_plus_stereo_left
-53.52062225341797,-86.55677032470703,-486.0727233886719,194.61330183116291,345.28086272124773,40.08352828923017,278.00000171435875,174.99999984281658,0.30588236451148987,0.30588236451148987,0.24705882370471954,calibrated_uv_reprojection_plus_stereo_left
-52.56361389160156,-86.67278289794922,-486.704345703125,194.40903183473165,344.22082926577224,39.64630665022452,278.9999992810018,174.9999992646642,0.364705890417099,0.34117648005485535,0.2705882489681244,calibrated_uv_reprojection_plus_stereo_left
-51.93912887573242,-87.35279846191406,-490.5029296875,196.11433189049131,342.3132653337373,36.890528052612694,280.0000018816628,175.0000038609029,0.4313725531101227,0.3960784375667572,0.3137255012989044,calibrated_uv_reprojection_plus_stereo_left
-52.77817916870117,-90.57220458984375,-508.5597229003906,206.3976942247345,336.5607528071655,23.697049242510616,280.9999983270529,174.99999716497234,0.5372549295425415,0.4745098054409027,0.364705890417099,calibrated_uv_reprojection_plus_stereo_left
-55.58806610107422,-97.37811279296875,-546.7523803710938,228.74032943497156,325.29470719824155,-4.234510419386538,282.00000039511394,175.00000365979832,0.6470588445663452,0.572549045085907,0.45098039507865906,calibrated_uv_reprojection_plus_stereo_left
-70.4256362915039,-88.70951843261719,-504.4417419433594,213.4688071389893,353.8450193394924,25.718590719755525,264.000001721982,176.0000010160774,0.5098039507865906,0.4627451002597809,0.37254902720451355,calibrated_uv_reprojection_plus_stereo_left
-67.7821273803711,-86.69007873535156,-492.9384460449219,205.7296068433164,355.6634485858044,34.18803536473183,265.0000038053856,176.0000034408019,0.2705882489681244,0.2666666805744171,0.1921568661928177,calibrated_uv_reprojection_plus_stereo_left
-66.71371459960938,-86.65364837646484,-492.7113952636719,204.99573542204615,354.81454454453694,34.380185810613625,265.99999773184743,175.9999986711518,0.20000000298023224,0.21176470816135406,0.1411764770746231,calibrated_uv_reprojection_plus_stereo_left
-65.58018493652344,-86.53024291992188,-491.9898986816406,203.95694191488087,354.0860409197359,34.935180573683965,267.0000002724791,176.00000373624226,0.20392157137393951,0.21176470816135406,0.16078431904315948,calibrated_uv_reprojection_plus_stereo_left
-64.13417053222656,-85.98401641845703,-488.8644714355469,201.43804446932478,353.94645998168687,37.25420383963848,267.9999979239291,176.00000452025955,0.20392157137393951,0.21176470816135406,0.16470588743686676,calibrated_uv_reprojection_plus_stereo_left
-63.08856201171875,-85.96563720703125,-488.7402038574219,200.772860447923,353.080595960402,37.37070122989468,268.999999609636,175.9999953542095,0.21568627655506134,0.21960784494876862,0.18039216101169586,calibrated_uv_reprojection_plus_stereo_left
-62.05889892578125,-85.96881866455078,-488.73858642578125,200.18318484160915,352.1846915986736,37.39719052200593,269.9999980220201,175.99999794947814,0.250980406999588,0.2549019753932953,0.21568627655506134,calibrated_uv_reprojection_plus_stereo_left
-61.02334976196289,-85.96392822265625,-488.6910400390625,199.56528376998028,351.3001095889496,37.45738431988366,270.9999987323812,175.99999397626107,0.2666666805744171,0.2666666805744171,0.24705882370471954,calibrated_uv_reprojection_plus_stereo_left
-59.91123962402344,-85.84925842285156,-488.0195007324219,198.56578337445882,350.5723627638048,37.975352596435016,272.0000015231018,176.0000000428787,0.2666666805744171,0.2666666805744171,0.250980406999588,calibrated_uv_reprojection_plus_stereo_left
-58.89411163330078,-85.8691635131836,-488.11297607421875,198.03475505418555,349.6533144028733,37.93205685765963,273.0000013228114,176.0000041660378,0.2666666805744171,0.2705882489681244,0.24313725531101227,calibrated_uv_reprojection_plus_stereo_left
-57.858680725097656,-85.86273193359375,-488.05670166015625,197.4121952226834,348.77196210662976,37.99862366846918,274.00000208522073,176.00000188304034,0.2705882489681244,0.27450981736183167,0.24705882370471954,calibrated_uv_reprojection_plus_stereo_left
-56.82118225097656,-85.85304260253906,-487.98193359375,196.77843838565747,347.8954349160374,38.07875107711948,274.9999991087957,176.0000032623069,0.27843138575553894,0.2823529541492462,0.24313725531101227,calibrated_uv_reprojection_plus_stereo_left
-56.02373504638672,-86.2125244140625,-490.00537109375,197.41786493557663,346.4764131031611,36.62000445630014,275.9999986801345,175.9999957438078,0.2823529541492462,0.2862745225429535,0.24705882370471954,calibrated_uv_reprojection_plus_stereo_left
-54.945655822753906,-86.14566802978516,-489.6056213378906,196.5849665661504,345.6809496858312,36.93856515914479,277.0000012314823,175.99999775852717,0.2862745225429535,0.29019609093666077,0.24705882370471954,calibrated_uv_reprojection_plus_stereo_left
-53.86793518066406,-86.0769271850586,-489.1951904296875,195.74649087707581,344.889623980994,37.26492091200123,277.9999992925604,175.99999965490628,0.30980393290519714,0.30588236451148987,0.2549019753932953,calibrated_uv_reprojection_plus_stereo_left
-52.894996643066406,-86.17633056640625,-489.7403564453125,195.4852650378333,343.8472712192134,36.89052841378691,279.0000010388678,176.00000200724412,0.364705890417099,0.3450980484485626,0.25882354378700256,calibrated_uv_reprojection_plus_stereo_left
-51.71268844604492,-85.93191528320312,-488.33160400390625,194.04652380698406,343.32244257493596,37.94884486470619,280.0000031016579,175.99999963263184,0.43529412150382996,0.40392157435417175,0.30980393290519714,calibrated_uv_reprojection_plus_stereo_left
-52.0965576171875,-88.33321380615234,-501.9573669433594,201.64262030050878,338.77645759878004,27.984235887956004,281.00000097850733,176.00000058342403,0.5215686559677124,0.4588235318660736,0.3490196168422699,calibrated_uv_reprojection_plus_stereo_left
-55.78761672973633,-96.55867767333984,-548.6767578125,229.04580303399513,325.25708843676705,-6.240330257063761,281.99999755338257,176.00000046515677,0.6039215922355652,0.529411792755127,0.4156862795352936,calibrated_uv_reprojection_plus_stereo_left
-71.28540802001953,-88.707763671875,-510.57318115234375,216.48674011509672,352.84320456337946,20.662919102789033,263.99999813372193,176.9999971618299,0.5372549295425415,0.4901960790157318,0.4000000059604645,calibrated_uv_reprojection_plus_stereo_left
-67.70378875732422,-85.54373931884766,-492.3424377441406,204.59731540894046,356.23848203397193,34.0903612055929,264.99999837867733,176.99999740786907,0.2823529541492462,0.27450981736183167,0.2078431397676468,calibrated_uv_reprojection_plus_stereo_left
-66.57907104492188,-85.4338607788086,-491.6904296875,203.6021374424754,355.4922245502087,34.595039925756225,266.00000042557565,176.99999955212317,0.20392157137393951,0.21176470816135406,0.1568627506494522,calibrated_uv_reprojection_plus_stereo_left
-65.3923568725586,-85.23978424072266,-490.55389404296875,202.30995400242313,354.8651033576434,35.455773518392164,266.9999991862808,176.99999864071327,0.20392157137393951,0.21176470816135406,0.1764705926179886,calibrated_uv_reprojection_plus_stereo_left
-64.12260437011719,-84.92958068847656,-488.7491455078125,200.60957629841374,354.4044264802784,36.807481980409534,267.99999879391135,176.9999947340357,0.20000000298023224,0.2078431397676468,0.1764705926179886,calibrated_uv_reprojection_plus_stereo_left
-63.10013961791992,-84.94220733642578,-488.8023376464844,200.0535460646567,353.49523926329925,36.79364953607302,269.0000006078076,177.00000160277753,0.21568627655506134,0.2235294133424759,0.1921568661928177,calibrated_uv_reprojection_plus_stereo_left
-62.091819763183594,-84.97471618652344,-488.9698791503906,199.56733863298683,352.557508206378,36.69580444560097,269.9999988850029,176.99999979464872,0.24705882370471954,0.2549019753932953,0.2235294133424759,calibrated_uv_reprojection_plus_stereo_left
-61.08879852294922,-85.01580047607422,-489.186767578125,199.1107968642204,351.60676086429004,36.56172012516322,270.99999960131726,177.00000128254635,0.2705882489681244,0.27450981736183167,0.24705882370471954,calibrated_uv_reprojection_plus_stereo_left
-60.01763916015625,-84.96194458007812,-488.85736083984375,198.32039275939172,350.7918722105003,36.82903586991097,271.99999971698446,177.00000203776352,0.2666666805744171,0.2705882489681244,0.24313725531101227,calibrated_uv_reprojection_plus_stereo_left
-58.98026657104492,-84.9549789428711,-488.7977600097656,197.694955516272,349.9100018070076,36.89810433246117,273.0000016558546,177.00000184444536,0.2705882489681244,0.27450981736183167,0.24705882370471954,calibrated_uv_reprojection_plus_stereo_left
-57.9334716796875,-84.9340591430664,-488.6578674316406,197.02078877102912,349.0486142404593,37.02615488046109,274.00000260873054,176.99999997275236,0.2705882489681244,0.27450981736183167,0.24705882370471954,calibrated_uv_reprojection_plus_stereo_left
-56.88674545288086,-84.91258239746094,-488.5148010253906,196.34494521617637,348.18842199176333,37.15652408290447,274.99999974305535,177.0000018078705,0.2705882489681244,0.2705882489681244,0.2549019753932953,calibrated_uv_reprojection_plus_stereo_left
-56.07135772705078,-85.24212646484375,-490.3910827636719,196.8914723612108,346.8081568996513,35.80365158148459,275.9999985181924,176.99999443945913,0.27843138575553894,0.27843138575553894,0.25882354378700256,calibrated_uv_reprojection_plus_stereo_left
-54.98890686035156,-85.17053985595703,-489.959716796875,196.03956744017245,346.0198685089934,36.145845297581275,277.00000152717223,177.00000141974982,0.2823529541492462,0.2862745225429535,0.24313725531101227,calibrated_uv_reprojection_plus_stereo_left
-53.9100456237793,-85.10198974609375,-489.5457763671875,195.1991312441882,345.22847423265523,36.47520710916103,277.9999973872605,176.9999960926768,0.2980392277240753,0.2980392277240753,0.250980406999588,calibrated_uv_reprojection_plus_stereo_left
-52.96930694580078,-85.25318145751953,-490.39593505859375,195.12005067577576,344.10569681476153,35.87622455541509,279.0000002857807,177.00000142552415,0.35686275362968445,0.3333333432674408,0.26274511218070984,calibrated_uv_reprojection_plus_stereo_left
-51.98045349121094,-85.33155059814453,-490.82708740234375,194.78727776241107,343.0907288466475,35.5850176429102,280.00000085135565,176.99999670421778,0.4274509847164154,0.3960784375667572,0.30980393290519714,calibrated_uv_reprojection_plus_stereo_left
-52.46482467651367,-87.88094329833984,-505.47100830078125,202.96921019385587,338.2804149002288,24.858082975632385,281.0000004675886,176.99999964403582,0.5215686559677124,0.4627451002597809,0.3333333432674408,calibrated_uv_reprojection_plus_stereo_left
-55.87223434448242,-95.53450775146484,-549.4705810546875,228.66926450512625,325.5267045083423,-7.420292898139735,281.9999959403291,176.99999854055176,0.6039215922355652,0.5372549295425415,0.40392157435417175,calibrated_uv_reprojection_plus_stereo_left
-72.4715576171875,-89.08112335205078,-519.0415649414062,220.93013211246512,351.30334760515706,13.87340222987359,264.00000374927566,178.00000452631866,0.545098066329956,0.4901960790157318,0.3960784375667572,calibrated_uv_reprojection_plus_stereo_left
-67.64630126953125,-84.42594146728516,-491.8981628417969,203.56045514871215,356.77655853384533,33.882270022634714,264.99999943279937,177.99999963258333,0.3019607961177826,0.29411765933036804,0.21960784494876862,calibrated_uv_reprojection_plus_stereo_left
-66.46905517578125,-84.24960327148438,-490.85137939453125,202.3237030265729,356.12473276773915,34.678195615648576,265.9999950248948,178.00000022535826,0.2078431397676468,0.21568627655506134,0.15294118225574493,calibrated_uv_reprojection_plus_stereo_left
-65.33651733398438,-84.12535095214844,-490.1081237792969,201.2758950252798,355.4036507758792,35.25060113435603,266.9999972389855,178.00000078064937,0.20000000298023224,0.21568627655506134,0.16470588743686676,calibrated_uv_reprojection_plus_stereo_left
-64.1430892944336,-83.91754150390625,-488.8781433105469,199.93128248969373,354.80302936167584,36.18116987014281,268.0000033064821,178.0000009980816,0.1921568661928177,0.21176470816135406,0.16470588743686676,calibrated_uv_reprojection_plus_stereo_left
-63.14696502685547,-83.96537017822266,-489.1374816894531,199.50113894449862,353.843379103725,36.01553291757443,269.00000002833576,178.0000033884786,0.21176470816135406,0.22745098173618317,0.18431372940540314,calibrated_uv_reprojection_plus_stereo_left
-62.156429290771484,-84.02245330810547,-489.4506530761719,199.10317394919997,352.8694040571993,35.81031497633319,269.999996715493,177.99999699236852,0.24313725531101227,0.25882354378700256,0.21568627655506134,calibrated_uv_reprojection_plus_stereo_left
-61.1741943359375,-84.09297943115234,-489.8421630859375,198.7521145158978,351.87473962372576,35.54748187613393,271.0000008324229,178.0000006896708,0.26274511218070984,0.27450981736183167,0.24313725531101227,calibrated_uv_reprojection_plus_stereo_left
-60.057098388671875,-83.97746276855469,-489.1499328613281,197.74060655410318,351.1489134287709,36.082120356521955,272.00000063106467,177.99999629406176,0.2666666805744171,0.27450981736183167,0.24705882370471954,calibrated_uv_reprojection_plus_stereo_left
-59.05400085449219,-84.02019500732422,-489.3795166015625,197.29046014539006,350.1937965120059,35.93845900983882,273.0000002035634,177.9999975561668,0.2705882489681244,0.27450981736183167,0.24705882370471954,calibrated_uv_reprojection_plus_stereo_left
-58.006900787353516,-84.00083923339844,-489.2474365234375,196.62048452611953,349.3292685948167,36.0609044032708,273.9999988748955,177.99999507748535,0.2705882489681244,0.27450981736183167,0.24705882370471954,calibrated_uv_reprojection_plus_stereo_left
-56.95247268676758,-83.97007751464844,-489.04901123046875,195.9105978111624,348.482012152163,36.23214025286279,275.00000045049245,178.00000528825223,0.2705882489681244,0.27450981736183167,0.24705882370471954,calibrated_uv_reprojection_plus_stereo_left
-56.07144546508789,-84.19868469238281,-490.3610534667969,196.11290293012098,347.24737353682565,35.292265912036726,276.00000002427953,178.0000034791293,0.27843138575553894,0.2823529541492462,0.2549019753932953,calibrated_uv_reprojection_plus_stereo_left
-55.009098052978516,-84.15861511230469,-490.1083068847656,195.36925874110318,346.412577203154,35.50350954565346,277.0000011513528,178.00000016150824,0.2823529541492462,0.2862745225429535,0.23529411852359772,calibrated_uv_reprojection_plus_stereo_left
-53.93180847167969,-84.09381866455078,-489.71160888671875,194.5395835574094,345.6160792053604,35.82060435270637,278.000001142751,178.0000011208101,0.3019607961177826,0.3019607961177826,0.24705882370471954,calibrated_uv_reprojection_plus_stereo_left
-53.020198822021484,-84.29000091552734,-490.83465576171875,194.62266934518635,344.4221754361164,35.01997384678697,279.00000218306167,178.00000112210046,0.364705890417099,0.34117648005485535,0.2705882489681244,calibrated_uv_reprojection_plus_stereo_left
-52.08099365234375,-84.44937896728516,-491.7433166503906,194.57457728432632,343.2806564938662,34.37711990927289,279.9999988806211,178.00000345151562,0.4274509847164154,0.3960784375667572,0.30980393290519714,calibrated_uv_reprojection_plus_stereo_left
-52.643798828125,-87.10049438476562,-507.1605529785156,203.19477200051466,338.2758434411048,23.065605718274526,280.9999998066076,178.00000522981372,0.5137255191802979,0.45490196347236633,0.32549020648002625,calibrated_uv_reprojection_plus_stereo_left
-55.88500213623047,-94.3855972290039,-549.5578002929688,227.86881928450612,325.98700186348435,-8.082434638631469,281.9999994989038,178.00000008364512,0.6039215922355652,0.5333333611488342,0.4000000059604645,calibrated_uv_reprojection_plus_stereo_left
-74.2416763305664,-90.1274185180664,-531.691162109375,227.92525129838447,348.8001164532934,3.982643221753051,264.0000011093213,178.999997077873,0.545098066329956,0.4901960790157318,0.3843137323856354,calibrated_uv_reprojection_plus_stereo_left
-67.68394470214844,-83.42727661132812,-492.1456604003906,202.9506453158105,357.15073812566834,33.1651248493626,265.0000013463774,179.00000211723173,0.32549020648002625,0.3137255012989044,0.22745098173618317,calibrated_uv_reprojection_plus_stereo_left
-66.46150207519531,-83.19717407226562,-490.76910400390625,201.5126261034705,356.57592709594246,34.20527183701023,265.9999991459886,179.00000054269526,0.21568627655506134,0.2235294133424759,0.14901961386203766,calibrated_uv_reprojection_plus_stereo_left
-65.28933715820312,-83.02381896972656,-489.7273864746094,200.28306935953987,355.9258414670775,34.99845370328296,266.9999993653146,178.99999926043725,0.2078431397676468,0.21960784494876862,0.16470588743686676,calibrated_uv_reprojection_plus_stereo_left
-64.2205810546875,-82.97859954833984,-489.4415588378906,199.51833722967473,355.09704063744374,35.234364252930845,268.0000038020294,179.0000004557901,0.20000000298023224,0.21568627655506134,0.16862745583057404,calibrated_uv_reprojection_plus_stereo_left
-63.210269927978516,-83.00874328613281,-489.6002502441406,199.02560415108314,354.16108039621827,35.142617322081094,269.00000186844073,179.00000071042786,0.21568627655506134,0.22745098173618317,0.1921568661928177,calibrated_uv_reprojection_plus_stereo_left
-62.209442138671875,-83.05265045166016,-489.8401184082031,198.58186008361457,353.20451649803664,34.991062157440695,270.00000191714537,179.00000359871797,0.24705882370471954,0.2549019753932953,0.22745098173618317,calibrated_uv_reprojection_plus_stereo_left
-61.22380447387695,-83.11876678466797,-490.2109375,198.21708583893763,352.21461905301874,34.74303271896167,271.0000004553107,179.00000470735725,0.2549019753932953,0.2705882489681244,0.239215686917305,calibrated_uv_reprojection_plus_stereo_left
-60.095680236816406,-82.9905014038086,-489.435302734375,197.15552914633042,351.5082706322048,35.33986546771354,271.99999898672786,178.99999624167458,0.25882354378700256,0.27843138575553894,0.24705882370471954,calibrated_uv_reprojection_plus_stereo_left
-59.06374740600586,-82.99300384521484,-489.4309997558594,196.56294523198744,350.6114399001192,35.36826315802148,273.000002317339,179.00000461113893,0.2666666805744171,0.27450981736183167,0.24705882370471954,calibrated_uv_reprojection_plus_stereo_left
-58.01093292236328,-82.9658432006836,-489.251708984375,195.86451089835094,349.75863917455376,35.5255988755664,274.0000014637439,179.00000293918382,0.2705882489681244,0.27843138575553894,0.24705882370471954,calibrated_uv_reprojection_plus_stereo_left
-56.957523345947266,-82.93694305419922,-489.0621337890625,195.16022139710833,348.90897412046206,35.690500109898096,274.99999821201436,178.99999502547615,0.27843138575553894,0.2823529541492462,0.2549019753932953,calibrated_uv_reprojection_plus_stereo_left
-56.040130615234375,-83.10879516601562,-490.0564270019531,195.16908740548297,347.7568292472116,34.98323494795767,276.0000022751308,179.00000477678026,0.2823529541492462,0.2862745225429535,0.25882354378700256,calibrated_uv_reprojection_plus_stereo_left
-54.965362548828125,-83.04945373535156,-489.6873474121094,194.35624184375365,346.9523898559512,35.28039434763963,277.00000010899333,178.99999851454942,0.2862745225429535,0.29019609093666077,0.24705882370471954,calibrated_uv_reprojection_plus_stereo_left
-53.92329788208008,-83.0383071899414,-489.60247802734375,193.71463191329934,346.0753776442853,35.36817266108824,277.99999735484914,178.99999587718793,0.3019607961177826,0.3019607961177826,0.2549019753932953,calibrated_uv_reprojection_plus_stereo_left
-53.03437042236328,-83.26728057861328,-490.933349609375,193.92042429408275,344.8283466004817,34.413204344090445,278.99999855515796,178.9999966017243,0.3686274588108063,0.3450980484485626,0.27450981736183167,calibrated_uv_reprojection_plus_stereo_left
-52.19923782348633,-83.59165954589844,-492.82659912109375,194.4588075395908,343.42820667240886,33.04419564171644,279.99999981755934,178.99999855642466,0.4274509847164154,0.3960784375667572,0.3137255012989044,calibrated_uv_reprojection_plus_stereo_left
-52.46814727783203,-85.73339080810547,-505.4337158203125,201.37870354603143,339.1801211059412,23.785376999509083,281.0000004640183,178.99999667078657,0.5254902243614197,0.46666666865348816,0.33725491166114807,calibrated_uv_reprojection_plus_stereo_left
-55.95402908325195,-93.33013916015625,-550.1981811523438,227.3971498637125,326.29976874372255,-9.15210802918017,282.0000009225579,178.99999752034472,0.6078431606292725,0.5372549295425415,0.40392157435417175,calibrated_uv_reprojection_plus_stereo_left
-74.6865234375,-89.53125762939453,-534.8488159179688,229.0435301716875,348.53161658557525,1.0731564880600786,263.9999972482834,180.00000361751285,0.5607843399047852,0.5058823823928833,0.40784314274787903,calibrated_uv_reprojection_plus_stereo_left
-68.2953872680664,-83.12594604492188,-496.56512451171875,204.90083057858567,356.5452741039475,29.367097699827582,265.0000018192087,180.0000042975645,0.3529411852359772,0.34117648005485535,0.250980406999588,calibrated_uv_reprojection_plus_stereo_left
-67.0658950805664,-82.90151977539062,-495.2053527832031,203.46984444928722,355.95720249891326,30.396538277105492,266.00000190915233,179.99999897773426,0.23529411852359772,0.24313725531101227,0.16078431904315948,calibrated_uv_reprojection_plus_stereo_left
-65.88115692138672,-82.72628021240234,-494.1394958496094,202.22174026277156,355.30385434312666,31.208862560179625,267.00000237268677,179.99999546365473,0.21568627655506134,0.21960784494876862,0.16470588743686676,calibrated_uv_reprojection_plus_stereo_left
-64.6696548461914,-82.51133728027344,-492.8366394042969,200.8314926555961,354.7112641196135,32.196025210814355,267.99999965599676,180.00000278171268,0.2078431397676468,0.21176470816135406,0.16862745583057404,calibrated_uv_reprojection_plus_stereo_left
-63.6143913269043,-82.49208068847656,-492.7026062011719,200.15609705687876,353.84015646911564,32.32031198482463,268.9999996112487,180.00000124333718,0.21568627655506134,0.23137255012989044,0.19607843458652496,calibrated_uv_reprojection_plus_stereo_left
-62.54973602294922,-82.45990753173828,-492.4914245605469,199.4340461237761,352.98823292514976,32.50153190819452,270.0000009927283,179.9999978158375,0.239215686917305,0.25882354378700256,0.22745098173618317,calibrated_uv_reprojection_plus_stereo_left
-61.50836181640625,-82.45794677734375,-492.46075439453125,198.8219021452362,352.0925620058225,32.549505142007604,271.0000004986843,180.0000042727723,0.250980406999588,0.2666666805744171,0.239215686917305,calibrated_uv_reprojection_plus_stereo_left
-60.34494400024414,-82.28961181640625,-491.4364013671875,197.6082076608863,351.44305259664725,33.33080643291868,271.9999990155794,179.99999629074262,0.26274511218070984,0.27450981736183167,0.24705882370471954,calibrated_uv_reprojection_plus_stereo_left
-59.31504821777344,-82.30075073242188,-491.48394775390625,197.04449179822598,350.5296310224939,33.32101577205606,272.9999991091869,179.99999480110029,0.25882354378700256,0.27843138575553894,0.24705882370471954,calibrated_uv_reprojection_plus_stereo_left
-58.29463195800781,-82.32577514648438,-491.61444091796875,196.5305814421847,349.5950469407602,33.250026138902456,273.9999986736627,179.9999989482024,0.2666666805744171,0.2862745225429535,0.2549019753932953,calibrated_uv_reprojection_plus_stereo_left
-57.269954681396484,-82.34569549560547,-491.71441650390625,195.99790604878478,348.66757476303655,33.201572744623945,274.9999983665943,179.9999988272275,0.27843138575553894,0.2823529541492462,0.2549019753932953,calibrated_uv_reprojection_plus_stereo_left
-56.59171676635742,-82.87379455566406,-494.8487854003906,197.28719538457227,346.96553938156535,30.914430880955763,275.9999988911513,180.0000005464799,0.27843138575553894,0.2823529541492462,0.2549019753932953,calibrated_uv_reprojection_plus_stereo_left
-55.57610321044922,-82.91853332519531,-495.0968017578125,196.83892650941772,345.9934540413154,30.756949492010904,276.99999840275376,179.99999902155145,0.2823529541492462,0.2862745225429535,0.24313725531101227,calibrated_uv_reprojection_plus_stereo_left
-54.57338333129883,-82.98471069335938,-495.4728088378906,196.46652345404965,344.9872017379703,30.505081353245714,277.99999803963516,179.9999991515757,0.2980392277240753,0.2980392277240753,0.2549019753932953,calibrated_uv_reprojection_plus_stereo_left
-53.74863815307617,-83.32952117919922,-497.5123596191406,197.0861354372081,343.54590597956735,29.026189218948673,278.99999965085544,180.00000223601154,0.37254902720451355,0.3490196168422699,0.27843138575553894,calibrated_uv_reprojection_plus_stereo_left
-53.30537796020508,-84.29145812988281,-503.236083984375,199.8954795252069,341.1301073209152,24.830178977511537,280.0000000946896,180.00000074577792,0.4313725531101227,0.4000000059604645,0.32549020648002625,calibrated_uv_reprojection_plus_stereo_left
-53.62490463256836,-86.52344512939453,-516.54150390625,207.19834521200255,336.68948266031555,15.043125373601697,280.9999982185909,179.99999813899575,0.5215686559677124,0.4588235318660736,0.3490196168422699,calibrated_uv_reprojection_plus_stereo_left
-56.9379997253418,-93.77886962890625,-559.83447265625,232.26082035349162,324.2197422724302,-16.857368790287808,281.99999814178113,179.99999824661018,0.6000000238418579,0.529411792755127,0.40784314274787903,calibrated_uv_reprojection_plus_stereo_left
-76.16608428955078,-90.14631652832031,-545.4156494140625,234.69724230596017,346.5481799831428,-7.322139820564928,264.00000065951775,181.00000580017246,0.5764706134796143,0.5098039507865906,0.41960784792900085,calibrated_uv_reprojection_plus_stereo_left
-68.3140869140625,-82.0935287475586,-496.6745910644531,204.19850218111281,356.95630821950635,28.746396627666343,265.00000037941646,180.99999664325196,0.38823530077934265,0.364705890417099,0.27843138575553894,calibrated_uv_reprojection_plus_stereo_left
-66.95060729980469,-81.70866394042969,-494.32733154296875,202.16601660454563,356.5997983576377,30.50740009786921,265.9999977355453,181.00000321471458,0.2549019753932953,0.2549019753932953,0.16862745583057404,calibrated_uv_reprojection_plus_stereo_left
-65.70915222167969,-81.4630126953125,-492.8223571777344,200.65276676467874,356.05152694314063,31.645450289917505,267.0000005881989,180.9999966013243,0.2235294133424759,0.22745098173618317,0.16862745583057404,calibrated_uv_reprojection_plus_stereo_left
-64.59147644042969,-81.36547088623047,-492.2135314941406,199.68847868433147,355.2939758700482,32.12084453875178,268.00000398334123,180.9999997054266,0.21568627655506134,0.21960784494876862,0.1725490242242813,calibrated_uv_reprojection_plus_stereo_left
-63.5764274597168,-81.39622497558594,-492.38079833984375,199.19700491329047,354.3511978781891,32.02247728306503,268.99999825494723,180.99999697123155,0.21568627655506134,0.23137255012989044,0.19607843458652496,calibrated_uv_reprojection_plus_stereo_left
-62.5582389831543,-81.42401885986328,-492.5301818847656,198.69418841434668,353.4120162227051,31.937346755634337,269.9999993097471,181.00000035267456,0.239215686917305,0.25882354378700256,0.22745098173618317,calibrated_uv_reprojection_plus_stereo_left
-61.58315658569336,-81.5099105834961,-493.03094482421875,198.40352010371333,352.38604800168264,31.592525661168565,270.99999829596914,180.99999989195118,0.2549019753932953,0.2666666805744171,0.239215686917305,calibrated_uv_reprojection_plus_stereo_left
-60.44845962524414,-81.38397216796875,-492.2503967285156,197.33787371174242,351.6744281773671,32.19473882966173,271.99999963061504,180.99999676606,0.2666666805744171,0.27450981736183167,0.24705882370471954,calibrated_uv_reprojection_plus_stereo_left
-59.43031311035156,-81.41338348388672,-492.4095458984375,196.84029138411336,350.7318284678595,32.1024187496613,272.9999984448135,181.00000070809165,0.26274511218070984,0.27843138575553894,0.250980406999588,calibrated_uv_reprojection_plus_stereo_left
-58.38872528076172,-81.4112777709961,-492.3780212402344,196.2275663172237,349.83627554092686,32.15102410274142,273.9999999468164,180.99999785893868,0.2666666805744171,0.2862745225429535,0.2549019753932953,calibrated_uv_reprojection_plus_stereo_left
-57.38581848144531,-81.464111328125,-492.67877197265625,195.81425994721025,348.8568451369031,31.954105524439854,274.9999992809662,180.9999972276109,0.27843138575553894,0.2823529541492462,0.2549019753932953,calibrated_uv_reprojection_plus_stereo_left
-56.72220230102539,-82.00955200195312,-495.9586181640625,197.1846013757351,347.1188448715808,29.5560727598355,275.99999883383094,181.00000365288292,0.27843138575553894,0.2823529541492462,0.2549019753932953,calibrated_uv_reprojection_plus_stereo_left
-55.66832733154297,-82.00079345703125,-495.88671875,196.54330443179907,346.2268793218318,29.634696791324245,277.000000639352,181.0000004192283,0.2823529541492462,0.2862745225429535,0.24313725531101227,calibrated_uv_reprojection_plus_stereo_left
-54.65074920654297,-82.04630279541016,-496.1429748535156,196.0978669777582,345.250416652843,29.470889689612193,277.99999793262305,180.9999954481636,0.3019607961177826,0.3019607961177826,0.2549019753932953,calibrated_uv_reprojection_plus_stereo_left
-53.81838607788086,-82.37721252441406,-498.1250305175781,196.67921451848758,343.8246440074711,28.032245302715978,278.99999983304883,180.99999684499636,0.35686275362968445,0.33725491166114807,0.2705882489681244,calibrated_uv_reprojection_plus_stereo_left
-53.53670883178711,-83.58116912841797,-505.3859558105469,200.39223395088607,341.0107195836498,22.694528719990842,279.99999827226725,181.00000073043975,0.4313725531101227,0.4000000059604645,0.32549020648002625,calibrated_uv_reprojection_plus_stereo_left
-53.60366439819336,-85.38965606689453,-516.301513671875,206.25470070131075,337.20736363213734,14.658232721788238,280.9999979453779,180.99999638316075,0.5176470875740051,0.45490196347236633,0.3450980484485626,calibrated_uv_reprojection_plus_stereo_left
-56.520938873291016,-91.90833282470703,-555.6950073242188,228.94268738172298,325.81047263130495,-14.409463236350177,282.0000008516805,181.00000424679763,0.6000000238418579,0.529411792755127,0.4156862795352936,calibrated_uv_reprojection_plus_stereo_left
-77.75106048583984,-90.83963775634766,-556.7361450195312,240.77938935100497,344.40898814250187,-16.29854510307689,263.9999977260004,181.99999637812294,0.5686274766921997,0.5058823823928833,0.4000000059604645,calibrated_uv_reprojection_plus_stereo_left
-68.38106536865234,-81.1178970336914,-497.13507080078125,203.71017823029365,357.2856982687606,27.865513388424688,265.00000357634156,182.0000006320433,0.4117647111415863,0.3803921639919281,0.27843138575553894,calibrated_uv_reprojection_plus_stereo_left
-66.87071990966797,-80.56218719482422,-493.7108154296875,201.02428799555065,357.17939510372344,30.426531750362017,265.9999996830228,182.000001541308,0.2666666805744171,0.25882354378700256,0.16078431904315948,calibrated_uv_reprojection_plus_stereo_left
-65.66775512695312,-80.36516571044922,-492.48486328125,199.68377975610827,356.5648824336203,31.359552404415012,266.99999751936167,181.99999844729683,0.23529411852359772,0.23529411852359772,0.1725490242242813,calibrated_uv_reprojection_plus_stereo_left
-64.59769439697266,-80.3271713256836,-492.2335205078125,198.93780785869382,355.72212419607695,31.570885556833787,267.999999322941,181.9999991846779,0.2235294133424759,0.23137255012989044,0.18431372940540314,calibrated_uv_reprojection_plus_stereo_left
-63.57713317871094,-80.35059356689453,-492.3585205078125,198.42037514593216,354.7896429810014,31.503587132287805,269.0000002022957,181.99999810831787,0.21960784494876862,0.23529411852359772,0.20000000298023224,calibrated_uv_reprojection_plus_stereo_left
-62.60758590698242,-80.4404296875,-492.8905029296875,198.1486411077858,353.75794860483353,31.135028532463025,269.99999964364235,182.00000491520706,0.23529411852359772,0.2549019753932953,0.2235294133424759,calibrated_uv_reprojection_plus_stereo_left
-61.67633056640625,-80.58345031738281,-493.7482604980469,198.0721363436324,352.6446177794357,30.525391411865314,271.00000303723635,182.00000352906636,0.250980406999588,0.2705882489681244,0.239215686917305,calibrated_uv_reprojection_plus_stereo_left
-60.49771499633789,-80.40274047851562,-492.6224670410156,196.79884438640067,352.0159549369378,31.383985325284243,272.00000063447453,182.0000009271663,0.25882354378700256,0.27843138575553894,0.24705882370471954,calibrated_uv_reprojection_plus_stereo_left
-59.4923210144043,-80.45005798339844,-492.8938293457031,196.3679542466263,351.0450261191662,31.208423550936573,273.0000013185066,182.00000105277098,0.26274511218070984,0.2823529541492462,0.250980406999588,calibrated_uv_reprojection_plus_stereo_left
-58.4576530456543,-80.45887756347656,-492.9292907714844,195.7948168554878,350.13186234057105,31.207474570140903,273.9999994679528,181.9999978742876,0.26274511218070984,0.2862745225429535,0.250980406999588,calibrated_uv_reprojection_plus_stereo_left
-57.449127197265625,-80.5047607421875,-493.19183349609375,195.357442106372,349.16132006316815,31.03849012524148,275.00000052512036,181.99999878826054,0.27450981736183167,0.2823529541492462,0.2549019753932953,calibrated_uv_reprojection_plus_stereo_left
-56.6873664855957,-80.90463256835938,-495.6228942871094,196.2149179678919,347.6403171128574,29.264938115808206,275.9999990892514,181.99999989705185,0.27450981736183167,0.2823529541492462,0.2549019753932953,calibrated_uv_reprojection_plus_stereo_left
-55.70777130126953,-81.0029296875,-496.2063903808594,195.96484434082868,346.5816950407901,28.858652816785764,277.00000127507775,182.00000138540366,0.2823529541492462,0.2862745225429535,0.24313725531101227,calibrated_uv_reprojection_plus_stereo_left
-54.72659683227539,-81.10276794433594,-496.7992858886719,195.718866924111,345.51838161587773,28.445476546329814,277.9999994396774,182.0000037665885,0.3019607961177826,0.30588236451148987,0.25882354378700256,calibrated_uv_reprojection_plus_stereo_left
-53.869415283203125,-81.39398956298828,-498.56439208984375,196.16745787574848,344.1493294854631,27.165168854393528,279.00000158127057,182.00000203998044,0.3450980484485626,0.3333333432674408,0.25882354378700256,calibrated_uv_reprojection_plus_stereo_left
-53.57527160644531,-82.56464385986328,-505.7159729003906,199.8038248501411,341.36951727318365,21.90042230398069,280.00000057003706,182.0000010932572,0.4156862795352936,0.3960784375667572,0.3137255012989044,calibrated_uv_reprojection_plus_stereo_left
-53.504459381103516,-84.13426971435547,-515.3106689453125,204.86771980598382,337.9219423565303,14.829253902786888,280.9999982061474,182.0000019242502,0.5098039507865906,0.4470588266849518,0.34117648005485535,calibrated_uv_reprojection_plus_stereo_left
-56.04489517211914,-89.96073913574219,-550.9761962890625,225.2954696242843,327.5470732407789,-11.524038646681277,281.99999795849953,181.9999979441092,0.6078431606292725,0.5411764979362488,0.42352941632270813,calibrated_uv_reprojection_plus_stereo_left
-79.40618896484375,-91.56574249267578,-568.5578002929688,247.13232012120596,342.1742186978804,-25.671262824161715,264.0000010881064,183.000000696827,0.5607843399047852,0.501960813999176,0.3803921639919281,calibrated_uv_reprojection_plus_stereo_left
-68.5935287475586,-80.31063079833984,-498.653076171875,203.86462551795717,357.3702611975859,26.199361898362497,264.9999996614775,182.9999969220171,0.4156862795352936,0.38823530077934265,0.27450981736183167,calibrated_uv_reprojection_plus_stereo_left
-66.92243194580078,-79.57479858398438,-494.06591796875,200.47515945684614,357.5304405778949,29.6264930411852,266.0000013434764,182.99999662487664,0.2666666805744171,0.26274511218070984,0.15294118225574493,calibrated_uv_reprojection_plus_stereo_left
-65.71082305908203,-79.37076568603516,-492.7808532714844,199.1001904369699,356.92817778651647,30.604652358678663,266.99999756794097,183.00000094468322,0.22745098173618317,0.23137255012989044,0.1764705926179886,calibrated_uv_reprojection_plus_stereo_left
-64.59300994873047,-79.27539825439453,-492.1705017089844,198.13679175448692,356.1700455791464,31.082419829217372,268.0000030763472,183.00000310995313,0.21568627655506134,0.2235294133424759,0.20000000298023224,calibrated_uv_reprojection_plus_stereo_left
-63.588722229003906,-79.31861114501953,-492.4205017089844,197.69472392256017,355.2078689396334,30.922266809843507,268.99999944533425,183.00000276337792,0.21176470816135406,0.22745098173618317,0.20000000298023224,calibrated_uv_reprojection_plus_stereo_left
-62.64372253417969,-79.43855285644531,-493.14678955078125,197.5392272690732,354.1296353854683,30.409050151267536,270.0000001741874,182.99999997664565,0.23529411852359772,0.2549019753932953,0.2235294133424759,calibrated_uv_reprojection_plus_stereo_left
-61.701656341552734,-79.5664291381836,-493.92230224609375,197.41151707006196,353.03662891935903,29.859419315370758,270.9999999782021,183.00000125382894,0.2549019753932953,0.27450981736183167,0.24313725531101227,calibrated_uv_reprojection_plus_stereo_left
-60.550052642822266,-79.42395782470703,-493.0195617675781,196.27369086502586,352.3520084796416,30.553869531206942,271.9999982696786,182.99999852715166,0.25882354378700256,0.27843138575553894,0.24705882370471954,calibrated_uv_reprojection_plus_stereo_left
-59.506038665771484,-79.42020416259766,-492.97796630859375,195.65421425747695,351.457900800302,30.609953844901213,273.00000100784314,183.00000059796977,0.2549019753932953,0.2823529541492462,0.24705882370471954,calibrated_uv_reprojection_plus_stereo_left
-58.48838424682617,-79.45223236083984,-493.158447265625,195.16762248961987,350.50856092753156,30.501449262905965,274.00000100659895,182.99999938574513,0.25882354378700256,0.2823529541492462,0.250980406999588,calibrated_uv_reprojection_plus_stereo_left
-57.461002349853516,-79.47207641601562,-493.2633056640625,194.63534893539588,349.577375638903,30.44900871636679,275.00000135811877,183.00000088137028,0.2705882489681244,0.2823529541492462,0.25882354378700256,calibrated_uv_reprojection_plus_stereo_left
-56.610042572021484,-79.74127960205078,-494.915771484375,195.0249490288382,348.2549652008263,29.24974746212081,276.0000008130204,182.9999970956738,0.2705882489681244,0.2823529541492462,0.25882354378700256,calibrated_uv_reprojection_plus_stereo_left
-55.62913513183594,-79.83423614501953,-495.47430419921875,194.75991787493183,347.2045307244737,28.861248426948748,277.00000110968153,182.99999793044523,0.2823529541492462,0.2862745225429535,0.24313725531101227,calibrated_uv_reprojection_plus_stereo_left
-54.66700744628906,-79.95834350585938,-496.2261047363281,194.60815177980578,346.10240811018355,28.32961215525512,277.9999997542079,182.99999696811602,0.30588236451148987,0.30588236451148987,0.26274511218070984,calibrated_uv_reprojection_plus_stereo_left
-53.833740234375,-80.27958679199219,-498.2012634277344,195.17904078890405,344.6818067680389,26.891686297871672,279.0000000014322,182.9999998826299,0.3490196168422699,0.33725491166114807,0.26274511218070984,calibrated_uv_reprojection_plus_stereo_left
-53.619606018066406,-81.55547332763672,-506.10040283203125,199.24654322498031,341.71476776522115,21.06527862099591,280.0000009692096,183.0000026241914,0.4117647111415863,0.3960784375667572,0.32156863808631897,calibrated_uv_reprojection_plus_stereo_left
-53.36314010620117,-82.81774139404297,-513.9144287109375,203.2446764681414,338.7408421289408,15.302737061016785,281.0000033389644,183.00000293014213,0.5058823823928833,0.4431372582912445,0.3490196168422699,calibrated_uv_reprojection_plus_stereo_left
-55.67523956298828,-88.20176696777344,-547.3038940429688,222.27890675650957,328.99964677428613,-9.403535912110044,281.9999971777694,182.9999974324275,0.6078431606292725,0.5411764979362488,0.43921568989753723,calibrated_uv_reprojection_plus_stereo_left
-80.3422622680664,-91.42338562011719,-575.2299194335938,250.31352052692716,341.14243916993786,-31.244914126917877,263.99999950503474,183.99999988128576,0.5568627715110779,0.49803921580314636,0.3686274588108063,calibrated_uv_reprojection_plus_stereo_left
-69.42223358154297,-80.2088851928711,-504.65057373046875,206.73611969622,356.4209284962872,21.203024790436473,264.99999770632905,184.00000280866504,0.4431372582912445,0.4117647111415863,0.2862745225429535,calibrated_uv_reprojection_plus_stereo_left
-67.72486114501953,-79.46675109863281,-499.96295166015625,203.28555596128876,356.5895400989572,24.71001958182501,265.99999989457314,183.99999742556196,0.2862745225429535,0.27450981736183167,0.1568627506494522,calibrated_uv_reprojection_plus_stereo_left
-66.50408935546875,-79.26930236816406,-498.70245361328125,201.92027830537603,355.96958405733716,25.671596639668962,267.00000244267704,183.99999734308423,0.22745098173618317,0.22745098173618317,0.16862745583057404,calibrated_uv_reprojection_plus_stereo_left
-65.34559631347656,-79.14102172851562,-497.877197265625,200.82083093013858,355.25100528743866,26.309864584660318,268.00000122587255,183.99999948724667,0.21176470816135406,0.21960784494876862,0.19607843458652496,calibrated_uv_reprojection_plus_stereo_left
-64.26070404052734,-79.0992431640625,-497.5961608886719,200.05133187743752,354.4053905289749,26.543976914509074,268.9999988943644,184.00000111070278,0.21176470816135406,0.22745098173618317,0.20000000298023224,calibrated_uv_reprojection_plus_stereo_left
-63.20216369628906,-79.08916473388672,-497.5145263671875,199.40237656307778,353.5126925577763,26.630023934921326,270.00000135836615,183.99999862170307,0.23137255012989044,0.250980406999588,0.21960784494876862,calibrated_uv_reprojection_plus_stereo_left
-62.169647216796875,-79.1119613647461,-497.6396789550781,198.8776812571358,352.5700336225727,26.56255197739648,270.99999969796727,183.99999448615182,0.2549019753932953,0.27450981736183167,0.24313725531101227,calibrated_uv_reprojection_plus_stereo_left
-60.99898147583008,-78.95681762695312,-496.6456298828125,197.68199292549377,351.9001318051581,27.32591001007887,271.99999919368,184.00000114560842,0.25882354378700256,0.27843138575553894,0.24705882370471954,calibrated_uv_reprojection_plus_stereo_left
-59.93635940551758,-78.93865966796875,-496.5132141113281,197.00384421413122,351.0217126429842,27.44960108404399,272.99999819059065,183.99999899504232,0.25882354378700256,0.27843138575553894,0.24705882370471954,calibrated_uv_reprojection_plus_stereo_left
-58.908748626708984,-78.9668960571289,-496.6726379394531,196.5000767862918,350.07129239089534,27.35666811226315,274.000000182136,184.00000128671383,0.26274511218070984,0.2823529541492462,0.250980406999588,calibrated_uv_reprojection_plus_stereo_left
-57.89793014526367,-79.0191879272461,-496.98333740234375,196.08592660123446,349.0823687740195,27.15148215110105,275.0000031602817,184.00000289931495,0.27450981736183167,0.27843138575553894,0.26274511218070984,calibrated_uv_reprojection_plus_stereo_left
-56.98204803466797,-79.20548248291016,-498.1367492675781,196.17180452140985,347.8801650305285,26.320934027566977,276.0000000650098,184.00000030078957,0.27450981736183167,0.2823529541492462,0.26274511218070984,calibrated_uv_reprojection_plus_stereo_left
-55.99280548095703,-79.29501342773438,-498.6815490722656,195.89381446610673,346.8278180278166,25.942143057745398,276.99999882078555,184.00000008402492,0.2862745225429535,0.29019609093666077,0.24705882370471954,calibrated_uv_reprojection_plus_stereo_left
-55.08990478515625,-79.5127182006836,-500.0323486328125,196.09151480371196,345.567602984981,24.96534021237602,277.9999983011486,183.9999990474248,0.3019607961177826,0.30588236451148987,0.26274511218070984,calibrated_uv_reprojection_plus_stereo_left
-54.25165557861328,-79.83419799804688,-502.03564453125,196.67130557170998,344.134543008941,23.504543473361707,278.99999980695134,183.9999996839023,0.3529411852359772,0.34117648005485535,0.27450981736183167,calibrated_uv_reprojection_plus_stereo_left
-53.728763580322266,-80.6419448852539,-507.0965576171875,199.04868504683816,341.90231472011874,19.77544047774535,279.99999845313084,184.00000011537995,0.42352941632270813,0.40784314274787903,0.33725491166114807,calibrated_uv_reprojection_plus_stereo_left
-53.529388427734375,-81.97815704345703,-515.4801025390625,203.36848309973567,338.78496310139207,13.581893623229064,280.999998183656,184.00000152411104,0.4941176474094391,0.45098039507865906,0.3686274588108063,calibrated_uv_reprojection_plus_stereo_left
-55.22187805175781,-86.32756805419922,-542.809326171875,218.79097537520028,330.66167943783,-6.66507277320494,281.9999979915073,183.99999498943788,0.5921568870544434,0.5411764979362488,0.45098039507865906,calibrated_uv_reprojection_plus_stereo_left
-69.81798553466797,-79.58812713623047,-507.5003662109375,207.6813364329991,356.2077651880036,18.534838702285242,264.9999994002643,184.99999528115515,0.47058823704719543,0.43529412150382996,0.3176470696926117,calibrated_uv_reprojection_plus_stereo_left
-67.6705551147461,-78.34180450439453,-499.5350646972656,202.25202310815632,357.1286549109972,24.4847254654145,266.00000138638296,184.9999953221419,0.30588236451148987,0.29019609093666077,0.1725490242242813,calibrated_uv_reprojection_plus_stereo_left
-66.43668365478516,-78.13048553466797,-498.169677734375,200.82583443242976,356.5329704817785,25.52561089008799,267.0000005680205,184.99999998405622,0.23137255012989044,0.22745098173618317,0.16470588743686676,calibrated_uv_reprojection_plus_stereo_left
-65.34912872314453,-78.08731079101562,-497.87640380859375,200.0487404451522,355.6891098771133,25.76911625455233,267.9999962483404,184.99999682747818,0.21568627655506134,0.21960784494876862,0.1921568661928177,calibrated_uv_reprojection_plus_stereo_left
-64.29631805419922,-78.08502960205078,-497.8439025878906,199.42903889841995,354.7841524149094,25.818689841507023,269.0000029386276,184.99999826830197,0.21176470816135406,0.22745098173618317,0.19607843458652496,calibrated_uv_reprojection_plus_stereo_left
-63.252830505371094,-78.09426879882812,-497.8848571777344,198.85340703084438,353.8615811579139,25.813646971484275,269.9999978698003,185.00000097518188,0.23137255012989044,0.250980406999588,0.21960784494876862,calibrated_uv_reprojection_plus_stereo_left
-62.24966812133789,-78.1545639038086,-498.25128173828125,198.47248330856752,352.8601063282214,25.566636214554364,270.9999995259484,185.0000012899426,0.250980406999588,0.27843138575553894,0.24313725531101227,calibrated_uv_reprojection_plus_stereo_left
-61.04132080078125,-77.95499420166016,-496.9610595703125,197.10054070179672,352.2603089414205,26.5512491750859,271.99999919689407,185.00000365302918,0.2549019753932953,0.2823529541492462,0.24705882370471954,calibrated_uv_reprojection_plus_stereo_left
-59.995262145996094,-77.95943450927734,-496.971435546875,196.50731329574353,351.3462100643374,26.568910830168363,273.00000030235043,185.00000545115662,0.25882354378700256,0.27843138575553894,0.24705882370471954,calibrated_uv_reprojection_plus_stereo_left
-58.94380569458008,-77.9570083618164,-496.93798828125,195.88789337786767,350.442759597286,26.619155895886536,273.9999994348375,184.99999986701116,0.25882354378700256,0.27843138575553894,0.24705882370471954,calibrated_uv_reprojection_plus_stereo_left
-57.95182418823242,-78.0346908569336,-497.4151916503906,195.5717874694123,349.4122129051989,26.289850700214174,275.00000031232764,184.9999966407114,0.26274511218070984,0.2823529541492462,0.2549019753932953,calibrated_uv_reprojection_plus_stereo_left
-57.05738067626953,-78.24911499023438,-498.76397705078125,195.77110611276947,348.16127799867365,25.312823290314327,275.9999997651128,184.9999965140878,0.2705882489681244,0.2862745225429535,0.26274511218070984,calibrated_uv_reprojection_plus_stereo_left
-56.05896759033203,-78.32645416259766,-499.2389221191406,195.45012420584334,347.1259267287397,24.985343187103183,276.99999958197975,184.99999861640725,0.29019609093666077,0.29411765933036804,0.250980406999588,calibrated_uv_reprojection_plus_stereo_left
-55.108802795410156,-78.4755859375,-500.1714172363281,195.3980305273834,345.972306718302,24.317903261589038,278.00000167768235,185.00000224437574,0.3019607961177826,0.30588236451148987,0.26274511218070984,calibrated_uv_reprojection_plus_stereo_left
-54.25040054321289,-78.7638931274414,-501.9908447265625,195.86615431638796,344.58789281169743,22.99151771088725,278.999999818051,185.000003940527,0.3607843220233917,0.3490196168422699,0.27450981736183167,calibrated_uv_reprojection_plus_stereo_left
-53.81354522705078,-79.68806457519531,-507.862548828125,198.7123942938855,342.1510120442198,18.654439330151376,279.99999767513395,185.00000033205748,0.41960784792900085,0.40392157435417175,0.3294117748737335,calibrated_uv_reprojection_plus_stereo_left
-53.51470184326172,-80.85851287841797,-515.3033447265625,202.4650341859077,339.2846576295767,13.15219150074995,280.99999690261365,184.9999998003701,0.48627451062202454,0.46666666865348816,0.3764705955982208,calibrated_uv_reprojection_plus_stereo_left
-54.56214904785156,-84.1541976928711,-536.2869873046875,214.1296207163224,332.8464999914674,-2.410385270341351,281.99999626603784,184.99999289336,0.5843137502670288,0.5529412031173706,0.4627451002597809,calibrated_uv_reprojection_plus_stereo_left
-70.90877532958984,-79.73680114746094,-515.4017333984375,211.6714190070051,354.8395565736525,12.09770659061553,264.9999990240139,186.0000010061021,0.48627451062202454,0.4470588266849518,0.34117648005485535,calibrated_uv_reprojection_plus_stereo_left
-67.67762756347656,-77.28874206542969,-499.56024169921875,201.49313876281633,357.56215718306396,23.922902512482665,265.99999707849014,186.00000028973233,0.3176470696926117,0.30588236451148987,0.19607843458652496,calibrated_uv_reprojection_plus_stereo_left
-66.44248962402344,-77.078857421875,-498.1859130859375,200.06359310321767,356.96733192196996,24.971896591119446,267.0000001949735,185.999997272925,0.2235294133424759,0.2235294133424759,0.1568627506494522,calibrated_uv_reprojection_plus_stereo_left
-65.39071655273438,-77.07845306396484,-498.1656188964844,199.4508935992548,356.05901806400834,25.012386258859465,268.00000275010484,186.00000126169982,0.21176470816135406,0.21568627655506134,0.18039216101169586,calibrated_uv_reprojection_plus_stereo_left
-64.33482360839844,-77.07319641113281,-498.1139221191406,198.81933048346286,355.15808749197095,25.07626504962559,268.99999693564297,185.99999912055142,0.21176470816135406,0.2235294133424759,0.1921568661928177,calibrated_uv_reprojection_plus_stereo_left
-63.32631301879883,-77.12557983398438,-498.4347839355469,198.41075869348725,354.1682319402734,24.862728084864443,270.00000149168096,186.00000443144702,0.23137255012989044,0.250980406999588,0.21960784494876862,calibrated_uv_reprojection_plus_stereo_left
-62.327003479003906,-77.19123077392578,-498.84130859375,198.05249737168344,353.15645165558567,24.58545061086727,270.9999980915612,186.00000212272892,0.250980406999588,0.27450981736183167,0.239215686917305,calibrated_uv_reprojection_plus_stereo_left
-61.093833923339844,-76.96463775634766,-497.3592834472656,196.567453826901,352.6009686166326,25.714256352495568,272.0000001014139,186.00000197207066,0.2549019753932953,0.2823529541492462,0.24705882370471954,calibrated_uv_reprojection_plus_stereo_left
-60.04435729980469,-76.96568298339844,-497.3483581542969,195.96099660336682,351.6913789443763,25.747744520516164,273.0000015535608,186.00000333263068,0.25882354378700256,0.27843138575553894,0.24705882370471954,calibrated_uv_reprojection_plus_stereo_left
-58.99900817871094,-76.97225952148438,-497.3731384277344,195.37567833974424,350.77290435745954,25.754658622598413,273.99999899701277,185.99999963825223,0.26274511218070984,0.2823529541492462,0.250980406999588,calibrated_uv_reprojection_plus_stereo_left
-57.98699188232422,-77.02346801757812,-497.6863098144531,194.96106280991614,349.7826810798919,25.546913533481643,275.00000201674897,185.99999693353575,0.2666666805744171,0.2823529541492462,0.250980406999588,calibrated_uv_reprojection_plus_stereo_left
-57.01625061035156,-77.13250732421875,-498.3731384277344,194.76652368175672,348.6978316607987,25.061088025107836,275.99999961856315,185.99999749327705,0.27450981736183167,0.29019609093666077,0.25882354378700256,calibrated_uv_reprojection_plus_stereo_left
-56.07703399658203,-77.28922271728516,-499.3679504394531,194.75195405742284,347.53281399604884,24.346119345059947,277.00000256080324,185.99999782299335,0.29019609093666077,0.29411765933036804,0.250980406999588,calibrated_uv_reprojection_plus_stereo_left
-55.13405227661133,-77.44676971435547,-500.3680725097656,194.73801991551653,346.36266479941884,23.6273033012734,278.00000111891643,185.99999970443804,0.2980392277240753,0.3019607961177826,0.25882354378700256,calibrated_uv_reprojection_plus_stereo_left
-54.248451232910156,-77.69277954101562,-501.93963623046875,195.05737080973807,345.04280185386426,22.48335515735363,279.0000007929608,186.00000088475792,0.35686275362968445,0.3450980484485626,0.27450981736183167,calibrated_uv_reprojection_plus_stereo_left
-53.80952072143555,-78.60118865966797,-507.7904052734375,197.88222108859117,342.6165962759587,18.15541849402399,279.99999846875465,186.00000135963097,0.4117647111415863,0.4000000059604645,0.32549020648002625,calibrated_uv_reprojection_plus_stereo_left
-53.43334197998047,-79.6402359008789,-514.4846801757812,201.18647158431605,339.9502954424153,13.200475000454333,280.9999990060807,186.00000019119,0.48235294222831726,0.45490196347236633,0.37254902720451355,calibrated_uv_reprojection_plus_stereo_left
-54.22574234008789,-82.50049591064453,-532.9432983398438,211.3448090956055,334.1907504026234,-0.5064186057284132,281.99999930585204,186.00000000977144,0.6039215922355652,0.572549045085907,0.48627451062202454,calibrated_uv_reprojection_plus_stereo_left
-72.4504623413086,-80.35197448730469,-526.5794067382812,217.6124904519574,352.7357435216,3.199429131008742,264.99999478114034,186.99999835057935,0.49803921580314636,0.46666666865348816,0.364705890417099,calibrated_uv_reprojection_plus_stereo_left
-67.8018798828125,-76.3675537109375,-500.45037841796875,201.25465737638217,357.7962438686003,22.715846190057846,265.99999920441326,187.00000149286956,0.32156863808631897,0.32549020648002625,0.2235294133424759,calibrated_uv_reprojection_plus_stereo_left
-66.50370788574219,-76.09054565429688,-498.6176452636719,199.5508087418973,357.3051517129806,24.108238322860302,267.0000049592988,187.00000107236536,0.21960784494876862,0.2235294133424759,0.1568627506494522,calibrated_uv_reprojection_plus_stereo_left
-65.39635467529297,-76.02655792236328,-498.1808776855469,198.68795755031277,356.4936224989416,24.459340566358037,268.0000012594939,186.99999729277135,0.2078431397676468,0.21176470816135406,0.16862745583057404,calibrated_uv_reprojection_plus_stereo_left
-64.36985778808594,-76.05610656738281,-498.3570861816406,198.1927068446018,355.53883868341404,24.3532727490105,268.9999972219303,187.00000099695495,0.21568627655506134,0.2235294133424759,0.1921568661928177,calibrated_uv_reprojection_plus_stereo_left
-63.366207122802734,-76.11419677734375,-498.7202453613281,197.80853857294284,354.5387811819421,24.10782195989674,269.999999472946,186.99999803218577,0.239215686917305,0.250980406999588,0.2235294133424759,calibrated_uv_reprojection_plus_stereo_left
-62.346099853515625,-76.15424346923828,-498.9651794433594,197.35297374544103,353.56560543876475,23.9505639610677,270.99999761827286,186.9999986301745,0.250980406999588,0.2705882489681244,0.239215686917305,calibrated_uv_reprojection_plus_stereo_left
-61.1508903503418,-75.97821807861328,-497.79443359375,196.05507654750068,352.9334144110869,24.84885836525922,271.9999997317708,186.99999951212993,0.25882354378700256,0.2823529541492462,0.24705882370471954,calibrated_uv_reprojection_plus_stereo_left
-60.090877532958984,-75.96705627441406,-497.7038879394531,195.4008096422728,352.04242674856835,24.941700276147003,273.0000004457975,187.00000106998473,0.26274511218070984,0.2823529541492462,0.250980406999588,calibrated_uv_reprojection_plus_stereo_left
-59.04589080810547,-75.97493743896484,-497.73809814453125,194.8205416033419,351.1210375351169,24.941532478483623,273.9999981863464,187.00000190671483,0.26274511218070984,0.2823529541492462,0.250980406999588,calibrated_uv_reprojection_plus_stereo_left
-58.01502227783203,-76.00171661376953,-497.8960876464844,194.31324233450476,350.168796091005,24.849103198839657,274.99999787415413,187.00000003389215,0.27843138575553894,0.2862745225429535,0.2549019753932953,calibrated_uv_reprojection_plus_stereo_left
-56.97816467285156,-76.0216064453125,-498.0089416503906,193.7788536709091,349.2270730399185,24.790336703438527,275.9999979977456,186.99999953984968,0.2823529541492462,0.2862745225429535,0.25882354378700256,calibrated_uv_reprojection_plus_stereo_left
-55.9858512878418,-76.10291290283203,-498.52410888671875,193.48085515420428,348.1839075735552,24.43172496628756,277.00000043651755,186.99999970259302,0.2862745225429535,0.29019609093666077,0.250980406999588,calibrated_uv_reprojection_plus_stereo_left
-55.049861907958984,-76.2654800415039,-499.5715637207031,193.4941189646737,347.0042563063388,23.67645856634823,278.0000023361402,187.00000478280646,0.29411765933036804,0.2980392277240753,0.2549019753932953,calibrated_uv_reprojection_plus_stereo_left
-54.185394287109375,-76.53555297851562,-501.32305908203125,193.91738882683887,345.64148203373105,22.396629909249725,279.00000102351504,187.00000007814393,0.35686275362968445,0.3450980484485626,0.2862745225429535,calibrated_uv_reprojection_plus_stereo_left
-53.82223129272461,-77.5387191772461,-507.8761901855469,197.14463018532769,343.04158386841834,17.538862977313727,279.99999965011864,186.99999872391766,0.40784314274787903,0.3921568691730499,0.3333333432674408,calibrated_uv_reprojection_plus_stereo_left
-53.40155029296875,-78.498291015625,-514.143310546875,200.18902141919125,340.4913034745642,12.894886126699134,280.9999960314158,186.99999500223169,0.48235294222831726,0.43921568989753723,0.37254902720451355,calibrated_uv_reprojection_plus_stereo_left
-53.999183654785156,-81.02584838867188,-530.6795654296875,209.1993901391346,335.2483833780156,0.6001653670751352,281.99999807326594,186.9999969707276,0.6313725709915161,0.5843137502670288,0.5137255191802979,calibrated_uv_reprojection_plus_stereo_left
-72.57191467285156,-79.36646270751953,-527.43408203125,217.31055909345326,353.00405962503123,1.988512988988532,265.000002365258,187.99999807726067,0.5098039507865906,0.47843137383461,0.3803921639919281,calibrated_uv_reprojection_plus_stereo_left
-68.41009521484375,-75.98008728027344,-504.9123840332031,203.15725755153676,357.21137663333303,18.838707509620292,266.0000005249626,188.00000075653958,0.3294117748737335,0.34117648005485535,0.239215686917305,calibrated_uv_reprojection_plus_stereo_left
-67.06171417236328,-75.6608657836914,-502.7737731933594,201.26758758859597,356.78135588527215,20.461746830660616,267.00000133021587,188.00000441378552,0.21960784494876862,0.22745098173618317,0.1568627506494522,calibrated_uv_reprojection_plus_stereo_left
-66.02761840820312,-75.6917724609375,-502.9617919921875,200.77383452649588,355.816035568453,20.346851699934064,267.9999983499169,187.99999811097265,0.21176470816135406,0.21568627655506134,0.1725490242242813,calibrated_uv_reprojection_plus_stereo_left
-64.92543029785156,-75.64445495605469,-502.6300964355469,199.96946904106778,354.97212981749186,20.62011493476797,269.0000033230619,188.00000210131884,0.2235294133424759,0.22745098173618317,0.1921568661928177,calibrated_uv_reprojection_plus_stereo_left
-63.82854080200195,-75.60194396972656,-502.3302917480469,199.18481163009187,354.12174495685053,20.869537621544453,269.9999999743467,187.9999967556298,0.239215686917305,0.24313725531101227,0.21568627655506134,calibrated_uv_reprojection_plus_stereo_left
-62.772212982177734,-75.6069564819336,-502.3462829589844,198.5884195683717,353.19688072024115,20.883116653359764,270.99999955951364,187.99999469010072,0.250980406999588,0.2666666805744171,0.23529411852359772,calibrated_uv_reprojection_plus_stereo_left
-61.64657211303711,-75.5273208618164,-501.7999267578125,197.65843669029442,352.407188197624,21.31659196794891,272.0000001956813,188.0000003359492,0.26274511218070984,0.2823529541492462,0.250980406999588,calibrated_uv_reprojection_plus_stereo_left
-60.5938606262207,-75.53592681884766,-501.8398132324219,197.07660246392533,351.47716500891084,21.312311676718593,272.99999957921125,187.99999960851187,0.26274511218070984,0.2823529541492462,0.2549019753932953,calibrated_uv_reprojection_plus_stereo_left
-59.5547981262207,-75.56227111816406,-501.9975280761719,196.56416483885022,350.51805864530183,21.220071761914483,274.00000077371305,187.99999734833904,0.26274511218070984,0.27843138575553894,0.2549019753932953,calibrated_uv_reprojection_plus_stereo_left
-58.52036666870117,-75.59565734863281,-502.2020568847656,196.0788400648865,349.54671139631273,21.092900127344194,275.00000149227446,188.00000160389862,0.27450981736183167,0.2823529541492462,0.2549019753932953,calibrated_uv_reprojection_plus_stereo_left
-57.5728874206543,-75.74478912353516,-503.1754455566406,196.04513215319128,348.38375483755806,20.391817136720874,276.0000001769712,188.00000225922304,0.2862745225429535,0.29019609093666077,0.26274511218070984,calibrated_uv_reprojection_plus_stereo_left
-56.57380676269531,-75.83049011230469,-503.7273864746094,195.76162076532478,347.3223982225911,20.005419139275773,277.00000203586745,188.00000016699084,0.29019609093666077,0.29411765933036804,0.250980406999588,calibrated_uv_reprojection_plus_stereo_left
-55.60701370239258,-75.96369934082031,-504.5948791503906,195.66151107843393,346.1794458142468,19.38355918933746,278.00000228947266,188.00000021558355,0.2980392277240753,0.3019607961177826,0.25882354378700256,calibrated_uv_reprojection_plus_stereo_left
-54.66566848754883,-76.13768005371094,-505.73309326171875,195.71746289537128,344.9645264772752,18.559747286900176,278.99999767744333,187.9999953868487,0.3529411852359772,0.3450980484485626,0.29411765933036804,calibrated_uv_reprojection_plus_stereo_left
-53.78166580200195,-76.40018463134766,-507.4592590332031,196.11352288225885,343.5951230937992,17.297277525123718,279.99999930677143,187.99999712359704,0.4117647111415863,0.40392157435417175,0.3529411852359772,calibrated_uv_reprojection_plus_stereo_left
-53.24294662475586,-77.1739730834961,-512.5812377929688,198.48202730152684,341.34572136528163,13.500943809694547,281.00000236197207,188.0000047255961,0.4941176474094391,0.45098039507865906,0.38823530077934265,calibrated_uv_reprojection_plus_stereo_left
-53.71120834350586,-79.4699478149414,-527.8126220703125,206.7105776762064,336.45831351432315,2.1617659832503477,281.9999974642452,188.00000019797142,0.6352941393852234,0.5882353186607361,0.5254902243614197,calibrated_uv_reprojection_plus_stereo_left
-73.87646484375,-79.65289306640625,-536.8865966796875,222.16346165740902,351.32212470892324,-5.656533345266666,265.00000218454744,189.00000501076664,0.529411792755127,0.49803921580314636,0.4000000059604645,calibrated_uv_reprojection_plus_stereo_left
-68.47516632080078,-74.97891998291016,-505.3653259277344,202.6459814200773,357.55179708931223,17.950939606173336,265.9999981126676,188.99999627593033,0.3490196168422699,0.3607843220233917,0.25882354378700256,calibrated_uv_reprojection_plus_stereo_left
-67.03768920898438,-74.56613159179688,-502.5661315917969,200.36434762292333,357.2714681320169,20.07041669676414,267.00000281343574,189.00000261796924,0.21568627655506134,0.22745098173618317,0.14509804546833038,calibrated_uv_reprojection_plus_stereo_left
-65.97760772705078,-74.56670379638672,-502.5529479980469,199.75052240059614,356.35349970401876,20.105758681873567,268.0000023817583,188.99999795102445,0.21568627655506134,0.2235294133424759,0.16078431904315948,calibrated_uv_reprojection_plus_stereo_left
-64.90200805664062,-74.549560546875,-502.42041015625,199.06561539765534,355.4634156544468,20.230367806643187,268.9999982298785,188.99999874696874,0.21960784494876862,0.22745098173618317,0.18039216101169586,calibrated_uv_reprojection_plus_stereo_left
-63.84149169921875,-74.54956817626953,-502.4034729003906,198.44957975027813,354.5463734657302,20.268512190586648,269.9999988111699,189.00000111783604,0.239215686917305,0.24313725531101227,0.2078431397676468,calibrated_uv_reprojection_plus_stereo_left
-62.80198669433594,-74.57463836669922,-502.5553894042969,197.93356410109368,353.5890630446686,20.18038942786569,271.00000050145525,188.99999785672898,0.2549019753932953,0.2705882489681244,0.23529411852359772,calibrated_uv_reprojection_plus_stereo_left
-61.674530029296875,-74.49443817138672,-501.9979248046875,196.99754841813086,352.8011954109624,20.622738388197547,272.00000076457866,188.99999745093123,0.2666666805744171,0.2862745225429535,0.2549019753932953,calibrated_uv_reprojection_plus_stereo_left
-60.631404876708984,-74.51518249511719,-502.1206970214844,196.46427289636938,351.8508409252415,20.55640925847092,272.99999858830864,188.99999519355296,0.2666666805744171,0.2862745225429535,0.26274511218070984,calibrated_uv_reprojection_plus_stereo_left
-59.586700439453125,-74.53479766845703,-502.23590087890625,195.9261438928292,350.90173956256933,20.49575126041708,274.0000003460922,189.00000007092677,0.2666666805744171,0.2823529541492462,0.26274511218070984,calibrated_uv_reprojection_plus_stereo_left
-58.557735443115234,-74.57527923583984,-502.4916687011719,195.4702735877491,349.91759268576027,20.330022412609196,274.9999980167286,189.00000153251966,0.27843138575553894,0.2862745225429535,0.25882354378700256,calibrated_uv_reprojection_plus_stereo_left
-57.64268112182617,-74.76512908935547,-503.7538146972656,195.60402367537222,348.6836087521947,19.411989580120178,276.00000238126995,189.0000004676993,0.2862745225429535,0.29019609093666077,0.26274511218070984,calibrated_uv_reprojection_plus_stereo_left
-56.618370056152344,-74.8178482055664,-504.0919494628906,195.19373849571485,347.6749501359352,19.184801582797093,276.9999983073242,189.00000042463557,0.29019609093666077,0.29411765933036804,0.250980406999588,calibrated_uv_reprojection_plus_stereo_left
-55.619686126708984,-74.90723419189453,-504.6770935058594,194.92683689007998,346.60294163019535,18.77302126311315,278.0000024281135,188.99999995879259,0.30980393290519714,0.3137255012989044,0.2705882489681244,calibrated_uv_reprojection_plus_stereo_left
-54.66069030761719,-75.05471801757812,-505.65362548828125,194.88659940801017,345.4297570013291,18.06877353806658,278.9999985371329,189.00000187372126,0.34117648005485535,0.33725491166114807,0.2862745225429535,calibrated_uv_reprojection_plus_stereo_left
-53.86231231689453,-75.43315887451172,-508.1860046386719,195.74903926101132,343.85685095431063,16.201846107515735,279.99999867437026,189.00000108190102,0.4000000059604645,0.3960784375667572,0.34117648005485535,calibrated_uv_reprojection_plus_stereo_left
-53.30345916748047,-76.16940307617188,-513.1286010742188,198.0045250898325,341.6566354805817,12.533993352838365,280.99999793972245,188.99999841125893,0.4745098054409027,0.45098039507865906,0.38823530077934265,calibrated_uv_reprojection_plus_stereo_left
-53.428504943847656,-77.9339370727539,-524.9979248046875,204.26091838533483,337.64970791493937,3.6905596899356965,282.0000008513401,189.0000017634025,0.615686297416687,0.5882353186607361,0.5215686559677124,calibrated_uv_reprojection_plus_stereo_left
-57.14799499511719,-85.12776184082031,-573.4393310546875,231.63211720170335,324.0892898981389,-32.4787518897121,283.0000034325029,189.00000403105525,0.7411764860153198,0.6745098233222961,0.6000000238418579,calibrated_uv_reprojection_plus_stereo_left
-75.67220306396484,-80.42118835449219,-549.9075317382812,229.1220936428707,348.84989904127184,-15.99563554267877,264.99999960258674,189.999997615202,0.5607843399047852,0.5176470875740051,0.41960784792900085,calibrated_uv_reprojection_plus_stereo_left
-68.65696716308594,-74.10179138183594,-506.6796875,202.64763772752497,357.6966542236772,16.416830444791344,265.9999980839308,190.00000354143,0.3921568691730499,0.3843137323856354,0.29019609093666077,calibrated_uv_reprojection_plus_stereo_left
-67.0806884765625,-73.54574584960938,-502.86090087890625,199.76113347456953,357.6457750366004,19.303171107695732,266.9999980846513,189.99999703678532,0.22745098173618317,0.22745098173618317,0.14901961386203766,calibrated_uv_reprojection_plus_stereo_left
-65.97931671142578,-73.50096130371094,-502.53802490234375,198.9627295524274,356.79901659249333,19.570474316938544,267.9999999637193,190.0000021846297,0.21568627655506134,0.22745098173618317,0.16470588743686676,calibrated_uv_reprojection_plus_stereo_left
-64.91722869873047,-73.4992904663086,-502.5099182128906,198.33995818707024,355.88448857645295,19.616964654622905,268.9999986697321,190.00000522460124,0.21960784494876862,0.22745098173618317,0.1764705926179886,calibrated_uv_reprojection_plus_stereo_left
-63.872955322265625,-73.51818084716797,-502.6223449707031,197.80040064991988,354.93685358581695,19.558205010732536,270.0000001947891,190.00000318939703,0.24313725531101227,0.24705882370471954,0.20392157137393951,calibrated_uv_reprojection_plus_stereo_left
-62.85039138793945,-73.56322479248047,-502.9135437011719,197.36615036923337,353.94627633874717,19.36557793083375,271.0000004838052,189.99999890373806,0.25882354378700256,0.2705882489681244,0.23529411852359772,calibrated_uv_reprojection_plus_stereo_left
-61.69786071777344,-73.4551773071289,-502.158203125,196.31378269354963,353.20457743729565,19.956689260913492,271.9999972907842,190.00000208437996,0.2666666805744171,0.2862745225429535,0.2549019753932953,calibrated_uv_reprojection_plus_stereo_left
-60.66008377075195,-73.48248291015625,-502.3281555175781,195.80782976688516,352.24269929473905,19.854864369783968,273.00000026020876,190.0000008832701,0.2705882489681244,0.29019609093666077,0.26274511218070984,calibrated_uv_reprojection_plus_stereo_left
-59.616554260253906,-73.50377655029297,-502.45697021484375,195.27721421415242,351.29004211937615,19.783864604985524,273.9999988777014,189.99999591872097,0.2705882489681244,0.29019609093666077,0.26274511218070984,calibrated_uv_reprojection_plus_stereo_left
-58.594627380371094,-73.55306243896484,-502.7771911621094,194.8583986780411,350.2899852987613,19.5695691827201,274.99999876508446,190.00000117919188,0.2823529541492462,0.29019609093666077,0.2549019753932953,calibrated_uv_reprojection_plus_stereo_left
-57.62629318237305,-73.67280578613281,-503.5789489746094,194.72044004764064,349.1700105545764,18.994808001402248,275.9999996152016,190.00000090711973,0.2862745225429535,0.29019609093666077,0.2549019753932953,calibrated_uv_reprojection_plus_stereo_left
-56.62236785888672,-73.75081634521484,-504.09539794921875,194.41388026581,348.1177454268178,18.633715833059,277.00000274816335,190.0000000243455,0.29411765933036804,0.29411765933036804,0.2549019753932953,calibrated_uv_reprojection_plus_stereo_left
-55.63021469116211,-73.8475570678711,-504.73980712890625,194.18054069479507,347.0314647629184,18.176896206590584,277.99999860979506,189.99999618753935,0.3176470696926117,0.3176470696926117,0.27450981736183167,calibrated_uv_reprojection_plus_stereo_left
-54.645050048828125,-73.9576644897461,-505.4755554199219,193.9986517203513,345.919675156828,17.65177623619411,279.0000007348227,189.99999615904852,0.3529411852359772,0.33725491166114807,0.2823529541492462,calibrated_uv_reprojection_plus_stereo_left
-53.867210388183594,-74.35847473144531,-508.19805908203125,194.96762327456958,344.30113035104495,15.639741413142247,280.0000018423937,189.99999855219767,0.40392157435417175,0.38823530077934265,0.3333333432674408,calibrated_uv_reprojection_plus_stereo_left
-53.28628158569336,-75.05306243896484,-512.9281005859375,197.0922922709035,342.15957763604985,12.125542693305647,280.99999820871795,189.99999899953463,0.47843137383461,0.4470588266849518,0.38823530077934265,calibrated_uv_reprojection_plus_stereo_left
-53.32059097290039,-76.66119384765625,-523.9010009765625,202.8124974746566,338.3941533781219,3.939975116855237,282.00000326514,190.00000449956556,0.6235294342041016,0.5882353186607361,0.5254902243614197,calibrated_uv_reprojection_plus_stereo_left
-56.1256217956543,-82.40576171875,-563.1404418945312,224.80410287271616,327.26309057674405,-25.396328636492,282.99999992657433,189.9999965519904,0.7372549176216125,0.6666666865348816,0.5921568870544434,calibrated_uv_reprojection_plus_stereo_left
-77.00262451171875,-80.64682006835938,-559.5458374023438,234.02173134897657,347.1625166957334,-23.82507808187887,264.9999996409211,191.00000088130412,0.5843137502670288,0.529411792755127,0.43529412150382996,calibrated_uv_reprojection_plus_stereo_left
-68.95281219482422,-73.34037780761719,-508.83551025390625,203.1463510533763,357.65274443778014,14.248555174010562,266.00000023140876,191.00000255671864,0.4117647111415863,0.3921568691730499,0.3019607961177826,calibrated_uv_reprojection_plus_stereo_left
-67.17081451416016,-72.57501220703125,-503.50897216796875,199.36696640287113,357.939726806074,18.27022544188594,267.00000281637534,191.00000131032834,0.239215686917305,0.23529411852359772,0.1568627506494522,calibrated_uv_reprojection_plus_stereo_left
-65.9781265258789,-72.43209838867188,-502.5010681152344,198.16190485988653,357.2495893579285,19.05174717349621,268.0000031828816,191.00000012940285,0.22745098173618317,0.23529411852359772,0.16862745583057404,calibrated_uv_reprojection_plus_stereo_left
-64.92766571044922,-72.44329833984375,-502.5624084472656,197.5921046315558,356.3143292851413,19.03113019661265,269.0000014763918,191.0000049724901,0.22745098173618317,0.23137255012989044,0.18431372940540314,calibrated_uv_reprojection_plus_stereo_left
-63.89138412475586,-72.4710693359375,-502.7386169433594,197.08992906048957,355.35177348058846,18.924372723479962,270.0000005589614,190.99999894108015,0.24313725531101227,0.24705882370471954,0.21568627655506134,calibrated_uv_reprojection_plus_stereo_left
-62.86701583862305,-72.51361846923828,-503.0173645019531,196.6476820105675,354.3642107982462,18.740730096882885,270.99999945581357,190.9999982030446,0.2666666805744171,0.27450981736183167,0.24313725531101227,calibrated_uv_reprojection_plus_stereo_left
-61.7277946472168,-72.42298126220703,-502.37225341796875,195.66114517828942,353.59543768925477,19.24996120781549,271.9999996874712,191.00000124583957,0.27450981736183167,0.2862745225429535,0.2549019753932953,calibrated_uv_reprojection_plus_stereo_left
-60.68011474609375,-72.43856811523438,-502.4639587402344,195.10867045260352,352.65211858829366,19.20659868996171,272.99999955353854,190.99999922277522,0.27450981736183167,0.29019609093666077,0.25882354378700256,calibrated_uv_reprojection_plus_stereo_left
-59.65076446533203,-72.47708892822266,-502.7147521972656,194.64909013028597,351.6698655720077,19.043956292576524,274.0000003425253,191.00000022782348,0.27450981736183167,0.29411765933036804,0.26274511218070984,calibrated_uv_reprojection_plus_stereo_left
-58.61589813232422,-72.51029205322266,-502.92864990234375,194.16724004492846,350.695541976801,18.909006809702873,274.9999998322341,191.0000020927269,0.2823529541492462,0.29019609093666077,0.2549019753932953,calibrated_uv_reprojection_plus_stereo_left
-57.59529113769531,-72.56280517578125,-503.27642822265625,193.76290291147217,349.6874359253838,18.673709086710687,275.9999993981339,190.99999962875674,0.2862745225429535,0.29019609093666077,0.2549019753932953,calibrated_uv_reprojection_plus_stereo_left
-56.58039093017578,-72.6247329711914,-503.68951416015625,193.3956561151508,348.66176691842674,18.38948705518436,277.00000133260244,191.00000221044382,0.29019609093666077,0.29411765933036804,0.250980406999588,calibrated_uv_reprojection_plus_stereo_left
-55.581058502197266,-72.70951843261719,-504.26104736328125,193.1193975789961,347.59497760241294,17.986535335337805,277.9999976238048,190.99999834070206,0.30980393290519714,0.30980393290519714,0.2666666805744171,calibrated_uv_reprojection_plus_stereo_left
-54.615875244140625,-72.8432846069336,-505.17230224609375,193.03864639516837,346.4407050024952,17.328987286238146,279.0000011855352,191.00000494483237,0.35686275362968445,0.34117648005485535,0.2862745225429535,calibrated_uv_reprojection_plus_stereo_left
-53.88184356689453,-73.29695892333984,-508.3019104003906,194.23927815109653,344.7222395296568,15.008795798921767,280.0000012100657,190.99999899076687,0.4000000059604645,0.38823530077934265,0.3294117748737335,calibrated_uv_reprojection_plus_stereo_left
-53.23750686645508,-73.89370727539062,-512.4235229492188,196.00508046280328,342.7395866257796,11.945423823828548,281.0000009492567,190.9999997296752,0.48627451062202454,0.4470588266849518,0.3843137323856354,calibrated_uv_reprojection_plus_stereo_left
-53.21791458129883,-75.40052795410156,-522.8555908203125,201.39717123781537,339.12346607612506,4.1531723940104825,281.99999668064964,190.9999930301306,0.6274510025978088,0.5843137502670288,0.5215686559677124,calibrated_uv_reprojection_plus_stereo_left
-55.274967193603516,-79.97604370117188,-554.56591796875,218.99958523071405,329.9734189494488,-19.58372110637316,283.0000025183532,191.00000580564847,0.729411780834198,0.6549019813537598,0.5803921818733215,calibrated_uv_reprojection_plus_stereo_left
-76.67411041259766,-79.11965942382812,-557.1289672851562,231.71612051268323,348.1968976324308,-22.617385961290097,264.99999962829116,192.00000051812987,0.6000000238418579,0.5333333611488342,0.43921568989753723,calibrated_uv_reprojection_plus_stereo_left
-69.7367935180664,-73.08133697509766,-514.5930786132812,205.77782719204254,356.79791767780216,9.369462593428523,266.0000003818854,192.00000244836804,0.43529412150382996,0.40392157435417175,0.30980393290519714,calibrated_uv_reprojection_plus_stereo_left
-67.58984375,-71.9516372680664,-506.6222229003906,200.43214423689238,357.67268662930513,15.383811755075158,267.00000054153793,192.00000038613157,0.24705882370471954,0.23529411852359772,0.14901961386203766,calibrated_uv_reprojection_plus_stereo_left
-66.64772033691406,-72.08891296386719,-507.57257080078125,200.38331558363222,356.5258538960036,14.695436642191225,267.9999977956124,192.00000074143804,0.22745098173618317,0.239215686917305,0.16078431904315948,calibrated_uv_reprojection_plus_stereo_left
-65.48805236816406,-71.99163818359375,-506.8714599609375,199.357096220102,355.7580283263786,15.247711927049977,269.00000527859254,192.00000162100895,0.22745098173618317,0.23529411852359772,0.1764705926179886,calibrated_uv_reprojection_plus_stereo_left
-64.30366516113281,-71.86360168457031,-505.95379638671875,198.2048957286715,355.04321283916715,15.962581571698763,270.00000272376934,192.00000008579525,0.24705882370471954,0.250980406999588,0.21176470816135406,calibrated_uv_reprojection_plus_stereo_left
-63.23453903198242,-71.8623275756836,-505.92864990234375,197.57959290403875,354.12155826444734,16.00700561814773,270.99999804937846,192.00000147441006,0.26274511218070984,0.2705882489681244,0.239215686917305,calibrated_uv_reprojection_plus_stereo_left
-61.941165924072266,-71.6019058227539,-504.0790710449219,195.88374197941596,353.63260114902886,17.42164258185187,271.99999909752296,191.99999940843975,0.2705882489681244,0.2862745225429535,0.2549019753932953,calibrated_uv_reprojection_plus_stereo_left
-60.87781524658203,-71.60303497314453,-504.07086181640625,195.2704970837616,352.71014141125426,17.453260443722456,272.9999994560399,191.99999576550715,0.27450981736183167,0.29411765933036804,0.26274511218070984,calibrated_uv_reprojection_plus_stereo_left
-59.8394889831543,-71.63426208496094,-504.27459716796875,194.78102312308192,351.7365259319592,17.325720190033394,274.0000000010664,192.00000140061144,0.27450981736183167,0.29411765933036804,0.26274511218070984,calibrated_uv_reprojection_plus_stereo_left
-58.80473327636719,-71.67108917236328,-504.5177001953125,194.31392705353556,350.7524679039075,17.168646554081818,274.9999992340398,192.0000021042518,0.2823529541492462,0.29019609093666077,0.26274511218070984,calibrated_uv_reprojection_plus_stereo_left
-57.89436340332031,-71.8637924194336,-505.8580322265625,194.4846664887608,349.49906430443536,16.18776633904315,276.00000228039823,192.0000048932195,0.2862745225429535,0.29019609093666077,0.26274511218070984,calibrated_uv_reprojection_plus_stereo_left
-56.87819290161133,-71.93006134033203,-506.30828857421875,194.1351879785587,348.4598913079517,15.875279218745618,277.00000232480016,192.00000379456668,0.2862745225429535,0.29019609093666077,0.250980406999588,calibrated_uv_reprojection_plus_stereo_left
-55.864097595214844,-72.00166320800781,-506.7960510253906,193.8062657129375,347.40961737297783,15.53468442309935,278.00000122675544,192.0000027646996,0.2980392277240753,0.3019607961177826,0.25882354378700256,calibrated_uv_reprojection_plus_stereo_left
-54.909664154052734,-72.15458679199219,-507.85614013671875,193.80705904007988,346.21430680987174,14.764510057529776,278.9999995278055,191.9999993376013,0.3529411852359772,0.33725491166114807,0.29019609093666077,calibrated_uv_reprojection_plus_stereo_left
-53.86525344848633,-72.1931381225586,-508.1112060546875,193.34061153853918,345.21773029633505,14.59871891569685,279.99999941924546,191.99999912734424,0.3960784375667572,0.3803921639919281,0.3333333432674408,calibrated_uv_reprojection_plus_stereo_left
-53.25239181518555,-72.82353973388672,-512.5316772460938,195.27229886616414,343.1632566773585,11.30649423531355,281.00000041153095,191.99999694159794,0.4745098054409027,0.43529412150382996,0.37254902720451355,calibrated_uv_reprojection_plus_stereo_left
-53.46775817871094,-74.6363754272461,-525.2736206054688,201.97545320620856,338.9658651198472,1.7692172556855894,281.99999903071773,192.0000024564084,0.6196078658103943,0.5764706134796143,0.5137255191802979,calibrated_uv_reprojection_plus_stereo_left
-55.83191680908203,-79.58939361572266,-560.1138305664062,221.3206109800688,329.0337336798332,-24.351013633203934,282.99999899330925,191.999997018785,0.7254902124404907,0.6509804129600525,0.572549045085907,calibrated_uv_reprojection_plus_stereo_left
-77.44612121582031,-78.72139739990234,-562.7085571289062,234.16517818291243,347.43990909092696,-27.421571047974567,264.99999976715844,192.99999696610115,0.6078431606292725,0.545098066329956,0.45490196347236633,calibrated_uv_reprojection_plus_stereo_left
-69.97789764404297,-72.23741912841797,-516.3442993164062,206.01786587593364,356.85594157404427,7.492311838069895,265.99999932738444,193.00000330499896,0.46666666865348816,0.42352941632270813,0.33725491166114807,calibrated_uv_reprojection_plus_stereo_left
-67.53364562988281,-70.81669616699219,-506.17327880859375,199.3815121643778,358.22029058005364,15.170718499195061,267.0000028005068,193.0000018823664,0.25882354378700256,0.239215686917305,0.1568627506494522,calibrated_uv_reprojection_plus_stereo_left
-66.52159118652344,-70.8763656616211,-506.5838623046875,199.01321061859124,357.198741375165,14.887326295968649,267.9999980297402,192.99999608988657,0.23137255012989044,0.239215686917305,0.1568627506494522,calibrated_uv_reprojection_plus_stereo_left
-65.41644287109375,-70.83727264404297,-506.28863525390625,198.22820552885696,356.33846052643685,15.134934442765314,269.0000000839607,193.00000253468477,0.22745098173618317,0.23137255012989044,0.1725490242242813,calibrated_uv_reprojection_plus_stereo_left
-64.32170867919922,-70.80845642089844,-506.0668029785156,197.48695832193044,355.46204483721465,15.327312460532369,269.999999580748,192.99999991433097,0.24313725531101227,0.24705882370471954,0.20392157137393951,calibrated_uv_reprojection_plus_stereo_left
-63.268836975097656,-70.82563781738281,-506.1737060546875,196.9389325676549,354.5092172548335,15.272407364441449,271.0000003866006,192.9999959852306,0.25882354378700256,0.2666666805744171,0.2235294133424759,calibrated_uv_reprojection_plus_stereo_left
-61.99262619018555,-70.58919525146484,-504.4681396484375,195.32986377437567,353.9841828187342,16.580708201356856,271.99999985698076,193.00000146604435,0.2705882489681244,0.27843138575553894,0.239215686917305,calibrated_uv_reprojection_plus_stereo_left
-60.93525695800781,-70.59814453125,-504.51629638671875,194.74901307296074,353.04760880018654,16.56991918485403,272.99999977738264,193.00000332651666,0.2823529541492462,0.29019609093666077,0.25882354378700256,calibrated_uv_reprojection_plus_stereo_left
-59.88139343261719,-70.61166381835938,-504.5970764160156,194.18696875275003,352.10288571662636,16.534607620826534,274.0000018368478,193.00000139583426,0.2823529541492462,0.29019609093666077,0.26274511218070984,calibrated_uv_reprojection_plus_stereo_left
-58.849124908447266,-70.65170288085938,-504.86737060546875,193.73485943432172,351.11190396495164,16.35679790552348,274.99999858219354,193.00000141110013,0.2862745225429535,0.29019609093666077,0.2549019753932953,calibrated_uv_reprojection_plus_stereo_left
-57.990543365478516,-70.90571594238281,-506.6665954589844,194.1693752125209,349.74725130040906,15.029389013658943,276.00000136622305,192.99999741095797,0.2862745225429535,0.29019609093666077,0.2549019753932953,calibrated_uv_reprojection_plus_stereo_left
-56.95448684692383,-70.94830322265625,-506.9550476074219,193.72444068044933,348.74674298354137,14.838063658043666,277.0000006411342,193.0000021930117,0.2862745225429535,0.29019609093666077,0.24705882370471954,calibrated_uv_reprojection_plus_stereo_left
-55.90897750854492,-70.98064422607422,-507.17022705078125,193.23637304129034,347.7631577059906,14.701861900529593,277.9999974572488,193.0000016731313,0.2980392277240753,0.3019607961177826,0.25882354378700256,calibrated_uv_reprojection_plus_stereo_left
-54.92039489746094,-71.08806610107422,-507.9218444824219,193.0570852194749,346.64497609595486,14.16240868463808,279.00000157271677,193.00000163532218,0.3490196168422699,0.3294117748737335,0.27450981736183167,calibrated_uv_reprojection_plus_stereo_left
-53.956844329833984,-71.23294067382812,-508.94097900390625,193.02986313107863,345.456750110706,13.421939470443817,280.00000244891714,192.99999857578013,0.4000000059604645,0.3803921639919281,0.32549020648002625,calibrated_uv_reprojection_plus_stereo_left
-53.372779846191406,-71.89500427246094,-513.6551513671875,195.12231094657966,343.3304215757539,9.904135607468447,280.99999819587464,193.00000042804825,0.47058823704719543,0.42352941632270813,0.3607843220233917,calibrated_uv_reprojection_plus_stereo_left
-53.32733154296875,-73.32530212402344,-523.8574829101562,200.34873295009743,339.7889685840762,2.2618221589505083,281.99999802938504,192.99999797349545,0.6235294342041016,0.5764706134796143,0.5137255191802979,calibrated_uv_reprojection_plus_stereo_left
-55.05757522583008,-77.30975341796875,-552.3062133789062,215.9860074434103,331.5295948476713,-19.09283306440551,282.99999676347664,192.99999477335933,0.7058823704719543,0.6352941393852234,0.5607843399047852,calibrated_uv_reprojection_plus_stereo_left
-78.1956787109375,-78.27693939208984,-568.1244506835938,236.4999926850694,346.7291839760996,-32.114548144071364,265.00000357188173,194.0000048923645,0.6117647290229797,0.5490196347236633,0.45490196347236633,calibrated_uv_reprojection_plus_stereo_left
-70.55646514892578,-71.7291259765625,-520.585205078125,207.7236422842572,356.3582626885419,3.7353454390774914,265.99999527969715,193.99999669650282,0.4941176474094391,0.4470588266849518,0.35686275362968445,calibrated_uv_reprojection_plus_stereo_left
-67.50883483886719,-69.71605682373047,-505.9595642089844,198.47098306850103,358.7138896892601,14.78135982155942,266.9999977291129,193.9999998427831,0.27843138575553894,0.2549019753932953,0.16862745583057404,calibrated_uv_reprojection_plus_stereo_left
-66.49506378173828,-69.77251434326172,-506.353759765625,198.092586999329,357.6968508023201,14.509814506725206,268.00000302184884,193.9999970256384,0.23529411852359772,0.24313725531101227,0.16078431904315948,calibrated_uv_reprojection_plus_stereo_left
-65.43247985839844,-69.77884674072266,-506.38421630859375,197.49952930210617,356.7618752909476,14.512335642545679,268.99999987525956,193.99999996155202,0.22745098173618317,0.23137255012989044,0.1725490242242813,calibrated_uv_reprojection_plus_stereo_left
-64.37493896484375,-69.79096984863281,-506.4566650390625,196.93091621432615,355.8169094641361,14.483232493624087,270.0000016932053,193.99999963768806,0.24313725531101227,0.24705882370471954,0.20392157137393951,calibrated_uv_reprojection_plus_stereo_left
-63.33177185058594,-69.81945037841797,-506.6477966308594,196.43145385705816,354.8438164580825,14.364742037816825,270.9999993137702,193.99999819027317,0.26274511218070984,0.2666666805744171,0.22745098173618317,calibrated_uv_reprojection_plus_stereo_left
-62.0392951965332,-69.56945037841797,-504.81817626953125,194.75199158619398,354.3456419783837,15.768322572814554,272.00000071960756,193.99999750654214,0.27843138575553894,0.2823529541492462,0.250980406999588,calibrated_uv_reprojection_plus_stereo_left
-60.97418975830078,-69.57023620605469,-504.8084411621094,194.13685830886055,353.42223403872356,15.80105720366987,273.0000000867831,194.000003139348,0.2862745225429535,0.29019609093666077,0.25882354378700256,calibrated_uv_reprojection_plus_stereo_left
-59.91315841674805,-69.5759048461914,-504.83404541015625,193.5422062585477,352.49026687602367,15.807186569655585,273.99999980639643,193.99999742787338,0.2862745225429535,0.29019609093666077,0.26274511218070984,calibrated_uv_reprojection_plus_stereo_left
-58.88772201538086,-69.62397003173828,-505.16729736328125,193.1258460187115,351.4839440113872,15.581643193242769,274.999998813113,193.99999649069744,0.2862745225429535,0.29019609093666077,0.25882354378700256,calibrated_uv_reprojection_plus_stereo_left
-57.97431945800781,-69.80882263183594,-506.4930419921875,193.2830703043636,350.23530695934846,14.608778331423025,276.000000762005,194.00000379010893,0.2862745225429535,0.29019609093666077,0.25882354378700256,calibrated_uv_reprojection_plus_stereo_left
-56.95431900024414,-69.86997985839844,-506.9211730957031,192.9185253908293,349.201228552842,14.31192191384099,276.99999860385304,193.9999989588286,0.29411765933036804,0.2980392277240753,0.250980406999588,calibrated_uv_reprojection_plus_stereo_left
-55.924583435058594,-69.92143249511719,-507.2789001464844,192.51226459145363,348.1827855656471,14.068118091849328,278.00000229777004,193.99999815202824,0.3019607961177826,0.30588236451148987,0.2549019753932953,calibrated_uv_reprojection_plus_stereo_left
-54.877689361572266,-69.95313262939453,-507.49334716796875,192.02262938971995,347.1984700659932,13.932220205899398,279.0000006944788,194.00000297435128,0.3490196168422699,0.3294117748737335,0.2666666805744171,calibrated_uv_reprojection_plus_stereo_left
-53.93965148925781,-70.12776184082031,-508.74456787109375,192.12750256012623,345.95390604951547,13.015865103530302,280.00000027277747,193.99999557505072,0.40392157435417175,0.3803921639919281,0.3176470696926117,calibrated_uv_reprojection_plus_stereo_left
-53.37001419067383,-70.79830932617188,-513.5933837890625,194.28992381479225,343.7981905494031,9.391520981268798,281.00000099402206,194.00000428905878,0.47058823704719543,0.41960784792900085,0.35686275362968445,calibrated_uv_reprojection_plus_stereo_left
-53.2991828918457,-72.17227172851562,-523.54443359375,199.35689907899604,340.3296351516344,1.9271985431624898,281.999998235578,193.99999979487382,0.6196078658103943,0.5686274766921997,0.5058823823928833,calibrated_uv_reprojection_plus_stereo_left
-54.54461669921875,-75.4247817993164,-547.1216430664062,212.1717365054862,333.3411935157576,-15.79191383209826,283.00000119285363,193.99999920092395,0.686274528503418,0.6196078658103943,0.545098066329956,calibrated_uv_reprojection_plus_stereo_left
-79.0008773803711,-77.86431121826172,-573.9439086914062,239.0563587301724,345.9385143882934,-37.123851053222836,264.999996678258,194.9999996117865,0.615686297416687,0.5568627715110779,0.45490196347236633,calibrated_uv_reprojection_plus_stereo_left
-71.31549835205078,-71.38343811035156,-526.1571655273438,210.20071217897163,355.5704761492712,-1.0352691440251078,265.99999858564297,195.0000035924488,0.4901960790157318,0.45490196347236633,0.3607843220233917,calibrated_uv_reprojection_plus_stereo_left
-67.52842712402344,-68.66146087646484,-506.07867431640625,197.75685246927884,359.1320993673041,14.141325326631886,266.9999966004371,194.99999993318903,0.29411765933036804,0.27843138575553894,0.1921568661928177,calibrated_uv_reprojection_plus_stereo_left
-66.4547348022461,-68.65535736083984,-506.0185546875,197.11097585724667,358.21844969830573,14.212092586079962,268.0000036190599,195.00000281710868,0.24313725531101227,0.250980406999588,0.1764705926179886,calibrated_uv_reprojection_plus_stereo_left
-65.41857147216797,-68.68856048583984,-506.2480773925781,196.63481659246884,357.238539294733,14.064341520162372,269.0000028699323,194.99999851753486,0.23137255012989044,0.23529411852359772,0.1764705926179886,calibrated_uv_reprojection_plus_stereo_left
-64.39215850830078,-68.73336791992188,-506.56317138671875,196.20802418815032,356.2378941033178,13.852058142670955,270.00000145597,195.00000230398655,0.239215686917305,0.24313725531101227,0.20000000298023224,calibrated_uv_reprojection_plus_stereo_left
-63.35295104980469,-68.76591491699219,-506.7878112792969,195.7276236669813,355.25700183683523,13.708049317052598,270.99999838166593,194.9999964031763,0.25882354378700256,0.26274511218070984,0.22745098173618317,calibrated_uv_reprojection_plus_stereo_left
-62.100215911865234,-68.56392669677734,-505.28411865234375,194.24048743709767,354.6805419331199,14.867735536923533,272.00000011963436,195.00000293806153,0.27843138575553894,0.2823529541492462,0.2549019753932953,calibrated_uv_reprojection_plus_stereo_left
-61.023162841796875,-68.55235290527344,-505.1836853027344,193.57205901244083,353.7777336736895,14.968874905070493,273.0000021744607,195.00000290710568,0.2862745225429535,0.29019609093666077,0.2666666805744171,calibrated_uv_reprojection_plus_stereo_left
-59.96403884887695,-68.56097412109375,-505.2320861816406,192.9900601786452,352.8396999937638,14.957756959983215,274.00000251557594,195.0000043495848,0.2862745225429535,0.2862745225429535,0.2666666805744171,calibrated_uv_reprojection_plus_stereo_left
-58.900272369384766,-68.56462097167969,-505.2437744140625,192.38662081655895,351.91016116926914,14.974337977550647,275.0000007742454,194.99999919115902,0.2862745225429535,0.29019609093666077,0.2549019753932953,calibrated_uv_reprojection_plus_stereo_left
-57.96687316894531,-68.72306823730469,-506.39617919921875,192.44157404690264,350.7045088185121,14.130711222122784,275.9999988806045,195.00000032314568,0.2862745225429535,0.29019609093666077,0.250980406999588,calibrated_uv_reprojection_plus_stereo_left
-56.90959548950195,-68.73796844482422,-506.4908142089844,191.8842896775933,349.75229388426226,14.08480940152981,277.00000222247434,195.0000037154913,0.2980392277240753,0.3019607961177826,0.250980406999588,calibrated_uv_reprojection_plus_stereo_left
-55.86808776855469,-68.7729721069336,-506.7335205078125,191.4118134210717,348.76323219815475,13.927279092426147,278.0000005784723,195.0000011305758,0.30588236451148987,0.30980393290519714,0.2549019753932953,calibrated_uv_reprojection_plus_stereo_left
-54.838809967041016,-68.82481384277344,-507.10028076171875,191.00982189315096,347.74244849737266,13.676246653659518,278.9999991925502,194.99999957396483,0.3490196168422699,0.3294117748737335,0.26274511218070984,calibrated_uv_reprojection_plus_stereo_left
-53.931217193603516,-69.03460693359375,-508.63079833984375,191.27304068872508,346.4301280215886,12.547902508641641,279.99999940361226,195.00000219797317,0.40392157435417175,0.3803921639919281,0.30980393290519714,calibrated_uv_reprojection_plus_stereo_left
-53.27288818359375,-69.57862854003906,-512.6235961914062,192.9390303992775,344.4938331035959,9.563545482774714,281.0000002750169,194.99999616054532,0.46666666865348816,0.4156862795352936,0.34117648005485535,calibrated_uv_reprojection_plus_stereo_left
-53.26438903808594,-71.01170349121094,-523.1661987304688,198.32886445874794,340.8862396381894,1.6423846115725382,282.0000022135141,195.00000297709653,0.6078431606292725,0.5607843399047852,0.48235294222831726,calibrated_uv_reprojection_plus_stereo_left
-54.272953033447266,-73.89037322998047,-544.35791015625,209.75058543803124,334.5269780648663,-14.304401116808947,282.9999980355705,194.99999747492998,0.6745098233222961,0.6117647290229797,0.5176470875740051,calibrated_uv_reprojection_plus_stereo_left
-79.53713989257812,-76.00154876708984,-569.1061401367188,236.00381747571583,348.55402572745385,-34.12028881588208,263.9999997489226,195.99999735426917,0.6431372761726379,0.572549045085907,0.46666666865348816,calibrated_uv_reprojection_plus_stereo_left
-77.63081359863281,-75.3165512084961,-563.9603271484375,232.28648583003218,348.64819092987807,-30.20290166602598,265.0000002237623,195.99999582236637,0.6196078658103943,0.5607843399047852,0.45098039507865906,calibrated_uv_reprojection_plus_stereo_left
-72.41117858886719,-71.34577941894531,-534.212158203125,214.1200459996736,354.23956304831955,-7.694393975318917,266.00000508418157,196.00000219190187,0.5176470875740051,0.48627451062202454,0.37254902720451355,calibrated_uv_reprojection_plus_stereo_left
-67.98052215576172,-68.03923034667969,-509.43896484375,198.94361263247794,358.82282491152574,11.051875462770738,267.00000338374326,195.9999990709158,0.3137255012989044,0.2980392277240753,0.20392157137393951,calibrated_uv_reprojection_plus_stereo_left
-67.13990020751953,-68.27739715576172,-511.2073059082031,199.3640855312716,357.48913703349587,9.741277278978771,267.9999993649307,196.000002325327,0.23529411852359772,0.24313725531101227,0.16862745583057404,calibrated_uv_reprojection_plus_stereo_left
-66.0533676147461,-68.26930236816406,-511.1317138671875,198.70299948405295,356.56956323614037,9.824020868404205,269.0000033404152,195.99999709693088,0.23137255012989044,0.239215686917305,0.1725490242242813,calibrated_uv_reprojection_plus_stereo_left
-64.91645050048828,-68.20809173583984,-510.65850830078125,197.8102005611425,355.74158850407326,10.207148085293852,270.00000243811616,195.99999810479477,0.239215686917305,0.24705882370471954,0.1921568661928177,calibrated_uv_reprojection_plus_stereo_left
-63.856964111328125,-68.22765350341797,-510.7900085449219,197.2702551504214,354.77500871737686,10.133417843133657,271.0000003994966,195.99999583037396,0.26274511218070984,0.2705882489681244,0.23137255012989044,calibrated_uv_reprojection_plus_stereo_left
-62.475555419921875,-67.89813232421875,-508.30816650390625,195.21268182262872,354.4184862757329,12.033781349031415,272.0000010924475,195.99999597694708,0.2823529541492462,0.2862745225429535,0.25882354378700256,calibrated_uv_reprojection_plus_stereo_left
-61.40513610839844,-67.90108489990234,-508.3154296875,194.6030892225512,353.4847137532776,12.053791550081314,272.99999856706864,195.99999924402448,0.2862745225429535,0.29019609093666077,0.26274511218070984,calibrated_uv_reprojection_plus_stereo_left
-60.36878204345703,-67.9426040649414,-508.6113586425781,194.16027901893654,352.48225366185557,11.855784335702651,274.0000008421239,195.99999791635065,0.2862745225429535,0.29019609093666077,0.26274511218070984,calibrated_uv_reprojection_plus_stereo_left
-59.334381103515625,-67.98796844482422,-508.93609619140625,193.73328006670016,351.4716826905099,11.636050325069391,274.99999944888077,196.00000205141242,0.2862745225429535,0.29019609093666077,0.250980406999588,calibrated_uv_reprojection_plus_stereo_left
-58.37935256958008,-68.12775421142578,-509.9675598144531,193.71229347176632,350.2894457799841,10.882647504455917,275.9999979518526,196.0000012052244,0.29019609093666077,0.29411765933036804,0.250980406999588,calibrated_uv_reprojection_plus_stereo_left
-57.33094024658203,-68.1618881225586,-510.2081604003906,193.234345821472,349.2953420116677,10.726557350875623,277.00000009071834,196.0000039708117,0.2980392277240753,0.3019607961177826,0.250980406999588,calibrated_uv_reprojection_plus_stereo_left
-56.309513092041016,-68.23015594482422,-510.70416259765625,192.90215827293912,348.237718888616,10.377650829839865,278.0000001158598,195.99999744921007,0.3019607961177826,0.30980393290519714,0.2549019753932953,calibrated_uv_reprojection_plus_stereo_left
-55.32549285888672,-68.347412109375,-511.56689453125,192.77847884434465,347.08773310124207,9.751898502173105,278.999999694723,196.0000024085855,0.3490196168422699,0.3294117748737335,0.25882354378700256,calibrated_uv_reprojection_plus_stereo_left
-54.82898712158203,-69.083740234375,-517.06298828125,195.29781012875037,344.78371163915074,5.628133431041249,279.99999998107097,195.99999739523574,0.4000000059604645,0.3764705955982208,0.30588236451148987,calibrated_uv_reprojection_plus_stereo_left
-54.155338287353516,-69.62239837646484,-521.0794067382812,196.9607918203239,342.82957157607865,2.6219738997473883,281.00000377789104,196.00000250845085,0.4627451002597809,0.4156862795352936,0.3333333432674408,calibrated_uv_reprojection_plus_stereo_left
-53.724769592285156,-70.5025405883789,-527.6512451171875,200.066684023251,340.2165058552272,-2.312815941650399,282.0000001019349,196.00000045109488,0.6196078658103943,0.5686274766921997,0.48627451062202454,calibrated_uv_reprojection_plus_stereo_left
-54.83436965942383,-73.48413848876953,-549.9498291015625,212.07792019105926,333.5866979173243,-19.117994788563863,282.9999996463007,195.99999781961088,0.6745098233222961,0.6078431606292725,0.5176470875740051,calibrated_uv_reprojection_plus_stereo_left
-56.28342819213867,-77.05979919433594,-576.6929931640625,226.5510152448603,325.73835206622584,-39.275624150951614,284.0000010443811,196.0000060035236,0.529411792755127,0.4588235318660736,0.364705890417099,calibrated_uv_reprojection_plus_stereo_left
-81.52325439453125,-75.52165222167969,-574.6331176757812,239.06852843535842,348.9011202083675,-38.9509475259793,262.99999736515394,196.9999994488448,0.686274528503418,0.6039215922355652,0.48235294222831726,calibrated_uv_reprojection_plus_stereo_left
-79.7330551147461,-74.97769165039062,-570.4779663085938,235.92949855260656,348.75529830685207,-35.77728860955506,264.00000059919347,197.00000025940503,0.6470588445663452,0.5764706134796143,0.47843137383461,calibrated_uv_reprojection_plus_stereo_left
-77.96969604492188,-74.44279479980469,-566.3919677734375,232.8410222047895,348.6093314530609,-32.65637485294292,264.99999597089237,196.99999646980675,0.6117647290229797,0.5568627715110779,0.4588235318660736,calibrated_uv_reprojection_plus_stereo_left
-73.38654327392578,-71.1572265625,-541.3786010742188,217.4934922202895,353.11992091332627,-13.698612777337303,265.9999993407587,197.00000003442767,0.5215686559677124,0.501960813999176,0.40392157435417175,calibrated_uv_reprojection_plus_stereo_left
-68.04393768310547,-67.01986694335938,-509.88623046875,198.4156854111198,359.17093474610067,10.1594589070329,266.9999986736578,197.0000028332226,0.3490196168422699,0.33725491166114807,0.2549019753932953,calibrated_uv_reprojection_plus_stereo_left
-66.9782943725586,-67.02996063232422,-509.948486328125,197.836730433743,358.2226722174801,10.137868687993546,267.9999970825547,197.00000159510455,0.239215686917305,0.24313725531101227,0.18431372940540314,calibrated_uv_reprojection_plus_stereo_left
-65.94287109375,-67.07122802734375,-510.2478942871094,197.3957028511474,357.22013221337585,9.936853914377139,268.9999996974528,197.00000063643063,0.23529411852359772,0.239215686917305,0.1882352977991104,calibrated_uv_reprojection_plus_stereo_left
-64.8616943359375,-67.06665802001953,-510.1986083984375,196.7511162369135,356.29625182440424,9.99968334342708,270.0000026788315,197.00000283374396,0.24313725531101227,0.24705882370471954,0.20392157137393951,calibrated_uv_reprojection_plus_stereo_left
-63.815677642822266,-67.09900665283203,-510.43011474609375,196.26948762405465,355.307562677796,9.85008947746718,270.9999972813223,196.9999985821557,0.2666666805744171,0.2705882489681244,0.23529411852359772,calibrated_uv_reprojection_plus_stereo_left
-62.49506759643555,-66.83889770507812,-508.43695068359375,194.49908341126695,354.8357794608207,11.383421347628314,271.99999908544265,196.9999993525729,0.2823529541492462,0.2862745225429535,0.25882354378700256,calibrated_uv_reprojection_plus_stereo_left
-61.442073822021484,-66.86102294921875,-508.5907897949219,193.9739503001192,353.8674101870256,11.292515050210966,273.0000000951369,197.0000031855657,0.2862745225429535,0.29019609093666077,0.26274511218070984,calibrated_uv_reprojection_plus_stereo_left
-60.404090881347656,-66.90068054199219,-508.8778991699219,193.52520492156395,352.86681943825454,11.100831335977432,273.9999993381484,196.99999748974224,0.2862745225429535,0.29019609093666077,0.26274511218070984,calibrated_uv_reprojection_plus_stereo_left
-59.40076446533203,-66.98095703125,-509.4740295410156,193.25347263368803,351.7913988523326,10.675455352019128,274.99999913995686,197.00000180041098,0.2862745225429535,0.29019609093666077,0.25882354378700256,calibrated_uv_reprojection_plus_stereo_left
-58.48859405517578,-67.16900634765625,-510.8898010253906,193.45083274826845,350.51682012293816,9.630274705509976,276.0000023926314,197.0000004375488,0.2862745225429535,0.29019609093666077,0.25882354378700256,calibrated_uv_reprojection_plus_stereo_left
-57.441383361816406,-67.20623779296875,-511.1584167480469,192.98738888617402,349.5144872021925,9.452742408450092,277.00000123778494,197.00000155450627,0.29411765933036804,0.2980392277240753,0.2549019753932953,calibrated_uv_reprojection_plus_stereo_left
-56.37928771972656,-67.2272720336914,-511.30377197265625,192.45273292077343,348.5410774609031,9.36845055168817,277.99999799555155,196.99999617163016,0.3137255012989044,0.3176470696926117,0.2705882489681244,calibrated_uv_reprojection_plus_stereo_left
-55.3622932434082,-67.3040771484375,-511.87335205078125,192.15966606724425,347.4627855552286,8.963406576986984,278.9999997650015,197.0000000778298,0.3529411852359772,0.3333333432674408,0.2705882489681244,calibrated_uv_reprojection_plus_stereo_left
-55.0888671875,-68.30603790283203,-519.4788208007812,195.8710008245415,344.6410534086826,3.2387924671766655,279.99999788779957,196.99999915878098,0.3960784375667572,0.37254902720451355,0.30980393290519714,calibrated_uv_reprojection_plus_stereo_left
-54.28532028198242,-68.6781997680664,-522.2943115234375,196.842470475006,342.9854452199223,1.1362668131742453,281.0000034183946,197.00000387928137,0.45098039507865906,0.4000000059604645,0.3333333432674408,calibrated_uv_reprojection_plus_stereo_left
-53.625022888183594,-69.25093078613281,-526.6348876953125,198.67165705096477,340.9363366531135,-2.1188912967140254,282.00000352294654,197.00000539121262,0.6235294342041016,0.5764706134796143,0.5058823823928833,calibrated_uv_reprojection_plus_stereo_left
-54.688507080078125,-72.12134552001953,-548.4479370117188,210.3747767695748,334.4508921794402,-18.581414108259253,283.00000031032545,197.00000105238755,0.6627451181411743,0.6078431606292725,0.5215686559677124,calibrated_uv_reprojection_plus_stereo_left
-55.954097747802734,-75.38854217529297,-573.2769775390625,223.72758566184763,327.1166397175133,-37.32144325586671,283.99999688472906,196.9999960082214,0.4627451002597809,0.40392157435417175,0.30980393290519714,calibrated_uv_reprojection_plus_stereo_left
-81.39901733398438,-74.18878936767578,-573.7276611328125,237.64544662809902,349.60153983219874,-38.889276721800684,263.0000007988891,198.00000518805092,0.6745098233222961,0.5960784554481506,0.4588235318660736,calibrated_uv_reprojection_plus_stereo_left
-79.82844543457031,-73.85499572753906,-571.1304321289062,235.4285713871912,349.1152782780627,-36.89203038475762,263.9999999166992,197.9999983582446,0.6470588445663452,0.5843137502670288,0.48235294222831726,calibrated_uv_reprojection_plus_stereo_left
-78.35964965820312,-73.60668182373047,-569.1943969726562,233.60525485282477,348.4935102214242,-35.39616734916984,265.00000022933386,197.9999962601281,0.615686297416687,0.5607843399047852,0.4627451002597809,calibrated_uv_reprojection_plus_stereo_left
-74.64232635498047,-71.20574188232422,-550.6129150390625,222.05380098152068,351.5560429568261,-21.28558213716036,266.00000403208986,198.0000014770666,0.5490196347236633,0.5137255191802979,0.41960784792900085,calibrated_uv_reprojection_plus_stereo_left
-68.19857025146484,-66.08699035644531,-511.0169677734375,198.28516815861957,359.36758575392764,8.748123166845119,266.9999970555944,198.00000210007371,0.3764705955982208,0.3607843220233917,0.27450981736183167,calibrated_uv_reprojection_plus_stereo_left
-66.93258666992188,-65.9019775390625,-509.57220458984375,196.82716123687544,358.755786158086,9.868440074648731,267.99999980091195,197.99999863971144,0.24313725531101227,0.250980406999588,0.1764705926179886,calibrated_uv_reprojection_plus_stereo_left
-65.89930725097656,-65.94387817382812,-509.882080078125,196.39214132913673,357.75186101041993,9.659105714614157,268.9999994774956,198.00000141778708,0.23529411852359772,0.24313725531101227,0.18039216101169586,calibrated_uv_reprojection_plus_stereo_left
-64.84176635742188,-65.96260070800781,-510.0126953125,195.85233242297375,356.7875712669618,9.585626651825748,270.0000021434319,198.00000043358594,0.24313725531101227,0.24705882370471954,0.20392157137393951,calibrated_uv_reprojection_plus_stereo_left
-63.824039459228516,-66.02323913574219,-510.4674072265625,195.49966048731574,355.7480971168916,9.266623658063736,271.0000006552456,198.00000276994464,0.2666666805744171,0.2705882489681244,0.22745098173618317,calibrated_uv_reprojection_plus_stereo_left
-62.53641891479492,-65.80208587646484,-508.743408203125,193.88767454119795,355.2120961643386,10.598176544405646,271.9999998408037,198.000000994312,0.2823529541492462,0.2862745225429535,0.24705882370471954,calibrated_uv_reprojection_plus_stereo_left
-61.47237777709961,-65.81267547607422,-508.8111877441406,193.3122789995282,354.26344526164826,10.572268443869177,272.99999927427945,198.00000328775354,0.2862745225429535,0.29019609093666077,0.24705882370471954,calibrated_uv_reprojection_plus_stereo_left
-60.4319953918457,-65.84954071044922,-509.0820617675781,192.85341793512902,353.26655456699217,10.392537483299748,274.00000108964224,198.00000123089052,0.2862745225429535,0.29019609093666077,0.250980406999588,calibrated_uv_reprojection_plus_stereo_left
-59.440643310546875,-65.94224548339844,-509.78460693359375,192.6415199621241,352.1660436793378,9.885885025807056,275.00000135066443,197.9999998262984,0.29019609093666077,0.29411765933036804,0.26274511218070984,calibrated_uv_reprojection_plus_stereo_left
-58.522918701171875,-66.12167358398438,-511.15753173828125,192.81171136438076,350.9024227851084,8.871587945387716,276.00000181504413,197.99999853507822,0.29411765933036804,0.2980392277240753,0.2705882489681244,calibrated_uv_reprojection_plus_stereo_left
-57.504478454589844,-66.19202423095703,-511.68719482421875,192.49663315442245,349.8369298128222,8.496040926182218,276.99999783938097,197.99999998147632,0.29019609093666077,0.2980392277240753,0.250980406999588,calibrated_uv_reprojection_plus_stereo_left
-56.45875930786133,-66.23320007324219,-511.9913024902344,192.05156105867212,348.8241364239583,8.291354978899847,278.0000023781927,198.00000157943236,0.30980393290519714,0.3137255012989044,0.26274511218070984,calibrated_uv_reprojection_plus_stereo_left
-55.353878021240234,-66.20533752441406,-511.76171875,191.3019938952193,347.94071892777635,8.490820261341412,278.99999792236474,198.00000180157454,0.3450980484485626,0.3333333432674408,0.2666666805744171,calibrated_uv_reprojection_plus_stereo_left
-55.092987060546875,-67.2060546875,-519.4827270507812,195.06720342719603,345.09742134564476,2.6704000302946156,279.99999703761057,197.99999815275868,0.38823530077934265,0.3764705955982208,0.30980393290519714,calibrated_uv_reprojection_plus_stereo_left
-54.24122619628906,-67.51215362548828,-521.8342895507812,195.77138507983273,343.5595677539402,0.916014643303356,280.9999992848009,197.99999778336695,0.4431372582912445,0.3921568691730499,0.3294117748737335,calibrated_uv_reprojection_plus_stereo_left
-53.53776550292969,-68.01950073242188,-525.7412719726562,197.34917724286572,341.6236665192085,-2.015680379794503,282.0000028190907,198.00000332574302,0.6078431606292725,0.5568627715110779,0.4941176474094391,calibrated_uv_reprojection_plus_stereo_left
-54.43326950073242,-70.6230239868164,-545.8494262695312,208.0576123599534,335.58890994251084,-17.2114179509245,282.99999802071426,198.00000008927793,0.6431372761726379,0.5803921818733215,0.501960813999176,calibrated_uv_reprojection_plus_stereo_left
-55.82822799682617,-74.00149536132812,-571.9459228515625,222.08847883120785,327.9594643663912,-36.9380705567545,283.9999978584037,197.99999808471514,0.4274509847164154,0.3607843220233917,0.27843138575553894,calibrated_uv_reprojection_plus_stereo_left
-81.45027160644531,-73.01708221435547,-574.05908203125,236.95094680838423,350.03500406618593,-39.76454697159954,262.99999550854125,198.9999971391697,0.6392157077789307,0.5647059082984924,0.42352941632270813,calibrated_uv_reprojection_plus_stereo_left
-80.05047607421875,-72.8447494506836,-572.6888427734375,235.45609721851076,349.2803845696365,-38.69585742477199,264.00000120182546,199.00000240274156,0.6509804129600525,0.5882353186607361,0.48627451062202454,calibrated_uv_reprojection_plus_stereo_left
-78.795166015625,-72.80073547363281,-572.327392578125,234.55396274452863,348.31050359359017,-38.392963964911246,264.9999954538921,199.00000048804614,0.6235294342041016,0.5647059082984924,0.46666666865348816,calibrated_uv_reprojection_plus_stereo_left
-75.73419952392578,-71.06122589111328,-558.6370849609375,225.87978231180358,350.2747113250696,-27.974203822572292,265.9999970760838,198.99999940676287,0.5764706134796143,0.529411792755127,0.43921568989753723,calibrated_uv_reprojection_plus_stereo_left
-68.49565887451172,-65.28507995605469,-513.2149658203125,198.77222821586122,359.32943093967856,6.524380925505682,266.9999966225337,198.99999888372503,0.40784314274787903,0.3764705955982208,0.29411765933036804,calibrated_uv_reprojection_plus_stereo_left
-66.87796783447266,-64.7669448852539,-509.12811279296875,195.77936751763326,359.30341586562326,9.651279006149423,268.0000009530124,198.99999724810328,0.26274511218070984,0.250980406999588,0.18431372940540314,calibrated_uv_reprojection_plus_stereo_left
-65.82768249511719,-64.79045104980469,-509.2991943359375,195.26390586038298,358.3319101343524,9.546860789820528,268.9999981428825,198.99999912187963,0.250980406999588,0.24705882370471954,0.1882352977991104,calibrated_uv_reprojection_plus_stereo_left
-64.8160171508789,-64.85348510742188,-509.7809753417969,194.92762371091516,357.2889910460765,9.20672091202141,269.9999964670808,199.0000011903121,0.239215686917305,0.24313725531101227,0.20000000298023224,calibrated_uv_reprojection_plus_stereo_left
-63.82164001464844,-64.93635559082031,-510.4186096191406,194.68003080713436,356.2084341840425,8.748390127600032,271.0000015211047,198.99999869917454,0.2549019753932953,0.25882354378700256,0.2235294133424759,calibrated_uv_reprojection_plus_stereo_left
-62.595245361328125,-64.78204345703125,-509.1919860839844,193.35715362808412,355.5561225323513,9.704438393707335,272.00000086647054,199.00000240728272,0.27843138575553894,0.2823529541492462,0.2549019753932953,calibrated_uv_reprojection_plus_stereo_left
-61.52919006347656,-64.79129791259766,-509.2509765625,192.7760007909725,354.6087801197227,9.685107975780113,273.0000006280633,198.99999884399247,0.27843138575553894,0.29411765933036804,0.26274511218070984,calibrated_uv_reprojection_plus_stereo_left
-60.51001739501953,-64.85123443603516,-509.7083435058594,192.42307665789173,353.56758109988397,9.363597124829482,274.00000037110897,198.99999978089863,0.27843138575553894,0.29411765933036804,0.26274511218070984,calibrated_uv_reprojection_plus_stereo_left
-59.49531936645508,-64.9183349609375,-510.22198486328125,192.10116180920824,352.51125485794046,8.99945193697181,274.9999971579433,199.00000024839417,0.2862745225429535,0.29411765933036804,0.2666666805744171,calibrated_uv_reprojection_plus_stereo_left
-58.59647750854492,-65.11678314208984,-511.76788330078125,192.3674103516915,351.20683298952827,7.852448932578909,276.0000004993749,199.0000001587092,0.29019609093666077,0.29411765933036804,0.2666666805744171,calibrated_uv_reprojection_plus_stereo_left
-57.54350662231445,-65.14830017089844,-512.0018310546875,191.88218276656318,350.211745165224,7.700581867429776,277.00000124605407,199.00000592766332,0.29019609093666077,0.29411765933036804,0.2549019753932953,calibrated_uv_reprojection_plus_stereo_left
-56.51860427856445,-65.21354675292969,-512.500732421875,191.5469748592115,349.15152044592946,7.347821867129085,278.0000026262827,198.99999928735122,0.30588236451148987,0.30980393290519714,0.2666666805744171,calibrated_uv_reprojection_plus_stereo_left
-55.373836517333984,-65.14044189453125,-511.9124450683594,190.5935322795396,348.35447378666316,7.819523011619026,279.0000000724865,199.00000300623637,0.3490196168422699,0.34117648005485535,0.27843138575553894,calibrated_uv_reprojection_plus_stereo_left
-54.99412536621094,-65.98248291015625,-518.5156860351562,193.71358711603222,345.7923768430562,2.838209797603099,279.99999833393883,198.9999986303376,0.38823530077934265,0.3764705955982208,0.30980393290519714,calibrated_uv_reprojection_plus_stereo_left
-53.824188232421875,-65.89149475097656,-517.7866821289062,192.67459791990302,345.0209911530675,3.4168550541894547,281.00000066022073,198.99999629969201,0.42352941632270813,0.3764705955982208,0.3137255012989044,calibrated_uv_reprojection_plus_stereo_left
-53.301177978515625,-66.60525512695312,-523.3814086914062,195.20276012577818,342.67509283467837,-0.7988951317641977,281.9999973970297,198.9999953153333,0.5960784554481506,0.545098066329956,0.48235294222831726,calibrated_uv_reprojection_plus_stereo_left
-54.354244232177734,-69.36061096191406,-545.0182495117188,206.74282565665845,336.2783606003749,-17.17558665129826,283.00000071698935,199.00000278294954,0.6509804129600525,0.5843137502670288,0.5098039507865906,calibrated_uv_reprojection_plus_stereo_left
-55.70405960083008,-72.62232208251953,-570.6325073242188,220.463396334869,328.79548477040566,-36.56517713045753,284.00000028821034,198.99999713408965,0.4117647111415863,0.34117648005485535,0.26274511218070984,calibrated_uv_reprojection_plus_stereo_left
-81.09317016601562,-71.48397827148438,-571.5126342773438,234.57118246956747,351.0839688273075,-38.4528460017807,263.0000015361862,200.00000424730047,0.5882353186607361,0.5254902243614197,0.3803921639919281,calibrated_uv_reprojection_plus_stereo_left
-79.59174346923828,-71.21873474121094,-569.3770751953125,232.63451254962,350.4977657338527,-36.80108594397012,263.9999996568716,199.99999513902793,0.6549019813537598,0.5921568870544434,0.47843137383461,calibrated_uv_reprojection_plus_stereo_left
-77.9132080078125,-70.78455352783203,-565.8911743164062,229.9158828032106,350.2127059303453,-34.123168989772694,264.9999980192103,199.9999996151496,0.615686297416687,0.5568627715110779,0.4470588266849518,calibrated_uv_reprojection_plus_stereo_left
-75.21965789794922,-69.4004898071289,-554.8117065429688,222.78909987599303,351.6044914412765,-25.674218287186477,265.99999634484317,199.99999839363232,0.5686274766921997,0.5254902243614197,0.4156862795352936,calibrated_uv_reprojection_plus_stereo_left
-69.82353973388672,-65.43989562988281,-523.1356811523438,203.7347233239642,357.5884623233536,-1.5732978793617463,266.9999963655302,199.99999834182887,0.4313725531101227,0.40392157435417175,0.30588236451148987,calibrated_uv_reprojection_plus_stereo_left
-67.95745086669922,-64.71375274658203,-517.3172607421875,199.73324864811485,357.92654496248986,2.874376284247319,268.00000060378136,199.9999951194392,0.25882354378700256,0.2666666805744171,0.1921568661928177,calibrated_uv_reprojection_plus_stereo_left
-66.86553955078125,-64.7132568359375,-517.2998046875,199.09859910515348,356.98256798895227,2.913405362922674,268.9999986227317,199.99999669249382,0.250980406999588,0.25882354378700256,0.1921568661928177,calibrated_uv_reprojection_plus_stereo_left
-65.73626708984375,-64.67609405517578,-516.9892578125,198.2948467469302,356.1048925651637,3.175136941754147,269.99999956117404,199.99999912014857,0.24313725531101227,0.250980406999588,0.19607843458652496,calibrated_uv_reprojection_plus_stereo_left
-64.6135482788086,-64.64434051513672,-516.7219848632812,197.5166543584728,355.2183315631404,3.4039611878980622,271.00000211593965,200.0000040723505,0.2549019753932953,0.25882354378700256,0.21176470816135406,calibrated_uv_reprojection_plus_stereo_left
-63.2883186340332,-64.40552520751953,-514.7996215820312,195.78839580440763,354.7135394619028,4.890196260896005,272.0000044722924,200.00000474652126,0.2705882489681244,0.27450981736183167,0.23137255012989044,calibrated_uv_reprojection_plus_stereo_left
-62.264678955078125,-64.47074890136719,-515.3074951171875,195.45759174897643,353.65186112732357,4.530027725880927,273.00000207335296,200.00000411043908,0.27450981736183167,0.2862745225429535,0.250980406999588,calibrated_uv_reprojection_plus_stereo_left
-61.30423355102539,-64.60501098632812,-516.3670654296875,195.44101459368545,352.45917317846,3.7508298574637706,273.999999174155,199.99999473456649,0.27450981736183167,0.29411765933036804,0.26274511218070984,calibrated_uv_reprojection_plus_stereo_left
-60.34981155395508,-64.75070190429688,-517.51806640625,195.4739483954936,351.2409108606592,2.9022829809136965,275.00000277083564,200.00000178837738,0.2862745225429535,0.29411765933036804,0.2549019753932953,calibrated_uv_reprojection_plus_stereo_left
-59.24817657470703,-64.74102783203125,-517.4271850585938,194.7967317188759,350.3132242880116,2.9971158701000604,275.99999947605534,199.99999711259045,0.29019609093666077,0.29411765933036804,0.250980406999588,calibrated_uv_reprojection_plus_stereo_left
-58.25590896606445,-64.85285949707031,-518.3074340820312,194.6715472826761,349.15330833621476,2.3543802785347907,276.9999987797169,199.99999786116456,0.29411765933036804,0.2980392277240753,0.2549019753932953,calibrated_uv_reprojection_plus_stereo_left
-57.2923583984375,-65.00167846679688,-519.4832763671875,194.7117672955943,347.9187303702679,1.4872493109856464,278.0000027522748,200.0000036826761,0.30588236451148987,0.30980393290519714,0.2666666805744171,calibrated_uv_reprojection_plus_stereo_left
-56.38373947143555,-65.21997833251953,-521.2142333984375,195.06320165838662,346.54480226224496,0.19869829961771757,279.00000061215303,199.99999952169037,0.34117648005485535,0.3333333432674408,0.26274511218070984,calibrated_uv_reprojection_plus_stereo_left
-55.846099853515625,-65.884765625,-526.51318359375,197.4251729355533,344.29081004305874,-3.798985444216214,279.9999987501154,199.99999706050903,0.38823530077934265,0.3764705955982208,0.3019607961177826,calibrated_uv_reprojection_plus_stereo_left
-54.92808151245117,-66.11882781982422,-528.3699340820312,197.83459658786842,342.86630567924954,-5.182525492856598,281.00000257473755,200.0000054731867,0.40784314274787903,0.364705890417099,0.2862745225429535,calibrated_uv_reprojection_plus_stereo_left
-54.58580017089844,-67.07015991210938,-535.9581909179688,201.46211860212412,340.0105237268038,-10.917441231079636,282.0000021476397,200.00000223196835,0.6039215922355652,0.5568627715110779,0.47843137383461,calibrated_uv_reprojection_plus_stereo_left
-54.8205451965332,-68.78597259521484,-549.6548461914062,208.49838473140522,335.5975388914451,-21.289011748600615,283.0000012790863,199.9999976771084,0.6431372761726379,0.5764706134796143,0.49803921580314636,calibrated_uv_reprojection_plus_stereo_left
-55.228633880615234,-70.79843139648438,-565.7212524414062,216.82811007852433,330.5365006819352,-33.458182660083025,284.00000200893663,200.00000299399773,0.4000000059604645,0.3333333432674408,0.250980406999588,calibrated_uv_reprojection_plus_stereo_left
-81.09542083740234,-70.2730712890625,-571.4988403320312,233.67756428976696,351.58953558769156,-39.06364484101027,263.00000159994937,200.9999985088076,0.5686274766921997,0.4901960790157318,0.3490196168422699,calibrated_uv_reprojection_plus_stereo_left
-79.67909240722656,-70.08708953857422,-569.9719848632812,232.098688737445,350.870874964709,-37.87297647004527,264.00000050377867,201.00000230040084,0.6549019813537598,0.5960784554481506,0.46666666865348816,calibrated_uv_reprojection_plus_stereo_left
-78.12603759765625,-69.77342224121094,-567.40673828125,229.91982658080713,350.3824076673501,-35.89205484334582,264.99999737982216,200.99999484335532,0.6078431606292725,0.5529412031173706,0.4313725531101227,calibrated_uv_reprojection_plus_stereo_left
-75.855224609375,-68.79910278320312,-559.4694213867188,224.63092532589872,351.07581758500027,-29.822594605828556,266.00000362380933,201.00000572759478,0.5647059082984924,0.5176470875740051,0.4117647111415863,calibrated_uv_reprojection_plus_stereo_left
-70.34994506835938,-64.81416320800781,-527.0508422851562,205.19013174428522,357.1868685656485,-5.121903270567657,267.00000357418105,201.0000031020129,0.4627451002597809,0.4313725531101227,0.3294117748737335,calibrated_uv_reprojection_plus_stereo_left
-67.82305908203125,-63.48944854736328,-516.2655639648438,198.3238207849194,358.61507824806245,3.1121407483793178,268.0000022498762,201.0000001194233,0.2666666805744171,0.25882354378700256,0.16862745583057404,calibrated_uv_reprojection_plus_stereo_left
-66.75457763671875,-63.50909423828125,-516.4122314453125,197.7850182063844,357.6363159917622,3.026203843533949,268.99999458080856,200.99999586502312,0.25882354378700256,0.25882354378700256,0.18039216101169586,calibrated_uv_reprojection_plus_stereo_left
-65.64749145507812,-63.49216842651367,-516.2615966796875,197.07473401687054,356.7239368579429,3.166505260527913,270.0000034279303,200.9999999516224,0.24313725531101227,0.250980406999588,0.19607843458652496,calibrated_uv_reprojection_plus_stereo_left
-64.57106018066406,-63.504920959472656,-516.3522338867188,196.50322576999588,355.7570995133728,3.123220748513802,271.00000062114543,200.99999891757454,0.250980406999588,0.25882354378700256,0.2078431397676468,calibrated_uv_reprojection_plus_stereo_left
-63.32046127319336,-63.34398651123047,-515.0307006835938,195.12249291031554,355.1135677275357,4.154359621690958,271.99999981335225,201.00000150767164,0.27450981736183167,0.27843138575553894,0.23529411852359772,calibrated_uv_reprojection_plus_stereo_left
-62.30698776245117,-63.418907165527344,-515.6268310546875,194.84099998928997,354.031536650237,3.7264640534079376,273.00000495716307,201.00000197633028,0.27843138575553894,0.29019609093666077,0.2549019753932953,calibrated_uv_reprojection_plus_stereo_left
-61.34706497192383,-63.55207443237305,-516.6964721679688,194.82806700573343,352.83688055921493,2.938421685830235,274.00000259816727,201.00000032704997,0.27450981736183167,0.29411765933036804,0.26274511218070984,calibrated_uv_reprojection_plus_stereo_left
-60.41937255859375,-63.72417068481445,-518.0825805664062,194.99257977941187,351.5638578216701,1.9097594540265845,275.00000220818373,201.00000178102908,0.2823529541492462,0.29019609093666077,0.250980406999588,calibrated_uv_reprojection_plus_stereo_left
-59.34918212890625,-63.74966812133789,-518.2767944335938,194.47667657265737,350.5676255875289,1.7878227988430808,276.00000295313566,201.00000406532723,0.2862745225429535,0.29019609093666077,0.24705882370471954,calibrated_uv_reprojection_plus_stereo_left
-58.32151412963867,-63.82278060913086,-518.8580322265625,194.17956976411733,349.47825216209185,1.3715524105552959,277.000000365766,200.99999975124814,0.3019607961177826,0.30588236451148987,0.26274511218070984,calibrated_uv_reprojection_plus_stereo_left
-57.35141372680664,-63.963016510009766,-519.9849853515625,194.1895884689044,348.2554753378083,0.5403094279682819,278.00000217616105,201.00000321184942,0.3137255012989044,0.3176470696926117,0.27450981736183167,calibrated_uv_reprojection_plus_stereo_left
-56.46053695678711,-64.19893646240234,-521.8896484375,194.6356985054166,346.8401234394613,-0.8822421233223849,278.9999974058847,200.9999987027929,0.34117648005485535,0.3294117748737335,0.2666666805744171,calibrated_uv_reprojection_plus_stereo_left
-56.05209732055664,-65.00386810302734,-528.4197998046875,197.68189853801493,344.28922645505054,-5.82194196213095,280.0000003108142,201.00000102583743,0.3843137323856354,0.37254902720451355,0.30588236451148987,calibrated_uv_reprojection_plus_stereo_left
-55.136138916015625,-65.24111938476562,-530.3349609375,198.11890558982532,342.84852638999786,-7.251857461298016,280.99999997117675,200.99999546218277,0.4000000059604645,0.3529411852359772,0.2862745225429535,calibrated_uv_reprojection_plus_stereo_left
-54.63310241699219,-65.98707580566406,-536.3851928710938,200.86979778392453,340.37670401523735,-11.825584142436469,281.9999998683184,200.99999961701548,0.6039215922355652,0.5568627715110779,0.4901960790157318,calibrated_uv_reprojection_plus_stereo_left
-54.85797882080078,-67.66260528564453,-549.9910278320312,207.83340680594466,335.99768341600117,-22.143042266173154,282.9999976590706,200.9999970269327,0.6509804129600525,0.5843137502670288,0.501960813999176,calibrated_uv_reprojection_plus_stereo_left
-55.172943115234375,-69.52434539794922,-565.1098022460938,215.60865458135987,331.1883421643102,-33.60932024659826,283.99999968276825,201.0000015168605,0.4117647111415863,0.3450980484485626,0.25882354378700256,calibrated_uv_reprojection_plus_stereo_left
-81.0962142944336,-69.06095886230469,-571.4747924804688,232.77800057219798,352.09725951945535,-39.66660916636573,263.00000332408365,201.99999974357104,0.5215686559677124,0.43921568989753723,0.32156863808631897,calibrated_uv_reprojection_plus_stereo_left
-79.73426055908203,-68.92509460449219,-570.336669921875,231.42726986278348,351.29424013816515,-38.77066318369509,264.0000044141054,202.00000388625804,0.6549019813537598,0.5921568870544434,0.48235294222831726,calibrated_uv_reprojection_plus_stereo_left
-78.27262115478516,-68.69768524169922,-568.4410400390625,229.64005686340283,350.65853509976006,-37.297405174929565,264.99999675498464,202.00000121046185,0.6039215922355652,0.5411764979362488,0.43921568989753723,calibrated_uv_reprojection_plus_stereo_left
-76.35304260253906,-68.05514526367188,-563.110595703125,225.87024619628534,350.77635440241954,-33.20628475805,265.9999961520049,202.00000075780864,0.5568627715110779,0.4941176474094391,0.40784314274787903,calibrated_uv_reprojection_plus_stereo_left
-70.89341735839844,-64.18724060058594,-531.0933227539062,206.70690876368684,356.76426478879586,-8.776064430487054,266.99999781295855,201.9999990460297,0.4901960790157318,0.4431372582912445,0.3607843220233917,calibrated_uv_reprojection_plus_stereo_left
-67.79817962646484,-62.370338439941406,-516.0474853515625,197.3978907825762,359.11748500810893,2.716878438209733,267.99999735243705,202.00000126943988,0.2705882489681244,0.25882354378700256,0.18039216101169586,calibrated_uv_reprojection_plus_stereo_left
-66.69125366210938,-62.353233337402344,-515.8933715820312,196.68613399673058,358.2063120359876,2.8599410388812316,269.00000342624037,202.0000002052517,0.2666666805744171,0.25882354378700256,0.19607843458652496,calibrated_uv_reprojection_plus_stereo_left
-65.59300994873047,-62.343902587890625,-515.8035888671875,196.0115695867625,357.2811181626642,2.9539706203694323,269.99999464363214,201.9999995808874,0.250980406999588,0.2549019753932953,0.21176470816135406,calibrated_uv_reprojection_plus_stereo_left
-64.58680725097656,-62.423336029052734,-516.4481811523438,195.75752705183157,356.18971418007806,2.4884304355890663,270.99999873393676,201.99999875744305,0.25882354378700256,0.26274511218070984,0.22745098173618317,calibrated_uv_reprojection_plus_stereo_left
-63.375640869140625,-62.304100036621094,-515.4491577148438,194.56289877979344,355.4712090173896,3.27524556100542,271.9999997564558,202.00000160179232,0.27450981736183167,0.27843138575553894,0.250980406999588,calibrated_uv_reprojection_plus_stereo_left
-62.36150360107422,-62.37789535522461,-516.0470581054688,194.28092731037748,354.38856015710223,2.8453335076923736,272.9999984362347,201.9999983798222,0.2823529541492462,0.29411765933036804,0.26274511218070984,calibrated_uv_reprojection_plus_stereo_left
-61.36751174926758,-62.47493362426758,-516.8372802734375,194.10680841076953,353.2589434200321,2.268967423306833,274.0000022294763,202.00000296856547,0.27843138575553894,0.2980392277240753,0.2666666805744171,calibrated_uv_reprojection_plus_stereo_left
-60.4554557800293,-62.660526275634766,-518.3599853515625,194.3464745125318,351.9549590829803,1.1347084599561867,275.00000245231297,202.00000270091567,0.2862745225429535,0.29411765933036804,0.2666666805744171,calibrated_uv_reprojection_plus_stereo_left
-59.42818069458008,-62.7314567565918,-518.93408203125,194.04504968661337,350.8688656686353,0.7231724069437178,276.00000146695766,202.0000012125904,0.29019609093666077,0.29411765933036804,0.2666666805744171,calibrated_uv_reprojection_plus_stereo_left
-58.47056198120117,-62.88008117675781,-520.15087890625,194.10540212481555,349.6278359257738,-0.17782586744908713,277.00000377402023,202.0000038412007,0.2980392277240753,0.3019607961177826,0.26274511218070984,calibrated_uv_reprojection_plus_stereo_left
-57.51380920410156,-63.03546905517578,-521.4235229492188,194.194221218219,348.36882924792366,-1.121230939901693,278.00000224480937,202.0000022683441,0.30980393290519714,0.3137255012989044,0.2705882489681244,calibrated_uv_reprojection_plus_stereo_left
-56.56126403808594,-63.201751708984375,-522.7861938476562,194.33053804674444,347.0832908101147,-2.1330650863559413,278.99999841173866,201.99999770267985,0.3450980484485626,0.33725491166114807,0.27450981736183167,calibrated_uv_reprojection_plus_stereo_left
-56.11809158325195,-63.955291748046875,-529.00634765625,197.1913680077692,344.6118813460413,-6.843803184870296,279.9999972442091,201.9999986643277,0.3843137323856354,0.37254902720451355,0.30588236451148987,calibrated_uv_reprojection_plus_stereo_left
-55.249698638916016,-64.2451400756836,-531.390869140625,197.88763936251627,343.0568692524802,-8.633222766438564,281.00000005973357,202.00000034609113,0.4117647111415863,0.3686274588108063,0.29019609093666077,calibrated_uv_reprojection_plus_stereo_left
-54.772342681884766,-65.01128387451172,-537.7147216796875,200.78080489062938,340.5209487111297,-13.421862109743984,281.9999982100479,201.99999802821355,0.6039215922355652,0.5529412031173706,0.4745098054409027,calibrated_uv_reprojection_plus_stereo_left
-54.82698059082031,-66.45484924316406,-549.6412353515625,206.78461467988166,336.5689416353357,-22.475541374797274,283.0000030434835,202.00000497503075,0.6549019813537598,0.5921568870544434,0.4901960790157318,calibrated_uv_reprojection_plus_stereo_left
-55.075740814208984,-68.20144653320312,-564.0733032226562,214.1544417612606,331.94555014338505,-33.4355365751731,283.99999855811296,201.9999968297304,0.4000000059604645,0.33725491166114807,0.23529411852359772,calibrated_uv_reprojection_plus_stereo_left
-81.11187744140625,-67.86136627197266,-571.5554809570312,231.9393098975873,352.58285124435145,-40.34949073435865,262.9999997233991,203.00000191849537,0.43921568989753723,0.3764705955982208,0.24705882370471954,calibrated_uv_reprojection_plus_stereo_left
-79.80410766601562,-67.77399444580078,-570.8062133789062,230.81547140588054,351.6959430379435,-39.749197862666904,263.9999972010773,203.00000205546218,0.6470588445663452,0.5843137502670288,0.48235294222831726,calibrated_uv_reprojection_plus_stereo_left
-78.37210083007812,-67.57693481445312,-569.1331787109375,229.15924757118927,351.0099443996977,-38.44382019921193,264.9999975921455,203.00000129638465,0.6117647290229797,0.5529412031173706,0.45098039507865906,calibrated_uv_reprojection_plus_stereo_left
-76.64984130859375,-67.11969757080078,-565.26904296875,226.24278631043978,350.80433872012134,-35.46614299688042,266.0000026659653,202.99999932377065,0.5686274766921997,0.5254902243614197,0.4156862795352936,calibrated_uv_reprojection_plus_stereo_left
-71.34453582763672,-63.460994720458984,-534.443603515625,207.81260156062797,356.4999195358416,-11.910707421045515,267.0000002033746,202.99999775978648,0.4941176474094391,0.4588235318660736,0.3529411852359772,calibrated_uv_reprojection_plus_stereo_left
-67.78709411621094,-61.264617919921875,-515.9344482421875,196.53298041105177,359.59637845628663,2.241919669351944,267.99999612077124,202.9999951806037,0.2823529541492462,0.26274511218070984,0.16470588743686676,calibrated_uv_reprojection_plus_stereo_left
-66.62303161621094,-61.19505310058594,-515.3365478515625,195.5670968353706,358.7838422800577,2.723774495426312,268.9999962157037,202.9999983082327,0.2705882489681244,0.26274511218070984,0.18039216101169586,calibrated_uv_reprojection_plus_stereo_left
-65.55194091796875,-61.210105895996094,-515.4512329101562,195.0102498742434,357.81383488822905,2.661801616436094,270.0000015750525,203.000000685241,0.250980406999588,0.25882354378700256,0.20392157137393951,calibrated_uv_reprojection_plus_stereo_left
-64.55403137207031,-61.29525375366211,-516.1561279296875,194.79000433421578,356.7100714749455,2.149487107419702,270.9999953638538,202.9999986355163,0.25882354378700256,0.26274511218070984,0.21568627655506134,calibrated_uv_reprojection_plus_stereo_left
-63.463890075683594,-61.29436111450195,-516.1365356445312,194.15520011282,355.7684065099272,2.190026201251783,272.0000023530733,203.0000033335598,0.27450981736183167,0.27843138575553894,0.23529411852359772,calibrated_uv_reprojection_plus_stereo_left
-62.43363571166992,-61.352394104003906,-516.613037109375,193.8023950096337,354.71289902201374,1.852077429156509,272.99999583854407,202.99999888656396,0.2862745225429535,0.29019609093666077,0.24705882370471954,calibrated_uv_reprojection_plus_stereo_left
-61.46623611450195,-61.4754753112793,-517.6372680664062,193.75905757676622,353.52886557952723,1.0963151498079355,274.0000000184221,202.99999805709132,0.29019609093666077,0.29411765933036804,0.250980406999588,calibrated_uv_reprojection_plus_stereo_left
-60.505760192871094,-61.610172271728516,-518.75927734375,193.7684999015857,352.3181515920616,0.26606663571539,275.0000019803847,202.9999997492619,0.29411765933036804,0.2980392277240753,0.2549019753932953,calibrated_uv_reprojection_plus_stereo_left
-59.56369400024414,-61.76904296875,-520.0847778320312,193.89008201549188,351.05538911408763,-0.7192903974258797,276.00000297838307,203.00000219119715,0.2980392277240753,0.3019607961177826,0.25882354378700256,calibrated_uv_reprojection_plus_stereo_left
-58.59116744995117,-61.90182113647461,-521.1904907226562,193.8844822471038,349.8396426630516,-1.5368667432244365,277.0000006268661,203.00000095873193,0.3019607961177826,0.30588236451148987,0.2549019753932953,calibrated_uv_reprojection_plus_stereo_left
-57.635772705078125,-62.05825424194336,-522.4953002929688,193.98809732353044,348.5722051405768,-2.506180149564841,277.9999984781301,202.99999858623633,0.30980393290519714,0.3176470696926117,0.26274511218070984,calibrated_uv_reprojection_plus_stereo_left
-56.68887710571289,-62.230247497558594,-523.9310913085938,194.16196939267024,347.2683527849525,-3.5752557854792144,278.99999793099823,203.00000051561523,0.3490196168422699,0.34117648005485535,0.27450981736183167,calibrated_uv_reprojection_plus_stereo_left
-56.14783477783203,-62.863624572753906,-529.2511596679688,196.50761862360946,345.0183368198086,-7.606340234373533,279.99999865920836,202.99999596876108,0.38823530077934265,0.3764705955982208,0.30980393290519714,calibrated_uv_reprojection_plus_stereo_left
-55.23246383666992,-63.095245361328125,-531.188720703125,196.950054487825,343.5740778818308,-9.057556443741248,280.99999848446595,202.99999845335537,0.43921568989753723,0.3921568691730499,0.3294117748737335,calibrated_uv_reprojection_plus_stereo_left
-54.82328796386719,-63.92686462402344,-538.1773681640625,200.2042772793385,340.8806737747369,-14.36004537532051,282.0000018313486,203.0000016845631,0.5568627715110779,0.5058823823928833,0.4431372582912445,calibrated_uv_reprojection_plus_stereo_left
-54.7563362121582,-65.20136260986328,-548.8939819335938,205.51576304006397,337.23804241429514,-22.50423352030748,283.00000105755856,202.9999994141779,0.615686297416687,0.5490196347236633,0.46666666865348816,calibrated_uv_reprojection_plus_stereo_left
-54.986446380615234,-66.8925552368164,-563.1179809570312,212.74849242887683,332.6806842167091,-33.321399718291616,284.00000094145895,203.00000256064357,0.3764705955982208,0.30980393290519714,0.2235294133424759,calibrated_uv_reprojection_plus_stereo_left
-80.93226623535156,-66.50096893310547,-570.26025390625,230.30366570864305,353.35773822272876,-39.98062114351541,262.99999895041367,203.9999995495323,0.40392157435417175,0.33725491166114807,0.21960784494876862,calibrated_uv_reprojection_plus_stereo_left
-79.2776107788086,-66.12349700927734,-567.0106201171875,227.7377097442755,353.002605236768,-37.4681388078418,264.0000009720637,204.0000029731828,0.5882353186607361,0.529411792755127,0.4274509847164154,calibrated_uv_reprojection_plus_stereo_left
-77.22881317138672,-65.40080261230469,-560.8008422851562,223.4726418788706,353.29213530926756,-32.69313645994805,265.00000019627146,204.0000001752803,0.6117647290229797,0.5568627715110779,0.45098039507865906,calibrated_uv_reprojection_plus_stereo_left
-74.74171447753906,-64.27879333496094,-551.1673583984375,217.2524443397523,354.34256385906474,-25.301717644252903,265.99999440686673,203.99999697009676,0.5882353186607361,0.545098066329956,0.43529412150382996,calibrated_uv_reprojection_plus_stereo_left
-71.19308471679688,-62.194095611572266,-533.2798461914062,206.3159407681514,357.22318227681734,-11.602411411388346,266.999996055344,203.99999963424645,0.5137255191802979,0.47843137383461,0.3764705955982208,calibrated_uv_reprojection_plus_stereo_left
-69.24287414550781,-61.46137619018555,-526.9853515625,202.06523698559107,357.6267258195331,-6.765242528518911,268.0000051172299,204.00000361010302,0.2862745225429535,0.27450981736183167,0.18039216101169586,calibrated_uv_reprojection_plus_stereo_left
-68.11560821533203,-61.447227478027344,-526.8521118164062,201.35256747180733,356.69069458921587,-6.637338111427198,268.9999955093084,203.9999977047254,0.2666666805744171,0.26274511218070984,0.1882352977991104,calibrated_uv_reprojection_plus_stereo_left
-66.91082000732422,-61.36162567138672,-526.1063232421875,200.2906050767054,355.8915816687994,-6.0413458995323595,269.9999963030484,203.9999997781391,0.250980406999588,0.2549019753932953,0.21176470816135406,calibrated_uv_reprojection_plus_stereo_left
-65.81261444091797,-61.37264633178711,-526.18896484375,199.70202657021025,354.90881321935257,-6.078456627030278,271.0000042050316,204.0000007100539,0.25882354378700256,0.26274511218070984,0.21960784494876862,calibrated_uv_reprojection_plus_stereo_left
-64.10211944580078,-60.80336380004883,-521.29638671875,196.28644165411754,355.05318603330784,-2.3140540838637094,272.00000061940744,204.000001967269,0.2705882489681244,0.27450981736183167,0.23529411852359772,calibrated_uv_reprojection_plus_stereo_left
-63.093231201171875,-60.89144515991211,-522.0397338867188,196.0778830078786,353.9276944647668,-2.8561875495552727,272.9999993195092,203.99999667224117,0.2823529541492462,0.29019609093666077,0.24705882370471954,calibrated_uv_reprojection_plus_stereo_left
-62.1667594909668,-61.063720703125,-523.5049438476562,196.27580923101772,352.6330832998568,-3.9497436077382417,274.00000317481226,204.00000125415963,0.2823529541492462,0.2980392277240753,0.2549019753932953,calibrated_uv_reprojection_plus_stereo_left
-61.29658126831055,-61.298641204833984,-525.507080078125,196.77322040148601,351.2083175973741,-5.453326288805044,274.9999985711703,204.00000004862721,0.29019609093666077,0.3019607961177826,0.25882354378700256,calibrated_uv_reprojection_plus_stereo_left
-60.53410720825195,-61.652042388916016,-528.5248413085938,197.83781382523244,349.5384262593361,-7.732532397070713,276.00000239835117,204.00000063737096,0.2980392277240753,0.3019607961177826,0.25882354378700256,calibrated_uv_reprojection_plus_stereo_left
-59.51739501953125,-61.75503921508789,-529.3958740234375,197.6883067059543,348.3635373916321,-8.371679733918938,277.0000025771318,204.00000162717794,0.3019607961177826,0.30588236451148987,0.26274511218070984,calibrated_uv_reprojection_plus_stereo_left
-58.52138900756836,-61.88399887084961,-530.4893798828125,197.66139043700946,347.1324405652395,-9.180656881639834,277.99999680021153,203.99999768102774,0.30588236451148987,0.30980393290519714,0.2666666805744171,calibrated_uv_reprojection_plus_stereo_left
-57.58857727050781,-62.08625411987305,-532.211181640625,197.98337735159606,345.74671604928676,-10.469379366640794,278.9999990559542,203.99999873236166,0.33725491166114807,0.3294117748737335,0.2666666805744171,calibrated_uv_reprojection_plus_stereo_left
-56.63856887817383,-62.27778244018555,-533.8409423828125,198.24970045063412,344.37673791266195,-11.687635740883138,279.9999984046053,203.9999986370416,0.3803921639919281,0.3686274588108063,0.3019607961177826,calibrated_uv_reprojection_plus_stereo_left
-55.70879364013672,-62.49992752075195,-535.7330932617188,198.6582015507717,342.93682791974175,-13.106100022783437,281.0000011734884,204.0000012817101,0.4470588266849518,0.4000000059604645,0.33725491166114807,calibrated_uv_reprojection_plus_stereo_left
-55.015228271484375,-63.001922607421875,-540.0238647460938,200.39582329505384,340.90220356974265,-16.355937409497756,281.99999847026965,203.99999987320402,0.5686274766921997,0.5176470875740051,0.45490196347236633,calibrated_uv_reprojection_plus_stereo_left
-54.645931243896484,-63.904537200927734,-547.748291015625,204.0281403596586,338.00417801544256,-22.227085397951214,282.9999991299078,203.99999843193208,0.5960784554481506,0.529411792755127,0.4470588266849518,calibrated_uv_reprojection_plus_stereo_left
-54.322898864746094,-64.9016342163086,-556.2822265625,208.08983532096647,334.8763475267092,-28.715519721249166,283.9999990222021,204.0000005926816,0.37254902720451355,0.30588236451148987,0.2235294133424759,calibrated_uv_reprojection_plus_stereo_left
-80.88492584228516,-65.25276184082031,-569.8971557617188,229.2103024980181,353.935280039422,-40.32260104288963,263.0000034260271,204.99999945957526,0.40392157435417175,0.34117648005485535,0.22745098173618317,calibrated_uv_reprojection_plus_stereo_left
-79.32689666748047,-64.96060180664062,-567.3333129882812,227.0449555749271,353.4332131952825,-38.33166971172835,264.0000025310263,205.0000003532767,0.47843137383461,0.43921568989753723,0.32549020648002625,calibrated_uv_reprojection_plus_stereo_left
-77.46755981445312,-64.40908813476562,-562.5045776367188,223.58323372609595,353.4226496234102,-34.60716551793547,265.00000385479996,205.00000266843205,0.6039215922355652,0.5607843399047852,0.45098039507865906,calibrated_uv_reprojection_plus_stereo_left
-75.1705551147461,-63.47098922729492,-554.2998657226562,218.1957529397788,354.1546601891912,-28.29891513085937,265.9999993939358,204.99999658700742,0.5921568870544434,0.5490196347236633,0.43921568989753723,calibrated_uv_reprojection_plus_stereo_left
-71.34127044677734,-61.18912887573242,-534.3606567382812,206.10821758022047,357.45822590560334,-13.009634715182642,267.00000378905577,205.0000034071339,0.529411792755127,0.4941176474094391,0.38823530077934265,calibrated_uv_reprojection_plus_stereo_left
-69.00733184814453,-60.13726806640625,-525.1635131835938,200.20721683013682,358.48831387775806,-5.944000099817572,268.00000014675214,205.00000379089113,0.30980393290519714,0.29019609093666077,0.19607843458652496,calibrated_uv_reprojection_plus_stereo_left
-67.85719299316406,-60.099666595458984,-524.8237915039062,199.3791418865673,357.60100746885536,-5.65805882390174,268.99999524838097,204.99999886945776,0.27843138575553894,0.2705882489681244,0.1921568661928177,calibrated_uv_reprojection_plus_stereo_left
-66.62934875488281,-59.990962982177734,-523.86328125,198.19853279845398,356.85266700488955,-4.897078813403482,270.00000192905827,205.00000310382143,0.2549019753932953,0.26274511218070984,0.2078431397676468,calibrated_uv_reprojection_plus_stereo_left
-65.62313079833984,-60.081607818603516,-524.6434936523438,198.008574440485,355.717917502169,-5.468230021395698,270.99999643275083,205.00000073381977,0.26274511218070984,0.2666666805744171,0.2235294133424759,calibrated_uv_reprojection_plus_stereo_left
-64.11915588378906,-59.71194076538086,-521.4042358398438,195.53916101561333,355.48758435505454,-2.96370173134045,272.00000153187904,204.99999892158945,0.27450981736183167,0.27843138575553894,0.250980406999588,calibrated_uv_reprojection_plus_stereo_left
-63.17253112792969,-59.85757064819336,-522.6646118164062,195.62157792110816,354.24490952302745,-3.90227664753354,272.9999991848379,204.99999954666362,0.2862745225429535,0.29019609093666077,0.25882354378700256,calibrated_uv_reprojection_plus_stereo_left
-62.242431640625,-60.02443313598633,-524.1102905273438,195.80540097642074,352.95495272549044,-4.982491622407451,273.99999801975827,204.99999643720355,0.29019609093666077,0.29411765933036804,0.2666666805744171,calibrated_uv_reprojection_plus_stereo_left
-61.384971618652344,-60.26876449584961,-526.2323608398438,196.36642621352024,351.50313006229015,-6.580019915781008,274.9999962560953,204.99999764577734,0.2980392277240753,0.3019607961177826,0.26274511218070984,calibrated_uv_reprojection_plus_stereo_left
-60.73713302612305,-60.73182678222656,-530.26416015625,197.99505232550706,349.5982305020966,-9.638235505081752,275.99999912577033,205.00000192217135,0.2980392277240753,0.3019607961177826,0.25882354378700256,calibrated_uv_reprojection_plus_stereo_left
-59.64705276489258,-60.761898040771484,-530.5152587890625,197.49451494261353,348.56658641853176,-9.804081659176347,276.9999978026402,205.00000025099774,0.3019607961177826,0.30588236451148987,0.26274511218070984,calibrated_uv_reprojection_plus_stereo_left
-58.64314270019531,-60.88270950317383,-531.55859375,197.43641104727863,347.3462999147934,-10.575863911662054,277.9999996834328,204.9999994618933,0.3019607961177826,0.30588236451148987,0.26274511218070984,calibrated_uv_reprojection_plus_stereo_left
-57.689781188964844,-61.06186294555664,-533.1112670898438,197.65996980469646,346.00051416026514,-11.73709695635955,278.99999948793754,205.0000007320785,0.3333333432674408,0.32549020648002625,0.26274511218070984,calibrated_uv_reprojection_plus_stereo_left
-56.74247360229492,-61.25482177734375,-534.7843627929688,197.94674350747084,344.6199256706692,-12.990266730553799,280.00000098231874,204.99999829078072,0.3803921639919281,0.3686274588108063,0.3019607961177826,calibrated_uv_reprojection_plus_stereo_left
-55.79686737060547,-61.457618713378906,-536.5433349609375,198.27709012894888,343.2122473621745,-14.308942861232822,281.0000007777747,205.00000199400802,0.4470588266849518,0.4000000059604645,0.33725491166114807,calibrated_uv_reprojection_plus_stereo_left
-55.058319091796875,-61.901763916015625,-540.4091796875,199.77137485257833,341.28366618672504,-17.238522472127272,282.00000101739676,205.00000099678363,0.5686274766921997,0.5176470875740051,0.45098039507865906,calibrated_uv_reprojection_plus_stereo_left
-54.67082214355469,-62.767906188964844,-547.9588623046875,203.2944818412655,338.4347418952459,-22.98449227982269,283.00000119819094,205.0000005569936,0.5254902243614197,0.47843137383461,0.38823530077934265,calibrated_uv_reprojection_plus_stereo_left
-54.343814849853516,-63.74263000488281,-556.4561157226562,207.32235540756085,335.32315737628403,-29.454206196467,284.00000179930834,205.00000117479743,0.38823530077934265,0.34117648005485535,0.250980406999588,calibrated_uv_reprojection_plus_stereo_left
-54.691444396972656,-65.56945037841797,-572.391357421875,215.4270102639648,330.32360088625114,-41.60965099797954,284.9999996427263,204.99999634033918,0.42352941632270813,0.364705890417099,0.23529411852359772,calibrated_uv_reprojection_plus_stereo_left
-80.85853576660156,-64.02265930175781,-569.681640625,228.20305352330257,354.48144241447943,-40.776953709227655,263.0000010595878,206.00000077609297,0.3960784375667572,0.3529411852359772,0.21176470816135406,calibrated_uv_reprojection_plus_stereo_left
-79.3116455078125,-63.744441986083984,-567.1943969726562,226.08589263002472,353.9614435277691,-38.84201718768395,263.9999994010102,206.00000158947142,0.40784314274787903,0.3764705955982208,0.26274511218070984,calibrated_uv_reprojection_plus_stereo_left
-77.61420440673828,-63.33496856689453,-563.539306640625,223.30486279845803,353.6980407523122,-36.01203718026949,264.9999967792225,205.99999659755133,0.572549045085907,0.5411764979362488,0.42352941632270813,calibrated_uv_reprojection_plus_stereo_left
-75.51089477539062,-62.57652282714844,-556.7794189453125,218.75565229718012,354.1119390354618,-30.802406611425454,265.9999981289791,205.99999746102225,0.5882353186607361,0.5490196347236633,0.43529412150382996,calibrated_uv_reprojection_plus_stereo_left
-71.57626342773438,-60.25263214111328,-536.0914306640625,206.26833957389346,357.55497520851236,-14.917415211573427,267.00000124739967,205.99999879885354,0.5411764979362488,0.5058823823928833,0.3960784375667572,calibrated_uv_reprojection_plus_stereo_left
-68.90251159667969,-58.93269729614258,-524.336669921875,198.9218771589899,359.13023674304725,-5.8814229740228825,267.99999752190456,205.99999738369357,0.32549020648002625,0.3019607961177826,0.20392157137393951,calibrated_uv_reprojection_plus_stereo_left
-67.68114471435547,-58.83230209350586,-523.4327392578125,197.77439362880028,358.36795062326445,-5.16278575671123,268.9999985374548,206.00000301018977,0.29019609093666077,0.27450981736183167,0.1921568661928177,calibrated_uv_reprojection_plus_stereo_left
-66.48792266845703,-58.75356674194336,-522.7214965820312,196.7383451027476,357.56619900664043,-4.591899360092327,270.0000052870676,206.0000033884747,0.25882354378700256,0.2666666805744171,0.21176470816135406,calibrated_uv_reprojection_plus_stereo_left
-65.5962905883789,-58.94328308105469,-524.3985595703125,197.05634674111718,356.2342131863054,-5.8512649387457145,271.0000036524608,205.99999904885823,0.2666666805744171,0.2705882489681244,0.21960784494876862,calibrated_uv_reprojection_plus_stereo_left
-64.2433853149414,-58.71800994873047,-522.3836669921875,195.284027088266,355.72618328267026,-4.281455665277008,271.9999995941034,206.0000008857885,0.27843138575553894,0.2823529541492462,0.239215686917305,calibrated_uv_reprojection_plus_stereo_left
-63.27800750732422,-58.84537124633789,-523.5059814453125,195.28539296641327,354.51414816299246,-5.1156113106285375,272.99999972016565,206.0000011858382,0.2862745225429535,0.29019609093666077,0.250980406999588,calibrated_uv_reprojection_plus_stereo_left
-62.32360076904297,-58.98775863647461,-524.7619018554688,195.35912429883342,353.2673183152644,-6.052015269460014,273.99999873356893,205.99999944446876,0.29019609093666077,0.29411765933036804,0.26274511218070984,calibrated_uv_reprojection_plus_stereo_left
-61.46036911010742,-59.223270416259766,-526.8462524414062,195.8948219918986,351.8248830984966,-7.622967176905945,275.00000208867306,206.0000032739572,0.29411765933036804,0.2980392277240753,0.2666666805744171,calibrated_uv_reprojection_plus_stereo_left
-60.831295013427734,-59.69738006591797,-531.0529174804688,197.6143618886536,349.881829660606,-10.81953556440709,275.99999899057974,205.99999652639085,0.2980392277240753,0.3019607961177826,0.2705882489681244,calibrated_uv_reprojection_plus_stereo_left
-59.832000732421875,-59.81926727294922,-532.1262817382812,197.57206746516408,348.6565412579687,-11.61553064102253,276.999997889745,205.9999990127323,0.2980392277240753,0.3019607961177826,0.26274511218070984,calibrated_uv_reprojection_plus_stereo_left
-58.7974739074707,-59.91005325317383,-532.9229125976562,197.37271720414356,347.4924396970837,-12.199445316685114,277.9999997228477,205.99999847924727,0.3019607961177826,0.30588236451148987,0.25882354378700256,calibrated_uv_reprojection_plus_stereo_left
-57.7973747253418,-60.04026794433594,-534.0702514648438,197.36654481564454,346.2419030016873,-13.051891750824097,278.99999757426775,205.9999995448829,0.3450980484485626,0.3294117748737335,0.27450981736183167,calibrated_uv_reprojection_plus_stereo_left
-56.79637145996094,-60.17484664916992,-535.25634765625,197.3790214654315,344.9777183027413,-13.933903053560186,280.0000000768315,205.99999943965457,0.3960784375667572,0.37254902720451355,0.30980393290519714,calibrated_uv_reprojection_plus_stereo_left
-55.844505310058594,-60.368141174316406,-536.9646606445312,197.67792911836585,343.5829776755206,-15.215716577490866,281.00000035546566,205.9999993033036,0.45490196347236633,0.4117647111415863,0.32549020648002625,calibrated_uv_reprojection_plus_stereo_left
-55.13569259643555,-60.83777618408203,-541.130859375,199.3317209321014,341.58400551570514,-18.37953091712251,281.9999991419811,205.99999967696198,0.5529412031173706,0.5058823823928833,0.41960784792900085,calibrated_uv_reprojection_plus_stereo_left
-54.6418571472168,-61.569679260253906,-547.629638671875,202.2623271179931,338.99796506465157,-23.329033583133196,283.00000223937525,206.0000018314263,0.47058823704719543,0.42352941632270813,0.3333333432674408,calibrated_uv_reprojection_plus_stereo_left
-54.21422576904297,-62.409610748291016,-555.0889282226562,205.7059050989356,336.15076707569415,-29.013320936673665,283.9999996793457,205.9999985452853,0.3921568691730499,0.3450980484485626,0.2549019753932953,calibrated_uv_reprojection_plus_stereo_left
-54.37196731567383,-63.97561264038086,-569.0056762695312,212.6785867010833,331.66984969722705,-39.64083351394214,284.99999795063525,205.9999974565785,0.40392157435417175,0.34117648005485535,0.23137255012989044,calibrated_uv_reprojection_plus_stereo_left
-80.84868621826172,-62.806304931640625,-569.5826416015625,227.26339110929422,355.00305617691174,-41.32030430349346,262.9999945795732,206.99999844428675,0.38823530077934265,0.35686275362968445,0.21176470816135406,calibrated_uv_reprojection_plus_stereo_left
-79.39836883544922,-62.609275817871094,-567.7847290039062,225.5452384447658,354.3367682971395,-39.9119430865872,263.9999968672145,206.9999960771732,0.3803921639919281,0.3490196168422699,0.23137255012989044,calibrated_uv_reprojection_plus_stereo_left
-77.78792572021484,-62.27812194824219,-564.7706298828125,223.13570085019808,353.9337332922598,-37.570096730162106,265.0000033557659,206.999999101137,0.49803921580314636,0.46666666865348816,0.3490196168422699,calibrated_uv_reprojection_plus_stereo_left
-75.77794647216797,-61.6119270324707,-558.7183837890625,218.9993020504043,354.1887332377001,-32.89632080034977,266.0000014137321,207.00000270899022,0.5764706134796143,0.545098066329956,0.4313725531101227,calibrated_uv_reprojection_plus_stereo_left
-71.7087173461914,-59.22407913208008,-537.0540771484375,205.985590904196,357.8198003998914,-16.239359867777466,267.000000728087,207.00000159268143,0.5490196347236633,0.5176470875740051,0.40784314274787903,calibrated_uv_reprojection_plus_stereo_left
-68.87908935546875,-57.799922943115234,-524.12939453125,197.99119939626996,359.63646544574283,-6.292609848945915,268.00000511356404,207.0000034569398,0.3490196168422699,0.3137255012989044,0.21960784494876862,calibrated_uv_reprojection_plus_stereo_left
-67.57017517089844,-57.62633514404297,-522.5451049804688,196.45945818363646,359.0224539685004,-5.05086392312154,268.9999999215388,207.00000182036584,0.3019607961177826,0.27843138575553894,0.19607843458652496,calibrated_uv_reprojection_plus_stereo_left
-66.44708251953125,-57.60820388793945,-522.3704833984375,195.72921629887992,358.10350417245536,-4.891118120187741,269.9999959070926,206.99999854817838,0.2666666805744171,0.2705882489681244,0.21568627655506134,calibrated_uv_reprojection_plus_stereo_left
-65.52277374267578,-57.76482391357422,-523.7804565429688,195.89413688954778,356.832997902998,-5.9474058923592,271.00000295178916,206.99999912736598,0.2705882489681244,0.27450981736183167,0.2235294133424759,calibrated_uv_reprojection_plus_stereo_left
-64.42483520507812,-57.77122497558594,-523.8283081054688,195.28798985367365,355.86229688957314,-5.958326422349444,272.00000602692774,207.00000103302008,0.2823529541492462,0.2862745225429535,0.24313725531101227,calibrated_uv_reprojection_plus_stereo_left
-63.41444778442383,-57.85783386230469,-524.6033935546875,195.09056141878085,354.7270516465769,-6.527245493508417,272.99999927220927,207.00000134280822,0.2862745225429535,0.29019609093666077,0.24705882370471954,calibrated_uv_reprojection_plus_stereo_left
-62.49287414550781,-58.03011703491211,-526.1552124023438,195.32697913304878,353.4119769197123,-7.692032588125187,273.9999983663429,206.9999979011576,0.2862745225429535,0.29019609093666077,0.24705882370471954,calibrated_uv_reprojection_plus_stereo_left
-61.55229187011719,-58.19077682495117,-527.6016845703125,195.50055368253567,352.1152408237806,-8.77584611822681,275.0000046130529,207.00000453050154,0.29411765933036804,0.2980392277240753,0.2549019753932953,calibrated_uv_reprojection_plus_stereo_left
-60.974857330322266,-58.70711898803711,-532.2728271484375,197.47207532853872,350.06708725489864,-12.333326455818849,276.0000006701473,207.00000180676517,0.2980392277240753,0.3019607961177826,0.25882354378700256,calibrated_uv_reprojection_plus_stereo_left
-59.93034744262695,-58.784828186035156,-532.9669799804688,197.21517962956864,348.92895099150235,-12.839576172642865,277.0000015348164,207.0000008332471,0.2980392277240753,0.30588236451148987,0.2549019753932953,calibrated_uv_reprojection_plus_stereo_left
-58.89524841308594,-58.87504196166992,-533.7744750976562,197.0195553693373,347.7614874923605,-13.432693436969373,277.99999988106487,207.0000000154551,0.3019607961177826,0.30980393290519714,0.2549019753932953,calibrated_uv_reprojection_plus_stereo_left
-57.899513244628906,-59.00902557373047,-534.978759765625,197.04211208884954,346.49693675718135,-14.330067164492618,279.00000086751174,206.99999950583924,0.3450980484485626,0.3333333432674408,0.2823529541492462,calibrated_uv_reprojection_plus_stereo_left
-56.83157730102539,-59.073421478271484,-535.5521240234375,196.71223499119168,345.37840364709564,-14.74342968346349,279.9999991277933,206.9999991371164,0.3921568691730499,0.37254902720451355,0.32156863808631897,calibrated_uv_reprojection_plus_stereo_left
-55.85484313964844,-59.2372932434082,-537.0272827148438,196.87922140830352,344.04072934615135,-15.848324420634356,280.99999844972683,206.9999988178157,0.4588235318660736,0.4156862795352936,0.33725491166114807,calibrated_uv_reprojection_plus_stereo_left
-55.13496398925781,-59.6861572265625,-541.0859985351562,198.46713389037677,342.0713841175178,-18.93429178504971,282.000001076639,206.99999984579557,0.5490196347236633,0.501960813999176,0.4156862795352936,calibrated_uv_reprojection_plus_stereo_left
-54.571781158447266,-60.327392578125,-546.888427734375,201.00451539694973,339.66121381166107,-23.35694707688964,282.9999996533707,206.9999971495441,0.4117647111415863,0.364705890417099,0.27450981736183167,calibrated_uv_reprojection_plus_stereo_left
-54.122962951660156,-61.12567901611328,-554.1143798828125,204.30923542780886,336.8793777966778,-28.870528302744276,284.000002141345,206.99999988396956,0.4000000059604645,0.3529411852359772,0.26274511218070984,calibrated_uv_reprojection_plus_stereo_left
-54.2123908996582,-62.58074951171875,-567.2937622070312,210.8575117304548,332.5952967281484,-38.94794516409894,284.999997956773,207.00000014142066,0.4000000059604645,0.33725491166114807,0.22745098173618317,calibrated_uv_reprojection_plus_stereo_left
-80.8650131225586,-61.61030197143555,-569.6681518554688,226.4297036975425,355.48636751155806,-42.005316583258036,262.9999993270589,208.00000133133915,0.38823530077934265,0.35686275362968445,0.21568627655506134,calibrated_uv_reprojection_plus_stereo_left
-79.25402069091797,-61.29287338256836,-566.7227172851562,224.05821166140964,355.05759450611765,-39.71279382391862,263.9999995698541,208.00000338327786,0.3843137323856354,0.3529411852359772,0.239215686917305,calibrated_uv_reprojection_plus_stereo_left
-77.7391357421875,-61.04130935668945,-564.3862915039062,222.0411241492768,354.51137511498166,-37.8887474144924,264.9999986108104,207.9999982171499,0.4313725531101227,0.4000000059604645,0.2862745225429535,calibrated_uv_reprojection_plus_stereo_left
-75.75190734863281,-60.40538024902344,-558.4962768554688,218.0068377339257,354.7273618391807,-33.33316710020887,266.0000057353238,208.00000127609698,0.5529412031173706,0.5176470875740051,0.4117647111415863,calibrated_uv_reprojection_plus_stereo_left
-72.19477081298828,-58.47784423828125,-540.6647338867188,207.2039131769584,357.5197601436113,-19.59889018840738,267.0000023673346,208.00000264821495,0.5647059082984924,0.5333333611488342,0.4274509847164154,calibrated_uv_reprojection_plus_stereo_left
-70.09815979003906,-57.690582275390625,-533.3761596679688,202.41963066238276,358.10225913059367,-13.970060042041496,268.00000126960214,207.99999950782353,0.3764705955982208,0.34117648005485535,0.250980406999588,calibrated_uv_reprojection_plus_stereo_left
-68.84854125976562,-57.58618927001953,-532.4012451171875,201.2237489666016,357.33732320687443,-13.194539260592023,269.0000052834691,208.00000298044705,0.30588236451148987,0.2823529541492462,0.20000000298023224,calibrated_uv_reprojection_plus_stereo_left
-67.62477111816406,-57.500423431396484,-531.5985107421875,200.12730949652058,356.5380299004052,-12.55143382515638,270.0000030762242,208.00000024370547,0.2666666805744171,0.2705882489681244,0.21568627655506134,calibrated_uv_reprojection_plus_stereo_left
-66.53190612792969,-57.52505111694336,-531.81640625,199.60749946960647,355.51568756087,-12.69274652060318,270.9999941623356,207.9999993087453,0.2705882489681244,0.27450981736183167,0.2235294133424759,calibrated_uv_reprojection_plus_stereo_left
-65.21800231933594,-57.356258392333984,-530.2461547851562,198.08219600140046,354.8913536387846,-11.45995127811483,272.0000003977435,207.99999764113596,0.27843138575553894,0.2823529541492462,0.239215686917305,calibrated_uv_reprojection_plus_stereo_left
-64.1750717163086,-57.42414474487305,-530.864013671875,197.78756958630862,353.7804178046846,-11.908630904002791,273.0000006120728,208.0000005481721,0.2823529541492462,0.2862745225429535,0.24313725531101227,calibrated_uv_reprojection_plus_stereo_left
-63.14177703857422,-57.50333786010742,-531.5863037109375,197.5497938936333,352.64338788431996,-12.437480765163116,273.99999611563703,207.9999967778515,0.2862745225429535,0.29019609093666077,0.24705882370471954,calibrated_uv_reprojection_plus_stereo_left
-62.10498046875,-57.58226776123047,-532.3062133789062,197.30883329991445,351.50410185216674,-12.964431076157268,275.00000015141,208.0000007894896,0.2980392277240753,0.3019607961177826,0.25882354378700256,calibrated_uv_reprojection_plus_stereo_left
-61.251190185546875,-57.8370361328125,-534.6514892578125,197.97156548500715,349.9874596030321,-14.739977403658486,275.9999996543679,207.9999976321566,0.30588236451148987,0.30980393290519714,0.2666666805744171,calibrated_uv_reprojection_plus_stereo_left
-60.15915298461914,-57.87229537963867,-534.9675903320312,197.50048752297465,348.9334219447146,-14.956493508645337,276.9999961269691,207.99999835475748,0.30588236451148987,0.30980393290519714,0.26274511218070984,calibrated_uv_reprojection_plus_stereo_left
-59.108585357666016,-57.94969177246094,-535.6732177734375,197.24460931225894,347.78687410956366,-15.472188434845577,278.00000036364895,208.0000022985751,0.30980393290519714,0.3176470696926117,0.2666666805744171,calibrated_uv_reprojection_plus_stereo_left
-58.10131072998047,-58.07351303100586,-536.807861328125,197.22439197327452,346.53636147917223,-16.317330028969934,278.9999991291579,207.99999775950795,0.33725491166114807,0.34117648005485535,0.27450981736183167,calibrated_uv_reprojection_plus_stereo_left
-57.013240814208984,-58.120025634765625,-537.2279052734375,196.80666884335864,345.45146356003244,-16.613513307468963,279.99999767426846,207.99999705201319,0.37254902720451355,0.3764705955982208,0.30980393290519714,calibrated_uv_reprojection_plus_stereo_left
-56.18292236328125,-58.43665313720703,-540.1447143554688,197.76371316895796,343.76658341742996,-18.827159162799546,281.00000031395166,208.00000033877143,0.4431372582912445,0.40392157435417175,0.32156863808631897,calibrated_uv_reprojection_plus_stereo_left
-55.54292297363281,-58.968605041503906,-545.0516357421875,199.80787990142989,341.59031175903175,-22.56881190014326,282.00000080127757,207.99999984576218,0.5098039507865906,0.4627451002597809,0.3803921639919281,calibrated_uv_reprojection_plus_stereo_left
-55.04227066040039,-59.674293518066406,-551.564208984375,202.72100192532747,339.0052261363986,-27.542953501795694,282.99999897644057,207.99999958079712,0.3843137323856354,0.3450980484485626,0.2549019753932953,calibrated_uv_reprojection_plus_stereo_left
-54.082881927490234,-59.90256118774414,-553.6638793945312,203.20246594907644,337.4778216182159,-29.128010425955438,283.9999998149131,208.00000075862408,0.38823530077934265,0.3529411852359772,0.25882354378700256,calibrated_uv_reprojection_plus_stereo_left
-54.08018493652344,-61.224143981933594,-565.8685302734375,209.19833033076293,333.4469302542758,-38.47145103442705,285.0000010554106,208.0000034094125,0.40392157435417175,0.3450980484485626,0.23529411852359772,calibrated_uv_reprojection_plus_stereo_left
-80.8604736328125,-60.39833450317383,-569.6066284179688,225.5117480445706,356.00009138811635,-42.577309713266004,262.99999992016853,209.00000064405774,0.3921568691730499,0.3450980484485626,0.2078431397676468,calibrated_uv_reprojection_plus_stereo_left
-79.2551498413086,-60.091270446777344,-566.7009887695312,223.1675136770404,355.560611628898,-40.31227144968625,263.9999975913765,209.00000047546501,0.3686274588108063,0.33725491166114807,0.23137255012989044,calibrated_uv_reprojection_plus_stereo_left
-77.79121398925781,-59.88376235961914,-564.7343139648438,221.36433398366228,354.93497441883267,-38.77039521318346,265.0000003388415,209.0000005548863,0.3843137323856354,0.3529411852359772,0.24705882370471954,calibrated_uv_reprojection_plus_stereo_left
-76.15863037109375,-59.53807067871094,-561.464599609375,218.8261210298317,354.5916448357386,-36.2256007224712,266.0000045138251,209.0000018106487,0.4941176474094391,0.4627451002597809,0.3686274588108063,calibrated_uv_reprojection_plus_stereo_left
-72.89315032958984,-57.88487243652344,-545.8649291992188,209.3114317790836,356.88739119402146,-24.18986243733309,266.9999943361925,208.99999934905205,0.5372549295425415,0.5058823823928833,0.4156862795352936,calibrated_uv_reprojection_plus_stereo_left
-70.04451751708984,-56.51508331298828,-532.9383544921875,201.34527073202128,358.66564171349467,-14.213194598275777,267.9999947669484,208.99999727468256,0.40392157435417175,0.364705890417099,0.2862745225429535,calibrated_uv_reprojection_plus_stereo_left
-68.76204681396484,-56.384986877441406,-531.702392578125,200.00412497835384,357.9572576536501,-13.235756153627506,268.99999901738954,208.99999923267103,0.3019607961177826,0.27843138575553894,0.2078431397676468,calibrated_uv_reprojection_plus_stereo_left
-67.547607421875,-56.30739212036133,-530.9615478515625,198.9445360828288,357.1450402339604,-12.639489867096472,269.99999857232086,209.00000129987518,0.2705882489681244,0.27450981736183167,0.2235294133424759,calibrated_uv_reprojection_plus_stereo_left
-66.5335464477539,-56.39714813232422,-531.7987060546875,198.7728757996909,355.9875875006827,-13.25768225842063,270.99999740451835,208.99999764179336,0.27450981736183167,0.27843138575553894,0.23137255012989044,calibrated_uv_reprojection_plus_stereo_left
-65.24624633789062,-56.25450897216797,-530.444580078125,197.37107575057007,355.31390506060353,-12.189540910795529,272.0000028349688,209.000002102987,0.2823529541492462,0.2862745225429535,0.24313725531101227,calibrated_uv_reprojection_plus_stereo_left
-64.22828674316406,-56.343284606933594,-531.2724609375,197.19263531503822,354.1561156791323,-12.800529332992653,273.0000018177829,208.9999974575392,0.2862745225429535,0.29019609093666077,0.24705882370471954,calibrated_uv_reprojection_plus_stereo_left
-63.187374114990234,-56.41482925415039,-531.9379272460938,196.92146308063803,353.0318372885821,-13.286470821865748,274.000001777687,209.00000103037354,0.29411765933036804,0.2980392277240753,0.2549019753932953,calibrated_uv_reprojection_plus_stereo_left
-62.17094039916992,-56.51133346557617,-532.8386840820312,196.77959095253357,351.8513863719034,-13.953369336937442,275.0000011146624,209.0000021585034,0.3019607961177826,0.30588236451148987,0.26274511218070984,calibrated_uv_reprojection_plus_stereo_left
-61.339473724365234,-56.782745361328125,-535.3884887695312,197.55160826741803,350.28890900948056,-15.888834153828554,275.9999970948335,208.99999625507735,0.30980393290519714,0.3137255012989044,0.2705882489681244,calibrated_uv_reprojection_plus_stereo_left
-60.24637222290039,-56.817718505859375,-535.7090454101562,197.08154414764016,349.23279262985375,-16.109131821054632,276.99999890382855,209.00000134218544,0.3137255012989044,0.3176470696926117,0.27450981736183167,calibrated_uv_reprojection_plus_stereo_left
-59.181297302246094,-56.881103515625,-536.29736328125,196.7587269783955,348.1128958983913,-16.535358911233402,277.99999935577455,208.99999665923903,0.3137255012989044,0.3176470696926117,0.27450981736183167,calibrated_uv_reprojection_plus_stereo_left
-58.17283248901367,-57.00255584716797,-537.4332275390625,196.7365892720639,346.8619778130712,-17.382692730355245,279.0000037826688,209.00000094416055,0.3333333432674408,0.32156863808631897,0.27450981736183167,calibrated_uv_reprojection_plus_stereo_left
-57.05686950683594,-57.02153778076172,-537.6029052734375,196.17950771850366,345.83564815231546,-17.486781697727338,280.0000000011134,209.00000073606046,0.3764705955982208,0.3607843220233917,0.30980393290519714,calibrated_uv_reprojection_plus_stereo_left
-56.21590042114258,-57.321834564208984,-540.4247436523438,197.079325837436,344.17535313770173,-19.630583973666717,280.99999707015553,208.9999966713574,0.43529412150382996,0.4000000059604645,0.33725491166114807,calibrated_uv_reprojection_plus_stereo_left
-55.527095794677734,-57.7930908203125,-544.8583374023438,198.85593498019642,342.1167899115579,-23.013606841038325,282.0000013973806,209.00000118025753,0.46666666865348816,0.42352941632270813,0.35686275362968445,calibrated_uv_reprojection_plus_stereo_left
-55.03495407104492,-58.49346160888672,-551.4517211914062,201.8033243071444,339.5182332783966,-28.05703619288522,283.0000005072332,209.00000099633212,0.3960784375667572,0.3490196168422699,0.2666666805744171,calibrated_uv_reprojection_plus_stereo_left
-54.16427993774414,-58.813255310058594,-554.4569702148438,202.77594412279257,337.7717259868671,-30.340760104150036,283.9999971955831,208.99999657486995,0.3921568691730499,0.3490196168422699,0.26274511218070984,calibrated_uv_reprojection_plus_stereo_left
-53.991790771484375,-59.922210693359375,-564.90185546875,207.7933317054264,334.1832157331145,-38.344437553049374,285.00000060582744,209.00000248897015,0.3921568691730499,0.3529411852359772,0.22745098173618317,calibrated_uv_reprojection_plus_stereo_left
-80.912109375,-59.22772979736328,-569.9407958984375,224.8194081639482,356.4326484294565,-43.45427781029218,262.9999992672609,210.00000100981828,0.3921568691730499,0.3450980484485626,0.2078431397676468,calibrated_uv_reprojection_plus_stereo_left
-79.26905059814453,-58.89923095703125,-566.7705688476562,222.32878208223298,356.0447249561843,-40.98211032724896,263.9999944710094,209.99999863023487,0.35686275362968445,0.32156863808631897,0.23137255012989044,calibrated_uv_reprojection_plus_stereo_left
-77.83943176269531,-58.72180938720703,-565.0542602539062,220.6705270364978,355.3650489669718,-39.63116217567165,265.0000003675193,210.00000212442146,0.3686274588108063,0.3333333432674408,0.24313725531101227,calibrated_uv_reprojection_plus_stereo_left
-76.4277114868164,-58.552696228027344,-563.4179077148438,219.06158526792296,354.6746837726454,-38.342014484180766,266.00000210005624,210.000001748731,0.42352941632270813,0.40392157435417175,0.30588236451148987,calibrated_uv_reprojection_plus_stereo_left
-73.76739501953125,-57.406681060791016,-552.381591796875,212.1464732383373,355.9848133846225,-29.806967505012437,267.0000016029361,209.99999992015256,0.49803921580314636,0.4745098054409027,0.3803921639919281,calibrated_uv_reprojection_plus_stereo_left
-70.13455963134766,-55.45504379272461,-533.5938720703125,200.88854072554687,358.9942468996031,-15.298132017437865,268.00000033387096,209.99999964536096,0.41960784792900085,0.3843137323856354,0.30588236451148987,calibrated_uv_reprojection_plus_stereo_left
-68.70977020263672,-55.214237213134766,-531.2682495117188,198.9355453738105,358.51882242807085,-13.479489390273443,268.99999930050365,209.99999738580863,0.3019607961177826,0.27450981736183167,0.2078431397676468,calibrated_uv_reprojection_plus_stereo_left
-67.51272583007812,-55.15159606933594,-530.6570434570312,197.95032398153313,357.6785565847654,-12.982397505438087,269.9999991093015,210.00000186102756,0.2705882489681244,0.27450981736183167,0.22745098173618317,calibrated_uv_reprojection_plus_stereo_left
-66.5597915649414,-55.289737701416016,-531.9776611328125,198.04843091402626,356.41629411728525,-13.97414552895799,271.00000070321033,210.00000142490916,0.27843138575553894,0.27843138575553894,0.23137255012989044,calibrated_uv_reprojection_plus_stereo_left
-65.32137298583984,-55.1915168762207,-531.0240478515625,196.87228766776582,355.65246766342864,-13.213202400541661,271.9999984520996,209.99999816312777,0.2862745225429535,0.29019609093666077,0.24705882370471954,calibrated_uv_reprojection_plus_stereo_left
-64.28529357910156,-55.26392364501953,-531.712158203125,196.6138510345454,354.5255722851801,-13.717406670192133,272.99999620564824,209.9999977394136,0.29411765933036804,0.2980392277240753,0.2549019753932953,calibrated_uv_reprojection_plus_stereo_left
-63.22618103027344,-55.318870544433594,-532.2322998046875,196.26018082612353,353.4337978754906,-14.092118661762925,274.0000022440778,210.00000092241226,0.2980392277240753,0.3019607961177826,0.25882354378700256,calibrated_uv_reprojection_plus_stereo_left
-62.21196746826172,-55.41591262817383,-533.1574096679688,196.13000938075805,352.2481045709505,-14.778790241809986,275.0000016595716,210.0000029707938,0.3019607961177826,0.30588236451148987,0.26274511218070984,calibrated_uv_reprojection_plus_stereo_left
-61.42184066772461,-55.719940185546875,-536.0737915039062,197.10070742671803,350.60348297172504,-16.999476503583423,275.9999980631898,209.99999807892692,0.30588236451148987,0.30980393290519714,0.2666666805744171,calibrated_uv_reprojection_plus_stereo_left
-60.35251998901367,-55.77747344970703,-536.6187133789062,196.75328050061398,349.4946954308443,-17.39297607643067,277.00000232963373,210.00000093267298,0.30980393290519714,0.3137255012989044,0.2705882489681244,calibrated_uv_reprojection_plus_stereo_left
-59.2546501159668,-55.81044387817383,-536.92724609375,196.2740546923515,348.4386920920545,-17.604319616685984,277.99999950623516,209.9999980833318,0.30980393290519714,0.3137255012989044,0.2705882489681244,calibrated_uv_reprojection_plus_stereo_left
-58.22439956665039,-55.909759521484375,-537.8740844726562,196.14529227789052,347.2319188650699,-18.307300194106176,279.00000022099266,209.99999976868992,0.32549020648002625,0.32549020648002625,0.26274511218070984,calibrated_uv_reprojection_plus_stereo_left
-57.1075553894043,-55.92835235595703,-538.0443115234375,195.58764516546353,346.2048269943345,-18.412020015173255,279.99999924071426,210.00000084863393,0.3686274588108063,0.364705890417099,0.29411765933036804,calibrated_uv_reprojection_plus_stereo_left
-56.22410202026367,-56.181053161621094,-540.4666748046875,196.26357435345517,344.6412520211244,-20.251254754232832,281.00000387919465,210.0000022723558,0.41960784792900085,0.40392157435417175,0.3333333432674408,calibrated_uv_reprojection_plus_stereo_left
-55.5233039855957,-56.63065719604492,-544.7831420898438,197.969152657405,342.6146258270651,-23.54894289199791,282.00000093311706,210.00000253405148,0.42352941632270813,0.40392157435417175,0.3294117748737335,calibrated_uv_reprojection_plus_stereo_left
-54.9752197265625,-57.25849914550781,-550.8140258789062,200.59946693802436,340.15790606228586,-28.16643015588818,282.99999919491574,209.9999981158909,0.38823530077934265,0.3529411852359772,0.26274511218070984,calibrated_uv_reprojection_plus_stereo_left
-54.204593658447266,-57.676841735839844,-554.8294677734375,202.11799771592638,338.1693929981693,-31.231381197704877,283.9999991347529,209.9999989390294,0.3921568691730499,0.35686275362968445,0.26274511218070984,calibrated_uv_reprojection_plus_stereo_left
-53.893428802490234,-58.6135368347168,-563.8310546875,206.33477063615442,334.94333549751923,-38.1351510890313,285.00000131190035,209.99999976526144,0.38823530077934265,0.3490196168422699,0.21176470816135406,calibrated_uv_reprojection_plus_stereo_left
-79.3018569946289,-57.720645904541016,-566.9754028320312,221.56649746450103,356.5011190334018,-41.75653950788251,264.00000239833554,211.00000047549153,0.3450980484485626,0.32156863808631897,0.23137255012989044,calibrated_uv_reprojection_plus_stereo_left
-77.86558532714844,-57.542179107666016,-565.2139892578125,219.88507601663747,355.8289642048493,-40.368936189704584,264.9999978157296,211.00000025760215,0.3529411852359772,0.32549020648002625,0.239215686917305,calibrated_uv_reprojection_plus_stereo_left
-76.49544525146484,-57.40791320800781,-563.8867797851562,218.45293555291238,355.07213449562715,-39.31670425285199,266.00000070434425,210.99999933737803,0.364705890417099,0.34117648005485535,0.25882354378700256,calibrated_uv_reprojection_plus_stereo_left
-74.51659393310547,-56.805477142333984,-557.9611206054688,214.43337434407692,355.2917553779481,-34.71483786707944,266.99999629237493,211.00000060106524,0.4588235318660736,0.43529412150382996,0.3529411852359772,calibrated_uv_reprojection_plus_stereo_left
-70.44403076171875,-54.56216049194336,-535.9186401367188,201.3681208870325,358.96821510119435,-17.672995652982422,268.0000022196,211.00000251169138,0.4274509847164154,0.40392157435417175,0.32549020648002625,calibrated_uv_reprojection_plus_stereo_left
-68.70384216308594,-54.08179473876953,-531.1925048828125,198.06933393127287,359.0025824926097,-13.998918285556272,268.9999996074837,211.00000014817655,0.3019607961177826,0.2862745225429535,0.2078431397676468,calibrated_uv_reprojection_plus_stereo_left
-67.57062530517578,-54.071327209472656,-531.081787109375,197.3652264730032,358.0534315288882,-13.887481773072636,269.999998093435,210.99999748253052,0.27843138575553894,0.2823529541492462,0.21960784494876862,calibrated_uv_reprojection_plus_stereo_left
-66.59307098388672,-54.18728256225586,-532.2128295898438,197.3548182470418,356.83302737421354,-14.73438617255033,271.000005803522,211.00000087335326,0.27843138575553894,0.2823529541492462,0.2235294133424759,calibrated_uv_reprojection_plus_stereo_left
-65.44886016845703,-54.16938781738281,-532.0291748046875,196.6089010349653,355.89820071254525,-14.566618292965472,272.0000042808445,211.0000004033477,0.2823529541492462,0.2862745225429535,0.24313725531101227,calibrated_uv_reprojection_plus_stereo_left
-64.36900329589844,-54.20517349243164,-532.3727416992188,196.15651769053437,354.8466950594965,-14.805697140231928,273.0000002408759,210.9999997970144,0.29019609093666077,0.29411765933036804,0.250980406999588,calibrated_uv_reprojection_plus_stereo_left
-63.27920913696289,-54.23383331298828,-532.6463012695312,195.66435944697741,353.8094717521196,-14.99071980036939,273.99999843264993,210.99999821476854,0.2980392277240753,0.3019607961177826,0.25882354378700256,calibrated_uv_reprojection_plus_stereo_left
-62.220947265625,-54.291160583496094,-533.201416015625,195.3273307200655,352.7074732382488,-15.392948243976264,274.999996906925,210.9999981929449,0.3019607961177826,0.30588236451148987,0.26274511218070984,calibrated_uv_reprojection_plus_stereo_left
-61.53478240966797,-54.68137741088867,-537.02587890625,196.79505292713787,350.8584908814047,-18.31744651321486,276.0000029828335,211.0000033139537,0.30980393290519714,0.3137255012989044,0.2705882489681244,calibrated_uv_reprojection_plus_stereo_left
-60.4338264465332,-54.710853576660156,-537.307373046875,196.3003519600553,349.8089635908947,-18.50831061322117,277.00000259897325,211.00000194082253,0.3137255012989044,0.3176470696926117,0.27450981736183167,calibrated_uv_reprojection_plus_stereo_left
-59.335853576660156,-54.74433517456055,-537.628173828125,195.82649540601864,348.74915848676596,-18.729463709843515,277.99999909494386,210.99999878072674,0.3137255012989044,0.3176470696926117,0.27450981736183167,calibrated_uv_reprojection_plus_stereo_left
-58.28106689453125,-54.81986999511719,-538.3619995117188,195.57844153023575,347.5916635587804,-19.269174912976837,278.9999970555886,211.00000003062064,0.32549020648002625,0.3294117748737335,0.2666666805744171,calibrated_uv_reprojection_plus_stereo_left
-57.15397644042969,-54.82918930053711,-538.4454956054688,194.97237670917434,346.5842445830648,-19.3072013910961,280.00000000745246,210.99999748035498,0.3686274588108063,0.3686274588108063,0.2980392277240753,calibrated_uv_reprojection_plus_stereo_left
-56.20094680786133,-55.00938415527344,-540.2070922851562,195.28294316136737,345.17869092879914,-20.639474436443948,281.00000119852973,211.00000028159033,0.4156862795352936,0.40784314274787903,0.33725491166114807,calibrated_uv_reprojection_plus_stereo_left
-55.47351837158203,-55.42258071899414,-544.2567138671875,196.8365818751363,343.220096788094,-23.736124435783438,282.0000011076819,211.00000061214038,0.40392157435417175,0.3921568691730499,0.32156863808631897,calibrated_uv_reprojection_plus_stereo_left
-54.87910079956055,-55.98910903930664,-549.8118896484375,199.19932396373196,340.8841685831898,-27.99340102773624,282.9999971703288,210.99999752305808,0.3843137323856354,0.3529411852359772,0.26274511218070984,calibrated_uv_reprojection_plus_stereo_left
-54.217857360839844,-56.5106315612793,-554.925048828125,201.3085774108647,338.6348735708061,-31.909288264970485,284.0000008754856,211.0000030830894,0.3921568691730499,0.35686275362968445,0.2666666805744171,calibrated_uv_reprojection_plus_stereo_left
-53.97111511230469,-57.4969482421875,-564.60205078125,205.87698160813028,335.25157728149,-39.34368766766676,284.99999918830576,210.99999675727315,0.3960784375667572,0.35686275362968445,0.22745098173618317,calibrated_uv_reprojection_plus_stereo_left
-79.0338134765625,-56.326759338378906,-565.029296875,219.58738583637097,357.3987144078486,-40.868353214797594,264.0000010598648,211.99999821222085,0.34117648005485535,0.32156863808631897,0.22745098173618317,calibrated_uv_reprojection_plus_stereo_left
-77.46431732177734,-56.05257797241211,-562.2713012695312,217.3486873575717,356.93467205505954,-38.708485850094974,264.99999768184045,211.9999984760626,0.33725491166114807,0.3176470696926117,0.2235294133424759,calibrated_uv_reprojection_plus_stereo_left
-76.11148834228516,-55.92920684814453,-561.0261840820312,215.96830196198994,356.1649655501043,-37.7184665344862,266.00000447190536,212.0000009829617,0.34117648005485535,0.3176470696926117,0.24705882370471954,calibrated_uv_reprojection_plus_stereo_left
-74.35686492919922,-55.50213623046875,-556.7346801757812,212.8793802327088,356.04074964334995,-34.37359859785255,267.00000107190226,211.9999993442212,0.3843137323856354,0.364705890417099,0.29411765933036804,calibrated_uv_reprojection_plus_stereo_left
-71.60757446289062,-54.307125091552734,-544.7402954101562,205.48257544880232,357.56718746300857,-25.074925014015207,267.9999993674026,211.99999859704945,0.4000000059604645,0.38823530077934265,0.3176470696926117,calibrated_uv_reprojection_plus_stereo_left
-69.93323516845703,-53.901798248291016,-540.667236328125,202.54570330651006,357.4414434450316,-21.900107570217415,268.9999957725225,211.99999752872833,0.30980393290519714,0.3019607961177826,0.23137255012989044,calibrated_uv_reprojection_plus_stereo_left
-68.67546081542969,-53.80954360961914,-539.7345581054688,201.3714479459813,356.6523548656726,-21.15284902306388,269.9999960556025,211.99999758236618,0.2823529541492462,0.2862745225429535,0.2235294133424759,calibrated_uv_reprojection_plus_stereo_left
-67.4966812133789,-53.77722930908203,-539.4031372070312,200.53422593487534,355.7356012121899,-20.870353762934144,270.9999968655485,211.99999868829238,0.27843138575553894,0.2862745225429535,0.2235294133424759,calibrated_uv_reprojection_plus_stereo_left
-66.27734375,-53.711055755615234,-538.7321166992188,199.50897071579476,354.8944853532858,-20.325447691641955,272.0000012179825,212.00000043251435,0.2823529541492462,0.2862745225429535,0.239215686917305,calibrated_uv_reprojection_plus_stereo_left
-65.1430892944336,-53.71283721923828,-538.74267578125,198.86321448430266,353.9047655870954,-20.307287144533973,272.9999955727462,211.99999954920776,0.29019609093666077,0.29411765933036804,0.24705882370471954,calibrated_uv_reprojection_plus_stereo_left
-64.0180892944336,-53.72257614135742,-538.8330688476562,198.26149913486273,352.8970222299697,-20.350809598824583,274.0000027990335,212.00000065871927,0.2980392277240753,0.3019607961177826,0.25882354378700256,calibrated_uv_reprojection_plus_stereo_left
-62.89786911010742,-53.73686218261719,-538.9690551757812,197.68464722488818,351.8785451688258,-20.429546384254763,274.99999974292416,212.00000090483164,0.3019607961177826,0.30588236451148987,0.2666666805744171,calibrated_uv_reprojection_plus_stereo_left
-61.72637939453125,-53.707191467285156,-538.6641235351562,196.86446370467866,350.9594774944469,-20.167612534507043,275.9999958105182,211.9999974423239,0.30588236451148987,0.30980393290519714,0.27450981736183167,calibrated_uv_reprojection_plus_stereo_left
-60.61716842651367,-53.73173904418945,-538.903076171875,196.34388030276216,349.91694947763597,-20.325884967508784,277.0000036854289,212.00000221482432,0.3137255012989044,0.3176470696926117,0.27843138575553894,calibrated_uv_reprojection_plus_stereo_left
-59.55227279663086,-53.79738235473633,-539.5541381835938,196.0486678378046,348.7783695646191,-20.802481365132905,278.00000348810045,212.00000282381987,0.3176470696926117,0.32156863808631897,0.27843138575553894,calibrated_uv_reprojection_plus_stereo_left
-58.489566802978516,-53.867733001708984,-540.2523193359375,195.7775773883314,347.62630278940213,-21.3154036519349,278.99999704364495,211.99999705922443,0.3294117748737335,0.3294117748737335,0.2666666805744171,calibrated_uv_reprojection_plus_stereo_left
-57.44712448120117,-53.96004867553711,-541.1708374023438,195.62500798808702,346.41990274912763,-21.998445147877646,279.9999972911387,211.99999718298562,0.3686274588108063,0.364705890417099,0.29411765933036804,calibrated_uv_reprojection_plus_stereo_left
-56.48434829711914,-54.13259506225586,-542.8939819335938,195.90852239590322,345.02000705587534,-23.302847890288888,280.9999981840763,211.99999916055637,0.40784314274787903,0.4000000059604645,0.3333333432674408,calibrated_uv_reprojection_plus_stereo_left
-55.63364028930664,-54.42205810546875,-545.7896118164062,196.82518519425173,343.334656713047,-25.51259065364303,281.9999987457301,212.00000076621245,0.3843137323856354,0.37254902720451355,0.30588236451148987,calibrated_uv_reprojection_plus_stereo_left
-54.897029876708984,-54.837890625,-549.9524536132812,198.422119998751,341.33468024734435,-28.700652903196783,282.99999841073225,211.99999984351618,0.3803921639919281,0.3490196168422699,0.26274511218070984,calibrated_uv_reprojection_plus_stereo_left
-54.05617904663086,-55.16547393798828,-553.2301635742188,199.52981043119314,339.53312279202567,-31.20480087783767,283.9999998267059,211.99999847354593,0.3960784375667572,0.3607843220233917,0.27450981736183167,calibrated_uv_reprojection_plus_stereo_left
-53.87895965576172,-56.19990158081055,-563.5963745117188,204.45734722162712,335.9937077588586,-39.182049932153575,285.0000017270647,212.00000196161088,0.40784314274787903,0.364705890417099,0.24313725531101227,calibrated_uv_reprojection_plus_stereo_left
-79.00995635986328,-55.11143493652344,-564.8290405273438,218.59872874871235,357.936625639177,-41.32770232245514,263.9999994304744,212.99999990381124,0.34117648005485535,0.32156863808631897,0.22745098173618317,calibrated_uv_reprojection_plus_stereo_left
-77.47039794921875,-54.86392593383789,-562.2855224609375,216.48515067899513,357.4263891923399,-39.33094521864763,265.0000012527445,213.00000160531113,0.32549020648002625,0.30588236451148987,0.21568627655506134,calibrated_uv_reprojection_plus_stereo_left
-76.14208984375,-54.76076889038086,-561.221435546875,215.20825567430262,356.6179906928031,-38.47976335911329,266.0000022659077,213.00000036459667,0.32549020648002625,0.30980393290519714,0.23529411852359772,calibrated_uv_reprojection_plus_stereo_left
-74.56415557861328,-54.47209930419922,-558.2561645507812,212.86869811658067,356.2117481727383,-36.15693204904187,266.9999993408997,213.00000013699287,0.3294117748737335,0.30980393290519714,0.239215686917305,calibrated_uv_reprojection_plus_stereo_left
-71.87461853027344,-53.34919738769531,-546.741455078125,205.7567346294124,357.62347310118366,-27.21648771607397,268.0000019670304,212.99999977556308,0.3607843220233917,0.34117648005485535,0.2705882489681244,calibrated_uv_reprojection_plus_stereo_left
-70.02275848388672,-52.82170486450195,-541.3289184570312,202.07648788324929,357.77611340201634,-23.00039765245765,269.0000002731492,212.99999950383474,0.3176470696926117,0.2980392277240753,0.23529411852359772,calibrated_uv_reprojection_plus_stereo_left
-68.72354888916016,-52.70064163208008,-540.0816650390625,200.72771155078027,357.05267385392455,-22.008663587207423,269.9999991798299,213.00000115639344,0.29019609093666077,0.2823529541492462,0.23529411852359772,calibrated_uv_reprojection_plus_stereo_left
-67.5284423828125,-52.65678787231445,-539.6256713867188,199.82132922302253,356.1620424606908,-21.629424510770093,270.9999971581212,213.0000018963111,0.2862745225429535,0.2823529541492462,0.23529411852359772,calibrated_uv_reprojection_plus_stereo_left
-66.31585693359375,-52.59769058227539,-539.013427734375,198.82935749393596,355.30710103679564,-21.129304884974545,271.9999999297279,212.99999865137394,0.2823529541492462,0.2862745225429535,0.239215686917305,calibrated_uv_reprojection_plus_stereo_left
-65.18649291992188,-52.603797912597656,-539.0694580078125,198.20831548007033,354.30686986774975,-21.146374616038713,273.0000012616555,213.0000005940294,0.29411765933036804,0.2980392277240753,0.250980406999588,calibrated_uv_reprojection_plus_stereo_left
-64.059814453125,-52.61244201660156,-539.1514892578125,197.60138808663817,353.30050570321305,-21.183554449767314,273.99999913159536,213.00000317367815,0.2980392277240753,0.3019607961177826,0.25882354378700256,calibrated_uv_reprojection_plus_stereo_left
-62.94174575805664,-52.628726959228516,-539.311767578125,197.03724519155077,352.2761411008119,-21.281262040015974,275.00000120443303,213.0000015452427,0.2980392277240753,0.3019607961177826,0.2666666805744171,calibrated_uv_reprojection_plus_stereo_left
-61.77163314819336,-52.60141372680664,-539.0252685546875,196.227175887285,351.3520370356822,-21.033285381701944,275.999999930729,212.99999935809134,0.3019607961177826,0.30588236451148987,0.27843138575553894,calibrated_uv_reprojection_plus_stereo_left
-60.67789077758789,-52.63945007324219,-539.408447265625,195.78478624587575,350.27622723692633,-21.30341987372151,276.99999726189117,212.9999988523338,0.30980393290519714,0.3137255012989044,0.27843138575553894,calibrated_uv_reprojection_plus_stereo_left
-59.592288970947266,-52.68627166748047,-539.8816528320312,195.39060394233093,349.17817495224193,-21.643157023530023,278.0000020026635,212.99999953514572,0.3176470696926117,0.32156863808631897,0.27843138575553894,calibrated_uv_reprojection_plus_stereo_left
-58.53541564941406,-52.76093673706055,-540.64013671875,195.15086932469023,348.0121876291611,-22.20351662925708,278.9999982153862,212.9999984565514,0.32549020648002625,0.3294117748737335,0.27450981736183167,calibrated_uv_reprojection_plus_stereo_left
-57.47184371948242,-52.832550048828125,-541.3673706054688,194.89217517456348,346.85055545046885,-22.739628511993942,280.0000016626162,213.00000082566905,0.3529411852359772,0.3607843220233917,0.29411765933036804,calibrated_uv_reprojection_plus_stereo_left
-56.522789001464844,-53.01461410522461,-543.226318359375,195.24649452792096,345.4199017798644,-24.150976624080272,281.0000016695441,213.0000009708493,0.3960784375667572,0.38823530077934265,0.32156863808631897,calibrated_uv_reprojection_plus_stereo_left
-55.64633560180664,-53.273868560791016,-545.8761596679688,196.0249512640056,343.7947851706897,-26.173809011292235,282.0000035431268,213.00000117042862,0.3686274588108063,0.35686275362968445,0.29019609093666077,calibrated_uv_reprojection_plus_stereo_left
-54.90485382080078,-53.67618179321289,-549.9917602539062,197.58970257492365,341.80963546089606,-29.32991078551339,282.99999861841155,212.9999993990756,0.364705890417099,0.3450980484485626,0.25882354378700256,calibrated_uv_reprojection_plus_stereo_left
-54.07624053955078,-54.00901412963867,-553.3953857421875,198.7601384545298,339.98061348312865,-31.935043385406743,283.99999941456275,213.00000200058258,0.38823530077934265,0.364705890417099,0.27450981736183167,calibrated_uv_reprojection_plus_stereo_left
-53.91697692871094,-55.04000473022461,-563.9523315429688,203.77402421320636,336.40378943695043,-40.07109948799774,284.999998204101,212.99999771689386,0.4117647111415863,0.37254902720451355,0.24313725531101227,calibrated_uv_reprojection_plus_stereo_left
-79.06946563720703,-53.95383071899414,-565.2247314453125,217.94579818697053,358.3531035481328,-42.24869454688792,263.999996084308,213.99999979742958,0.3490196168422699,0.3333333432674408,0.2549019753932953,calibrated_uv_reprojection_plus_stereo_left
-77.50718688964844,-53.69647216796875,-562.5225219726562,215.74657602275965,357.8724718767163,-40.126161224544205,264.99999421417874,213.99999733740418,0.30980393290519714,0.2980392277240753,0.21960784494876862,calibrated_uv_reprojection_plus_stereo_left
-76.1918716430664,-53.60498046875,-561.5580444335938,214.52673696853805,357.04212553312897,-39.35108245599014,266.00000168237347,214.0000010867951,0.30980393290519714,0.29411765933036804,0.239215686917305,calibrated_uv_reprojection_plus_stereo_left
-74.69235229492188,-53.379066467285156,-559.1853637695312,212.52237732977147,356.50902577009873,-37.484437601450566,266.999999845131,214.00000085553057,0.3019607961177826,0.29019609093666077,0.23137255012989044,calibrated_uv_reprojection_plus_stereo_left
-72.22384643554688,-52.44243240356445,-549.3674926757812,206.37304180834377,357.55174655451935,-29.846793060032894,268.0000014457697,214.00000056907282,0.30588236451148987,0.3019607961177826,0.22745098173618317,calibrated_uv_reprojection_plus_stereo_left
-70.1174087524414,-51.74256896972656,-542.0301513671875,201.62721041450902,358.1035571720142,-24.132792012986783,269.0000039379663,214.00000227780524,0.29411765933036804,0.29019609093666077,0.2235294133424759,calibrated_uv_reprojection_plus_stereo_left
-68.77347564697266,-51.59163284301758,-540.443115234375,200.0908604634796,357.4505416639396,-22.876353692294174,269.9999949399118,213.99999670701703,0.29019609093666077,0.2862745225429535,0.23137255012989044,calibrated_uv_reprojection_plus_stereo_left
-67.5629653930664,-51.53750228881836,-539.8703002929688,199.1199679446931,356.58410170472825,-22.40610871537706,271.00000317037063,214.0000012627324,0.2862745225429535,0.2862745225429535,0.23529411852359772,calibrated_uv_reprojection_plus_stereo_left
-66.36006927490234,-51.4875373840332,-539.341064453125,198.17445690946784,355.7101240771338,-21.969684777578436,272.00000291407997,214.0000001135723,0.2823529541492462,0.2862745225429535,0.24313725531101227,calibrated_uv_reprojection_plus_stereo_left
-65.22797393798828,-51.49182891845703,-539.3801879882812,197.5435492130528,354.7130931115875,-21.97374114451128,272.9999947687903,213.9999997251961,0.29019609093666077,0.29411765933036804,0.250980406999588,calibrated_uv_reprojection_plus_stereo_left
-64.09048461914062,-51.492069244384766,-539.3768920898438,196.8890967785931,353.7251515308227,-21.944920726013493,274.00000160140434,214.0000008901714,0.29019609093666077,0.29411765933036804,0.250980406999588,calibrated_uv_reprojection_plus_stereo_left
-62.99120330810547,-51.523685455322266,-539.7022705078125,196.4150043860173,352.6636723253106,-22.170761370765376,275.00000437735355,214.00000354082428,0.29411765933036804,0.2980392277240753,0.25882354378700256,calibrated_uv_reprojection_plus_stereo_left
-61.84865188598633,-51.520545959472656,-539.6635131835938,195.74055674453444,351.68284576375925,-22.114440742527336,276.00000186568315,214.00000022783252,0.2980392277240753,0.3019607961177826,0.2666666805744171,calibrated_uv_reprojection_plus_stereo_left
-60.7476921081543,-51.55270767211914,-539.9945678710938,195.26823894961439,350.61806241713106,-22.34462413841277,277.0000017478262,214.0000007260144,0.30588236451148987,0.30980393290519714,0.2705882489681244,calibrated_uv_reprojection_plus_stereo_left
-59.629791259765625,-51.57157516479492,-540.1863403320312,194.7190609010305,349.5837896263134,-22.466871763207052,277.9999994735376,213.99999922808016,0.3137255012989044,0.3176470696926117,0.27450981736183167,calibrated_uv_reprojection_plus_stereo_left
-58.55517578125,-51.62947463989258,-540.7869873046875,194.39181436244343,348.4543444444739,-22.905823559525743,279.00000199861734,214.0000013638911,0.32549020648002625,0.3294117748737335,0.27843138575553894,calibrated_uv_reprojection_plus_stereo_left
-57.554847717285156,-51.75661087036133,-542.11279296875,194.4567576057746,347.1539447274446,-23.90640281871549,279.9999993463688,214.00000082812988,0.3490196168422699,0.3529411852359772,0.2980392277240753,calibrated_uv_reprojection_plus_stereo_left
-56.57489013671875,-51.907737731933594,-543.6898193359375,194.65449130424383,345.78965451554564,-25.10142482535514,280.9999990152087,213.999997694018,0.3764705955982208,0.3686274588108063,0.30588236451148987,calibrated_uv_reprojection_plus_stereo_left
-55.688533782958984,-52.152915954589844,-546.2520141601562,195.38082354921767,344.18675233917224,-27.059287161099746,282.00000161191355,214.0000032735229,0.3529411852359772,0.34117648005485535,0.27450981736183167,calibrated_uv_reprojection_plus_stereo_left
-54.94207000732422,-52.54240036010742,-550.3255004882812,196.915946585788,342.21458507628654,-30.18728146801874,283.0000016879467,214.00000015997534,0.35686275362968445,0.34117648005485535,0.25882354378700256,calibrated_uv_reprojection_plus_stereo_left
-54.147396087646484,-52.901763916015625,-554.0834350585938,198.27129187091913,340.3029978440778,-33.07051764727299,284.0000000357761,213.99999851889356,0.38823530077934265,0.37254902720451355,0.29019609093666077,calibrated_uv_reprojection_plus_stereo_left
-53.921875,-53.84550476074219,-563.9619140625,202.90360335618078,336.8982156053502,-40.692726805531606,285.00000016907325,213.9999994463816,0.4274509847164154,0.3843137323856354,0.2666666805744171,calibrated_uv_reprojection_plus_stereo_left
-79.15251159667969,-52.81024169921875,-565.7886962890625,217.38598649193523,358.7362325258735,-43.30121078346758,264.0000014100643,215.00000005943033,0.3686274588108063,0.3529411852359772,0.2666666805744171,calibrated_uv_reprojection_plus_stereo_left
-77.54401397705078,-52.52802276611328,-562.7598876953125,215.0074429663565,358.31889404778804,-40.92219031829245,265.0000005875415,215.00000197977403,0.3137255012989044,0.2980392277240753,0.21568627655506134,calibrated_uv_reprojection_plus_stereo_left
-76.20823669433594,-52.42475891113281,-561.6483154296875,213.70662141110643,357.5175992117762,-40.031897794808,265.9999985140791,215.00000078559873,0.29411765933036804,0.27843138575553894,0.21960784494876862,calibrated_uv_reprojection_plus_stereo_left
-74.75870513916016,-52.238861083984375,-559.6514892578125,211.91516484970532,356.90417104239435,-38.45448867691431,267.0000001259084,215.00000038332155,0.29411765933036804,0.2823529541492462,0.22745098173618317,calibrated_uv_reprojection_plus_stereo_left
-72.47540283203125,-51.455162048339844,-551.2503662109375,206.56803824576178,357.6404361528316,-31.905939652811753,268.0000032683272,215.00000324455783,0.2666666805744171,0.2705882489681244,0.22745098173618317,calibrated_uv_reprojection_plus_stereo_left
-70.26312255859375,-50.69728469848633,-543.1259155273438,201.39461956885242,358.3488210700203,-25.572950897922624,268.9999957186262,214.99999690317813,0.27843138575553894,0.2823529541492462,0.23529411852359772,calibrated_uv_reprojection_plus_stereo_left
-68.86001586914062,-50.50792694091797,-541.09228515625,199.61212538128848,357.78768017767555,-23.96815646166516,269.9999972077685,214.99999938476049,0.27843138575553894,0.2862745225429535,0.23137255012989044,calibrated_uv_reprojection_plus_stereo_left
-67.61296844482422,-50.42870330810547,-540.238525390625,198.48610522526968,356.98001570336476,-23.27925631551841,271.00000224155474,214.99999989469077,0.2823529541492462,0.2862745225429535,0.23529411852359772,calibrated_uv_reprojection_plus_stereo_left
-66.41680908203125,-50.38547897338867,-539.7704467773438,197.5746028389246,356.09165841146495,-22.8897456850014,272.0000030478315,215.00000139012872,0.2823529541492462,0.2862745225429535,0.24313725531101227,calibrated_uv_reprojection_plus_stereo_left
-65.2708740234375,-50.37963104248047,-539.7027587890625,196.8843069042091,355.11726498543516,-22.81098133714488,273.0000036643266,215.0000012360235,0.2862745225429535,0.29019609093666077,0.24705882370471954,calibrated_uv_reprojection_plus_stereo_left
-64.13320922851562,-50.38018798828125,-539.7036743164062,196.23172082378323,354.1278382779778,-22.785452667426455,274.0000003975011,215.0000002651291,0.29019609093666077,0.29411765933036804,0.250980406999588,calibrated_uv_reprojection_plus_stereo_left
-63.005615234375,-50.38894271850586,-539.7924194335938,195.62711421161293,353.1187164898873,-22.82806816473112,275.0000017322427,215.00000023209597,0.29411765933036804,0.2980392277240753,0.25882354378700256,calibrated_uv_reprojection_plus_stereo_left
-61.96619415283203,-50.46995544433594,-540.6552124023438,195.4450273058672,351.9355107372454,-23.471223980242257,276.0000004912231,214.99999958453344,0.2980392277240753,0.3019607961177826,0.2705882489681244,calibrated_uv_reprojection_plus_stereo_left
-60.811485290527344,-50.45846939086914,-540.5271606445312,194.72068922011647,350.97304486381245,-23.34558500962214,277.00000141275854,215.00000288449075,0.30980393290519714,0.3137255012989044,0.27450981736183167,calibrated_uv_reprojection_plus_stereo_left
-59.68098831176758,-50.4671516418457,-540.6151123046875,194.1140353571625,349.9616559646292,-23.387519826161906,278.0000038946628,215.0000024779827,0.3137255012989044,0.3176470696926117,0.27450981736183167,calibrated_uv_reprojection_plus_stereo_left
-58.566680908203125,-50.49025344848633,-540.8575439453125,193.59089626934076,348.91430146129926,-23.54927549259304,279.00000198966535,215.00000356977108,0.32549020648002625,0.3294117748737335,0.27843138575553894,calibrated_uv_reprojection_plus_stereo_left
-57.65889358520508,-50.69599151611328,-543.0563354492188,194.12627735093895,347.41275997255536,-25.228483543979564,280.00000068668237,215.00000159758486,0.34117648005485535,0.3490196168422699,0.29411765933036804,calibrated_uv_reprojection_plus_stereo_left
-56.66264724731445,-50.83086013793945,-544.4959106445312,194.24610298195716,346.08024785408537,-26.31861103794745,280.999998237504,214.99999746882227,0.3529411852359772,0.3529411852359772,0.2862745225429535,calibrated_uv_reprojection_plus_stereo_left
-55.77192687988281,-51.068077087402344,-547.0318603515625,194.95327260869544,344.4843277007296,-28.258911141141652,281.9999987333762,214.99999866536575,0.33725491166114807,0.33725491166114807,0.2666666805744171,calibrated_uv_reprojection_plus_stereo_left
-54.93464279174805,-51.36543655395508,-550.2119750976562,196.00061860375837,342.7261960348943,-30.698522411425472,282.999997852221,214.999998539828,0.35686275362968445,0.3450980484485626,0.2705882489681244,calibrated_uv_reprojection_plus_stereo_left
-54.216915130615234,-51.79000473022461,-554.754638671875,197.77125577576322,340.63062800256625,-34.19443723828192,284.0000006196542,214.9999982762362,0.3921568691730499,0.3764705955982208,0.3019607961177826,calibrated_uv_reprojection_plus_stereo_left
-53.986663818359375,-52.70941925048828,-564.5977783203125,202.36843087496345,337.2418578849815,-41.80001478670249,284.9999973451397,214.9999985944823,0.4431372582912445,0.3921568691730499,0.27843138575553894,calibrated_uv_reprojection_plus_stereo_left
-78.9614028930664,-51.48548126220703,-564.3929443359375,215.72850445450467,359.5151095198688,-42.8312200237533,263.99999732707255,215.99999816960843,0.38823530077934265,0.3686274588108063,0.27843138575553894,calibrated_uv_reprojection_plus_stereo_left
-77.26966857910156,-51.15255355834961,-560.739013671875,213.0074410642393,359.22475037053835,-39.96299916668687,264.9999995677638,216.00000205991944,0.3294117748737335,0.30980393290519714,0.21960784494876862,calibrated_uv_reprojection_plus_stereo_left
-75.96569061279297,-51.07008361816406,-559.83056640625,211.8238162628124,358.3845453635877,-39.229556671750345,265.999999990363,215.99999885121352,0.27843138575553894,0.2823529541492462,0.2078431397676468,calibrated_uv_reprojection_plus_stereo_left
-74.60830688476562,-50.948646545410156,-558.4950561523438,210.40500377684793,357.63587964078624,-38.16420911076028,267.0000033027061,216.00000165924354,0.2823529541492462,0.2862745225429535,0.21960784494876862,calibrated_uv_reprojection_plus_stereo_left
-72.7027587890625,-50.44309616088867,-552.9489135742188,206.65500640308323,357.77092744624025,-33.82590313892467,267.99999855065937,215.9999994029576,0.26274511218070984,0.2666666805744171,0.239215686917305,calibrated_uv_reprojection_plus_stereo_left
-70.89969635009766,-49.99345397949219,-548.0157470703125,203.25739921547415,357.7970493788291,-29.96459202329521,269.00000029425064,216.00000013467584,0.250980406999588,0.2549019753932953,0.2235294133424759,calibrated_uv_reprojection_plus_stereo_left
-69.38665771484375,-49.73691940307617,-545.199462890625,201.04007559175682,357.3914374401699,-27.749082569711334,270.0000020603481,216.000002872251,0.27450981736183167,0.27843138575553894,0.23137255012989044,calibrated_uv_reprojection_plus_stereo_left
-67.94945526123047,-49.527137756347656,-542.8956298828125,199.11170925185797,356.8862017387984,-25.932111523792457,271.0000017274088,215.99999943870378,0.27843138575553894,0.2823529541492462,0.239215686917305,calibrated_uv_reprojection_plus_stereo_left
-66.85210418701172,-49.562232971191406,-543.276123046875,198.66398114119693,355.80923510415005,-26.201469132497323,272.0000033019046,216.00000192266717,0.2823529541492462,0.2862745225429535,0.24313725531101227,calibrated_uv_reprojection_plus_stereo_left
-65.68778228759766,-49.548152923583984,-543.1175537109375,197.91964756969588,354.8481930290724,-26.051882145444097,273.00000203311544,216.0000023594682,0.2862745225429535,0.29019609093666077,0.24705882370471954,calibrated_uv_reprojection_plus_stereo_left
-64.5340805053711,-49.54185104370117,-543.044189453125,197.22221980259388,353.8688555637172,-25.968512201245744,274.0000017859905,215.99999837344228,0.29411765933036804,0.2980392277240753,0.2549019753932953,calibrated_uv_reprojection_plus_stereo_left
-63.36237716674805,-49.521366119384766,-542.8154296875,196.44003321183544,352.92407230152475,-25.764406674132147,275.0000006077519,215.99999975667453,0.2980392277240753,0.3019607961177826,0.2666666805744171,calibrated_uv_reprojection_plus_stereo_left
-62.19457244873047,-49.503353118896484,-542.61376953125,195.67306280937572,351.9739237404407,-25.581374477176325,275.99999900508766,216.00000126345938,0.3019607961177826,0.30588236451148987,0.27843138575553894,calibrated_uv_reprojection_plus_stereo_left
-61.075050354003906,-49.52394485473633,-542.8352661132812,195.13646277198484,350.92904689816066,-25.727108656277153,277.0000018493292,216.00000318052625,0.30980393290519714,0.3137255012989044,0.27450981736183167,calibrated_uv_reprojection_plus_stereo_left
-59.97633361816406,-49.562644958496094,-543.2551879882812,194.70683768143402,349.8381526593881,-26.02696191090604,277.99999933653356,216.00000064720825,0.3137255012989044,0.3176470696926117,0.27450981736183167,calibrated_uv_reprojection_plus_stereo_left
-58.903526306152344,-49.624813079833984,-543.932373046875,194.41528913869638,348.68667388062437,-26.526615024627404,279.0000015033584,216.00000127980462,0.32156863808631897,0.32549020648002625,0.27450981736183167,calibrated_uv_reprojection_plus_stereo_left
-57.93895721435547,-49.78258514404297,-545.6574096679688,194.68770366462036,347.2907762041672,-27.84012054198348,279.99999824147505,215.99999923800868,0.3294117748737335,0.3333333432674408,0.27843138575553894,calibrated_uv_reprojection_plus_stereo_left
-56.94904708862305,-49.9246826171875,-547.2106323242188,194.86328640362188,345.9283540584767,-29.020006221198344,280.99999996937413,215.9999986641152,0.3333333432674408,0.3294117748737335,0.27450981736183167,calibrated_uv_reprojection_plus_stereo_left
-55.96620178222656,-50.079124450683594,-548.899169921875,195.10772577400394,344.5283604637699,-30.304832051686844,282.00000278103465,216.00000105759344,0.3333333432674408,0.3294117748737335,0.2705882489681244,calibrated_uv_reprojection_plus_stereo_left
-55.03981399536133,-50.29182815551758,-551.2261962890625,195.6903576204436,342.9711776668912,-32.08534287785835,282.99999855732875,215.9999982364887,0.364705890417099,0.3450980484485626,0.27843138575553894,calibrated_uv_reprojection_plus_stereo_left
-54.107364654541016,-50.50821304321289,-553.5935668945312,196.28882870766273,341.395692503501,-33.89695468897236,283.9999972449191,215.99999806607042,0.3960784375667572,0.3764705955982208,0.30588236451148987,calibrated_uv_reprojection_plus_stereo_left
-53.9920539855957,-51.513946533203125,-564.6124877929688,201.49969001008992,337.73564998432437,-42.42636331778539,285.00000180627535,215.99999994365493,0.47058823704719543,0.40784314274787903,0.29411765933036804,calibrated_uv_reprojection_plus_stereo_left
-78.94939422607422,-50.28069305419922,-564.2775268554688,214.78933313390218,360.03475954454734,-43.35509663759893,264.0000051387318,217.0000009885742,0.3764705955982208,0.3529411852359772,0.27843138575553894,calibrated_uv_reprojection_plus_stereo_left
-77.21255493164062,-49.926109313964844,-560.294677734375,211.89098591269135,359.8080015425288,-40.22686329775337,264.9999957235701,216.9999972068802,0.3450980484485626,0.32549020648002625,0.250980406999588,calibrated_uv_reprojection_plus_stereo_left
-75.94430541992188,-49.868324279785156,-559.6427612304688,210.85166877408034,358.91545425601555,-39.692218404748246,265.99999995513235,216.99999997502994,0.27450981736183167,0.27843138575553894,0.21960784494876862,calibrated_uv_reprojection_plus_stereo_left
-74.61630249023438,-49.76897048950195,-558.5242919921875,209.55534270417394,358.1212723453576,-38.79443103306022,266.9999973262371,216.99999811052783,0.27450981736183167,0.27843138575553894,0.21960784494876862,calibrated_uv_reprojection_plus_stereo_left
-72.67314147949219,-49.249656677246094,-552.6929931640625,205.6561851867816,358.31068735220674,-34.22816655660779,267.9999996736992,217.0000009414486,0.2666666805744171,0.2705882489681244,0.24313725531101227,calibrated_uv_reprojection_plus_stereo_left
-70.96443176269531,-48.87501525878906,-548.4852294921875,202.66662484143518,358.18084871837067,-30.92618073841612,268.9999991930113,216.99999774121054,0.23137255012989044,0.23529411852359772,0.2078431397676468,calibrated_uv_reprojection_plus_stereo_left
-69.46737670898438,-48.636260986328125,-545.8025512695312,200.5265679619106,357.7436627592006,-28.811619217344685,270.00000453820417,217.000001480079,0.23137255012989044,0.23529411852359772,0.1921568661928177,calibrated_uv_reprojection_plus_stereo_left
-68.06512451171875,-48.45707321166992,-543.7882690429688,198.76000204736363,357.1735461121874,-27.217508372487316,271.00000192843754,216.99999784419086,0.26274511218070984,0.2666666805744171,0.2235294133424759,calibrated_uv_reprojection_plus_stereo_left
-66.93553924560547,-48.46929931640625,-543.922119140625,198.1753790835317,356.14838798521316,-27.295335152006942,272.00000015225856,216.99999905570854,0.27450981736183167,0.27843138575553894,0.23529411852359772,calibrated_uv_reprojection_plus_stereo_left
-65.76275634765625,-48.45024490356445,-543.7049560546875,197.398399482147,355.19876631571964,-27.09999323614585,273.0000021129203,217.00000154863736,0.2862745225429535,0.29019609093666077,0.250980406999588,calibrated_uv_reprojection_plus_stereo_left
-64.61597442626953,-48.450130462646484,-543.7002563476562,196.7377714837009,354.2032940119454,-27.06998994034666,273.99999688492846,216.99999781820625,0.29019609093666077,0.29411765933036804,0.26274511218070984,calibrated_uv_reprojection_plus_stereo_left
-63.47335433959961,-48.45330810546875,-543.7326049804688,196.09721085438434,353.19950741409446,-27.068814528077382,275.0000002756502,217.00000227194727,0.2980392277240753,0.3019607961177826,0.2666666805744171,calibrated_uv_reprojection_plus_stereo_left
-62.28947067260742,-48.424652099609375,-543.4075927734375,195.26238363811575,352.2749783482474,-26.78958608714555,275.99999551422513,216.99999652355294,0.30588236451148987,0.30980393290519714,0.2705882489681244,calibrated_uv_reprojection_plus_stereo_left
-61.16554641723633,-48.44253158569336,-543.6049194335938,194.71130843463976,351.2342921307422,-26.91676474592083,277.00000055363125,217.00000088345962,0.3137255012989044,0.3176470696926117,0.2823529541492462,calibrated_uv_reprojection_plus_stereo_left
-60.07758331298828,-48.49024963378906,-544.1370239257812,194.34068789308043,350.1170075935024,-27.30435508780755,278.0000018758183,217.00000099174235,0.3176470696926117,0.32156863808631897,0.29019609093666077,calibrated_uv_reprojection_plus_stereo_left
-59.02988815307617,-48.573089599609375,-545.063232421875,194.1813108225058,348.9077566771507,-27.998459849375593,278.99999866462036,217.0000003485322,0.3176470696926117,0.32549020648002625,0.27843138575553894,calibrated_uv_reprojection_plus_stereo_left
-57.99293518066406,-48.66837692260742,-546.1290893554688,194.09476286883535,347.6628516507221,-28.80109453192705,279.99999964311075,216.99999841496717,0.32156863808631897,0.32549020648002625,0.2705882489681244,calibrated_uv_reprojection_plus_stereo_left
-56.96553421020508,-48.775840759277344,-547.3316040039062,194.07892976987023,346.3822232373183,-29.709915105200366,280.9999994678552,216.9999991259319,0.3294117748737335,0.3294117748737335,0.27450981736183167,calibrated_uv_reprojection_plus_stereo_left
-55.978492736816406,-48.92316818237305,-548.9814453125,194.29979636399293,344.9925616772267,-30.966522605576642,282.0000019148105,217.00000143682496,0.3333333432674408,0.3333333432674408,0.27843138575553894,calibrated_uv_reprojection_plus_stereo_left
-55.0578498840332,-49.13612747192383,-551.36767578125,194.91030053675036,343.42337046931226,-32.79565168341617,282.9999996929525,216.9999991518775,0.3607843220233917,0.3490196168422699,0.27843138575553894,calibrated_uv_reprojection_plus_stereo_left
-54.15708541870117,-49.376556396484375,-554.0621948242188,195.679372739207,341.7721382597557,-34.86428902728551,284.0000008893872,217.00000277530438,0.3960784375667572,0.3803921639919281,0.30588236451148987,calibrated_uv_reprojection_plus_stereo_left
-54.0730094909668,-50.38880920410156,-565.4172973632812,201.05142800539335,338.0406108043769,-43.66713386389404,285.00000224064377,216.99999980829102,0.49803921580314636,0.43529412150382996,0.30588236451148987,calibrated_uv_reprojection_plus_stereo_left
-79.06671142578125,-49.15678024291992,-565.0863037109375,214.36448729910632,360.3696908697858,-44.59932686738921,264.0000007189501,217.9999976548402,0.35686275362968445,0.33725491166114807,0.24705882370471954,calibrated_uv_reprojection_plus_stereo_left
-77.23611450195312,-48.7524528503418,-560.4358520507812,211.10078961417054,360.2724923471085,-40.946272063144136,265.0000021231348,218.00000158507623,0.364705890417099,0.3450980484485626,0.2549019753932953,calibrated_uv_reprojection_plus_stereo_left
-75.9265365600586,-48.6696662902832,-559.4816284179688,209.89486159507328,359.4406146733968,-40.17527281201734,266.0000004603187,217.99999946806574,0.27843138575553894,0.2823529541492462,0.23529411852359772,calibrated_uv_reprojection_plus_stereo_left
-74.60890197753906,-48.57912826538086,-558.4383544921875,208.6419358255593,358.6303471424767,-39.33494369010788,266.99999912926387,218.00000087414378,0.25882354378700256,0.26274511218070984,0.21960784494876862,calibrated_uv_reprojection_plus_stereo_left
-72.79299926757812,-48.15617370605469,-553.5737915039062,205.28480913210035,358.6147155277184,-35.5159661170278,267.99999711210927,217.99999920413228,0.25882354378700256,0.26274511218070984,0.23529411852359772,calibrated_uv_reprojection_plus_stereo_left
-71.06153106689453,-47.77632141113281,-549.2047729492188,202.21193333479368,358.5132660045525,-32.0837150784393,268.99999669343197,217.9999994573481,0.25882354378700256,0.26274511218070984,0.23529411852359772,calibrated_uv_reprojection_plus_stereo_left
-69.61273956298828,-47.57720184326172,-546.9133911132812,200.28986943100233,357.9900031087602,-30.271226720218806,270.0000009847729,218.0000015195854,0.23137255012989044,0.23529411852359772,0.20392157137393951,calibrated_uv_reprojection_plus_stereo_left
-68.21316528320312,-47.405696868896484,-544.9393920898438,198.54707536961882,357.40754721392835,-28.706310688795384,270.9999998571306,217.99999804893056,0.1882352977991104,0.1921568661928177,0.16078431904315948,calibrated_uv_reprojection_plus_stereo_left
-67.10069274902344,-47.43136978149414,-545.2320556640625,198.0475679227227,356.34639057349955,-28.908037795728603,271.9999977810145,217.999998351439,0.20392157137393951,0.2078431397676468,0.16470588743686676,calibrated_uv_reprojection_plus_stereo_left
-65.94796752929688,-47.429107666015625,-545.20361328125,197.37217023933903,355.35341432833445,-28.859504582706563,272.9999996141704,217.99999968921134,0.24705882370471954,0.250980406999588,0.2078431397676468,calibrated_uv_reprojection_plus_stereo_left
-64.79292297363281,-47.42518615722656,-545.1561279296875,196.6863784552977,354.3645415549897,-28.79613280277249,274.00000362243554,218.0000034379906,0.2666666805744171,0.2705882489681244,0.23137255012989044,calibrated_uv_reprojection_plus_stereo_left
-63.657562255859375,-47.4359130859375,-545.2769165039062,196.09195783079105,353.33870939364175,-28.863871689738346,274.9999969889008,217.9999988778463,0.27843138575553894,0.2823529541492462,0.24313725531101227,calibrated_uv_reprojection_plus_stereo_left
-62.468788146972656,-47.4066276550293,-544.9378051757812,195.2480525545168,352.4142128365992,-28.573276690574573,275.9999989998708,217.9999975196019,0.29019609093666077,0.29411765933036804,0.250980406999588,calibrated_uv_reprojection_plus_stereo_left
-61.34331512451172,-47.4253044128418,-545.1500244140625,194.7028073805193,351.3676009986735,-28.71224013679091,276.9999962843025,217.999996642595,0.3137255012989044,0.3176470696926117,0.2823529541492462,calibrated_uv_reprojection_plus_stereo_left
-60.22713088989258,-47.45214080810547,-545.4561157226562,194.20755334919136,350.2989055202979,-28.924311551592552,277.9999999565072,218.00000182063468,0.33725491166114807,0.34117648005485535,0.3137255012989044,calibrated_uv_reprojection_plus_stereo_left
-59.16740036010742,-47.52550506591797,-546.2969360351562,193.9991356739372,349.1074724984662,-29.552888638895638,278.99999977445003,217.99999968785687,0.3294117748737335,0.3333333432674408,0.30588236451148987,calibrated_uv_reprojection_plus_stereo_left
-58.08163833618164,-47.580589294433594,-546.9276733398438,193.67581393640063,347.96091190437926,-30.01774213471151,279.9999989613297,218.00000128227853,0.32549020648002625,0.32549020648002625,0.3019607961177826,calibrated_uv_reprojection_plus_stereo_left
-57.03173828125,-47.668025970458984,-547.9302368164062,193.54999561602267,346.7260558497667,-30.772137618689555,281.0000011722334,217.99999913700853,0.3294117748737335,0.3294117748737335,0.29019609093666077,calibrated_uv_reprojection_plus_stereo_left
-56.01627731323242,-47.788597106933594,-549.313720703125,193.62518358638232,345.3987492829217,-31.823109008646554,282.0000022167635,218.00000151945275,0.3333333432674408,0.3333333432674408,0.2862745225429535,calibrated_uv_reprojection_plus_stereo_left
-55.098167419433594,-47.99921798706055,-551.7322387695312,194.24872402051972,343.82350995516697,-33.680011773673016,282.99999946925476,218.00000094130195,0.3607843220233917,0.3490196168422699,0.2862745225429535,calibrated_uv_reprojection_plus_stereo_left
-54.236942291259766,-48.26971435546875,-554.8389892578125,195.23237591222306,342.07659014371166,-36.072629724142644,283.99999993745814,218.00000128776475,0.3921568691730499,0.3803921639919281,0.30980393290519714,calibrated_uv_reprojection_plus_stereo_left
-54.21036148071289,-49.311527252197266,-566.8115844726562,200.9134944399741,338.2066113345227,-45.36868618057554,284.9999968988017,217.99999954420812,0.5254902243614197,0.4470588266849518,0.32156863808631897,calibrated_uv_reprojection_plus_stereo_left
-77.27753448486328,-47.58918380737305,-560.70654296875,210.3818246374076,360.71125833032363,-41.76711139409076,265.00000164371204,218.99999884690084,0.364705890417099,0.3450980484485626,0.24705882370471954,calibrated_uv_reprojection_plus_stereo_left
-75.92098999023438,-47.47932052612305,-559.4105834960938,208.9882837051817,359.94725848917113,-40.72831626610338,266.0000024745684,218.99999908331083,0.3137255012989044,0.3019607961177826,0.239215686917305,calibrated_uv_reprojection_plus_stereo_left
-74.59918975830078,-47.3881721496582,-558.3351440429688,207.71926886098112,359.1428017823373,-39.861791252310695,267.00000318696254,219.0000001194035,0.2705882489681244,0.26274511218070984,0.20000000298023224,calibrated_uv_reprojection_plus_stereo_left
-72.83304595947266,-47.00743103027344,-553.84765625,204.57703014622984,359.045387724726,-36.331917831565136,268.0000030895511,218.99999866378545,0.2549019753932953,0.25882354378700256,0.21960784494876862,calibrated_uv_reprojection_plus_stereo_left
-71.16109466552734,-46.67618179321289,-549.943359375,201.76543890379702,358.8429871539031,-33.25768650224751,269.00000312905155,219.0000007157148,0.26274511218070984,0.26274511218070984,0.22745098173618317,calibrated_uv_reprojection_plus_stereo_left
-69.76305389404297,-46.51671600341797,-548.06298828125,200.0709304378799,358.23017500802746,-31.763507726017167,269.99999583766925,218.99999845420774,0.29019609093666077,0.29019609093666077,0.27450981736183167,calibrated_uv_reprojection_plus_stereo_left
-68.43317413330078,-46.398216247558594,-546.6653442382812,198.64447881211123,357.5219385022574,-30.64625548248904,271.00000429712014,219.0000001274507,0.30588236451148987,0.3137255012989044,0.29019609093666077,calibrated_uv_reprojection_plus_stereo_left
-67.30492401123047,-46.41481018066406,-546.859375,198.08861764478127,356.47896307146556,-30.77128913755206,271.9999982795189,219.00000131533804,0.30588236451148987,0.32156863808631897,0.29019609093666077,calibrated_uv_reprojection_plus_stereo_left
-66.14997100830078,-46.41337203979492,-546.8409423828125,197.4166684785572,355.48085349334553,-30.730501723605585,273.0000007961508,219.00000186268753,0.30980393290519714,0.32549020648002625,0.29411765933036804,calibrated_uv_reprojection_plus_stereo_left
-64.99392700195312,-46.411224365234375,-546.8141479492188,196.7401275879035,354.48447478561155,-30.683187181176663,274.0000040493199,219.00000226279158,0.32156863808631897,0.33725491166114807,0.3137255012989044,calibrated_uv_reprojection_plus_stereo_left
-63.86430740356445,-46.42832946777344,-547.01416015625,196.18631895986806,353.4383908791694,-30.812838894588765,275.0000024395129,219.0000006348216,0.3450980484485626,0.3607843220233917,0.33725491166114807,calibrated_uv_reprojection_plus_stereo_left
-62.655704498291016,-46.38771057128906,-546.5340576171875,195.26463095532029,352.54157332032935,-30.411831437087756,275.9999973701433,218.99999778729998,0.37254902720451355,0.3843137323856354,0.3607843220233917,calibrated_uv_reprojection_plus_stereo_left
-61.52731704711914,-46.40620040893555,-546.7504272460938,194.71928421376276,351.49132067404844,-30.554232609950986,277.0000023177989,218.99999934709555,0.3764705955982208,0.3921568691730499,0.3686274588108063,calibrated_uv_reprojection_plus_stereo_left
-60.41238021850586,-46.43585968017578,-547.098388671875,194.24406522011066,350.41059496396406,-30.799265994939674,278.00000142455366,219.00000069121182,0.3607843220233917,0.3843137323856354,0.35686275362968445,calibrated_uv_reprojection_plus_stereo_left
-59.30429458618164,-46.47217559814453,-547.5247802734375,193.8099734347703,349.31069400533056,-31.1054429262133,279.00000177297363,219.00000241287518,0.34117648005485535,0.3529411852359772,0.32549020648002625,calibrated_uv_reprojection_plus_stereo_left
-58.18581771850586,-46.501766204833984,-547.8718872070312,193.33231898552845,348.22716325841765,-31.34972899279211,279.99999965194695,219.00000075323425,0.3294117748737335,0.3333333432674408,0.30980393290519714,calibrated_uv_reprojection_plus_stereo_left
-57.118961334228516,-46.57478713989258,-548.7306518554688,193.12694774034412,347.0245563213148,-31.993055488107984,280.9999974170931,218.99999736398524,0.3294117748737335,0.3333333432674408,0.3019607961177826,calibrated_uv_reprojection_plus_stereo_left
-56.100669860839844,-46.69138717651367,-550.1029052734375,193.19296828866362,345.69963310980177,-33.036779825342364,281.9999968000084,218.99999826662244,0.3294117748737335,0.3333333432674408,0.3019607961177826,calibrated_uv_reprojection_plus_stereo_left
-55.15399169921875,-46.87392807006836,-552.2520751953125,193.66854076539954,344.18801921974983,-34.68626712503567,283.00000421772813,219.00000151452346,0.35686275362968445,0.3490196168422699,0.29019609093666077,calibrated_uv_reprojection_plus_stereo_left
-54.35478210449219,-47.19253158569336,-556.0042114257812,194.98896079414135,342.2909635020814,-37.58557759607913,283.99999956377417,219.00000047127764,0.3843137323856354,0.37254902720451355,0.30588236451148987,calibrated_uv_reprojection_plus_stereo_left
-77.36270904541016,-46.45101547241211,-561.294677734375,209.83717131929166,361.08710273116435,-42.83673980788615,265.0000032478387,220.00000293632834,0.3764705955982208,0.3450980484485626,0.2235294133424759,calibrated_uv_reprojection_plus_stereo_left
-75.97734069824219,-46.32699966430664,-559.7955932617188,208.33301957324022,360.3618590073851,-41.63775078060263,266.00000365593075,220.0000001237783,0.3137255012989044,0.32156863808631897,0.24705882370471954,calibrated_uv_reprojection_plus_stereo_left
-74.66487884521484,-46.24433135986328,-558.7962036132812,207.10691894439736,359.54031601188854,-40.82953464475338,267.0000017397932,220.00000200120533,0.25882354378700256,0.2705882489681244,0.19607843458652496,calibrated_uv_reprojection_plus_stereo_left
-73.01287841796875,-45.945465087890625,-555.184326171875,204.45100920331504,359.25843903497895,-37.97925742403095,267.9999995746816,220.00000034564368,0.250980406999588,0.2549019753932953,0.22745098173618317,calibrated_uv_reprojection_plus_stereo_left
-71.63960266113281,-45.81523513793945,-553.6101684570312,202.91831747635518,358.5676971223322,-36.722087075532215,269.0000020946395,219.99999795725,0.25882354378700256,0.2666666805744171,0.239215686917305,calibrated_uv_reprojection_plus_stereo_left
-70.34345245361328,-45.73093795776367,-552.591064453125,201.69226858075956,357.766631935224,-35.89889105098541,269.9999945358469,219.99999705104085,0.29019609093666077,0.30588236451148987,0.2862745225429535,calibrated_uv_reprojection_plus_stereo_left
-69.0361328125,-45.636539459228516,-551.449951171875,200.40213331028286,356.9948471768988,-34.98043536329192,270.99999909001957,219.99999957673964,0.33725491166114807,0.3529411852359772,0.3333333432674408,calibrated_uv_reprojection_plus_stereo_left
-67.78644561767578,-45.57777404785156,-550.7393798828125,199.3485977443138,356.135580123306,-34.39855105498617,271.99999851702614,219.99999979673595,0.37254902720451355,0.38823530077934265,0.3803921639919281,calibrated_uv_reprojection_plus_stereo_left
-66.58696746826172,-45.55142593383789,-550.4205322265625,198.50904834638595,355.1947835742456,-34.122842988729644,272.99999779577763,220.00000059537396,0.3960784375667572,0.4117647111415863,0.40392157435417175,calibrated_uv_reprojection_plus_stereo_left
-65.42474365234375,-45.550209045410156,-550.4053344726562,197.83441834766802,354.1893391835825,-34.08443224461888,274.0000045134142,219.99999973259722,0.40784314274787903,0.4313725531101227,0.42352941632270813,calibrated_uv_reprojection_plus_stereo_left
-64.27083587646484,-45.55495834350586,-550.4622192382812,197.19863528960218,353.16808941963507,-34.10234054222832,275.00000182550014,219.99999818086738,0.4117647111415863,0.4313725531101227,0.42352941632270813,calibrated_uv_reprojection_plus_stereo_left
-63.02783966064453,-45.495697021484375,-549.7456665039062,196.14611458135113,352.316550357217,-33.51595192717468,275.99999863724474,219.99999895473672,0.4117647111415863,0.43529412150382996,0.42352941632270813,calibrated_uv_reprojection_plus_stereo_left
-61.85589599609375,-45.486595153808594,-549.6351928710938,195.42086936534582,351.3331022101389,-33.40312946128529,276.9999979849968,219.9999981971565,0.40392157435417175,0.42352941632270813,0.4156862795352936,calibrated_uv_reprojection_plus_stereo_left
-60.71809768676758,-45.502864837646484,-549.831298828125,194.860141208342,350.2813683851534,-33.5298156724121,277.9999985160325,219.99999770657692,0.3803921639919281,0.3960784375667572,0.38823530077934265,calibrated_uv_reprojection_plus_stereo_left
-59.58076095581055,-45.5202522277832,-550.0409545898438,194.30607988531347,349.2257074704398,-33.66706530663026,279.0000021358097,220.00000037571664,0.3490196168422699,0.364705890417099,0.3490196168422699,calibrated_uv_reprojection_plus_stereo_left
-58.46120834350586,-45.55232238769531,-550.427978515625,193.84606968398032,348.1288261426971,-33.94283273371457,280.0000007905295,219.99999952805382,0.32549020648002625,0.34117648005485535,0.3176470696926117,calibrated_uv_reprojection_plus_stereo_left
-57.33973693847656,-45.58430099487305,-550.81396484375,193.38446289861662,347.03061077859854,-34.21775127850299,281.0000011000868,220.0000036035315,0.3333333432674408,0.33725491166114807,0.3137255012989044,calibrated_uv_reprojection_plus_stereo_left
-56.261329650878906,-45.65269470214844,-551.639892578125,193.15553482823657,345.8292440542785,-34.836225371316175,282.0000016167296,220.00000227724735,0.34117648005485535,0.34117648005485535,0.3137255012989044,calibrated_uv_reprojection_plus_stereo_left
-55.27378845214844,-45.79941177368164,-553.4122314453125,193.42612108702434,344.40443919031713,-36.19372975144978,282.9999994520688,220.0000010090076,0.364705890417099,0.3490196168422699,0.29019609093666077,calibrated_uv_reprojection_plus_stereo_left
-54.464378356933594,-46.10340118408203,-557.0849609375,194.6972445799791,342.52720958662934,-39.03510615427996,284.0000004655202,220.0000006081117,0.3960784375667572,0.37254902720451355,0.30980393290519714,calibrated_uv_reprojection_plus_stereo_left
-77.50110626220703,-45.34147644042969,-562.2688598632812,209.50311523430963,361.38722037088104,-44.20989797348733,265.00000264125805,221.00000355242707,0.38823530077934265,0.3490196168422699,0.21176470816135406,calibrated_uv_reprojection_plus_stereo_left
-76.0430679321289,-45.17859649658203,-560.2495727539062,207.7144250076795,360.7633096870667,-42.60202471333264,265.99999675865377,220.99999956151956,0.30588236451148987,0.30980393290519714,0.2549019753932953,calibrated_uv_reprojection_plus_stereo_left
-74.70438385009766,-45.08272171020508,-559.061279296875,206.38575992257626,359.9783352134607,-41.64486652733336,267.0000024878601,221.000001080972,0.2705882489681244,0.27450981736183167,0.21960784494876862,calibrated_uv_reprojection_plus_stereo_left
-72.99729919433594,-44.75800323486328,-555.0350952148438,203.508583626666,359.7774860282058,-38.46638388968796,268.00000290498656,220.99999966608667,0.2549019753932953,0.25882354378700256,0.23137255012989044,calibrated_uv_reprojection_plus_stereo_left
-71.66477966308594,-44.65622329711914,-553.7735595703125,202.14895511933918,359.021210225139,-37.45225385510196,269.00000209423035,221.00000082510007,0.26274511218070984,0.2666666805744171,0.239215686917305,calibrated_uv_reprojection_plus_stereo_left
-70.41809844970703,-44.605560302734375,-553.1458740234375,201.13723529748438,358.13755719501245,-36.93434140572549,269.9999955971641,220.99999925504383,0.29019609093666077,0.30588236451148987,0.2862745225429535,calibrated_uv_reprojection_plus_stereo_left
-69.1932144165039,-44.567352294921875,-552.6726684570312,200.21080807303588,357.22362373998567,-36.53738718495708,270.9999999708428,220.99999967557537,0.32549020648002625,0.34117648005485535,0.32549020648002625,calibrated_uv_reprojection_plus_stereo_left
-67.89741516113281,-44.48149108886719,-551.6085205078125,198.96525927762445,356.4363645387957,-35.678012665162214,272.00000000808285,221.00000002481602,0.3686274588108063,0.3843137323856354,0.3803921639919281,calibrated_uv_reprojection_plus_stereo_left
-66.73191833496094,-44.479610443115234,-551.5858154296875,198.28516997447372,355.430491508651,-35.63370312683071,273.00000333166696,221.00000128635395,0.3960784375667572,0.4117647111415863,0.40784314274787903,calibrated_uv_reprojection_plus_stereo_left
-65.55750274658203,-44.47173309326172,-551.4887084960938,197.56490987173328,354.44057445537845,-35.531171819012,274.00000197192173,220.99999996120013,0.40784314274787903,0.4313725531101227,0.42352941632270813,calibrated_uv_reprojection_plus_stereo_left
-64.40833282470703,-44.48112487792969,-551.6057739257812,196.9600445154029,353.404351918413,-35.59622364113034,274.9999973241642,220.99999999971257,0.4117647111415863,0.43529412150382996,0.4274509847164154,calibrated_uv_reprojection_plus_stereo_left
-63.12971878051758,-44.39995574951172,-550.5997924804688,195.7517688776798,352.6134944106776,-34.78259755373904,276.0000016610313,220.99999937448865,0.4117647111415863,0.43529412150382996,0.4274509847164154,calibrated_uv_reprojection_plus_stereo_left
-61.947261810302734,-44.384761810302734,-550.4119873046875,194.98416037339211,351.6454916396137,-34.60916002421072,277.00000107117825,221.00000048974718,0.4000000059604645,0.41960784792900085,0.4117647111415863,calibrated_uv_reprojection_plus_stereo_left
-60.785491943359375,-44.38422393798828,-550.4059448242188,194.31406063468046,350.6375487480228,-34.57792911556999,278.00000335600066,221.00000257781096,0.37254902720451355,0.38823530077934265,0.3843137323856354,calibrated_uv_reprojection_plus_stereo_left
-59.64487838745117,-44.3995475769043,-550.5965576171875,193.748758375433,349.58532584645116,-34.700526034675306,279.00000311584876,221.0000017197546,0.34117648005485535,0.35686275362968445,0.3450980484485626,calibrated_uv_reprojection_plus_stereo_left
-58.500274658203125,-44.4125862121582,-550.7587890625,193.16779668460123,348.5386773361406,-34.800898945055735,279.9999992244063,220.99999771155285,0.32156863808631897,0.33725491166114807,0.3176470696926117,calibrated_uv_reprojection_plus_stereo_left
-57.374027252197266,-44.44050598144531,-551.1056518554688,192.68435200136236,347.44915104768796,-35.04566532906108,280.9999995572408,220.99999994406338,0.32549020648002625,0.3333333432674408,0.2980392277240753,calibrated_uv_reprojection_plus_stereo_left
-56.295143127441406,-44.507171630859375,-551.9329833984375,192.45445928712667,346.247682250293,-35.66616908048519,282.0000023846238,221.0000008376084,0.33725491166114807,0.34117648005485535,0.2980392277240753,calibrated_uv_reprojection_plus_stereo_left
-55.311702728271484,-44.653846740722656,-553.7525024414062,192.74680265498745,344.8129941873343,-37.06253297986939,282.9999985937277,221.00000090450544,0.364705890417099,0.35686275362968445,0.29019609093666077,calibrated_uv_reprojection_plus_stereo_left
-54.641727447509766,-45.0655403137207,-558.8585205078125,194.76744714131974,342.6034671957158,-41.0287784751996,284.00000237857927,221.00000073629874,0.4470588266849518,0.43529412150382996,0.3607843220233917,calibrated_uv_reprojection_plus_stereo_left
-76.15132141113281,-44.052860260009766,-561.0169067382812,207.2659650707293,361.10294241854047,-43.81295178814031,266.00000222014785,221.99999959551656,0.3333333432674408,0.3176470696926117,0.2705882489681244,calibrated_uv_reprojection_plus_stereo_left
-74.7447280883789,-43.92045974731445,-559.3325805664062,205.66716807850918,360.41557632656446,-42.465665134462085,267.0000003871637,222.00000262473293,0.2862745225429535,0.2705882489681244,0.2235294133424759,calibrated_uv_reprojection_plus_stereo_left
-73.04935455322266,-43.611534118652344,-555.4000854492188,202.84690412196812,360.19165161724175,-39.356274065531636,268.00000330500455,222.00000020954744,0.2666666805744171,0.2705882489681244,0.24313725531101227,calibrated_uv_reprojection_plus_stereo_left
-71.69929504394531,-43.50217056274414,-554.009033203125,201.41828729330746,359.46022220670017,-38.2392803994,268.99999599300867,221.99999800197577,0.2666666805744171,0.27450981736183167,0.24705882370471954,calibrated_uv_reprojection_plus_stereo_left
-70.45097351074219,-43.45205307006836,-553.37255859375,200.40240592796744,358.5774265968314,-37.71383267174235,270.000000769718,222.00000067909556,0.27843138575553894,0.29411765933036804,0.27450981736183167,calibrated_uv_reprojection_plus_stereo_left
-69.22894287109375,-43.41685104370117,-552.926025390625,199.49081081650553,357.65712082071,-37.33730268569769,271.00000297120744,222.00000285366295,0.30980393290519714,0.32549020648002625,0.30980393290519714,calibrated_uv_reprojection_plus_stereo_left
-67.96611022949219,-43.35453796386719,-552.1341552734375,198.3936347151477,356.81109343636115,-36.69017811858055,272.0000036816016,222.00000058414923,0.3450980484485626,0.3607843220233917,0.35686275362968445,calibrated_uv_reprojection_plus_stereo_left
-66.79650115966797,-43.350669860839844,-552.0866088867188,197.69949246535975,355.8095555788332,-36.62639599772285,272.9999992910664,221.99999900408352,0.364705890417099,0.3803921639919281,0.3764705955982208,calibrated_uv_reprojection_plus_stereo_left
-65.6283187866211,-43.34773254394531,-552.0509643554688,197.01175529672122,354.80547703382535,-36.57194208515892,274.0000060876717,222.00000064280073,0.37254902720451355,0.3960784375667572,0.38823530077934265,calibrated_uv_reprojection_plus_stereo_left
-64.47099304199219,-43.35210418701172,-552.1083984375,196.3739581894916,353.7812552013888,-36.59041739486014,275.0000017093704,222.00000199456218,0.3803921639919281,0.4117647111415863,0.4000000059604645,calibrated_uv_reprojection_plus_stereo_left
-63.148155212402344,-43.24342727661133,-550.7260131835938,194.96504908088963,353.0707318286396,-35.48081028222754,275.9999968222621,221.9999971824846,0.364705890417099,0.40784314274787903,0.3921568691730499,calibrated_uv_reprojection_plus_stereo_left
-61.991485595703125,-43.246726989746094,-550.769775390625,194.3212103864546,352.05142462173114,-35.488623946766666,276.99999748879634,221.999997393672,0.35686275362968445,0.3921568691730499,0.3803921639919281,calibrated_uv_reprojection_plus_stereo_left
-60.8329963684082,-43.248985290527344,-550.8003540039062,193.67013178981125,351.0347280118664,-35.48610469613374,278.0000012090747,222.00000290909145,0.3490196168422699,0.37254902720451355,0.364705890417099,calibrated_uv_reprojection_plus_stereo_left
-59.67966079711914,-43.25520324707031,-550.8812255859375,193.04563566679604,350.00652378369534,-35.52296950375421,278.9999965960754,221.9999992682128,0.3333333432674408,0.3490196168422699,0.33725491166114807,calibrated_uv_reprojection_plus_stereo_left
-58.55195999145508,-43.28075408935547,-551.2083740234375,192.5514966188573,348.9223380961666,-35.75273027137575,279.99999985167335,221.9999996152747,0.32156863808631897,0.33725491166114807,0.3176470696926117,calibrated_uv_reprojection_plus_stereo_left
-57.42300796508789,-43.3065299987793,-551.5383911132812,192.05798581455412,347.8361531773942,-35.98470255847013,280.99999747559707,221.99999995865892,0.32549020648002625,0.3333333432674408,0.30980393290519714,calibrated_uv_reprojection_plus_stereo_left
-56.336341857910156,-43.36606979370117,-552.2984008789062,191.79066214935102,346.65007380814575,-36.55340473466674,282.0000001769846,221.99999914119482,0.3333333432674408,0.33725491166114807,0.30980393290519714,calibrated_uv_reprojection_plus_stereo_left
-55.383811950683594,-43.5337028503418,-554.43505859375,192.2467727572269,345.1430957929492,-38.20014188015091,282.99999909120277,221.9999978168106,0.3529411852359772,0.3490196168422699,0.2705882489681244,calibrated_uv_reprojection_plus_stereo_left
-54.85826873779297,-44.05159378051758,-561.0325927734375,195.04268472089473,342.58961901790383,-43.339961071318896,284.00000043481094,221.99999956870442,0.47843137383461,0.47058823704719543,0.3764705955982208,calibrated_uv_reprojection_plus_stereo_left
-76.22796630859375,-42.90605545043945,-561.5512084960938,206.6878978958644,361.49029997024076,-44.84261453848444,265.9999965356868,222.99999856905154,0.3490196168422699,0.33725491166114807,0.25882354378700256,calibrated_uv_reprojection_plus_stereo_left
-74.75476837158203,-42.73971176147461,-559.3771362304688,204.8242041146417,360.89881645629134,-43.10906506243276,267.0000032448745,223.0000013725363,0.2862745225429535,0.27450981736183167,0.20000000298023224,calibrated_uv_reprojection_plus_stereo_left
-73.07917785644531,-42.450584411621094,-555.595947265625,202.0921612969048,360.6407361210092,-40.11420741600364,267.99999641455366,222.99999813552463,0.2666666805744171,0.2705882489681244,0.24313725531101227,calibrated_uv_reprojection_plus_stereo_left
-71.69251251220703,-42.322723388671875,-553.9254760742188,200.51384936824553,359.9648653823561,-38.77642172009337,268.99999884924466,223.00000023426813,0.2666666805744171,0.27450981736183167,0.24705882370471954,calibrated_uv_reprojection_plus_stereo_left
-70.46463775634766,-42.28603744506836,-553.4482421875,199.58516306601075,359.0488537985444,-38.37530919155677,269.99999634754465,222.99999821102637,0.27450981736183167,0.29019609093666077,0.2705882489681244,calibrated_uv_reprojection_plus_stereo_left
-69.23416137695312,-42.24664306640625,-552.9356079101562,198.63841280676877,358.14180158709877,-37.94645788533211,270.99999754314246,222.99999964096764,0.29411765933036804,0.30980393290519714,0.29019609093666077,calibrated_uv_reprojection_plus_stereo_left
-68.0062484741211,-42.20760726928711,-552.4276733398438,197.69533383933208,357.2354884622738,-37.52134032866388,271.99999869451744,223.00000182343314,0.3137255012989044,0.3294117748737335,0.32549020648002625,calibrated_uv_reprojection_plus_stereo_left
-66.81836700439453,-42.1926155090332,-552.234375,196.92249591091155,356.2642546668329,-37.34316401557038,273.0000032014769,223.00000027801397,0.3333333432674408,0.3529411852359772,0.3490196168422699,calibrated_uv_reprojection_plus_stereo_left
-65.65579986572266,-42.19347381591797,-552.24853515625,196.26128473249707,355.2492767809632,-37.32778799982424,273.9999985162324,222.99999917709113,0.3450980484485626,0.3686274588108063,0.3607843220233917,calibrated_uv_reprojection_plus_stereo_left
-64.48699188232422,-42.19040298461914,-552.2113037109375,195.57243659769966,354.24516241161916,-37.27208521206319,274.99999717889574,223.00000033109325,0.3529411852359772,0.3764705955982208,0.3686274588108063,calibrated_uv_reprojection_plus_stereo_left
-63.16047668457031,-42.082271575927734,-550.7989501953125,194.14947265989025,353.53977025531736,-36.137503961838604,275.9999978141394,222.9999999223274,0.3490196168422699,0.37254902720451355,0.364705890417099,calibrated_uv_reprojection_plus_stereo_left
-62.0053596496582,-42.08655548095703,-550.8579711914062,193.51353323179598,352.51705168332774,-36.157377982041226,277.0000018694735,223.00000080305418,0.3450980484485626,0.364705890417099,0.3607843220233917,calibrated_uv_reprojection_plus_stereo_left
-60.850650787353516,-42.09141159057617,-550.9244384765625,192.88131543230884,351.4923266372457,-36.18308224921407,277.99999718453046,222.99999879005225,0.34117648005485535,0.35686275362968445,0.3529411852359772,calibrated_uv_reprojection_plus_stereo_left
-59.71895980834961,-42.112823486328125,-551.2076416015625,192.36374495088967,350.418922310341,-36.378790331597656,278.99999919691885,222.999999315212,0.34117648005485535,0.3490196168422699,0.3450980484485626,calibrated_uv_reprojection_plus_stereo_left
-58.62080764770508,-42.159339904785156,-551.8194580078125,192.01922243675517,349.2705268413559,-36.832224434314924,280.00000089406933,223.0000010939612,0.3333333432674408,0.3333333432674408,0.3333333432674408,calibrated_uv_reprojection_plus_stereo_left
-57.469146728515625,-42.168617248535156,-551.94384765625,191.4158591701585,348.23009585367083,-36.903292764664855,281.00000179998744,223.00000205122552,0.3294117748737335,0.3333333432674408,0.3019607961177826,calibrated_uv_reprojection_plus_stereo_left
-56.3830451965332,-42.22751998901367,-552.7177124023438,191.15409858014868,347.04081592100476,-37.483712794090195,281.9999966030109,222.99999807985785,0.3333333432674408,0.33725491166114807,0.29411765933036804,calibrated_uv_reprojection_plus_stereo_left
-55.455718994140625,-42.410484313964844,-555.1155395507812,191.74351413929793,345.4748826453015,-39.33762154177185,283.00000353475366,223.00000048913566,0.37254902720451355,0.3490196168422699,0.26274511218070984,calibrated_uv_reprojection_plus_stereo_left
-76.26249694824219,-41.733924865722656,-561.7753295898438,205.93928743067056,361.94002494402866,-45.62960581990728,266.00000294689556,224.00000134248643,0.37254902720451355,0.3490196168422699,0.2549019753932953,calibrated_uv_reprojection_plus_stereo_left
-74.75599670410156,-41.55385971069336,-559.355712890625,203.9452554473615,361.39533318919547,-43.70070391752199,267.0000016716465,223.99999843366714,0.29411765933036804,0.27843138575553894,0.18431372940540314,calibrated_uv_reprojection_plus_stereo_left
-73.3608169555664,-41.43100357055664,-557.7062377929688,202.3743769167449,360.70400363750707,-42.37739448527884,267.99999940593443,224.00000069640595,0.2666666805744171,0.2705882489681244,0.23137255012989044,calibrated_uv_reprojection_plus_stereo_left
-72.03487396240234,-41.3440055847168,-556.5393676757812,201.06837178801248,359.92032741116566,-41.433559974413754,268.99999763057815,223.99999894661582,0.2705882489681244,0.27450981736183167,0.23529411852359772,calibrated_uv_reprojection_plus_stereo_left
-70.74263763427734,-41.27390670776367,-555.6000366210938,199.88785445200688,359.0940384132814,-40.66866871591566,270.0000001434202,224.00000176272724,0.2823529541492462,0.2823529541492462,0.2666666805744171,calibrated_uv_reprojection_plus_stereo_left
-69.48321533203125,-41.22103500366211,-554.8925170898438,198.83431293230962,358.223005968492,-40.086040314993625,270.9999985579152,223.9999997502254,0.29411765933036804,0.2980392277240753,0.2862745225429535,calibrated_uv_reprojection_plus_stereo_left
-68.03730010986328,-41.05393981933594,-552.6473999023438,196.95647370593235,357.67582474489603,-38.295158337530665,271.9999991305069,223.9999997129448,0.30588236451148987,0.32156863808631897,0.3176470696926117,calibrated_uv_reprojection_plus_stereo_left
-66.83494567871094,-41.030670166015625,-552.33837890625,196.12158054898947,356.72845310188404,-38.025872697855334,273.0000019311168,224.0000002082351,0.32156863808631897,0.33725491166114807,0.3333333432674408,calibrated_uv_reprojection_plus_stereo_left
-65.64129638671875,-41.01213073730469,-552.093017578125,195.32138092393836,355.768528208619,-37.80663310829112,273.99999687638126,223.99999987278204,0.3333333432674408,0.35686275362968445,0.3490196168422699,calibrated_uv_reprojection_plus_stereo_left
-64.47403717041016,-41.00983810424805,-552.0663452148438,194.63834285573034,354.76242545522996,-37.75923702363809,274.99999941691226,223.99999832257137,0.33725491166114807,0.35686275362968445,0.3529411852359772,calibrated_uv_reprojection_plus_stereo_left
-63.19435501098633,-40.934757232666016,-551.0598754882812,193.43372358317782,353.9682665415983,-36.94205785672136,276.0000008126756,224.0000012741669,0.33725491166114807,0.3529411852359772,0.3490196168422699,calibrated_uv_reprojection_plus_stereo_left
-62.05354309082031,-40.94863510131836,-551.2508544921875,192.86739653702267,352.9163632803005,-37.065693705553315,276.99999777755863,223.99999787553654,0.3333333432674408,0.3490196168422699,0.33725491166114807,calibrated_uv_reprojection_plus_stereo_left
-60.909828186035156,-40.961219787597656,-551.4244995117188,192.29131302646272,351.86741728531774,-37.17569293396144,278.00000080262737,223.99999901910041,0.3294117748737335,0.3450980484485626,0.32549020648002625,calibrated_uv_reprojection_plus_stereo_left
-59.78731918334961,-40.98896026611328,-551.8021850585938,191.8225791047198,350.77241784975456,-37.44594842512504,278.99999814354896,224.00000058964193,0.3333333432674408,0.34117648005485535,0.32156863808631897,calibrated_uv_reprojection_plus_stereo_left
-58.742740631103516,-41.07242965698242,-552.9301147460938,191.74854002866675,349.50804520457393,-38.305454074560544,279.9999998330926,224.00000199065965,0.3333333432674408,0.3333333432674408,0.3176470696926117,calibrated_uv_reprojection_plus_stereo_left
-57.5956916809082,-41.086326599121094,-553.1213989257812,191.1787706982144,348.4506253250476,-38.429188225332666,281.00000326537474,224.00000023285173,0.3294117748737335,0.3333333432674408,0.2980392277240753,calibrated_uv_reprojection_plus_stereo_left
-56.49142837524414,-41.13208770751953,-553.7416381835938,190.83365307509177,347.29482542815225,-38.889787546372645,281.99999946387715,223.99999717842877,0.3294117748737335,0.3333333432674408,0.29019609093666077,calibrated_uv_reprojection_plus_stereo_left
-55.54832077026367,-41.299739837646484,-556.0029907226562,191.3465489046784,345.7604421826793,-40.63912931667977,283.0000016979262,224.00000233507018,0.4000000059604645,0.3686274588108063,0.2705882489681244,calibrated_uv_reprojection_plus_stereo_left
-74.88673400878906,-40.438011169433594,-560.3032836914062,203.5912060127484,361.6989907588762,-45.05507525641934,267.0000006579606,224.99999988616946,0.30980393290519714,0.29019609093666077,0.1725490242242813,calibrated_uv_reprojection_plus_stereo_left
-73.4435806274414,-40.2933464050293,-558.304443359375,201.83286238754755,361.07466719544186,-43.45497533263756,267.9999983025874,224.99999962880105,0.27450981736183167,0.27843138575553894,0.24313725531101227,calibrated_uv_reprojection_plus_stereo_left
-72.07495880126953,-40.185646057128906,-556.8177490234375,200.3554128967457,360.3537120678573,-42.258162015880146,269.00000010385156,224.9999994554173,0.27450981736183167,0.27843138575553894,0.24313725531101227,calibrated_uv_reprojection_plus_stereo_left
-70.80594635009766,-40.13095474243164,-556.0655517578125,199.27662535249385,359.4878450769974,-41.6395600088627,270.0000057089763,225.0000004091741,0.2823529541492462,0.2823529541492462,0.25882354378700256,calibrated_uv_reprojection_plus_stereo_left
-69.54879760742188,-40.08136749267578,-555.384033203125,198.23751090395183,358.6100129833771,-41.07664819380068,270.99999453090396,224.99999946710898,0.29019609093666077,0.29411765933036804,0.27843138575553894,calibrated_uv_reprojection_plus_stereo_left
-68.10163879394531,-39.9188346862793,-553.137451171875,196.361704505116,358.06028617361426,-39.28219106064296,271.9999980658512,224.999997627269,0.3019607961177826,0.3176470696926117,0.30980393290519714,calibrated_uv_reprojection_plus_stereo_left
-66.89957427978516,-39.89692306518555,-552.8394775390625,195.53252536121124,357.1094532481022,-39.021286460238855,273.0000044476599,225.00000245064655,0.30980393290519714,0.32549020648002625,0.3176470696926117,calibrated_uv_reprojection_plus_stereo_left
-65.70944213867188,-39.8816032409668,-552.6326904296875,194.75259811807075,356.14024808047884,-38.83215030703309,274.00000253160283,224.99999804874955,0.3176470696926117,0.33725491166114807,0.3294117748737335,calibrated_uv_reprojection_plus_stereo_left
-64.55226135253906,-39.886207580566406,-552.7020874023438,194.11998247451595,355.11264202958546,-38.86033328778058,275.0000018309414,224.99999973727915,0.32156863808631897,0.34117648005485535,0.33725491166114807,calibrated_uv_reprojection_plus_stereo_left
-63.2590446472168,-39.80550765991211,-551.58935546875,192.85969605075405,354.339363837494,-37.95846921900795,275.99999665229694,224.99999769825376,0.32156863808631897,0.3450980484485626,0.33725491166114807,calibrated_uv_reprojection_plus_stereo_left
-62.095611572265625,-39.805110931396484,-551.5894165039062,192.1912587089796,353.32817498873396,-37.93213999312735,276.99999833199354,224.99999769440353,0.3176470696926117,0.33725491166114807,0.32549020648002625,calibrated_uv_reprojection_plus_stereo_left
-60.95122528076172,-39.81726837158203,-551.7634887695312,191.61465184244975,352.27869974340626,-38.04269422233807,277.9999997194928,225.00000030580915,0.3176470696926117,0.3333333432674408,0.3137255012989044,calibrated_uv_reprojection_plus_stereo_left
-59.82558059692383,-39.84251403808594,-552.118896484375,191.13310910460598,351.18836211644566,-38.295865207608585,278.9999985057961,225.00000048454467,0.32549020648002625,0.3294117748737335,0.3137255012989044,calibrated_uv_reprojection_plus_stereo_left
-58.76324462890625,-39.91189956665039,-553.0859985351562,190.9722868407207,349.9602652991099,-39.030129046856814,280.000002156785,225.00000131558167,0.32549020648002625,0.3294117748737335,0.30980393290519714,calibrated_uv_reprojection_plus_stereo_left
-57.64198303222656,-39.943397521972656,-553.528076171875,190.53355073709002,348.846422210132,-39.35136137682656,281.0000004517475,225.00000178232165,0.32549020648002625,0.3294117748737335,0.29411765933036804,calibrated_uv_reprojection_plus_stereo_left
-56.58633804321289,-40.02275085449219,-554.63330078125,190.44078159540481,347.5806083550454,-40.19408333492947,281.99999719882567,224.99999977599686,0.3294117748737335,0.3333333432674408,0.29411765933036804,calibrated_uv_reprojection_plus_stereo_left
-55.76383972167969,-40.27398681640625,-558.1205444335938,191.589250123868,345.7667075737892,-42.90994093762123,282.9999993887728,224.99999966951455,0.47058823704719543,0.4117647111415863,0.32156863808631897,calibrated_uv_reprojection_plus_stereo_left
-73.53997802734375,-39.160396575927734,-559.0062255859375,201.3452963191396,361.4256789147406,-44.615506353384376,267.99999810840546,225.99999816127672,0.2823529541492462,0.29411765933036804,0.2235294133424759,calibrated_uv_reprojection_plus_stereo_left
-72.1825180053711,-39.06260299682617,-557.6173706054688,199.9218307325018,360.6824150945665,-43.49420418038005,269.0000054044586,226.00000254758774,0.2823529541492462,0.29411765933036804,0.22745098173618317,calibrated_uv_reprojection_plus_stereo_left
-70.88355255126953,-38.99386978149414,-556.6431884765625,198.72409704087738,359.8596596368683,-42.69983796152104,270.00000019904445,225.99999899043507,0.2862745225429535,0.29019609093666077,0.24705882370471954,calibrated_uv_reprojection_plus_stereo_left
-69.61441802978516,-38.93962478637695,-555.8759155273438,197.63935770129848,358.99780495866736,-42.06862375866473,271.0000032413747,226.0000018867695,0.3019607961177826,0.30588236451148987,0.2666666805744171,calibrated_uv_reprojection_plus_stereo_left
-68.1868896484375,-38.79352951049805,-553.7973022460938,195.85607991331727,358.41042117550745,-40.40410635797173,271.99999852553736,225.99999808220983,0.30588236451148987,0.3176470696926117,0.2980392277240753,calibrated_uv_reprojection_plus_stereo_left
-66.98345184326172,-38.772178649902344,-553.49951171875,195.02659928745476,357.4581108393498,-40.14303266771111,273.00000043221957,225.99999796340762,0.30980393290519714,0.32549020648002625,0.30588236451148987,calibrated_uv_reprojection_plus_stereo_left
-65.80611419677734,-38.765560150146484,-553.412109375,194.30958262638336,356.46236459047276,-40.04775727877774,273.99999935929935,226.00000247194825,0.30980393290519714,0.3333333432674408,0.32156863808631897,calibrated_uv_reprojection_plus_stereo_left
-64.65975952148438,-38.77741622924805,-553.5883178710938,193.73250387380176,355.4106929674299,-40.16017561784963,274.99999784518855,225.9999990929123,0.30980393290519714,0.3333333432674408,0.3176470696926117,calibrated_uv_reprojection_plus_stereo_left
-63.335174560546875,-38.68098068237305,-552.2186279296875,192.33680981798926,354.6899763053642,-39.05466523730604,276.00000352380994,226.0000012269036,0.3137255012989044,0.33725491166114807,0.3137255012989044,calibrated_uv_reprojection_plus_stereo_left
-62.16407775878906,-38.67655563354492,-552.1624145507812,191.63783435429093,353.6898485874153,-38.98401792499328,276.99999950026654,225.99999920356024,0.3137255012989044,0.3333333432674408,0.30980393290519714,calibrated_uv_reprojection_plus_stereo_left
-61.01019287109375,-38.683006286621094,-552.261474609375,191.0206851897546,352.65587984947194,-39.03568697866547,277.99999802549627,225.99999752950583,0.3137255012989044,0.3294117748737335,0.30980393290519714,calibrated_uv_reprojection_plus_stereo_left
-59.904605865478516,-38.7210578918457,-552.811767578125,190.64033607272637,351.5220732329833,-39.44277688121457,279.0000011789091,226.00000002597858,0.32156863808631897,0.3333333432674408,0.30588236451148987,calibrated_uv_reprojection_plus_stereo_left
-58.81012725830078,-38.7680778503418,-553.4900512695312,190.3256699508139,350.35769354038064,-39.950619037120816,279.9999979692732,225.99999863484476,0.3294117748737335,0.3333333432674408,0.3019607961177826,calibrated_uv_reprojection_plus_stereo_left
-57.713565826416016,-38.815738677978516,-554.1775512695312,190.01407432087325,349.188608532382,-40.465652785081886,280.9999976604868,226.0000001254029,0.3333333432674408,0.3333333432674408,0.2980392277240753,calibrated_uv_reprojection_plus_stereo_left
-56.72693634033203,-38.94097900390625,-555.97265625,190.27878975670876,347.7669609999657,-41.85290665520557,281.9999975259053,225.99999919950858,0.3490196168422699,0.3450980484485626,0.3137255012989044,calibrated_uv_reprojection_plus_stereo_left
-73.64250183105469,-38.02761459350586,-559.7545166015625,200.88052822317218,361.7686732653923,-45.814284050694766,268.0000002077185,227.00000012186817,0.2823529541492462,0.29411765933036804,0.2235294133424759,calibrated_uv_reprojection_plus_stereo_left
-72.2412109375,-37.9105110168457,-558.0393676757812,199.2833143482735,361.08840102083917,-44.43394852828743,269.0000042447573,226.9999994286345,0.2862745225429535,0.2980392277240753,0.22745098173618317,calibrated_uv_reprojection_plus_stereo_left
-70.9595947265625,-37.85348129272461,-557.20849609375,198.16316638021885,360.23499654202783,-43.75165265467581,269.9999967456067,227.0000006639281,0.2862745225429535,0.29019609093666077,0.24705882370471954,calibrated_uv_reprojection_plus_stereo_left
-69.67442321777344,-37.79273223876953,-556.3228149414062,197.01567005555046,359.3956789507864,-43.02617675778316,271.0000023037728,226.99999985634727,0.29411765933036804,0.2980392277240753,0.25882354378700256,calibrated_uv_reprojection_plus_stereo_left
-68.273681640625,-37.666255950927734,-554.4696044921875,195.3550233775336,358.7591545201674,-41.53729295628938,272.00000038803114,227.00000138967025,0.3137255012989044,0.3137255012989044,0.2980392277240753,calibrated_uv_reprojection_plus_stereo_left
-67.07603454589844,-37.64950180053711,-554.2314453125,194.55680524839443,357.79296228948607,-41.32295926616604,273.00000166819507,226.99999756401934,0.3137255012989044,0.3176470696926117,0.3019607961177826,calibrated_uv_reprojection_plus_stereo_left
-65.89115905761719,-37.63956069946289,-554.0936889648438,193.8122795334961,356.8064057052149,-41.187867949295594,273.99999937160436,227.00000031729024,0.30588236451148987,0.3294117748737335,0.30588236451148987,calibrated_uv_reprojection_plus_stereo_left
-64.73336791992188,-37.645137786865234,-554.184326171875,193.18877622422605,355.77180574013767,-41.232979694844175,274.9999957694564,227.00000012198183,0.30980393290519714,0.3294117748737335,0.30980393290519714,calibrated_uv_reprojection_plus_stereo_left
-63.430397033691406,-37.56507110595703,-553.01416015625,191.89969667600326,355.00617891797805,-40.283402691308424,275.9999987313889,226.99999977032817,0.30980393290519714,0.3333333432674408,0.30980393290519714,calibrated_uv_reprojection_plus_stereo_left
-62.2370719909668,-37.548282623291016,-552.7755126953125,191.10373441667014,354.043897231108,-40.06878441712507,276.9999964620701,226.9999987850226,0.3137255012989044,0.33725491166114807,0.30980393290519714,calibrated_uv_reprojection_plus_stereo_left
-61.09446334838867,-37.562164306640625,-552.9884643554688,190.5454284978585,352.9841595728925,-40.21042115342806,278.0000004542255,227.00000246110744,0.3176470696926117,0.33725491166114807,0.30588236451148987,calibrated_uv_reprojection_plus_stereo_left
-59.966796875,-37.58608627319336,-553.3491821289062,190.0639396995357,351.8910951967296,-40.46858657199226,279.00000153997,227.0000028550462,0.32156863808631897,0.3333333432674408,0.2980392277240753,calibrated_uv_reprojection_plus_stereo_left
-58.88982391357422,-37.64350128173828,-554.2029418945312,189.83923676072908,350.6875623273359,-41.11558909279694,280.0000015232129,226.99999927739444,0.3294117748737335,0.3333333432674408,0.29019609093666077,calibrated_uv_reprojection_plus_stereo_left
-57.842369079589844,-37.722625732421875,-555.3764038085938,189.77910913048453,349.4094874522876,-42.01465210435424,281.0000003604193,226.99999885006264,0.3490196168422699,0.3333333432674408,0.2705882489681244,calibrated_uv_reprojection_plus_stereo_left
-71.10693359375,-36.74753189086914,-558.3336181640625,197.89905147413373,360.4983274187268,-45.24712260973604,269.9999993352938,227.99999874334168,0.29019609093666077,0.29411765933036804,0.250980406999588,calibrated_uv_reprojection_plus_stereo_left
-69.81340026855469,-36.685420989990234,-557.400146484375,196.72606861520927,359.6659425282976,-44.48290978826043,270.9999972887895,227.9999995082497,0.29411765933036804,0.2980392277240753,0.25882354378700256,calibrated_uv_reprojection_plus_stereo_left
-68.52354431152344,-36.62327194213867,-556.466064453125,195.55491829755516,358.8369441915949,-43.71829936823315,271.999999360547,228.00000038143273,0.3019607961177826,0.3019607961177826,0.2823529541492462,calibrated_uv_reprojection_plus_stereo_left
-67.35381317138672,-36.6244010925293,-556.493408203125,194.89522177687604,357.8118645128668,-43.713446863685476,273.00000124550627,227.99999964019065,0.30588236451148987,0.30980393290519714,0.29019609093666077,calibrated_uv_reprojection_plus_stereo_left
-66.18636322021484,-36.626949310302734,-556.5423583984375,194.2467768222262,356.7820157559914,-43.725660637926694,273.99999970348006,228.0000012085389,0.30588236451148987,0.32156863808631897,0.2980392277240753,calibrated_uv_reprojection_plus_stereo_left
-65.01817321777344,-36.62929916381836,-556.5882568359375,193.59650420762296,355.752476520825,-43.735453310522416,274.99999815527974,228.00000049281613,0.30588236451148987,0.32549020648002625,0.3019607961177826,calibrated_uv_reprojection_plus_stereo_left
-63.79915237426758,-36.60270309448242,-556.1942749023438,192.71460249962928,354.81623775078873,-43.39772598191712,275.99999906115227,227.99999768415927,0.30980393290519714,0.3294117748737335,0.30588236451148987,calibrated_uv_reprojection_plus_stereo_left
-62.65035629272461,-36.616275787353516,-556.4107666015625,192.15397425424504,353.750238726894,-43.54228715150458,276.99999805815884,228.00000008001408,0.3137255012989044,0.3294117748737335,0.3019607961177826,calibrated_uv_reprojection_plus_stereo_left
-61.496849060058594,-36.6276969909668,-556.594482421875,191.57556051856017,352.6903864753295,-43.66093046887886,277.9999964004665,227.99999737838002,0.3137255012989044,0.3294117748737335,0.29411765933036804,calibrated_uv_reprojection_plus_stereo_left
-60.35780715942383,-36.648475646972656,-556.9205322265625,191.07095120349163,351.5986251005574,-43.89198150844766,279.0000015789758,228.00000177067923,0.32156863808631897,0.3333333432674408,0.29019609093666077,calibrated_uv_reprojection_plus_stereo_left
-59.32846450805664,-36.7381477355957,-558.2933959960938,191.11110181322852,350.2750329165149,-44.949788157709236,279.9999979236592,227.9999982168068,0.3294117748737335,0.3333333432674408,0.2862745225429535,calibrated_uv_reprojection_plus_stereo_left
-58.353450775146484,-36.865909576416016,-560.2452392578125,191.44889806914586,348.81770903996517,-46.46472522145393,280.99999710577265,227.99999932659392,0.38823530077934265,0.35686275362968445,0.27843138575553894,calibrated_uv_reprojection_plus_stereo_left
-69.9283676147461,-35.56131362915039,-558.2857055664062,196.33135579520916,359.97699785632,-45.79023967891834,270.99999640622036,229.00000046169583,0.2980392277240753,0.29411765933036804,0.24313725531101227,calibrated_uv_reprojection_plus_stereo_left
-68.59549713134766,-35.47977828979492,-557.0176391601562,194.98370242747285,359.2139270465784,-44.76033839118696,272.00000207657797,229.0000021520155,0.29411765933036804,0.2980392277240753,0.2666666805744171,calibrated_uv_reprojection_plus_stereo_left
-67.41999816894531,-35.47834014892578,-557.0069580078125,194.30314622310397,358.1957452577055,-44.725447011862514,272.9999998497538,228.99999944854898,0.2980392277240753,0.30588236451148987,0.27450981736183167,calibrated_uv_reprojection_plus_stereo_left
-66.26038360595703,-35.485477447509766,-557.1309814453125,193.69349272172116,357.1493880153696,-44.79713227644089,274.0000010420655,229.00000034225246,0.2980392277240753,0.3176470696926117,0.2862745225429535,calibrated_uv_reprojection_plus_stereo_left
-65.09709167480469,-35.490989685058594,-557.2294921875,193.07002561865897,356.1077860419184,-44.84861738097612,274.9999993149337,229.0000009457682,0.3019607961177826,0.32156863808631897,0.29019609093666077,calibrated_uv_reprojection_plus_stereo_left
-63.857662200927734,-35.454559326171875,-556.6694946289062,192.1008019235989,355.20524557320607,-44.379144181492734,276.00000157973614,229.0000028067397,0.30588236451148987,0.32156863808631897,0.2980392277240753,calibrated_uv_reprojection_plus_stereo_left
-62.71356201171875,-35.47081756591797,-556.9366455078125,191.56570844877143,354.1277622486281,-44.56403422507708,277.0000006801335,228.99999889587124,0.30980393290519714,0.32549020648002625,0.29019609093666077,calibrated_uv_reprojection_plus_stereo_left
-61.58271789550781,-35.49546432495117,-557.3355712890625,191.09866424471176,353.02073201397764,-44.85313103067972,277.9999997097126,228.9999976030785,0.3176470696926117,0.32549020648002625,0.27843138575553894,calibrated_uv_reprojection_plus_stereo_left
-60.47355651855469,-35.533939361572266,-557.9517211914062,190.74369874261998,351.86484803531096,-45.314003313837645,278.99999895851045,229.00000032235494,0.32549020648002625,0.32549020648002625,0.26274511218070984,calibrated_uv_reprojection_plus_stereo_left
-68.74142456054688,-34.37091827392578,-558.1697387695312,194.72775114616826,359.46953267132744,-46.27942525573678,271.9999972050839,229.99999801909988,0.2980392277240753,0.29411765933036804,0.24313725531101227,calibrated_uv_reprojection_plus_stereo_left
-67.56552124023438,-34.37044143676758,-558.1759033203125,194.05460713601252,358.44579495219926,-46.257864447013276,273.00000107724145,230.00000192667798,0.3019607961177826,0.3019607961177826,0.250980406999588,calibrated_uv_reprojection_plus_stereo_left
-66.38872528076172,-34.36960983276367,-558.1762084960938,193.37827656432648,357.42309994670904,-46.23165378884693,273.9999982359011,230.0000006199609,0.29411765933036804,0.30980393290519714,0.2666666805744171,calibrated_uv_reprojection_plus_stereo_left
-63.95891189575195,-34.327327728271484,-557.5171508789062,191.6803050401632,355.51648324060426,-45.65663991427243,275.99999836312884,229.99999933184853,0.3019607961177826,0.3137255012989044,0.2705882489681244,calibrated_uv_reprojection_plus_stereo_left
-62.813236236572266,-34.34304428100586,-557.7862548828125,191.1447134319509,354.4372965130234,-45.84337614131914,276.9999989856342,230.00000011700155,0.3019607961177826,0.30980393290519714,0.2549019753932953,calibrated_uv_reprojection_plus_stereo_left
-61.696075439453125,-34.37538146972656,-558.3253173828125,190.7488953328596,353.298992362262,-46.24391480465141,278.000002242702,230.00000040521377,0.3176470696926117,0.3176470696926117,0.24705882370471954,calibrated_uv_reprojection_plus_stereo_left
