camera_x_mm,camera_y_mm,camera_z_mm,robot_x_mm,robot_y_mm,robot_z_mm,u_px,v_px,red,green,blue,color_source
202.6987762451172,-217.15914916992188,-714.518798828125,237.46523665475428,3.4668064322893315,-74.56769178782798,462.00000554553526,116.99999887306257,0.5254902243614197,0.5058823823928833,0.33725491166114807,calibrated_uv_reprojection_plus_stereo_left
188.76190185546875,-200.7053680419922,-660.343994140625,211.07271695713632,37.83271287299448,-38.85063826049952,463.00000014412126,116.99999884705645,0.8313725590705872,0.8117647171020508,0.615686297416687,calibrated_uv_reprojection_plus_stereo_left
189.01669311523438,-199.4742889404297,-656.2568969726562,208.33893227513215,39.285684733981896,-36.120938665783285,463.999997484895,116.99999799026216,0.9803921580314636,0.95686274766922,0.7098039388656616,calibrated_uv_reprojection_plus_stereo_left
190.14950561523438,-199.18113708496094,-655.2557983398438,207.06073360099396,38.707647695642834,-35.42355487664486,464.99999544471603,116.99999767508456,1.0,0.9803921580314636,0.7137255072593689,calibrated_uv_reprojection_plus_stereo_left
191.51490783691406,-199.1340789794922,-655.0643310546875,206.16315001629204,37.59481019541016,-35.25929939969171,466.0000010167942,116.99999391177832,1.0,0.9686274528503418,0.6980392336845398,calibrated_uv_reprojection_plus_stereo_left
193.15919494628906,-199.37550354003906,-655.8218994140625,205.70814053924477,35.849651849435304,-35.719816656317164,466.99999162667746,117.00000961648456,0.7921568751335144,0.7372549176216125,0.46666666865348816,calibrated_uv_reprojection_plus_stereo_left
202.91127014160156,-207.9213409423828,-683.8941040039062,217.9455730371635,15.834297429480387,-54.15960652596027,468.0000066058717,117.00000016341286,0.5333333611488342,0.49803921580314636,0.32549020648002625,calibrated_uv_reprojection_plus_stereo_left
194.2341766357422,-208.20452880859375,-689.964599609375,225.63721718323745,21.527643697775318,-59.197465958075895,460.9999965455961,118.00000415441164,0.545098066329956,0.5333333611488342,0.45490196347236633,calibrated_uv_reprojection_plus_stereo_left
186.9744110107422,-198.90208435058594,-659.1006469726562,210.2629340148672,40.485486613917374,-38.79684087123388,461.99999611202287,117.99999935909221,0.8588235378265381,0.8313725590705872,0.572549045085907,calibrated_uv_reprojection_plus_stereo_left
187.78297424316406,-198.258056640625,-656.9298706054688,208.43151691642487,40.66792158795124,-37.32658307486747,463.00000520270845,117.99999353694855,0.9843137264251709,0.9647058844566345,0.6901960968971252,calibrated_uv_reprojection_plus_stereo_left
189.15855407714844,-198.2177734375,-656.759765625,207.5418621830285,39.537344596709545,-37.17615728490006,464.0000028147472,117.9999947865966,1.0,0.9843137264251709,0.6666666865348816,calibrated_uv_reprojection_plus_stereo_left
190.30970764160156,-197.94459533691406,-655.8180541992188,206.29225845937373,38.91817311624078,-36.51686202884537,465.000002911039,117.9999946564725,1.0,0.9843137264251709,0.658823549747467,calibrated_uv_reprojection_plus_stereo_left
191.59634399414062,-197.81524658203125,-655.3529663085938,205.26678062728865,37.98585224920066,-36.17198446922771,466.00000763859265,117.99999970721811,1.0,0.9843137264251709,0.6666666865348816,calibrated_uv_reprojection_plus_stereo_left
192.86241149902344,-197.6666717529297,-654.82421875,204.21277658039855,37.09751319804053,-35.78517663938601,466.9999988798324,118.00000156590156,1.0,0.9960784316062927,0.6784313917160034,calibrated_uv_reprojection_plus_stereo_left
193.581787109375,-196.9639434814453,-652.4598388671875,202.3097317429981,37.43695293914834,-34.188125903475395,467.99999617539186,118.00000234558752,0.8549019694328308,0.8117647171020508,0.5411764979362488,calibrated_uv_reprojection_plus_stereo_left
196.61585998535156,-198.6094512939453,-657.8740234375,204.00563181595948,32.5753148629654,-37.71957704976711,468.9999916106209,118.00000486022373,0.5960784554481506,0.5333333611488342,0.2823529541492462,calibrated_uv_reprojection_plus_stereo_left
185.3343963623047,-197.25537109375,-658.3612670898438,209.69100791948017,42.801624050052794,-39.07309633914065,460.9999940471872,119.00000139252208,0.8627451062202454,0.843137264251709,0.6549019813537598,calibrated_uv_reprojection_plus_stereo_left
186.32411193847656,-196.80419921875,-656.81884765625,208.15598749396548,42.56767539986288,-38.01562969096187,462.0000014657228,118.99999014477106,1.0,0.9803921580314636,0.6627451181411743,calibrated_uv_reprojection_plus_stereo_left
187.40814208984375,-196.45860290527344,-655.6290283203125,206.7895612559284,42.1075450205617,-37.19132557613926,463.00000606454824,119.00000085677311,1.0,0.9843137264251709,0.6627451181411743,calibrated_uv_reprojection_plus_stereo_left
189.37367248535156,-197.03530883789062,-657.51708984375,206.86190523773126,39.622145900372175,-38.400618532929286,463.9999909595656,119.00000791926271,1.0,0.9843137264251709,0.6509804129600525,calibrated_uv_reprojection_plus_stereo_left
190.4715118408203,-196.707275390625,-656.3858642578125,205.5245793941445,39.12604177131925,-37.61509345122869,465.0000072725811,118.9999988409102,1.0,0.9843137264251709,0.6509804129600525,calibrated_uv_reprojection_plus_stereo_left
191.56240844726562,-196.3769073486328,-655.2470092773438,204.18638399997252,38.63911353528266,-36.82466110361281,466.00000760666353,118.99999815871328,1.0,0.9607843160629272,0.6392157077789307,calibrated_uv_reprojection_plus_stereo_left
192.85386657714844,-196.2554168701172,-654.8052368164062,203.17351096608968,37.692704364042186,-36.49478295021305,466.99999370248787,119.00000641580337,1.0,0.9725490212440491,0.6549019813537598,calibrated_uv_reprojection_plus_stereo_left
193.52748107910156,-195.51144409179688,-652.2866821289062,201.2029570459227,38.13294351469733,-34.79335816623484,467.99999258386515,119.00000790671521,1.0,0.9960784316062927,0.6901960968971252,calibrated_uv_reprojection_plus_stereo_left
194.91482543945312,-195.49398803710938,-652.1920776367188,200.354406437301,36.961172693947844,-34.69293750571154,469.00000530059015,118.99999360766256,0.9725490212440491,0.9333333373069763,0.6313725709915161,calibrated_uv_reprojection_plus_stereo_left
196.5160369873047,-195.68968200683594,-652.8086547851562,199.83248130752912,35.31256785963143,-35.06215031278032,469.9999989890845,119.00000515032497,0.729411780834198,0.6705882549285889,0.4274509847164154,calibrated_uv_reprojection_plus_stereo_left
183.4346923828125,-195.33187866210938,-656.679931640625,208.67699415000385,45.72654622094274,-38.723942228638066,460.00000712027656,119.99999413321487,0.8901960849761963,0.8666666746139526,0.5921568870544434,calibrated_uv_reprojection_plus_stereo_left
183.6787872314453,-194.09652709960938,-652.49072265625,205.90415674470012,47.21972181712363,-35.91282789691434,460.99998907064224,120.00000849472627,1.0,0.9803921580314636,0.6980392336845398,calibrated_uv_reprojection_plus_stereo_left
184.3533935546875,-193.33132934570312,-649.8822631835938,203.88041624825922,47.693515967484586,-34.14845465737608,462.000001265121,119.99999563983582,1.0,0.9843137264251709,0.6509804129600525,calibrated_uv_reprojection_plus_stereo_left
185.70281982421875,-193.2799530029297,-649.6735229492188,202.9817222507121,46.60127744052818,-33.97259809555072,462.9999984243319,119.99999574225052,1.0,0.9843137264251709,0.6509804129600525,calibrated_uv_reprojection_plus_stereo_left
188.0816192626953,-194.29263305664062,-653.041259765625,203.746334868615,43.15443576424087,-36.16358318393674,463.99999989810146,120.00000355286397,1.0,0.9843137264251709,0.6509804129600525,calibrated_uv_reprojection_plus_stereo_left
189.32452392578125,-194.12554931640625,-652.4434204101562,202.6635836010687,42.31358779994639,-35.73007507497283,465.0000032719411,119.99999289492936,1.0,0.9843137264251709,0.6509804129600525,calibrated_uv_reprojection_plus_stereo_left
190.52503967285156,-193.91769409179688,-651.708740234375,201.51887353459426,41.565465602440554,-35.20610749537684,466.00000174707424,120.0000079397501,1.0,0.9607843160629272,0.6313725709915161,calibrated_uv_reprojection_plus_stereo_left
191.67166137695312,-193.6584014892578,-650.8011474609375,200.29612226713652,40.93476630211251,-34.56780060678352,467.00000214038135,119.99999533076931,1.0,0.9529411792755127,0.6235294342041016,calibrated_uv_reprojection_plus_stereo_left
192.36758422851562,-192.9507293701172,-648.3870239257812,198.3824274175538,41.31082964854545,-32.93297614046685,467.9999959028205,120.00000351119459,1.0,0.9490196108818054,0.6313725709915161,calibrated_uv_reprojection_plus_stereo_left
193.80502319335938,-192.99160766601562,-648.4883422851562,197.6286424274045,40.01552554672594,-32.96233441783477,469.0000051908314,119.99999219710108,1.0,0.9725490212440491,0.6549019813537598,calibrated_uv_reprojection_plus_stereo_left
195.37220764160156,-193.1601104736328,-649.0185546875,197.07071925504493,38.432368124446214,-33.27537097370538,470.00000134197967,120.00000046189376,1.0,0.9803921580314636,0.6941176652908325,calibrated_uv_reprojection_plus_stereo_left
196.9934844970703,-193.37925720214844,-649.7188110351562,196.58895913204674,36.73276150111434,-33.70079419462394,471.00001011926724,119.99999900208897,0.7960784435272217,0.7490196228027344,0.47843137383461,calibrated_uv_reprojection_plus_stereo_left
201.51255798339844,-196.4198455810547,-659.8980102539062,200.41912246757198,28.644654501175467,-40.394645169520345,471.9999922749274,120.00000289623742,0.5254902243614197,0.4745098054409027,0.32156863808631897,calibrated_uv_reprojection_plus_stereo_left
181.93673706054688,-195.35247802734375,-661.5935668945312,211.5762631861008,45.617820605756776,-42.782653614755304,458.00000246006255,120.99999727864198,0.6823529601097107,0.6274510025978088,0.4470588266849518,calibrated_uv_reprojection_plus_stereo_left
182.1573944091797,-194.0709991455078,-657.21728515625,208.70596017353557,47.2037943414407,-39.842147866766254,458.9999930568366,120.99999775339577,0.9019607901573181,0.8745098114013672,0.6666666865348816,calibrated_uv_reprojection_plus_stereo_left
182.4312286376953,-192.8654022216797,-653.0984497070312,205.96687924359412,48.63875578663453,-37.072858880453225,459.9999931553826,121.00000029702275,1.0,0.9921568632125854,0.6745098233222961,calibrated_uv_reprojection_plus_stereo_left
183.37767028808594,-192.38380432128906,-651.4315795898438,204.38310878238423,48.490497080711236,-35.92981300186892,461.0000062582703,120.99999857366234,1.0,0.9843137264251709,0.658823549747467,calibrated_uv_reprojection_plus_stereo_left
184.35714721679688,-191.94387817382812,-649.906005859375,202.86916529866244,48.256000318127406,-34.8806367243987,461.99999441734053,121.00000097848536,1.0,0.9843137264251709,0.6509804129600525,calibrated_uv_reprojection_plus_stereo_left
185.76974487304688,-191.95803833007812,-649.91796875,202.0732223060665,47.018817075657864,-34.85090988593373,463.00000913548126,120.99999510896544,1.0,0.9843137264251709,0.6509804129600525,calibrated_uv_reprojection_plus_stereo_left
187.87542724609375,-192.68276977539062,-652.3356323242188,202.39191311328682,44.19935821618691,-36.41586401978185,463.99999916708094,120.99999720205037,1.0,0.9843137264251709,0.6509804129600525,calibrated_uv_reprojection_plus_stereo_left
189.03627014160156,-192.43484497070312,-651.4602661132812,201.18261604314017,43.54240858411521,-35.79785664111648,464.99999366012685,121.0000056096697,1.0,0.9843137264251709,0.6509804129600525,calibrated_uv_reprojection_plus_stereo_left
190.14797973632812,-192.140869140625,-650.4290161132812,199.90351300343815,42.99166082531474,-35.07661808660413,466.00000181244593,120.99999622295283,1.0,0.9843137264251709,0.6549019813537598,calibrated_uv_reprojection_plus_stereo_left
191.4597930908203,-192.05184936523438,-650.0917358398438,198.94583335133478,41.984336627987545,-34.81540254937181,466.99999569697144,121.00000553741455,1.0,0.9764705896377563,0.6470588445663452,calibrated_uv_reprojection_plus_stereo_left
192.1564178466797,-191.35145568847656,-647.68505859375,197.0401473262811,42.35466125702061,-33.18293779410686,467.9999978423498,121.00000333203434,1.0,0.9333333373069763,0.615686297416687,calibrated_uv_reprojection_plus_stereo_left
193.5897674560547,-191.3894500732422,-647.77783203125,196.28307357125453,41.0665406478866,-33.20685397787662,468.99999211897693,121.00000900504085,1.0,0.9372549057006836,0.6196078658103943,calibrated_uv_reprojection_plus_stereo_left
194.98779296875,-191.39218139648438,-647.7511596679688,195.47119347338565,39.857767033032815,-33.151604199473184,469.99999620729807,120.99999667398842,1.0,0.95686274766922,0.6627451181411743,calibrated_uv_reprojection_plus_stereo_left
196.60379028320312,-191.60723876953125,-648.443115234375,194.98604346090406,38.16680623433717,-33.57243227766418,470.99999246207307,120.99999918043773,1.0,0.9607843160629272,0.6705882549285889,calibrated_uv_reprojection_plus_stereo_left
198.533935546875,-192.12319946289062,-650.1532592773438,194.9608197301655,35.78801003270132,-34.66763471258878,471.9999950221803,121.00000187167345,0.8274509906768799,0.7450980544090271,0.529411792755127,calibrated_uv_reprojection_plus_stereo_left
200.85166931152344,-193.00433349609375,-653.098876953125,195.49003775484948,32.56900514856113,-36.5809503836623,472.9999921876213,120.99999912670225,0.5960784554481506,0.4901960790157318,0.29411765933036804,calibrated_uv_reprojection_plus_stereo_left
179.8595428466797,-193.2342529296875,-659.2451171875,210.24640775768597,48.96777883825234,-41.989761423467314,457.0000025849803,121.9999956720458,0.7490196228027344,0.658823549747467,0.48235294222831726,calibrated_uv_reprojection_plus_stereo_left
180.5395965576172,-192.44728088378906,-656.5240478515625,208.15716654377297,49.47796160167502,-40.143974758345905,458.0000064841275,121.99999439411832,0.9490196108818054,0.9137254953384399,0.6509804129600525,calibrated_uv_reprojection_plus_stereo_left
181.85250854492188,-192.3418426513672,-656.128173828125,207.16266517535558,48.49318001497289,-39.84305164713027,458.99999723779115,121.9999953585623,1.0,0.9882352948188782,0.7019608020782471,calibrated_uv_reprojection_plus_stereo_left
182.03997802734375,-191.05674743652344,-651.70849609375,204.29089248198432,50.12188036311045,-36.86952530805263,459.999997873691,122.00000768157184,1.0,0.9882352948188782,0.6470588445663452,calibrated_uv_reprojection_plus_stereo_left
183.19140625,-190.79522705078125,-650.780517578125,203.05534823539682,49.493740276187,-36.215512337316795,461.0000026004147,122.00000363827203,1.0,0.9843137264251709,0.6431372761726379,calibrated_uv_reprojection_plus_stereo_left
184.44198608398438,-190.64010620117188,-650.215576171875,201.9905241497736,48.631895051226195,-35.80269893408882,461.9999923925212,122.00000865875268,1.0,0.9843137264251709,0.6431372761726379,calibrated_uv_reprojection_plus_stereo_left
185.74786376953125,-190.5439910888672,-649.8518676757812,201.02015757097388,47.64020099619074,-35.52356128042487,462.99999152581677,122.0000004056671,1.0,0.9843137264251709,0.6431372761726379,calibrated_uv_reprojection_plus_stereo_left
187.6202392578125,-191.02601623535156,-651.4598388671875,200.9611075971182,45.35478561344746,-36.55361314318111,464.00000227189355,121.99999260515179,1.0,0.9843137264251709,0.6431372761726379,calibrated_uv_reprojection_plus_stereo_left
188.6315460205078,-190.63063049316406,-650.0756225585938,199.51981512310942,45.03389749670873,-35.596910429187176,464.9999984299233,122.0000019769154,0.9921568632125854,0.9843137264251709,0.6470588445663452,calibrated_uv_reprojection_plus_stereo_left
189.8447265625,-190.4435272216797,-649.4017333984375,198.408109621966,44.24885329110043,-35.11191410285272,465.9999998246697,122.00000055048963,0.886274516582489,0.8392156958580017,0.5137255191802979,calibrated_uv_reprojection_plus_stereo_left
191.20176696777344,-190.40235900878906,-649.2255249023438,197.5259384146221,43.13649916742014,-34.95735437672488,466.99999942000943,122.00000097855755,0.8470588326454163,0.7960784435272217,0.47058823704719543,calibrated_uv_reprojection_plus_stereo_left
191.85626220703125,-189.66720581054688,-646.68310546875,195.56301200854455,43.5965297255683,-33.232237914360326,468.00000267404397,121.99999377668678,0.9882352948188782,0.9647058844566345,0.6549019813537598,calibrated_uv_reprojection_plus_stereo_left
193.38998413085938,-189.80551147460938,-647.1189575195312,194.9632658429561,42.08185129187865,-33.484063596529666,469.0000037904152,121.99999580467659,1.0,0.9254902005195618,0.6196078658103943,calibrated_uv_reprojection_plus_stereo_left
194.9135284423828,-189.93185424804688,-647.5139770507812,194.34376154401957,40.592609935072346,-33.7087358980927,470.00000969632515,121.99999888762497,1.0,0.9254902005195618,0.6274510025978088,calibrated_uv_reprojection_plus_stereo_left
196.39039611816406,-190.01121520996094,-647.748779296875,193.65057196502931,39.20905581307085,-33.827040403095,470.9999937795281,122.00000031105645,1.0,0.9215686321258545,0.6235294342041016,calibrated_uv_reprojection_plus_stereo_left
198.48159790039062,-190.67955017089844,-649.9912719726562,193.86401415693007,36.47544986226211,-35.27744778648673,471.99999925125815,122.000005804918,1.0,0.929411768913269,0.6431372761726379,calibrated_uv_reprojection_plus_stereo_left
199.87750244140625,-190.67520141601562,-649.9404907226562,193.0382228182603,35.278322161224025,-35.20608552511891,473.0000067492514,121.99999170272477,0.9019607901573181,0.7882353067398071,0.501960813999176,calibrated_uv_reprojection_plus_stereo_left
201.46385192871094,-190.85125732421875,-650.5046997070312,192.48884226451628,33.665685827662855,-35.54272187685751,474.0000032844024,121.99999685438735,0.6431372761726379,0.5529412031173706,0.3607843220233917,calibrated_uv_reprojection_plus_stereo_left
179.1717529296875,-191.08993530273438,-656.7352905273438,208.032973928866,51.166796243146905,-41.04600488189533,457.0000080152239,122.99998926716734,1.0,0.9254902005195618,0.7019608020782471,calibrated_uv_reprojection_plus_stereo_left
180.3826904296875,-190.8761444091797,-655.9645385742188,206.86306227522846,50.42235894216549,-40.49522641739691,458.0000012057408,123.00000328014264,1.0,0.9921568632125854,0.6784313917160034,calibrated_uv_reprojection_plus_stereo_left
181.8020477294922,-190.88446044921875,-655.95703125,206.05092604292804,49.18726809103936,-40.452358505226755,458.9999979384476,122.9999997903181,1.0,0.9843137264251709,0.658823549747467,calibrated_uv_reprojection_plus_stereo_left
181.89109802246094,-189.50656127929688,-651.1862182617188,203.02289865556742,51.04002998498885,-37.24040523303438,459.9999999683042,123.00000447290631,1.0,0.9882352948188782,0.6352941393852234,calibrated_uv_reprojection_plus_stereo_left
183.1326446533203,-189.3412628173828,-650.5823974609375,201.9397746721193,50.20133293290843,-36.80109905823093,460.9999973143994,122.99999652852259,1.0,0.9882352948188782,0.6352941393852234,calibrated_uv_reprojection_plus_stereo_left
184.41983032226562,-189.2252197265625,-650.1478881835938,200.93634723710278,49.25431693279387,-36.474484570052596,462.00000498302063,122.99999218000238,1.0,0.9882352948188782,0.6352941393852234,calibrated_uv_reprojection_plus_stereo_left
185.4019775390625,-188.80023193359375,-648.652099609375,199.44410820838334,49.00283407677739,-35.442032560581936,462.99999266534576,123.00000963819284,1.0,0.9843137264251709,0.6352941393852234,calibrated_uv_reprojection_plus_stereo_left
187.47311401367188,-189.48220825195312,-650.9592895507812,199.7057394483267,46.26257665077242,-36.939019749594934,463.9999957318491,123.00000301041482,1.0,0.9843137264251709,0.6352941393852234,calibrated_uv_reprojection_plus_stereo_left
188.4635467529297,-189.06982421875,-649.5067749023438,198.23582139894427,45.98634022358135,-35.935439999256516,465.0000015529184,122.99999294605402,0.9607843160629272,0.9254902005195618,0.5843137502670288,calibrated_uv_reprojection_plus_stereo_left
189.59396362304688,-188.80284118652344,-648.553955078125,196.9981009316208,45.38580846345309,-35.26431378905022,466.0000019929657,122.99999860981586,0.6784313917160034,0.5686274766921997,0.25882354378700256,calibrated_uv_reprojection_plus_stereo_left
190.90574645996094,-188.718994140625,-648.2302856445312,196.04984349575102,44.37249176852475,-35.01161877482866,467.000001094111,123.00000381202244,0.6235294342041016,0.5058823823928833,0.20000000298023224,calibrated_uv_reprojection_plus_stereo_left
191.7112579345703,-188.13946533203125,-646.2041015625,194.32709915835977,44.48969785653384,-33.627034802985065,468.00000581011045,123.00000429621198,0.7490196228027344,0.6549019813537598,0.3686274588108063,calibrated_uv_reprojection_plus_stereo_left
193.1868133544922,-188.2210693359375,-646.4487915039062,193.64038298893132,43.10353691338594,-33.75233673666395,469.0000020427584,123.00000122695005,0.9921568632125854,0.9333333373069763,0.6509804129600525,calibrated_uv_reprojection_plus_stereo_left
194.73892211914062,-188.37548828125,-646.9435424804688,193.06616943054502,41.54941660235181,-34.04383215792001,470.0000015338536,123.00000298671304,1.0,0.9529411792755127,0.6549019813537598,calibrated_uv_reprojection_plus_stereo_left
196.3057403564453,-188.5417938232422,-647.4790649414062,192.50903014731068,39.96596871492687,-34.36236648406464,470.999990491145,123.00000700186678,1.0,0.9176470637321472,0.6196078658103943,calibrated_uv_reprojection_plus_stereo_left
198.46041870117188,-189.2663116455078,-649.9313354492188,192.81367927582158,37.094130567151865,-35.95473000098855,472.0000000826708,122.9999983076658,1.0,0.9019607901573181,0.6117647290229797,calibrated_uv_reprojection_plus_stereo_left
199.84707641601562,-189.25331115722656,-649.8509521484375,191.97465245015422,35.91705933872339,-35.863714500388426,472.9999914398102,123.00000711439145,1.0,0.9137254953384399,0.6274510025978088,calibrated_uv_reprojection_plus_stereo_left
201.24603271484375,-189.2519989013672,-649.8106079101562,191.1536371547653,34.71304712907772,-35.79929343244123,474.00000508906004,122.99999590510168,0.9803921580314636,0.8627451062202454,0.6235294342041016,calibrated_uv_reprojection_plus_stereo_left
202.62100219726562,-189.22825622558594,-649.6932983398438,190.2982251076068,33.56110755281753,-35.683739764218615,475.00000146426635,122.99999457456826,0.7843137383460999,0.658823549747467,0.43529412150382996,calibrated_uv_reprojection_plus_stereo_left
177.6179962158203,-189.5342559814453,-656.2623291015625,207.58809348854618,53.29435205958322,-41.492305199973316,455.9999997014554,123.99999431186362,0.9137254953384399,0.8117647171020508,0.5960784554481506,calibrated_uv_reprojection_plus_stereo_left
178.49374389648438,-188.96670532226562,-654.2613525390625,205.84419054541326,53.33836713117978,-40.1206632795226,456.9999899348916,124.00000091456926,1.0,0.9529411792755127,0.686274528503418,calibrated_uv_reprojection_plus_stereo_left
179.85926818847656,-188.9224090576172,-654.0721435546875,204.94949517125355,52.22363934364091,-39.956840694628966,457.99999645316865,124.00000436064195,1.0,0.9803921580314636,0.6509804129600525,calibrated_uv_reprojection_plus_stereo_left
181.20249938964844,-188.8555145263672,-653.8046875,204.0187791353472,51.159946956694284,-39.740880476137306,459.00000035726396,124.00000187915381,1.0,0.9843137264251709,0.6470588445663452,calibrated_uv_reprojection_plus_stereo_left
182.00552368164062,-188.2309112548828,-651.6066284179688,202.19357010340167,51.346967854468744,-38.238365880615106,459.99999574637786,124.00000267866471,1.0,0.9882352948188782,0.6352941393852234,calibrated_uv_reprojection_plus_stereo_left
183.16395568847656,-187.9805450439453,-650.7042236328125,200.9727280086817,50.70083816345925,-37.5994637813514,460.9999995205092,123.99999900202243,1.0,0.9882352948188782,0.6352941393852234,calibrated_uv_reprojection_plus_stereo_left
184.37718200683594,-187.7897186279297,-650.008056640625,199.849086228688,49.923648585872286,-37.09808457696067,461.999996820031,124.00000677603583,1.0,0.9882352948188782,0.6352941393852234,calibrated_uv_reprojection_plus_stereo_left
185.6174774169922,-187.6290740966797,-649.4163818359375,198.77510119681438,49.08065229955571,-36.66639041088854,462.99999838454005,124.00000559966429,1.0,0.9882352948188782,0.6352941393852234,calibrated_uv_reprojection_plus_stereo_left
187.42721557617188,-188.04209899902344,-650.8101806640625,198.6131398240471,46.9392828094322,-37.55744281336712,463.99999676868697,123.99999506457945,1.0,0.9843137264251709,0.6352941393852234,calibrated_uv_reprojection_plus_stereo_left
188.64646911621094,-187.8608856201172,-650.1473388671875,197.50682202132708,46.143376197807925,-37.0783540041038,465.0000005620727,123.99999545002723,0.9764705896377563,0.9450980424880981,0.6039215922355652,calibrated_uv_reprojection_plus_stereo_left
189.84568786621094,-187.6624755859375,-649.425048828125,196.37489621448356,45.38894779560212,-36.55973856997781,466.0000067566914,123.99999487194526,0.8313725590705872,0.7411764860153198,0.4313725531101227,calibrated_uv_reprojection_plus_stereo_left
191.0919952392578,-187.51312255859375,-648.8726196289062,195.3219150313575,44.52486544663748,-36.15433470354344,467.0000010157947,124.00000034572119,0.6039215922355652,0.49803921580314636,0.1921568661928177,calibrated_uv_reprojection_plus_stereo_left
191.73214721679688,-186.775390625,-646.2843017578125,193.34642754356952,45.01152764321654,-34.39317903059896,468.0000025680221,124.0000012612291,0.5607843399047852,0.4274509847164154,0.1411764770746231,calibrated_uv_reprojection_plus_stereo_left
193.2644805908203,-186.9110870361328,-646.7183227539062,192.74480854818182,43.49965550653343,-34.6448732235412,469.00001034595465,123.99999601831288,0.7333333492279053,0.6078431606292725,0.32156863808631897,calibrated_uv_reprojection_plus_stereo_left
194.80621337890625,-187.05381774902344,-647.1766967773438,192.15298765394084,41.969759750697335,-34.912737599409866,469.9999967760243,124.0000048793988,0.9921568632125854,0.8901960849761963,0.5960784554481506,calibrated_uv_reprojection_plus_stereo_left
196.37738037109375,-187.22251892089844,-647.7247924804688,191.60028879432252,40.377954687909266,-35.24026698355607,471.00000254470956,123.99999904552087,1.0,0.9490196108818054,0.6549019813537598,calibrated_uv_reprojection_plus_stereo_left
197.90911865234375,-187.35145568847656,-648.1353149414062,190.98436893629247,38.87609564777824,-35.47615043262118,471.99999710367047,124.0000047330355,1.0,0.9098039269447327,0.615686297416687,calibrated_uv_reprojection_plus_stereo_left
199.25094604492188,-187.30001831054688,-647.9217529296875,190.0880082114851,37.79186390096237,-35.29653921842038,472.9999995714728,123.99999580172991,1.0,0.9058823585510254,0.6117647290229797,calibrated_uv_reprojection_plus_stereo_left
200.61546325683594,-187.27040100097656,-647.7837524414062,189.22576269787737,36.65733946328481,-35.16725098845643,474.0000027140026,124.00000060854734,1.0,0.8901960849761963,0.615686297416687,calibrated_uv_reprojection_plus_stereo_left
201.92678833007812,-187.1918487548828,-647.4764404296875,188.288393767399,35.63756741683568,-34.925279036132224,475.00000200099055,123.99999280291632,1.0,0.9098039269447327,0.6352941393852234,calibrated_uv_reprojection_plus_stereo_left
202.73719787597656,-186.6531219482422,-645.57763671875,186.64526538860804,35.69732474598089,-33.62422658001202,475.9999986989452,124.0000030536502,0.8549019694328308,0.772549033164978,0.5254902243614197,calibrated_uv_reprojection_plus_stereo_left
204.5952606201172,-187.0796661376953,-647.017333984375,186.48438347839834,33.49527018732988,-34.544921306384026,477.00000423167876,123.99999172393191,0.6078431606292725,0.5137255191802979,0.27450981736183167,calibrated_uv_reprojection_plus_stereo_left
174.99267578125,-186.83432006835938,-651.7896728515625,205.27092495405088,57.96706627926727,-39.26638327017548,455.000007966648,124.99999432829222,0.9176470637321472,0.7921568751335144,0.5803921818733215,calibrated_uv_reprojection_plus_stereo_left
176.91058349609375,-187.38063049316406,-653.6598510742188,205.34093232106625,55.54071044473568,-40.477693599561974,455.99999686183867,125.00000324333215,0.9803921580314636,0.9215686321258545,0.658823549747467,calibrated_uv_reprojection_plus_stereo_left
178.267578125,-187.32884216308594,-653.4434204101562,204.43442162642884,54.44425783562781,-40.295560392783614,457.0000007838422,124.99999151912499,1.0,0.9803921580314636,0.6823529601097107,calibrated_uv_reprojection_plus_stereo_left
179.68243408203125,-187.33810424804688,-653.4400634765625,203.62727477025288,53.211504957681484,-40.255717615270214,457.9999989127676,125.00000228015179,1.0,0.9803921580314636,0.6470588445663452,calibrated_uv_reprojection_plus_stereo_left
180.9910125732422,-187.2372283935547,-653.052490234375,202.64203151771807,52.226238661948116,-39.95936628987721,459.0000002490849,124.99999909571824,1.0,0.9843137264251709,0.6431372761726379,calibrated_uv_reprojection_plus_stereo_left
181.79039001464844,-186.61512756347656,-650.8471069335938,200.8177378416026,52.4174873625559,-38.449634817022115,460.00000243905816,124.99999593959964,1.0,0.9882352948188782,0.6352941393852234,calibrated_uv_reprojection_plus_stereo_left
182.92938232421875,-186.3484344482422,-649.8814697265625,199.5700260306848,51.81303969206533,-37.76763812097562,461.0000004811706,125.00000150451984,1.0,0.9882352948188782,0.6352941393852234,calibrated_uv_reprojection_plus_stereo_left
184.0933074951172,-186.11093139648438,-649.0177001953125,198.37138848620089,51.14580057361428,-37.153729554954964,462.0000050891223,125.00000179964371,1.0,0.9882352948188782,0.6352941393852234,calibrated_uv_reprojection_plus_stereo_left
185.35374450683594,-185.97378540039062,-648.5039672851562,197.33519515242483,50.25335471409295,-36.7735090801126,463.0000065026338,125.0000011063982,1.0,0.9843137264251709,0.6352941393852234,calibrated_uv_reprojection_plus_stereo_left
187.1389617919922,-186.3612518310547,-649.8195190429688,197.13631873000287,48.16617867615116,-37.61399548708789,463.9999969667203,124.99999471733426,1.0,0.9843137264251709,0.6352941393852234,calibrated_uv_reprojection_plus_stereo_left
188.38858032226562,-186.2134552001953,-649.2686767578125,196.08323248151356,47.29812290166694,-37.20901957287697,465.00000367839556,124.99999912493743,1.0,0.9843137264251709,0.6392157077789307,calibrated_uv_reprojection_plus_stereo_left
189.5257110595703,-185.95742797851562,-648.3405151367188,194.85985790778534,46.68019669807171,-36.552360934216495,466.00000042891065,124.99999765000356,0.9725490212440491,0.9372549057006836,0.615686297416687,calibrated_uv_reprojection_plus_stereo_left
190.66705322265625,-185.7091827392578,-647.4395751953125,193.65099156148204,46.04762938901581,-35.91396264634864,467.00000197229974,124.99999520897359,0.8392156958580017,0.7843137383460999,0.46666666865348816,calibrated_uv_reprojection_plus_stereo_left
191.4073944091797,-185.07675170898438,-645.1994018554688,191.83868752583868,46.304388178731415,-34.38231747506666,468.00000063076004,124.99999076907298,0.658823549747467,0.5176470875740051,0.23137255012989044,calibrated_uv_reprojection_plus_stereo_left
192.93104553222656,-185.20530700683594,-645.6122436523438,191.22808736974997,44.809054519823746,-34.62048631176157,469.0000041423224,124.99999305897103,0.5607843399047852,0.41960784792900085,0.13333334028720856,calibrated_uv_reprojection_plus_stereo_left
194.44534301757812,-185.32305908203125,-645.9873657226562,190.5993895773002,43.33707476279807,-34.83344340801597,470.00000303269996,124.99999284042829,0.6745098233222961,0.5411764979362488,0.2666666805744171,calibrated_uv_reprojection_plus_stereo_left
196.03195190429688,-185.50750732421875,-646.5949096679688,190.07387196484518,41.70838211024193,-35.201349049772205,471.00000432528265,124.99999177161516,0.95686274766922,0.8274509906768799,0.5529412031173706,calibrated_uv_reprojection_plus_stereo_left
197.65492248535156,-185.72344970703125,-647.3121948242188,189.59579991414154,40.00376542271118,-35.642363750885806,472.00000524964145,124.99999996360293,0.9960784316062927,0.95686274766922,0.6666666865348816,calibrated_uv_reprojection_plus_stereo_left
198.9269256591797,-185.60885620117188,-646.8773803710938,188.60203074163798,39.06943601419232,-35.315100866016905,473.0000022229689,124.99999908818342,1.0,0.9254902005195618,0.6313725709915161,calibrated_uv_reprojection_plus_stereo_left
200.19482421875,-185.4919891357422,-646.4346923828125,187.6057063129869,38.1418598908395,-34.982634023838614,474.00000436005257,124.99999981593456,1.0,0.9137254953384399,0.6196078658103943,calibrated_uv_reprojection_plus_stereo_left
201.51754760742188,-185.42713928222656,-646.17333984375,186.69078357047584,37.093408623367054,-34.771104175605444,474.9999930489346,125.0000053483875,1.0,0.8980392217636108,0.6039215922355652,calibrated_uv_reprojection_plus_stereo_left
202.46302795410156,-185.0183868408203,-644.7135620117188,185.24635738976053,36.85682222811948,-33.7607213813381,476.0000000341636,124.99999274716933,1.0,0.929411768913269,0.6470588445663452,calibrated_uv_reprojection_plus_stereo_left
203.96299743652344,-185.11839294433594,-645.0267333984375,184.5873400210374,35.42230082128401,-33.932248657585774,477.0000044780129,124.99999584002137,0.8823529481887817,0.7882353067398071,0.5098039507865906,calibrated_uv_reprojection_plus_stereo_left
205.62672424316406,-185.3646240234375,-645.8493041992188,184.15146931173734,33.63970911013365,-34.44323237454489,478.0000074174769,124.99999075850263,0.572549045085907,0.49803921580314636,0.32156863808631897,calibrated_uv_reprojection_plus_stereo_left
212.01719665527344,-189.8397979736328,-661.4055786132812,190.17509240991637,21.798266096080113,-44.77298250471807,478.9999998240333,125.00000198368852,0.4313725531101227,0.37254902720451355,0.239215686917305,calibrated_uv_reprojection_plus_stereo_left
173.32470703125,-185.15567016601562,-650.8383178710938,204.60429120326023,60.38117941672198,-39.38561064267026,454.0000030512338,125.99999643691567,0.9411764740943909,0.8117647171020508,0.6000000238418579,calibrated_uv_reprojection_plus_stereo_left
174.17227172851562,-184.57028198242188,-648.7453002929688,202.8255647565269,60.48332208005189,-37.94819238721959,454.99999520874644,125.99999988071758,1.0,0.9490196108818054,0.6745098233222961,calibrated_uv_reprojection_plus_stereo_left
176.52320861816406,-185.5745849609375,-652.23974609375,203.65221690454996,57.02799446958568,-40.24817078769365,456.00000409542406,125.9999925463269,1.0,0.9843137264251709,0.6666666865348816,calibrated_uv_reprojection_plus_stereo_left
177.95262145996094,-185.6018524169922,-652.300048828125,202.8761525699992,55.756989498546034,-40.251022754611995,457.0000003780631,125.99999466969385,1.0,0.9803921580314636,0.6431372761726379,calibrated_uv_reprojection_plus_stereo_left
179.32656860351562,-185.57122802734375,-652.1569213867188,202.00564009051158,54.61614671956124,-40.11782618144309,457.9999931207139,126.00000335052022,1.0,0.9882352948188782,0.6352941393852234,calibrated_uv_reprojection_plus_stereo_left
180.7699737548828,-185.61233520507812,-652.2658081054688,201.25171403127183,53.313401948518674,-40.15314567660994,458.9999989300458,125.99999788191082,1.0,0.9882352948188782,0.6352941393852234,calibrated_uv_reprojection_plus_stereo_left
181.478515625,-184.9040069580078,-649.7412109375,199.28478772488086,53.71029587499237,-38.42764922902387,460.00000760727966,125.99999304992787,1.0,0.9843137264251709,0.6313725709915161,calibrated_uv_reprojection_plus_stereo_left
182.6422119140625,-184.66665649414062,-648.871826171875,198.08408085310958,53.04479533792369,-37.8090562852953,461.000001787417,125.99999751307203,0.9960784316062927,0.9764705896377563,0.6274510025978088,calibrated_uv_reprojection_plus_stereo_left
183.8400115966797,-184.46707153320312,-648.1351928710938,196.94619945311962,52.29617887468902,-37.279298209127376,461.9999982796712,125.9999960531324,0.9960784316062927,0.9686274528503418,0.6196078658103943,calibrated_uv_reprojection_plus_stereo_left
185.0749969482422,-184.3074493408203,-647.5390625,195.87417961506304,51.45864820765178,-36.84354126746956,463.0000000216371,125.999999603688,1.0,0.9803921580314636,0.6313725709915161,calibrated_uv_reprojection_plus_stereo_left
186.80667114257812,-184.64109802246094,-648.6759033203125,195.59292416380896,49.49122708579125,-37.56614162142506,463.99999868001873,125.99999621957525,1.0,0.9843137264251709,0.6352941393852234,calibrated_uv_reprojection_plus_stereo_left
188.00143432617188,-184.44297790527344,-647.944580078125,194.46004949497922,48.74313020581627,-37.04006100612378,464.99999111855465,126.0000047905508,1.0,0.9843137264251709,0.6392157077789307,calibrated_uv_reprojection_plus_stereo_left
189.193603515625,-184.24517822265625,-647.2144165039062,193.32937754326161,47.99682500762515,-36.5148273619555,466.00000104412584,126.00000524719454,1.0,0.9803921580314636,0.6431372761726379,calibrated_uv_reprojection_plus_stereo_left
190.41868591308594,-184.08206176757812,-646.6061401367188,192.25547630864094,47.17281101193555,-36.0711175199765,466.99999098238214,126.0000024332358,0.9803921580314636,0.9529411792755127,0.6235294342041016,calibrated_uv_reprojection_plus_stereo_left
191.23068237304688,-183.52479553222656,-644.613525390625,190.55918279187978,47.26561271338238,-34.70251557006253,467.9999923426424,126.0000026887449,0.886274516582489,0.8196078538894653,0.5137255191802979,calibrated_uv_reprojection_plus_stereo_left
192.66346740722656,-183.56698608398438,-644.7265014648438,189.8138358896868,45.97048552167121,-34.74087933556734,469.0000006804597,125.99999441449987,0.7372549176216125,0.6313725709915161,0.32549020648002625,calibrated_uv_reprojection_plus_stereo_left
194.14419555664062,-183.65386962890625,-644.9964599609375,189.13843373184358,44.57043788130716,-34.88410132346257,469.99999951101097,125.99999375680065,0.5960784554481506,0.4470588266849518,0.16470588743686676,calibrated_uv_reprojection_plus_stereo_left
195.6761932373047,-183.78761291503906,-645.4309692382812,188.53577436720013,43.05952414216415,-35.137207534206766,470.9999955020257,125.99999763164396,0.6431372761726379,0.49803921580314636,0.21176470816135406,calibrated_uv_reprojection_plus_stereo_left
197.28419494628906,-183.9902801513672,-646.1074829101562,188.039757335788,41.38503349541878,-35.551902592215356,471.9999975111201,126.00000588834476,0.8470588326454163,0.7333333492279053,0.43921568989753723,calibrated_uv_reprojection_plus_stereo_left
198.57211303710938,-183.89364624023438,-645.73291015625,187.07484932855732,40.41226587645781,-35.26452010984133,472.9999906685232,126.00000855099955,0.9960784316062927,0.9647058844566345,0.6705882549285889,calibrated_uv_reprojection_plus_stereo_left
199.8743438720703,-183.81146240234375,-645.4090576171875,186.1332236601118,39.406618376513165,-35.01103854846974,473.99999636466896,126.00000038132416,1.0,0.9333333373069763,0.6549019813537598,calibrated_uv_reprojection_plus_stereo_left
201.21986389160156,-183.76988220214844,-645.2278442382812,185.25530474689396,38.30587695161245,-34.852843699674565,475.00000074683913,126.00000190239311,1.0,0.8980392217636108,0.615686297416687,calibrated_uv_reprojection_plus_stereo_left
202.3533172607422,-183.53648376464844,-644.3731689453125,184.08092746043872,37.66083675774797,-34.2449909014295,476.00000091011805,125.99999785295697,1.0,0.9058823585510254,0.6196078658103943,calibrated_uv_reprojection_plus_stereo_left
203.75845336914062,-183.5509490966797,-644.3887939453125,183.29100218139087,36.428968506139654,-34.218285090911365,476.99999375224246,126.00000234997952,1.0,0.9254902005195618,0.6352941393852234,calibrated_uv_reprojection_plus_stereo_left
205.29331970214844,-183.6812286376953,-644.8109130859375,182.67904841282586,34.92052657437472,-34.46293041879716,478.0000074064734,125.99999398143802,0.8784313797950745,0.7843137383460999,0.545098066329956,calibrated_uv_reprojection_plus_stereo_left
206.92477416992188,-183.89553833007812,-645.528076171875,182.1948547371942,33.209243674429274,-34.904489784897294,478.999993864579,126.00001103012227,0.6470588445663452,0.5333333611488342,0.30980393290519714,calibrated_uv_reprojection_plus_stereo_left
209.6295928955078,-185.05447387695312,-649.5607299804688,183.15350308701926,29.228885299457147,-37.55891884665715,480.00000806624087,125.9999950089923,0.48627451062202454,0.4274509847164154,0.27450981736183167,calibrated_uv_reprojection_plus_stereo_left
171.74562072753906,-183.5717010498047,-650.2070922851562,204.0879966030833,62.58759559383441,-39.717056726303554,452.999996351942,127.00000321979326,0.9490196108818054,0.8509804010391235,0.6274510025978088,calibrated_uv_reprojection_plus_stereo_left
172.61978149414062,-183.01576232910156,-648.2027587890625,202.3521495949359,62.62915658980296,-38.33672899789087,453.9999951922598,127.00000176858109,0.9960784316062927,0.9450980424880981,0.6980392336845398,calibrated_uv_reprojection_plus_stereo_left
173.8612823486328,-182.85501098632812,-647.5982055664062,201.27208940375772,61.788832021074995,-37.89448643020381,454.9999982843847,126.99999518869794,1.0,0.9725490212440491,0.6627451181411743,calibrated_uv_reprojection_plus_stereo_left
176.14877319335938,-183.7880859375,-650.8674926757812,201.9901335335731,58.482308070203146,-40.04760636971946,455.9999942971779,127.00000918576313,1.0,0.9803921580314636,0.6352941393852234,calibrated_uv_reprojection_plus_stereo_left
177.63247680664062,-183.87435913085938,-651.1376342773438,201.31264974417104,57.07987355400934,-40.19122429115083,456.9999974482998,127.00000649280858,1.0,0.9843137264251709,0.6352941393852234,calibrated_uv_reprojection_plus_stereo_left
179.05105590820312,-183.892333984375,-651.1658935546875,200.52278510305155,55.83126573662264,-40.172783631698735,458.00000027694836,127.00000340075945,1.0,0.9843137264251709,0.6352941393852234,calibrated_uv_reprojection_plus_stereo_left
180.4608154296875,-183.90098571777344,-651.1611328125,199.7175387614726,54.60359553146873,-40.13221805110976,458.99999827369425,127.00000027402353,1.0,0.9725490212440491,0.6235294342041016,calibrated_uv_reprojection_plus_stereo_left
181.1175079345703,-183.14791870117188,-648.4594116210938,197.67458147490282,55.11457278110379,-38.28543590921129,460.0000036490608,126.99999929319023,1.0,0.9607843160629272,0.6117647290229797,calibrated_uv_reprojection_plus_stereo_left
182.33395385742188,-182.968017578125,-647.7872924804688,196.5670185731335,54.32321299782842,-37.79811857463568,460.9999907445715,127.00000925271758,0.9960784316062927,0.9411764740943909,0.5960784554481506,calibrated_uv_reprojection_plus_stereo_left
183.5727996826172,-182.81309509277344,-647.2035522460938,195.5013361635996,53.476851097259896,-37.37003381640204,462.0000000994904,126.99999512130117,0.9921568632125854,0.9372549057006836,0.5960784554481506,calibrated_uv_reprojection_plus_stereo_left
184.81922912597656,-182.66793823242188,-646.654541015625,194.4527741376143,52.60995562596753,-36.96527830766172,462.9999912210405,127.00000120950978,1.0,0.95686274766922,0.6117647290229797,calibrated_uv_reprojection_plus_stereo_left
186.4407196044922,-182.89279174804688,-647.4153442382812,194.00002043954743,50.89052837533313,-37.437485889630466,464.00000450600356,127.00000222518105,1.0,0.9764705896377563,0.6313725709915161,calibrated_uv_reprojection_plus_stereo_left
187.6429443359375,-182.70603942871094,-646.7190551757812,192.88563851294248,50.121255812312995,-36.93416484411176,465.00000972700974,126.99999192528526,1.0,0.9843137264251709,0.6352941393852234,calibrated_uv_reprojection_plus_stereo_left
188.9510498046875,-182.6243133544922,-646.3946533203125,191.9407488877016,49.110469562522155,-36.679862791037465,465.9999996059099,126.99999755855322,1.0,0.9843137264251709,0.6352941393852234,calibrated_uv_reprojection_plus_stereo_left
190.17718505859375,-182.46507263183594,-645.7958984375,190.87301088433674,48.2812236257887,-36.24195684956925,467.000000558112,126.99999584221942,1.0,0.9803921580314636,0.6431372761726379,calibrated_uv_reprojection_plus_stereo_left
191.14825439453125,-182.0651397705078,-644.3453979492188,189.42418654619388,48.01610644295522,-35.23407705913917,467.99999618452335,126.99999947669579,0.9882352948188782,0.9529411792755127,0.6392157077789307,calibrated_uv_reprojection_plus_stereo_left
192.5058135986328,-182.036376953125,-644.2085571289062,188.56704223107533,46.88694680879166,-35.10546115365315,469.00000374756587,126.99999779881844,0.9333333373069763,0.8705882430076599,0.5607843399047852,calibrated_uv_reprojection_plus_stereo_left
193.88819885253906,-182.03128051757812,-644.155517578125,187.74753593424617,45.70252403568861,-35.03293738440442,469.9999985696079,127.00000488484127,0.8274509906768799,0.6980392336845398,0.40784314274787903,calibrated_uv_reprojection_plus_stereo_left
195.31817626953125,-182.07057189941406,-644.259521484375,186.9979769707515,44.413594394951815,-35.0654867552372,470.999991921469,127.0000070723259,0.5607843399047852,0.4313725531101227,0.13725490868091583,calibrated_uv_reprojection_plus_stereo_left
196.83389282226562,-182.18861389160156,-644.64208984375,186.37174410704733,42.93813628688173,-35.28437736666285,471.9999973617821,126.99999628864018,0.5882353186607361,0.45098039507865906,0.16078431904315948,calibrated_uv_reprojection_plus_stereo_left
198.27081298828125,-182.23251342773438,-644.7623291015625,185.6282689443109,41.63663644478709,-35.32773320995534,473.00000035933977,126.99999438626227,0.7764706015586853,0.6470588445663452,0.3607843220233917,calibrated_uv_reprojection_plus_stereo_left
199.61680603027344,-182.1927490234375,-644.5866088867188,184.75367434925852,40.533166811885565,-35.17310570577257,473.99999583832164,127.0000040216195,0.9921568632125854,0.9098039269447327,0.6235294342041016,calibrated_uv_reprojection_plus_stereo_left
201.00848388671875,-182.19488525390625,-644.55908203125,183.94465081476085,39.33040044475075,-35.11760497196508,475.00000488430067,127.00000269770874,1.0,0.9176470637321472,0.6313725709915161,calibrated_uv_reprojection_plus_stereo_left
202.245361328125,-182.0576171875,-644.0383911132812,182.91903243622568,38.46047035062287,-34.73227161621185,475.9999935529497,126.9999988479208,1.0,0.8901960849761963,0.5921568870544434,calibrated_uv_reprojection_plus_stereo_left
203.60020446777344,-182.02760314941406,-643.8971557617188,182.0607191099171,37.33544221101744,-34.600751774930814,477.00000385522947,126.99999681460247,1.0,0.8941176533699036,0.5960784554481506,calibrated_uv_reprojection_plus_stereo_left
205.0635528564453,-182.09429931640625,-644.0980834960938,181.35204100842736,35.97853380012873,-34.698053741477224,477.99999216895264,127.00000951608806,1.0,0.9176470637321472,0.6274510025978088,calibrated_uv_reprojection_plus_stereo_left
206.54026794433594,-182.1718292236328,-644.3372192382812,180.65937932846424,34.594631113192634,-34.82086105232554,479.0000028336689,127.0000053325366,0.9607843160629272,0.843137264251709,0.5529412031173706,calibrated_uv_reprojection_plus_stereo_left
208.41726684570312,-182.59898376464844,-645.8128662109375,180.50287754228015,32.36560406555367,-35.77033138048142,480.0000003520354,127.0000003242778,0.7607843279838562,0.6745098233222961,0.4431372582912445,calibrated_uv_reprojection_plus_stereo_left
210.20126342773438,-182.939453125,-646.9818115234375,180.2098049390233,30.340723641816965,-36.514596405799125,481.00000631904913,127.00000238148473,0.5843137502670288,0.49803921580314636,0.29019609093666077,calibrated_uv_reprojection_plus_stereo_left
172.1262969970703,-185.60714721679688,-662.5199584960938,210.4355813757668,57.90268285842143,-48.77399662279305,451.00000409214147,128.0000003543724,0.8901960849761963,0.7450980544090271,0.5529412031173706,calibrated_uv_reprojection_plus_stereo_left
170.47499084472656,-182.31739807128906,-650.7420654296875,204.11698211662417,64.05701294441616,-40.82977670835555,451.99999762798285,128.00000156939342,0.9529411792755127,0.8627451062202454,0.658823549747467,calibrated_uv_reprojection_plus_stereo_left
171.40567016601562,-181.8200225830078,-648.931640625,202.4715498662108,63.9699369189878,-39.57730953083137,452.99999548913127,127.99999706107141,0.9960784316062927,0.9529411792755127,0.6901960968971252,calibrated_uv_reprojection_plus_stereo_left
172.70584106445312,-181.71937561035156,-648.5372924804688,201.48851277804135,62.99381818294961,-39.27546919104128,454.0000037499712,127.99999336530462,1.0,0.9647058844566345,0.6784313917160034,calibrated_uv_reprojection_plus_stereo_left
174.2060089111328,-181.82904052734375,-648.8935546875,200.85422288481402,61.54284058548808,-39.47741604006836,454.9999953544917,127.99999613594395,1.0,0.9764705896377563,0.658823549747467,calibrated_uv_reprojection_plus_stereo_left
175.8642120361328,-182.1005096435547,-649.8272094726562,200.48581182352143,59.72293277280352,-40.06678245964753,455.9999983953736,128.0000064043433,1.0,0.9843137264251709,0.6509804129600525,calibrated_uv_reprojection_plus_stereo_left
177.18504333496094,-182.0210723876953,-649.508544921875,199.53765752933822,58.69850247393953,-39.8157252717167,457.0000006337109,128.00000291884444,1.0,0.9803921580314636,0.6352941393852234,calibrated_uv_reprojection_plus_stereo_left
178.47520446777344,-181.91156005859375,-649.0825805664062,198.54083664202216,57.74376640034046,-39.492704844636535,458.00000223135146,127.99999592082963,0.9960784316062927,0.9607843160629272,0.6117647290229797,calibrated_uv_reprojection_plus_stereo_left
179.81454467773438,-181.85342407226562,-648.8400268554688,197.62904397129432,56.67273504480869,-39.29278378826632,458.9999902816545,128.0000014587473,0.9960784316062927,0.929411768913269,0.5921568870544434,calibrated_uv_reprojection_plus_stereo_left
180.55776977539062,-181.1978759765625,-646.4660034179688,195.74297685470094,56.97472683969238,-37.66303114530842,460.0000067243256,127.9999905772724,1.0,0.9058823585510254,0.5764706134796143,calibrated_uv_reprojection_plus_stereo_left
181.698486328125,-180.94815063476562,-645.5401611328125,194.52312599464193,56.35042123061919,-37.004957766128655,460.999989560433,128.00000767398353,1.0,0.9137254953384399,0.5803921818733215,calibrated_uv_reprojection_plus_stereo_left
182.8870086669922,-180.7493896484375,-644.7960815429688,193.38811073792,55.611654425856614,-36.46887349210073,462.00000914123154,127.99999672900333,1.0,0.9137254953384399,0.5764706134796143,calibrated_uv_reprojection_plus_stereo_left
184.12550354003906,-180.60260009765625,-644.2374877929688,192.33895975503714,54.75506479075767,-36.05726889039573,463.00000919225016,127.99998975618828,1.0,0.9215686321258545,0.5843137502670288,calibrated_uv_reprojection_plus_stereo_left
185.65695190429688,-180.74313354492188,-644.7039184570312,191.75475015305523,53.23271628112553,-36.333113144260324,463.99999751724783,128.00000277104712,1.0,0.9529411792755127,0.6117647290229797,calibrated_uv_reprojection_plus_stereo_left
187.0259552001953,-180.72454833984375,-644.6027221679688,190.91318874772963,52.07923599473037,-36.22827846111295,464.9999928518693,128.00000942263242,1.0,0.9686274528503418,0.6274510025978088,calibrated_uv_reprojection_plus_stereo_left
188.38182067871094,-180.69358825683594,-644.457275390625,190.05185893226582,50.95491148811249,-36.09376285461764,466.0000039374741,127.99999183116239,1.0,0.9725490212440491,0.6313725709915161,calibrated_uv_reprojection_plus_stereo_left
189.67083740234375,-180.59934997558594,-644.0863037109375,189.08956242701373,49.97917257493805,-35.8080817659806,467.00000150067865,128.00000229966344,1.0,0.9647058844566345,0.6313725709915161,calibrated_uv_reprojection_plus_stereo_left
190.47393798828125,-180.047119140625,-642.08203125,187.39727400921663,50.08095645538765,-34.42752296690759,467.99999852299607,128.0000030941524,1.0,0.9647058844566345,0.6509804129600525,calibrated_uv_reprojection_plus_stereo_left
191.9810791015625,-180.16348266601562,-642.462158203125,186.77372794573859,48.61434208829621,-34.64546691264809,469.00000864017215,128.00000051456092,0.9960784316062927,0.9607843160629272,0.6470588445663452,calibrated_uv_reprojection_plus_stereo_left
193.470458984375,-180.2615966796875,-642.7771606445312,186.12015701674994,47.18928405860322,-34.81971182452435,470.0000023037089,127.99999704714432,0.9686274528503418,0.8980392217636108,0.5921568870544434,calibrated_uv_reprojection_plus_stereo_left
194.97962951660156,-180.37655639648438,-643.1522216796875,185.49232797712665,45.72293066727883,-35.03417045246857,470.9999973130367,128.00000027578622,0.843137264251709,0.7333333492279053,0.4313725531101227,calibrated_uv_reprojection_plus_stereo_left
196.55401611328125,-180.5497283935547,-643.7348022460938,184.9552670046129,44.116640076369094,-35.387648390038294,472.0000001099499,128.00000651485038,0.6313725709915161,0.4901960790157318,0.21568627655506134,calibrated_uv_reprojection_plus_stereo_left
197.97369384765625,-180.57931518554688,-643.8053588867188,184.1907202698726,42.850214000744586,-35.39795177591901,473.0000008090206,128.00000416392268,0.7176470756530762,0.5803921818733215,0.30980393290519714,calibrated_uv_reprojection_plus_stereo_left
199.35475158691406,-180.57345581054688,-643.7495727539062,183.37028483827106,41.66804388973827,-35.323594793567395,473.9999907299232,128.0000092085837,0.8235294222831726,0.6941176652908325,0.4470588266849518,calibrated_uv_reprojection_plus_stereo_left
200.81857299804688,-180.64207458496094,-643.959228515625,182.6663418827403,40.307439966699405,-35.427065695918714,474.99999053053057,128.00000191957787,1.0,0.8705882430076599,0.6235294342041016,calibrated_uv_reprojection_plus_stereo_left
201.71249389648438,-180.20054626464844,-642.3504028320312,181.16606731182844,40.171735532616935,-34.312301024273836,476.00000347563235,128.00000249809705,0.9960784316062927,0.9490196108818054,0.6549019813537598,calibrated_uv_reprojection_plus_stereo_left
203.02276611328125,-180.13441467285156,-642.079833984375,180.2535580997698,39.137266903724424,-34.094145720683684,477.0000007775269,128.00000405107343,1.0,0.9333333373069763,0.6392157077789307,calibrated_uv_reprojection_plus_stereo_left
204.36097717285156,-180.09375,-641.9000244140625,179.38108731928423,38.04210049035413,-33.93680034764003,478.00000246420154,127.99999844636352,1.0,0.9098039269447327,0.6117647290229797,calibrated_uv_reprojection_plus_stereo_left
205.7059326171875,-180.05947875976562,-641.7430419921875,178.51884034126726,36.931918326033156,-33.794762004814515,479.0000007185903,127.99999818362514,1.0,0.9176470637321472,0.615686297416687,calibrated_uv_reprojection_plus_stereo_left
206.52542114257812,-179.5687255859375,-639.9592895507812,176.95311510081524,36.931151957864245,-32.56333664571889,479.99998994030784,128.00001002167576,1.0,0.9372549057006836,0.6509804129600525,calibrated_uv_reprojection_plus_stereo_left
208.22711181640625,-179.8463897705078,-640.9140014648438,176.57295116601694,35.0648757545257,-33.165818923451866,481.00001020083823,127.99999895505914,0.8627451062202454,0.7764706015586853,0.4901960790157318,calibrated_uv_reprojection_plus_stereo_left
210.14295959472656,-180.30410766601562,-642.51025390625,176.46625782724755,32.755046071076606,-34.19774135733263,482.0000058346422,127.99999416439064,0.6274510025978088,0.5647059082984924,0.364705890417099,calibrated_uv_reprojection_plus_stereo_left
216.3376007080078,-184.40293884277344,-657.0806884765625,181.91992918269688,21.520486932199162,-43.91573360148999,483.0000081313995,127.9999949829353,0.4627451002597809,0.4117647111415863,0.25882354378700256,calibrated_uv_reprojection_plus_stereo_left
169.9134063720703,-183.33956909179688,-659.5087280273438,208.8009911090253,61.621384704145385,-47.51665734450944,450.00000141211694,129.00000331231087,0.9333333373069763,0.7882353067398071,0.615686297416687,calibrated_uv_reprojection_plus_stereo_left
168.69146728515625,-180.51441955566406,-649.31103515625,203.22784102439795,66.75977682447501,-40.62160691240905,450.9999989572488,128.99999548599044,0.9725490212440491,0.9019607901573181,0.658823549747467,calibrated_uv_reprojection_plus_stereo_left
169.9412078857422,-180.3587646484375,-648.7161865234375,202.15078840392164,65.90741700744292,-40.18452729108526,451.9999954296256,129.00000456794,0.9960784316062927,0.9490196108818054,0.6901960968971252,calibrated_uv_reprojection_plus_stereo_left
171.25543212890625,-180.27346801757812,-648.3743896484375,201.1925979256439,64.89774980512658,-39.917634965855825,452.99999599174464,129.000001938346,1.0,0.9725490212440491,0.6627451181411743,calibrated_uv_reprojection_plus_stereo_left
172.7770538330078,-180.40602111816406,-648.8161010742188,200.5979900296311,63.39429120228306,-40.17750407554382,454.0000092973423,128.99999885453838,1.0,0.9764705896377563,0.6549019813537598,calibrated_uv_reprojection_plus_stereo_left
174.35885620117188,-180.5987548828125,-649.4741821289062,200.10213278327637,61.75193445521944,-40.58276401938508,454.99999824100445,128.99999546694838,1.0,0.9843137264251709,0.6392157077789307,calibrated_uv_reprojection_plus_stereo_left
175.69017028808594,-180.53094482421875,-649.1953125,199.17288747000276,60.70223645185325,-40.358173620627724,455.99999479737636,129.0000021126066,1.0,0.9882352948188782,0.6352941393852234,calibrated_uv_reprojection_plus_stereo_left
176.9815216064453,-180.4233856201172,-648.7734985351562,198.17852680670762,59.74447532243863,-40.0375309193862,457.00000888813076,129.00000138541773,1.0,0.9843137264251709,0.6352941393852234,calibrated_uv_reprojection_plus_stereo_left
178.20570373535156,-180.24954223632812,-648.1134033203125,197.07592189586808,58.94045938808097,-39.55679882326166,457.9999956203953,129.00000305705947,0.9921568632125854,0.9529411792755127,0.6078431606292725,calibrated_uv_reprojection_plus_stereo_left
179.38026428222656,-180.02850341796875,-647.28369140625,195.89729466768944,58.24746137632013,-38.96215718358047,459.0000035419305,129.00000613362462,0.9960784316062927,0.9215686321258545,0.5882353186607361,calibrated_uv_reprojection_plus_stereo_left
180.2093505859375,-179.46678161621094,-645.2291870117188,194.16242293929895,58.3449092735562,-37.5446300395609,460.0000014731247,129.00000235356677,1.0,0.9137254953384399,0.5882353186607361,calibrated_uv_reprojection_plus_stereo_left
181.40843200683594,-179.27923583984375,-644.5200805664062,193.04398428789915,57.58235458231832,-37.03126282658235,461.00000518080276,128.99999761411556,1.0,0.9058823585510254,0.5764706134796143,calibrated_uv_reprojection_plus_stereo_left
182.55690002441406,-179.04483032226562,-643.6426391601562,191.8508673767127,56.93117564259899,-36.40488883835087,462.00000339233287,129.0000025691599,1.0,0.9058823585510254,0.5764706134796143,calibrated_uv_reprojection_plus_stereo_left
183.76185607910156,-178.868896484375,-642.9754638671875,190.7548528903127,56.14675558481963,-35.91985581269853,462.99999122250273,129.00000544691682,1.0,0.9137254953384399,0.5843137502670288,calibrated_uv_reprojection_plus_stereo_left
185.32855224609375,-179.0449981689453,-643.5736694335938,190.23079572192586,54.5414817499331,-36.28483562803683,464.0000014408042,128.9999942490688,1.0,0.9254902005195618,0.5960784554481506,calibrated_uv_reprojection_plus_stereo_left
186.65158081054688,-178.98477172851562,-643.3224487304688,189.32326606468456,53.487965756174276,-36.07924388009201,464.9999929401,128.99999794114794,1.0,0.9411764740943909,0.6078431606292725,calibrated_uv_reprojection_plus_stereo_left
188.023681640625,-178.97206115722656,-643.2420043945312,188.49278716321027,52.3234461486868,-35.9883619282142,466.00000561780956,128.9999973798954,1.0,0.9450980424880981,0.6117647290229797,calibrated_uv_reprojection_plus_stereo_left
189.36279296875,-178.92832946777344,-643.0501098632812,187.61256947585036,51.23221179099568,-35.82264744748784,466.9999934746972,129.00000332658985,1.0,0.9372549057006836,0.6117647290229797,calibrated_uv_reprojection_plus_stereo_left
190.29592895507812,-178.50433349609375,-641.4916381835938,186.12338821243338,51.04081329945035,-34.73933052772156,468.00000530905766,129.00000228522245,1.0,0.9372549057006836,0.6235294342041016,calibrated_uv_reprojection_plus_stereo_left
191.80007934570312,-178.61819458007812,-641.8660888671875,185.49738411465358,49.579451294976536,-34.953967037651125,469.00000050761065,128.99999404557963,1.0,0.9607843160629272,0.6431372761726379,calibrated_uv_reprojection_plus_stereo_left
193.25196838378906,-178.68202209472656,-642.060791015625,184.79061641384982,48.235464643425416,-35.047892101905404,469.99999705224457,129.0000027020793,1.0,0.9607843160629272,0.6392157077789307,calibrated_uv_reprojection_plus_stereo_left
194.75497436523438,-178.79180908203125,-642.4205932617188,184.15624428202744,46.780959248570866,-35.25261846477002,470.99999844774464,129.00000906855692,0.9764705896377563,0.9215686321258545,0.6039215922355652,calibrated_uv_reprojection_plus_stereo_left
196.24658203125,-178.88961791992188,-642.7372436523438,183.501848574422,45.35362028298863,-35.42832254366675,472.00000069863336,129.00000111218563,0.8901960849761963,0.800000011920929,0.5058823823928833,calibrated_uv_reprojection_plus_stereo_left
197.58584594726562,-178.8480987548828,-642.5533447265625,182.62646128885905,44.259058357132176,-35.26803391894322,472.9999934785312,129.00000488038333,0.7568627595901489,0.6431372761726379,0.35686275362968445,calibrated_uv_reprojection_plus_stereo_left
198.95449829101562,-178.83351135253906,-642.4661865234375,181.7938192974783,43.10022700725625,-35.172681524978316,473.99999735830534,129.00000323578956,0.7960784435272217,0.6745098233222961,0.42352941632270813,calibrated_uv_reprojection_plus_stereo_left
200.3973388671875,-178.8852996826172,-642.617431640625,181.06550795833675,41.78147641539158,-35.23731135936242,475.00000705143464,128.99999251112067,0.8352941274642944,0.7176470756530762,0.4627451002597809,calibrated_uv_reprojection_plus_stereo_left
201.30224609375,-178.4594268798828,-641.0529174804688,179.58867169553815,41.61711526650896,-34.15064154072178,475.9999990046805,129.0000003256089,0.9450980424880981,0.8235294222831726,0.545098066329956,calibrated_uv_reprojection_plus_stereo_left
202.6056671142578,-178.3901824951172,-640.76953125,178.67253203042873,40.59354471593116,-33.92371629502759,477.00000385661997,129.00000233765235,0.9921568632125854,0.9450980424880981,0.6705882549285889,calibrated_uv_reprojection_plus_stereo_left
203.93426513671875,-178.34385681152344,-640.5684814453125,177.79267642243173,39.51513254687268,-33.752056343366576,477.9999960513177,129.00000276237188,1.0,0.929411768913269,0.6274510025978088,calibrated_uv_reprojection_plus_stereo_left
205.26927185058594,-178.3036651611328,-640.3894653320312,176.92272010619735,38.42232992637554,-33.59519276720283,478.9999930606106,129.00000048142613,0.9960784316062927,0.8980392217636108,0.5921568870544434,calibrated_uv_reprojection_plus_stereo_left
206.20999145507812,-177.92373657226562,-638.9903564453125,175.52718346791886,38.16067300247465,-32.61993238811982,480.0000021005653,129.00000131017055,1.0,0.8980392217636108,0.5882353186607361,calibrated_uv_reprojection_plus_stereo_left
207.6880340576172,-178.0093536376953,-639.2632446289062,174.85360030088583,36.76264629532426,-32.76627221520437,481.0000000538148,129.00000079146193,1.0,0.9215686321258545,0.6117647290229797,calibrated_uv_reprojection_plus_stereo_left
209.35598754882812,-178.2554931640625,-640.1124877929688,174.42622087207712,34.96880595674321,-33.299109680249956,482.0000035215997,128.99999146794892,0.9098039269447327,0.8235294222831726,0.5764706134796143,calibrated_uv_reprojection_plus_stereo_left
211.26739501953125,-178.7042694091797,-641.6893310546875,174.30751700252387,32.67206518331113,-34.319788354165894,483.00000294922825,128.99999661863492,0.6784313917160034,0.5686274766921997,0.3490196168422699,calibrated_uv_reprojection_plus_stereo_left
213.4383544921875,-179.36526489257812,-644.0280151367188,174.5093835899699,29.844704017848983,-35.851136032297745,483.99999906489165,129.00000645306807,0.47843137383461,0.4156862795352936,0.27450981736183167,calibrated_uv_reprojection_plus_stereo_left
168.88421630859375,-183.89671325683594,-666.72607421875,212.77391850390183,60.22629603225454,-53.180823398238374,447.9999929135106,130.00000171375854,0.8705882430076599,0.7137255072593689,0.545098066329956,calibrated_uv_reprojection_plus_stereo_left
167.6481475830078,-181.0143280029297,-656.2406005859375,207.04831967509313,65.48272111569582,-46.079174344189994,448.99999795239887,130.0000080016566,0.929411768913269,0.8117647171020508,0.5960784554481506,calibrated_uv_reprojection_plus_stereo_left
167.0532684326172,-178.86654663085938,-648.4192504882812,202.59124729431215,69.11831065747162,-40.773262146166815,449.9999954835342,130.00000393549828,0.9960784316062927,0.9176470637321472,0.6941176652908325,calibrated_uv_reprojection_plus_stereo_left
167.76077270507812,-178.13719177246094,-645.740478515625,200.5459737563939,69.56878448309732,-38.93198329964872,450.99999462491684,129.99999992400532,1.0,0.9686274528503418,0.6784313917160034,calibrated_uv_reprojection_plus_stereo_left
169.8428497314453,-178.86734008789062,-648.3523559570312,200.96219295091726,66.71218117735418,-40.65418202982846,452.0000034487868,129.99999760625323,1.0,0.9686274528503418,0.6666666865348816,calibrated_uv_reprojection_plus_stereo_left
171.2357177734375,-178.86563110351562,-648.311279296875,200.14408119088716,65.5138340351615,-40.58950241840773,452.99999875716685,129.99999547589692,1.0,0.9803921580314636,0.6431372761726379,calibrated_uv_reprojection_plus_stereo_left
172.88027954101562,-179.12464904785156,-649.2152099609375,199.7621180698244,63.719405374888936,-41.161167637166955,454.00000109348326,130.00000046381962,1.0,0.9843137264251709,0.6392157077789307,calibrated_uv_reprojection_plus_stereo_left
174.23033142089844,-179.07676696777344,-649.0067749023438,198.86575648625455,62.62509404116287,-40.98375229531297,454.99999085414504,130.00000502856557,1.0,0.9882352948188782,0.6352941393852234,calibrated_uv_reprojection_plus_stereo_left
175.2819061279297,-178.72523498535156,-647.6978759765625,197.46456381018857,62.22961073854515,-40.06545114649987,455.99999589237166,129.9999982519435,1.0,0.9843137264251709,0.6313725709915161,calibrated_uv_reprojection_plus_stereo_left
176.51995849609375,-178.5678253173828,-647.0925903320312,196.3886364035751,61.39111393944427,-39.620969202752235,456.9999978121476,129.99999519842473,1.0,0.9686274528503418,0.6392157077789307,calibrated_uv_reprojection_plus_stereo_left
177.7603759765625,-178.41517639160156,-646.504638671875,195.32198634280428,60.54364961812263,-39.1882221319716,458.0000049906548,129.99999678492168,1.0,0.9725490212440491,0.6549019813537598,calibrated_uv_reprojection_plus_stereo_left
178.98594665527344,-178.25006103515625,-645.87158203125,194.2361301745475,59.72710829250394,-38.72517851207357,459.00000259430215,129.9999998907837,1.0,0.9490196108818054,0.6392157077789307,calibrated_uv_reprojection_plus_stereo_left
179.8703155517578,-177.75025939941406,-644.0259399414062,192.60100735734636,59.691340575121615,-37.44609549024091,459.9999941790285,130.00000083053777,1.0,0.9215686321258545,0.6117647290229797,calibrated_uv_reprojection_plus_stereo_left
181.05543518066406,-177.55294799804688,-643.2764282226562,191.4667734021079,58.95648380261133,-36.9048834210692,461.00000245546767,130.00000415544335,1.0,0.9215686321258545,0.5960784554481506,calibrated_uv_reprojection_plus_stereo_left
182.2550506591797,-177.37271118164062,-642.5888061523438,190.3622444550096,58.1843172392999,-36.40539212397931,461.99999540160456,129.99999860620906,1.0,0.9215686321258545,0.5882353186607361,calibrated_uv_reprojection_plus_stereo_left
183.40536499023438,-177.14749145507812,-641.73828125,189.18589926793663,57.520060934394905,-35.796360743373896,463.00000573610487,129.99999005575833,1.0,0.9215686321258545,0.5921568870544434,calibrated_uv_reprojection_plus_stereo_left
184.95230102539062,-177.30580139160156,-642.2772216796875,188.63571476861142,55.95621986057478,-36.12226373896124,464.0000034958397,129.9999956548783,1.0,0.9176470637321472,0.5960784554481506,calibrated_uv_reprojection_plus_stereo_left
186.31268310546875,-177.28419494628906,-642.1643676757812,187.79208433124364,54.81480752624401,-36.00960484059351,465.00000249316616,129.99999478066871,1.0,0.9176470637321472,0.5921568870544434,calibrated_uv_reprojection_plus_stereo_left
187.6715087890625,-177.26136779785156,-642.0471801757812,186.94666642390456,53.676488611909065,-35.89404995355892,465.9999919718048,130.0000100808158,1.0,0.9254902005195618,0.5921568870544434,calibrated_uv_reprojection_plus_stereo_left
189.0907440185547,-177.29547119140625,-642.1360473632812,186.19323242394876,52.40335761835445,-35.91707973597795,467.0000011967957,129.9999962645383,1.0,0.9137254953384399,0.5882353186607361,calibrated_uv_reprojection_plus_stereo_left
190.14500427246094,-176.98928833007812,-640.9926147460938,184.89195257295637,51.93960277681197,-35.11130077499547,467.99999418978655,130.0000046790467,1.0,0.9137254953384399,0.5960784554481506,calibrated_uv_reprojection_plus_stereo_left
191.61293029785156,-177.06973266601562,-641.2493896484375,184.2137440493479,50.55710330798439,-35.24729692919391,468.9999994779788,130.00000076745428,1.0,0.9333333373069763,0.6117647290229797,calibrated_uv_reprojection_plus_stereo_left
193.0787353515625,-177.1470184326172,-641.4947509765625,183.52973304927667,49.18100832739924,-35.37559138216574,469.99999511815616,130.0000082936315,1.0,0.9490196108818054,0.6196078658103943,calibrated_uv_reprojection_plus_stereo_left
194.5004119873047,-177.18295288085938,-641.5902709960938,182.77898175998297,47.90310080747378,-35.403088011923046,471.00000364740293,130.00000108644198,1.0,0.9607843160629272,0.6392157077789307,calibrated_uv_reprojection_plus_stereo_left
196.06251525878906,-177.34535217285156,-642.1436767578125,182.2290476330549,46.320259490985165,-35.738422543819354,472.0000082764577,129.9999916777355,0.9843137264251709,0.9372549057006836,0.6352941393852234,calibrated_uv_reprojection_plus_stereo_left
197.27386474609375,-177.1903533935547,-641.5479125976562,181.17414814502024,45.50126238399872,-35.30113121746609,473.00000945934477,130.0000000509719,0.929411768913269,0.8666666746139526,0.572549045085907,calibrated_uv_reprojection_plus_stereo_left
198.58409118652344,-177.12567138671875,-641.2791748046875,180.26348390860443,44.46571280199885,-35.08373592800393,473.9999973969328,130.00000388766702,0.8509804010391235,0.7254902124404907,0.4588235318660736,calibrated_uv_reprojection_plus_stereo_left
199.92713928222656,-177.09088134765625,-641.11865234375,179.40049327199415,43.358413040128085,-34.93910061384929,475.0000067308672,130.00000273007225,0.8117647171020508,0.686274528503418,0.4274509847164154,calibrated_uv_reprojection_plus_stereo_left
200.9335479736328,-176.76040649414062,-639.8876953125,178.07280625964398,42.97125741750244,-34.07501957804152,475.9999987620573,129.99999294163794,0.8705882430076599,0.7490196228027344,0.5333333611488342,calibrated_uv_reprojection_plus_stereo_left
202.2237548828125,-176.68231201171875,-639.5704956054688,177.14382926801528,41.97247576703353,-33.82517523193525,477.00000275832997,129.99999140690258,0.8980392217636108,0.7803921699523926,0.5607843399047852,calibrated_uv_reprojection_plus_stereo_left
203.60665893554688,-176.68565368652344,-639.5481567382812,176.34286668681875,40.77535811695384,-33.773516066510524,478.0000002610786,130.00000146724693,0.9882352948188782,0.9450980424880981,0.6549019813537598,calibrated_uv_reprojection_plus_stereo_left
204.9669952392578,-176.66946411132812,-639.4550170898438,175.5113604584297,39.62612386429555,-33.67426481282547,479.00000522940195,129.99999055690603,0.9803921580314636,0.8745098114013672,0.5803921818733215,calibrated_uv_reprojection_plus_stereo_left
205.88214111328125,-176.2722625732422,-637.9829711914062,174.08778503981597,39.41464114648494,-32.648566611849674,479.99999977159086,129.9999971189326,0.9960784316062927,0.8823529481887817,0.5803921818733215,calibrated_uv_reprojection_plus_stereo_left
207.31260681152344,-176.3185577392578,-638.1160888671875,173.35508039576234,38.11408792765428,-32.70141496454795,481.00000808002153,129.99999312699828,1.0,0.8901960849761963,0.5882353186607361,calibrated_uv_reprojection_plus_stereo_left
208.9320831298828,-176.5238800048828,-638.8247680664062,172.86767159202617,36.41934715635716,-33.14089814675987,482.000000306107,130.00000428182975,1.0,0.9058823585510254,0.6313725709915161,calibrated_uv_reprojection_plus_stereo_left
210.69903564453125,-176.85025024414062,-639.9713745117188,172.5648328412255,34.421476019050715,-33.87445106993215,482.99999330191577,130.00000945893754,0.9137254953384399,0.800000011920929,0.529411792755127,calibrated_uv_reprojection_plus_stereo_left
211.58349609375,-176.43641662597656,-638.4393310546875,171.12195452419365,34.26065357274712,-32.80872846457561,484.000008301257,129.99999956931478,0.7058823704719543,0.615686297416687,0.4000000059604645,calibrated_uv_reprojection_plus_stereo_left
213.54931640625,-176.92379760742188,-640.1683959960938,171.06304798399879,31.857239421646682,-33.93333572177329,484.99999636166325,130.00000115593602,0.5490196347236633,0.46666666865348816,0.2705882489681244,calibrated_uv_reprojection_plus_stereo_left
167.9495086669922,-183.01438903808594,-668.7603759765625,213.50069361271522,60.822304178062495,-55.32601817833756,446.99999370499256,130.99999901816435,0.886274516582489,0.7372549176216125,0.545098066329956,calibrated_uv_reprojection_plus_stereo_left
165.666015625,-178.99378967285156,-654.0335083007812,205.79382826812036,68.66939154435488,-45.35000823226801,447.9999905936544,131.00000193589864,0.9372549057006836,0.8274509906768799,0.6313725709915161,calibrated_uv_reprojection_plus_stereo_left
165.2842254638672,-177.07818603515625,-646.9993286132812,201.7090999008667,71.79928469241383,-40.56637406634388,448.999999731595,131.00000269823536,1.0,0.9411764740943909,0.6745098233222961,calibrated_uv_reprojection_plus_stereo_left
166.29623413085938,-176.67530822753906,-645.49267578125,200.21147278589012,71.51582133593416,-39.51295956473706,450.0000006428417,130.99999417151878,1.0,0.9607843160629272,0.6901960968971252,calibrated_uv_reprojection_plus_stereo_left
167.551025390625,-176.53482055664062,-644.9448852539062,199.16204009299213,70.63938210380098,-39.10661675042377,450.9999919500683,131.00000556462112,1.0,0.9764705896377563,0.6549019813537598,calibrated_uv_reprojection_plus_stereo_left
169.78445434570312,-177.41920471191406,-648.14111328125,199.84528450764037,67.42079542971152,-41.22598972662695,452.0000030010971,131.0000056630226,1.0,0.9764705896377563,0.6549019813537598,calibrated_uv_reprojection_plus_stereo_left
171.14515686035156,-177.38461303710938,-647.97998046875,198.97204903754522,66.29824158679844,-41.08034790412063,452.99999236779195,131.0000006543437,1.0,0.9803921580314636,0.6470588445663452,calibrated_uv_reprojection_plus_stereo_left
172.640380859375,-177.48878479003906,-648.3257446289062,198.33224055616245,64.85682437866512,-41.27660872380653,453.999999494443,130.99999854260417,1.0,0.9803921580314636,0.6470588445663452,calibrated_uv_reprojection_plus_stereo_left
173.9367218017578,-177.38839721679688,-647.92431640625,197.34867736356262,63.885948513407584,-40.96890848827388,454.99999959427504,130.99999995978263,1.0,0.9803921580314636,0.6901960968971252,calibrated_uv_reprojection_plus_stereo_left
174.7384490966797,-176.78912353515625,-645.7008056640625,195.53233083793367,64.07090864140997,-39.43251019565878,455.9999993347652,131.00000150899214,1.0,0.9960784316062927,0.7176470756530762,calibrated_uv_reprojection_plus_stereo_left
175.9725341796875,-176.6332244873047,-645.0968017578125,194.46031913443437,63.23487132023149,-38.98839541529054,456.9999994077974,131.0000007908424,1.0,0.9921568632125854,0.7764706015586853,calibrated_uv_reprojection_plus_stereo_left
177.2084197998047,-176.4814910888672,-644.508056640625,193.3966172704204,62.39119506558103,-38.554629976579804,458.0000056000895,130.99999741977246,1.0,0.9686274528503418,0.7686274647712708,calibrated_uv_reprojection_plus_stereo_left
178.4703369140625,-176.3577880859375,-644.021728515625,192.38073337027691,61.484094111952345,-38.18997441499465,459.0000029949598,130.99999358382442,1.0,0.9607843160629272,0.686274528503418,calibrated_uv_reprojection_plus_stereo_left
179.43939208984375,-175.94876098632812,-642.4935913085938,190.89441005394798,61.24663795349488,-37.12305748246007,459.999996869318,130.99999607167757,1.0,0.9529411792755127,0.6549019813537598,calibrated_uv_reprojection_plus_stereo_left
180.65524291992188,-175.7860565185547,-641.8650512695312,189.81776684578483,60.43626190566533,-36.66270643695856,460.9999996242313,131.0000018662712,1.0,0.9333333373069763,0.615686297416687,calibrated_uv_reprojection_plus_stereo_left
181.8684844970703,-175.62326049804688,-641.2362060546875,188.74242922846366,59.628278873665636,-36.20221143333481,461.99999489333663,131.00000103749227,1.0,0.9254902005195618,0.6000000238418579,calibrated_uv_reprojection_plus_stereo_left
183.04591369628906,-175.4285125732422,-640.4907836914062,187.61617879464825,58.89788224143109,-35.66321632652756,463.00000342074065,131.00000373837673,1.0,0.9137254953384399,0.5921568870544434,calibrated_uv_reprojection_plus_stereo_left
184.63475036621094,-175.6279754638672,-641.1846313476562,187.13595492800692,57.236426289945484,-36.0942300741379,463.99999571326316,131.00000751101416,1.0,0.8980392217636108,0.5803921818733215,calibrated_uv_reprojection_plus_stereo_left
185.99264526367188,-175.6063690185547,-641.0713500976562,186.29357692812192,56.09729791977014,-35.981277151522534,464.99999247331345,131.00000931745987,1.0,0.9058823585510254,0.5843137502670288,calibrated_uv_reprojection_plus_stereo_left
187.37379455566406,-175.60682678222656,-641.0385131835938,185.48718033880635,54.90589179518787,-35.92251864734578,466.00000310811964,130.9999900817551,1.0,0.9098039269447327,0.5882353186607361,calibrated_uv_reprojection_plus_stereo_left
188.85806274414062,-175.703125,-641.3556518554688,184.8360915579549,53.48541679558309,-36.099567446286414,467.0000082201568,130.999998334155,1.0,0.9058823585510254,0.5803921818733215,calibrated_uv_reprojection_plus_stereo_left
189.9779815673828,-175.46148681640625,-640.4392700195312,183.63802045722616,52.87315286021851,-35.44558358645685,467.99999113868034,131.00000563086923,1.0,0.9019607901573181,0.5803921818733215,calibrated_uv_reprojection_plus_stereo_left
191.39932250976562,-175.49964904785156,-640.5441284179688,182.89294426764775,51.591952695805844,-35.47961207285522,468.9999975393601,130.9999976970435,1.0,0.9098039269447327,0.5843137502670288,calibrated_uv_reprojection_plus_stereo_left
192.8484344482422,-175.56248474121094,-640.7390747070312,182.18714369674143,50.25071967953693,-35.57431060339519,469.9999956512833,131.00000071956686,1.0,0.9137254953384399,0.5882353186607361,calibrated_uv_reprojection_plus_stereo_left
194.33082580566406,-175.65444946289062,-641.040283203125,181.52738910067023,48.838210807787675,-35.740546689795224,470.9999985937616,131.000000545084,1.0,0.9411764740943909,0.615686297416687,calibrated_uv_reprojection_plus_stereo_left
195.95358276367188,-175.87103271484375,-641.7962646484375,181.06584876832835,47.1224714557963,-36.21301435382168,471.99999650529173,131.00000972333635,1.0,0.9686274528503418,0.6431372761726379,calibrated_uv_reprojection_plus_stereo_left
197.1255645751953,-175.68280029296875,-641.0748901367188,179.9574164239943,46.38725823032803,-35.69054457389058,472.99999700012387,131.00000344126536,0.9921568632125854,0.9607843160629272,0.6431372761726379,calibrated_uv_reprojection_plus_stereo_left
198.3103790283203,-175.50848388671875,-640.4044189453125,178.87279968926538,45.6206198470843,-35.202434259038455,473.99999028657055,131.00000778010525,0.95686274766922,0.9058823585510254,0.6196078658103943,calibrated_uv_reprojection_plus_stereo_left
199.49069213867188,-175.3325653076172,-639.7280883789062,177.78717817798486,44.86022772798191,-34.71043816674734,475.00000192962284,130.99999622535847,0.8627451062202454,0.772549033164978,0.4901960790157318,calibrated_uv_reprojection_plus_stereo_left
200.57235717773438,-175.07289123535156,-638.746337890625,176.57090760464615,44.30731517849,-34.01291327362361,476.000001018431,131.00000276656118,0.7529411911964417,0.6352941393852234,0.38823530077934265,calibrated_uv_reprojection_plus_stereo_left
201.86654663085938,-175.00096130371094,-638.4495849609375,175.65259205021988,43.296692360824636,-33.7766018895332,476.99999579845974,131.000000746564,0.7607843279838562,0.6431372761726379,0.3921568691730499,calibrated_uv_reprojection_plus_stereo_left
203.2455596923828,-175.0029754638672,-638.422607421875,174.85097864567842,42.104828691433056,-33.72190434052749,478.0000023206537,130.999997953972,0.8784313797950745,0.7647058963775635,0.49803921580314636,calibrated_uv_reprojection_plus_stereo_left
204.62754821777344,-175.00746154785156,-638.4046630859375,174.0531922978111,40.90678044845447,-33.673286960657265,478.9999978450207,130.99999874328734,0.9803921580314636,0.9176470637321472,0.6509804129600525,calibrated_uv_reprojection_plus_stereo_left
205.46670532226562,-174.55067443847656,-636.7041625976562,172.53540437656113,40.85114083777199,-32.4923292631608,479.9999939760166,131.00000392389023,1.0,0.929411768913269,0.6235294342041016,calibrated_uv_reprojection_plus_stereo_left
206.77325439453125,-174.49432373046875,-636.46435546875,171.64488627503601,39.807093210647395,-32.29449579078721,481.0000097789753,130.99999570285087,0.9960784316062927,0.8980392217636108,0.5960784554481506,calibrated_uv_reprojection_plus_stereo_left
208.29563903808594,-174.61961364746094,-636.8871459960938,171.03671326915844,38.31136853704572,-32.5425409548094,481.999998223701,131.00000380168493,0.9960784316062927,0.886274516582489,0.5921568870544434,calibrated_uv_reprojection_plus_stereo_left
210.00830078125,-174.90167236328125,-637.881591796875,170.66984144453556,36.42240211780171,-33.175144355088946,483.00000183291,131.00000329676604,1.0,0.9098039269447327,0.6196078658103943,calibrated_uv_reprojection_plus_stereo_left
211.31317138671875,-174.8426055908203,-637.6318359375,169.77419503172865,35.383773660621614,-32.9705746709559,484.0000070216545,130.99999438619588,0.9607843160629272,0.8588235378265381,0.5803921818733215,calibrated_uv_reprojection_plus_stereo_left
212.83346557617188,-174.96133422851562,-638.0305786132812,169.15249937774416,33.899436874227604,-33.202290255973764,484.99999229052025,131.00000761567313,0.8156862854957581,0.7137255072593689,0.43921568989753723,calibrated_uv_reprojection_plus_stereo_left
214.57101440429688,-175.2559356689453,-639.0704956054688,168.79927428960355,31.970683763693103,-33.865222333467045,485.9999985716512,131.00000150367708,0.6274510025978088,0.5529412031173706,0.364705890417099,calibrated_uv_reprojection_plus_stereo_left
159.61082458496094,-174.05868530273438,-641.0905151367188,200.31627059640954,79.6633430472557,-37.394896935502345,446.000007822131,131.9999953576836,0.9058823585510254,0.7490196228027344,0.5882353186607361,calibrated_uv_reprojection_plus_stereo_left
160.88043212890625,-173.94134521484375,-640.6241455078125,199.3088632110996,78.74123528151983,-37.043186734315896,446.999993257033,132.00000008243654,0.9529411792755127,0.8666666746139526,0.6470588445663452,calibrated_uv_reprojection_plus_stereo_left
163.3480224609375,-175.1101531982422,-644.8944091796875,200.50887187298014,74.89520437086469,-39.89308920321025,447.99999810310885,131.9999993815326,1.0,0.9490196108818054,0.7254902124404907,calibrated_uv_reprojection_plus_stereo_left
164.7525634765625,-175.12921142578125,-644.93017578125,199.73095717135345,73.65620977639549,-39.880577739833655,448.9999994634878,132.00000421001857,1.0,0.9686274528503418,0.6745098233222961,calibrated_uv_reprojection_plus_stereo_left
166.13636779785156,-175.12603759765625,-644.884033203125,198.9148885140512,72.467791707029,-39.81269763195235,449.9999985031052,132.00000258367064,1.0,0.9686274528503418,0.6745098233222961,calibrated_uv_reprojection_plus_stereo_left
167.51466369628906,-175.11708068847656,-644.8165893554688,198.08896292684256,71.29262766316685,-39.730421748367746,451.00000593035605,131.99999974606257,1.0,0.9764705896377563,0.6549019813537598,calibrated_uv_reprojection_plus_stereo_left
168.92355346679688,-175.1399383544922,-644.8663330078125,197.31709774264897,70.04429597354806,-39.72733697409615,451.99999548664874,132.0000054499394,1.0,0.9764705896377563,0.6549019813537598,calibrated_uv_reprojection_plus_stereo_left
170.2949981689453,-175.12384033203125,-644.7725830078125,196.4790276882029,68.8855419611105,-39.62728365328837,453.0000030001737,132.0000003443178,1.0,0.9764705896377563,0.6705882549285889,calibrated_uv_reprojection_plus_stereo_left
171.6675262451172,-175.1090545654297,-644.6837158203125,195.6433102519805,67.72391115853662,-39.53054119363111,453.9999931044433,132.00000432268345,1.0,0.9803921580314636,0.6784313917160034,calibrated_uv_reprojection_plus_stereo_left
173.01919555664062,-175.0733184814453,-644.5177001953125,194.77241108746006,66.61107537683768,-39.38168392748548,454.9999996261755,132.00000333694487,1.0,0.9882352948188782,0.7803921699523926,calibrated_uv_reprojection_plus_stereo_left
173.9050750732422,-174.57052612304688,-642.6323852539062,193.1178838280931,66.58655124953987,-38.071523538627616,455.9999930242463,132.00000712958175,1.0,0.9921568632125854,0.7960784435272217,calibrated_uv_reprojection_plus_stereo_left
175.2532196044922,-174.5359649658203,-642.4707641601562,192.2516818272913,65.47504042210971,-37.92575199888944,457.0000086091892,131.99999688934173,1.0,0.9960784316062927,0.8235294222831726,calibrated_uv_reprojection_plus_stereo_left
176.6327362060547,-174.53289794921875,-642.4251708984375,191.43838034197012,64.29014868040008,-37.85836608625738,457.9999940593593,132.00000445469334,1.0,0.9960784316062927,0.8274509906768799,calibrated_uv_reprojection_plus_stereo_left
178.09239196777344,-174.60836791992188,-642.6685791015625,190.75576304959367,62.92070578116443,-37.986129963917676,459.00000640491345,131.99999965491747,1.0,0.9764705896377563,0.7450980544090271,calibrated_uv_reprojection_plus_stereo_left
179.15725708007812,-174.2985382080078,-641.4939575195312,189.43286840124762,62.45813864796742,-37.15636986331407,459.99999752335424,132.00000867378088,1.0,0.9686274528503418,0.7254902124404907,calibrated_uv_reprojection_plus_stereo_left
180.4681854248047,-174.23094177246094,-641.2108764648438,188.51375307379726,61.42727510723245,-36.928677098158744,461.0000025853457,132.00000688226038,1.0,0.95686274766922,0.6627451181411743,calibrated_uv_reprojection_plus_stereo_left
181.7470245361328,-174.1335906982422,-640.8182983398438,187.54611642857174,60.46783421516136,-36.62708451222096,461.9999937495003,132.00000027652132,0.9960784316062927,0.9333333373069763,0.6196078658103943,calibrated_uv_reprojection_plus_stereo_left
183.0633087158203,-174.07322692871094,-640.5618896484375,186.64022243760752,59.421718217565,-36.417457050248004,462.9999990340632,131.99999875550301,1.0,0.9137254953384399,0.5960784554481506,calibrated_uv_reprojection_plus_stereo_left
184.17724609375,-173.82273864746094,-639.6058959960938,185.42277197097633,58.829610901675096,-35.73562724679357,464.00000515846125,131.99999397281613,1.0,0.9098039269447327,0.5882353186607361,calibrated_uv_reprojection_plus_stereo_left
185.56114196777344,-173.82879638671875,-639.5940551757812,184.6275583034186,57.62751418587732,-35.69117107972562,464.99999139254044,132.00001045327235,1.0,0.9019607901573181,0.5803921818733215,calibrated_uv_reprojection_plus_stereo_left
186.95632934570312,-173.84521484375,-639.6201782226562,183.8491049408958,56.40049196245718,-35.67231018925452,466.00000203766297,131.99999703840317,1.0,0.9019607901573181,0.5803921818733215,calibrated_uv_reprojection_plus_stereo_left
188.40419006347656,-173.9099578857422,-639.8241577148438,183.14914425783883,55.05698146280878,-35.77347550121709,466.99999507828716,131.9999984933839,1.0,0.8980392217636108,0.5764706134796143,calibrated_uv_reprojection_plus_stereo_left
189.77044677734375,-173.89891052246094,-639.749267578125,182.3255307564359,53.89527047885798,-35.686433743961004,468.0000025438434,131.9999959938643,1.0,0.9019607901573181,0.5803921818733215,calibrated_uv_reprojection_plus_stereo_left
191.19395446777344,-173.94004821777344,-639.8663940429688,181.58644824232334,52.60745771983591,-35.728958659007276,469.00000163948476,132.0000018906597,1.0,0.9058823585510254,0.5843137502670288,calibrated_uv_reprojection_plus_stereo_left
192.6197509765625,-173.9826202392578,-639.9887084960938,180.8492413873547,51.31558284783364,-35.77495479111076,470.00000521700963,131.99999389850288,1.0,0.9137254953384399,0.5843137502670288,calibrated_uv_reprojection_plus_stereo_left
194.07077026367188,-174.04713439941406,-640.1917724609375,180.146921535579,49.969682442902524,-35.87541368673993,471.00000895346227,131.99999754297758,1.0,0.9411764740943909,0.6078431606292725,calibrated_uv_reprojection_plus_stereo_left
195.30271911621094,-173.91561889648438,-639.6737670898438,179.12946422379514,49.1008963980961,-35.48944306523134,472.0000047766033,131.99999488668277,1.0,0.9686274528503418,0.6352941393852234,calibrated_uv_reprojection_plus_stereo_left
196.67288208007812,-173.90809631347656,-639.6118774414062,178.31155044840182,47.930625021040896,-35.41117725589254,473.00000140368496,131.9999992247032,1.0,0.9725490212440491,0.6431372761726379,calibrated_uv_reprojection_plus_stereo_left
197.97279357910156,-173.8389434814453,-639.3233032226562,177.39535671485226,46.91154805678235,-35.18002480046704,473.99999783133387,131.9999976498247,0.9921568632125854,0.9647058844566345,0.6509804129600525,calibrated_uv_reprojection_plus_stereo_left
199.26104736328125,-173.76051330566406,-639.0006713867188,176.46501749500038,45.91615304519121,-34.92593668254062,474.9999968209564,132.00000281877612,0.9725490212440491,0.9254902005195618,0.6196078658103943,calibrated_uv_reprojection_plus_stereo_left
200.50106811523438,-173.64134216308594,-638.5281982421875,175.47074351808908,45.022261646140294,-34.57083097353586,476.00000091760705,131.99999720717346,0.9098039269447327,0.8117647171020508,0.5411764979362488,calibrated_uv_reprojection_plus_stereo_left
201.89620971679688,-173.65716552734375,-638.5521850585938,174.69099955845246,43.79613445566696,-34.55052257583111,476.9999991276347,131.999997162136,0.7568627595901489,0.6549019813537598,0.38823530077934265,calibrated_uv_reprojection_plus_stereo_left
203.26597595214844,-173.6510467529297,-638.4954833984375,173.87648136780905,42.624148018477,-34.47580502301031,477.9999937887333,131.99999672091394,0.8509804010391235,0.729411780834198,0.5058823823928833,calibrated_uv_reprojection_plus_stereo_left
204.67543029785156,-173.67860412597656,-638.5626220703125,173.1149079140585,41.36842172229882,-34.484577739306246,479.0000086495898,132.00000091647755,0.8313725590705872,0.7098039388656616,0.48627451062202454,calibrated_uv_reprojection_plus_stereo_left
205.55856323242188,-173.26214599609375,-636.997314453125,171.6571636927995,41.21932981243282,-33.39291728716262,479.99999699324695,132.000002288452,0.9803921580314636,0.8784313797950745,0.6117647290229797,calibrated_uv_reprojection_plus_stereo_left
207.10110473632812,-173.40325927734375,-637.48193359375,171.07450054742947,39.68190814073694,-33.68314653869203,481.0000111406649,131.99999706977385,0.9921568632125854,0.9137254953384399,0.6509804129600525,calibrated_uv_reprojection_plus_stereo_left
208.54977416992188,-173.46438598632812,-637.6724853515625,170.36588907890172,38.34301917990166,-33.77512435043451,482.0000123717301,131.9999974156342,0.9882352948188782,0.8941176533699036,0.5960784554481506,calibrated_uv_reprojection_plus_stereo_left
209.9593048095703,-173.49234008789062,-637.7410888671875,169.6051664930382,37.08664479021775,-33.784894440243704,482.9999905567053,132.00000092180875,1.0,0.9019607901573181,0.6000000238418579,calibrated_uv_reprojection_plus_stereo_left
211.3629608154297,-173.51502990722656,-637.790283203125,168.8359575985391,35.84308868037209,-33.781564381475505,484.00000222472715,131.9999954004163,1.0,0.9098039269447327,0.6196078658103943,calibrated_uv_reprojection_plus_stereo_left
212.7866973876953,-173.5537567138672,-637.8984985351562,168.0913028403117,34.55861503514723,-33.81800480014948,484.9999893719123,132.0000070572075,1.0,0.9137254953384399,0.6274510025978088,calibrated_uv_reprojection_plus_stereo_left
214.3292694091797,-173.68824768066406,-638.3585205078125,167.49362787559198,33.03091951838911,-34.0914362686878,485.99999984599776,131.99999115710844,0.8941176533699036,0.8078431487083435,0.5607843399047852,calibrated_uv_reprojection_plus_stereo_left
216.20375061035156,-174.08819580078125,-639.7942504882812,167.30215180162105,30.826699891705914,-35.022161029952144,486.9999930404964,132.00001019663995,0.7176470756530762,0.6078431606292725,0.3803921639919281,calibrated_uv_reprojection_plus_stereo_left
121.12620544433594,-132.19158935546875,-490.7867431640625,129.7654490326717,173.28964946432006,63.646686212294526,444.99999881137825,133.00000191245115,0.9333333373069763,0.7764706015586853,0.6313725709915161,calibrated_uv_reprojection_plus_stereo_left
127.01476287841797,-137.42120361328125,-510.175537109375,138.20990619071677,160.47938986209886,50.54578665115105,445.99999750598363,132.99999952191268,0.9921568632125854,0.8509804010391235,0.7019608020782471,calibrated_uv_reprojection_plus_stereo_left
139.63302612304688,-149.7799530029297,-556.0277709960938,158.92459197994498,131.3247594985648,19.529356198440723,447.0000009386242,133.00000579837518,1.0,0.9411764740943909,0.7333333492279053,calibrated_uv_reprojection_plus_stereo_left
162.4229278564453,-172.7470245361328,-641.2542114257812,197.8054580587551,77.71340178468398,-38.13890540588994,448.0000040962011,132.9999985026799,1.0,0.9372549057006836,0.7254902124404907,calibrated_uv_reprojection_plus_stereo_left
164.6094512939453,-173.59884643554688,-644.3819580078125,198.46352223093413,74.56856978028009,-40.21984139150436,449.0000008842268,132.99999788056866,1.0,0.9686274528503418,0.6784313917160034,calibrated_uv_reprojection_plus_stereo_left
166.09547424316406,-173.7037811279297,-644.7371215820312,197.83342974312052,73.13215333789788,-40.423639282370345,450.00000860794484,132.99999342884612,1.0,0.9647058844566345,0.6784313917160034,calibrated_uv_reprojection_plus_stereo_left
167.49412536621094,-173.71629333496094,-644.749267578125,197.04436162998223,71.90772112854961,-40.39522806772544,451.0000071897322,132.99999908856,1.0,0.9764705896377563,0.658823549747467,calibrated_uv_reprojection_plus_stereo_left
168.85015869140625,-173.68472290039062,-644.5977783203125,196.17999840157142,70.7852270982296,-40.256060107292456,451.9999913779036,132.9999998993776,1.0,0.9764705896377563,0.658823549747467,calibrated_uv_reprojection_plus_stereo_left
170.24342346191406,-173.69154357910156,-644.5888061523438,195.3811459024107,69.57385276563457,-40.213353660545295,452.9999996318621,133.00000720361993,1.0,0.9803921580314636,0.7372549176216125,calibrated_uv_reprojection_plus_stereo_left
171.58094787597656,-173.64181518554688,-644.369873046875,194.4862991415838,68.49418916667827,-40.0285520829396,454.0000027222584,132.99999344198847,1.0,0.9921568632125854,0.7490196228027344,calibrated_uv_reprojection_plus_stereo_left
172.92259216308594,-173.59693908691406,-644.1690673828125,193.6001159946772,67.40376845705975,-39.856049836185946,454.99999763523533,132.999999880024,1.0,0.9960784316062927,0.8352941274642944,calibrated_uv_reprojection_plus_stereo_left
173.78997802734375,-173.08038330078125,-642.2180786132812,191.91905260658262,67.41974295702391,-38.49945143088132,456.00000208072515,133.0000019505037,1.0,1.0,0.8392156958580017,calibrated_uv_reprojection_plus_stereo_left
175.15721130371094,-173.06581115722656,-642.1297607421875,191.0867591554258,66.26246982945031,-38.403171305230956,457.0000040180155,132.99999375675065,1.0,0.9960784316062927,0.8509804010391235,calibrated_uv_reprojection_plus_stereo_left
176.54458618164062,-173.07113647460938,-642.1153564453125,190.2879537507825,65.0583827718574,-38.35690678958031,457.9999984665592,133.00000260463645,1.0,0.9960784316062927,0.8509804010391235,calibrated_uv_reprojection_plus_stereo_left
177.94735717773438,-173.09129333496094,-642.1558837890625,189.51382324664348,63.81911474005295,-38.34778088416198,459.00000985386646,132.99999423250188,1.0,1.0,0.8274509906768799,calibrated_uv_reprojection_plus_stereo_left
178.9337158203125,-172.7091522216797,-640.7041015625,188.0687555456097,63.53373120140844,-37.329359097173494,459.9999970948848,133.0000084570602,1.0,0.9921568632125854,0.8156862854957581,calibrated_uv_reprojection_plus_stereo_left
180.2089080810547,-172.60946655273438,-640.3001098632812,187.09679783685124,62.58168118707539,-37.01967637708276,460.99999869558275,132.99999609576423,1.0,0.9607843160629272,0.7058823704719543,calibrated_uv_reprojection_plus_stereo_left
181.4540557861328,-172.48265075683594,-639.7955932617188,186.08076734012286,61.69563280534845,-36.64206676239354,462.00000379734627,132.99999786661394,1.0,0.9607843160629272,0.6901960968971252,calibrated_uv_reprojection_plus_stereo_left
182.7107391357422,-172.3685760498047,-639.33837890625,185.0869512966221,60.780799275904656,-36.29649264393868,463.0000039432017,132.9999986763869,1.0,0.9372549057006836,0.6235294342041016,calibrated_uv_reprojection_plus_stereo_left
183.76702880859375,-172.0685272216797,-638.19140625,183.78755236798582,60.313759479337534,-35.48460902490967,463.99999892487466,132.99999248449853,1.0,0.9215686321258545,0.5882353186607361,calibrated_uv_reprojection_plus_stereo_left
185.20530700683594,-172.1278533935547,-638.3775024414062,183.0817512851529,58.98591788503302,-35.57409034645008,464.9999966493607,133.00001058993462,1.0,0.9137254953384399,0.5843137502670288,calibrated_uv_reprojection_plus_stereo_left
186.60079956054688,-172.1468048095703,-638.4136962890625,182.30913074399155,57.75471096814459,-35.56219135593511,466.0000013236241,133.0000000478083,1.0,0.9058823585510254,0.5803921818733215,calibrated_uv_reprojection_plus_stereo_left
187.97933959960938,-172.14988708496094,-638.39111328125,181.51038341140003,56.561563532762534,-35.51056467595663,466.99999572781235,133.000005268437,1.0,0.9098039269447327,0.5843137502670288,calibrated_uv_reprojection_plus_stereo_left
189.4168243408203,-172.20645141601562,-638.5667724609375,180.79871101595393,55.23853004240465,-35.59291210521354,468.00000919787965,132.99999599452158,1.0,0.9098039269447327,0.5882353186607361,calibrated_uv_reprojection_plus_stereo_left
190.8507843017578,-172.25897216796875,-638.7274780273438,180.0799343705051,53.924496846255465,-35.665137488835626,469.00000012272324,132.99999910570915,1.0,0.9137254953384399,0.5882353186607361,calibrated_uv_reprojection_plus_stereo_left
192.25579833984375,-172.2847442626953,-638.7889404296875,179.31726204199754,52.674987057443104,-35.67026746506929,470.0000006244169,132.99999373812884,1.0,0.9176470637321472,0.5921568870544434,calibrated_uv_reprojection_plus_stereo_left
193.73675537109375,-172.3776397705078,-639.0993041992188,178.66278563352427,51.260728003891984,-35.84357644654875,471.00000962541793,132.9999981611716,1.0,0.9372549057006836,0.6117647290229797,calibrated_uv_reprojection_plus_stereo_left
195.0583038330078,-172.328369140625,-638.882568359375,177.77835519911804,50.19413579643896,-35.66070912647655,471.9999904205042,133.0000022269686,1.0,0.9490196108818054,0.6235294342041016,calibrated_uv_reprojection_plus_stereo_left
196.41783142089844,-172.31301879882812,-638.7915649414062,176.948809595782,49.04464855037372,-35.56279948272339,473.0000053230173,132.99999996620988,1.0,0.9411764740943909,0.6196078658103943,calibrated_uv_reprojection_plus_stereo_left
197.7466583251953,-172.27110290527344,-638.6021118164062,176.07683736215836,47.96090805922074,-35.39839204508405,473.9999969016166,133.00000211915062,1.0,0.9647058844566345,0.6509804129600525,calibrated_uv_reprojection_plus_stereo_left
199.0760955810547,-172.23023986816406,-638.41650390625,175.2068715477219,46.87510513089762,-35.23658746391129,475.00000424755854,132.99999012270595,1.0,0.9647058844566345,0.6549019813537598,calibrated_uv_reprojection_plus_stereo_left
200.3724365234375,-172.1614227294922,-638.12744140625,174.29277382098024,45.85913277071518,-35.00494316162434,475.99999905763104,133.00000646991592,0.9882352948188782,0.9372549057006836,0.6392157077789307,calibrated_uv_reprojection_plus_stereo_left
201.74642944335938,-172.15977478027344,-638.0872192382812,173.4858990040271,44.67692411044277,-34.94136517770522,477.00000751580546,132.99999556715832,0.9450980424880981,0.8666666746139526,0.5764706134796143,calibrated_uv_reprojection_plus_stereo_left
203.04347229003906,-172.09286499023438,-637.8052368164062,172.575715003737,43.65753389911731,-34.71453912784796,477.999998704911,133.0000066073011,0.8117647171020508,0.6941176652908325,0.4431372582912445,calibrated_uv_reprojection_plus_stereo_left
204.37783813476562,-172.0582275390625,-637.642822265625,171.7170433998702,42.55825837754264,-34.56847002477383,478.99999882651673,133.00000641494438,0.8078431487083435,0.6901960968971252,0.4431372582912445,calibrated_uv_reprojection_plus_stereo_left
205.5314483642578,-171.8728485107422,-636.9217529296875,170.62138312325027,41.83775044747216,-34.0452047610724,480.0000084724204,132.9999958759957,0.800000011920929,0.6705882549285889,0.48235294222831726,calibrated_uv_reprojection_plus_stereo_left
206.98699951171875,-171.94070434570312,-637.1392211914062,169.9248474471221,40.48242073720644,-34.155672180983004,480.99999083182956,133.00000190138405,0.9215686321258545,0.7921568751335144,0.6039215922355652,calibrated_uv_reprojection_plus_stereo_left
208.3401336669922,-171.92308044433594,-637.0398559570312,169.0938599631139,39.34181572817721,-34.05220990132392,482.00000449851984,132.99999426317254,0.9725490212440491,0.9254902005195618,0.6431372761726379,calibrated_uv_reprojection_plus_stereo_left
209.80960083007812,-172.00100708007812,-637.2945556640625,168.41206273507743,37.95960777174764,-34.187760105334746,483.00000945172087,132.99999202164366,0.9960784316062927,0.929411768913269,0.6392157077789307,calibrated_uv_reprojection_plus_stereo_left
211.29153442382812,-172.08802795410156,-637.5829467773438,167.74366123968576,36.55319494574093,-34.34602082804031,484.00000052592964,132.99999556654365,1.0,0.9098039269447327,0.6196078658103943,calibrated_uv_reprojection_plus_stereo_left
212.66836547851562,-172.08880615234375,-637.5518188476562,166.94068387245517,35.36492255760356,-34.28859978955148,485.0000003249596,133.00000456927626,1.0,0.8941176533699036,0.6039215922355652,calibrated_uv_reprojection_plus_stereo_left
214.05642700195312,-172.09857177734375,-637.5538940429688,166.15153251043887,34.15370311248455,-34.253571406463834,486.0000040137652,132.99999593801525,1.0,0.9019607901573181,0.6274510025978088,calibrated_uv_reprojection_plus_stereo_left
215.57972717285156,-172.2161865234375,-637.95556640625,165.5284991990315,32.666376831407774,-34.488196397110926,486.9999961447809,133.00000448602026,0.9490196108818054,0.8352941274642944,0.5686274766921997,calibrated_uv_reprojection_plus_stereo_left
217.5678253173828,-172.70120239257812,-639.7180786132812,165.46883787734907,30.235027383786644,-35.64097647732507,487.9999994552644,133.00000609528993,0.7176470756530762,0.615686297416687,0.42352941632270813,calibrated_uv_reprojection_plus_stereo_left
220.05360412597656,-173.57261657714844,-642.9115600585938,165.99649950050485,26.803216913014865,-37.758991068512955,489.00000713040146,132.99999727668882,0.4901960790157318,0.4000000059604645,0.250980406999588,calibrated_uv_reprojection_plus_stereo_left
121.04834747314453,-129.92628479003906,-486.2198181152344,126.26559110769277,175.59549235132914,66.23150981305173,446.00000189440334,133.99999681198426,1.0,0.8235294222831726,0.7215686440467834,calibrated_uv_reprojection_plus_stereo_left
122.37393188476562,-130.2245635986328,-487.31024169921875,126.17246463437972,174.00891471316504,65.51957805637295,446.9999984693983,134.00000308595128,1.0,0.8588235378265381,0.7098039388656616,calibrated_uv_reprojection_plus_stereo_left
128.53842163085938,-135.62335205078125,-507.4859619140625,134.90680707090183,160.66439874028566,51.86567026483834,448.00000736362256,133.99999262776876,1.0,0.8823529481887817,0.7254902124404907,calibrated_uv_reprojection_plus_stereo_left
150.29592895507812,-157.24517822265625,-588.3610229492188,171.60044017487962,109.74745828745819,-2.943924719254369,449.00000661787135,134.0000020648934,1.0,0.9254902005195618,0.6941176652908325,calibrated_uv_reprojection_plus_stereo_left
163.59242248535156,-169.72764587402344,-635.03271484375,192.35398630292843,79.7183393709281,-34.55423825181299,449.9999983335447,133.99999956694512,1.0,0.9333333373069763,0.7019608020782471,calibrated_uv_reprojection_plus_stereo_left
166.9471893310547,-171.774169921875,-642.6556396484375,195.06994119292847,73.78208153379506,-39.686162195335726,451.00000095408376,133.99999732609967,1.0,0.95686274766922,0.6980392336845398,calibrated_uv_reprojection_plus_stereo_left
168.6348876953125,-172.08583068847656,-643.7875366210938,194.7957583812705,71.86337134808957,-40.41700324480405,451.9999957323759,134.00000569102923,1.0,0.9843137264251709,0.7333333492279053,calibrated_uv_reprojection_plus_stereo_left
170.1378173828125,-172.20533752441406,-644.2003784179688,194.19041401515062,70.38978396370436,-40.66029397778868,453.0000081626746,133.99999402733408,1.0,0.9960784316062927,0.8078431487083435,calibrated_uv_reprojection_plus_stereo_left
171.5277557373047,-172.20941162109375,-644.1814575195312,193.38735722769832,69.18527390346429,-40.61090465078502,454.0000019967245,133.99999851061705,1.0,1.0,0.8156862854957581,calibrated_uv_reprojection_plus_stereo_left
172.84649658203125,-172.14244079589844,-643.8967895507812,192.4635608952264,68.1478139569366,-40.381408815476846,455.00000139328006,134.00000280775535,1.0,0.9960784316062927,0.843137264251709,calibrated_uv_reprojection_plus_stereo_left
173.70864868164062,-171.6253662109375,-641.9285888671875,190.7780330057255,68.17346435536524,-39.01106212802432,456.00000244376287,133.99999951841852,1.0,1.0,0.8470588326454163,calibrated_uv_reprojection_plus_stereo_left
175.1387939453125,-171.6731414794922,-642.0731811523438,190.05132551970217,66.86930407449563,-39.072580360152585,457.000003251816,133.99999608395902,1.0,0.9921568632125854,0.8549019694328308,calibrated_uv_reprojection_plus_stereo_left
176.5129852294922,-171.6656951904297,-642.01123046875,189.2311291270271,65.69551694469146,-38.99413319198953,457.99999909328096,133.99999267291602,1.0,0.9843137264251709,0.8470588326454163,calibrated_uv_reprojection_plus_stereo_left
177.90687561035156,-171.6772918701172,-642.0205688476562,188.4429664233839,64.47640217615827,-38.96399547618387,458.99999513092797,134.00000340013247,1.0,0.9803921580314636,0.8274509906768799,calibrated_uv_reprojection_plus_stereo_left
178.65431213378906,-171.0696563720703,-639.7141723632812,186.61751975672155,64.73566155388323,-37.36506775235887,460.00000039122295,133.99999228077158,1.0,0.9725490212440491,0.8235294222831726,calibrated_uv_reprojection_plus_stereo_left
179.8828887939453,-170.92843627929688,-639.1521606445312,185.57674702279087,63.886370787489625,-36.94802176388242,460.9999965356972,133.999996543115,1.0,0.9803921580314636,0.7764706015586853,calibrated_uv_reprojection_plus_stereo_left
181.09083557128906,-170.76983642578125,-638.5252075195312,184.50831103858042,63.080718830373996,-36.48704583880607,462.00000192032775,133.99999867465857,1.0,0.9647058844566345,0.7490196228027344,calibrated_uv_reprojection_plus_stereo_left
182.27774047851562,-170.59388732910156,-637.8334350585938,183.41252110195495,62.31901637818805,-35.98223395678639,462.9999992915922,133.99999808857729,1.0,0.9686274528503418,0.6627451181411743,calibrated_uv_reprojection_plus_stereo_left
183.3052978515625,-170.27247619628906,-636.597900390625,182.0774586746113,61.91104324938544,-35.10925427784889,464.0000074068299,133.99999924908042,1.0,0.9490196108818054,0.6235294342041016,calibrated_uv_reprojection_plus_stereo_left
184.74241638183594,-170.3334197998047,-636.7919311523438,181.3767794894373,60.58127776983105,-35.20444703195216,464.99999531964386,134.00000129445237,1.0,0.9254902005195618,0.5960784554481506,calibrated_uv_reprojection_plus_stereo_left
186.1387176513672,-170.3560333251953,-636.8425903320312,180.61234181321856,59.343728313164206,-35.20252714167299,466.00000831213015,133.99999248777124,1.0,0.9137254953384399,0.5843137502670288,calibrated_uv_reprojection_plus_stereo_left
187.52220153808594,-170.36660766601562,-636.8483276367188,179.8279216805143,58.13510918446627,-35.17019521050713,467.0000059241868,134.00000166488724,1.0,0.9058823585510254,0.5843137502670288,calibrated_uv_reprojection_plus_stereo_left
189.06605529785156,-170.52162170410156,-637.3939208984375,179.27982722017583,56.57340875053683,-35.50332511499056,468.0000031066508,134.00000293864554,1.0,0.9098039269447327,0.5882353186607361,calibrated_uv_reprojection_plus_stereo_left
190.4716339111328,-170.550537109375,-637.4681396484375,178.52439308463653,55.31847046844547,-35.51730287602754,468.99999219110316,134.0000058267551,1.0,0.9098039269447327,0.5882353186607361,calibrated_uv_reprojection_plus_stereo_left
191.89993286132812,-170.5991668701172,-637.615966796875,177.80070584164542,54.0146392986797,-35.58108078221659,470.00000492210813,133.99999692715363,1.0,0.9137254953384399,0.5921568870544434,calibrated_uv_reprojection_plus_stereo_left
193.3470458984375,-170.66366577148438,-637.8231201171875,177.10230252572313,52.670973667477824,-35.68499494051133,471.0000006192287,133.99999557216813,1.0,0.9215686321258545,0.6000000238418579,calibrated_uv_reprojection_plus_stereo_left
194.80101013183594,-170.73318481445312,-638.049072265625,176.41139398982085,51.31391579923513,-35.801611136060956,471.9999964497589,134.00000695286846,1.0,0.9176470637321472,0.6000000238418579,calibrated_uv_reprojection_plus_stereo_left
196.11170959472656,-170.67701721191406,-637.80517578125,175.51694239823047,50.267351913819596,-35.600230595396056,472.99999964693325,133.99999117309383,1.0,0.9176470637321472,0.5960784554481506,calibrated_uv_reprojection_plus_stereo_left
197.4842071533203,-170.67495727539062,-637.7636108398438,174.7100707714594,49.08699635452979,-35.53579574481677,473.99999798563385,133.99999995211687,1.0,0.929411768913269,0.6039215922355652,calibrated_uv_reprojection_plus_stereo_left
198.86582946777344,-170.6807098388672,-637.751220703125,173.91571247089405,47.88715867500417,-35.49109720543834,474.9999932515161,134.00000559401576,1.0,0.9529411792755127,0.6313725709915161,calibrated_uv_reprojection_plus_stereo_left
200.29827880859375,-170.72964477539062,-637.900146484375,173.1903182332755,46.57928022505945,-35.55552569793355,476.0000000740642,134.00000676859293,1.0,0.9647058844566345,0.6509804129600525,calibrated_uv_reprojection_plus_stereo_left
201.61611938476562,-170.68084716796875,-637.6838989257812,172.3085657539114,45.515576618796615,-35.37290107034727,476.9999984608065,134.00000555913698,0.9921568632125854,0.95686274766922,0.6509804129600525,calibrated_uv_reprojection_plus_stereo_left
202.92503356933594,-170.62515258789062,-637.44189453125,171.41626615218763,44.46982942691892,-35.17287209745854,477.999997363495,134.0000027683676,0.9411764740943909,0.886274516582489,0.6039215922355652,calibrated_uv_reprojection_plus_stereo_left
204.24899291992188,-170.5827178955078,-637.2494506835938,170.5454765901183,43.39138777501279,-35.00638642340647,478.99999622757804,134.0000009051006,0.7803921699523926,0.6784313917160034,0.40784314274787903,calibrated_uv_reprojection_plus_stereo_left
205.48915100097656,-170.4712677001953,-636.7992553710938,169.5659695182353,42.48783291078945,-34.66560563160124,479.99999305821666,134.000007282546,0.7058823704719543,0.5568627715110779,0.3490196168422699,calibrated_uv_reprojection_plus_stereo_left
206.8831024169922,-170.4879913330078,-636.8278198242188,168.78945566459305,41.26106236392815,-34.64862108242494,480.99999458489106,134.00000319271248,0.7215686440467834,0.5764706134796143,0.364705890417099,calibrated_uv_reprojection_plus_stereo_left
208.25282287597656,-170.48458862304688,-636.78125,167.9811314535126,40.0851033279468,-34.580829504246935,481.99999936962934,134.00000858431054,0.8823529481887817,0.7529411911964417,0.4901960790157318,calibrated_uv_reprojection_plus_stereo_left
209.6365509033203,-170.49258422851562,-636.7772216796875,167.19065510297048,38.88012318181376,-34.54179724811115,482.9999987888268,134.00000804704712,0.9686274528503418,0.9058823585510254,0.6470588445663452,calibrated_uv_reprojection_plus_stereo_left
211.24203491210938,-170.6796112060547,-637.4417724609375,166.67967125956926,37.21768915607419,-34.954760746495936,483.9999985919113,133.99999783921447,0.9960784316062927,0.9215686321258545,0.6313725709915161,calibrated_uv_reprojection_plus_stereo_left
212.64503479003906,-170.70159912109375,-637.489990234375,165.9099215114146,35.97527174450096,-34.95100431521911,484.9999980684578,134.0000044422732,1.0,0.9058823585510254,0.6117647290229797,calibrated_uv_reprojection_plus_stereo_left
214.0284881591797,-170.70767211914062,-637.4786987304688,165.11519943912168,34.77339661284958,-34.90700151756147,486.0000052963661,133.99999792793972,1.0,0.886274516582489,0.5960784554481506,calibrated_uv_reprojection_plus_stereo_left
215.49156188964844,-170.77671813964844,-637.7025756835938,164.4178571236011,33.40920760036329,-35.021948429208976,487.0000046224326,133.99999584878256,1.0,0.8980392217636108,0.6117647290229797,calibrated_uv_reprojection_plus_stereo_left
217.09600830078125,-170.95616149902344,-638.3386840820312,163.89018517160412,31.758922307351952,-35.41547471446597,487.9999948240478,134.00000236587903,0.9137254953384399,0.8235294222831726,0.5647059082984924,calibrated_uv_reprojection_plus_stereo_left
218.6799774169922,-171.1172637939453,-638.9061889648438,163.33254803652602,30.15358502500453,-35.76255410710718,489.00000027561526,133.99999923952765,0.7372549176216125,0.6274510025978088,0.3803921639919281,calibrated_uv_reprojection_plus_stereo_left
220.8380584716797,-171.72271728515625,-641.1326904296875,163.45481727202394,27.392354612910026,-37.230605299175465,489.99999590099765,134.00000807333896,0.5058823823928833,0.4274509847164154,0.250980406999588,calibrated_uv_reprojection_plus_stereo_left
124.03218841552734,-129.8213653564453,-489.70404052734375,125.90999212108387,172.05063326078522,63.38455107752878,448.00000120996583,135.00000278062765,1.0,0.7764706015586853,0.6941176652908325,calibrated_uv_reprojection_plus_stereo_left
125.16326141357422,-129.9023895263672,-489.9837646484375,125.43511986268176,170.95416038263295,63.22231022921699,448.99999357518845,134.99999931140553,1.0,0.8274509906768799,0.6823529601097107,calibrated_uv_reprojection_plus_stereo_left
127.53461456298828,-131.25848388671875,-495.0727233886719,127.16514019163931,166.8808474422301,59.79411210417652,449.99999622985604,135.0000050864731,1.0,0.8588235378265381,0.7098039388656616,calibrated_uv_reprojection_plus_stereo_left
141.6007843017578,-144.52871704101562,-545.0957641601562,149.4355184663462,134.90113293351988,25.85395998218189,450.99999370569833,135.00000552051597,1.0,0.9058823585510254,0.7372549176216125,calibrated_uv_reprojection_plus_stereo_left
166.0609893798828,-168.10276794433594,-633.97265625,189.30641321837066,78.54552975546375,-34.462059093830305,452.0000104409287,134.99999488493717,1.0,0.9490196108818054,0.7882353067398071,calibrated_uv_reprojection_plus_stereo_left
169.57200622558594,-170.25869750976562,-642.0695190429688,192.20818191881995,72.29304150048972,-39.923405292214625,452.99999626858346,135.00000790899247,1.0,0.9960784316062927,0.843137264251709,calibrated_uv_reprojection_plus_stereo_left
171.3133544921875,-170.61724853515625,-643.3875732421875,192.01429660504618,70.25521696967564,-40.78180366662815,454.000005526404,134.99999435613887,1.0,0.9960784316062927,0.843137264251709,calibrated_uv_reprojection_plus_stereo_left
172.74560546875,-170.66461181640625,-643.5321655273438,191.28607724446692,68.9493962640837,-40.843485434333104,454.9999985221942,134.99999825901358,1.0,0.9960784316062927,0.843137264251709,calibrated_uv_reprojection_plus_stereo_left
173.75250244140625,-170.2942657470703,-642.1016845703125,189.8466495321665,68.63521288201792,-39.8360275018137,456.0000063749311,134.99999033136592,1.0,1.0,0.8470588326454163,calibrated_uv_reprojection_plus_stereo_left
175.15570068359375,-170.31503295898438,-642.1461181640625,189.07433079259562,67.39420675834953,-39.829786085037256,456.99999953974026,135.00000874019824,1.0,1.0,0.8352941274642944,calibrated_uv_reprojection_plus_stereo_left
176.6307373046875,-170.4047393798828,-642.4503173828125,188.41837354483266,65.98816944648809,-39.999806343234695,458.00000335486175,135.00000118807276,0.9921568632125854,0.9725490212440491,0.8078431487083435,calibrated_uv_reprojection_plus_stereo_left
178.00892639160156,-170.40028381347656,-642.3994750976562,187.60265279053607,64.80650271727944,-39.928853610342856,459.0000094104945,134.99999005610928,0.9921568632125854,0.9411764740943909,0.800000011920929,calibrated_uv_reprojection_plus_stereo_left
178.47549438476562,-169.5299072265625,-639.0844116210938,185.33011332139836,65.70620391841783,-37.643005206795465,459.9999990611926,134.9999941191884,1.0,0.9490196108818054,0.8078431487083435,calibrated_uv_reprojection_plus_stereo_left
179.63111877441406,-169.32228088378906,-638.2680053710938,184.17769116393646,65.02033449158813,-37.05283247763356,460.99999284034953,135.00000691435923,1.0,0.9607843160629272,0.772549033164978,calibrated_uv_reprojection_plus_stereo_left
180.8095703125,-169.1391143798828,-637.5437622070312,183.06808179306677,64.27822563159845,-36.52525664401304,461.999999228875,134.999997380367,1.0,0.9803921580314636,0.7882353067398071,calibrated_uv_reprojection_plus_stereo_left
181.98316955566406,-168.95413208007812,-636.8128051757812,181.95716037462876,63.54300012930992,-35.99321108840212,463.0000024167137,134.99999918838068,1.0,0.9725490212440491,0.7058823704719543,calibrated_uv_reprojection_plus_stereo_left
182.91151428222656,-168.54586791992188,-635.2404174804688,180.47655163684175,63.35324651514071,-34.89049399204214,463.9999958596268,135.00000765767555,1.0,0.9647058844566345,0.6901960968971252,calibrated_uv_reprojection_plus_stereo_left
184.28501892089844,-168.55076599121094,-635.2252197265625,179.6850714871514,62.16161916557371,-34.84411429834364,464.9999993790681,135.00000153561982,1.0,0.9450980424880981,0.6274510025978088,calibrated_uv_reprojection_plus_stereo_left
185.70384216308594,-168.59666442871094,-635.3645629882812,178.96132610725004,60.86957328847092,-34.90254491663336,466.00000617666296,135.0000018026108,0.9960784316062927,0.9254902005195618,0.5921568870544434,calibrated_uv_reprojection_plus_stereo_left
187.08273315429688,-168.60586547851562,-635.3656005859375,178.17659950648112,59.66685459216217,-34.86716403420894,466.9999956056223,135.00000249484336,1.0,0.9215686321258545,0.5960784554481506,calibrated_uv_reprojection_plus_stereo_left
188.69911193847656,-168.8273468017578,-636.16650390625,177.74082175422086,57.941817733001585,-35.374150915281746,467.9999972154874,134.99999692501717,1.0,0.9137254953384399,0.5882353186607361,calibrated_uv_reprojection_plus_stereo_left
190.08819580078125,-168.8436737060547,-636.1943359375,176.9665103740365,56.719651135434674,-35.35687993091682,469.0000009558653,134.99999721573317,1.0,0.8980392217636108,0.5764706134796143,calibrated_uv_reprojection_plus_stereo_left
191.53329467773438,-168.90911865234375,-636.4072265625,176.2723216462798,55.37570854436609,-35.4650655650762,469.99999562557434,134.9999978797703,1.0,0.8980392217636108,0.5803921818733215,calibrated_uv_reprojection_plus_stereo_left
193.02362060546875,-169.01316833496094,-636.7655029296875,175.6403901204398,53.935028464288735,-35.67177600980165,471.00000487968396,134.99999246371732,1.0,0.9019607901573181,0.5843137502670288,calibrated_uv_reprojection_plus_stereo_left
194.47549438476562,-169.08226013183594,-636.9921264648438,174.95064493891317,52.57977244787361,-35.78921079894019,471.9999955676707,135.00000417628448,1.0,0.8980392217636108,0.5803921818733215,calibrated_uv_reprojection_plus_stereo_left
195.8483123779297,-169.0820770263672,-636.9577026367188,174.14790884931023,51.39632581034641,-35.72966871658463,472.99999602148307,135.00000640561302,1.0,0.8980392217636108,0.5764706134796143,calibrated_uv_reprojection_plus_stereo_left
197.2013702392578,-169.06491088867188,-636.8592529296875,173.3176784320412,50.25533693652636,-35.626724844020146,473.9999985685954,134.9999989264693,1.0,0.9058823585510254,0.5843137502670288,calibrated_uv_reprojection_plus_stereo_left
198.64990234375,-169.12921142578125,-637.0676879882812,172.61884239133587,48.91015380156989,-35.73176104401762,474.99999932943877,134.99999430541985,1.0,0.9254902005195618,0.6000000238418579,calibrated_uv_reprojection_plus_stereo_left
200.25247192382812,-169.3227996826172,-637.7631225585938,172.12707116808224,47.238731498556945,-36.166782135309404,476.00000433876,135.00000093535732,1.0,0.95686274766922,0.6274510025978088,calibrated_uv_reprojection_plus_stereo_left
201.57888793945312,-169.28179931640625,-637.5748901367188,171.25765863796732,46.15636054056898,-36.00296189207933,477.00000677895684,134.99999887884195,1.0,0.9647058844566345,0.6470588445663452,calibrated_uv_reprojection_plus_stereo_left
202.91726684570312,-169.25128173828125,-637.4261474609375,170.40533895736178,45.04799460300279,-35.8659119228837,478.0000075322214,134.99999587815776,0.9921568632125854,0.95686274766922,0.658823549747467,calibrated_uv_reprojection_plus_stereo_left
204.21897888183594,-169.1907501220703,-637.1644287109375,169.50550350264132,44.01613045348802,-35.652343036302284,478.99999218931964,135.0000014565893,0.9607843160629272,0.9176470637321472,0.6274510025978088,calibrated_uv_reprojection_plus_stereo_left
205.51393127441406,-169.12539672851562,-636.884521484375,168.59851775148894,42.99732290917234,-35.426469335069555,480.00000224258457,134.9999968403767,0.8549019694328308,0.7529411911964417,0.49803921580314636,calibrated_uv_reprojection_plus_stereo_left
206.83595275878906,-169.08299255371094,-636.6911010742188,167.72846130458538,41.92083190009174,-35.259210310302876,480.9999963619915,135.00000100487918,0.7450980544090271,0.6352941393852234,0.3921568691730499,calibrated_uv_reprojection_plus_stereo_left
208.2166748046875,-169.08876037597656,-636.6790771484375,166.93478207915183,40.72166598226801,-35.214825233891986,481.999995181837,135.00000452555855,0.8313725590705872,0.6784313917160034,0.49803921580314636,calibrated_uv_reprojection_plus_stereo_left
209.55482482910156,-169.06005859375,-636.5372314453125,166.08676803462328,39.6107813330899,-35.082511451786274,482.99999887343165,135.00000138366715,0.8666666746139526,0.7137255072593689,0.529411792755127,calibrated_uv_reprojection_plus_stereo_left
211.09373474121094,-169.1925811767578,-637.00244140625,165.49188762658457,38.085600762322485,-35.36129817168023,483.99999895302426,135.00000662870954,0.9647058844566345,0.8823529481887817,0.6196078658103943,calibrated_uv_reprojection_plus_stereo_left
212.5562286376953,-169.2624969482422,-637.2318725585938,164.79780470670988,36.71997171662008,-35.48037261481085,484.9999947982194,135.00000699948282,0.9960784316062927,0.9019607901573181,0.6470588445663452,calibrated_uv_reprojection_plus_stereo_left
214.04042053222656,-169.3486328125,-637.5222778320312,164.12828594190057,35.31138617530968,-35.64069041498351,486.0000019144892,134.9999962427238,1.0,0.8901960849761963,0.6039215922355652,calibrated_uv_reprojection_plus_stereo_left
215.47952270507812,-169.39816284179688,-637.6749267578125,163.40104142952123,33.99641648558628,-35.70771862138207,486.99999711194073,135.000000339593,1.0,0.8941176533699036,0.6000000238418579,calibrated_uv_reprojection_plus_stereo_left
216.97030639648438,-169.4873809814453,-637.9769287109375,162.73477689386806,32.577519334772546,-35.875825529430415,487.9999999128656,135.00000103119186,1.0,0.9098039269447327,0.6274510025978088,calibrated_uv_reprojection_plus_stereo_left
218.44866943359375,-169.5657958984375,-638.2382202148438,162.05094430689712,31.18549569656517,-36.016334799653634,488.99999220691524,134.99999964879999,0.9529411792755127,0.8509804010391235,0.572549045085907,calibrated_uv_reprojection_plus_stereo_left
220.0922393798828,-169.7705841064453,-638.9751586914062,161.5609456735254,29.461966292005286,-36.47874828934033,489.9999999644315,135.0000064149794,0.8078431487083435,0.6980392336845398,0.4627451002597809,calibrated_uv_reprojection_plus_stereo_left
221.91171264648438,-170.10763549804688,-640.209716796875,161.27201338153105,27.388931654708642,-37.27783970389589,491.0000032045141,134.99999827842421,0.6392157077789307,0.5254902243614197,0.3176470696926117,calibrated_uv_reprojection_plus_stereo_left
122.13224792480469,-127.88711547851562,-486.3663635253906,124.20599266707514,175.4529194025991,65.08835768904487,447.00000096433786,135.99999924402528,1.0,0.6549019813537598,0.6196078658103943,calibrated_uv_reprojection_plus_stereo_left
123.54432678222656,-128.26744079589844,-487.7870788574219,124.25948453642987,173.6630337429454,64.14931679142944,447.99999686024694,135.99999615262666,1.0,0.6784313917160034,0.6352941393852234,calibrated_uv_reprojection_plus_stereo_left
124.68372344970703,-128.36056518554688,-488.11553955078125,123.80879155532786,172.5404228787952,63.95345995965073,449.0000050514229,136.00000198971793,1.0,0.7137255072593689,0.6352941393852234,calibrated_uv_reprojection_plus_stereo_left
125.92684173583984,-128.55799865722656,-488.8405456542969,123.53846056753689,171.1714336698924,63.487917110401554,450.00000113018564,135.99999509864938,1.0,0.7490196228027344,0.6666666865348816,calibrated_uv_reprojection_plus_stereo_left
127.35987854003906,-128.9443817138672,-490.283935546875,123.59370388489235,169.35435893512727,62.533846797022306,451.0000025563777,135.99999401734794,1.0,0.8117647171020508,0.7058823704719543,calibrated_uv_reprojection_plus_stereo_left
129.4826202392578,-130.01690673828125,-494.3359680175781,124.83117106776753,165.9101076118779,59.805812829025626,452.000009307514,135.99999924347685,1.0,0.8549019694328308,0.7490196228027344,calibrated_uv_reprojection_plus_stereo_left
148.95718383789062,-148.35342407226562,-564.0233154296875,155.8153072673432,121.52629026935801,12.443632493794041,453.00000319682795,135.9999934384569,1.0,0.9254902005195618,0.8039215803146362,calibrated_uv_reprojection_plus_stereo_left
169.5379638671875,-167.4863739013672,-636.7311401367188,187.99308088168533,74.9901879582041,-36.96453333068763,453.99999703475476,135.999995720619,1.0,0.9529411792755127,0.8274509906768799,calibrated_uv_reprojection_plus_stereo_left
172.16287231445312,-168.7161102294922,-641.3724365234375,189.3003056143969,70.87637110147,-40.08423205649672,455.00000468614263,135.99999885218463,1.0,0.9960784316062927,0.843137264251709,calibrated_uv_reprojection_plus_stereo_left
172.92385864257812,-168.11416625976562,-639.0504760742188,187.464846173667,71.12594544336457,-38.469289749817904,455.99999932021143,135.99999862869225,1.0,1.0,0.8470588326454163,calibrated_uv_reprojection_plus_stereo_left
174.3062744140625,-168.1210174560547,-639.0428466796875,186.67279984059718,69.92360597837074,-38.42791819579617,457.0000065980495,135.99999988328648,1.0,0.9921568632125854,0.8470588326454163,calibrated_uv_reprojection_plus_stereo_left
175.70921325683594,-168.14735412597656,-639.1093139648438,185.91379534776598,68.67423872978833,-38.436915550234175,457.999994437347,136.00000848024308,1.0,0.9725490212440491,0.8274509906768799,calibrated_uv_reprojection_plus_stereo_left
177.09164428710938,-168.15374755859375,-639.0999145507812,185.12067504877132,67.47258005730765,-38.394325276469715,458.99999277568725,136.0000062989542,0.9764705896377563,0.9372549057006836,0.7882353067398071,calibrated_uv_reprojection_plus_stereo_left
177.362060546875,-167.1122283935547,-635.10791015625,182.55628732856746,68.80660938085771,-35.64497670088463,459.99999671694786,135.99999988597222,0.9764705896377563,0.9411764740943909,0.7921568751335144,calibrated_uv_reprojection_plus_stereo_left
178.77854919433594,-167.1581573486328,-635.2489624023438,181.83460904468944,67.51609255570787,-35.704848398859326,461.0000001439929,135.9999984374552,1.0,0.9686274528503418,0.7843137383460999,calibrated_uv_reprojection_plus_stereo_left
180.1537322998047,-167.1649932861328,-635.241455078125,181.0467555769922,66.32001167342128,-35.663750185983474,462.00000608112776,136.00000034082439,1.0,0.9686274528503418,0.7843137383460999,calibrated_uv_reprojection_plus_stereo_left
181.32058715820312,-166.97984313964844,-634.50439453125,179.93707032252576,65.59246005142143,-35.12693276485305,462.9999945569629,135.99999757082065,1.0,0.9843137264251709,0.772549033164978,calibrated_uv_reprojection_plus_stereo_left
182.4951171875,-166.8043975830078,-633.8043212890625,178.84533821041265,64.84367594226165,-34.6153283686881,463.99999134353675,136.00000264472862,1.0,0.9686274528503418,0.7568627595901489,calibrated_uv_reprojection_plus_stereo_left
183.87628173828125,-166.81895446777344,-633.826171875,178.0718114899339,63.63083083944093,-34.594235687078424,465.00000784529914,135.99999693666896,1.0,0.9607843160629272,0.6823529601097107,calibrated_uv_reprojection_plus_stereo_left
185.36265563964844,-166.92799377441406,-634.20703125,177.4551153771767,62.18508200717292,-34.817018249031605,466.0000061221896,136.00000089134028,1.0,0.9529411792755127,0.6666666865348816,calibrated_uv_reprojection_plus_stereo_left
186.84677124023438,-167.0333709716797,-634.5739135742188,176.8312700260733,60.746796437174,-35.03025580772277,466.99999995705605,136.00000112435313,1.0,0.9333333373069763,0.615686297416687,calibrated_uv_reprojection_plus_stereo_left
188.04075622558594,-166.87966918945312,-633.95654296875,175.77839622824712,59.94852501092117,-34.57495177065641,468.0000011457218,136.00000178154994,1.0,0.9215686321258545,0.5921568870544434,calibrated_uv_reprojection_plus_stereo_left
189.50653076171875,-166.9676055908203,-634.257080078125,175.12495010732886,58.552314485998124,-34.743085646416205,469.0000034453406,135.99999097286621,1.0,0.8941176533699036,0.5764706134796143,calibrated_uv_reprojection_plus_stereo_left
190.94541931152344,-167.0306854248047,-634.4632568359375,174.4298258729998,57.21666241871719,-34.847114786498196,470.00000346796594,135.9999982716388,1.0,0.8901960849761963,0.572549045085907,calibrated_uv_reprojection_plus_stereo_left
192.4542694091797,-167.15359497070312,-634.8966064453125,173.8320269906302,55.73067157976692,-35.10536315609062,470.9999985550741,135.99999579352914,1.0,0.8980392217636108,0.5803921818733215,calibrated_uv_reprojection_plus_stereo_left
194.04005432128906,-167.34104919433594,-635.5750732421875,173.33840207600866,54.08121342106898,-35.529985072920795,471.99999943946074,135.99999761343764,1.0,0.8980392217636108,0.5803921818733215,calibrated_uv_reprojection_plus_stereo_left
195.4037628173828,-167.3356475830078,-635.52099609375,172.52897054987733,52.91344781481706,-35.4571927507198,473.00000095835924,135.99999489805282,1.0,0.9019607901573181,0.5843137502670288,calibrated_uv_reprojection_plus_stereo_left
196.779296875,-167.34031677246094,-635.5051879882812,171.73590541096985,51.720324997187504,-35.41038305025069,474.0000020134031,135.9999965738868,1.0,0.9019607901573181,0.5843137502670288,calibrated_uv_reprojection_plus_stereo_left
198.18165588378906,-167.36752319335938,-635.574951171875,170.97923015418525,50.4701622337559,-35.421653424196506,475.00000291271726,135.9999963303901,1.0,0.9137254953384399,0.5960784554481506,calibrated_uv_reprojection_plus_stereo_left
199.43556213378906,-167.26979064941406,-635.1702880859375,170.02065495525773,49.536001135513004,-35.11090235247008,476.00000130148646,135.99999886922234,1.0,0.9254902005195618,0.6078431606292725,calibrated_uv_reprojection_plus_stereo_left
200.86912536621094,-167.32298278808594,-635.3387451171875,169.305791897576,48.21982349329892,-35.18915737881861,477.00000413794385,136.0000032612361,1.0,0.9411764740943909,0.6274510025978088,calibrated_uv_reprojection_plus_stereo_left
202.25619506835938,-167.33694458007812,-635.3582153320312,168.52745634542163,47.00277015006316,-35.16628073008354,477.99999995087927,136.0000054859902,1.0,0.9647058844566345,0.6549019813537598,calibrated_uv_reprojection_plus_stereo_left
203.6033477783203,-167.31785583496094,-635.252197265625,167.69608815717686,45.869867795307925,-35.05824435680631,479.000000658414,136.00000797304676,0.9960784316062927,0.9607843160629272,0.658823549747467,calibrated_uv_reprojection_plus_stereo_left
205.0474853515625,-167.37814331054688,-635.447509765625,166.99142396710823,44.533905825892134,-35.15466636468642,480.00000154203474,136.00000552152633,0.9843137264251709,0.9372549057006836,0.6549019813537598,calibrated_uv_reprojection_plus_stereo_left
206.44461059570312,-167.3994598388672,-635.494873046875,166.22420309439798,43.29711596099236,-35.15068736418539,480.9999943875091,136.0000070892082,0.9176470637321472,0.8156862854957581,0.5411764979362488,calibrated_uv_reprojection_plus_stereo_left
207.8426513671875,-167.42117309570312,-635.543701171875,165.45735110951784,42.05894848385276,-35.14768656164358,482.00000075194987,136.00000276222949,0.7686274647712708,0.6392157077789307,0.4156862795352936,calibrated_uv_reprojection_plus_stereo_left
209.2899627685547,-167.4819793701172,-635.740966796875,164.75204960065582,40.719456106695645,-35.24537343262125,482.9999925348054,136.00000904854966,0.8509804010391235,0.7176470756530762,0.4941176474094391,calibrated_uv_reprojection_plus_stereo_left
210.6232452392578,-167.4512939453125,-635.5908203125,163.90195538800003,39.615990244924205,-35.107373333877206,484.0000037584826,135.99999362426286,0.8392156958580017,0.6823529601097107,0.5098039507865906,calibrated_uv_reprojection_plus_stereo_left
212.12875366210938,-167.55699157714844,-635.9584350585938,163.26636091151403,38.15876732079977,-35.32055893788447,484.9999890841592,135.99999962280248,0.9607843160629272,0.8235294222831726,0.6549019813537598,calibrated_uv_reprojection_plus_stereo_left
213.5560760498047,-167.5998992919922,-636.087646484375,162.53136500320102,36.86345913530755,-35.37201153059499,486.0000047706412,135.99999534649942,0.9882352948188782,0.8901960849761963,0.615686297416687,calibrated_uv_reprojection_plus_stereo_left
214.92991638183594,-167.6005096435547,-636.056396484375,161.72993170056225,35.67789058641955,-35.31464481020021,486.999995100874,136.00000612971326,1.0,0.9137254953384399,0.6313725709915161,calibrated_uv_reprojection_plus_stereo_left
216.63494873046875,-167.85768127441406,-636.9986572265625,161.32767145946832,33.820719262774446,-35.91735342487249,488.00001245147155,135.99999685901798,1.0,0.9098039269447327,0.6235294342041016,calibrated_uv_reprojection_plus_stereo_left
218.00059509277344,-167.8502655029297,-636.9368286132812,160.51245518957342,32.654312528353444,-35.839186064917214,489.000002825255,135.99999474930829,1.0,0.9098039269447327,0.615686297416687,calibrated_uv_reprojection_plus_stereo_left
219.5504608154297,-167.98382568359375,-637.4099731445312,159.91531283888128,31.116915739643332,-36.123705268170454,489.9999996887395,136.00000084414495,1.0,0.8823529481887817,0.6039215922355652,calibrated_uv_reprojection_plus_stereo_left
221.2473602294922,-168.22747802734375,-638.3007202148438,159.48657784286587,29.28709475536317,-36.6912420052671,491.00000449867605,135.99999510738127,0.9019607901573181,0.7921568751335144,0.5176470875740051,calibrated_uv_reprojection_plus_stereo_left
223.09613037109375,-168.58282470703125,-639.6151733398438,159.22716274385067,27.15824182621668,-37.54587487120557,492.00000206670063,135.99999494182165,0.6941176652908325,0.6117647290229797,0.38823530077934265,calibrated_uv_reprojection_plus_stereo_left
122.09037017822266,-126.80341339111328,-486.2088928222656,123.36936733080016,175.9814476744914,64.65998899629926,446.9999949424852,137.00000231385025,1.0,0.6352941393852234,0.6078431606292725,calibrated_uv_reprojection_plus_stereo_left
123.43019104003906,-127.10653686523438,-487.3456115722656,123.29069067380205,174.3672829969787,63.912853864188946,448.00000072873615,137.00000303656765,1.0,0.6470588445663452,0.6117647290229797,calibrated_uv_reprojection_plus_stereo_left
124.54569244384766,-127.17545318603516,-487.5842590332031,122.79895109129599,173.3010655054922,63.77776916873199,449.00000505160847,137.00000132265654,1.0,0.6509804129600525,0.6039215922355652,calibrated_uv_reprojection_plus_stereo_left
125.67472839355469,-127.25688171386719,-487.870849609375,122.3283738580448,172.2042368281662,63.61005078664016,450.00000018733556,137.000000403535,1.0,0.6666666865348816,0.615686297416687,calibrated_uv_reprojection_plus_stereo_left
126.8975601196289,-127.43109893798828,-488.51312255859375,122.01856827436792,170.8860741400606,63.200057907795895,450.9999960114758,137.00000111502283,1.0,0.7019608020782471,0.6470588445663452,calibrated_uv_reprojection_plus_stereo_left
128.46554565429688,-127.94615173339844,-490.46185302734375,122.29893985480011,168.7543739442919,61.90018742869529,452.0000051486122,136.9999989782472,1.0,0.7333333492279053,0.6745098233222961,calibrated_uv_reprojection_plus_stereo_left
129.5814666748047,-128.00621032714844,-490.6663513183594,121.78638909105673,167.7011929444887,61.78860510051942,452.9999901595712,137.0000053497949,1.0,0.800000011920929,0.7176470756530762,calibrated_uv_reprojection_plus_stereo_left
132.49276733398438,-129.82444763183594,-497.60980224609375,124.30952378034833,162.43854887293003,57.08725405793024,454.00000255884856,137.0000064329891,1.0,0.8470588326454163,0.7647058963775635,calibrated_uv_reprojection_plus_stereo_left
158.50262451171875,-154.0654296875,-590.4931030273438,165.43037725230016,103.31724972158071,-6.140791604357673,454.9999999795832,137.0000022066074,1.0,0.9137254953384399,0.800000011920929,calibrated_uv_reprojection_plus_stereo_left
172.5306854248047,-166.3670196533203,-637.6084594726562,185.81368815090832,72.60021905953306,-38.191647707821346,455.99999974827904,137.00000350138805,1.0,0.9411764740943909,0.8274509906768799,calibrated_uv_reprojection_plus_stereo_left
174.4171600341797,-166.8589630126953,-639.4602661132812,185.85425644659392,70.22886450651896,-39.41651934412482,457.0000069077354,137.0000015881081,1.0,0.9960784316062927,0.8549019694328308,calibrated_uv_reprojection_plus_stereo_left
175.8181915283203,-166.88238525390625,-639.5164184570312,185.08995858615117,68.98530175785419,-39.4185868897988,458.00000562530107,136.9999964328885,1.0,0.9882352948188782,0.8470588326454163,calibrated_uv_reprojection_plus_stereo_left
177.16888427734375,-166.85797119140625,-639.3892822265625,184.24394842364575,67.85754673856081,-39.29586319399988,458.99999963927405,136.99999660740667,0.9960784316062927,0.9686274528503418,0.8196078538894653,calibrated_uv_reprojection_plus_stereo_left
177.4393768310547,-165.82437133789062,-635.3952026367188,181.68447769030593,69.18883414573327,-36.540740369063656,460.000004373985,136.999993404171,0.9764705896377563,0.9411764740943909,0.7921568751335144,calibrated_uv_reprojection_plus_stereo_left
178.79159545898438,-165.80970764160156,-635.3057250976562,180.86026241927908,68.04498151909081,-36.443898027611,460.99999024589755,137.0000088953549,0.9686274528503418,0.9176470637321472,0.7490196228027344,calibrated_uv_reprojection_plus_stereo_left
180.1847381591797,-165.83287048339844,-635.361083984375,180.09997786864272,66.80860973854459,-36.44562749855072,461.9999953303522,137.00000652197653,0.9882352948188782,0.9372549057006836,0.7686274647712708,calibrated_uv_reprojection_plus_stereo_left
181.3509063720703,-165.64830017089844,-634.6205444335938,178.9896798138687,66.08240863715082,-35.905670939561276,463.0000096438506,136.99999763850911,1.0,0.9607843160629272,0.7686274647712708,calibrated_uv_reprojection_plus_stereo_left
182.59384155273438,-165.53604125976562,-634.1571655273438,178.00255382499125,65.1805360345806,-35.55441581265063,463.9999985496195,137.00000160719281,1.0,0.9843137264251709,0.7921568751335144,calibrated_uv_reprojection_plus_stereo_left
183.80442810058594,-165.39627075195312,-633.58837890625,176.970387014391,64.34821888957157,-35.13147265222864,465.0000091074562,136.99999385567563,1.0,0.9686274528503418,0.7372549176216125,calibrated_uv_reprojection_plus_stereo_left
185.19482421875,-165.4191131591797,-633.6426391601562,176.2109920319079,63.11468039977012,-35.132527300233846,465.99999710618965,137.00000492201337,1.0,0.9607843160629272,0.7215686440467834,calibrated_uv_reprojection_plus_stereo_left
186.56454467773438,-165.42323303222656,-633.6251220703125,175.42015840537323,61.927325573134965,-35.084729217969766,466.99999422548063,137.00000585185484,1.0,0.9647058844566345,0.6509804129600525,calibrated_uv_reprojection_plus_stereo_left
187.71673583984375,-165.2357635498047,-632.873779296875,174.3113088222326,61.21755383632649,-34.53770981514231,467.99998866982423,137.0000046396197,1.0,0.9411764740943909,0.615686297416687,calibrated_uv_reprojection_plus_stereo_left
189.2758026123047,-165.40647888183594,-633.4943237304688,173.79687886225202,59.61475913013646,-34.923975697564686,469.0000074080273,137.0000021415346,1.0,0.9215686321258545,0.5960784554481506,calibrated_uv_reprojection_plus_stereo_left
190.68360900878906,-165.4434814453125,-633.6027221679688,173.06018218263125,58.34479231728159,-34.961816258315025,470.00000153248317,137.0000008767884,1.0,0.9176470637321472,0.5960784554481506,calibrated_uv_reprojection_plus_stereo_left
192.10118103027344,-165.48831176757812,-633.7410888671875,172.33596878983838,57.05455354831025,-35.02002223356055,470.9999958723771,137.00000118498744,1.0,0.9098039269447327,0.5921568870544434,calibrated_uv_reprojection_plus_stereo_left
193.70733642578125,-165.69375610351562,-634.4944458007812,171.87470204279856,55.35859084531762,-35.496436337304715,472.0000039812347,136.99999532839973,1.0,0.9058823585510254,0.5882353186607361,calibrated_uv_reprojection_plus_stereo_left
195.13894653320312,-165.74801635742188,-634.6688232421875,171.16418358083757,54.04198055749737,-35.579049100016846,473.0000034058502,136.9999907017379,1.0,0.9019607901573181,0.5843137502670288,calibrated_uv_reprojection_plus_stereo_left
196.47686767578125,-165.72242736816406,-634.5375366210938,170.32293598878618,52.92699683369136,-35.45381251998691,473.99999387912294,137.00000432398681,1.0,0.9019607901573181,0.5843137502670288,calibrated_uv_reprojection_plus_stereo_left
197.87832641601562,-165.7503662109375,-634.6111450195312,169.5688994042426,51.67621699222303,-35.46788488211831,474.999990472797,137.00000714859277,1.0,0.9058823585510254,0.5921568870544434,calibrated_uv_reprojection_plus_stereo_left
199.19090270996094,-165.7039337158203,-634.39990234375,168.69396850875847,50.61468511649241,-35.28827551626267,476.00000511936616,136.9999896921629,1.0,0.9098039269447327,0.5921568870544434,calibrated_uv_reprojection_plus_stereo_left
200.58277893066406,-165.7235870361328,-634.4417724609375,167.92627827545067,49.38471211990691,-35.28075990904529,477.00000789742694,136.99999103074248,1.0,0.9137254953384399,0.5960784554481506,calibrated_uv_reprojection_plus_stereo_left
202.01010131835938,-165.77200317382812,-634.5938110351562,167.20472962990345,48.08061605528559,-35.34812828664502,477.99999839787574,137.00000583409314,1.0,0.9372549057006836,0.6078431606292725,calibrated_uv_reprojection_plus_stereo_left
203.41107177734375,-165.79824829101562,-634.6608276367188,166.4470146226971,46.83284086368525,-35.35766874704427,479.0000074252231,136.9999954321752,1.0,0.9607843160629272,0.6431372761726379,calibrated_uv_reprojection_plus_stereo_left
204.96270751953125,-165.94607543945312,-635.1932983398438,165.88376822062338,45.271086602889056,-35.68353671908261,479.99999534510187,137.0000012982759,1.0,0.9607843160629272,0.658823549747467,calibrated_uv_reprojection_plus_stereo_left
206.336669921875,-165.948974609375,-635.1709594726562,165.0876159644987,44.08192424031881,-35.63230918694319,481.0000054236841,137.00000051386806,0.9960784316062927,0.9529411792755127,0.658823549747467,calibrated_uv_reprojection_plus_stereo_left
207.73684692382812,-165.97274780273438,-635.228515625,164.32464477632976,42.83855880950421,-35.63536876814953,481.99999541570924,137.00000084755078,0.9725490212440491,0.8705882430076599,0.5960784554481506,calibrated_uv_reprojection_plus_stereo_left
209.19351196289062,-166.04098510742188,-635.4561767578125,163.63194780133898,41.479194375355064,-35.75398513063436,483.000004935271,136.99999123616283,0.8509804010391235,0.7372549176216125,0.47843137383461,calibrated_uv_reprojection_plus_stereo_left
210.41937255859375,-165.92626953125,-634.9837646484375,162.64910322603174,40.595755964655496,-35.39696414505272,484.0000013133258,137.00000044302942,0.8078431487083435,0.6470588445663452,0.4941176474094391,calibrated_uv_reprojection_plus_stereo_left
211.8673858642578,-165.98704528808594,-635.1829223632812,161.94415551890813,39.2551260355786,-35.49620443628572,484.9999920103278,137.00000430205358,0.8274509906768799,0.6705882549285889,0.5098039507865906,calibrated_uv_reprojection_plus_stereo_left
213.38229370117188,-166.09906005859375,-635.5780639648438,161.3191397463604,37.77926961576958,-35.728534990036735,485.9999959753095,136.9999975109372,0.929411768913269,0.7843137383460999,0.5411764979362488,calibrated_uv_reprojection_plus_stereo_left
214.77073669433594,-166.1117706298828,-635.59326171875,160.537336904545,36.562758182429945,-35.70276121215193,486.9999916429014,137.0000041367128,0.9725490212440491,0.8941176533699036,0.6509804129600525,calibrated_uv_reprojection_plus_stereo_left
216.5145263671875,-166.39736938476562,-636.6524658203125,160.18186058326665,34.62679047450331,-36.38601414585577,488.00000162593176,136.9999948741558,0.9960784316062927,0.9254902005195618,0.6470588445663452,calibrated_uv_reprojection_plus_stereo_left
217.73825073242188,-166.28213500976562,-636.1781005859375,159.19905742413704,33.74598052111031,-36.02770458921884,489.0000042291895,137.0000033432018,1.0,0.9019607901573181,0.615686297416687,calibrated_uv_reprojection_plus_stereo_left
219.05751037597656,-166.24082946777344,-635.9865112304688,158.33214809398135,32.670914365133854,-35.86144793105552,489.99999955233613,136.9999930348738,1.0,0.886274516582489,0.5921568870544434,calibrated_uv_reprojection_plus_stereo_left
220.65554809570312,-166.4102020263672,-636.6010131835938,157.79186186205112,31.036522071288346,-36.24255111615611,490.9999925075057,137.00000731188678,1.0,0.9137254953384399,0.615686297416687,calibrated_uv_reprojection_plus_stereo_left
222.15231323242188,-166.5015411376953,-636.9168090820312,157.12940117350945,29.607613447335552,-36.42075931513284,492.00000323164056,136.99999582450897,0.9254902005195618,0.8470588326454163,0.572549045085907,calibrated_uv_reprojection_plus_stereo_left
224.32321166992188,-167.09384155273438,-639.1488647460938,157.2369379905927,26.839083666126044,-37.899835824647994,493.00000792762285,136.99999889527288,0.7607843279838562,0.658823549747467,0.40392157435417175,calibrated_uv_reprojection_plus_stereo_left
226.92503356933594,-167.9978790283203,-642.5730590820312,157.8169389384134,23.22709345424181,-40.18790046458878,493.9999981128344,137.00000559547783,0.5215686559677124,0.43921568989753723,0.24705882370471954,calibrated_uv_reprojection_plus_stereo_left
123.392333984375,-126.02542877197266,-487.205322265625,122.46073786864493,174.8863422493297,63.47180031564551,448.0000012477624,137.99999897632074,1.0,0.6509804129600525,0.615686297416687,calibrated_uv_reprojection_plus_stereo_left
124.4691162109375,-126.05484008789062,-487.2935791015625,121.90028100118126,173.91300504316882,63.4390366361834,448.99999868332986,138.00000490243946,1.0,0.6470588445663452,0.6078431606292725,calibrated_uv_reprojection_plus_stereo_left
125.53849792480469,-126.07627868652344,-487.3509826660156,121.32551156721506,172.9581962744722,63.427344710603904,449.9999998084541,138.0000055474368,1.0,0.6431372761726379,0.6117647290229797,calibrated_uv_reprojection_plus_stereo_left
126.71424865722656,-126.20325469970703,-487.8162841796875,120.93516166169361,171.75096098568667,63.13733560282242,451.000005142501,137.9999992134724,1.0,0.6392157077789307,0.615686297416687,calibrated_uv_reprojection_plus_stereo_left
128.4385223388672,-126.86992645263672,-490.3675537109375,121.48529339198386,169.2488753801174,61.424122963400805,451.9999954492657,138.0000005797808,1.0,0.6549019813537598,0.6235294342041016,calibrated_uv_reprojection_plus_stereo_left
129.50808715820312,-126.88423156738281,-490.3971862792969,120.89374187745265,168.30477686719996,61.43157604716083,453.00000100910216,137.99999651314346,1.0,0.686274528503418,0.6509804129600525,calibrated_uv_reprojection_plus_stereo_left
130.59120178222656,-126.91141510009766,-490.47662353515625,120.32437962899844,167.329371497542,61.40505520585492,454.0000050886689,138.00000234505836,1.0,0.7254902124404907,0.6823529601097107,calibrated_uv_reprojection_plus_stereo_left
131.63522338867188,-126.90044403076172,-490.4085693359375,119.68870058759423,166.44578672275264,61.47915978398987,454.99999977961284,138.00000068285766,1.0,0.7960784435272217,0.729411780834198,calibrated_uv_reprojection_plus_stereo_left
142.3268585205078,-136.1162109375,-525.9955444335938,134.97371626611783,143.1925472570013,37.23388419386691,455.9999999131536,138.0000062638902,1.0,0.8470588326454163,0.772549033164978,calibrated_uv_reprojection_plus_stereo_left
170.1142578125,-161.40724182128906,-623.6953125,177.82864209837987,80.71817293467092,-29.36938178545938,457.0000026207795,137.99999695334378,1.0,0.9176470637321472,0.8078431487083435,calibrated_uv_reprojection_plus_stereo_left
175.56524658203125,-165.2749481201172,-638.607177734375,183.68030394179488,70.1279750695262,-39.50348279270332,457.999994413542,138.00000282476663,1.0,0.95686274766922,0.8392156958580017,calibrated_uv_reprojection_plus_stereo_left
177.21621704101562,-165.53298950195312,-639.57080078125,183.3185294880791,68.31134232342055,-40.12452252844952,458.99999138675673,138.0000097479801,1.0,0.9960784316062927,0.843137264251709,calibrated_uv_reprojection_plus_stereo_left
177.6158905029297,-164.627197265625,-636.0377807617188,180.96862776654297,69.34601158802803,-37.67941108096886,460.000001357276,138.00000511961713,0.9960784316062927,0.9803921580314636,0.8274509906768799,calibrated_uv_reprojection_plus_stereo_left
178.8084259033203,-164.4644775390625,-635.3758544921875,179.89161235699953,68.56543761365725,-37.19218390200092,460.9999970595769,138.00000340456987,0.9960784316062927,0.9647058844566345,0.7882353067398071,calibrated_uv_reprojection_plus_stereo_left
180.08743286132812,-164.3831024169922,-635.0281982421875,178.95411388651968,67.58643774690137,-36.919269963122815,461.9999979381158,137.9999947966616,0.9529411792755127,0.9215686321258545,0.7450980544090271,calibrated_uv_reprojection_plus_stereo_left
181.43060302734375,-164.3610076904297,-634.9096069335938,178.1176467445676,66.46182608998959,-36.802543718085076,463.0000010001862,137.99999371777176,1.0,0.9647058844566345,0.7843137383460999,calibrated_uv_reprojection_plus_stereo_left
182.56643676757812,-164.1527557373047,-634.0719604492188,176.96738260824276,65.79948015221441,-36.19570213899567,464.00000596680906,137.99999379189848,1.0,0.9411764740943909,0.7607843279838562,calibrated_uv_reprojection_plus_stereo_left
183.74168395996094,-163.9827117919922,-633.3820190429688,175.88337844269728,65.04495207053168,-35.689626648626756,465.0000022127791,138.00000225146704,1.0,0.9686274528503418,0.7568627595901489,calibrated_uv_reprojection_plus_stereo_left
185.02285766601562,-163.90896606445312,-633.0640258789062,174.96245600339148,64.05245465909991,-35.43710304541395,465.9999998338775,138.00000109169582,1.0,0.9764705896377563,0.7607843279838562,calibrated_uv_reprojection_plus_stereo_left
186.2786102294922,-163.8138885498047,-632.6636352539062,174.00652992985965,63.11437367858349,-35.12845436480103,467.00000414369947,137.999992264124,1.0,0.9725490212440491,0.6901960968971252,calibrated_uv_reprojection_plus_stereo_left
187.31735229492188,-163.53067016601562,-631.5367431640625,172.7378390773439,62.64991148554549,-34.32481556435971,468.00000952313826,137.99999109986652,1.0,0.9686274528503418,0.6745098233222961,calibrated_uv_reprojection_plus_stereo_left
188.82142639160156,-163.65480041503906,-631.9830322265625,172.14900908581382,61.16387563948683,-34.593171805174734,469.00000373697367,137.99999306068082,1.0,0.9450980424880981,0.6313725709915161,calibrated_uv_reprojection_plus_stereo_left
190.3135223388672,-163.76678466796875,-632.3823852539062,171.5388066189202,59.706659518505944,-34.829497677262,469.9999976674748,137.99999831805448,1.0,0.9333333373069763,0.615686297416687,calibrated_uv_reprojection_plus_stereo_left
191.75416564941406,-163.83316040039062,-632.6055297851562,170.8520837170417,58.363279463602225,-34.945727433510456,471.00000260706776,137.9999932760127,1.0,0.9176470637321472,0.6000000238418579,calibrated_uv_reprojection_plus_stereo_left
193.3597412109375,-164.0384521484375,-633.3651123046875,170.39360214528494,56.66610697585406,-35.42734561267645,471.9999959146857,138.00000740845428,1.0,0.9019607901573181,0.5843137502670288,calibrated_uv_reprojection_plus_stereo_left
194.73988342285156,-164.05091857910156,-633.3800048828125,169.61626154254458,55.45699898624076,-35.40163631022955,473.0000039289968,137.99999670116975,1.0,0.8941176533699036,0.5764706134796143,calibrated_uv_reprojection_plus_stereo_left
196.14920043945312,-164.08755493164062,-633.48828125,168.8783780930114,54.18590499325188,-35.439530243345416,474.0000008240652,138.00000082835362,1.0,0.8980392217636108,0.5803921818733215,calibrated_uv_reprojection_plus_stereo_left
197.5515594482422,-164.1178436279297,-633.572021484375,168.12972323814478,52.93048130117597,-35.460695096293875,475.0000059258243,138.00000219552908,1.0,0.9019607901573181,0.5843137502670288,calibrated_uv_reprojection_plus_stereo_left
199.00718688964844,-164.19163513183594,-633.8236694335938,167.4515806939237,51.562881080096815,-35.59617975205424,475.9999923095314,138.0000013684658,1.0,0.9019607901573181,0.5843137502670288,calibrated_uv_reprojection_plus_stereo_left
200.31739807128906,-164.1451873779297,-633.6111450195312,166.57746897216344,50.50377722496847,-35.41557970438947,476.9999990916251,137.99999886285525,1.0,0.9098039269447327,0.5843137502670288,calibrated_uv_reprojection_plus_stereo_left
201.7346954345703,-164.1864776611328,-633.7373046875,165.8457858017498,49.21872186662864,-35.465586177998034,477.9999965997556,137.9999982182446,1.0,0.9176470637321472,0.5882353186607361,calibrated_uv_reprojection_plus_stereo_left
203.16555786132812,-164.2381134033203,-633.9033813476562,165.13035046564863,47.906213543253955,-35.542747720977104,479.0000029541733,137.9999986469486,1.0,0.929411768913269,0.6039215922355652,calibrated_uv_reprojection_plus_stereo_left
204.8153076171875,-164.46478271484375,-634.7449340820312,164.69596010438767,46.138426243441415,-36.07968812092287,480.0000063215622,137.99999218419555,1.0,0.9607843160629272,0.6470588445663452,calibrated_uv_reprojection_plus_stereo_left
206.237548828125,-164.5069122314453,-634.874267578125,163.96336117544536,44.84782124231174,-36.13175683782606,480.9999975922273,137.99999711818054,1.0,0.9647058844566345,0.6509804129600525,calibrated_uv_reprojection_plus_stereo_left
207.64520263671875,-164.536865234375,-634.9566040039062,163.21084074092812,43.5883341186356,-36.15182036028489,481.99999438471934,138.00000425133214,1.0,0.9607843160629272,0.6509804129600525,calibrated_uv_reprojection_plus_stereo_left
209.0630340576172,-164.5743865966797,-635.068115234375,162.4700496821186,42.308550403483025,-36.19172155884257,482.9999937138185,138.00000824035402,0.9647058844566345,0.8980392217636108,0.6039215922355652,calibrated_uv_reprojection_plus_stereo_left
210.2406005859375,-164.42347717285156,-634.4524536132812,161.42935963913135,41.52291102281458,-35.73676157137879,483.9999958274965,137.9999993732024,0.8156862854957581,0.6941176652908325,0.46666666865348816,calibrated_uv_reprojection_plus_stereo_left
211.66159057617188,-164.46360778808594,-634.573974609375,160.6927935564812,40.23644818767235,-35.78347015684409,485.00000097954495,137.99999154243378,0.8078431487083435,0.6784313917160034,0.45490196347236633,calibrated_uv_reprojection_plus_stereo_left
213.14405822753906,-164.5506134033203,-634.8764038085938,160.02985621440484,38.825570953395356,-35.9532545631821,486.0000073640821,137.99999718357475,0.8117647171020508,0.6549019813537598,0.47843137383461,calibrated_uv_reprojection_plus_stereo_left
214.56004333496094,-164.58547973632812,-634.9776000976562,159.2839272247852,37.55143164263313,-35.9860912980439,487.00000375810174,137.999995057847,0.886274516582489,0.729411780834198,0.5529412031173706,calibrated_uv_reprojection_plus_stereo_left
216.28085327148438,-164.85218811035156,-635.9732055664062,158.90158094174154,35.661385517674205,-36.62734671504052,488.00000232536706,137.99999591366446,0.9490196108818054,0.8627451062202454,0.6117647290229797,calibrated_uv_reprojection_plus_stereo_left
217.53477478027344,-164.76185607910156,-635.5913696289062,157.9578336980215,34.717642516748924,-36.33153906291437,489.0000020788531,137.99999683726105,0.9921568632125854,0.9058823585510254,0.6470588445663452,calibrated_uv_reprojection_plus_stereo_left
218.7777557373047,-164.66436767578125,-635.1820068359375,157.00377655017166,33.79421897783425,-36.01705281074868,489.99999545064173,138.00000596051743,1.0,0.8941176533699036,0.6078431606292725,calibrated_uv_reprojection_plus_stereo_left
220.27906799316406,-164.7612762451172,-635.5224609375,156.35295067342577,32.35202204135908,-36.212545200958914,490.99999407272753,138.0000046505475,1.0,0.8901960849761963,0.5921568870544434,calibrated_uv_reprojection_plus_stereo_left
221.7093048095703,-164.80410766601562,-635.6542358398438,155.61728081022648,31.05348030306061,-36.266075518121,492.0000030051896,137.99999180524844,1.0,0.9058823585510254,0.6196078658103943,calibrated_uv_reprojection_plus_stereo_left
223.3505401611328,-165.00222778320312,-636.385009765625,155.1211871625606,29.336491195788142,-36.72690560902004,492.9999995416793,137.99999715785975,0.9490196108818054,0.8549019694328308,0.572549045085907,calibrated_uv_reprojection_plus_stereo_left
225.5970001220703,-165.6422576904297,-638.8199462890625,155.3039419161717,26.42468077407409,-38.34634106378809,494.000002378603,137.99999581079123,0.7647058963775635,0.658823549747467,0.4274509847164154,calibrated_uv_reprojection_plus_stereo_left
227.82249450683594,-166.2591552734375,-641.1654052734375,155.44489575958983,23.566177335060956,-39.904660474323066,495.0000074587615,137.99999285032573,0.5607843399047852,0.4431372582912445,0.250980406999588,calibrated_uv_reprojection_plus_stereo_left
123.37586975097656,-124.96656799316406,-487.1495056152344,121.66962926052217,175.35351671367596,62.97329583153635,447.9999997965043,139.00000395193376,1.0,0.6745098233222961,0.6352941393852234,calibrated_uv_reprojection_plus_stereo_left
124.47081756591797,-125.01407623291016,-487.3092956542969,121.14149262104037,174.33650560059976,62.891501164647536,449.00000521069154,138.99999498661322,1.0,0.6627451181411743,0.6313725709915161,calibrated_uv_reprojection_plus_stereo_left
125.55928039550781,-125.05428314208984,-487.4406433105469,120.60000365952446,173.3362619757429,62.82916426272027,449.99999988668105,138.99999516514896,1.0,0.6470588445663452,0.6196078658103943,calibrated_uv_reprojection_plus_stereo_left
126.6301040649414,-125.07633972167969,-487.5012512207031,120.02617973140595,172.37903023576501,62.81519135527964,451.0000001318914,139.0000005498183,1.0,0.6313725709915161,0.6039215922355652,calibrated_uv_reprojection_plus_stereo_left
128.41510009765625,-125.79759979248047,-490.28692626953125,120.67807298414401,169.73473582582892,60.93891628753761,452.0000039300915,139.00000177454376,1.0,0.6274510025978088,0.6039215922355652,calibrated_uv_reprojection_plus_stereo_left
129.50897216796875,-125.8355484008789,-490.4092712402344,120.12811099077824,168.73329135922472,60.882935818805095,453.0000011104662,138.9999984672629,1.0,0.6352941393852234,0.615686297416687,calibrated_uv_reprojection_plus_stereo_left
130.57936096191406,-125.85018920898438,-490.4407958984375,119.53711209870802,167.78779806781495,60.88902640373476,454.0000033009432,139.00000185607286,1.0,0.6549019813537598,0.6313725709915161,calibrated_uv_reprojection_plus_stereo_left
131.6711883544922,-125.88505554199219,-490.5511169433594,118.9811084444646,166.79283448148038,60.841289793133285,454.99999559583983,139.00000235142377,1.0,0.6901960968971252,0.658823549747467,calibrated_uv_reprojection_plus_stereo_left
133.25706481933594,-126.38789367675781,-492.48492431640625,119.23608865815426,164.65488162652645,59.54780792306633,455.999995310286,139.0000019002704,1.0,0.729411780834198,0.686274528503418,calibrated_uv_reprojection_plus_stereo_left
134.74429321289062,-126.7899169921875,-494.02569580078125,119.31180461926151,162.75645334096066,58.52304107880798,457.0000040670627,138.9999980166524,1.0,0.8156862854957581,0.7411764860153198,calibrated_uv_reprojection_plus_stereo_left
154.2830352783203,-144.03846740722656,-561.2039184570312,148.4266640842563,119.48189421823798,12.663897851609079,458.0000063346057,139.00000173505344,1.0,0.8666666746139526,0.7843137383460999,calibrated_uv_reprojection_plus_stereo_left
175.53231811523438,-162.60350036621094,-633.504150390625,179.6355790587458,72.71535817241698,-36.68603300401327,458.99999926912517,139.0000030410484,1.0,0.9490196108818054,0.8235294222831726,calibrated_uv_reprojection_plus_stereo_left
177.340576171875,-163.01194763183594,-635.0623168945312,179.53880667228776,70.5302537370572,-37.71444927699673,460.0000089589308,138.9999946052082,1.0,0.9686274528503418,0.8392156958580017,calibrated_uv_reprojection_plus_stereo_left
178.90029907226562,-163.18739318847656,-635.7127075195312,179.03976672120444,68.9164186868237,-38.122779757256865,460.99999144142237,138.99999974451396,1.0,0.9843137264251709,0.8196078538894653,calibrated_uv_reprojection_plus_stereo_left
180.0902557373047,-163.02536010742188,-635.0484008789062,177.96375610439145,68.13848234159178,-37.63330399569594,461.9999966447296,139.00000288639592,0.9960784316062927,0.9686274528503418,0.800000011920929,calibrated_uv_reprojection_plus_stereo_left
181.54115295410156,-163.1001434326172,-635.3065795898438,177.291748439762,66.77272080680507,-37.773750255143796,463.0000070741214,139.00000144482235,0.9803921580314636,0.9490196108818054,0.7568627595901489,calibrated_uv_reprojection_plus_stereo_left
182.6039581298828,-162.82769775390625,-634.2122802734375,176.03057330343933,66.2735940618573,-36.99079253426157,464.0000074027864,139.0000013561657,0.9686274528503418,0.9372549057006836,0.7490196228027344,calibrated_uv_reprojection_plus_stereo_left
183.77392578125,-162.6540985107422,-633.5030517578125,174.93904633273786,65.53062692388198,-36.470825591478956,465.000002774677,138.99999669139822,1.0,0.9607843160629272,0.772549033164978,calibrated_uv_reprojection_plus_stereo_left
184.9388427734375,-162.4785614013672,-632.786376953125,173.8459299213393,64.79497497987796,-35.94585470651748,465.99999258430597,138.99999802664712,1.0,0.9803921580314636,0.7921568751335144,calibrated_uv_reprojection_plus_stereo_left
186.17445373535156,-162.36717224121094,-632.319580078125,172.86224119616202,63.900085675970274,-35.59151328685954,466.9999983402535,138.99999789261568,1.0,0.9843137264251709,0.7607843279838562,calibrated_uv_reprojection_plus_stereo_left
187.12464904785156,-162.01023864746094,-630.8966674804688,171.46834454896867,63.6274966469079,-34.58467570193642,467.9999933036069,139.00000418367978,1.0,0.9686274528503418,0.7450980544090271,calibrated_uv_reprojection_plus_stereo_left
188.45689392089844,-161.98678588867188,-630.7723999023438,170.63481667167326,62.51456238702997,-34.46423540394352,469.0000014213104,138.99999838185988,1.0,0.95686274766922,0.6745098233222961,calibrated_uv_reprojection_plus_stereo_left
189.98074340820312,-162.12713623046875,-631.2859497070312,170.07424437091157,60.98544710668483,-34.77904149161526,470.0000008699485,138.99999208542243,1.0,0.9450980424880981,0.6549019813537598,calibrated_uv_reprojection_plus_stereo_left
191.407470703125,-162.18312072753906,-631.4710083007812,169.37219575761202,59.669321395171494,-34.869651372251326,471.0000063751554,138.99999559953204,1.0,0.9215686321258545,0.6078431606292725,calibrated_uv_reprojection_plus_stereo_left
192.95330810546875,-162.33848571777344,-632.04296875,168.8340800351176,58.098226638506674,-35.22420833964844,471.99999810848806,138.99999934428615,1.0,0.9098039269447327,0.5882353186607361,calibrated_uv_reprojection_plus_stereo_left
194.3432159423828,-162.36134338378906,-632.0989990234375,168.07570572669323,56.8646011364761,-35.22671984190879,472.9999915513539,139.00000442277212,1.0,0.9019607901573181,0.5843137502670288,calibrated_uv_reprojection_plus_stereo_left
195.7737274169922,-162.41749572753906,-632.2846069335938,167.3718333347066,55.544959923003034,-35.31760812845306,474.00000607448976,139.00000466232493,1.0,0.9019607901573181,0.5843137502670288,calibrated_uv_reprojection_plus_stereo_left
197.2304229736328,-162.49441528320312,-632.551025390625,166.7014581919364,54.17092495314705,-35.463590926722304,474.9999990672965,139.00000350061867,1.0,0.9058823585510254,0.5882353186607361,calibrated_uv_reprojection_plus_stereo_left
198.71304321289062,-162.5914306640625,-632.8956298828125,166.06315524507238,52.74374779309625,-35.662863829190314,475.9999979351305,139.00000140530992,1.0,0.9098039269447327,0.5921568870544434,calibrated_uv_reprojection_plus_stereo_left
200.12258911132812,-162.627685546875,-633.0037231445312,165.32478479588616,51.47266450990355,-35.70079813787106,476.9999893881303,139.00000509712385,1.0,0.9098039269447327,0.5921568870544434,calibrated_uv_reprojection_plus_stereo_left
201.52618408203125,-162.6585693359375,-633.0908813476562,164.57726493120123,50.214945386954355,-35.72443586448185,478.0000044792739,139.00000636110443,1.0,0.9098039269447327,0.5882353186607361,calibrated_uv_reprojection_plus_stereo_left
202.9745635986328,-162.72491455078125,-633.3160400390625,163.886906240754,48.86427824791127,-35.84215855886839,478.99999510927853,139.00000762650043,1.0,0.9215686321258545,0.6000000238418579,calibrated_uv_reprojection_plus_stereo_left
204.66796875,-162.98544311523438,-634.2968139648438,163.50965176971903,47.00483720505554,-36.4750352439404,480.00000169831026,138.99999632643318,1.0,0.9372549057006836,0.6078431606292725,calibrated_uv_reprojection_plus_stereo_left
206.0855255126953,-163.0242462158203,-634.4146728515625,162.7725741966891,45.72295172064673,-36.51949693755603,480.9999993196085,138.999993483175,1.0,0.9490196108818054,0.6196078658103943,calibrated_uv_reprojection_plus_stereo_left
207.5255889892578,-163.0801544189453,-634.59912109375,162.06255906119486,44.39543896964483,-36.609340075972284,482.00000183547775,138.99999916975133,1.0,0.9686274528503418,0.6352941393852234,calibrated_uv_reprojection_plus_stereo_left
208.96170043945312,-163.1322021484375,-634.7684936523438,161.34576923192225,43.07725718565945,-36.68887662083671,483.000002093215,138.99999923886733,1.0,0.9686274528503418,0.6509804129600525,calibrated_uv_reprojection_plus_stereo_left
210.16574096679688,-163.00352478027344,-634.2346801757812,160.33991301422742,42.23607144395811,-36.28910406487182,483.99999847425653,139.00000394488848,0.9764705896377563,0.9333333373069763,0.6549019813537598,calibrated_uv_reprojection_plus_stereo_left
211.50985717773438,-162.98440551757812,-634.1271362304688,159.50963782066958,41.106256698901916,-36.179899701291504,484.9999998676477,139.0000008824715,0.8666666746139526,0.7686274647712708,0.5058823823928833,calibrated_uv_reprojection_plus_stereo_left
212.85910034179688,-162.9694061279297,-634.03564453125,158.6860552698849,39.96570391033697,-36.081643776265594,485.9999971902603,139.00000112005787,0.8078431487083435,0.6509804129600525,0.45490196347236633,calibrated_uv_reprojection_plus_stereo_left
214.22474670410156,-162.96702575683594,-633.9932250976562,157.88253108970366,38.79167997393898,-36.0168283764246,487.0000006510811,138.99999683536396,0.7607843279838562,0.6039215922355652,0.40392157435417175,calibrated_uv_reprojection_plus_stereo_left
215.80963134765625,-163.13034057617188,-634.5953979492188,157.3402721317861,37.17473964008127,-36.391219482833094,488.0000056005537,138.99999632715733,0.7803921699523926,0.6313725709915161,0.38823530077934265,calibrated_uv_reprojection_plus_stereo_left
217.2530059814453,-163.1852569580078,-634.77587890625,156.62599295800266,35.845890137202844,-36.47823856338226,488.9999968073257,139.00000255603203,0.8980392217636108,0.8196078538894653,0.572549045085907,calibrated_uv_reprojection_plus_stereo_left
218.60324096679688,-163.16990661621094,-634.6829833984375,155.8010048654803,34.70502065499494,-36.37898746500599,490.000003387603,139.00000217428686,0.9843137264251709,0.9019607901573181,0.615686297416687,calibrated_uv_reprojection_plus_stereo_left
220.04043579101562,-163.21920776367188,-634.841552734375,155.07712620951798,33.3901137258311,-36.451038663559586,491.0000049228597,139.00000139855044,1.0,0.9019607901573181,0.6078431606292725,calibrated_uv_reprojection_plus_stereo_left
221.45904541015625,-163.254150390625,-634.9442749023438,154.33037444946712,32.11322604340387,-36.48502928564659,491.99999971122264,139.00000417438167,1.0,0.8941176533699036,0.6000000238418579,calibrated_uv_reprojection_plus_stereo_left
222.7120819091797,-163.1673126220703,-634.5733032226562,153.39417630843985,31.16570981057947,-36.19636846602219,493.000006384358,138.9999952803746,1.0,0.9019607901573181,0.6078431606292725,calibrated_uv_reprojection_plus_stereo_left
224.70480346679688,-163.62008666992188,-636.3009033203125,153.29380317658848,28.75360967853436,-37.33693663080885,494.0000093462523,138.9999949857812,0.9490196108818054,0.843137264251709,0.5843137502670288,calibrated_uv_reprojection_plus_stereo_left
226.54713439941406,-163.95846557617188,-637.58349609375,153.01250310662908,26.646448732866304,-38.17426976451594,495.00000401235934,138.99999944185973,0.8588235378265381,0.7254902124404907,0.48627451062202454,calibrated_uv_reprojection_plus_stereo_left
230.27845764160156,-165.6515655517578,-644.1337280273438,154.8108352357445,20.83484702915149,-42.598259925200296,496.00000043077944,138.99999735674487,0.6470588445663452,0.529411792755127,0.33725491166114807,calibrated_uv_reprojection_plus_stereo_left
124.07136535644531,-123.57368469238281,-485.7545166015625,119.67276106195136,175.72183906680135,63.419188230701195,448.9999951195229,140.00000344633162,1.0,0.6784313917160034,0.6470588445663452,calibrated_uv_reprojection_plus_stereo_left
125.10450744628906,-123.56217956542969,-485.68408203125,119.04195761116206,174.84861124048496,63.49472462025574,450.0000027577056,139.99999882864802,1.0,0.658823549747467,0.6274510025978088,calibrated_uv_reprojection_plus_stereo_left
126.10863494873047,-123.52239990234375,-485.5025329589844,118.36128776048447,174.0439842305015,63.64631968225717,451.0000022515903,139.99999772477298,1.0,0.6392157077789307,0.6117647290229797,calibrated_uv_reprojection_plus_stereo_left
127.41509246826172,-123.77692413330078,-486.4776916503906,118.19953903867433,172.52498461852213,63.00612830606815,451.999999747007,139.99999580914522,1.0,0.6352941393852234,0.6039215922355652,calibrated_uv_reprojection_plus_stereo_left
128.4711151123047,-123.78593444824219,-486.4878845214844,117.60386978027272,171.60039083648076,63.026515726855564,453.0000053418978,140.00000053990198,1.0,0.6392157077789307,0.6117647290229797,calibrated_uv_reprojection_plus_stereo_left
129.61199951171875,-123.87586975097656,-486.8160705566406,117.14986734726232,170.47788107961662,62.82928011848503,454.000003946006,139.99999873922346,1.0,0.6470588445663452,0.615686297416687,calibrated_uv_reprojection_plus_stereo_left
130.7864532470703,-123.99613952636719,-487.263427734375,116.74794659802514,169.2796618259614,62.550532055777865,455.0000024040579,139.99999808778182,1.0,0.6509804129600525,0.6235294342041016,calibrated_uv_reprojection_plus_stereo_left
131.53567504882812,-123.7145004272461,-486.1314697265625,115.64460327494946,169.0676644612746,63.35252708051269,455.9999951809217,140.0000024844208,1.0,0.6666666865348816,0.6352941393852234,calibrated_uv_reprojection_plus_stereo_left
132.74984741210938,-123.87110900878906,-486.7215881347656,115.30535828789392,167.77918007171724,62.976119521204566,456.9999972995152,140.00000070566136,1.0,0.6980392336845398,0.6666666865348816,calibrated_uv_reprojection_plus_stereo_left
134.05264282226562,-124.10726928710938,-487.62420654296875,115.10234895294796,166.2916445647275,62.38598035321024,457.9999948821845,139.99999943390608,1.0,0.7490196228027344,0.7019608020782471,calibrated_uv_reprojection_plus_stereo_left
137.9591064453125,-126.73147583007812,-497.9090270996094,119.02207411964115,158.87773289283598,55.377489522731935,458.9999950848817,140.0000037358751,1.0,0.8470588326454163,0.7568627595901489,calibrated_uv_reprojection_plus_stereo_left
160.1884765625,-146.01710510253906,-573.6495971679688,151.61430771545002,109.9800171016513,3.5949433507012714,459.9999985382113,140.00000326670872,1.0,0.8941176533699036,0.7960784435272217,calibrated_uv_reprojection_plus_stereo_left
177.35507202148438,-160.427978515625,-630.2320556640625,175.6434336465781,72.96246749490564,-35.07497077659724,461.00000070844794,139.99999457354926,1.0,0.9764705896377563,0.8352941274642944,calibrated_uv_reprojection_plus_stereo_left
179.79537963867188,-161.4002685546875,-634.018798828125,176.51564342538626,69.35924113958953,-37.629387045305236,461.9999992755696,140.00000976459773,1.0,0.9764705896377563,0.8313725590705872,calibrated_uv_reprojection_plus_stereo_left
181.19960021972656,-161.43479919433594,-634.1214599609375,175.77682775026784,68.09504881097354,-37.66386796782268,463.0000003221966,140.00000015635936,1.0,0.9764705896377563,0.800000011920929,calibrated_uv_reprojection_plus_stereo_left
181.8031463623047,-160.7607421875,-631.44091796875,173.8311373162935,68.6135769465647,-35.795102942809535,464.0000041608499,139.99999517438926,1.0,0.9725490212440491,0.7921568751335144,calibrated_uv_reprojection_plus_stereo_left
183.24200439453125,-160.82977294921875,-631.6793212890625,173.15367429971974,67.26629834115136,-35.92254001817355,464.99999506872297,140.00000902422622,1.0,0.9843137264251709,0.7803921699523926,calibrated_uv_reprojection_plus_stereo_left
184.5612335205078,-160.79351806640625,-631.5040893554688,172.2972288186818,66.18450618546979,-35.76712208130965,465.99999660121597,140.0000033614174,1.0,0.9725490212440491,0.772549033164978,calibrated_uv_reprojection_plus_stereo_left
185.7533721923828,-160.6478271484375,-630.8991088867188,171.25640146126733,65.38099792381865,-35.31791959231077,466.9999904957158,140.00000093584987,1.0,0.9725490212440491,0.772549033164978,calibrated_uv_reprojection_plus_stereo_left
186.76332092285156,-160.34774780273438,-629.6879272460938,169.95714748451155,64.97257864316282,-34.45438220376832,468.0000014471122,140.0000036114962,0.9960784316062927,0.9764705896377563,0.7764706015586853,calibrated_uv_reprojection_plus_stereo_left
188.10401916503906,-160.33387756347656,-629.6007080078125,169.14106131975194,63.83776838546913,-34.35924998246895,469.00000845136697,139.9999973487536,1.0,0.9686274528503418,0.7254902124404907,calibrated_uv_reprojection_plus_stereo_left
189.45875549316406,-160.33203125,-629.560791015625,168.34522578278558,62.67229362089864,-34.29646450505112,469.9999953218482,140.00000696677427,1.0,0.95686274766922,0.7098039388656616,calibrated_uv_reprojection_plus_stereo_left
191.00291442871094,-160.48931884765625,-630.1456298828125,167.81479031035758,61.0981890525963,-34.66064785967967,470.9999949079772,140.00000403582555,1.0,0.9490196108818054,0.6392157077789307,calibrated_uv_reprojection_plus_stereo_left
192.5061492919922,-160.6101837158203,-630.58740234375,167.22218404804784,59.61551920191937,-34.92699176469091,471.9999959783479,140.00000154370963,1.0,0.929411768913269,0.6039215922355652,calibrated_uv_reprojection_plus_stereo_left
194.06101989746094,-160.77207946777344,-631.190185546875,166.6963717523205,58.0250804863154,-35.303298890576855,473.00000001395364,139.99999431832475,1.0,0.9137254953384399,0.5960784554481506,calibrated_uv_reprojection_plus_stereo_left
195.55471801757812,-160.88133239746094,-631.5863037109375,166.08191100434743,56.56852194099048,-35.538334844744895,473.9999950574726,139.999999686045,1.0,0.9058823585510254,0.5882353186607361,calibrated_uv_reprojection_plus_stereo_left
197.10226440429688,-161.0330047607422,-632.1488647460938,165.53623064039988,55.00014794932656,-35.88703098438987,475.00000515423494,139.9999991288132,1.0,0.9058823585510254,0.5882353186607361,calibrated_uv_reprojection_plus_stereo_left
198.5325927734375,-161.0874481201172,-632.3297119140625,164.82924753844605,53.68272982017032,-35.9748918934755,475.99999616885407,140.0000004444706,1.0,0.9019607901573181,0.5843137502670288,calibrated_uv_reprojection_plus_stereo_left
200.0071258544922,-161.1767120361328,-632.6471557617188,164.1787097857174,52.27353280342203,-36.15602744560351,477.0000047232385,139.99999130814348,1.0,0.9019607901573181,0.5843137502670288,calibrated_uv_reprojection_plus_stereo_left
201.5165557861328,-161.29263305664062,-633.0692749023438,163.57082021848015,50.79312687903928,-36.40863031920236,478.00000346378295,139.99999803009592,1.0,0.8980392217636108,0.5803921818733215,calibrated_uv_reprojection_plus_stereo_left
203.0225830078125,-161.4042510986328,-633.4744262695312,162.95473620334877,49.32229701737441,-36.64958759414685,478.9999944682345,139.9999989634386,1.0,0.9058823585510254,0.5843137502670288,calibrated_uv_reprojection_plus_stereo_left
204.38284301757812,-161.39920043945312,-633.4216918945312,162.14809596658222,48.15700102447494,-36.57779645542735,479.999988212989,140.0000065304062,1.0,0.9137254953384399,0.5882353186607361,calibrated_uv_reprojection_plus_stereo_left
205.8743896484375,-161.4971466064453,-633.7730712890625,161.50814050593493,46.71974679944867,-36.78195076617783,481.0000057865153,139.99999863847285,1.0,0.9137254953384399,0.5843137502670288,calibrated_uv_reprojection_plus_stereo_left
207.3261260986328,-161.562744140625,-633.9974975585938,160.8150031627631,45.36667914441483,-36.89937939835539,481.9999985404363,139.99999613527206,1.0,0.9372549057006836,0.6039215922355652,calibrated_uv_reprojection_plus_stereo_left
208.7537078857422,-161.6087188720703,-634.1448974609375,160.08960209738166,44.06468889946052,-36.964186796147146,483.00000144095463,139.99999388079982,1.0,0.9647058844566345,0.6470588445663452,calibrated_uv_reprojection_plus_stereo_left
210.0506591796875,-161.55355834960938,-633.8955078125,159.20152321408415,43.03122803910435,-36.75809204715074,484.000003537657,140.00000286125874,1.0,0.9607843160629272,0.6784313917160034,calibrated_uv_reprojection_plus_stereo_left
211.4297637939453,-161.56185913085938,-633.8950805664062,158.4154094687218,41.82911320352912,-36.72196584877912,484.99999692498545,140.00000211744504,0.9921568632125854,0.9490196108818054,0.6666666865348816,calibrated_uv_reprojection_plus_stereo_left
212.8402557373047,-161.5938262939453,-633.9874877929688,157.66688617232847,40.56345364544421,-36.74919991657771,485.99999874596494,139.99999922450624,0.9333333373069763,0.800000011920929,0.5529412031173706,calibrated_uv_reprojection_plus_stereo_left
214.19898986816406,-161.58628845214844,-633.9249267578125,156.85524834976007,39.403314897165785,-36.670651740866504,486.9999941783234,140.00000188493658,0.7176470756530762,0.5803921818733215,0.3294117748737335,calibrated_uv_reprojection_plus_stereo_left
215.716064453125,-161.69747924804688,-634.328125,156.23170151400387,37.92361563800529,-36.90997218117025,487.9999971520988,140.00000337988584,0.6039215922355652,0.45490196347236633,0.19607843458652496,calibrated_uv_reprojection_plus_stereo_left
217.2025909423828,-161.7844696044922,-634.6362915039062,155.5687850439901,36.507579057258795,-37.084383149255814,489.00000660282456,139.99999502001944,0.686274528503418,0.5333333611488342,0.2705882489681244,calibrated_uv_reprojection_plus_stereo_left
218.56190490722656,-161.77615356445312,-634.5706787109375,154.75498577489782,35.34812836747909,-37.0037154087546,489.999996175144,140.00000510072118,0.8627451062202454,0.7686274647712708,0.4901960790157318,calibrated_uv_reprojection_plus_stereo_left
220.0212860107422,-161.8415069580078,-634.7939453125,154.05680109743867,33.98884717203924,-37.120142473608894,490.99999628926105,140.0000007968323,0.9803921580314636,0.8980392217636108,0.615686297416687,calibrated_uv_reprojection_plus_stereo_left
221.34271240234375,-161.80514526367188,-634.6182250976562,153.1988141523737,32.90532843413206,-36.964328228002955,492.00001061054985,139.99999279158862,1.0,0.9176470637321472,0.6235294342041016,calibrated_uv_reprojection_plus_stereo_left
222.637451171875,-161.7498016357422,-634.3681640625,152.31159494638047,31.874058021385224,-36.75782675746859,492.999993499693,140.000001659527,1.0,0.8901960849761963,0.5921568870544434,calibrated_uv_reprojection_plus_stereo_left
223.98550415039062,-161.73358154296875,-634.271484375,151.48566265477342,30.736524189183058,-36.65596476902749,493.9999958910719,139.99999745485064,1.0,0.8941176533699036,0.6117647290229797,calibrated_uv_reprojection_plus_stereo_left
225.4966278076172,-161.83453369140625,-634.6343383789062,150.84139757197312,29.277737031312938,-36.8675504398642,494.99999805668824,140.0000002724854,0.9882352948188782,0.8745098114013672,0.6000000238418579,calibrated_uv_reprojection_plus_stereo_left
226.6257781982422,-161.6617431640625,-633.9237060546875,149.77332803153274,28.570317966564062,-36.346947862834554,496.00000096218207,139.99999989659915,0.9137254953384399,0.8156862854957581,0.572549045085907,calibrated_uv_reprojection_plus_stereo_left
228.78182983398438,-162.2191162109375,-636.076171875,149.8309607686772,25.851821522458692,-37.778947702358096,497.0000018587961,139.9999976711801,0.7411764860153198,0.6392157077789307,0.4274509847164154,calibrated_uv_reprojection_plus_stereo_left
126.00945281982422,-122.38714599609375,-485.1295471191406,117.4309484401076,174.70510587368346,63.36713870250486,450.99999865410285,141.00000217160135,1.0,0.6627451181411743,0.6352941393852234,calibrated_uv_reprojection_plus_stereo_left
127.19453430175781,-122.52335357666016,-485.64434814453125,117.06240708477672,173.47182316598855,63.04143639495385,451.99999689743515,140.9999974537492,1.0,0.658823549747467,0.6313725709915161,calibrated_uv_reprojection_plus_stereo_left
134.8985137939453,-122.87730407714844,-486.8711242675781,113.40314913296926,166.27882325636142,62.391871500756736,458.99999846995115,141.0000003117877,1.0,0.7176470756530762,0.6666666865348816,calibrated_uv_reprojection_plus_stereo_left
136.27162170410156,-123.17090606689453,-488.0091857910156,113.29891636239942,164.63926896959822,61.63950281946592,460.000000820169,140.99999314786538,1.0,0.7803921699523926,0.7176470756530762,calibrated_uv_reprojection_plus_stereo_left
146.399169921875,-131.31222534179688,-520.2385864257812,126.73593875000704,143.2779873512162,39.58659954594782,461.0000038345823,140.99999250796753,1.0,0.8784313797950745,0.7764706015586853,calibrated_uv_reprojection_plus_stereo_left
175.89794921875,-156.57284545898438,-620.28515625,169.55228174772515,78.65873746456924,-28.920374906681843,461.9999993860759,140.9999939508903,1.0,0.9254902005195618,0.8117647171020508,calibrated_uv_reprojection_plus_stereo_left
181.2508087158203,-160.12147521972656,-634.310791015625,174.8609616326433,68.53843517409689,-38.492865478339866,462.9999999397154,141.00000373011568,1.0,0.9882352948188782,0.8117647171020508,calibrated_uv_reprojection_plus_stereo_left
181.78834533691406,-159.39480590820312,-631.3994750976562,172.8194930325729,69.20191623682643,-36.46312595645708,464.0000048142869,141.00000365450592,1.0,0.9882352948188782,0.8078431487083435,calibrated_uv_reprojection_plus_stereo_left
183.15382385253906,-159.39944458007812,-631.3851928710938,172.03280896671447,68.01711148754174,-36.417814740310064,464.99999716574683,141.00000504604054,1.0,0.9686274528503418,0.7843137383460999,calibrated_uv_reprojection_plus_stereo_left
184.5620574951172,-159.44088745117188,-631.5166625976562,171.3086303658268,66.73835647791458,-36.472310530702885,465.99999763268033,141.00000288561557,0.9843137264251709,0.9333333373069763,0.7568627595901489,calibrated_uv_reprojection_plus_stereo_left
185.81349182128906,-159.34719848632812,-631.1128540039062,170.35479617085684,65.80443171335651,-36.16024035330207,467.0000113081687,140.9999906455996,0.9960784316062927,0.9529411792755127,0.800000011920929,calibrated_uv_reprojection_plus_stereo_left
186.83396911621094,-159.05819702148438,-629.9356689453125,169.0716332472004,65.37258645285823,-35.31868932157249,467.9999981836347,140.99999767749676,0.9843137264251709,0.9215686321258545,0.7686274647712708,calibrated_uv_reprojection_plus_stereo_left
188.09884643554688,-158.9798583984375,-629.5928344726562,168.14646543698376,64.40323990178683,-35.04849793303822,469.0000053104802,140.99999844252784,1.0,0.9803921580314636,0.7764706015586853,calibrated_uv_reprojection_plus_stereo_left
189.45089721679688,-158.97573852539062,-629.5439453125,167.34680714933472,63.2435984219988,-34.97957387917728,470.0000084771216,141.00000078282204,1.0,0.9725490212440491,0.7686274647712708,calibrated_uv_reprojection_plus_stereo_left
190.84994506835938,-159.0107879638672,-629.650146484375,166.61280129183518,61.98267817625248,-35.01681354497089,471.0000053819961,141.00000080827334,1.0,0.9686274528503418,0.6784313917160034,calibrated_uv_reprojection_plus_stereo_left
192.3629608154297,-159.1395721435547,-630.1275024414062,166.03504961408186,60.478082740583375,-35.30808670173309,471.9999968728361,141.00000446046346,1.0,0.95686274766922,0.658823549747467,calibrated_uv_reprojection_plus_stereo_left
193.87905883789062,-159.26902770996094,-630.607421875,165.45707664454426,58.969799322399695,-35.60104964448533,472.99999655675697,141.0000006275506,1.0,0.9333333373069763,0.615686297416687,calibrated_uv_reprojection_plus_stereo_left
195.3900909423828,-159.39248657226562,-631.0635375976562,164.86780501873488,57.47518762069069,-35.87766144484567,474.0000032525477,140.99999554276275,1.0,0.9137254953384399,0.5921568870544434,calibrated_uv_reprojection_plus_stereo_left
196.87905883789062,-159.49630737304688,-631.44189453125,164.2447562235388,56.03005149364674,-36.10101062175886,475.00000174991385,140.99999787178186,1.0,0.9019607901573181,0.5843137502670288,calibrated_uv_reprojection_plus_stereo_left
198.2971649169922,-159.5416259765625,-631.588623046875,163.5240387898436,54.73676053923964,-36.16582025787761,476.00000556994326,141.0000025614792,1.0,0.8980392217636108,0.5803921818733215,calibrated_uv_reprojection_plus_stereo_left
199.8359832763672,-159.68275451660156,-632.1145629882812,162.96054449528253,53.19077603730625,-36.490059297246944,476.9999954349555,141.000000049656,1.0,0.9019607901573181,0.5843137502670288,calibrated_uv_reprojection_plus_stereo_left
201.30836486816406,-159.7691650390625,-632.4238891601562,162.30580342862527,51.78694345936299,-36.66604365360837,477.9999980542203,141.00000493189765,1.0,0.8980392217636108,0.5803921818733215,calibrated_uv_reprojection_plus_stereo_left
202.79498291015625,-159.86558532714844,-632.7727661132812,161.6665272592066,50.35531733974983,-36.86903946179092,479.000004713845,141.0000038217902,1.0,0.8980392217636108,0.5843137502670288,calibrated_uv_reprojection_plus_stereo_left
204.18954467773438,-159.8885955810547,-632.8309936523438,160.90649722531572,49.11695626130603,-36.87317062847899,480.0000092178591,140.99999248214232,1.0,0.8980392217636108,0.5921568870544434,calibrated_uv_reprojection_plus_stereo_left
205.66319274902344,-159.97274780273438,-633.13134765625,160.24567492535942,47.71551530165851,-37.04291827012611,480.99999276819665,141.0000094745846,1.0,0.9098039269447327,0.5921568870544434,calibrated_uv_reprojection_plus_stereo_left
207.10760498046875,-160.0331573486328,-633.3375854492188,159.5454425999722,46.37614613372881,-37.14824311982392,481.99999351267684,141.00000475311103,1.0,0.9215686321258545,0.5882353186607361,calibrated_uv_reprojection_plus_stereo_left
208.54953002929688,-160.09080505371094,-633.5328979492188,158.84011056977033,45.04319672651337,-37.24607180143067,482.99999498401974,141.00000572504484,1.0,0.9372549057006836,0.6039215922355652,calibrated_uv_reprojection_plus_stereo_left
209.93710327148438,-160.106201171875,-633.5609741210938,158.06608378891326,43.82265766834638,-37.22951399032155,483.999998421918,141.0000037316194,1.0,0.9647058844566345,0.6313725709915161,calibrated_uv_reprojection_plus_stereo_left
211.2984619140625,-160.1014862060547,-633.5094604492188,157.25956190174503,42.65591975893744,-37.1585277333985,485.00000043491013,141.00000101347916,1.0,0.9686274528503418,0.6470588445663452,calibrated_uv_reprojection_plus_stereo_left
212.69924926757812,-160.12646484375,-633.575439453125,156.50059464429086,41.40912247032156,-37.167870928528316,486.00000085201816,140.99999886482507,0.9960784316062927,0.95686274766922,0.6666666865348816,calibrated_uv_reprojection_plus_stereo_left
214.09373474121094,-160.1463623046875,-633.6212768554688,155.7332192399391,40.17564832850502,-37.16342820771092,487.0000049992093,140.99999192083885,0.9529411792755127,0.8627451062202454,0.5764706134796143,calibrated_uv_reprojection_plus_stereo_left
215.46646118164062,-160.14976501464844,-633.6019287109375,154.93937841647704,38.98649901392912,-37.11442620940318,488.0000072455007,141.00000028273547,0.7333333492279053,0.5882353186607361,0.3176470696926117,calibrated_uv_reprojection_plus_stereo_left
216.91041564941406,-160.20570373535156,-633.7904052734375,154.22881026035907,37.65444167448902,-37.20747281367835,488.99999077221435,141.0000066418961,0.5960784554481506,0.43921568989753723,0.16862745583057404,calibrated_uv_reprojection_plus_stereo_left
218.30979919433594,-160.22816467285156,-633.8463745117188,153.46467748199103,36.41276036982066,-37.20992149449688,489.9999996173108,141.000004248886,0.6235294342041016,0.48235294222831726,0.21176470816135406,calibrated_uv_reprojection_plus_stereo_left
219.7329559326172,-160.26763916015625,-633.9696655273438,152.72711423109172,35.124179634174936,-37.25837117886846,490.9999969595566,141.00000776290221,0.8235294222831726,0.7137255072593689,0.4431372582912445,calibrated_uv_reprojection_plus_stereo_left
221.14280700683594,-160.29693603515625,-634.0526123046875,151.97310145225384,33.86287905093258,-37.27922278598032,492.000006317818,140.99999856369078,0.9725490212440491,0.8745098114013672,0.5803921818733215,calibrated_uv_reprojection_plus_stereo_left
222.32582092285156,-160.16241455078125,-633.4876708984375,150.9622082816872,33.05126651098641,-36.85737074992511,492.9999935249478,141.00000284202807,1.0,0.9137254953384399,0.615686297416687,calibrated_uv_reprojection_plus_stereo_left
223.53773498535156,-160.0501708984375,-633.0108642578125,149.9873785549578,32.1801855485445,-36.4957897544171,494.0000000688785,141.00000179243528,1.0,0.9058823585510254,0.6078431606292725,calibrated_uv_reprojection_plus_stereo_left
224.984130859375,-160.10610961914062,-633.1992797851562,149.2753831355892,30.846023392202426,-36.588730453317,494.9999963831781,141.00000771141617,1.0,0.8980392217636108,0.6039215922355652,calibrated_uv_reprojection_plus_stereo_left
225.79779052734375,-159.7137908935547,-631.6148681640625,147.86739621800803,30.75281366548836,-35.47056816849613,495.99999544421735,140.99999627863198,1.0,0.9254902005195618,0.6392157077789307,calibrated_uv_reprojection_plus_stereo_left
227.64801025390625,-160.05490112304688,-632.9310302734375,147.5973979788173,28.628087501066148,-36.33388496884129,496.9999936064462,141.00000294094082,0.9529411792755127,0.8901960849761963,0.6117647290229797,calibrated_uv_reprojection_plus_stereo_left
229.74639892578125,-160.56533813476562,-634.9165649414062,147.58492326953166,26.026725601533883,-37.654231106726854,497.9999948500995,141.0000008226143,0.7960784435272217,0.7254902124404907,0.4745098054409027,calibrated_uv_reprojection_plus_stereo_left
233.9419403076172,-162.52662658691406,-642.6386108398438,149.79624673761055,19.36649219782106,-42.892130103997715,498.999996084248,140.99999529834048,0.5686274766921997,0.48627451062202454,0.25882354378700256,calibrated_uv_reprojection_plus_stereo_left
127.0732650756836,-121.36815643310547,-485.1900329589844,116.0966089764183,174.1835852445613,62.81829287260007,452.0000054997325,141.99999836759156,1.0,0.686274528503418,0.658823549747467,calibrated_uv_reprojection_plus_stereo_left
136.14712524414062,-122.01406860351562,-487.57135009765625,112.34055476910906,165.34981000534685,61.40190995744729,460.0000092736366,141.99999924423759,1.0,0.686274528503418,0.6509804129600525,calibrated_uv_reprojection_plus_stereo_left
137.16375732421875,-121.98445892333984,-487.4279479980469,111.67588389544785,164.51922944892743,61.527689108859136,460.9999961399956,142.00000452326185,1.0,0.7568627595901489,0.686274528503418,calibrated_uv_reprojection_plus_stereo_left
140.98146057128906,-124.42741394042969,-497.1639099121094,115.28741651996926,157.41391078332032,54.874778087803065,462.0000078510276,141.9999953824359,1.0,0.8274509906768799,0.7411764860153198,calibrated_uv_reprojection_plus_stereo_left
170.7606658935547,-149.57386779785156,-597.6087036132812,158.02289244005317,92.48435257781881,-14.011459802554668,463.0000006998464,142.0000063233392,1.0,0.929411768913269,0.7921568751335144,calibrated_uv_reprojection_plus_stereo_left
181.435302734375,-157.7349853515625,-630.1832275390625,171.30240628368608,70.54083660323022,-36.32510634632325,464.00000158491537,142.0000046528936,1.0,0.9647058844566345,0.8196078538894653,calibrated_uv_reprojection_plus_stereo_left
183.03419494628906,-157.94322204589844,-630.9826049804688,170.86631656693373,68.83690106410864,-36.838043844079095,465.00000707933185,141.99999353328826,1.0,0.9647058844566345,0.8078431487083435,calibrated_uv_reprojection_plus_stereo_left
184.39649963378906,-157.9456787109375,-630.9599609375,170.07640880136756,67.65814207402741,-36.787059394564494,465.9999895502518,142.00000335323492,0.9921568632125854,0.9372549057006836,0.7803921699523926,calibrated_uv_reprojection_plus_stereo_left
185.73019409179688,-157.9237060546875,-630.8396606445312,169.24476939016438,66.54220471886526,-36.66908353374561,466.9999940328219,142.00000062665328,0.9843137264251709,0.9254902005195618,0.7686274647712708,calibrated_uv_reprojection_plus_stereo_left
186.80767822265625,-157.68572998046875,-629.8565673828125,168.0462808055418,65.98435617686931,-35.95940465093656,467.9999955561718,141.99999771985625,0.9921568632125854,0.929411768913269,0.772549033164978,calibrated_uv_reprojection_plus_stereo_left
188.16351318359375,-157.68438720703125,-629.8187255859375,167.25103882862294,64.81712636304468,-35.89803953526621,469.00000240767736,141.99999497669882,0.9960784316062927,0.9450980424880981,0.7568627595901489,calibrated_uv_reprojection_plus_stereo_left
189.47743225097656,-157.64813232421875,-629.6415405273438,166.39683850449802,63.7405074926433,-35.74113902511368,469.9999884473492,142.0000098136233,1.0,0.9803921580314636,0.7921568751335144,calibrated_uv_reprojection_plus_stereo_left
190.74769592285156,-157.57627868652344,-629.3220825195312,165.48296791488053,62.75713113114551,-35.486689760774595,470.9999946374121,142.00000379269966,1.0,0.9725490212440491,0.729411780834198,calibrated_uv_reprojection_plus_stereo_left
192.15338134765625,-157.616455078125,-629.4500732421875,164.7578897932329,61.48210671754805,-35.5390374482846,472.0000054661368,142.00000198534536,1.0,0.9647058844566345,0.7215686440467834,calibrated_uv_reprojection_plus_stereo_left
193.62632751464844,-157.7108154296875,-629.79443359375,164.12309248402283,60.0645041785516,-35.739694863650016,472.99999727324564,142.0000023418449,1.0,0.95686274766922,0.6509804129600525,calibrated_uv_reprojection_plus_stereo_left
195.108154296875,-157.8109893798828,-630.1619262695312,163.4969920152526,58.63018109978162,-35.956158984526496,473.9999985978389,141.99999503666433,1.0,0.9333333373069763,0.6235294342041016,calibrated_uv_reprojection_plus_stereo_left
196.59580993652344,-157.9143829345703,-630.5422973632812,162.87521271534013,57.18578713460204,-36.18141165685637,475.00000517594617,141.99999990359663,1.0,0.9098039269447327,0.5882353186607361,calibrated_uv_reprojection_plus_stereo_left
198.015869140625,-157.96240234375,-630.7014770507812,162.16048536610487,55.8861303590848,-36.25501406769905,476.0000017898732,141.99999489567972,1.0,0.9019607901573181,0.5803921818733215,calibrated_uv_reprojection_plus_stereo_left
199.5427703857422,-158.09434509277344,-631.19580078125,161.5840673705689,54.3633187421255,-36.55828121630475,476.99999091305676,142.00000819730485,1.0,0.9058823585510254,0.5843137502670288,calibrated_uv_reprojection_plus_stereo_left
201.07644653320312,-158.2297821044922,-631.7039184570312,161.0120060078313,52.82923924488631,-36.87092603027389,477.99999844816045,142.0000030826684,1.0,0.9019607901573181,0.5843137502670288,calibrated_uv_reprojection_plus_stereo_left
202.55662536621094,-158.321533203125,-632.03759765625,160.36673939909485,51.409474671122894,-37.063987289109605,478.9999970084844,142.00000125751322,1.0,0.8980392217636108,0.5843137502670288,calibrated_uv_reprojection_plus_stereo_left
204.00735473632812,-158.38912963867188,-632.2748413085938,159.6809276089354,50.05279952663864,-37.1909376519107,479.9999989569541,142.00000444537508,1.0,0.9058823585510254,0.5921568870544434,calibrated_uv_reprojection_plus_stereo_left
205.44908142089844,-158.44883728027344,-632.4805297851562,158.9814959214434,48.71621123001279,-37.29623335269304,481.00000453379573,142.0000010225864,1.0,0.9137254953384399,0.5921568870544434,calibrated_uv_reprojection_plus_stereo_left
206.9248046875,-158.53375244140625,-632.786865234375,158.3225057466226,47.31094444438429,-37.470453586867336,481.99999489810307,142.00000810066666,1.0,0.9215686321258545,0.5960784554481506,calibrated_uv_reprojection_plus_stereo_left
208.38052368164062,-158.60227966308594,-633.0276489257812,157.63596997653315,45.94853756999805,-37.59971884563208,483.0000074370752,141.9999957692125,1.0,0.9254902005195618,0.5960784554481506,calibrated_uv_reprojection_plus_stereo_left
209.85003662109375,-158.68028259277344,-633.3063354492188,156.9640822884274,44.55941250917505,-37.75492673397832,484.00000254052,142.00000438828252,1.0,0.9372549057006836,0.6078431606292725,calibrated_uv_reprojection_plus_stereo_left
211.20303344726562,-158.66970825195312,-633.2313842773438,156.14840629640412,43.40905015074338,-37.66789482437059,485.0000045287199,141.99999411895305,1.0,0.95686274766922,0.6313725709915161,calibrated_uv_reprojection_plus_stereo_left
212.57989501953125,-158.67701721191406,-633.2279052734375,155.36159543613155,42.2101653596834,-37.629823304614376,485.9999963165709,142.00000275533725,1.0,0.9607843160629272,0.6470588445663452,calibrated_uv_reprojection_plus_stereo_left
213.9870147705078,-158.70663452148438,-633.3133544921875,154.61041731173952,40.95039260688054,-37.65262770347323,486.999998616765,141.99999529138793,1.0,0.9686274528503418,0.6549019813537598,calibrated_uv_reprojection_plus_stereo_left
215.30133056640625,-158.66741943359375,-633.1242065429688,153.74888798468788,39.87806458943072,-37.48741496295378,487.99999563294375,142.00000174620044,0.9686274528503418,0.9098039269447327,0.6117647290229797,calibrated_uv_reprojection_plus_stereo_left
216.6807098388672,-158.67630004882812,-633.126953125,152.96434955267165,38.674565927641595,-37.453590954032904,488.9999940214035,142.00000371483657,0.7372549176216125,0.6352941393852234,0.34117648005485535,calibrated_uv_reprojection_plus_stereo_left
218.08750915527344,-158.70497131347656,-633.2086791992188,152.21112722280446,37.416524682478155,-37.473831244126245,489.9999886776292,142.00000991422877,0.5882353186607361,0.4470588266849518,0.1764705926179886,calibrated_uv_reprojection_plus_stereo_left
219.46322631835938,-158.71075439453125,-633.198974609375,151.42128885550096,36.22104111487431,-37.43145731882362,491.0000121382577,141.9999975974203,0.6039215922355652,0.4588235318660736,0.1882352977991104,calibrated_uv_reprojection_plus_stereo_left
220.93753051757812,-158.7872772216797,-633.4715576171875,150.74304864163207,34.83010386228591,-37.58230390551813,492.0000092333512,141.99999984058866,0.8196078538894653,0.6705882549285889,0.3803921639919281,calibrated_uv_reprojection_plus_stereo_left
222.144775390625,-158.67205810546875,-632.9791870117188,149.7623048861077,33.96875143510596,-37.20957707433297,493.0000083445748,141.99999880377564,0.9333333373069763,0.8352941274642944,0.5411764979362488,calibrated_uv_reprojection_plus_stereo_left
223.50076293945312,-158.66380310058594,-632.91357421875,148.95046083184775,32.81216710651569,-37.12895398337952,493.99998976930544,142.00000311901655,0.9882352948188782,0.9176470637321472,0.6196078658103943,calibrated_uv_reprojection_plus_stereo_left
224.77867126464844,-158.60049438476562,-632.6282958984375,148.052552894604,31.808864608979604,-36.898008583951764,495.0000033196968,141.99999508475958,1.0,0.9098039269447327,0.6117647290229797,calibrated_uv_reprojection_plus_stereo_left
225.60914611816406,-158.22410583496094,-631.0943603515625,146.66739749405514,31.680058631243014,-35.81272918647903,496.00000195323594,142.00000019766264,1.0,0.9176470637321472,0.615686297416687,calibrated_uv_reprojection_plus_stereo_left
227.1602020263672,-158.35452270507812,-631.5818481445312,146.07317108910405,30.138830758055917,-36.11061465429202,497.00001106588644,141.99999150092373,1.0,0.9490196108818054,0.6392157077789307,calibrated_uv_reprojection_plus_stereo_left
228.89053344726562,-158.60755920410156,-632.558349609375,145.66744793773864,28.25160180603899,-36.74298795116607,498.0000126970233,141.9999897261788,0.9686274528503418,0.9333333373069763,0.6313725709915161,calibrated_uv_reprojection_plus_stereo_left
230.90213012695312,-159.05128479003906,-634.2952880859375,145.55343623608348,25.824162757702254,-37.89544193236429,498.9999954521887,142.0000018909186,0.8274509906768799,0.7803921699523926,0.48235294222831726,calibrated_uv_reprojection_plus_stereo_left
234.15296936035156,-160.3383026123047,-639.3948364257812,146.73199434736728,21.01182246440021,-41.34772737783453,500.00000163742044,142.00000048829213,0.5607843399047852,0.48627451062202454,0.2549019753932953,calibrated_uv_reprojection_plus_stereo_left
137.21136474609375,-120.98229217529297,-487.60504150390625,110.98554368443844,164.84084153178355,60.86850847243892,461.00000569390835,143.00000086314841,1.0,0.6705882549285889,0.6313725709915161,calibrated_uv_reprojection_plus_stereo_left
138.1372528076172,-120.87356567382812,-487.141845703125,110.18317044031802,164.21305795695446,61.2141837501938,461.99999944869916,143.00000076822744,1.0,0.7176470756530762,0.658823549747467,calibrated_uv_reprojection_plus_stereo_left
140.2428741455078,-121.79094696044922,-490.8138732910156,111.16002204315951,160.95616123270474,58.7181163869306,462.99999404947613,142.99999972913798,1.0,0.8313725590705872,0.7176470756530762,calibrated_uv_reprojection_plus_stereo_left
168.64939880371094,-145.3640899658203,-585.7828979492188,151.2730959964049,99.43183057096599,-6.511046851705544,464.0000051945311,143.00000276198693,1.0,0.9019607901573181,0.7803921699523926,calibrated_uv_reprojection_plus_stereo_left
182.19679260253906,-155.87461853027344,-628.1055908203125,168.64316835358318,71.23952398994794,-35.55727581464879,465.0000086060512,142.99999818290974,1.0,0.9764705896377563,0.8196078538894653,calibrated_uv_reprojection_plus_stereo_left
184.1932830810547,-156.42083740234375,-630.2742919921875,168.79093467224743,68.65969809230495,-37.01198408229874,466.0000005407314,143.0000021647624,1.0,0.9686274528503418,0.8078431487083435,calibrated_uv_reprojection_plus_stereo_left
185.65147399902344,-156.50521850585938,-630.5819091796875,168.14214924231976,67.26952618419455,-37.18793183161688,466.9999978522295,142.99999773277665,0.9960784316062927,0.9647058844566345,0.7960784435272217,calibrated_uv_reprojection_plus_stereo_left
186.6640167236328,-156.21534729003906,-629.3816528320312,166.85340180801973,66.85152162826608,-36.32806281482158,468.000007698624,142.99999368641932,0.9882352948188782,0.9372549057006836,0.772549033164978,calibrated_uv_reprojection_plus_stereo_left
188.14768981933594,-156.321044921875,-629.7752075195312,166.2410318419556,65.40587620369183,-36.56304915862415,468.99999875018744,142.99999924543278,1.0,0.9450980424880981,0.7764706015586853,calibrated_uv_reprojection_plus_stereo_left
189.4363250732422,-156.2642822265625,-629.5142211914062,165.35177589237577,64.38361502676293,-36.34844433094196,469.9999983915167,143.0000010807056,0.9960784316062927,0.9411764740943909,0.772549033164978,calibrated_uv_reprojection_plus_stereo_left
190.74716186523438,-156.22645568847656,-629.3295288085938,164.49509945270245,63.31246660196081,-36.18625664902146,470.99999884219943,143.0000013194571,1.0,0.9647058844566345,0.7607843279838562,calibrated_uv_reprojection_plus_stereo_left
192.0991973876953,-156.22262573242188,-629.28173828125,163.69611533887507,62.152405204158185,-36.11808620078807,471.9999991751957,142.9999916207876,1.0,0.9803921580314636,0.7764706015586853,calibrated_uv_reprojection_plus_stereo_left
193.44813537597656,-156.21627807617188,-629.223876953125,162.8929132880728,60.99894951116357,-36.04300981605269,472.99999726622843,142.99999481904126,1.0,0.9607843160629272,0.7019608020782471,calibrated_uv_reprojection_plus_stereo_left
194.90869140625,-156.29945373535156,-629.526611328125,162.23987317706735,59.60861265925405,-36.21551303821815,474.000006694486,143.0000021353507,1.0,0.9529411792755127,0.6980392336845398,calibrated_uv_reprojection_plus_stereo_left
196.31402587890625,-156.3374786376953,-629.6473999023438,161.5104502101659,58.33683660733084,-36.263059632042086,475.0000025325111,142.99999732573713,1.0,0.9372549057006836,0.6274510025978088,calibrated_uv_reprojection_plus_stereo_left
197.72357177734375,-156.3782501220703,-629.779296875,160.78520091120185,57.057096003496554,-36.31822120158938,475.99999066662735,143.00000430856522,1.0,0.9215686321258545,0.6039215922355652,calibrated_uv_reprojection_plus_stereo_left
199.29212951660156,-156.54330444335938,-630.41162109375,160.2660149466687,55.445025138746814,-36.716851972449774,476.9999998244959,143.00000213863953,1.0,0.9098039269447327,0.5921568870544434,calibrated_uv_reprojection_plus_stereo_left
200.81370544433594,-156.66943359375,-630.8870849609375,159.68061802931032,53.93462419585154,-37.0077397170939,478.0000008785403,142.99999188396765,1.0,0.9019607901573181,0.5843137502670288,calibrated_uv_reprojection_plus_stereo_left
202.3381805419922,-156.79603576660156,-631.364501953125,159.0947079162222,52.4209504861451,-37.29992211700312,478.99999909991675,143.00000034228762,1.0,0.9019607901573181,0.5843137502670288,calibrated_uv_reprojection_plus_stereo_left
203.7788543701172,-156.8563995361328,-631.5750732421875,158.39837387789544,51.083613103432924,-37.40891455972462,480.00000515075385,142.9999931433012,1.0,0.9058823585510254,0.5882353186607361,calibrated_uv_reprojection_plus_stereo_left
205.24351501464844,-156.9342498779297,-631.8560791015625,157.7301161570138,49.69810701399007,-37.56621633999748,480.9999978488247,142.99999609854956,1.0,0.9058823585510254,0.5882353186607361,calibrated_uv_reprojection_plus_stereo_left
206.7350616455078,-157.03143310546875,-632.2149047851562,157.09266744469807,48.25904244270424,-37.77687747026641,481.99999492423655,143.00000249501977,1.0,0.8980392217636108,0.5803921818733215,calibrated_uv_reprojection_plus_stereo_left
208.2093048095703,-157.11424255371094,-632.5157470703125,156.43071842730762,46.857498920073056,-37.94770230852714,483.0000004173579,142.99999521654448,1.0,0.9019607901573181,0.5803921818733215,calibrated_uv_reprojection_plus_stereo_left
209.76495361328125,-157.25694274902344,-633.0577392578125,155.86532406144357,45.291654411134004,-38.2839314615631,483.99999164868973,143.00000393300758,1.0,0.9058823585510254,0.5764706134796143,calibrated_uv_reprojection_plus_stereo_left
211.1378631591797,-157.2616424560547,-633.0440673828125,155.07466849690132,44.10019072511278,-38.2389203186782,484.99999782806196,142.9999956706344,0.9960784316062927,0.9137254953384399,0.5843137502670288,calibrated_uv_reprojection_plus_stereo_left
212.4939727783203,-157.2537841796875,-632.9799194335938,154.26364902070708,42.94291851108579,-38.159293555298746,485.9999992558577,143.0000012631364,1.0,0.9490196108818054,0.6196078658103943,calibrated_uv_reprojection_plus_stereo_left
213.8932647705078,-157.27774047851562,-633.0438232421875,153.50393506853032,41.69843521436434,-38.16749197418068,486.99998919330255,143.00000611231167,1.0,0.9607843160629272,0.6392157077789307,calibrated_uv_reprojection_plus_stereo_left
215.189453125,-157.22601318359375,-632.8030395507812,152.62236020098402,40.66176471445283,-37.966718111914815,487.9999922938589,142.99999922906076,1.0,0.9607843160629272,0.658823549747467,calibrated_uv_reprojection_plus_stereo_left
216.55538940429688,-157.2255096435547,-632.7684936523438,151.82329075790204,39.484467194787555,-37.90739764093371,488.9999978344391,143.00000391942422,0.9764705896377563,0.9333333373069763,0.6313725709915161,calibrated_uv_reprojection_plus_stereo_left
217.91371154785156,-157.219482421875,-632.711669921875,151.01536197541128,38.32242580047591,-37.83279429598724,490.00000174585074,143.00000002331547,0.8196078538894653,0.7058823704719543,0.4274509847164154,calibrated_uv_reprojection_plus_stereo_left
219.1702117919922,-157.14047241210938,-632.3612060546875,150.09136973873808,37.36281564340385,-37.5568739803187,490.9999962989658,143.00000606434872,0.6705882549285889,0.5372549295425415,0.2549019753932953,calibrated_uv_reprojection_plus_stereo_left
220.77777099609375,-157.3125457763672,-633.0210571289062,149.56627717029363,35.706089531006285,-37.973612740014914,491.9999969252341,142.9999996749808,0.6117647290229797,0.45490196347236633,0.1764705926179886,calibrated_uv_reprojection_plus_stereo_left
222.13046264648438,-157.3019561767578,-632.9458618164062,148.75066468066308,34.55606842622376,-37.88639515439871,493.0000036727023,142.99999681083733,0.7333333492279053,0.5764706134796143,0.3019607961177826,calibrated_uv_reprojection_plus_stereo_left
223.43075561523438,-157.25457763671875,-632.72265625,147.87716616076824,33.50901863715541,-37.69772855597216,493.99999859806996,142.99999558805,0.8745098114013672,0.7764706015586853,0.48235294222831726,calibrated_uv_reprojection_plus_stereo_left
224.74278259277344,-157.21592712402344,-632.5346069335938,147.01781843051327,32.43813369819395,-37.53318027020936,494.99999647157205,142.99999846737416,0.9725490212440491,0.8980392217636108,0.6000000238418579,calibrated_uv_reprojection_plus_stereo_left
225.60289001464844,-156.86346435546875,-631.0840454101562,145.66755513077482,32.249901325056385,-36.503399071383,496.00000696930096,142.99999864772224,1.0,0.9254902005195618,0.6235294342041016,calibrated_uv_reprojection_plus_stereo_left
226.79270935058594,-156.7430877685547,-630.5672607421875,144.68297586708138,31.412792325209466,-36.11367114555367,497.000001505161,142.9999922932847,1.0,0.9215686321258545,0.6117647290229797,calibrated_uv_reprojection_plus_stereo_left
228.3718719482422,-156.8915557861328,-631.132080078125,144.1177150490119,29.817613108991793,-36.465145558972324,498.00000534882923,142.9999982709586,1.0,0.9450980424880981,0.6352941393852234,calibrated_uv_reprojection_plus_stereo_left
229.8263397216797,-156.95306396484375,-631.3470458984375,143.41610944810753,28.466558659569387,-36.57684369208232,498.9999993838048,143.0000055367828,0.9725490212440491,0.9411764740943909,0.6274510025978088,calibrated_uv_reprojection_plus_stereo_left
232.86978149414062,-158.09254455566406,-635.8978881835938,144.37943040323978,24.051983242764663,-39.65906543346847,499.9999934650326,143.00000545243233,0.8470588326454163,0.7921568751335144,0.5137255191802979,calibrated_uv_reprojection_plus_stereo_left
235.01165771484375,-158.61012268066406,-637.9468994140625,144.37336946510447,21.391756079141487,-41.02687617315473,500.99999728377213,143.00000559316834,0.6000000238418579,0.501960813999176,0.2666666805744171,calibrated_uv_reprojection_plus_stereo_left
138.4144744873047,-119.16519165039062,-484.42266845703125,107.64942765909352,165.45308073514155,62.57586378069237,462.9999962518307,144.0000026899028,1.0,0.7137255072593689,0.6509804129600525,calibrated_uv_reprojection_plus_stereo_left
139.92578125,-119.56489562988281,-486.0226745605469,107.73400980531981,163.51777341145288,61.50181224834893,463.9999919373985,143.99999844653013,1.0,0.7803921699523926,0.7058823704719543,calibrated_uv_reprojection_plus_stereo_left
155.24374389648438,-131.66859436035156,-535.1959838867188,128.0788353352106,131.17379195570987,27.68878031516033,465.00000158247593,143.99999609958746,1.0,0.886274516582489,0.7647058963775635,calibrated_uv_reprojection_plus_stereo_left
182.74671936035156,-153.8521728515625,-625.3341064453125,165.70062539273164,72.3870212036457,-34.307757191725386,465.9999971736485,144.00000240588216,1.0,0.9333333373069763,0.8078431487083435,calibrated_uv_reprojection_plus_stereo_left
185.9363555908203,-155.3916778564453,-631.5591430664062,167.5633183288183,67.20248137518723,-38.55598037911301,467.0000084529109,143.9999970384993,1.0,0.9764705896377563,0.8196078538894653,calibrated_uv_reprojection_plus_stereo_left
186.5808563232422,-154.79718017578125,-629.11083984375,165.74818724188157,67.58629844036415,-36.83612185679499,467.999994041523,144.0000089327064,1.0,0.9647058844566345,0.8078431487083435,calibrated_uv_reprojection_plus_stereo_left
187.9110870361328,-154.77601623535156,-628.9926147460938,164.91998571534128,66.4724460361017,-36.71951382613065,469.0000084382719,143.99999693418704,1.0,0.9411764740943909,0.7843137383460999,calibrated_uv_reprojection_plus_stereo_left
189.2896270751953,-154.79461669921875,-629.0360717773438,164.15983504409223,65.25404730552611,-36.71414698670549,469.9999936616706,144.00000026336295,0.9882352948188782,0.929411768913269,0.7686274647712708,calibrated_uv_reprojection_plus_stereo_left
190.50914001464844,-154.68374633789062,-628.5534057617188,163.17923629588313,64.37746646608014,-36.34687516257469,471.00000703949735,144.00000151091746,1.0,0.9607843160629272,0.7764706015586853,calibrated_uv_reprojection_plus_stereo_left
191.77362060546875,-154.6106719970703,-628.2243041992188,162.2638185310957,63.402373135335324,-36.08526587539285,472.0000037130528,143.9999925815555,1.0,0.9843137264251709,0.7960784435272217,calibrated_uv_reprojection_plus_stereo_left
193.04176330566406,-154.54148864746094,-627.9110717773438,161.35569118569634,62.41796180784098,-35.834605713646,473.00000323590217,143.99998933319057,1.0,0.9764705896377563,0.7607843279838562,calibrated_uv_reprojection_plus_stereo_left
194.3290557861328,-154.48841857910156,-627.6633911132812,160.47539848371179,61.391546687882965,-35.62906115069927,474.000007414249,143.99999684109378,1.0,0.9764705896377563,0.7607843279838562,calibrated_uv_reprojection_plus_stereo_left
195.72315979003906,-154.5203857421875,-627.7611694335938,159.73849921481866,60.13859973252903,-35.66108039595633,474.9999908229492,143.99999741296728,1.0,0.9647058844566345,0.6745098233222961,calibrated_uv_reprojection_plus_stereo_left
197.310302734375,-154.70318603515625,-628.4716796875,159.25387496651507,58.48073630353531,-36.11437615191119,476.0000008735515,143.99999759770816,1.0,0.9529411792755127,0.6509804129600525,calibrated_uv_reprojection_plus_stereo_left
198.9687957763672,-154.9390106201172,-629.3975219726562,158.85590400076387,56.67751466343452,-36.715631877542194,476.9999969259911,144.00000004697637,1.0,0.9333333373069763,0.6117647290229797,calibrated_uv_reprojection_plus_stereo_left
200.57481384277344,-155.13099670410156,-630.1452026367188,158.38249509042498,54.98884480916837,-37.19430163850541,477.99999279045414,144.00000446610284,1.0,0.9098039269447327,0.5843137502670288,calibrated_uv_reprojection_plus_stereo_left
202.0556640625,-155.22418212890625,-630.491455078125,157.74307492113547,53.56431635473098,-37.39693582629934,479.0000023412969,144.00000222121156,1.0,0.9019607901573181,0.5803921818733215,calibrated_uv_reprojection_plus_stereo_left
203.5794219970703,-155.3488311767578,-630.9654541015625,157.15473459592334,52.0530474845699,-37.68733115567369,479.99999365444637,143.99999881386373,1.0,0.9058823585510254,0.5882353186607361,calibrated_uv_reprojection_plus_stereo_left
205.0746307373047,-155.45010375976562,-631.344482421875,156.52650687259285,50.60334628422021,-37.91239816452173,481.0000052445331,143.99999985493943,1.0,0.9019607901573181,0.5843137502670288,calibrated_uv_reprojection_plus_stereo_left
206.56512451171875,-155.54644775390625,-631.7034301757812,155.88909681422246,49.16550839316636,-38.12361473169943,482.0000112229758,143.99999707253792,1.0,0.8980392217636108,0.5803921818733215,calibrated_uv_reprojection_plus_stereo_left
208.07241821289062,-155.654052734375,-632.1080932617188,155.26913734102857,47.695372942609936,-38.36620370937072,483.00000239965834,143.99999898704405,1.0,0.8980392217636108,0.5764706134796143,calibrated_uv_reprojection_plus_stereo_left
209.3188018798828,-155.5662841796875,-631.7193603515625,154.32876088524046,46.759092936948605,-38.06358758299467,483.99999982895645,144.00000418629966,1.0,0.8980392217636108,0.5764706134796143,calibrated_uv_reprojection_plus_stereo_left
210.7299346923828,-155.60125732421875,-631.8290405273438,153.58919143705305,45.48670619699976,-38.10344726590995,484.9999953927578,144.0000053134819,1.0,0.8941176533699036,0.572549045085907,calibrated_uv_reprojection_plus_stereo_left
212.11007690429688,-155.6129913330078,-631.8443603515625,152.81148895662778,44.277778500992554,-38.078465081586785,485.99998953635054,144.00000915626504,1.0,0.9058823585510254,0.5803921818733215,calibrated_uv_reprojection_plus_stereo_left
213.49127197265625,-155.6252899169922,-631.8618774414062,152.03450142612064,43.06707552303874,-38.0549731934654,487.0000075966206,143.9999971033817,1.0,0.9490196108818054,0.6235294342041016,calibrated_uv_reprojection_plus_stereo_left
214.97274780273438,-155.71002197265625,-632.1735229492188,151.374260165666,41.6553682863331,-38.23351666329859,488.0000069517697,143.9999957350467,1.0,0.9647058844566345,0.6470588445663452,calibrated_uv_reprojection_plus_stereo_left
216.30517578125,-155.6863555908203,-632.0451049804688,150.53876077254614,40.54354752924809,-38.10977363308399,488.9999971361367,144.00000194937562,1.0,0.9686274528503418,0.6549019813537598,calibrated_uv_reprojection_plus_stereo_left
217.6446533203125,-155.66798400878906,-631.9381103515625,149.71192492836303,39.41729973249511,-38.00074225217753,490.0000013719138,143.9999938903358,0.9882352948188782,0.9529411792755127,0.6509804129600525,calibrated_uv_reprojection_plus_stereo_left
219.01461791992188,-155.67144775390625,-631.9198608398438,148.92016758867942,38.230212462484474,-37.952674198514444,490.9999941567655,144.00000435711192,0.8941176533699036,0.8078431487083435,0.5058823823928833,calibrated_uv_reprojection_plus_stereo_left
220.3948974609375,-155.68211364746094,-631.9307250976562,148.13976668887835,37.022877759376684,-37.924578693440424,492.0000083285364,143.9999936648544,0.7254902124404907,0.5647059082984924,0.29019609093666077,calibrated_uv_reprojection_plus_stereo_left
221.7787628173828,-155.6951141357422,-631.951171875,147.3629677222463,35.8087278168984,-37.90307105874683,492.99999668579915,144.0000032465295,0.572549045085907,0.4117647111415863,0.13725490868091583,calibrated_uv_reprojection_plus_stereo_left
223.1896209716797,-155.72674560546875,-632.0471801757812,146.61547081841536,34.541860699722235,-37.93342640836789,493.9999923454218,144.00000401503576,0.6745098233222961,0.5176470875740051,0.22745098173618317,calibrated_uv_reprojection_plus_stereo_left
224.5580291748047,-155.72850036621094,-632.0218505859375,145.82043616435521,33.35885220973921,-37.880457721505024,495.00001108198035,143.9999924388011,0.9372549057006836,0.8352941274642944,0.545098066329956,calibrated_uv_reprojection_plus_stereo_left
226.0765380859375,-155.8336639404297,-632.416259765625,145.1880194114916,31.882901629586,-38.115624172260596,495.9999945051661,143.99999505551204,1.0,0.9333333373069763,0.6235294342041016,calibrated_uv_reprojection_plus_stereo_left
227.4976043701172,-155.8707275390625,-632.5342407226562,144.44769916155855,30.598648386734908,-38.16099954928973,497.00001184357484,143.9999927300371,1.0,0.9215686321258545,0.6039215922355652,calibrated_uv_reprojection_plus_stereo_left
228.9720458984375,-155.94366455078125,-632.7978515625,143.76305133659065,29.21163207773202,-38.30631720052486,497.99999614307046,144.00000425523882,0.9921568632125854,0.9058823585510254,0.5803921818733215,calibrated_uv_reprojection_plus_stereo_left
230.63265991210938,-156.14173889160156,-633.569091796875,143.27246216982473,27.466267536677663,-38.79995887669901,498.9999972788395,143.99999732258834,0.9921568632125854,0.9372549057006836,0.6039215922355652,calibrated_uv_reprojection_plus_stereo_left
230.99441528320312,-155.4632568359375,-630.78369140625,141.419195465612,28.226729177035168,-36.85288226587738,500.0000095537979,143.9999946671173,0.9803921580314636,0.9450980424880981,0.6235294342041016,calibrated_uv_reprojection_plus_stereo_left
233.04428100585938,-155.9221649169922,-632.61328125,141.33251641796988,25.733316436012387,-38.07274730507015,500.9999952293031,144.000000487999,0.8941176533699036,0.8470588326454163,0.5372549295425415,calibrated_uv_reprojection_plus_stereo_left
235.93080139160156,-156.9321746826172,-636.678466796875,142.09084741880503,21.647179409155115,-40.82624679826148,502.0000004650059,143.99999781622026,0.658823549747467,0.5843137502670288,0.3333333432674408,calibrated_uv_reprojection_plus_stereo_left
140.69387817382812,-118.28877258300781,-485.04351806640625,105.95246387769596,163.6561268639121,61.66786552754127,465.0000069943049,144.9999985762302,1.0,0.7843137383460999,0.7058823704719543,calibrated_uv_reprojection_plus_stereo_left
149.86802673339844,-125.07286834716797,-512.8356323242188,117.11270589715456,144.95005543664394,42.53982696239257,466.00000808184086,144.99999713599965,1.0,0.8627451062202454,0.7647058963775635,calibrated_uv_reprojection_plus_stereo_left
182.72874450683594,-151.380615234375,-620.673583984375,161.9763627771291,74.75263137664456,-31.75066097781672,466.999996495548,144.99999885026887,1.0,0.9647058844566345,0.8117647171020508,calibrated_uv_reprojection_plus_stereo_left
186.50936889648438,-153.3897705078125,-628.8793334960938,164.66035830429286,68.29527121062512,-37.37066633205927,467.99999003979894,145.00000535579647,1.0,0.9764705896377563,0.8196078538894653,calibrated_uv_reprojection_plus_stereo_left
187.92355346679688,-153.4376983642578,-629.0438232421875,163.9511247157588,66.99924335580238,-37.44881061408296,468.9999950593941,145.00000533391358,1.0,0.9686274528503418,0.800000011920929,calibrated_uv_reprojection_plus_stereo_left
189.2481689453125,-153.4122772216797,-628.9075927734375,163.1156056612573,65.89716753163611,-37.31973194889633,469.9999994320638,145.00000400149926,0.9921568632125854,0.9490196108818054,0.7803921699523926,calibrated_uv_reprojection_plus_stereo_left
190.5940399169922,-153.40428161621094,-628.8427734375,162.31008896023036,64.74904372776678,-37.239858335473514,470.9999995172154,144.99999731620176,1.0,0.9764705896377563,0.800000011920929,calibrated_uv_reprojection_plus_stereo_left
191.76925659179688,-153.2599334716797,-628.2191162109375,161.27227346748379,63.96502147023665,-36.77501536185656,472.000005587194,145.0000042815533,0.9960784316062927,0.9686274528503418,0.7882353067398071,calibrated_uv_reprojection_plus_stereo_left
193.0702667236328,-153.2174072265625,-628.0128173828125,160.4088899825856,62.91052082567967,-36.59772340353197,473.00000040770936,145.0000019077914,1.0,0.9529411792755127,0.7568627595901489,calibrated_uv_reprojection_plus_stereo_left
194.3434600830078,-153.1534881591797,-627.7188720703125,159.5096718837077,61.91404231193479,-36.360081973379636,473.9999996911565,145.00000292097423,1.0,0.9725490212440491,0.7764706015586853,calibrated_uv_reprojection_plus_stereo_left
195.68280029296875,-153.1421661376953,-627.6405029296875,158.699882153465,60.77683522612216,-36.270939376748686,475.0000017472131,145.00000150664658,1.0,0.9764705896377563,0.7333333492279053,calibrated_uv_reprojection_plus_stereo_left
197.0799102783203,-153.17584228515625,-627.74658203125,157.96593047691357,59.518201024620964,-36.3088285726995,475.99999958397467,145.00000608743392,1.0,0.9607843160629272,0.7254902124404907,calibrated_uv_reprojection_plus_stereo_left
198.6592559814453,-153.3496856689453,-628.427001953125,157.46681300925536,57.87939927471001,-36.74219376932609,477.00000051070583,145.00000185663833,1.0,0.9529411792755127,0.6470588445663452,calibrated_uv_reprojection_plus_stereo_left
200.2461700439453,-153.5269317626953,-629.1212768554688,156.97155439188037,56.228660276989956,-37.18501565670999,477.999995182211,144.99999499836605,1.0,0.9333333373069763,0.6196078658103943,calibrated_uv_reprojection_plus_stereo_left
201.82386779785156,-153.69468688964844,-629.7766723632812,156.45860527392688,54.60094527970523,-37.6009962083005,479.0000011678593,145.00000377254162,1.0,0.9137254953384399,0.5960784554481506,calibrated_uv_reprojection_plus_stereo_left
203.27017211914062,-153.76077270507812,-630.015380859375,155.77482885641098,53.248321970949576,-37.730026650800426,479.99999853188575,145.00000560693059,1.0,0.9098039269447327,0.5882353186607361,calibrated_uv_reprojection_plus_stereo_left
204.82131958007812,-153.9047088623047,-630.572998046875,155.2193629834864,51.68142095259407,-38.078554926171364,481.0000016444417,145.00000246948872,1.0,0.9019607901573181,0.5843137502670288,calibrated_uv_reprojection_plus_stereo_left
206.34005737304688,-154.0225067138672,-631.0234375,154.61917077384624,50.18406693041442,-38.35323753025358,482.00000557486214,144.99999421450684,1.0,0.8941176533699036,0.5764706134796143,calibrated_uv_reprojection_plus_stereo_left
207.81898498535156,-154.1091766357422,-631.3463745117188,153.96646684968607,48.77055253710944,-38.54011625074406,483.00000201280477,144.99999881251534,1.0,0.9019607901573181,0.5843137502670288,calibrated_uv_reprojection_plus_stereo_left
209.1680908203125,-154.09902954101562,-631.2726440429688,153.15384202950958,47.62304780395243,-38.45395619725451,483.99999542887724,145.00000069522707,1.0,0.8941176533699036,0.5764706134796143,calibrated_uv_reprojection_plus_stereo_left
210.57485961914062,-154.13116455078125,-631.3720703125,152.41047126667507,46.358552162559135,-38.486953131208054,485.0000049292428,144.99999416577643,1.0,0.8941176533699036,0.572549045085907,calibrated_uv_reprojection_plus_stereo_left
211.95953369140625,-154.14675903320312,-631.40380859375,151.63976354349506,45.13940624127292,-38.47336697466818,486.00000316539365,145.00000179266422,1.0,0.929411768913269,0.6000000238418579,calibrated_uv_reprojection_plus_stereo_left
213.35806274414062,-154.17213439941406,-631.4755249023438,150.8847476962177,43.89277088855715,-38.48726942238568,487.0000004106008,144.99999584753124,1.0,0.95686274766922,0.6352941393852234,calibrated_uv_reprojection_plus_stereo_left
214.8523406982422,-154.265869140625,-631.8272705078125,150.2402817867631,42.45477571486106,-38.693825578009466,487.99999927306715,145.0000010244993,1.0,0.9647058844566345,0.6470588445663452,calibrated_uv_reprojection_plus_stereo_left
216.15267944335938,-154.2200164794922,-631.6072387695312,149.36918475717857,41.40615067944543,-38.5069803904089,488.999994931145,144.99999592419053,1.0,0.9607843160629272,0.6470588445663452,calibrated_uv_reprojection_plus_stereo_left
217.5329132080078,-154.23130798339844,-631.621337890625,148.5906019547853,40.197674384880486,-38.48122100177437,489.9999955022828,145.0000073282363,1.0,0.9686274528503418,0.6470588445663452,calibrated_uv_reprojection_plus_stereo_left
218.90005493164062,-154.2332000732422,-631.5968627929688,147.79674745232052,39.01546626513863,-38.428912410204646,490.9999994785121,145.0000049986046,1.0,0.9647058844566345,0.6431372761726379,calibrated_uv_reprojection_plus_stereo_left
220.24256896972656,-154.2177734375,-631.50146484375,146.97510683248788,37.882054033553175,-38.327821921388875,492.0000056354552,145.00000223100966,0.9764705896377563,0.8666666746139526,0.5607843399047852,calibrated_uv_reprojection_plus_stereo_left
221.66241455078125,-154.25631713867188,-631.6270751953125,146.23971698847328,36.59607372647042,-38.37873006543532,492.9999941959074,145.00000176362323,0.729411780834198,0.6078431606292725,0.29411765933036804,calibrated_uv_reprojection_plus_stereo_left
222.9583282470703,-154.2086181640625,-631.3995361328125,145.3667133162469,35.554199702695996,-38.186769486143305,493.99999217315735,144.99999860193168,0.7372549176216125,0.5960784554481506,0.2980392277240753,calibrated_uv_reprojection_plus_stereo_left
224.33737182617188,-154.2185821533203,-631.4081420898438,144.58557663877195,34.348873536707686,-38.15720829627446,494.99999660561934,145.00000278377476,0.9686274528503418,0.8823529481887817,0.5843137502670288,calibrated_uv_reprojection_plus_stereo_left
226.06358337402344,-154.46560668945312,-632.3872680664062,144.1788856841306,32.46695762420637,-38.79491947582676,495.99998739992986,145.0000054790127,1.0,0.95686274766922,0.6313725709915161,calibrated_uv_reprojection_plus_stereo_left
227.40699768066406,-154.44961547851562,-632.2894897460938,143.3553329969924,31.333675143759706,-38.6921436982293,497.0000059644624,144.99999769223592,1.0,0.9529411792755127,0.6196078658103943,calibrated_uv_reprojection_plus_stereo_left
228.81546020507812,-154.47769165039062,-632.3721923828125,142.60112069523012,30.07415497593962,-38.71345365189717,497.99999437497615,145.0000042768366,0.9960784316062927,0.9411764740943909,0.6000000238418579,calibrated_uv_reprojection_plus_stereo_left
230.3153076171875,-154.56671142578125,-632.7042846679688,141.94189885439278,28.63887310487104,-38.90616548795413,499.0000048779733,144.99999952662688,0.9960784316062927,0.95686274766922,0.6117647290229797,calibrated_uv_reprojection_plus_stereo_left
230.86065673828125,-154.01785278320312,-630.4254150390625,140.2870136462526,29.04169051899339,-37.3042650082005,499.99999444712125,145.00000164866913,1.0,0.9686274528503418,0.6274510025978088,calibrated_uv_reprojection_plus_stereo_left
232.64129638671875,-154.29466247558594,-631.5261840820312,139.92103973745196,27.06545443898017,-38.02532417957303,501.0000063772433,144.9999967742702,0.9882352948188782,0.9607843160629272,0.6196078658103943,calibrated_uv_reprojection_plus_stereo_left
234.52938842773438,-154.63905334472656,-632.9034423828125,139.6568647777886,24.88901651258766,-38.93626235524647,502.0000054241958,144.99999395732033,0.95686274766922,0.9215686321258545,0.6274510025978088,calibrated_uv_reprojection_plus_stereo_left
237.49452209472656,-155.6854248046875,-637.153564453125,140.4729221229212,20.666758211839806,-41.82115515119045,502.99999015597507,145.0000097414393,0.8509804010391235,0.7803921699523926,0.5647059082984924,calibrated_uv_reprojection_plus_stereo_left
141.6225128173828,-117.15283966064453,-484.6277160644531,104.41370524143379,163.43630019331653,61.446980739239336,465.9999967971422,145.99999990904956,1.0,0.7607843279838562,0.6941176652908325,calibrated_uv_reprojection_plus_stereo_left
149.67242431640625,-122.905517578125,-508.399169921875,113.80613769210329,147.2805957525958,45.065146033241774,466.9999944946775,146.00000492219075,1.0,0.8745098114013672,0.7568627595901489,calibrated_uv_reprojection_plus_stereo_left
183.10971069335938,-149.27020263671875,-617.425537109375,158.86996824625982,76.21931042615364,-30.158841703200267,467.99999957218233,146.00000755721294,1.0,0.9411764740943909,0.8156862854957581,calibrated_uv_reprojection_plus_stereo_left
187.7766571044922,-151.9701690673828,-628.5615234375,162.7591570478511,67.87015108376079,-37.81001207182652,468.99999493702074,146.00000222024983,1.0,0.9882352948188782,0.8235294222831726,calibrated_uv_reprojection_plus_stereo_left
189.28831481933594,-152.09605407714844,-629.05029296875,162.18475737363133,66.36467503653517,-38.1121784422279,470.0000066630157,145.99999640437528,1.0,0.9764705896377563,0.8117647171020508,calibrated_uv_reprojection_plus_stereo_left
190.5928192138672,-152.05482482910156,-628.8479614257812,161.32195361268492,65.30546948115654,-37.93739826858143,471.0000007359163,146.0000051741563,1.0,0.95686274766922,0.7921568751335144,calibrated_uv_reprojection_plus_stereo_left
191.7185516357422,-151.87252807617188,-628.0621337890625,160.21789435041308,64.62640495415445,-37.36000715151573,472.00000368905984,145.9999901328489,0.9882352948188782,0.9372549057006836,0.7686274647712708,calibrated_uv_reprojection_plus_stereo_left
193.10523986816406,-151.89797973632812,-628.1356201171875,159.47046387402565,63.38952580229187,-37.37559449106243,472.99999546776957,146.00000159848983,0.9960784316062927,0.9372549057006836,0.7686274647712708,calibrated_uv_reprojection_plus_stereo_left
194.3463897705078,-151.80934143066406,-627.7372436523438,158.52848248683677,62.46090650590361,-37.06562549716239,474.0000028847753,145.99999805459174,0.9960784316062927,0.9450980424880981,0.7764706015586853,calibrated_uv_reprojection_plus_stereo_left
195.65301513671875,-151.77267456054688,-627.5537719726562,157.67557910158456,61.39259202037937,-36.90394072842844,475.0000076595678,145.99999025294238,1.0,0.9725490212440491,0.7882353067398071,calibrated_uv_reprojection_plus_stereo_left
196.9163055419922,-151.70306396484375,-627.2341918945312,156.76731022651921,60.414386557308546,-36.64839824156883,476.0000006092316,145.99999809528617,1.0,0.9686274528503418,0.7843137383460999,calibrated_uv_reprojection_plus_stereo_left
198.33106994628906,-151.750244140625,-627.3974609375,156.05669178549618,59.11851158562848,-36.72591093947295,477.0000062131803,145.9999989901133,1.0,0.9647058844566345,0.7019608020782471,calibrated_uv_reprojection_plus_stereo_left
199.86819458007812,-151.8897247314453,-627.9423217773438,155.50075327229132,57.5692793827954,-37.066573076773295,478.00000044677444,146.00000429549576,1.0,0.9529411792755127,0.686274528503418,calibrated_uv_reprojection_plus_stereo_left
201.4610137939453,-152.06932067871094,-628.6528930664062,155.01054111511098,55.90778658906993,-37.52143541541574,479.00000366689943,145.9999978474543,1.0,0.9450980424880981,0.6274510025978088,calibrated_uv_reprojection_plus_stereo_left
202.9221954345703,-152.14776611328125,-628.9452514648438,154.34939436432552,54.5218191136496,-37.68783365398633,480.00000324754956,145.99999102382287,1.0,0.9137254953384399,0.5843137502670288,calibrated_uv_reprojection_plus_stereo_left
204.4674530029297,-152.2877197265625,-629.4918823242188,153.78986143414448,52.964816858146435,-38.02952049498782,481.0000056233515,145.99999471640848,1.0,0.8901960849761963,0.572549045085907,calibrated_uv_reprojection_plus_stereo_left
206.0208282470703,-152.43177795410156,-630.055419921875,153.2356442920721,51.394239244279674,-38.382796985919754,482.0000094332361,145.99999862999016,1.0,0.8980392217636108,0.5803921818733215,calibrated_uv_reprojection_plus_stereo_left
207.52627563476562,-152.53868103027344,-630.46533203125,152.6183917243364,49.9245003018375,-38.63009922392291,482.9999975837742,146.0000032340223,1.0,0.9058823585510254,0.5882353186607361,calibrated_uv_reprojection_plus_stereo_left
208.95071411132812,-152.58497619628906,-630.6246948242188,151.89995853633013,48.621696005326385,-38.70463772843351,483.999996099931,146.0000054086513,1.0,0.9098039269447327,0.5921568870544434,calibrated_uv_reprojection_plus_stereo_left
210.35562133789062,-152.616455078125,-630.7227783203125,151.1566219976396,47.35947254353448,-38.73691158474361,484.99999644333326,146.00000286407322,1.0,0.9058823585510254,0.5843137502670288,calibrated_uv_reprojection_plus_stereo_left
211.7979278564453,-152.6744384765625,-630.9303588867188,150.45637043110503,46.02255171255439,-38.844633606624654,486.00000025210653,145.99999703176053,1.0,0.9137254953384399,0.5882353186607361,calibrated_uv_reprojection_plus_stereo_left
213.2190399169922,-152.71644592285156,-631.0719604492188,149.7293833712917,44.72947731482725,-38.90686534511627,486.99999216747227,146.00000265138232,1.0,0.9450980424880981,0.615686297416687,calibrated_uv_reprojection_plus_stereo_left
214.7209930419922,-152.81539916992188,-631.4487915039062,149.0946740570273,43.27549759572861,-39.13116536648033,488.0000025235695,145.999998198762,1.0,0.9607843160629272,0.6274510025978088,calibrated_uv_reprojection_plus_stereo_left
216.05404663085938,-152.79360961914062,-631.3267211914062,148.2628081227682,42.16054693326572,-39.01165654627209,489.0000012538086,146.00000045692957,1.0,0.9647058844566345,0.6313725709915161,calibrated_uv_reprojection_plus_stereo_left
217.40272521972656,-152.78302001953125,-631.2509155273438,147.4492489796508,41.01418844858284,-38.9240294352162,490.00000888887047,145.999999652172,1.0,0.9686274528503418,0.6313725709915161,calibrated_uv_reprojection_plus_stereo_left
218.8037567138672,-152.80908203125,-631.3265380859375,146.69490911815,39.763979620892485,-38.94072976144065,491.0000096750226,145.999998863886,1.0,0.9725490212440491,0.6352941393852234,calibrated_uv_reprojection_plus_stereo_left
220.12405395507812,-152.77874755859375,-631.169189453125,145.84956371815213,38.67371207623279,-38.79693167786269,491.9999926707163,146.0000033403092,1.0,0.9686274528503418,0.6352941393852234,calibrated_uv_reprojection_plus_stereo_left
221.4796142578125,-152.77304077148438,-631.1135864257812,145.04395918823354,37.51359084803653,-38.723229261105246,492.9999986808183,146.00000728276027,1.0,0.9333333373069763,0.6000000238418579,calibrated_uv_reprojection_plus_stereo_left
222.86585998535156,-152.7884063720703,-631.14501953125,144.2720550712924,36.29326028092066,-38.709474166914276,493.9999924284384,146.00000913404142,0.9882352948188782,0.9098039269447327,0.5921568870544434,calibrated_uv_reprojection_plus_stereo_left
224.1657257080078,-152.74468994140625,-630.9323120117188,143.40581517735404,35.24207459620544,-38.52755698264184,494.9999959073149,145.999995657007,1.0,0.9647058844566345,0.6431372761726379,calibrated_uv_reprojection_plus_stereo_left
225.88818359375,-152.98764038085938,-631.90380859375,142.99514574507606,33.367280200625316,-39.16118165737703,495.9999907399307,146.00000561729863,1.0,0.9686274528503418,0.6313725709915161,calibrated_uv_reprojection_plus_stereo_left
227.1920166015625,-152.94581604003906,-631.6989135742188,142.13123470509964,32.30963543715711,-38.984617417383845,497.0000004387418,145.99999656321404,1.0,0.9686274528503418,0.6313725709915161,calibrated_uv_reprojection_plus_stereo_left
228.55215454101562,-152.94210815429688,-631.6515502929688,141.3278629113491,31.142358560083892,-38.91654998075791,498.0000006332366,146.00000432463764,1.0,0.9686274528503418,0.6235294342041016,calibrated_uv_reprojection_plus_stereo_left
230.08984375,-153.0565185546875,-632.0919189453125,140.71015113273,29.632802693519523,-39.18426966833755,499.0000048428392,145.9999992561722,1.0,0.9647058844566345,0.6196078658103943,calibrated_uv_reprojection_plus_stereo_left
230.6285400390625,-152.50892639160156,-629.7984619140625,139.05400842263373,30.045043836668015,-37.569891429466395,499.9999988530446,145.9999975807633,1.0,0.9686274528503418,0.6235294342041016,calibrated_uv_reprojection_plus_stereo_left
232.3336639404297,-152.73451232910156,-630.697998046875,138.61090304163872,28.213020167651564,-38.15373899742025,500.99999357035495,146.00000003230738,1.0,0.9725490212440491,0.6274510025978088,calibrated_uv_reprojection_plus_stereo_left
234.00216674804688,-152.9334716796875,-631.4874877929688,138.12394986418388,26.45522455132061,-38.66173223207852,502.00000399001874,146.00000176957786,1.0,0.9647058844566345,0.6666666865348816,calibrated_uv_reprojection_plus_stereo_left
236.49546813964844,-153.666015625,-634.4800415039062,138.46255280214388,23.131523630165987,-40.6859148149714,502.99999568344447,146.0000038298894,0.9647058844566345,0.8941176533699036,0.6549019813537598,calibrated_uv_reprojection_plus_stereo_left
242.41127014160156,-156.60104370117188,-646.5657348632812,142.1982987454195,13.328731204765973,-48.967690294290946,503.99999900232456,145.99999783318734,0.7647058963775635,0.6666666865348816,0.4588235318660736,calibrated_uv_reprojection_plus_stereo_left
142.6568145751953,-116.10581970214844,-484.5762939453125,103.02963665602972,162.98393716900722,60.974959257563,467.000006764361,146.99999784094283,1.0,0.7803921699523926,0.6980392336845398,calibrated_uv_reprojection_plus_stereo_left
151.9801788330078,-122.79493713378906,-512.468017578125,114.07546288620479,144.1589210668149,41.71973820743398,467.9999894563805,147.00000464743226,1.0,0.8627451062202454,0.7607843279838562,calibrated_uv_reprojection_plus_stereo_left
183.2063751220703,-146.95652770996094,-613.2721557617188,155.404691948775,78.27538106868997,-27.93448083417752,469.0000036217601,146.9999939074143,1.0,0.9725490212440491,0.8196078538894653,calibrated_uv_reprojection_plus_stereo_left
188.9858856201172,-150.50637817382812,-628.0545654296875,160.78094238264043,67.56771767137326,-38.118057794781635,470.0000042986758,146.9999959076836,1.0,0.9803921580314636,0.8235294222831726,calibrated_uv_reprojection_plus_stereo_left
190.6012725830078,-150.71299743652344,-628.8850708007812,160.34701292522186,65.841227294828,-38.65701151528259,471.00000154642356,146.9999981474599,1.0,0.9803921580314636,0.8117647171020508,calibrated_uv_reprojection_plus_stereo_left
191.5355682373047,-150.38189697265625,-627.4718017578125,158.98519019480312,65.5690471753652,-37.64518532459368,472.00000185193403,146.9999936131379,1.0,0.9647058844566345,0.7921568751335144,calibrated_uv_reprojection_plus_stereo_left
192.99664306640625,-150.466064453125,-627.7913818359375,158.33951896403363,64.17304232047667,-37.83100082482406,472.99999762958447,147.00000399026828,0.9960784316062927,0.9490196108818054,0.772549033164978,calibrated_uv_reprojection_plus_stereo_left
194.3223114013672,-150.44418334960938,-627.6683959960938,157.51145013081782,63.06481049279239,-37.71095595337579,474.00000219570205,146.99999959606157,1.0,0.95686274766922,0.7803921699523926,calibrated_uv_reprojection_plus_stereo_left
195.6486358642578,-150.42306518554688,-627.548583984375,156.68487199256037,61.95478768209125,-37.593110489090634,475.0000009791241,146.999992211823,1.0,0.9490196108818054,0.7803921699523926,calibrated_uv_reprojection_plus_stereo_left
196.7850341796875,-150.25714111328125,-626.8247680664062,155.61225215579105,61.24199742029714,-37.05798848507209,476.0000043999844,146.9999977995516,1.0,0.9607843160629272,0.7921568751335144,calibrated_uv_reprojection_plus_stereo_left
198.11572265625,-150.24078369140625,-626.7249145507812,154.79488437080448,60.12052047153156,-36.95398746471756,476.9999967104852,147.0000000251186,1.0,0.9686274528503418,0.7607843279838562,calibrated_uv_reprojection_plus_stereo_left
199.5497283935547,-150.3024139404297,-626.9503784179688,154.109443947484,58.78420650422197,-37.074711396537054,477.9999879499721,147.00000319457843,1.0,0.9647058844566345,0.7607843279838562,calibrated_uv_reprojection_plus_stereo_left
201.05018615722656,-150.41287231445312,-627.37939453125,153.50553644980045,57.31188553282766,-37.33598936017063,479.0000030568061,146.9999914439038,1.0,0.95686274766922,0.6666666865348816,calibrated_uv_reprojection_plus_stereo_left
202.4511260986328,-150.44784545898438,-627.49365234375,152.77370632713354,56.04705267335402,-37.37984108480208,479.99998859273774,147.00000203037888,1.0,0.9372549057006836,0.6392157077789307,calibrated_uv_reprojection_plus_stereo_left
204.0932159423828,-150.66030883789062,-628.3480834960938,152.33858742980868,54.288110386624,-37.934830199375824,480.99999523556323,147.0000027794648,1.0,0.9098039269447327,0.5882353186607361,calibrated_uv_reprojection_plus_stereo_left
205.66854858398438,-150.8209686279297,-628.986328125,151.81472197529035,52.670274009888146,-38.34042558695046,482.0000066133641,146.99999418931924,0.9921568632125854,0.8941176533699036,0.5686274766921997,calibrated_uv_reprojection_plus_stereo_left
207.205810546875,-150.9517364501953,-629.4999389648438,151.23943497545895,51.13343644382695,-38.659898130312456,482.9999942705314,147.0000016426381,0.9960784316062927,0.9098039269447327,0.5882353186607361,calibrated_uv_reprojection_plus_stereo_left
208.6468963623047,-151.01113891601562,-629.7158203125,150.54434552762575,49.794622120839506,-38.773735615984435,484.00000197059785,146.99999511946447,1.0,0.9058823585510254,0.5882353186607361,calibrated_uv_reprojection_plus_stereo_left
210.10256958007812,-151.0802001953125,-629.9720458984375,149.86458851294213,48.427627550620855,-38.915408413307546,484.999997077903,147.00000548119033,1.0,0.9058823585510254,0.5882353186607361,calibrated_uv_reprojection_plus_stereo_left
211.5835418701172,-151.16641235351562,-630.2996215820312,149.21228474955296,47.01120080228168,-39.106284848333246,486.00000850220664,146.9999927406847,1.0,0.9019607901573181,0.5803921818733215,calibrated_uv_reprojection_plus_stereo_left
213.07232666015625,-151.2570037841797,-630.6455688476562,148.56627708169918,45.5809325730832,-39.30981973371473,486.99999751124665,147.00000655306937,1.0,0.9019607901573181,0.5764706134796143,calibrated_uv_reprojection_plus_stereo_left
214.62290954589844,-151.38999938964844,-631.1681518554688,147.9886712148741,44.02903561962728,-39.635211363484416,487.9999997085738,147.00000028522254,1.0,0.9333333373069763,0.6039215922355652,calibrated_uv_reprojection_plus_stereo_left
215.9611053466797,-151.3723907470703,-631.0628662109375,147.1638356546501,42.903099430902046,-39.52722074115189,488.999998099081,147.00000275740024,1.0,0.9607843160629272,0.6313725709915161,calibrated_uv_reprojection_plus_stereo_left
217.30255126953125,-151.3572235107422,-630.9677124023438,146.34309951167177,41.77043896042471,-39.42622188502173,490.0000026888598,146.99999616591384,1.0,0.9725490212440491,0.6352941393852234,calibrated_uv_reprojection_plus_stereo_left
218.69692993164062,-151.3788299560547,-631.0259399414062,145.58214375056752,40.53281632293874,-39.431078409105,490.9999916739979,147.0000044625059,1.0,0.9686274528503418,0.6313725709915161,calibrated_uv_reprojection_plus_stereo_left
220.06715393066406,-151.3834991455078,-631.0134887695312,144.79351090060402,39.34335130145638,-39.38714674458646,492.000002614687,147.00000083175726,1.0,0.9686274528503418,0.6313725709915161,calibrated_uv_reprojection_plus_stereo_left
221.3393096923828,-151.32102966308594,-630.72119140625,143.8966319718176,38.34670625135402,-39.15013762474467,493.00000025699933,146.99999679844612,1.0,0.9686274528503418,0.6313725709915161,calibrated_uv_reprojection_plus_stereo_left
222.64910888671875,-151.2848358154297,-630.5385131835938,143.0425800023839,37.27521121632418,-38.988788918679745,493.9999970334533,147.0000070011083,1.0,0.9647058844566345,0.6313725709915161,calibrated_uv_reprojection_plus_stereo_left
223.93841552734375,-151.23521423339844,-630.2998046875,142.16735844230567,36.24306160005983,-38.78879468163967,494.9999935858982,147.00000281384092,1.0,0.9647058844566345,0.6313725709915161,calibrated_uv_reprojection_plus_stereo_left
225.67303466796875,-151.48504638671875,-631.30908203125,141.77031958444195,34.34407349860396,-39.44963165069612,496.0000096280924,146.9999992178677,1.0,0.9725490212440491,0.6274510025978088,calibrated_uv_reprojection_plus_stereo_left
227.13311767578125,-151.5486602783203,-631.5422973632812,141.07455212368149,32.98206059061965,-39.57510618309817,496.999998136468,147.00000683575178,1.0,0.9725490212440491,0.6274510025978088,calibrated_uv_reprojection_plus_stereo_left
228.4501953125,-151.51663208007812,-631.3768310546875,140.2264684408085,31.89760743309091,-39.425585556868555,498.0000017927164,146.99999544983064,1.0,0.9686274528503418,0.6235294342041016,calibrated_uv_reprojection_plus_stereo_left
229.9351348876953,-151.59559631347656,-631.6739501953125,139.5540191295613,30.489415151874823,-39.59508394397511,498.9999959538843,146.99999926346126,1.0,0.9647058844566345,0.6196078658103943,calibrated_uv_reprojection_plus_stereo_left
230.35076904296875,-150.97274780273438,-629.046875,137.77587551559049,31.134898876039756,-37.748212163805874,499.9999889831606,147.0000086022126,1.0,0.9647058844566345,0.6235294342041016,calibrated_uv_reprojection_plus_stereo_left
232.03561401367188,-151.1841278076172,-629.8956909179688,137.31309352045974,29.34084055983601,-38.298169710012075,501.0000119162502,146.9999983821421,1.0,0.95686274766922,0.615686297416687,calibrated_uv_reprojection_plus_stereo_left
233.87583923339844,-151.49365234375,-631.1533813476562,137.0015566875781,27.254523747981125,-39.12992445705237,502.00000305109637,147.00000130306992,0.9490196108818054,0.8588235378265381,0.5490196347236633,calibrated_uv_reprojection_plus_stereo_left
236.56939697265625,-152.3490753173828,-634.6851196289062,137.53746849437147,23.552157980631534,-41.529182458826824,503.00000561045556,146.99999919419827,0.8627451062202454,0.7254902124404907,0.4431372582912445,calibrated_uv_reprojection_plus_stereo_left
143.72633361816406,-115.08709716796875,-484.6438293457031,101.69511942681065,162.45533368218042,60.420591916514354,468.0000042809888,147.9999939642462,1.0,0.7607843279838562,0.6901960968971252,calibrated_uv_reprojection_plus_stereo_left
148.89498901367188,-118.3654556274414,-498.4243469238281,106.81015586269821,152.67663633244211,50.90633669487545,469.00000418998764,147.9999987743523,1.0,0.8666666746139526,0.7529411911964417,calibrated_uv_reprojection_plus_stereo_left
185.3623046875,-146.2996826171875,-616.021484375,154.81657266547745,75.88768613914073,-30.48040196838133,470.0000055320546,147.9999985102448,1.0,0.9372549057006836,0.8078431487083435,calibrated_uv_reprojection_plus_stereo_left
191.09800720214844,-149.75363159179688,-630.5333251953125,160.03611404728133,65.33489706477388,-40.49205644334711,470.99999219081155,148.00000038050115,1.0,0.9882352948188782,0.8196078538894653,calibrated_uv_reprojection_plus_stereo_left
191.39427185058594,-148.92620849609375,-627.0180053710938,157.81044183144462,66.42206611301577,-38.023582834679814,472.00000366252004,148.00000044404754,1.0,0.9843137264251709,0.8156862854957581,calibrated_uv_reprojection_plus_stereo_left
192.75173950195312,-148.9302978515625,-627.0037231445312,157.0279550939424,65.24445162378197,-37.97873685629264,473.0000036665835,147.99999725447165,1.0,0.9647058844566345,0.8039215803146362,calibrated_uv_reprojection_plus_stereo_left
194.16201782226562,-148.97479248046875,-627.1595458984375,156.3148739119797,63.95570960488658,-38.051616815450416,474.00000469521973,147.99999561668483,1.0,0.9529411792755127,0.7921568751335144,calibrated_uv_reprojection_plus_stereo_left
195.56866455078125,-149.01583862304688,-627.3009033203125,155.5953879447527,62.675675811236545,-38.11447243014891,475.00000017899316,148.0000066344918,0.9960784316062927,0.9411764740943909,0.7882353067398071,calibrated_uv_reprojection_plus_stereo_left
196.69052124023438,-148.84078979492188,-626.532470703125,154.5060418086893,61.99202498812832,-37.54773117283429,475.99999700234946,147.9999933604196,1.0,0.9411764740943909,0.7843137383460999,calibrated_uv_reprojection_plus_stereo_left
198.0820770263672,-148.87074279785156,-626.6271362304688,153.76784479661472,60.74301263827374,-37.578287150230835,476.9999922222526,148.0000032810097,1.0,0.9529411792755127,0.7764706015586853,calibrated_uv_reprojection_plus_stereo_left
199.42933654785156,-148.86717224121094,-626.5806274414062,152.9723220057926,59.586630017925586,-37.51114512883714,477.99999975885976,148.00000274981267,1.0,0.9686274528503418,0.7882353067398071,calibrated_uv_reprojection_plus_stereo_left
200.82313537597656,-148.8981170654297,-626.6793823242188,152.235249479255,58.33409149349529,-37.544498500688064,478.9999942220344,148.0000014729918,1.0,0.9725490212440491,0.7333333492279053,calibrated_uv_reprojection_plus_stereo_left
202.3733367919922,-149.04376220703125,-627.2608642578125,151.6914114459774,56.760496648123876,-37.91176812222602,480.0000048643521,148.00000340297362,1.0,0.95686274766922,0.7137255072593689,calibrated_uv_reprojection_plus_stereo_left
203.8990478515625,-149.16952514648438,-627.7586059570312,151.11254665326703,55.24029419563044,-38.22104402596534,480.99999426940866,148.00000423075727,1.0,0.9450980424880981,0.6392157077789307,calibrated_uv_reprojection_plus_stereo_left
205.43798828125,-149.3031768798828,-628.2894897460938,150.54552795672151,53.69587786885597,-38.553181187237385,481.99999713461676,148.00000508853554,0.9960784316062927,0.9254902005195618,0.6078431606292725,calibrated_uv_reprojection_plus_stereo_left
206.95272827148438,-149.4175567626953,-628.7391967773438,149.94482006690532,52.20361844602553,-38.829109574374456,483.0000002519919,148.00000174729286,1.0,0.9098039269447327,0.5882353186607361,calibrated_uv_reprojection_plus_stereo_left
208.4629364013672,-149.5271453857422,-629.168701171875,149.3348752514591,50.72304133556389,-39.091012542598435,484.00000014754124,147.99999974650763,1.0,0.9098039269447327,0.5843137502670288,calibrated_uv_reprojection_plus_stereo_left
209.96322631835938,-149.62818908691406,-629.5621948242188,148.70951932797084,49.26488927617061,-39.327959935871945,485.00000933330557,147.99999606825844,1.0,0.9058823585510254,0.5843137502670288,calibrated_uv_reprojection_plus_stereo_left
211.46591186523438,-149.72958374023438,-629.9572143554688,148.08367377834224,47.804074468699525,-39.56592534687718,485.9999899462114,148.00000868184446,1.0,0.9098039269447327,0.5921568870544434,calibrated_uv_reprojection_plus_stereo_left
212.96705627441406,-149.82855224609375,-630.3418579101562,147.45265797230007,46.34856175877155,-39.79665161665412,486.9999958968816,147.99999960897358,1.0,0.9098039269447327,0.5882353186607361,calibrated_uv_reprojection_plus_stereo_left
214.33021545410156,-149.82974243164062,-630.3151245117188,146.6596450814386,45.170749692006154,-39.74294009664834,488.00001132541547,147.9999919752023,1.0,0.8980392217636108,0.572549045085907,calibrated_uv_reprojection_plus_stereo_left
215.68603515625,-149.82577514648438,-630.2667846679688,145.85816057308824,44.00761227068352,-39.67430263618593,488.9999980147162,148.00000022203258,1.0,0.9215686321258545,0.5921568870544434,calibrated_uv_reprojection_plus_stereo_left
217.06747436523438,-149.83949279785156,-630.2927856445312,145.08556930534718,42.793690200686,-39.65704310763334,489.99999723075814,147.9999997643107,1.0,0.9647058844566345,0.6274510025978088,calibrated_uv_reprojection_plus_stereo_left
218.42410278320312,-149.83596801757812,-630.2462158203125,144.28467434085047,41.629162028541316,-39.58961337884995,491.000008280461,147.99999279813227,1.0,0.9686274528503418,0.6313725709915161,calibrated_uv_reprojection_plus_stereo_left
219.7953643798828,-149.8424072265625,-630.2416381835938,143.4999883905557,40.43581756405689,-39.55121443142309,492.00000538058197,148.00000040164832,1.0,0.9686274528503418,0.6313725709915161,calibrated_uv_reprojection_plus_stereo_left
221.19265747070312,-149.86636352539062,-630.3106689453125,142.74353414092673,39.19160861743302,-39.563668766391686,493.00000953055815,147.9999973663236,1.0,0.9686274528503418,0.6274510025978088,calibrated_uv_reprojection_plus_stereo_left
222.4875030517578,-149.8209991455078,-630.0881958007812,141.87494488116823,38.14825390400176,-39.374693370693024,493.999993742043,148.00000183166213,1.0,0.9725490212440491,0.6274510025978088,calibrated_uv_reprojection_plus_stereo_left
223.81842041015625,-149.80026245117188,-629.9692993164062,141.04638622143852,37.03381993379412,-39.25729882191206,495.0000009121061,148.00000467038583,1.0,0.9725490212440491,0.6274510025978088,calibrated_uv_reprojection_plus_stereo_left
224.9268798828125,-149.6317596435547,-629.22900390625,139.981130594121,36.35108335573722,-38.71060702891339,495.9999917797978,148.00000348768873,1.0,0.9725490212440491,0.6235294342041016,calibrated_uv_reprojection_plus_stereo_left
226.44525146484375,-149.7362823486328,-629.6368408203125,139.3538527673229,34.87168433083025,-38.95713267689143,496.9999898447929,148.00000200757046,1.0,0.9647058844566345,0.6196078658103943,calibrated_uv_reprojection_plus_stereo_left
227.8396759033203,-149.75802612304688,-629.6965942382812,138.5936000502054,33.63352974799648,-38.963170654072314,497.9999945359063,148.00000547300846,1.0,0.9607843160629272,0.615686297416687,calibrated_uv_reprojection_plus_stereo_left
229.2459716796875,-149.7872314453125,-629.7876586914062,137.84490542909384,32.37304066784236,-38.99081674758946,499.0000011514036,148.00000008378862,1.0,0.95686274766922,0.6117647290229797,calibrated_uv_reprojection_plus_stereo_left
231.79942321777344,-150.5611572265625,-633.0098266601562,138.2739268887624,28.914445341473822,-41.180924779727604,499.99999401484285,148.00000547054339,1.0,0.9450980424880981,0.6039215922355652,calibrated_uv_reprojection_plus_stereo_left
232.93988037109375,-150.41355895996094,-632.3573608398438,137.2418215875427,28.17020153100782,-40.69488813827314,501.00000619915,147.99999312490502,0.9215686321258545,0.8352941274642944,0.501960813999176,calibrated_uv_reprojection_plus_stereo_left
234.24273681640625,-150.37188720703125,-632.1503295898438,136.37770356926524,27.113952377120768,-40.51651355512843,502.000003072894,147.9999925461737,0.800000011920929,0.6745098233222961,0.364705890417099,calibrated_uv_reprojection_plus_stereo_left
235.98507690429688,-150.6111297607422,-633.124267578125,135.95389828422952,25.22270827983101,-41.15359366043202,502.9999937400223,148.0000047496544,0.729411780834198,0.5803921818733215,0.29411765933036804,calibrated_uv_reprojection_plus_stereo_left
144.81101989746094,-114.07948303222656,-484.7605895996094,100.3803239184766,161.89491322948913,59.83185445951091,468.99999693996233,149.00000421722916,1.0,0.7843137383460999,0.6901960968971252,calibrated_uv_reprojection_plus_stereo_left
153.533447265625,-120.08419036865234,-510.2510070800781,110.27961644520964,144.56002212896556,42.18325077532313,470.0000069756319,148.99999660305087,1.0,0.843137264251709,0.7372549176216125,calibrated_uv_reprojection_plus_stereo_left
188.76145935058594,-146.5869140625,-622.8329467773438,155.88087012884563,70.87039610729471,-35.84873562106486,470.9999934763173,149.0000055284708,0.9960784316062927,0.929411768913269,0.800000011920929,calibrated_uv_reprojection_plus_stereo_left
191.4105224609375,-147.5939483642578,-627.0803833007812,156.84845655841536,66.93988652348713,-38.758853453276686,471.9999948459464,149.00000222723082,1.0,0.9686274528503418,0.8313725590705872,calibrated_uv_reprojection_plus_stereo_left
192.86878967285156,-147.67503356933594,-627.3934936523438,156.19946952028175,65.54944058092303,-38.94100362471812,473.0000023838088,148.99999439208375,1.0,0.9803921580314636,0.8196078538894653,calibrated_uv_reprojection_plus_stereo_left
194.22398376464844,-147.6765594482422,-627.36865234375,155.4120568975684,64.37787378640729,-38.88885542389079,473.99999725068307,148.99999928348225,1.0,0.9647058844566345,0.8039215803146362,calibrated_uv_reprojection_plus_stereo_left
195.6457977294922,-147.7283172607422,-627.5571899414062,154.71115914220854,63.066770284959205,-38.98460587931845,474.99998955500587,149.00000302367184,0.9960784316062927,0.9450980424880981,0.7803921699523926,calibrated_uv_reprojection_plus_stereo_left
196.71180725097656,-147.51248168945312,-626.6090087890625,153.549899177,62.49979620175793,-38.29248476884334,475.99999526146723,149.00000649116424,0.9921568632125854,0.9372549057006836,0.772549033164978,calibrated_uv_reprojection_plus_stereo_left
198.0371551513672,-147.49270629882812,-626.49365234375,152.72670313335982,61.388796580823964,-38.17763070167297,476.9999947791486,149.00000024593518,0.9921568632125854,0.9254902005195618,0.7568627595901489,calibrated_uv_reprojection_plus_stereo_left
199.41651916503906,-147.51309204101562,-626.5488891601562,151.97224217761254,60.165582963895304,-38.181001426043565,478.00000377717197,148.99999503879997,1.0,0.9490196108818054,0.7764706015586853,calibrated_uv_reprojection_plus_stereo_left
200.742431640625,-147.49386596679688,-626.4359741210938,151.15013086115744,59.05316912706502,-38.067857138386046,479.00000117327113,149.0000068642746,1.0,0.9490196108818054,0.7686274647712708,calibrated_uv_reprojection_plus_stereo_left
202.28184509277344,-147.6306915283203,-626.9857177734375,150.59293929266187,57.50164935644489,-38.41384069318002,479.9999929435619,149.00000166770116,1.0,0.9686274528503418,0.7882353067398071,calibrated_uv_reprojection_plus_stereo_left
203.78546142578125,-147.7396697998047,-627.4171752929688,149.98713646231602,56.0264967206773,-38.67781173266957,481.00000126074553,149.00000265185048,1.0,0.9529411792755127,0.6941176652908325,calibrated_uv_reprojection_plus_stereo_left
205.2997283935547,-147.85484313964844,-627.8748168945312,149.3905510372859,54.53205654183523,-38.95985916084999,482.00001193783623,148.9999904406452,1.0,0.9450980424880981,0.6745098233222961,calibrated_uv_reprojection_plus_stereo_left
206.781982421875,-147.94554138183594,-628.2286376953125,148.75161547649196,53.10517411507141,-39.169954125940365,482.99999306996347,149.00000591558899,1.0,0.9176470637321472,0.6039215922355652,calibrated_uv_reprojection_plus_stereo_left
208.21929931640625,-148.00306701660156,-628.4414672851562,148.0560553344191,51.771281428292866,-39.28233580781716,483.9999946960586,149.0000048376521,0.929411768913269,0.8313725590705872,0.5058823823928833,calibrated_uv_reprojection_plus_stereo_left
209.68907165527344,-148.0827178955078,-628.7481689453125,147.3967678486879,50.37325535182316,-39.4596971469162,485.00000588799196,148.99999615539352,0.9686274528503418,0.8705882430076599,0.5411764979362488,calibrated_uv_reprojection_plus_stereo_left
211.1786651611328,-148.17520141601562,-629.109375,146.75797004519785,48.93714851843788,-39.674772023713444,486.0000029010994,148.99999718899085,1.0,0.9372549057006836,0.6039215922355652,calibrated_uv_reprojection_plus_stereo_left
212.67640686035156,-148.2721405029297,-629.4894409179688,146.12553268724974,47.4867375591362,-39.902859461987646,486.99999556460136,148.9999955398459,1.0,0.9333333373069763,0.6078431606292725,calibrated_uv_reprojection_plus_stereo_left
214.1688995361328,-148.3641357421875,-629.8485107421875,145.48383141182586,46.04892173600274,-40.11636467088158,488.0000068889637,149.0000000514652,1.0,0.9098039269447327,0.5843137502670288,calibrated_uv_reprojection_plus_stereo_left
215.53982543945312,-148.3712615966797,-629.8472290039062,144.70120002174116,44.85464509041577,-40.08032723074626,489.00000015305966,148.99999857922296,1.0,0.9098039269447327,0.5803921818733215,calibrated_uv_reprojection_plus_stereo_left
216.91297912597656,-148.3797607421875,-629.851806640625,143.92071105667816,43.65619295998073,-40.04834509902753,489.99999718101003,149.00000315225657,1.0,0.9411764740943909,0.6078431606292725,calibrated_uv_reprojection_plus_stereo_left
218.26730346679688,-148.3753204345703,-629.8013916015625,143.1188832439742,42.495142858417466,-39.97828066393714,490.9999933811715,148.99999660566203,1.0,0.9686274528503418,0.6274510025978088,calibrated_uv_reprojection_plus_stereo_left
219.649658203125,-148.38980102539062,-629.831298828125,142.34793536892113,41.27899528481055,-39.963816078901516,492.00000980002505,148.9999925130423,1.0,0.9686274528503418,0.6235294342041016,calibrated_uv_reprojection_plus_stereo_left
221.0330810546875,-148.40478515625,-629.8634033203125,141.5776488593603,40.06108435107285,-39.95087279679683,492.99999437298743,149.00000006197715,1.0,0.9725490212440491,0.6235294342041016,calibrated_uv_reprojection_plus_stereo_left
222.41464233398438,-148.4182891845703,-629.88916015625,140.8047300536022,38.847213997195524,-39.933519735106074,494.00000032888806,148.99999763845855,1.0,0.9764705896377563,0.6235294342041016,calibrated_uv_reprojection_plus_stereo_left
223.82925415039062,-148.45350646972656,-630.007080078125,140.06673568917057,37.56935070625502,-39.97994096774386,494.99999459800705,148.99999928378224,1.0,0.9725490212440491,0.6196078658103943,calibrated_uv_reprojection_plus_stereo_left
224.97300720214844,-148.30967712402344,-629.3651733398438,139.03985435157415,36.817673095205635,-39.500563920750835,496.0000065989763,148.99999931120757,1.0,0.9607843160629272,0.615686297416687,calibrated_uv_reprojection_plus_stereo_left
226.53419494628906,-148.44107055664062,-629.8912353515625,138.45641440281327,35.256225898134005,-39.82939327073575,496.9999997915827,149.0000054401794,1.0,0.95686274766922,0.6117647290229797,calibrated_uv_reprojection_plus_stereo_left
228.0552978515625,-148.5447540283203,-630.299560546875,137.82715277475927,33.77465957067534,-40.07668862297771,498.0000004135857,148.9999939878167,1.0,0.9450980424880981,0.6039215922355652,calibrated_uv_reprojection_plus_stereo_left
229.4485626220703,-148.56436157226562,-630.3511962890625,137.06265377945596,32.5407113350775,-40.07718431671066,499.00000515688936,148.9999975529497,0.9921568632125854,0.9137254953384399,0.572549045085907,calibrated_uv_reprojection_plus_stereo_left
231.845458984375,-149.2296905517578,-633.1424560546875,137.32435388570053,29.385997306533227,-41.972797579610585,500.00000554403084,149.00000235586876,0.9372549057006836,0.8078431487083435,0.48627451062202454,calibrated_uv_reprojection_plus_stereo_left
233.00599670410156,-149.09605407714844,-632.5437622070312,136.3131168089986,28.603190347360282,-41.52328701107365,500.9999972994681,149.00000053169364,0.800000011920929,0.6352941393852234,0.32549020648002625,calibrated_uv_reprojection_plus_stereo_left
234.6956329345703,-149.30050659179688,-633.37939453125,135.83706582423775,26.811588323574426,-42.06586757724506,502.00000082241877,148.9999973679637,0.7372549176216125,0.5333333611488342,0.2549019753932953,calibrated_uv_reprojection_plus_stereo_left
236.3095703125,-149.45465087890625,-634.0015869140625,135.27963295412314,25.167463974681937,-42.46074600406604,503.00000251567553,149.0000047718981,0.7254902124404907,0.4941176474094391,0.239215686917305,calibrated_uv_reprojection_plus_stereo_left
145.9700164794922,-113.12826538085938,-485.12200927734375,99.16503749130634,161.17679981004272,59.0728734600342,470.00000182153434,150.0000006508981,0.9921568632125854,0.7529411911964417,0.6823529601097107,calibrated_uv_reprojection_plus_stereo_left
167.2959747314453,-128.7335662841797,-552.0139770507812,125.92885709800565,117.10844501223403,12.645457291162302,471.00000567212794,150.00000396825993,0.9882352948188782,0.8274509906768799,0.7137255072593689,calibrated_uv_reprojection_plus_stereo_left
190.9941864013672,-145.93087768554688,-625.7254638671875,155.3082163154557,68.3747439214921,-38.51007264264365,472.00000411370877,149.9999921851388,1.0,0.9176470637321472,0.7843137383460999,calibrated_uv_reprojection_plus_stereo_left
192.94113159179688,-146.38414001464844,-627.6378173828125,155.3105886851132,65.94950566387269,-39.80315503209454,473.00000610079366,150.0000016272331,1.0,0.9960784316062927,0.8313725590705872,calibrated_uv_reprojection_plus_stereo_left
194.28395080566406,-146.3759002685547,-627.5712890625,154.50594144966863,64.8046231422,-39.72207315499372,473.99999412377184,150.0000031351031,1.0,0.9882352948188782,0.8196078538894653,calibrated_uv_reprojection_plus_stereo_left
195.66200256347656,-146.39405822753906,-627.617919921875,153.74705350115596,63.585925646288786,-39.71955113988179,475.0000078163411,150.00000228822552,0.9960784316062927,0.9764705896377563,0.8039215803146362,calibrated_uv_reprojection_plus_stereo_left
196.65362548828125,-146.1248016357422,-626.432373046875,152.49151746642923,63.173401422198424,-38.861649228067506,476.0000014533316,149.99999592280227,0.9843137264251709,0.9450980424880981,0.7764706015586853,calibrated_uv_reprojection_plus_stereo_left
198.0323944091797,-146.1448516845703,-626.4871826171875,151.73697578588167,61.950965558139615,-38.864855150597805,477.00000532753245,149.9999994122847,0.9921568632125854,0.9176470637321472,0.7568627595901489,calibrated_uv_reprojection_plus_stereo_left
199.4036407470703,-146.15907287597656,-626.5169677734375,150.97216680533376,60.74461603822607,-38.85067739662429,478.0000056171242,149.99999793580818,0.9960784316062927,0.9215686321258545,0.7607843279838562,calibrated_uv_reprojection_plus_stereo_left
200.73281860351562,-146.14242553710938,-626.4144897460938,150.15437268768602,59.625320890556395,-38.74470458665411,478.99998883036625,150.00000628149434,0.9921568632125854,0.9137254953384399,0.7607843279838562,calibrated_uv_reprojection_plus_stereo_left
202.21835327148438,-146.239013671875,-626.7973022460938,149.52981950231145,58.18488205745979,-38.975506723025376,479.9999929544303,150.00000517326094,1.0,0.9529411792755127,0.800000011920929,calibrated_uv_reprojection_plus_stereo_left
203.68260192871094,-146.31898498535156,-627.1088256835938,148.8759256491726,56.790149181435254,-39.1567892900901,480.99999317025816,149.9999991792845,1.0,0.9764705896377563,0.7647058963775635,calibrated_uv_reprojection_plus_stereo_left
205.17701721191406,-146.4193572998047,-627.5078125,148.25571310378632,55.3358130495219,-39.39872679644833,481.99999675773074,150.00000477003414,1.0,0.95686274766922,0.7490196228027344,calibrated_uv_reprojection_plus_stereo_left
206.65586853027344,-146.50733947753906,-627.8536376953125,147.61344394400186,53.91529120081128,-39.60372884907554,482.9999923344417,150.0000069407306,1.0,0.9529411792755127,0.6509804129600525,calibrated_uv_reprojection_plus_stereo_left
208.00225830078125,-146.50082397460938,-627.79443359375,146.81102903387972,52.7645030800399,-39.527694232781926,484.000002254037,150.00000180104342,0.9803921580314636,0.9098039269447327,0.5921568870544434,calibrated_uv_reprojection_plus_stereo_left
209.45249938964844,-146.5670166015625,-628.0468139648438,146.13070136524254,51.404511641053205,-39.667807168335855,485.00000243099316,150.0000010148322,0.9019607901573181,0.800000011920929,0.4745098054409027,calibrated_uv_reprojection_plus_stereo_left
210.92636108398438,-146.6487274169922,-628.3656616210938,145.47558078630425,49.99861433459665,-39.853991093374646,486.00000352857353,150.00000098129755,0.9411764740943909,0.8352941274642944,0.5098039507865906,calibrated_uv_reprojection_plus_stereo_left
212.40402221679688,-146.73196411132812,-628.6910400390625,144.8220886020054,48.586920775612384,-40.04466736920608,487.00000126388454,150.0000060208634,0.9921568632125854,0.9058823585510254,0.5764706134796143,calibrated_uv_reprojection_plus_stereo_left
213.9973907470703,-146.89353942871094,-629.3519287109375,144.29786401062364,46.9465659881069,-40.46797556775607,487.99999753363295,149.99999600216577,1.0,0.9019607901573181,0.5686274766921997,calibrated_uv_reprojection_plus_stereo_left
215.39930725097656,-146.9224090576172,-629.4442749023438,143.55196586116654,45.68965638348527,-40.496946738217275,489.0000073348762,149.99999731267883,1.0,0.929411768913269,0.5921568870544434,calibrated_uv_reprojection_plus_stereo_left
216.79576110839844,-146.94717407226562,-629.51904296875,142.7989505800312,44.44420581880081,-40.51371625286981,490.0000015303622,150.00000198130166,1.0,0.9686274528503418,0.6235294342041016,calibrated_uv_reprojection_plus_stereo_left
218.14356994628906,-146.93882751464844,-629.451904296875,141.9911079225639,43.2952042459454,-40.43207402083834,490.99999455252066,149.99999764967652,1.0,0.9725490212440491,0.6235294342041016,calibrated_uv_reprojection_plus_stereo_left
219.49024963378906,-146.9297637939453,-629.3817138671875,141.18213012638614,42.14835111121806,-40.34831991704226,492.000000199851,149.99999655304356,1.0,0.9764705896377563,0.6235294342041016,calibrated_uv_reprojection_plus_stereo_left
220.87245178222656,-146.94439697265625,-629.4130249023438,140.41196014426941,40.93187256634667,-40.33493323477347,493.00000530216636,149.999994999864,1.0,0.9725490212440491,0.6196078658103943,calibrated_uv_reprojection_plus_stereo_left
222.2720184326172,-146.9702911376953,-629.4925537109375,139.65994722359386,39.681891498796176,-40.35496106283648,494.00000465814617,149.99999228868091,1.0,0.9686274528503418,0.615686297416687,calibrated_uv_reprojection_plus_stereo_left
223.7434844970703,-147.04306030273438,-629.7728881835938,138.98377318776613,38.29275800643683,-40.51416634041584,495.00000463278786,149.99999936621435,1.0,0.9686274528503418,0.615686297416687,calibrated_uv_reprojection_plus_stereo_left
225.13706970214844,-147.0640411376953,-629.8313598632812,138.2229142578829,37.0560135724686,-40.51956287449451,495.99999934061,150.0000001936828,1.0,0.9529411792755127,0.6078431606292725,calibrated_uv_reprojection_plus_stereo_left
226.67495727539062,-147.17840576171875,-630.2897338867188,137.61247107818684,35.54116543602805,-40.802087520059104,497.0000067644231,150.00000075332574,1.0,0.9372549057006836,0.5921568870544434,calibrated_uv_reprojection_plus_stereo_left
228.1936492919922,-147.2789764404297,-630.6890258789062,136.97858753023235,34.065557365832206,-41.04361903469089,497.9999936597686,150.00000772830185,0.9921568632125854,0.8784313797950745,0.5490196347236633,calibrated_uv_reprojection_plus_stereo_left
229.7082977294922,-147.37571716308594,-631.07177734375,136.33740093195098,32.5997653195862,-41.27362744327502,498.99999854109615,149.99999832457632,0.9176470637321472,0.7843137383460999,0.45490196347236633,calibrated_uv_reprojection_plus_stereo_left
231.7446746826172,-147.8040008544922,-632.8742065429688,136.22479255060273,30.138466545563176,-42.48722897995947,499.99999833868,150.00000681846427,0.8117647171020508,0.6000000238418579,0.30588236451148987,calibrated_uv_reprojection_plus_stereo_left
233.1018524169922,-147.7965850830078,-632.8108520507812,135.41381141143012,28.97985680375058,-42.40800207014519,501.0000018259817,149.99999929111607,0.7490196228027344,0.5137255191802979,0.22745098173618317,calibrated_uv_reprojection_plus_stereo_left
234.9829864501953,-148.11947631835938,-634.1617431640625,135.12698401196303,26.825864133789025,-43.30849147927677,501.99999424706175,150.00000215836883,0.7882353067398071,0.46666666865348816,0.239215686917305,calibrated_uv_reprojection_plus_stereo_left
236.94053649902344,-148.48646545410156,-635.7012329101562,134.906334316163,24.533422738467777,-44.33945741911185,502.9999965620251,149.99999585112093,0.7686274647712708,0.4000000059604645,0.20000000298023224,calibrated_uv_reprojection_plus_stereo_left
147.85906982421875,-112.73062133789062,-487.88665771484375,98.92684209544136,158.90976179917243,56.64143233255055,470.99999919506365,150.99999425696674,1.0,0.7843137383460999,0.6823529601097107,calibrated_uv_reprojection_plus_stereo_left
185.08876037597656,-140.11817932128906,-606.3872680664062,146.46609988807307,81.4258323298688,-25.750655344384256,471.9999901187671,151.0000020202148,1.0,0.8588235378265381,0.7372549176216125,calibrated_uv_reprojection_plus_stereo_left
192.77223205566406,-144.91085815429688,-627.097412109375,154.1031005092879,66.85849709099642,-40.120098390243584,473.0000021270817,150.99999655005453,1.0,0.9843137264251709,0.8235294222831726,calibrated_uv_reprojection_plus_stereo_left
194.26519775390625,-145.01559448242188,-627.5196533203125,153.4965033172133,65.39698345547475,-40.37892356981138,473.99998985779405,151.00000461145896,0.9960784316062927,0.9764705896377563,0.8117647171020508,calibrated_uv_reprojection_plus_stereo_left
195.65919494628906,-145.0454559326172,-627.6177978515625,152.75826989818046,64.14489374131875,-40.412327747722145,474.99999577978656,151.00000190027583,0.9882352948188782,0.9725490212440491,0.800000011920929,calibrated_uv_reprojection_plus_stereo_left
196.62371826171875,-144.7586669921875,-626.3458251953125,151.46982510245078,63.787826851422494,-39.49307918909858,476.000002132762,150.99999730756258,1.0,0.9764705896377563,0.8078431487083435,calibrated_uv_reprojection_plus_stereo_left
198.02020263671875,-144.79159545898438,-626.457275390625,150.73789593248978,62.52851209039085,-39.535777514088466,476.99999929460876,150.9999940319595,1.0,0.9490196108818054,0.7843137383460999,calibrated_uv_reprojection_plus_stereo_left
199.3746337890625,-144.79347229003906,-626.4343872070312,149.95198365744534,61.35690625512535,-39.48507035442242,478.00000337971306,150.99999408718253,0.9921568632125854,0.929411768913269,0.7686274647712708,calibrated_uv_reprojection_plus_stereo_left
200.6804962158203,-144.76023864746094,-626.2596435546875,149.10563456684162,60.285347291215146,-39.3288067163096,478.99999509621057,151.00000119066402,0.9960784316062927,0.9333333373069763,0.7803921699523926,calibrated_uv_reprojection_plus_stereo_left
202.19932556152344,-144.87998962402344,-626.7467041015625,148.52190772360484,58.77665609061131,-39.632557023661775,479.99999314387196,151.00000567675096,1.0,0.9647058844566345,0.8117647171020508,calibrated_uv_reprojection_plus_stereo_left
203.62777709960938,-144.93377685546875,-626.9483032226562,147.8240680894731,57.45521757668689,-39.73783934794102,480.9999990029974,150.99999899993333,1.0,0.9960784316062927,0.8196078538894653,calibrated_uv_reprojection_plus_stereo_left
205.0733642578125,-144.9989013671875,-627.198974609375,147.14492494460984,56.10020014568261,-39.87720392526302,482.0000083508156,151.0000021367671,1.0,0.9843137264251709,0.8117647171020508,calibrated_uv_reprojection_plus_stereo_left
206.53831481933594,-145.0767364501953,-627.5045776367188,146.48662071403686,54.707428312750494,-40.05470606404441,483.0000055656209,151.00000243459118,1.0,0.9764705896377563,0.7176470756530762,calibrated_uv_reprojection_plus_stereo_left
207.78817749023438,-145.00341796875,-627.1563720703125,145.57155023348383,53.75059489212191,-39.777868032780134,483.9999967069121,150.99999977078232,1.0,0.95686274766922,0.6941176652908325,calibrated_uv_reprojection_plus_stereo_left
209.2291717529297,-145.06349182128906,-627.3851318359375,144.88231082162747,52.407907612642816,-39.90193843165315,485.00000486075135,151.00000183744845,0.9764705896377563,0.9058823585510254,0.6039215922355652,calibrated_uv_reprojection_plus_stereo_left
210.69403076171875,-145.1392059326172,-627.6814575195312,144.21868043946938,51.01873832100074,-40.07291372593181,485.9999982883555,150.99999596745505,0.9019607901573181,0.8039215803146362,0.4901960790157318,calibrated_uv_reprojection_plus_stereo_left
212.150146484375,-145.20790100097656,-627.9474487304688,143.54242267471489,49.648723103754776,-40.222784056006105,486.9999959501065,150.99999925341965,0.929411768913269,0.8078431487083435,0.48627451062202454,calibrated_uv_reprojection_plus_stereo_left
213.7918701171875,-145.4019012451172,-628.7552490234375,143.07474915869318,47.911026288095286,-40.74897337301036,488.00000251844284,151.00000059395472,0.9843137264251709,0.9019607901573181,0.5764706134796143,calibrated_uv_reprojection_plus_stereo_left
215.24818420410156,-145.46810913085938,-629.0103759765625,142.39207618757507,46.54496561613183,-40.89119519597574,489.00000078400706,151.0000003769605,1.0,0.95686274766922,0.6196078658103943,calibrated_uv_reprojection_plus_stereo_left
216.67906188964844,-145.516357421875,-629.1878051757812,141.6788204517033,45.230601829029695,-40.97941929547386,489.9999990036589,150.99999785752988,1.0,0.9686274528503418,0.6235294342041016,calibrated_uv_reprojection_plus_stereo_left
218.0904541015625,-145.5509490966797,-629.30615234375,140.94239169736682,43.95567345570129,-41.02658633872642,491.00000220554784,150.99999302254326,1.0,0.9725490212440491,0.6235294342041016,calibrated_uv_reprojection_plus_stereo_left
219.40467834472656,-145.52061462402344,-629.143798828125,140.09847264553866,42.87211336593708,-40.87881701691788,492.00000283756526,150.99999116999211,1.0,0.9725490212440491,0.6196078658103943,calibrated_uv_reprojection_plus_stereo_left
220.75466918945312,-145.51416015625,-629.0847778320312,139.29410984230663,41.718117502559096,-40.80281913052528,493.0000056167578,151.0000036003533,1.0,0.9686274528503418,0.615686297416687,calibrated_uv_reprojection_plus_stereo_left
222.2147216796875,-145.5798797607422,-629.337646484375,138.60800114030053,40.34965316094406,-40.94335186614268,493.99999560192066,150.9999958202692,1.0,0.9607843160629272,0.6117647290229797,calibrated_uv_reprojection_plus_stereo_left
223.69985961914062,-145.6610565185547,-629.6574096679688,137.94638940870038,38.93391285995443,-41.130304330179456,494.9999908645713,151.0000063225448,1.0,0.95686274766922,0.6078431606292725,calibrated_uv_reprojection_plus_stereo_left
225.26441955566406,-145.79261779785156,-630.19482421875,137.3658119720517,37.36622505178957,-41.468293083840535,495.9999989622055,150.99999958270658,0.9960784316062927,0.929411768913269,0.5882353186607361,calibrated_uv_reprojection_plus_stereo_left
226.76454162597656,-145.88108825683594,-630.5460205078125,136.713897649339,35.925478824274535,-41.67696901151362,496.99999139280703,151.0000085405519,0.9686274528503418,0.8745098114013672,0.5333333611488342,calibrated_uv_reprojection_plus_stereo_left
228.2811279296875,-145.97898864746094,-630.9378662109375,136.0761954950259,34.45492823000586,-41.91380555971085,497.9999943371267,151.00000592501974,0.9098039269447327,0.7333333492279053,0.41960784792900085,calibrated_uv_reprojection_plus_stereo_left
230.09524536132812,-146.2648162841797,-632.141845703125,135.74012809644967,32.41641355229956,-42.714223253524324,498.99999732888386,150.99999901998703,0.7686274647712708,0.5960784554481506,0.2823529541492462,calibrated_uv_reprojection_plus_stereo_left
231.82855224609375,-146.4961395263672,-633.1102294921875,135.31340743516955,30.53787475279131,-43.351017020478196,499.99999708857285,151.00000560105565,0.772549033164978,0.48627451062202454,0.21176470816135406,calibrated_uv_reprojection_plus_stereo_left
233.56277465820312,-146.7252960205078,-634.0690307617188,134.88062293312873,28.66216905851354,-43.98103383906977,501.00000324741563,150.9999921813852,0.7843137383460999,0.4745098054409027,0.2078431397676468,calibrated_uv_reprojection_plus_stereo_left
235.46282958984375,-147.05528259277344,-635.4635620117188,134.60611423890015,26.476346326727366,-44.91328305508301,501.99999699721286,150.9999985989711,0.8274509906768799,0.4470588266849518,0.24705882370471954,calibrated_uv_reprojection_plus_stereo_left
237.43215942382812,-147.42440795898438,-637.0270385742188,134.39014783939137,24.165937808206593,-45.962580326217676,502.99999622856546,150.9999996479613,0.7647058963775635,0.35686275362968445,0.18431372940540314,calibrated_uv_reprojection_plus_stereo_left
155.47857666015625,-116.60972595214844,-509.3858337402344,106.25468557765619,144.5498206066095,41.1532490517958,471.999997910642,151.99999990709455,1.0,0.8509804010391235,0.7450980544090271,calibrated_uv_reprojection_plus_stereo_left
191.3728485107422,-142.52346801757812,-622.5541381835938,151.28229584351197,70.35672772310232,-37.64761102960006,472.9999917075553,152.0000073166101,0.9921568632125854,0.9333333373069763,0.7882353067398071,calibrated_uv_reprojection_plus_stereo_left
193.79933166503906,-143.3248291015625,-626.023681640625,151.9062737973303,66.92658004504977,-40.02967015164029,473.9999946328675,151.99999870218437,0.9725490212440491,0.8980392217636108,0.7450980544090271,calibrated_uv_reprojection_plus_stereo_left
195.21499633789062,-143.37265014648438,-626.2017211914062,151.2016926918211,65.62544254939559,-40.11896255871841,475.00000223058464,151.999997387498,0.95686274766922,0.9098039269447327,0.7450980544090271,calibrated_uv_reprojection_plus_stereo_left
196.3880157470703,-143.24278259277344,-625.6036987304688,150.18633149725935,64.83003882077799,-39.66778194435244,476.0000040292689,151.99999669650424,0.9607843160629272,0.929411768913269,0.7647058963775635,calibrated_uv_reprojection_plus_stereo_left
197.7422637939453,-143.2459259033203,-625.5866088867188,149.40384266802624,63.656414703580424,-39.621189929202046,476.99999995817655,151.99999437374856,1.0,0.9803921580314636,0.8156862854957581,calibrated_uv_reprojection_plus_stereo_left
198.99269104003906,-143.17425537109375,-625.2428588867188,148.49149329720103,62.69713888207991,-39.34715130488462,478.0000029139026,152.00000152262282,1.0,0.9607843160629272,0.800000011920929,calibrated_uv_reprojection_plus_stereo_left
200.3490753173828,-143.1792449951172,-625.2338256835938,147.71245185671182,61.51859657505065,-39.3061780758988,478.99999634415286,151.9999964866821,1.0,0.9764705896377563,0.8235294222831726,calibrated_uv_reprojection_plus_stereo_left
202.133056640625,-143.48764038085938,-626.5496215820312,147.45632001470034,59.46505343613342,-40.187514100060525,480.0000051542677,151.9999896152596,1.0,0.9921568632125854,0.8392156958580017,calibrated_uv_reprojection_plus_stereo_left
203.46090698242188,-143.47023010253906,-626.4428100585938,146.63694313661574,58.34846385535889,-40.07840490641024,481.00000161855803,152.00000172257725,1.0,1.0,0.8392156958580017,calibrated_uv_reprojection_plus_stereo_left
204.8815460205078,-143.5180206298828,-626.62060546875,145.92938223548947,57.043084573766066,-40.16739884465636,481.999989717366,152.00000101724586,1.0,1.0,0.843137264251709,calibrated_uv_reprojection_plus_stereo_left
206.26927185058594,-143.54220581054688,-626.6953125,145.18092860655253,55.80547768836237,-40.18461553919383,483.0000032747321,151.99999928643544,1.0,0.9921568632125854,0.7843137383460999,calibrated_uv_reprojection_plus_stereo_left
207.57786560058594,-143.51132202148438,-626.5296630859375,144.33848228214754,54.72797932666714,-40.03455048125585,483.9999928398147,152.00000951926557,1.0,0.9803921580314636,0.772549033164978,calibrated_uv_reprojection_plus_stereo_left
209.0282745361328,-143.5782012939453,-626.7907104492188,143.6621322571658,53.36508508678912,-40.18142414995333,485.0000029520174,152.0000029406342,1.0,0.95686274766922,0.6431372761726379,calibrated_uv_reprojection_plus_stereo_left
210.5116424560547,-143.6666717529297,-627.14599609375,143.0215243521024,51.93773560517445,-40.39384106174856,485.9999992055215,151.9999991937285,0.9843137264251709,0.9411764740943909,0.6078431606292725,calibrated_uv_reprojection_plus_stereo_left
212.02413940429688,-143.77369689941406,-627.582275390625,142.41117303600117,50.45429314636158,-40.6625721947064,487.00000283480244,152.0000024330517,0.9333333373069763,0.8627451062202454,0.5254902243614197,calibrated_uv_reprojection_plus_stereo_left
213.6470184326172,-143.95370483398438,-628.3370361328125,141.92220073309454,48.75388865718594,-41.15282433946288,487.9999941454879,152.00000050049414,0.9725490212440491,0.8980392217636108,0.5607843399047852,calibrated_uv_reprojection_plus_stereo_left
214.9989013671875,-143.94993591308594,-628.2896118164062,141.12349990984865,47.59383019686845,-41.08492675398992,488.99999500487286,152.0000009717528,1.0,0.9529411792755127,0.6078431606292725,calibrated_uv_reprojection_plus_stereo_left
216.41690063476562,-143.9901580810547,-628.4341430664062,140.39819623271785,46.30336220294919,-41.15055261446338,490.00000198128566,151.99999467069478,1.0,0.9686274528503418,0.6235294342041016,calibrated_uv_reprojection_plus_stereo_left
217.86532592773438,-144.04994201660156,-628.6640625,139.7049538555907,44.954004030304134,-41.27555447751547,491.00000535571553,151.99999437738154,1.0,0.9725490212440491,0.6235294342041016,calibrated_uv_reprojection_plus_stereo_left
219.42404174804688,-144.181396484375,-629.206787109375,139.12984144780768,43.38992491132802,-41.61809224390856,492.0000043309751,152.00000469889454,1.0,0.9686274528503418,0.615686297416687,calibrated_uv_reprojection_plus_stereo_left
220.86862182617188,-144.23666381835938,-629.4169311523438,138.42734546905615,42.05141690011283,-41.72926275338472,492.9999997375721,152.00000509623624,1.0,0.95686274766922,0.6078431606292725,calibrated_uv_reprojection_plus_stereo_left
222.31021118164062,-144.28927612304688,-629.6154174804688,137.71981573715675,40.7199313186988,-41.83229226485156,493.99999466405325,151.99999756903878,1.0,0.9450980424880981,0.6039215922355652,calibrated_uv_reprojection_plus_stereo_left
223.68850708007812,-144.30035400390625,-629.6326904296875,136.94349624782774,39.51232188988865,-41.809293239283534,494.99999713059026,151.99999687132308,0.9960784316062927,0.929411768913269,0.5921568870544434,calibrated_uv_reprojection_plus_stereo_left
225.67942810058594,-144.7040557861328,-631.363037109375,136.8092522511721,37.121252410835496,-42.97736775384118,496.00000292790344,151.99999786739397,0.9686274528503418,0.8509804010391235,0.5215686559677124,calibrated_uv_reprojection_plus_stereo_left
227.0750274658203,-144.7234344482422,-631.4164428710938,136.04397343967304,35.884864070437914,-42.979381223740575,497.0000074185569,151.9999996536481,0.8666666746139526,0.7254902124404907,0.4000000059604645,calibrated_uv_reprojection_plus_stereo_left
228.49781799316406,-144.759765625,-631.5438232421875,135.30599656106858,34.59673163774147,-43.032812247801814,497.99999914378134,152.00000573625232,0.7843137383460999,0.5529412031173706,0.25882354378700256,calibrated_uv_reprojection_plus_stereo_left
229.96279907226562,-144.82220458984375,-631.7849731445312,134.60982141057423,33.22868129566501,-43.16529430856315,499.00000016118736,151.9999936587322,0.729411780834198,0.4941176474094391,0.20000000298023224,calibrated_uv_reprojection_plus_stereo_left
230.50576782226562,-144.30662536621094,-629.5046997070312,132.9801637990106,33.62023598323418,-41.545198894385805,499.9999969117964,151.99999464360064,0.7960784435272217,0.46666666865348816,0.21176470816135406,calibrated_uv_reprojection_plus_stereo_left
232.7999725341797,-144.88694763183594,-632.0050659179688,133.11860146589987,30.672886966106205,-43.247947555934445,501.0000062088692,152.0000016424263,0.7921568751335144,0.45490196347236633,0.20392157137393951,calibrated_uv_reprojection_plus_stereo_left
234.99990844726562,-145.4021453857422,-634.2210693359375,133.14622977762042,27.915513095661538,-44.752788197852624,501.999998181029,152.00000037696026,0.7960784435272217,0.43529412150382996,0.23529411852359772,calibrated_uv_reprojection_plus_stereo_left
178.95974731445312,-132.030029296875,-582.1814575195312,134.07651817156074,96.99944512506113,-10.168031260946577,473.0000016326835,153.000003080132,0.9686274528503418,0.8274509906768799,0.7019608020782471,calibrated_uv_reprojection_plus_stereo_left
193.7910919189453,-141.97572326660156,-626.0059204101562,150.91297484465503,67.49551210970412,-40.70834431727553,474.00000480757876,152.99999503639785,0.9450980424880981,0.8352941274642944,0.6980392336845398,calibrated_uv_reprojection_plus_stereo_left
195.33041381835938,-142.11305236816406,-626.580810546875,150.3665630831428,65.93668734104278,-41.07472152355416,474.9999927704584,153.00000460074074,0.9137254953384399,0.8509804010391235,0.7019608020782471,calibrated_uv_reprojection_plus_stereo_left
196.43978881835938,-141.93777465820312,-625.77734375,149.26978718218254,65.2739796422241,-40.47961304509437,476.0000032527279,153.00000240937402,0.8901960849761963,0.8470588326454163,0.6901960968971252,calibrated_uv_reprojection_plus_stereo_left
197.7577362060547,-141.91452026367188,-625.6441650390625,148.4409458016466,64.17593510958937,-40.352079719832375,477.0000042898162,153.00000088900654,1.0,0.9921568632125854,0.8313725590705872,calibrated_uv_reprojection_plus_stereo_left
198.98953247070312,-141.8301239013672,-625.241455078125,147.50566647049288,63.254932996980926,-40.036586589482056,478.00000573118604,152.99999896331175,1.0,0.9882352948188782,0.8313725590705872,calibrated_uv_reprojection_plus_stereo_left
200.31793212890625,-141.81520080566406,-625.14501953125,146.69207428276854,62.133878291374344,-39.934707843702995,479.00001096478394,152.99999535335783,1.0,0.9960784316062927,0.843137264251709,calibrated_uv_reprojection_plus_stereo_left
202.02427673339844,-142.06619262695312,-626.2208251953125,146.33952737208398,60.240002646503285,-40.65022802282539,480.00000210657845,153.00000796582316,1.0,1.0,0.8470588326454163,calibrated_uv_reprojection_plus_stereo_left
203.3938751220703,-142.07858276367188,-626.2446899414062,145.57188166402193,59.03753089317354,-40.63216675524217,481.00000737245125,152.99999740867688,1.0,1.0,0.8470588326454163,calibrated_uv_reprojection_plus_stereo_left
204.8385009765625,-142.142822265625,-626.4971313476562,144.89336974271038,57.68320912367017,-40.7734614866485,481.9999978640408,152.99999632536426,1.0,1.0,0.8470588326454163,calibrated_uv_reprojection_plus_stereo_left
206.20875549316406,-142.15487670898438,-626.5195922851562,144.12452249022147,56.480706187742896,-40.75440487709267,483.0000000412358,153.00000276863307,1.0,1.0,0.8235294222831726,calibrated_uv_reprojection_plus_stereo_left
207.53221130371094,-142.1346893310547,-626.39990234375,143.3003256488983,55.37275808254395,-40.63624703275099,483.9999952740826,153.00000050615347,1.0,0.9803921580314636,0.8039215803146362,calibrated_uv_reprojection_plus_stereo_left
209.0225067138672,-142.2282257080078,-626.7813720703125,142.67024419663448,53.92982340540499,-40.86740547741584,485.00000666122065,152.99999609943853,1.0,0.9647058844566345,0.6392157077789307,calibrated_uv_reprojection_plus_stereo_left
210.5410919189453,-142.3396453857422,-627.2416381835938,142.06950326056597,52.432429412474164,-41.15343783789859,485.9999971083985,152.9999971377315,1.0,0.9725490212440491,0.6274510025978088,calibrated_uv_reprojection_plus_stereo_left
212.07350158691406,-142.4588623046875,-627.7362060546875,141.48067707078138,50.910011059958094,-41.463317208726664,487.0000044877505,152.99999717602248,0.9921568632125854,0.95686274766922,0.6117647290229797,calibrated_uv_reprojection_plus_stereo_left
213.55908203125,-142.54525756835938,-628.0861206054688,140.83506230037113,49.48312752718385,-41.67233891837316,488.00000631134446,153.0000004463074,1.0,0.9607843160629272,0.615686297416687,calibrated_uv_reprojection_plus_stereo_left
214.95150756835938,-142.56874084472656,-628.1587524414062,140.0825393986127,48.24231723360754,-41.688104670487405,489.0000051332331,152.99999478690785,1.0,0.9686274528503418,0.6196078658103943,calibrated_uv_reprojection_plus_stereo_left
216.4293670654297,-142.64817810058594,-628.4779663085938,139.42360409072438,46.83377841947083,-41.875665969570946,489.999998318134,153.00000125575917,1.0,0.9764705896377563,0.6235294342041016,calibrated_uv_reprojection_plus_stereo_left
217.92727661132812,-142.73971557617188,-628.8504028320312,138.7839612337242,45.387627925998856,-42.10025928031206,490.99999548862854,152.99999939555022,0.9960784316062927,0.9764705896377563,0.6235294342041016,calibrated_uv_reprojection_plus_stereo_left
219.44862365722656,-142.84532165527344,-629.2847900390625,138.16670580414683,43.897617932093226,-42.36796343051435,491.9999934244713,153.0000000093616,0.9725490212440491,0.929411768913269,0.5803921818733215,calibrated_uv_reprojection_plus_stereo_left
220.8929901123047,-142.8997802734375,-629.4937744140625,137.4632609814385,42.55996029720137,-42.47860196280658,492.99999981204394,152.99999335052297,0.9333333373069763,0.8509804010391235,0.5098039507865906,calibrated_uv_reprojection_plus_stereo_left
222.35975646972656,-142.96791076660156,-629.7630615234375,136.78182938616703,41.17997914417748,-42.631225559936354,493.9999966157234,153.00000413492393,0.929411768913269,0.8352941274642944,0.5098039507865906,calibrated_uv_reprojection_plus_stereo_left
223.73658752441406,-142.9777069091797,-629.7752685546875,136.00332335268854,39.97561777027778,-42.604758345855146,495.00000200067655,152.99999769974528,0.9411764740943909,0.8274509906768799,0.5058823823928833,calibrated_uv_reprojection_plus_stereo_left
225.67904663085938,-143.3466033935547,-631.3692016601562,135.8151655838214,37.67996927370058,-43.679798016718394,495.9999971790394,153.00000408469998,0.8705882430076599,0.6823529601097107,0.3764705955982208,calibrated_uv_reprojection_plus_stereo_left
227.05484008789062,-143.35325622558594,-631.3674926757812,135.02921536933724,36.48177854525744,-43.64354150891319,496.9999960282903,153.0000005586512,0.7568627595901489,0.5529412031173706,0.250980406999588,calibrated_uv_reprojection_plus_stereo_left
228.58226013183594,-143.45492553710938,-631.7842407226562,134.39831589183706,34.993148183175435,-43.898644077371955,498.00001176565945,152.99999766334778,0.7607843279838562,0.47843137383461,0.20392157137393951,calibrated_uv_reprojection_plus_stereo_left
230.20777893066406,-143.61656188964844,-632.4650268554688,133.86386736404387,33.31914228097975,-44.337526076662925,499.00000133648507,152.9999943412937,0.7843137383460999,0.501960813999176,0.22745098173618317,calibrated_uv_reprojection_plus_stereo_left
230.79908752441406,-143.1348419189453,-630.3126831054688,132.28400451966445,33.61819377640671,-42.803987353279126,499.9999942585989,152.9999983792893,0.8078431487083435,0.47058823704719543,0.22745098173618317,calibrated_uv_reprojection_plus_stereo_left
233.12452697753906,-143.72787475585938,-632.89306640625,132.44679558724414,30.615611603561092,-44.56520244886775,501.00000278537107,152.99999260216566,0.7803921699523926,0.43921568989753723,0.20000000298023224,calibrated_uv_reprojection_plus_stereo_left
236.07791137695312,-144.6988067626953,-637.1372680664062,133.21176318264833,26.436385888255643,-47.48425711807454,501.9999978648235,153.0000054376269,0.6392157077789307,0.3960784375667572,0.23137255012989044,calibrated_uv_reprojection_plus_stereo_left
150.61041259765625,-110.06383514404297,-489.9640808105469,96.24402372891812,157.02564505126787,53.62832321228552,473.0000032852019,154.0000013840793,0.9921568632125854,0.772549033164978,0.6745098233222961,calibrated_uv_reprojection_plus_stereo_left
192.3196563720703,-139.56484985351562,-621.2615966796875,148.0334960755206,71.12344502896599,-38.08446555811372,473.99999540875785,154.00000258628512,0.9490196108818054,0.800000011920929,0.6823529601097107,calibrated_uv_reprojection_plus_stereo_left
195.550048828125,-140.92691040039062,-627.294189453125,149.6632113313832,66.03162193056562,-42.264880933015604,474.99999130194954,154.00001007629595,0.8980392217636108,0.8392156958580017,0.7019608020782471,calibrated_uv_reprojection_plus_stereo_left
196.43740844726562,-140.59326171875,-625.7785034179688,148.2842891531543,65.83052309006035,-41.17133164152244,475.9999971595834,153.99999930200823,0.929411768913269,0.8941176533699036,0.7529411911964417,calibrated_uv_reprojection_plus_stereo_left
197.7124786376953,-140.53970336914062,-625.5096435546875,147.4019338755616,64.82097843912436,-40.94892487236535,476.9999960199391,153.99999949967213,1.0,1.0,0.8470588326454163,calibrated_uv_reprojection_plus_stereo_left
199.01243591308594,-140.50437927246094,-625.3219604492188,146.55211148433438,63.75910816375762,-40.783244229638115,478.0000041067892,154.00000020445785,1.0,1.0,0.8470588326454163,calibrated_uv_reprojection_plus_stereo_left
200.3507537841797,-140.4963836669922,-625.2559204101562,145.75042981484717,62.6178984168011,-40.70254075729633,479.00000499333726,154.00000229690852,1.0,0.9960784316062927,0.843137264251709,calibrated_uv_reprojection_plus_stereo_left
201.9705810546875,-140.68453979492188,-626.062744140625,145.2906377401817,60.901925658415735,-41.23143070802439,480.0000048156562,153.9999983186731,1.0,1.0,0.8470588326454163,calibrated_uv_reprojection_plus_stereo_left
203.34567260742188,-140.70079040527344,-626.1045532226562,144.53006318933365,59.687964563874004,-41.22599655213082,481.00001011885934,153.99999957463,1.0,1.0,0.8392156958580017,calibrated_uv_reprojection_plus_stereo_left
204.7724151611328,-140.75230407714844,-626.30322265625,143.83032876041284,58.36978591808821,-41.33008005917753,481.9999965354442,153.99999399569066,1.0,0.9960784316062927,0.8313725590705872,calibrated_uv_reprojection_plus_stereo_left
206.12802124023438,-140.75448608398438,-626.2824096679688,143.04482056030275,57.196440567510194,-41.280893422997394,483.00000392545394,153.99999540671985,1.0,0.9764705896377563,0.7803921699523926,calibrated_uv_reprojection_plus_stereo_left
207.53111267089844,-140.78880310058594,-626.4046020507812,142.31454111697212,55.927743710562595,-41.331548911654636,484.0000029750656,154.00000200332187,1.0,0.9647058844566345,0.7607843279838562,calibrated_uv_reprojection_plus_stereo_left
209.0714874267578,-140.91517639160156,-626.936279296875,141.74168056313601,54.384857523341964,-41.66804401398622,484.9999925469094,153.99999854697023,1.0,0.9686274528503418,0.6431372761726379,calibrated_uv_reprojection_plus_stereo_left
210.59703063964844,-141.02992248535156,-627.4161987304688,141.147481229481,52.87443347946669,-41.96834779010459,485.9999954019422,153.9999994927856,1.0,0.9686274528503418,0.6392157077789307,calibrated_uv_reprojection_plus_stereo_left
212.10772705078125,-141.13327026367188,-627.8453369140625,140.53252218977934,51.396111685545634,-42.233144957122306,487.00000580331744,153.99999661068406,1.0,0.9647058844566345,0.6235294342041016,calibrated_uv_reprojection_plus_stereo_left
213.49119567871094,-141.15113830566406,-627.8942260742188,139.77124053820785,50.17218059195443,-42.2325026225343,488.00000397840313,154.0000010024316,1.0,0.9647058844566345,0.6196078658103943,calibrated_uv_reprojection_plus_stereo_left
214.94239807128906,-141.21324157714844,-628.1398315429688,139.08456728733432,48.81497452563502,-42.369130867599665,489.00000004109245,153.9999987521217,1.0,0.9764705896377563,0.6313725709915161,calibrated_uv_reprojection_plus_stereo_left
216.40830993652344,-141.28411865234375,-628.4244384765625,138.41195338884478,47.43023052140103,-42.53294360529429,489.99999557632486,153.99999728285417,1.0,0.9843137264251709,0.6392157077789307,calibrated_uv_reprojection_plus_stereo_left
217.90777587890625,-141.37582397460938,-628.8016357421875,137.77350081308236,45.98129912695157,-42.76132463854765,491.0000041164434,153.99999328208003,0.9254902005195618,0.8549019694328308,0.5215686559677124,calibrated_uv_reprojection_plus_stereo_left
219.58889770507812,-141.58346557617188,-629.6945190429688,137.32826244309427,44.179443033077064,-43.34947581572857,491.99999154207717,154.0000056653231,0.7686274647712708,0.6666666865348816,0.33725491166114807,calibrated_uv_reprojection_plus_stereo_left
221.05303955078125,-141.6494598388672,-629.957275390625,136.64407946958255,42.804488664280996,-43.497893770045664,493.0000021126875,154.00000366869705,0.6274510025978088,0.47843137383461,0.16078431904315948,calibrated_uv_reprojection_plus_stereo_left
222.52430725097656,-141.71914672851562,-630.2363891601562,135.96525309915955,41.41714787446443,-43.65768458758919,494.0000088470937,153.9999960792397,0.6666666865348816,0.47058823704719543,0.16862745583057404,calibrated_uv_reprojection_plus_stereo_left
223.93467712402344,-141.7493896484375,-630.3401489257812,135.22020964885456,40.14906591559162,-43.695129915740665,494.9999946659526,154.00000163191004,0.7764706015586853,0.5647059082984924,0.2666666805744171,calibrated_uv_reprojection_plus_stereo_left
225.57861328125,-141.92616271972656,-631.095458984375,134.71699476213178,38.43153521045957,-44.18701386082563,495.9999901008964,154.00000679565377,0.7568627595901489,0.5176470875740051,0.22745098173618317,calibrated_uv_reprojection_plus_stereo_left
226.95263671875,-141.93197631835938,-631.0904541015625,133.93008726633644,37.236170056424555,-44.14852234737617,496.9999909877385,153.99999918811517,0.7490196228027344,0.4941176474094391,0.2078431397676468,calibrated_uv_reprojection_plus_stereo_left
228.5655975341797,-142.086181640625,-631.7453002929688,133.38670967191223,35.58355002906876,-44.57020697291722,498.00000191401546,154.0000039233729,0.8039215803146362,0.5098039507865906,0.23529411852359772,calibrated_uv_reprojection_plus_stereo_left
230.39239501953125,-142.37066650390625,-632.979248046875,133.0547173967708,33.526014141008034,-45.39563463493488,499.0000037042123,154.0000000229053,0.8156862854957581,0.5176470875740051,0.2549019753932953,calibrated_uv_reprojection_plus_stereo_left
231.16970825195312,-142.00704956054688,-631.331787109375,131.66271269363568,33.47054984443804,-44.21178199109721,499.9999939495837,154.0000015446366,0.7803921699523926,0.4470588266849518,0.24313725531101227,calibrated_uv_reprojection_plus_stereo_left
234.43939208984375,-143.16970825195312,-636.4696655273438,132.75491263813865,28.682205199535417,-47.75900001756423,500.9999923996731,154.00000839351566,0.6901960968971252,0.35686275362968445,0.15294118225574493,calibrated_uv_reprojection_plus_stereo_left
177.82957458496094,-127.8170166015625,-574.4616088867188,128.45207498204314,101.92358512962954,-6.018666727731784,473.9999915950634,155.00000639010332,1.0,0.8784313797950745,0.7647058963775635,calibrated_uv_reprojection_plus_stereo_left
195.40652465820312,-139.47848510742188,-626.8425903320312,148.49598114324579,66.88295320056284,-42.64140244581944,474.9999952010701,155.0000009792006,0.9960784316062927,0.9803921580314636,0.843137264251709,calibrated_uv_reprojection_plus_stereo_left
196.45152282714844,-139.26040649414062,-625.8321533203125,147.31949879106452,66.35293699517996,-41.89978934735757,476.0000042114465,154.9999955960244,1.0,0.9960784316062927,0.8509804010391235,calibrated_uv_reprojection_plus_stereo_left
197.7100830078125,-139.1956024169922,-625.5106811523438,146.41669687368665,65.37739998566701,-41.64033192476427,476.9999977503464,155.00000563890146,1.0,1.0,0.8509804010391235,calibrated_uv_reprojection_plus_stereo_left
199.0025177001953,-139.1553192138672,-625.2993774414062,145.5578240911952,64.33085651034588,-41.45797359617285,477.99999302403296,155.00000850029986,1.0,1.0,0.8509804010391235,calibrated_uv_reprojection_plus_stereo_left
200.34519958496094,-139.1504364013672,-625.2470703125,144.76157838011147,63.18064942209293,-41.38684872448363,478.99999637291194,154.99999741725765,1.0,1.0,0.8509804010391235,calibrated_uv_reprojection_plus_stereo_left
201.88685607910156,-139.28282165527344,-625.8115844726562,144.2059216181255,61.624796614773345,-41.747191642580844,480.0000050013979,154.99999659049695,1.0,1.0,0.8470588326454163,calibrated_uv_reprojection_plus_stereo_left
203.30982971191406,-139.33206176757812,-626.0025024414062,143.50348941993184,60.31304460782934,-41.84616376598706,481.0000048549989,154.99999976716657,1.0,0.9960784316062927,0.8274509906768799,calibrated_uv_reprojection_plus_stereo_left
204.6844482421875,-139.34768676757812,-626.0423583984375,142.7419226514051,59.10031027224045,-41.83945790848372,482.00000137764675,155.00000004070688,0.9960784316062927,0.9764705896377563,0.7960784435272217,calibrated_uv_reprojection_plus_stereo_left
206.04071044921875,-139.3506317138672,-626.0252685546875,141.95813140129104,57.925017163907796,-41.7929217769742,483.0000007361622,155.0000048224713,1.0,0.9607843160629272,0.7098039388656616,calibrated_uv_reprojection_plus_stereo_left
207.54624938964844,-139.45379638671875,-626.4583129882812,141.34760880937705,56.45013930900461,-42.06113865711234,484.00000916733813,154.99999763772198,1.0,0.9647058844566345,0.7058823704719543,calibrated_uv_reprojection_plus_stereo_left
209.094482421875,-139.58407592773438,-627.01318359375,140.78265671376806,54.892190905077484,-42.41449380169797,484.9999988254264,155.00000234798725,1.0,0.9764705896377563,0.6352941393852234,calibrated_uv_reprojection_plus_stereo_left
210.6214141845703,-139.69850158691406,-627.4967041015625,140.18890783862133,53.379664319204835,-42.717887661483644,486.0000055976771,154.99999405853345,1.0,0.9764705896377563,0.6352941393852234,calibrated_uv_reprojection_plus_stereo_left
212.1374969482422,-139.80426025390625,-627.9413452148438,139.5790112187421,51.89124097110221,-42.9940541930747,486.9999914643946,155.0000022629008,1.0,0.9725490212440491,0.6274510025978088,calibrated_uv_reprojection_plus_stereo_left
213.47698974609375,-139.79298400878906,-627.8602294921875,138.7680361964375,50.754666229864654,-42.902629105910194,487.999996085558,155.00000009866062,1.0,0.9764705896377563,0.6313725709915161,calibrated_uv_reprojection_plus_stereo_left
214.8904571533203,-139.82992553710938,-627.9957275390625,138.03920543629079,49.47206944693903,-42.96262581791109,488.9999980179757,155.0000074531653,1.0,0.9686274528503418,0.6431372761726379,calibrated_uv_reprojection_plus_stereo_left
216.39830017089844,-139.92739868164062,-628.4029541015625,137.41254603083365,48.004905719369674,-43.21251235835604,490.0000019009129,154.99999892833,0.8823529481887817,0.8156862854957581,0.49803921580314636,calibrated_uv_reprojection_plus_stereo_left
218.03079223632812,-140.10369873046875,-629.1641845703125,136.91799476202095,46.29582850358241,-43.7097626211218,490.9999975451376,155.00000022272013,0.8235294222831726,0.7137255072593689,0.4117647111415863,calibrated_uv_reprojection_plus_stereo_left
219.85617065429688,-140.40093994140625,-630.4683837890625,136.6251205975044,44.21421258765366,-44.58635979277989,492.0000051886118,154.9999954565438,0.7019608020782471,0.572549045085907,0.27843138575553894,calibrated_uv_reprojection_plus_stereo_left
221.3199462890625,-140.46498107910156,-630.725341796875,135.93732541807555,42.84203734412989,-44.731027901828156,492.9999970276717,154.99999403351484,0.6000000238418579,0.40784314274787903,0.12156862765550613,calibrated_uv_reprojection_plus_stereo_left
222.7074737548828,-140.48007202148438,-630.7625122070312,135.16684659912517,41.61906851397475,-44.72209608338261,494.00000567337884,154.99999775626867,0.6078431606292725,0.35686275362968445,0.08235294371843338,calibrated_uv_reprojection_plus_stereo_left
224.1096649169922,-140.50413513183594,-630.8399658203125,134.41112701954575,40.36815387628769,-44.7413004593858,494.999999734648,155.00000271413575,0.686274528503418,0.4117647111415863,0.1411764770746231,calibrated_uv_reprojection_plus_stereo_left
225.60357666015625,-140.58502197265625,-631.1724853515625,133.74951764982364,38.941265763246406,-44.93867687631791,495.9999954744385,155.00000136646992,0.7686274647712708,0.47058823704719543,0.20000000298023224,calibrated_uv_reprojection_plus_stereo_left
226.9749298095703,-140.58897399902344,-631.1595458984375,132.95950855347536,37.75125449585511,-44.89468686206362,497.0000006973401,154.99999496063086,0.800000011920929,0.49803921580314636,0.23137255012989044,calibrated_uv_reprojection_plus_stereo_left
228.8748321533203,-140.91824340820312,-632.6071166992188,132.70640702430723,35.55072286498904,-45.870863960650524,497.9999968174359,155.00000588481376,0.8274509906768799,0.5254902243614197,0.26274511218070984,calibrated_uv_reprojection_plus_stereo_left
230.8063507080078,-141.26292419433594,-634.1235961914062,132.4748477703156,33.29668234123869,-46.89498910770726,499.00000034845493,154.99999605603512,0.772549033164978,0.47843137383461,0.239215686917305,calibrated_uv_reprojection_plus_stereo_left
194.46612548828125,-137.46864318847656,-623.8346557617188,146.32121247467177,69.38822499489885,-41.225288819397406,474.99999909411406,156.00000911661664,0.9882352948188782,0.9215686321258545,0.7960784435272217,calibrated_uv_reprojection_plus_stereo_left
196.58111572265625,-138.00836181640625,-626.2537231445312,146.49927177488166,66.63661889728922,-42.886229065839984,476.0000031425597,156.00000636171143,1.0,0.9803921580314636,0.8470588326454163,calibrated_uv_reprojection_plus_stereo_left
197.92877197265625,-138.00564575195312,-626.211181640625,145.70578269923232,65.47840655044467,-42.82189693082404,477.00000161877927,155.99999833612748,1.0,0.9960784316062927,0.8509804010391235,calibrated_uv_reprojection_plus_stereo_left
199.32086181640625,-138.03367614746094,-626.3082275390625,144.9668475447811,64.22904395667081,-42.85538315579146,477.99999032692835,156.0000033995951,1.0,1.0,0.8509804010391235,calibrated_uv_reprojection_plus_stereo_left
200.64454650878906,-138.01422119140625,-626.1897583007812,144.1435598971495,63.12024627399728,-42.737846256151954,478.99999364979675,155.99999977507497,1.0,1.0,0.843137264251709,calibrated_uv_reprojection_plus_stereo_left
201.885498046875,-137.93844604492188,-625.8157958984375,143.221194269779,62.17952373735193,-42.44132242736646,479.99999283964814,155.99999945105398,1.0,0.9960784316062927,0.8235294222831726,calibrated_uv_reprojection_plus_stereo_left
203.13621520996094,-137.87025451660156,-625.4762573242188,142.31296782437812,61.21735837044287,-42.168948336583696,480.9999946948028,155.99999713871347,1.0,0.9882352948188782,0.772549033164978,calibrated_uv_reprojection_plus_stereo_left
204.40530395507812,-137.81527709960938,-625.19677734375,141.42863139425197,60.21662974643226,-41.93868603083365,481.99999960791445,156.00000876083334,0.9921568632125854,0.9686274528503418,0.7333333492279053,calibrated_uv_reprojection_plus_stereo_left
205.7599639892578,-137.8183135986328,-625.1803588867188,140.64610405354603,59.04249996342509,-41.89269081553476,483.0000042186637,155.99999950833325,1.0,0.9686274528503418,0.658823549747467,calibrated_uv_reprojection_plus_stereo_left
207.3184051513672,-137.9568634033203,-625.7786865234375,140.09926188132607,57.45986266026517,-42.2772508873025,483.9999946748918,155.99999912992166,1.0,0.9725490212440491,0.6549019813537598,calibrated_uv_reprojection_plus_stereo_left
208.8517303466797,-138.0769500732422,-626.293212890625,139.51876919623555,55.93059342277263,-42.60305240134829,484.99999756411523,155.99999990004335,1.0,0.9764705896377563,0.6274510025978088,calibrated_uv_reprojection_plus_stereo_left
210.36473083496094,-138.18209838867188,-626.7399291992188,138.91104928738866,54.444508995827334,-42.88130705941484,485.99999110059326,156.00000041272793,1.0,0.9764705896377563,0.6274510025978088,calibrated_uv_reprojection_plus_stereo_left
211.8715362548828,-138.28179931640625,-627.161865234375,138.2926803637194,52.973129858163645,-43.1421522254214,487.0000011660469,155.9999966696633,1.0,0.9803921580314636,0.6352941393852234,calibrated_uv_reprojection_plus_stereo_left
213.2666015625,-138.30770874023438,-627.2491455078125,137.54645652406782,51.72484310162895,-43.16864055238989,488.00000937863837,156.00000054762114,0.9921568632125854,0.9450980424880981,0.6000000238418579,calibrated_uv_reprojection_plus_stereo_left
214.83648681640625,-138.4459228515625,-627.8456420898438,136.99204119673067,50.13291892005208,-43.551607935536595,489.0000077588529,155.99999342390547,0.8784313797950745,0.7803921699523926,0.4941176474094391,calibrated_uv_reprojection_plus_stereo_left
216.51707458496094,-138.65322875976562,-628.7554931640625,136.55385179170696,48.326822989772666,-44.15387767069569,489.999998015461,156.0000031999578,0.8549019694328308,0.7411764860153198,0.47058823704719543,calibrated_uv_reprojection_plus_stereo_left
218.39707946777344,-138.9848175048828,-630.2286987304688,136.32443934372998,46.13531437033089,-45.15036911698246,491.0000037188512,155.99999423295122,0.7019608020782471,0.501960813999176,0.21960784494876862,calibrated_uv_reprojection_plus_stereo_left
220.79246520996094,-139.63818359375,-633.160888671875,136.63626905515179,42.946628460914724,-47.16789412113684,491.9999971358227,156.0000010510595,0.5647059082984924,0.3294117748737335,0.0470588244497776,calibrated_uv_reprojection_plus_stereo_left
222.07286071777344,-139.58262634277344,-632.8784790039062,135.74380654468843,41.93714662692696,-46.93526549107111,492.9999933849416,156.00000807146597,0.6196078658103943,0.3176470696926117,0.07058823853731155,calibrated_uv_reprojection_plus_stereo_left
223.4171142578125,-139.56761169433594,-632.77978515625,134.92011192419756,40.80299294629157,-46.83121702273138,493.9999984260197,155.99999550927544,0.615686297416687,0.27843138575553894,0.0470588244497776,calibrated_uv_reprojection_plus_stereo_left
224.70643615722656,-139.5186004638672,-632.527099609375,134.03957287863028,39.77456725423116,-46.61943095782061,494.9999982761473,156.0000042572098,0.686274528503418,0.3490196168422699,0.10980392247438431,calibrated_uv_reprojection_plus_stereo_left
225.25906372070312,-139.01551818847656,-630.2158203125,132.40077440576522,40.16141811628165,-44.96723288910033,495.9999996385154,155.99999382554,0.800000011920929,0.46666666865348816,0.21568627655506134,calibrated_uv_reprojection_plus_stereo_left
226.78623962402344,-139.11622619628906,-630.6419677734375,131.7731806825886,38.67071406410804,-45.230553662640034,497.0000036634558,156.00000045597918,0.8078431487083435,0.48627451062202454,0.24705882370471954,calibrated_uv_reprojection_plus_stereo_left
228.44081115722656,-139.2933807373047,-631.41455078125,131.27125239021672,36.9388512612781,-45.73618314057427,497.99999949977166,155.99999900005082,0.7647058963775635,0.47058823704719543,0.2549019753932953,calibrated_uv_reprojection_plus_stereo_left
183.4181365966797,-128.39620971679688,-588.4017333984375,131.40956313302325,92.84811908870222,-17.041029127968272,474.99999294966,157.00000621897334,0.9764705896377563,0.8745098114013672,0.7647058963775635,calibrated_uv_reprojection_plus_stereo_left
196.64537048339844,-136.70909118652344,-626.4671630859375,145.5961632106729,67.05598486225199,-43.72750707681405,475.99999959704405,157.00000007696178,1.0,0.9686274528503418,0.8352941274642944,calibrated_uv_reprojection_plus_stereo_left
198.02227783203125,-136.72622680664062,-626.515625,144.83793593685346,65.83818144418399,-43.72704007108399,477.0000087725207,156.99999124432725,1.0,1.0,0.8470588326454163,calibrated_uv_reprojection_plus_stereo_left
199.30897521972656,-136.6811981201172,-626.2793579101562,143.96859126623013,64.80570796046385,-43.52675083838466,478.0000060141474,157.00000178120496,1.0,1.0,0.8352941274642944,calibrated_uv_reprojection_plus_stereo_left
200.5806427001953,-136.62649536132812,-625.9987182617188,143.0824978884986,63.80295535716681,-43.29533619523636,479.00000796345194,157.00000169387067,0.9960784316062927,0.9960784316062927,0.8117647171020508,calibrated_uv_reprojection_plus_stereo_left
201.7823944091797,-136.52517700195312,-625.5045166015625,142.1143627454628,62.94116447985397,-42.91409003162556,480.0000020344112,156.99999994442788,0.9921568632125854,0.9843137264251709,0.772549033164978,calibrated_uv_reprojection_plus_stereo_left
203.0844268798828,-136.4925537109375,-625.3250732421875,141.26872571054997,61.87402421121834,-42.753740960226594,480.999995227318,156.99999768731075,1.0,0.9764705896377563,0.6980392336845398,calibrated_uv_reprojection_plus_stereo_left
204.42066955566406,-136.48312377929688,-625.251953125,140.4642663731787,60.737230883439224,-42.668007609473875,482.0000037654364,157.00000492179845,0.9960784316062927,0.9764705896377563,0.6784313917160034,calibrated_uv_reprojection_plus_stereo_left
205.77047729492188,-136.4827880859375,-625.220458984375,139.67583994106332,59.5730131557483,-42.611475527758444,482.999993830756,157.00000611303682,1.0,0.9764705896377563,0.6392157077789307,calibrated_uv_reprojection_plus_stereo_left
207.4364776611328,-136.69076538085938,-626.1431274414062,139.251800542642,57.77566246652606,-43.22425926828902,483.99999439276087,156.99999747752582,1.0,0.9764705896377563,0.6352941393852234,calibrated_uv_reprojection_plus_stereo_left
208.90260314941406,-136.76512145996094,-626.4537353515625,138.5923281691068,56.3818765054985,-43.40763181721468,484.99999781549263,157.0000027325081,1.0,0.9764705896377563,0.6313725709915161,calibrated_uv_reprojection_plus_stereo_left
210.45217895507812,-136.89276123046875,-627.00830078125,138.0245406933348,54.82393725421133,-43.7620617911806,486.0000058002598,156.99999783842375,1.0,0.9803921580314636,0.6352941393852234,calibrated_uv_reprojection_plus_stereo_left
212.01283264160156,-137.02587890625,-627.5879516601562,137.46474609260054,53.24694855103513,-44.13402462238503,486.99999921366026,157.00000162508695,0.9803921580314636,0.9254902005195618,0.6078431606292725,calibrated_uv_reprojection_plus_stereo_left
213.48434448242188,-137.10000610351562,-627.8973388671875,136.8015094151342,51.84892324116214,-44.31638924287108,488.0000030643855,156.9999996398389,0.8392156958580017,0.7803921699523926,0.4627451002597809,calibrated_uv_reprojection_plus_stereo_left
215.1819305419922,-137.3174285888672,-628.8629150390625,136.38393914570145,50.00797276918132,-44.95883476843744,488.9999960009917,156.99999501148642,0.8588235378265381,0.7215686440467834,0.47843137383461,calibrated_uv_reprojection_plus_stereo_left
216.98800659179688,-137.60084533691406,-630.1306762695312,136.07699028070874,47.959239757148225,-45.81305216907367,490.0000007069319,157.00000133500777,0.5764706134796143,0.4274509847164154,0.19607843458652496,calibrated_uv_reprojection_plus_stereo_left
218.76333618164062,-137.86131286621094,-631.2931518554688,135.72748111026556,45.976752008251935,-46.593301357889686,491.0000095337988,156.99999630770589,0.5568627715110779,0.23137255012989044,0.027450980618596077,calibrated_uv_reprojection_plus_stereo_left
220.92710876464844,-138.3617706298828,-633.5545043945312,135.78373268290073,43.24395350662883,-48.14378122040529,492.00000222908915,157.00000483691096,0.6431372761726379,0.2666666805744171,0.062745101749897,calibrated_uv_reprojection_plus_stereo_left
222.11026000976562,-138.24566650390625,-632.9924926757812,134.78749211905375,42.42378564598221,-47.714870415328846,492.99999637391477,157.00000385573645,0.6470588445663452,0.29411765933036804,0.07450980693101883,calibrated_uv_reprojection_plus_stereo_left
223.58447265625,-138.3109893798828,-633.2611694335938,134.0994708787029,41.03866441281201,-47.868265000820315,493.99999715248043,156.99999809673074,0.6039215922355652,0.2666666805744171,0.03529411926865578,calibrated_uv_reprojection_plus_stereo_left
224.9818878173828,-138.3282470703125,-633.3097534179688,133.32960568614845,39.80294899926315,-47.86736694741751,495.00000315642455,156.99999157510558,0.7058823704719543,0.364705890417099,0.12941177189350128,calibrated_uv_reprojection_plus_stereo_left
225.42616271972656,-137.76275634765625,-630.6905517578125,131.58037707389474,40.397620785287415,-45.99684027463894,495.99999193182316,157.00000090507191,0.8039215803146362,0.4588235318660736,0.2235294133424759,calibrated_uv_reprojection_plus_stereo_left
227.15818786621094,-137.9862518310547,-631.6834106445312,131.15872513375342,38.516441052226014,-46.65778355486617,497.0000054393365,157.0000000704194,0.7254902124404907,0.4313725531101227,0.23137255012989044,calibrated_uv_reprojection_plus_stereo_left
196.62472534179688,-135.35043334960938,-626.4100952148438,144.5867844843429,67.65086022023115,-44.379093275520006,476.00000491966387,157.99999529347832,1.0,0.9411764740943909,0.8156862854957581,calibrated_uv_reprojection_plus_stereo_left
198.0655517578125,-135.4111328125,-626.6611938476562,143.90730192350594,66.30168518411494,-44.52119074887594,477.00000522960465,157.9999973792846,1.0,0.9960784316062927,0.8470588326454163,calibrated_uv_reprojection_plus_stereo_left
199.28115844726562,-135.3180389404297,-626.2005615234375,142.95107607488774,65.41487615169723,-44.16296994734529,477.9999910180275,157.99999855130704,1.0,0.9921568632125854,0.8039215803146362,calibrated_uv_reprojection_plus_stereo_left
200.53111267089844,-135.24929809570312,-625.8526000976562,142.03941515889494,64.45600453508672,-43.88397865881615,479.00000654896655,157.99999029255338,0.9921568632125854,0.9843137264251709,0.7607843279838562,calibrated_uv_reprojection_plus_stereo_left
201.6880340576172,-135.1190948486328,-625.2203369140625,141.0189494711339,63.68450511604169,-43.4052199097066,480.0000102312539,157.9999927777508,0.9921568632125854,0.9764705896377563,0.7137255072593689,calibrated_uv_reprojection_plus_stereo_left
202.99562072753906,-135.09083557128906,-625.0598754882812,140.18114568547162,62.60531853743532,-43.25808994663282,481.0000018088434,158.00000413294612,1.0,0.9764705896377563,0.6627451181411743,calibrated_uv_reprojection_plus_stereo_left
204.39852905273438,-135.1259307861328,-625.1924438476562,139.4558165773828,61.333498428748726,-43.316870568706065,481.99999997174746,157.9999985283888,1.0,0.9764705896377563,0.6509804129600525,calibrated_uv_reprojection_plus_stereo_left
205.76351928710938,-135.13560485839844,-625.2073974609375,138.68515247722797,60.13869639888361,-43.29299210254902,483.0000019461552,157.9999951698956,1.0,0.9803921580314636,0.6313725709915161,calibrated_uv_reprojection_plus_stereo_left
207.52529907226562,-135.40399169921875,-626.4192504882812,138.36957845231427,58.15062689793882,-44.11003118315193,484.000001965,157.99999549643417,1.0,0.9803921580314636,0.6313725709915161,calibrated_uv_reprojection_plus_stereo_left
209.052734375,-135.51693725585938,-626.9119262695312,137.77822439348932,56.63566044400244,-44.42169219725429,484.99999660628833,158.00000001017278,0.9921568632125854,0.9725490212440491,0.6274510025978088,calibrated_uv_reprojection_plus_stereo_left
210.51498413085938,-135.58639526367188,-627.2033081054688,137.10946206771416,55.252751808825735,-44.59188115850168,486.00000831992054,157.99999254714214,0.929411768913269,0.8784313797950745,0.545098066329956,calibrated_uv_reprojection_plus_stereo_left
212.1533660888672,-135.7676239013672,-628.0117797851562,136.63460541650227,53.52303831769672,-45.1252592828107,486.99999987566486,158.00000290449628,0.8392156958580017,0.7490196228027344,0.47843137383461,calibrated_uv_reprojection_plus_stereo_left
213.9298553466797,-136.03433227539062,-629.2154541015625,136.3059823278822,51.525209153895275,-45.93610820040851,487.9999993958602,157.99999807158372,0.7764706015586853,0.6784313917160034,0.4156862795352936,calibrated_uv_reprojection_plus_stereo_left
215.64907836914062,-136.2614288330078,-630.23583984375,135.90566511373436,49.64581577943784,-46.61809902515887,488.99999779859513,158.0000001381909,0.4745098054409027,0.27450981736183167,0.07058823853731155,calibrated_uv_reprojection_plus_stereo_left
217.26303100585938,-136.41952514648438,-630.93701171875,135.38365609647332,47.977506663058875,-47.075804639955095,489.99999356881506,158.00000417310233,0.38823530077934265,0.18039216101169586,0.0117647061124444,calibrated_uv_reprojection_plus_stereo_left
218.87646484375,-136.57528686523438,-631.6272583007812,134.85573066014706,46.313729953813834,-47.52574962364076,490.9999908849145,157.99999915350762,0.5843137502670288,0.23529411852359772,0.0470588244497776,calibrated_uv_reprojection_plus_stereo_left
221.24539184570312,-137.19754028320312,-634.4747924804688,135.12503989073366,43.18504296740832,-49.49034344531168,491.99999921034555,158.00000229827103,0.6823529601097107,0.30588236451148987,0.11372549086809158,calibrated_uv_reprojection_plus_stereo_left
222.32078552246094,-137.014892578125,-633.5999145507812,134.01295449142674,42.57529604573523,-48.84115488809289,492.99999762527386,158.00000218184243,0.5882353186607361,0.24313725531101227,0.03529411926865578,calibrated_uv_reprojection_plus_stereo_left
223.58811950683594,-136.95199584960938,-633.2788696289062,133.1066903287794,41.5912232575256,-48.58086799192847,493.999997851016,158.00000436951217,0.615686297416687,0.27450981736183167,0.054901961237192154,calibrated_uv_reprojection_plus_stereo_left
225.2357635498047,-137.12135314941406,-634.03173828125,132.59489461860574,39.87422625642279,-49.0744720162491,494.9999956085991,158.0000024873408,0.7372549176216125,0.3921568691730499,0.1921568661928177,calibrated_uv_reprojection_plus_stereo_left
194.43338012695312,-132.51260375976562,-619.4375610351562,140.88945595585238,72.71669908565923,-40.16120048994571,475.9999913413767,159.0000008089662,1.0,0.9019607901573181,0.7764706015586853,calibrated_uv_reprojection_plus_stereo_left
197.9566650390625,-133.99240112304688,-626.3253784179688,142.7896741284822,67.07760970730686,-44.976747774246235,476.9999922926164,159.0000101798127,1.0,0.9764705896377563,0.8156862854957581,calibrated_uv_reprojection_plus_stereo_left
199.24920654296875,-133.952392578125,-626.108642578125,141.9287042873308,66.03241037604295,-44.78978505281003,478.0000056024695,158.99999550574822,0.9960784316062927,0.9725490212440491,0.7490196228027344,calibrated_uv_reprojection_plus_stereo_left
200.51373291015625,-133.89414978027344,-625.8068237304688,141.0353891062228,65.04337062707197,-44.54295987296587,479.0000042150007,159.00000078375456,0.9960784316062927,0.9764705896377563,0.6980392336845398,calibrated_uv_reprojection_plus_stereo_left
201.68267822265625,-133.77325439453125,-625.212158203125,140.0303390847904,64.24684800092689,-44.09001981398103,479.99999560255253,158.99999757712112,1.0,0.9803921580314636,0.6745098233222961,calibrated_uv_reprojection_plus_stereo_left
203.01480102539062,-133.76141357421875,-625.1272583007812,139.22162348224083,63.11799273290518,-43.99594559966266,480.9999908323914,159.0000027998201,1.0,0.9803921580314636,0.6431372761726379,calibrated_uv_reprojection_plus_stereo_left
204.39767456054688,-133.78289794921875,-625.197998046875,138.47233917421846,61.88685052550858,-44.01140271269293,482.0000065894682,158.99999218257034,1.0,0.9803921580314636,0.6392157077789307,calibrated_uv_reprojection_plus_stereo_left
205.79421997070312,-133.81292724609375,-625.3087768554688,137.7379694125022,60.62887064729472,-44.055037682038346,483.00000654766245,159.00000056513787,1.0,0.9843137264251709,0.6352941393852234,calibrated_uv_reprojection_plus_stereo_left
207.53575134277344,-134.0653839111328,-626.4588623046875,137.396884809156,58.68260438402808,-44.82999976086518,483.99999900150874,159.00000352278616,0.9803921580314636,0.9607843160629272,0.6196078658103943,calibrated_uv_reprojection_plus_stereo_left
209.0856170654297,-134.19151306152344,-627.0184936523438,136.8299080819042,57.123590654077816,-45.18935927755206,485.0000011012306,158.9999958624851,0.9098039269447327,0.843137264251709,0.5372549295425415,calibrated_uv_reprojection_plus_stereo_left
210.672119140625,-134.33932495117188,-627.679443359375,136.29954493336328,55.494866633071695,-45.61994512613404,485.99999235579236,158.99999874474724,0.8117647171020508,0.7333333492279053,0.43529412150382996,calibrated_uv_reprojection_plus_stereo_left
212.39520263671875,-134.57171630859375,-628.7354736328125,135.9155802838995,53.599759666365685,-46.328398880547695,487.0000064324855,158.99999890012063,0.6980392336845398,0.5843137502670288,0.34117648005485535,calibrated_uv_reprojection_plus_stereo_left
214.19720458984375,-134.85079956054688,-630.0095825195312,135.61040341385905,51.55454470828096,-47.19014828375674,487.9999957357743,159.0000057822615,0.40392157435417175,0.2862745225429535,0.07058823853731155,calibrated_uv_reprojection_plus_stereo_left
215.88760375976562,-135.05650329589844,-630.940673828125,135.1741511966868,49.73451921133028,-47.81045935482166,488.9999910528982,158.99999899600212,0.33725491166114807,0.1568627506494522,0.0,calibrated_uv_reprojection_plus_stereo_left
217.62521362304688,-135.2888946533203,-631.9963989257812,134.7817182133582,47.826872035613405,-48.5183305881003,490.0000065626245,159.00000122165022,0.35686275362968445,0.1764705926179886,0.0,calibrated_uv_reprojection_plus_stereo_left
219.24346923828125,-135.4446258544922,-632.6939086914062,134.25399276633408,46.15684359211497,-48.97414558868752,490.9999974368462,159.00000128740578,0.5411764979362488,0.239215686917305,0.03529411926865578,calibrated_uv_reprojection_plus_stereo_left
175.31527709960938,-118.2842788696289,-558.5377197265625,116.33689058425234,112.58748396884948,2.1033297799232855,475.99999633843987,160.00000349085664,0.9921568632125854,0.8509804010391235,0.7019608020782471,calibrated_uv_reprojection_plus_stereo_left
197.5891876220703,-132.40182495117188,-625.1712646484375,141.35731899234963,68.3827715492261,-44.85450945035723,477.0000047122693,159.9999981646565,0.9960784316062927,0.9333333373069763,0.7450980544090271,calibrated_uv_reprojection_plus_stereo_left
199.1709442138672,-132.55630493164062,-625.8712768554688,140.85066717994044,66.74427265139389,-45.31385619817871,478.0000013447134,160.00000217966723,1.0,0.9647058844566345,0.6980392336845398,calibrated_uv_reprojection_plus_stereo_left
200.5253448486328,-132.55836486816406,-625.8515625,140.06621414622867,65.57171197710727,-45.265662010833296,478.99999445802734,160.0000012712212,1.0,0.9803921580314636,0.6627451181411743,calibrated_uv_reprojection_plus_stereo_left
201.09686279296875,-132.04627990722656,-623.4044799804688,138.3540203473063,65.98461513918039,-43.50613590747594,479.9999957942107,159.99999521128296,1.0,0.9803921580314636,0.6470588445663452,calibrated_uv_reprojection_plus_stereo_left
202.52633666992188,-132.1005401611328,-623.63134765625,137.66634866949443,64.65488111096073,-43.63190235362822,481.0000097654845,160.0000009571356,1.0,0.9803921580314636,0.6313725709915161,calibrated_uv_reprojection_plus_stereo_left
203.90078735351562,-132.118408203125,-623.6864013671875,136.9127851970282,63.43702966681872,-43.63652838555788,481.99998902547776,160.00000767762418,1.0,0.9803921580314636,0.6392157077789307,calibrated_uv_reprojection_plus_stereo_left
205.34286499023438,-132.17950439453125,-623.9454345703125,136.23614351355337,62.084338752944916,-43.78490931285086,483.0000044044425,160.00000402499865,0.9607843160629272,0.9333333373069763,0.6000000238418579,calibrated_uv_reprojection_plus_stereo_left
207.34642028808594,-132.5988311767578,-625.8953857421875,136.19656947733614,59.61316408166897,-45.12500693112321,484.00000186972903,160.00000350827386,0.8745098114013672,0.8196078538894653,0.5098039507865906,calibrated_uv_reprojection_plus_stereo_left
209.2295684814453,-132.93617248535156,-627.4581298828125,136.0064557596918,57.390995039721474,-46.1920002058194,485.000009938566,159.9999955219422,0.800000011920929,0.6980392336845398,0.4588235318660736,calibrated_uv_reprojection_plus_stereo_left
211.26596069335938,-133.36585998535156,-629.4566650390625,135.97564255001885,54.87313514705767,-47.56592203039702,485.9999939863459,160.00000148405022,0.6509804129600525,0.5411764979362488,0.30588236451148987,calibrated_uv_reprojection_plus_stereo_left
212.97802734375,-133.58656311035156,-630.4686279296875,135.57127105167098,53.0050046689135,-48.24444401746865,487.00000523360825,159.9999970603632,0.4470588266849518,0.29411765933036804,0.08235294371843338,calibrated_uv_reprojection_plus_stereo_left
167.5771026611328,-111.91752624511719,-533.89208984375,105.95441908622529,128.97508919695485,18.894692460327747,475.9999918348283,161.0000017543236,0.9686274528503418,0.8156862854957581,0.6509804129600525,calibrated_uv_reprojection_plus_stereo_left
197.47962951660156,-130.9872589111328,-624.833251953125,140.24223080485228,69.15818785599947,-45.306137421758535,477.00000181829444,160.99999831008392,0.9843137264251709,0.9176470637321472,0.7215686440467834,calibrated_uv_reprojection_plus_stereo_left
199.17416381835938,-131.21490478515625,-625.889892578125,139.87142879050748,67.28968179146352,-46.01818259355986,478.00001180931025,160.9999939777262,1.0,0.9686274528503418,0.6823529601097107,calibrated_uv_reprojection_plus_stereo_left
200.5269012451172,-131.2157745361328,-625.8648681640625,139.08486980913875,66.1205735027603,-45.96627722926047,478.9999964952622,161.00000523783677,1.0,0.9803921580314636,0.6431372761726379,calibrated_uv_reprojection_plus_stereo_left
201.1800537109375,-130.76187133789062,-623.6707153320312,137.47269613396293,66.36631997391157,-44.38270169693618,479.9999959111111,161.0000041223586,1.0,0.9803921580314636,0.6352941393852234,calibrated_uv_reprojection_plus_stereo_left
202.60818481445312,-130.81431579589844,-623.8917236328125,136.78204880789832,65.04017471687257,-44.50461993965138,480.9999899570781,161.00000932803593,1.0,0.9764705896377563,0.6274510025978088,calibrated_uv_reprojection_plus_stereo_left
204.00405883789062,-130.8453369140625,-624.0104370117188,136.0520611022714,63.78010466052132,-44.55427657747322,481.9999959335587,160.99999889450189,0.9490196108818054,0.9058823585510254,0.5803921818733215,calibrated_uv_reprojection_plus_stereo_left
205.45643615722656,-130.91189575195312,-624.2986450195312,135.38553235856642,62.407879953206304,-44.723574152150604,483.0000005381813,160.99999413076884,0.8509804010391235,0.7843137383460999,0.48627451062202454,calibrated_uv_reprojection_plus_stereo_left
207.66932678222656,-131.4589385986328,-626.878173828125,135.5788366430209,59.5223542412607,-46.51028543211709,483.9999998426438,161.00000572898784,0.7607843279838562,0.6666666865348816,0.4000000059604645,calibrated_uv_reprojection_plus_stereo_left
209.60232543945312,-131.8228302001953,-628.5840454101562,135.4385425182021,57.20504743772028,-47.68003605220747,484.999995668185,161.00000589813467,0.6274510025978088,0.501960813999176,0.2823529541492462,calibrated_uv_reprojection_plus_stereo_left
162.26722717285156,-107.2616958618164,-516.9822998046875,98.62004104631181,140.33804364165047,30.26782930015139,475.9999919357874,162.0000032468275,0.9372549057006836,0.7843137383460999,0.6235294342041016,calibrated_uv_reprojection_plus_stereo_left
197.35476684570312,-129.56407165527344,-624.44677734375,139.10964047099014,69.96429644068263,-45.72274720778472,477.00000539505936,161.9999990344958,0.9764705896377563,0.9058823585510254,0.7137255072593689,calibrated_uv_reprojection_plus_stereo_left
199.16513061523438,-129.86541748046875,-625.8701171875,138.87747579406232,67.86003583483142,-46.69541683571299,477.99999603889046,162.0000025885633,1.0,0.9686274528503418,0.6745098233222961,calibrated_uv_reprojection_plus_stereo_left
200.5256805419922,-129.87132263183594,-625.8695068359375,138.10018354102868,66.67509079587978,-46.66079492406459,478.9999984526722,161.99999995906944,1.0,0.9803921580314636,0.6392157077789307,calibrated_uv_reprojection_plus_stereo_left
201.3446044921875,-129.52865600585938,-624.1891479492188,136.68611608799364,66.5841996755641,-45.43821306022426,480.000004074756,161.9999970108217,0.9960784316062927,0.9686274528503418,0.6235294342041016,calibrated_uv_reprojection_plus_stereo_left
202.735595703125,-129.55606079101562,-624.292236328125,135.9498412778587,65.33432572039214,-45.47700785291721,481.00001164742855,161.99999890999953,0.9333333373069763,0.8901960849761963,0.545098066329956,calibrated_uv_reprojection_plus_stereo_left
204.13661193847656,-129.5894317626953,-624.424072265625,135.22403094478574,64.0650708764814,-45.536116033165115,481.999997367354,162.00000281630884,0.8352941274642944,0.7647058963775635,0.4588235318660736,calibrated_uv_reprojection_plus_stereo_left
205.7623748779297,-129.76405334472656,-625.2363891601562,134.75315341652305,62.34795563322035,-46.076334390035356,482.9999991235219,161.99999382472987,0.729411780834198,0.6352941393852234,0.37254902720451355,calibrated_uv_reprojection_plus_stereo_left
197.24221801757812,-128.15054321289062,-624.0993041992188,137.99313523019833,70.74458433784218,-46.16614157098513,476.9999974436655,162.99999424976585,0.9764705896377563,0.8901960849761963,0.7215686440467834,calibrated_uv_reprojection_plus_stereo_left
199.1535186767578,-128.5143280029297,-625.8421630859375,137.88045854952355,68.43562681902318,-47.36681673705539,477.9999976954266,163.00000337568338,1.0,0.9607843160629272,0.6901960968971252,calibrated_uv_reprojection_plus_stereo_left
200.5177001953125,-128.52249145507812,-625.85302734375,137.10746523630513,67.2433182291361,-47.34037462437118,479.00000519569403,162.9999978499707,0.9882352948188782,0.9490196108818054,0.6392157077789307,calibrated_uv_reprojection_plus_stereo_left
201.4690399169922,-128.2676544189453,-624.5833129882812,135.85098594183506,66.88388213446399,-46.40686726913697,479.9999928119474,163.0000036571148,0.9215686321258545,0.8588235378265381,0.5490196347236633,calibrated_uv_reprojection_plus_stereo_left
202.89566040039062,-128.3167266845703,-624.79345703125,135.15425498936258,65.56354218212482,-46.52163070608998,480.99999899505633,163.0000042957506,0.800000011920929,0.729411780834198,0.42352941632270813,calibrated_uv_reprojection_plus_stereo_left
