run_timestamp,folder,datetime,date,script,place_scene,sequence_index,object_i,class_name,detection_class,detection_confidence,detection_bbox_x1,detection_bbox_y1,detection_bbox_x2,detection_bbox_y2,pick_x_mm,pick_y_mm,pick_z_mm,pick_grasp_z_mm,grasp_offset_mm,pick_phi_deg,place_x_mm,place_y_mm,place_phi_deg,destination_surface_z_mm,place_result,raw_size_x_mm,raw_size_y_mm,raw_size_z_mm,placed_box_label,watchdog_flags
20260531_145854,run_20260531_145854,2026-05-31T14:58:54,2026-05-31,autonomous_missed_pick_recovery.py,bag_local_aabb_joint,0,1,Lays Chips,Lays Chips,0.97412109375,145.375,101.125,358.75,282.25,231.38405147578686,348.73260987195965,-2.42778339682134,127.57221660317866,130.0,91.11125952970745,178.1983824094207,754.4426391997439,0.0,-200.0,placed,176.3967648188414,128.88527839948785,23.67064811733198,object1_placed,
20260531_145854,run_20260531_145854,2026-05-31T14:58:54,2026-05-31,autonomous_missed_pick_recovery.py,bag_local_aabb_joint,1,2,Bandaid,Bandaid,0.953125,285.75,128.75,418.5,224.125,180.57361482582442,235.111686539857,-11.123630543193354,118.87636945680664,130.0,143.11861209604896,178.1983824094207,754.4426391997439,0.0,-200.0,placed,123.6490462081004,129.23550274479967,36.374729621388155,object2_placed,
20260531_145854,run_20260531_145854,2026-05-31T14:58:54,2026-05-31,autonomous_missed_pick_recovery.py,bag_local_aabb_joint,2,3,Pringles,Pringles,0.98828125,143.0,172.625,276.5,275.5,202.79475771227402,407.80274408827563,13.96039970406999,143.96039970407,130.0,123.3290052972954,178.1983824094207,754.4426391997439,0.0,-163.62527037861184,placed,101.75585737688809,92.92460941009006,35.99349951352561,,
20260531_145854,run_20260531_145854,2026-05-31T14:58:54,2026-05-31,autonomous_missed_pick_recovery.py,bag_local_aabb_joint,3,4,Burts Bees,Burts Bees,0.98193359375,313.0,140.0,403.5,213.25,190.6900814216056,223.50777156294174,-38.46730837989925,91.53269162010075,130.0,5.310479638761649,288.84674885965075,740.437169269731,90.0,-127.63177086508624,placed,62.30650171930154,80.87433853946206,18.281804080620304,,
20260531_145854,run_20260531_145854,2026-05-31T14:58:54,2026-05-31,autonomous_missed_pick_recovery.py,bag_local_aabb_joint,4,5,Dove Deodorant,Dove Deodorant,0.89892578125,157.125,166.25,266.75,280.0,224.144116593128,403.26800925961226,-34.21794531742997,95.78205468257002,130.0,86.74771530411539,178.1983824094207,754.4426391997439,0.0,-127.63177086508624,placed,127.90241712310888,56.194034960486135,12.837516140945887,,
20260531_145854,run_20260531_145854,2026-05-31T14:58:54,2026-05-31,autonomous_missed_pick_recovery.py,bag_local_aabb_joint,5,6,Carmex Lip Balm,Carmex Lip Balm,0.92724609375,347.0,150.125,454.5,218.875,147.64674927244317,188.60265217695505,-28.602280194898313,101.39771980510169,130.0,178.1889264640706,288.84674885965075,740.437169269731,90.0,-109.34996678446593,placed,70.4436924173222,103.2730618362061,6.249521236265494,,
20260531_145854,run_20260531_145854,2026-05-31T14:58:54,2026-05-31,autonomous_missed_pick_recovery.py,bag_local_aabb_joint,6,1,Pringles,Pringles,0.9833984375,244.0,153.25,325.5,278.25,149.75095996783637,347.55235010571744,55.05270129467687,185.05270129467687,130.0,3.037632440243243,288.83047378673876,726.3978530147425,180.0,-200.0,placed,72.79570602948498,62.33905157347755,90.81369563695989,object1_placed,
20260531_145854,run_20260531_145854,2026-05-31T14:58:54,2026-05-31,autonomous_missed_pick_recovery.py,bag_local_aabb_joint,7,2,Burts Bees,Burts Bees,0.9755859375,304.0,120.375,385.5,179.0,240.65186512471385,207.74793560127586,-39.20169379957795,90.79830620042205,130.0,93.36677288635424,142.11070144819013,731.7828606632648,0.0,-200.0,placed,84.22140289638025,63.5657213265296,14.823884235040296,object2_placed,
20260531_151504,run_20260531_151504,2026-05-31T15:15:04,2026-05-31,autonomous_missed_pick_recovery.py,bag_local_aabb_joint,0,1,Bandaid,Bandaid,0.92236328125,186.125,159.5,345.0,314.5,163.472585278729,361.6436161620829,-9.476745367980525,120.52325463201947,130.0,95.4616423346596,267.3730296672052,751.4853653230184,180.0,-200.0,placed,127.97073064603686,90.25394133441027,25.325197999970392,object1_placed,
20260531_152413,run_20260531_152413,2026-05-31T15:24:13,2026-05-31,autonomous_missed_pick_recovery.py,bag_local_aabb_joint,0,1,Lays Chips,Lays Chips,0.9736328125,97.875,152.25,360.25,368.75,161.40663678850413,400.60908636773956,4.299939627281932,134.29993962728193,130.0,97.58876748677758,180.76512503048824,756.0399669394358,0.0,-200.0,placed,166.53025006097647,117.07993387887154,28.37508054433399,object1_placed,
20260531_152413,run_20260531_152413,2026-05-31T15:24:13,2026-05-31,autonomous_missed_pick_recovery.py,bag_local_aabb_joint,1,2,Pringles,Pringles,0.974609375,342.25,73.875,425.0,193.375,188.7222365112301,201.06989497205728,61.65522011953561,191.6552201195356,130.0,27.97538708842299,284.4983756225619,771.9955524376765,90.0,-200.0,placed,61.00889487535294,56.00324924512389,94.6884514576372,object2_placed,
20260531_152413,run_20260531_152413,2026-05-31T15:24:13,2026-05-31,autonomous_missed_pick_recovery.py,bag_local_aabb_joint,2,3,Bandaid,Bandaid,0.958984375,316.75,146.625,401.0,320.0,80.50383899277037,312.79179188766045,91.1390519560401,221.1390519560401,130.0,69.84813101963954,284.4983756225619,771.9955524376765,90.0,-105.3115485423628,placed,90.41546925648754,39.125414174292544,107.07366981462962,,
20260531_152413,run_20260531_152413,2026-05-31T15:24:13,2026-05-31,autonomous_missed_pick_recovery.py,bag_local_aabb_joint,3,4,Dove Deodorant,Dove Deodorant,0.96728515625,140.75,141.5,255.0,245.375,268.4594076411415,396.655040045836,-29.56886533658347,100.43113466341653,130.0,22.871113750555736,,,,,pending,,,,,
20260531_152747,run_20260531_152747,2026-05-31T15:27:47,2026-05-31,autonomous_missed_pick_recovery.py,bag_local_aabb_joint,0,1,Dove Deodorant,Dove Deodorant,0.98095703125,126.0625,136.75,251.75,233.75,288.04980256758245,401.47081702435526,-30.05906592887129,99.94093407112871,130.0,13.64487910673654,,,,,pending,,,,,
20260531_153023,run_20260531_153023,2026-05-31T15:30:23,2026-05-31,autonomous_missed_pick_recovery.py,bag_local_aabb_joint,0,1,Dove Deodorant,Dove Deodorant,0.97900390625,116.25,129.75,243.5,205.5,317.9630865216776,401.07587549949403,-29.411461319698155,100.58853868030184,130.0,178.8731529381027,160.43492781754526,730.7186088081077,0.0,-200.0,placed,115.86985563509052,46.43721761621541,19.372081636821406,object1_placed,
20260531_153023,run_20260531_153023,2026-05-31T15:30:23,2026-05-31,autonomous_missed_pick_recovery.py,bag_local_aabb_joint,1,2,Chex Mix,Chex Mix,0.98095703125,173.375,135.5,356.0,265.5,219.07746614245238,346.82794482965033,-15.78224799466085,114.21775200533915,130.0,166.06557016270224,160.43492781754526,730.7186088081077,0.0,-200.0,placed,135.21594709486888,100.45703226911071,28.01881989327464,object2_placed,
20260531_153023,run_20260531_153023,2026-05-31T15:30:23,2026-05-31,autonomous_missed_pick_recovery.py,bag_local_aabb_joint,2,3,Pringles,Pringles,0.98388671875,259.25,90.125,333.5,214.0,213.95537814749395,296.98770180979557,62.92473231781119,192.9247323178112,130.0,49.12210421482041,280.81702215546096,734.5113165517365,0.0,-171.98118010672533,placed,63.365956310921916,54.02263310347303,100.90219401906542,,
20260531_153023,run_20260531_153023,2026-05-31T15:30:23,2026-05-31,autonomous_missed_pick_recovery.py,bag_local_aabb_joint,3,1,Pringles,Pringles,0.98291015625,349.0,22.375,420.25,134.625,270.5088052726653,140.53200047969534,55.77706910752782,185.77706910752784,130.0,34.817813481906285,136.26627258966818,770.1493683760814,90.0,-200.0,placed,64.70126275216279,57.53254517933635,97.38439511552322,object1_placed,
20260531_153023,run_20260531_153023,2026-05-31T15:30:23,2026-05-31,autonomous_missed_pick_recovery.py,bag_local_aabb_joint,4,2,Chex Mix,Chex Mix,0.984375,282.5,128.25,438.0,218.125,180.88487831682946,223.3377587301943,-17.59696723373407,112.40303276626594,130.0,145.21894658994105,237.02664022869885,754.6666594230725,0.0,-200.0,placed,150.9467204573977,94.33331884614492,23.246264208438554,object2_placed,
20260531_153023,run_20260531_153023,2026-05-31T15:30:23,2026-05-31,autonomous_missed_pick_recovery.py,bag_local_aabb_joint,5,3,Dove Deodorant,Dove Deodorant,0.9833984375,115.375,156.625,238.0,265.5,258.4402692524327,430.82846729782614,-35.79226293119705,94.20773706880294,130.0,22.65178257669936,237.02664022869885,754.6666594230725,0.0,-176.75373579156144,placed,116.1856996389598,52.04613978057246,14.955451898234728,,
20260531_153023,run_20260531_153023,2026-05-31T15:30:23,2026-05-31,autonomous_missed_pick_recovery.py,bag_local_aabb_joint,6,4,Lays Chips,Lays Chips,0.9736328125,282.0,25.75,477.75,156.25,282.8476669496254,117.84484630681919,0.5600374440446956,130.5600374440447,130.0,126.39890339920001,237.02664022869885,754.6666594230725,0.0,-161.7982838933267,placed,173.96553370570902,110.89493468414148,38.29591205732888,,
20260531_153023,run_20260531_153023,2026-05-31T15:30:23,2026-05-31,autonomous_missed_pick_recovery.py,bag_local_aabb_joint,7,5,Bandaid,Bandaid,0.9658203125,261.0,140.25,420.5,280.0,149.82367539957608,272.28347225844254,-10.718740282993775,119.28125971700622,130.0,115.38014610221742,237.02664022869885,754.6666594230725,0.0,-123.5023718359978,placed,128.5893990161818,88.47230087268726,31.806364734535958,,
20260531_153023,run_20260531_153023,2026-05-31T15:30:23,2026-05-31,autonomous_missed_pick_recovery.py,bag_local_aabb_joint,8,6,Burts Bees,Burts Bees,0.9833984375,123.0,159.875,218.25,238.5,285.94377094136985,431.31188836952504,-41.746795037640084,88.25320496235992,130.0,0.48821399016341616,237.02664022869885,754.6666594230725,0.0,-91.69600710146186,placed,77.71957536205846,56.273396207624984,18.921143539510027,,
20260531_153023,run_20260531_153023,2026-05-31T15:30:23,2026-05-31,autonomous_missed_pick_recovery.py,bag_local_aabb_joint,9,7,Carmex Lip Balm,Carmex Lip Balm,0.9599609375,352.75,81.9375,437.5,156.25,241.08420614979576,130.1544551487528,-28.92835974707799,101.07164025292201,130.0,22.276968341321293,237.02664022869885,754.6666594230725,0.0,-72.77486356195183,placed,93.6127033898866,64.88552609025774,11.093233121416006,,
20260531_153023,run_20260531_153023,2026-05-31T15:30:23,2026-05-31,autonomous_missed_pick_recovery.py,bag_local_aabb_joint,10,8,Pringles,Pringles,0.466796875,267.5,114.25,369.5,235.0,193.32815312399524,283.12687417155064,29.810482987459046,159.81048298745904,130.0,16.60040028997298,237.02664022869885,754.6666594230725,0.0,-61.68163044053583,placed,92.48970858983103,64.52808390136659,41.14156493243024,,
20260531_153023,run_20260531_153023,2026-05-31T15:30:23,2026-05-31,autonomous_missed_pick_recovery.py,bag_local_aabb_joint,11,9,Burts Bees,Burts Bees,0.394287109375,287.75,93.4375,401.5,175.75,246.86381009453072,208.7595009925755,-12.561990588708762,117.43800941129123,130.0,170.69018616880783,237.02664022869885,754.6666594230725,0.0,-20.540065508105585,placed,109.34528938222775,65.29944690229078,32.04811606856988,,
20260531_153023,run_20260531_153023,2026-05-31T15:30:23,2026-05-31,autonomous_missed_pick_recovery.py,bag_local_aabb_joint,12,10,Pringles,Pringles,0.73095703125,443.25,87.5,557.5,229.5,74.48324687920467,123.82739627485758,93.23847684372309,223.2384768437231,130.0,179.93726277420032,237.02664022869885,754.6666594230725,0.0,11.508050560464298,placed,62.68752875891582,47.02834884738415,126.47648137953287,,
20260531_154435,run_20260531_154435,2026-05-31T15:44:35,2026-05-31,autonomous_missed_pick_recovery.py,bag_local_aabb_joint,0,1,Dove Deodorant,Dove Deodorant,0.9716796875,379.5,152.375,496.25,233.75,112.27912074792476,154.50361516344873,-28.47734165687823,101.52265834312178,130.0,2.0149617888026796,158.78587084992122,732.9841482933131,0.0,-155.0,placed,112.57174169984245,50.968296586626224,18.509714028453196,object1_placed,
20260531_154435,run_20260531_154435,2026-05-31T15:44:35,2026-05-31,autonomous_missed_pick_recovery.py,bag_local_aabb_joint,1,2,Chex Mix,Chex Mix,0.97802734375,124.3125,145.5,273.75,292.25,234.23752817619652,404.9851268749617,-21.31708535232056,108.68291464767944,130.0,53.42936049218373,,,,,pending,,,,,
20260531_164143,run_20260531_164143,2026-05-31T16:41:43,2026-05-31,autonomous_missed_pick_recovery.py,bag_local_aabb_joint,0,1,Pringles,Pringles,0.9755859375,343.0,78.25,422.0,197.0,182.87381390065207,205.2111021687528,62.05826841406803,192.05826841406804,130.0,27.89261880563319,286.3919313582079,734.3286615604109,90.0,-155.0,placed,63.65732312082167,52.21613671641573,111.04208490880369,object1_placed,
20260531_164143,run_20260531_164143,2026-05-31T16:41:43,2026-05-31,autonomous_missed_pick_recovery.py,bag_local_aabb_joint,1,2,Chex Mix,Chex Mix,0.984375,212.625,176.75,415.0,351.75,104.12325564756523,335.58795833060697,-9.809988119102831,120.19001188089717,130.0,117.50293677641528,180.32888081595738,753.8326923436667,0.0,-155.0,placed,145.65776163191475,97.3346146873335,31.533088482070134,object2_placed,
20260531_164143,run_20260531_164143,2026-05-31T16:41:43,2026-05-31,autonomous_missed_pick_recovery.py,bag_local_aabb_joint,2,3,Bandaid,Bandaid,0.939453125,292.5,116.75,424.25,216.0,185.43348036434392,223.93747817016333,-6.79239766584449,123.20760233415551,130.0,141.1026756025018,180.32888081595738,753.8326923436667,0.0,-123.46691151792987,placed,127.1319600791065,88.0393709772558,31.109186753403804,,
20260531_164143,run_20260531_164143,2026-05-31T16:41:43,2026-05-31,autonomous_missed_pick_recovery.py,bag_local_aabb_joint,3,4,Dove Deodorant,Dove Deodorant,0.98193359375,434.25,132.625,521.5,224.125,99.97180175470618,93.53276642056153,-31.759181248742998,98.240818751257,130.0,23.89583701876984,180.32888081595738,753.8326923436667,0.0,-92.35772476452607,placed,110.64567147986904,53.098946290611615,18.653117291260912,,
20260531_164143,run_20260531_164143,2026-05-31T16:41:43,2026-05-31,autonomous_missed_pick_recovery.py,bag_local_aabb_joint,4,5,Carmex Lip Balm,Carmex Lip Balm,0.96728515625,72.125,225.25,206.5,299.5,212.103496372949,486.7028531205701,-28.212215532558016,101.78778446744198,130.0,141.89689171892678,180.32888081595738,753.8326923436667,0.0,-73.70460747326516,placed,101.81681760092243,61.25104895436171,7.094994827333341,,
20260531_164143,run_20260531_164143,2026-05-31T16:41:43,2026-05-31,autonomous_missed_pick_recovery.py,bag_local_aabb_joint,5,1,Lays Chips,Lays Chips,0.92822265625,249.375,59.125,393.75,201.625,248.0311106253145,239.62938370269836,10.069335690606845,140.06933569060683,130.0,50.21470250443329,168.67284875732702,754.6076081240047,0.0,-155.0,placed,152.345697514654,124.2152162480094,44.02977868343078,object1_placed,
20260531_164143,run_20260531_164143,2026-05-31T16:41:43,2026-05-31,autonomous_missed_pick_recovery.py,bag_local_aabb_joint,6,2,Bandaid,Bandaid,0.9580078125,411.0,128.5,546.0,236.75,86.23772211074042,104.80225299725886,-10.634265272435641,119.36573472756436,130.0,131.18111911400575,168.67284875732702,754.6076081240047,0.0,-155.0,placed,126.28364260683306,82.70965448188502,40.23289355729753,object2_placed,
20260531_164143,run_20260531_164143,2026-05-31T16:41:43,2026-05-31,autonomous_missed_pick_recovery.py,bag_local_aabb_joint,7,3,Chex Mix,Chex Mix,0.9794921875,129.75,253.375,342.25,443.5,79.45758812062047,451.14604672694134,-21.79579786625942,108.20420213374058,130.0,171.0311170255288,168.67284875732702,754.6076081240047,0.0,-110.97022131656922,placed,152.1011203073593,98.28390370883244,20.55100899668321,,
20260531_164143,run_20260531_164143,2026-05-31T16:41:43,2026-05-31,autonomous_missed_pick_recovery.py,bag_local_aabb_joint,8,4,Pringles,Pringles,0.99072265625,142.875,85.625,236.75,211.5,281.2913613521828,389.25867487412705,57.43945789689826,187.43945789689826,130.0,72.63898959963404,278.2261337010051,735.9816985055285,0.0,-90.41921231988601,placed,66.76087140201018,56.96339701105704,93.05486861899314,,
20260531_164143,run_20260531_164143,2026-05-31T16:41:43,2026-05-31,autonomous_missed_pick_recovery.py,bag_local_aabb_joint,9,5,Carmex Lip Balm,Carmex Lip Balm,0.92529296875,385.5,142.625,485.5,227.125,124.11589446377837,152.91667047503185,-28.1839356601421,101.8160643398579,130.0,9.248664894637784,278.2261337010051,735.9816985055285,0.0,2.6356562991071257,placed,96.5234052689895,63.61852730465546,9.359697732329177,,
20260531_164143,run_20260531_164143,2026-05-31T16:41:43,2026-05-31,autonomous_missed_pick_recovery.py,bag_local_aabb_joint,10,6,Pringles,Pringles,0.9365234375,235.0,60.625,366.0,188.5,263.9982906234319,261.78829609355694,29.79625781735706,159.79625781735706,130.0,99.59234877006885,168.67284875732702,754.6076081240047,0.0,-90.41921231988601,placed,136.4369253583432,65.91708084361255,57.781833767905574,,
20260531_164143,run_20260531_164143,2026-05-31T16:41:43,2026-05-31,autonomous_missed_pick_recovery.py,bag_local_aabb_joint,11,7,Burts Bees,Burts Bees,0.9775390625,323.0,101.6875,395.75,157.75,257.06497709818194,174.23417174124404,-40.75968213130983,89.24031786869017,130.0,29.395695394846143,278.2261337010051,735.9816985055285,0.0,11.995354031436303,placed,74.93558810498156,61.97748631070979,11.343853120667745,,
20260531_164143,run_20260531_164143,2026-05-31T16:41:43,2026-05-31,autonomous_missed_pick_recovery.py,bag_local_aabb_joint,12,8,Bandaid,Bandaid,0.88232421875,284.75,30.4375,353.0,155.75,283.72895012641425,230.78620038276438,68.32534607568508,198.32534607568508,130.0,84.97078527127049,279.5766279387076,774.5796118766013,0.0,23.33920715210405,placed,69.46185987741512,53.57729975320282,113.65452486282321,,
20260531_164143,run_20260531_164143,2026-05-31T16:41:43,2026-05-31,autonomous_missed_pick_recovery.py,bag_local_aabb_joint,13,9,Pringles,Pringles,0.85009765625,307.5,28.625,381.0,173.875,233.54611362842223,227.45275169549797,99.67574609314244,229.67574609314244,130.0,45.41690704829597,,,,,pending,,,,,
20260531_165144,run_20260531_165144,2026-05-31T16:51:44,2026-05-31,autonomous_missed_pick_recovery.py,bag_local_aabb_joint,0,1,Pringles,Pringles,0.98681640625,432.75,92.125,530.5,208.25,105.87593223651119,106.00787719932615,54.56978826498649,184.5697882649865,130.0,5.789226705082768,140.24950956831736,732.9158156746114,0.0,-155.0,placed,65.49901913663473,50.831631349222775,99.04494747492441,object1_placed,
20260531_165144,run_20260531_165144,2026-05-31T16:51:44,2026-05-31,autonomous_missed_pick_recovery.py,bag_local_aabb_joint,1,2,Bandaid,Bandaid,0.9580078125,338.5,38.1875,463.25,128.75,279.42713342212414,90.70713814556075,-10.009847971039239,119.99015202896076,130.0,132.93755319922045,247.19022448744914,748.4456967436782,0.0,-155.0,placed,130.61955097489832,81.89139348735651,38.57922411867506,object2_placed,
20260531_165144,run_20260531_165144,2026-05-31T16:51:44,2026-05-31,autonomous_missed_pick_recovery.py,bag_local_aabb_joint,2,3,Lays Chips,Lays Chips,0.97314453125,370.0,131.125,573.0,237.875,92.18401793278986,126.03564942923238,5.338366041006097,135.3383660410061,130.0,148.09075561527828,247.19022448744914,748.4456967436782,0.0,-116.42077588132496,placed,173.6633462380808,106.3556109909579,39.531325166633735,,
20260531_165144,run_20260531_165144,2026-05-31T16:51:44,2026-05-31,autonomous_missed_pick_recovery.py,bag_local_aabb_joint,3,4,Chex Mix,Chex Mix,0.97314453125,165.0,109.1875,338.25,257.5,247.2019549368856,339.4412918983595,-21.727901665351737,115.6035088524533,137.331,21.26058708640187,247.19022448744914,748.4456967436782,0.0,-76.88945071469122,placed,136.2976085624418,107.24552191052265,19.137589765465435,,
20260531_165144,run_20260531_165144,2026-05-31T16:51:44,2026-05-31,autonomous_missed_pick_recovery.py,bag_local_aabb_joint,4,5,Dove Deodorant,Dove Deodorant,0.98095703125,233.25,219.125,370.5,332.5,106.9314657447642,354.0647264188453,-31.127440406675248,98.87255959332475,130.0,2.6034561104947613,247.19022448744914,748.4456967436782,0.0,-57.75186094922579,placed,118.34756590714807,51.97094027824576,15.898604907376537,,
20260531_165144,run_20260531_165144,2026-05-31T16:51:44,2026-05-31,autonomous_missed_pick_recovery.py,bag_local_aabb_joint,5,6,Burts Bees,Burts Bees,0.98193359375,139.75,248.625,239.625,340.0,157.80774135149323,457.42088242413286,-40.60764183393201,89.392358166068,130.0,35.325365069720846,247.19022448744914,748.4456967436782,0.0,-41.85325604184925,placed,79.21192947913866,63.719465852204934,18.32492307755689,,
20260531_165144,run_20260531_165144,2026-05-31T16:51:44,2026-05-31,autonomous_missed_pick_recovery.py,bag_local_aabb_joint,6,7,Carmex Lip Balm,Carmex Lip Balm,0.83349609375,363.5,107.5,460.0,180.875,193.24731664367147,140.41184632054205,-24.53633595771627,105.46366404228374,130.0,11.264757968997742,,,,,pending,,,,,
20260531_165144,run_20260531_165144,2026-05-31T16:51:44,2026-05-31,autonomous_missed_pick_recovery.py,bag_local_aabb_joint,7,7,Pringles,Pringles,0.658203125,247.75,143.625,362.25,287.75,147.5553396654721,318.73277934850597,27.896071458451367,157.89607145845136,130.0,41.93261325549889,,,,,pending,,,,,
20260531_165708,run_20260531_165708,2026-05-31T16:57:08,2026-05-31,autonomous_missed_pick_recovery.py,bag_local_aabb_joint,0,1,Pringles,Pringles,0.9931640625,454.0,101.375,556.0,218.25,79.23299991036475,90.58514471050691,54.85056825488533,184.85056825488533,130.0,4.2344299570734165,139.37815009120163,734.5640749729623,0.0,-155.0,placed,63.75630018240329,54.12814994592469,97.61345355445211,object1_placed,WD-7
20260531_165708,run_20260531_165708,2026-05-31T16:57:08,2026-05-31,autonomous_missed_pick_recovery.py,bag_local_aabb_joint,1,2,Chex Mix,Chex Mix,0.97802734375,174.625,185.25,360.0,316.25,145.7492080375149,367.2559775232172,-23.068487666159626,106.93151233384037,130.0,146.57155366932474,236.31867817305235,757.1873106900979,0.0,-155.0,placed,160.1247563461047,99.3746213801958,20.74174254406472,object2_placed,
20260531_165708,run_20260531_165708,2026-05-31T16:57:08,2026-05-31,autonomous_missed_pick_recovery.py,bag_local_aabb_joint,2,3,Dove Deodorant,Dove Deodorant,0.97802734375,325.75,116.125,440.5,179.125,209.30663901021717,174.33682466875078,-29.63768218777331,100.36231781222669,130.0,172.77044151592335,236.31867817305235,757.1873106900979,0.0,-134.25825745593528,placed,119.74720078927321,48.62861769547309,15.721473144457885,,
20260531_165708,run_20260531_165708,2026-05-31T16:57:08,2026-05-31,autonomous_missed_pick_recovery.py,bag_local_aabb_joint,3,1,Lays Chips,Lays Chips,0.95263671875,275.0,43.5,444.0,153.5,270.02114151927606,163.72539144275706,7.961138127557381,137.96113812755738,130.0,134.85197576082555,182.70035605169372,755.4255967630296,0.0,-155.0,placed,160.40071210338743,105.85119352605929,37.07722319662351,object1_placed,WD-7
20260531_165708,run_20260531_165708,2026-05-31T16:57:08,2026-05-31,autonomous_missed_pick_recovery.py,bag_local_aabb_joint,4,2,Bandaid,Bandaid,0.95654296875,450.75,97.125,591.5,249.0,48.91879274638076,114.43223991808074,84.55355229983451,214.5535522998345,130.0,5.763216503085005,182.70035605169372,755.4255967630296,0.0,-155.0,placed,86.21218503629774,41.98806388585287,116.26760668907664,object2_placed,
20260531_165708,run_20260531_165708,2026-05-31T16:57:08,2026-05-31,autonomous_missed_pick_recovery.py,bag_local_aabb_joint,5,3,Chex Mix,Chex Mix,0.98046875,250.25,144.75,402.5,297.75,150.79595877693566,286.1351528527232,-15.53155385919699,114.46844614080301,130.0,41.67505227800845,182.70035605169372,755.4255967630296,0.0,-38.73239331092336,placed,127.53277494313664,103.05874823801858,23.319349972256475,,
20260531_165708,run_20260531_165708,2026-05-31T16:57:08,2026-05-31,autonomous_missed_pick_recovery.py,bag_local_aabb_joint,6,4,Dove Deodorant,Dove Deodorant,0.97900390625,405.75,110.4375,488.25,196.875,153.07763642919102,102.71653706601676,-35.74332694640839,94.25667305359161,130.0,20.383915097775002,182.70035605169372,755.4255967630296,0.0,-15.413043338666881,miss,116.36762390831998,52.91449753652148,17.14655702562439,,WD-7
20260531_165708,run_20260531_165708,2026-05-31T16:57:08,2026-05-31,autonomous_missed_pick_recovery.py,bag_local_aabb_joint,7,5,Burts Bees,Burts Bees,0.955078125,352.0,97.0625,430.0,144.5,256.8906794047241,128.16522474025135,-38.05403478736214,91.94596521263786,130.0,173.0077590981546,281.68367794846176,732.6682543514696,180.0,1.733513686957508,placed,80.33650870293931,61.632643896923504,17.66948226103304,,
20260531_165708,run_20260531_165708,2026-05-31T16:57:08,2026-05-31,autonomous_missed_pick_recovery.py,bag_local_aabb_joint,8,6,Carmex Lip Balm,Carmex Lip Balm,0.9404296875,241.0,176.875,357.75,278.75,163.5221944494197,325.5143914204608,-29.02783981310785,100.97216018689215,130.0,11.946684601639873,281.68367794846176,732.6682543514696,0.0,19.402995947990547,placed,97.97406249613326,64.77437260235129,10.541660127712493,,
20260531_165708,run_20260531_165708,2026-05-31T16:57:08,2026-05-31,autonomous_missed_pick_recovery.py,bag_local_aabb_joint,9,1,Chex Mix,Chex Mix,0.9833984375,307.5,75.625,458.25,203.125,214.53406992318074,156.0786936861275,-13.798785207543636,116.20121479245637,130.0,93.43032188170936,175.06928280318428,753.5773924250179,0.0,-155.0,miss,131.20838278838164,97.239329956787,25.043444152194073,,WD-7
20260531_165708,run_20260531_165708,2026-05-31T16:57:08,2026-05-31,autonomous_missed_pick_recovery.py,bag_local_aabb_joint,10,2,Bandaid,Bandaid,0.94287109375,252.25,116.5625,384.5,253.875,194.10804441593453,278.55330771890834,-9.793123535883826,120.20687646411618,130.0,84.62205517632557,265.49765250710516,751.4409886652128,180.0,-155.0,placed,127.8819773304256,89.64835701421032,30.78335592362448,object2_placed,
20260531_165708,run_20260531_165708,2026-05-31T16:57:08,2026-05-31,autonomous_missed_pick_recovery.py,bag_local_aabb_joint,11,3,Pringles,Pringles,0.98583984375,429.5,125.375,533.0,244.5,65.45579993746283,141.8015058159307,55.485334357949455,185.48533435794945,130.0,175.86573539749878,265.49765250710516,751.4409886652128,0.0,-124.21664407637553,placed,62.280565230015185,55.80761487237625,96.95444583348748,,
20260531_165708,run_20260531_165708,2026-05-31T16:57:08,2026-05-31,autonomous_missed_pick_recovery.py,bag_local_aabb_joint,12,4,Dove Deodorant,Dove Deodorant,0.982421875,91.5,182.75,220.75,291.5,241.70713229917348,460.2100766239737,-37.37080849005687,92.62919150994313,130.0,101.90900778922703,265.49765250710516,751.4409886652128,0.0,-27.262198242888047,placed,124.24499570320029,52.36109284776104,14.86809575031105,,WD-7
20260531_165708,run_20260531_165708,2026-05-31T16:57:08,2026-05-31,autonomous_missed_pick_recovery.py,bag_local_aabb_joint,13,5,Lays Chips,Lays Chips,0.9541015625,294.5,62.90625,468.25,158.0,245.90477098554544,162.50324996001444,21.16625567331339,151.1662556733134,130.0,158.00384027635522,175.06928280318428,753.5773924250179,0.0,-129.95655584780593,placed,163.549132250201,107.42905007269297,54.567151502688006,,
20260531_165708,run_20260531_165708,2026-05-31T16:57:08,2026-05-31,autonomous_missed_pick_recovery.py,bag_local_aabb_joint,14,6,Burts Bees,Burts Bees,0.962890625,219.5,165.0,315.0,236.875,225.1917778871076,334.25705965077105,-40.6123262586064,89.3876737413936,130.0,1.0419701741868437,265.49765250710516,751.4409886652128,0.0,-12.394102492576998,placed,80.82527697775296,60.28682517536673,16.630407642964464,,
20260531_165708,run_20260531_165708,2026-05-31T16:57:08,2026-05-31,autonomous_missed_pick_recovery.py,bag_local_aabb_joint,15,7,Carmex Lip Balm,Carmex Lip Balm,0.90380859375,354.5,79.8125,455.5,140.625,239.8237524127551,112.46947426559939,-24.272027217769303,105.7279727822307,130.0,119.94559428347156,265.49765250710516,751.4409886652128,0.0,4.236305150387466,placed,101.56712468780324,50.63735665038317,13.676633369535384,,
20260531_165708,run_20260531_165708,2026-05-31T16:57:08,2026-05-31,autonomous_missed_pick_recovery.py,bag_local_aabb_joint,16,1,Lays Chips,Lays Chips,0.97705078125,364.75,115.625,525.0,275.25,91.3591538487903,162.36937190860715,-3.264804928051251,126.73519507194875,130.0,45.725897042406245,166.9705749704235,756.3358253063907,0.0,-155.0,placed,148.94114994084705,127.67165061278132,23.77028102336945,object1_placed,WD-7
20260531_165708,run_20260531_165708,2026-05-31T16:57:08,2026-05-31,autonomous_missed_pick_recovery.py,bag_local_aabb_joint,17,2,Chex Mix,Chex Mix,0.9873046875,46.5,127.0625,203.5,249.5,316.92202509993683,460.32008412943594,-19.7006091111002,110.29939088889981,130.0,0.43853268109302235,166.9705749704235,756.3358253063907,0.0,-155.0,placed,134.6192827006492,96.10831039784094,33.535586372037805,object2_placed,
20260531_165708,run_20260531_165708,2026-05-31T16:57:08,2026-05-31,autonomous_missed_pick_recovery.py,bag_local_aabb_joint,18,3,Bandaid,Bandaid,0.947265625,263.0,61.1875,319.25,215.25,240.22689807521468,289.12101858550864,41.37084400294633,171.37084400294634,130.0,45.21452178451602,166.9705749704235,756.3358253063907,0.0,-121.46441362796219,placed,117.48339721088477,43.15947498009177,86.09529931665153,,
20260531_165708,run_20260531_165708,2026-05-31T16:57:08,2026-05-31,autonomous_missed_pick_recovery.py,bag_local_aabb_joint,19,4,Pringles,Pringles,0.98974609375,170.375,187.125,248.875,323.5,163.97642273194793,426.9351637516787,3.8168932186885143,133.8168932186885,130.0,49.077266260578796,166.9705749704235,756.3358253063907,0.0,-35.36911431131065,placed,107.46638594031535,60.97983668026096,31.817137907143756,,WD-7
20260531_165708,run_20260531_165708,2026-05-31T16:57:08,2026-05-31,autonomous_missed_pick_recovery.py,bag_local_aabb_joint,20,5,Dove Deodorant,Dove Deodorant,0.9833984375,255.0,248.375,397.5,339.0,76.13641973297227,344.02957467426006,-33.94612004412275,96.05387995587725,130.0,167.95750723092436,166.9705749704235,756.3358253063907,0.0,-3.5519764041668953,placed,117.3323114772029,50.942269014048634,12.913621505295481,,
20260531_165708,run_20260531_165708,2026-05-31T16:57:08,2026-05-31,autonomous_missed_pick_recovery.py,bag_local_aabb_joint,21,6,Burts Bees,Burts Bees,0.9755859375,375.0,66.375,450.0,125.0,268.11109124913423,71.85778838498905,-40.486356652001305,89.5136433479987,130.0,128.69976968346117,276.7138171257361,732.238107825175,0.0,9.361645101128586,placed,81.5723662514722,49.476215650350014,16.98623084066746,,
20260531_165708,run_20260531_165708,2026-05-31T16:57:08,2026-05-31,autonomous_missed_pick_recovery.py,bag_local_aabb_joint,22,7,Carmex Lip Balm,Carmex Lip Balm,0.9189453125,360.5,118.75,442.0,202.875,175.76648148335696,165.98989170532758,-28.292576050008552,101.70742394999145,130.0,32.8210160979109,276.7138171257361,732.238107825175,0.0,26.347875941796048,placed,93.66003913449276,68.04717333991587,9.170087860161626,,
20260531_165708,run_20260531_165708,2026-05-31T16:57:08,2026-05-31,autonomous_missed_pick_recovery.py,bag_local_aabb_joint,23,1,Bandaid,Bandaid,0.95166015625,303.5,65.6875,412.0,232.0,171.2302100655762,255.39025009257142,91.77466596993256,221.77466596993256,130.0,105.6578943052082,143.30654616120842,727.2407675901468,0.0,-155.0,placed,91.6130923224168,39.4815351802936,123.69070695389186,object1_placed,WD-7
20260531_165708,run_20260531_165708,2026-05-31T16:57:08,2026-05-31,autonomous_missed_pick_recovery.py,bag_local_aabb_joint,24,2,Pringles,Pringles,0.98486328125,113.5,75.375,210.75,199.75,311.31089464423883,406.51649230165003,53.56333371126923,183.56333371126922,130.0,91.00919195476074,139.02889342226945,773.0907997495857,0.0,-155.0,placed,63.05778684453891,58.818401499171415,95.97887575137187,object2_placed,
20260531_165708,run_20260531_165708,2026-05-31T16:57:08,2026-05-31,autonomous_missed_pick_recovery.py,bag_local_aabb_joint,25,3,Dove Deodorant,Dove Deodorant,0.9814453125,171.25,221.5,260.0,336.0,112.97566166315862,440.1764652209418,78.76973513904812,208.76973513904812,130.0,122.68440360001513,143.30654616120842,727.2407675901468,0.0,-31.309293046108138,placed,52.82542902508622,21.76948164604758,130.27812291803224,,
20260531_165708,run_20260531_165708,2026-05-31T16:57:08,2026-05-31,autonomous_missed_pick_recovery.py,bag_local_aabb_joint,26,1,Chex Mix,Chex Mix,0.83349609375,247.0,72.125,382.5,170.75,254.3636752158314,249.04706334055425,43.804532002231,173.80453200223099,130.0,157.38435619400965,158.7172882703581,782.2276687673112,0.0,-155.0,placed,122.43457654071622,40.54466153462246,88.37035932071333,object1_placed,WD-7
20260531_165708,run_20260531_165708,2026-05-31T16:57:08,2026-05-31,autonomous_missed_pick_recovery.py,bag_local_aabb_joint,27,2,Dove Deodorant,Dove Deodorant,0.9609375,380.25,0.25,450.5,107.875,279.56212471454046,84.09261350769968,77.1744828458591,207.1744828458591,130.0,37.67930280520122,133.47021704300732,715.2213318317091,90.0,-155.0,miss,51.13567427693661,17.745320426688096,120.92106731681467,,
20260531_165708,run_20260531_165708,2026-05-31T16:57:08,2026-05-31,autonomous_missed_pick_recovery.py,bag_local_aabb_joint,28,3,Pringles,Pringles,0.98974609375,407.5,105.5,503.25,223.375,106.38766313279262,149.20544643712816,56.256073363344996,186.256073363345,130.0,13.908444551897361,285.1086686180074,739.4052599997991,90.0,-66.62964067928667,placed,63.81051999959824,54.782663236014926,99.05734854185118,,
20260531_165708,run_20260531_165708,2026-05-31T16:57:08,2026-05-31,autonomous_missed_pick_recovery.py,bag_local_aabb_joint,29,4,Chex Mix,Chex Mix,0.974609375,120.75,148.375,257.5,292.75,230.43845590824571,421.8094654908723,-23.162193459707982,106.83780654029202,130.0,61.42221598187838,,,,,pending,,,,,WD-7
20260531_171358,run_20260531_171358,2026-05-31T17:13:58,2026-05-31,autonomous_missed_pick_recovery.py,bag_local_aabb_joint,0,1,Lays Chips,Lays Chips,0.97509765625,182.25,130.25,356.0,327.25,171.44229243600307,360.54797941957725,11.437648111784949,141.43764811178494,130.0,59.364953391575995,172.67244833380084,753.7065241222266,0.0,-155.0,placed,160.34489666760166,122.41304824445325,52.919478599018674,object1_placed,
20260531_171358,run_20260531_171358,2026-05-31T17:13:58,2026-05-31,autonomous_missed_pick_recovery.py,bag_local_aabb_joint,1,2,Chex Mix,Chex Mix,0.9775390625,330.25,133.75,447.75,262.0,124.62697480336806,218.24348133907742,-6.4329406692194455,123.56705933078055,130.0,45.62430260029163,172.67244833380084,753.7065241222266,0.0,-155.0,placed,118.20014887038332,99.64607959542656,41.13237046324685,object2_placed,
20260531_171358,run_20260531_171358,2026-05-31T17:13:58,2026-05-31,autonomous_missed_pick_recovery.py,bag_local_aabb_joint,2,3,Bandaid,Bandaid,0.91845703125,335.0,40.46875,462.5,127.6875,258.9329223304133,126.5960439839476,40.35514345144837,170.35514345144838,130.0,150.52783209069298,172.67244833380084,753.7065241222266,0.0,-102.08052140098131,placed,126.42397242449896,40.32985262924658,80.97541472510821,,
20260531_171358,run_20260531_171358,2026-05-31T17:13:58,2026-05-31,autonomous_missed_pick_recovery.py,bag_local_aabb_joint,3,4,Pringles,Pringles,0.99267578125,163.625,159.875,257.5,287.5,178.25100395534628,412.30005320217714,57.130897225711145,187.13089722571115,130.0,92.87914131568611,280.0596883801539,737.2312475543199,0.0,-21.105106675873103,placed,64.8806227603078,59.462495108639786,85.33249339041745,,
20260531_171358,run_20260531_171358,2026-05-31T17:13:58,2026-05-31,autonomous_missed_pick_recovery.py,bag_local_aabb_joint,4,5,Burts Bees,Burts Bees,0.96826171875,184.375,120.0625,271.0,159.125,331.64262166773074,333.1389107446124,-45.148748678811785,84.85125132118822,130.0,173.65682869576563,280.0596883801539,737.2312475543199,0.0,64.22738671454435,placed,80.77367387999931,53.0547524264267,11.521312815168272,,
20260531_171358,run_20260531_171358,2026-05-31T17:13:58,2026-05-31,autonomous_missed_pick_recovery.py,bag_local_aabb_joint,5,6,Dove Deodorant,Dove Deodorant,0.98095703125,328.0,102.875,432.75,183.0,218.25902913904525,167.67293740604364,-29.884977313181533,100.11502268681846,130.0,7.546339854916141,172.67244833380084,753.7065241222266,0.0,-21.105106675873103,placed,114.27458822780619,51.71536910483107,20.586572391287408,,
20260531_171358,run_20260531_171358,2026-05-31T17:13:58,2026-05-31,autonomous_missed_pick_recovery.py,bag_local_aabb_joint,6,7,Carmex Lip Balm,Carmex Lip Balm,0.98193359375,122.125,185.375,241.75,261.0,240.6350525829435,432.6971799771797,-32.547863315518505,97.4521366844815,130.0,167.3935568884123,280.0596883801539,737.2312475543199,0.0,75.74869952971262,placed,100.33875993128433,63.484200227553664,3.85848960464331,,WD-6
20260531_171358,run_20260531_171358,2026-05-31T17:13:58,2026-05-31,autonomous_missed_pick_recovery.py,bag_local_aabb_joint,7,1,Bandaid,Bandaid,0.9501953125,286.75,126.0,439.5,258.75,165.19180516921082,236.2075714962411,-10.950165682855875,119.04983431714413,130.0,8.936829710187453,172.3079052315163,752.9255338582541,0.0,-155.0,placed,129.61581046303257,90.85106771650811,32.326845862419404,object1_placed,
20260531_171358,run_20260531_171358,2026-05-31T17:13:58,2026-05-31,autonomous_missed_pick_recovery.py,bag_local_aabb_joint,8,2,Chex Mix,Chex Mix,0.98388671875,186.5,132.75,375.0,275.75,200.97471647481046,325.9202891925175,-16.434055360171097,113.5659446398289,130.0,179.25796504896914,172.3079052315163,752.9255338582541,0.0,-155.0,placed,154.4197193892577,98.26973108090678,25.761374865285173,object2_placed,
20260531_171358,run_20260531_171358,2026-05-31T17:13:58,2026-05-31,autonomous_missed_pick_recovery.py,bag_local_aabb_joint,9,3,Pringles,Pringles,0.986328125,372.0,10.03125,443.75,122.25,264.9681888523343,110.84022884000515,56.44283978568831,186.4428397856883,130.0,36.78137008033849,280.53412611464034,736.8034546848647,0.0,-122.67315413758058,placed,63.93174822928073,58.60690936972955,103.90460469575868,,
20260531_171358,run_20260531_171358,2026-05-31T17:13:58,2026-05-31,autonomous_missed_pick_recovery.py,bag_local_aabb_joint,10,4,Lays Chips,Lays Chips,0.962890625,153.125,70.875,326.5,224.375,275.2681534985191,335.5921106394499,20.455903266251894,150.45590326625188,130.0,40.63056040818873,172.3079052315163,752.9255338582541,0.0,-122.67315413758058,placed,151.72317860729515,113.11206123624206,56.8032814893603,,
20260531_171358,run_20260531_171358,2026-05-31T17:13:58,2026-05-31,autonomous_missed_pick_recovery.py,bag_local_aabb_joint,11,5,Dove Deodorant,Dove Deodorant,0.974609375,368.5,172.375,489.5,222.0,113.92219983745,168.2794795881018,-32.65996710811845,97.34003289188155,130.0,153.63715391856047,172.3079052315163,752.9255338582541,0.0,-65.86987264822028,placed,118.58031507381526,47.46195115673176,16.36502953282325,,
20260531_171358,run_20260531_171358,2026-05-31T17:13:58,2026-05-31,autonomous_missed_pick_recovery.py,bag_local_aabb_joint,12,6,Burts Bees,Burts Bees,0.97607421875,237.5,141.0,322.25,220.125,238.02395154788528,305.49633946949234,-37.90706569911776,92.09293430088223,130.0,86.78823629363185,280.53412611464034,736.8034546848647,0.0,-18.768549441821904,placed,74.81500934527747,58.650321758332964,19.392128840729242,,
20260531_171358,run_20260531_171358,2026-05-31T17:13:58,2026-05-31,autonomous_missed_pick_recovery.py,bag_local_aabb_joint,13,7,Carmex Lip Balm,Carmex Lip Balm,0.95947265625,347.5,69.5,438.5,120.625,273.31905586991,107.39235154329974,-29.278053495282506,100.7219465047175,130.0,141.3669878311114,280.53412611464034,736.8034546848647,0.0,0.6235793989073386,placed,103.88402701423774,61.064732889012504,7.572025255116614,,WD-6
20260531_171358,run_20260531_171358,2026-05-31T17:13:58,2026-05-31,autonomous_missed_pick_recovery.py,bag_local_aabb_joint,14,8,Bandaid,Bandaid,0.83740234375,273.75,104.8125,385.25,190.5,226.13988985417117,244.83647940103407,14.547232577454523,144.5472325774545,130.0,166.97553427640756,172.3079052315163,752.9255338582541,0.0,-49.50484311539702,placed,107.03271802749553,36.87841553025868,56.24219154094909,,
20260531_171358,run_20260531_171358,2026-05-31T17:13:58,2026-05-31,autonomous_missed_pick_recovery.py,bag_local_aabb_joint,15,9,Pringles,Pringles,0.9462890625,241.25,57.25,318.75,207.875,227.487601093988,309.80785101502056,98.10995244561973,228.10995244561974,130.0,50.216155790691516,281.75052718606395,773.7400084551534,0.0,8.195604654023953,placed,64.46552437212787,52.80837491030678,123.05648605004,,
20260531_172135,run_20260531_172135,2026-05-31T17:21:35,2026-05-31,autonomous_missed_pick_recovery.py,bag_local_aabb_joint,0,1,Pringles,Pringles,0.97705078125,243.25,45.53125,314.0,165.5,287.89209902328605,277.900355058061,62.41486998024147,192.41486998024146,130.0,53.845181490053946,280.7922330476452,733.55159449601,0.0,-155.0,placed,63.415534095290425,52.10318899202007,106.00550593139042,object1_placed,
20260531_172135,run_20260531_172135,2026-05-31T17:21:35,2026-05-31,autonomous_missed_pick_recovery.py,bag_local_aabb_joint,1,2,Chex Mix,Chex Mix,0.97607421875,252.25,151.0,440.5,302.75,134.99874699846953,274.53034921447465,-21.058522358019037,108.94147764198097,130.0,8.583301834818457,171.5170448749414,753.7637786469422,0.0,-155.0,placed,138.0340897498828,102.52755729388457,23.582577309361678,object2_placed,
20260531_172135,run_20260531_172135,2026-05-31T17:21:35,2026-05-31,autonomous_missed_pick_recovery.py,bag_local_aabb_joint,2,3,Bandaid,Bandaid,0.9580078125,368.0,54.25,508.5,184.0,182.89447156500154,115.48442702179554,46.24817848339402,176.248178483394,130.0,117.71498691559688,171.5170448749414,753.7637786469422,0.0,-131.41742269063832,placed,123.03100330831543,30.74252716505342,94.22840488796247,,
20260531_172135,run_20260531_172135,2026-05-31T17:21:35,2026-05-31,autonomous_missed_pick_recovery.py,bag_local_aabb_joint,3,4,Lays Chips,Lays Chips,0.9560546875,164.0,126.625,333.5,286.25,194.90574915406242,356.99973112245755,-0.6696274694583733,129.33037253054164,130.0,57.40991081164913,171.5170448749414,753.7637786469422,0.0,-37.18901780267584,placed,162.1557700157092,125.85141888302184,24.55153705402055,,
20260531_172135,run_20260531_172135,2026-05-31T17:21:35,2026-05-31,autonomous_missed_pick_recovery.py,bag_local_aabb_joint,4,5,Dove Deodorant,Dove Deodorant,0.984375,368.5,158.75,488.5,237.5,112.23227269169058,171.21454755388362,-31.20812891462367,98.79187108537633,130.0,172.74442148289205,171.5170448749414,753.7637786469422,0.0,-12.637480748655292,placed,121.77038987794742,49.393738583824,18.29085612858205,,
20260531_172135,run_20260531_172135,2026-05-31T17:21:35,2026-05-31,autonomous_missed_pick_recovery.py,bag_local_aabb_joint,5,6,Burts Bees,Burts Bees,0.970703125,331.0,100.375,408.0,168.0,240.72628745089276,167.7022730798766,-32.991024460170465,97.00897553982954,130.0,86.88343998783911,276.4506018359779,774.0916741773702,0.0,-48.99449406860958,placed,72.09879567195583,56.81665235474051,22.632929646893132,,
20260531_172135,run_20260531_172135,2026-05-31T17:21:35,2026-05-31,autonomous_missed_pick_recovery.py,bag_local_aabb_joint,6,7,Carmex Lip Balm,Carmex Lip Balm,0.97265625,83.0625,186.875,216.5,270.5,247.02638295336675,461.9302387789593,-31.701366845167527,98.29863315483247,130.0,127.56532530467925,171.5170448749414,753.7637786469422,0.0,5.653375379926757,placed,104.6175548160113,63.15336961569527,8.033128418509698,,
20260531_172135,run_20260531_172135,2026-05-31T17:21:35,2026-05-31,autonomous_missed_pick_recovery.py,bag_local_aabb_joint,7,1,Lays Chips,Lays Chips,0.974609375,42.375,119.25,238.875,321.5,268.4191909498917,470.3234161940838,-5.308632633337219,124.69136736666277,130.0,88.91145610252559,175.10183078129415,753.3470041691091,0.0,-155.0,placed,165.2036615625883,121.69400833821831,29.51279798979153,object1_placed,
20260531_172135,run_20260531_172135,2026-05-31T17:21:35,2026-05-31,autonomous_missed_pick_recovery.py,bag_local_aabb_joint,8,2,Bandaid,Bandaid,0.9599609375,345.5,43.78125,465.0,149.125,256.5329246953608,102.21756211304412,-10.350282996198017,119.64971700380198,130.0,111.13305478326592,175.10183078129415,753.3470041691091,0.0,-155.0,placed,132.19686161038402,88.79291649609618,35.50622985451264,object2_placed,
20260531_172135,run_20260531_172135,2026-05-31T17:21:35,2026-05-31,autonomous_missed_pick_recovery.py,bag_local_aabb_joint,9,3,Chex Mix,Chex Mix,0.9521484375,288.5,151.75,457.0,263.0,139.51576975677193,240.8422037862516,-13.316466637198971,116.68353336280103,130.0,161.00787200572879,175.10183078129415,753.3470041691091,0.0,-119.49377014548736,placed,142.98400873261238,92.174483002242,29.70133364429637,,
20260531_172135,run_20260531_172135,2026-05-31T17:21:35,2026-05-31,autonomous_missed_pick_recovery.py,bag_local_aabb_joint,10,4,Pringles,Pringles,0.9912109375,213.125,54.0,287.0,175.25,293.13113647133434,310.2819217987484,56.52228492455083,186.52228492455083,130.0,66.99813497533319,280.2809800581109,737.172412806023,0.0,-89.79243650119099,placed,64.43804011622183,59.34482561204597,94.56824160211399,,
20260531_172135,run_20260531_172135,2026-05-31T17:21:35,2026-05-31,autonomous_missed_pick_recovery.py,bag_local_aabb_joint,11,5,Dove Deodorant,Dove Deodorant,0.97802734375,439.75,141.75,515.0,242.75,83.62662850802732,108.97179297236042,-36.71656665839356,93.28343334160644,130.0,63.50433769939626,175.10183078129415,753.3470041691091,0.0,-89.79243650119099,placed,116.89452633853168,54.50770511454377,14.509612327036841,,
20260531_172135,run_20260531_172135,2026-05-31T17:21:35,2026-05-31,autonomous_missed_pick_recovery.py,bag_local_aabb_joint,12,6,Burts Bees,Burts Bees,0.97998046875,181.125,282.5,284.0,363.5,111.47940046654352,436.5667065070423,-44.22083989348241,85.7791601065176,130.0,161.77615972487357,280.2809800581109,737.172412806023,0.0,4.7758051009229945,placed,77.36764570136012,58.79042925081622,18.407635069215935,,
20260531_172135,run_20260531_172135,2026-05-31T17:21:35,2026-05-31,autonomous_missed_pick_recovery.py,bag_local_aabb_joint,13,7,Carmex Lip Balm,Carmex Lip Balm,0.92138671875,285.0,103.8125,379.5,179.5,242.00842786855475,227.53699150170792,-26.886780010289584,103.11321998971042,130.0,86.83532539267712,280.2809800581109,737.172412806023,0.0,23.18344017013893,placed,100.56418498098671,58.86631717243148,9.650600414855603,,
20260531_172135,run_20260531_172135,2026-05-31T17:21:35,2026-05-31,autonomous_missed_pick_recovery.py,bag_local_aabb_joint,14,8,Pringles,Pringles,0.9443359375,238.5,105.0,338.0,261.25,165.71604752971115,334.41635582971844,95.62732457961255,225.62732457961255,130.0,41.870101519323555,280.2809800581109,737.172412806023,0.0,32.83404058499453,placed,74.39125460128437,61.128044205678066,130.41681343103485,,
20260531_172135,run_20260531_172135,2026-05-31T17:21:35,2026-05-31,autonomous_missed_pick_recovery.py,bag_local_aabb_joint,15,1,Lays Chips,Lays Chips,0.9658203125,101.8125,239.5,347.5,442.5,88.45182008048572,451.98548058539495,-2.451295316467629,127.54870468353238,130.0,165.4689390130358,182.47563021747283,752.5026535155815,0.0,-155.0,placed,169.95126043494565,110.00530703116304,23.964152641359693,object1_placed,
20260531_172135,run_20260531_172135,2026-05-31T17:21:35,2026-05-31,autonomous_missed_pick_recovery.py,bag_local_aabb_joint,16,2,Bandaid,Bandaid,0.96484375,69.5,119.125,210.5,261.25,296.0980779590942,453.181785375324,-16.20485266318361,113.7951473368164,130.0,86.78148071654464,182.47563021747283,752.5026535155815,0.0,-155.0,placed,131.9419683418438,87.69815410079426,30.637463216343342,object2_placed,
20260531_172135,run_20260531_172135,2026-05-31T17:21:35,2026-05-31,autonomous_missed_pick_recovery.py,bag_local_aabb_joint,17,3,Chex Mix,Chex Mix,0.9345703125,198.0,112.0625,372.25,249.625,232.7615949397291,304.2253990213226,-22.793521439352475,107.20647856064753,130.0,179.4360071111805,182.47563021747283,752.5026535155815,0.0,-124.36253678365665,miss,132.60138697884904,104.94830391242883,26.730385483276628,object3_stacked,
20260531_172135,run_20260531_172135,2026-05-31T17:21:35,2026-05-31,autonomous_missed_pick_recovery.py,bag_local_aabb_joint,18,4,Pringles,Pringles,0.95166015625,444.0,102.5,573.0,248.25,72.61613118920143,187.71164696256017,89.44386120027907,219.44386120027906,130.0,30.789957198715,285.6027560444674,733.1598523342765,180.0,-97.63215130038003,miss,100.32129814856543,59.00061887301834,45.34206609545701,object4_stacked,
20260531_172135,run_20260531_172135,2026-05-31T17:21:35,2026-05-31,autonomous_missed_pick_recovery.py,bag_local_aabb_joint,19,5,Dove Deodorant,Dove Deodorant,0.94921875,318.0,85.6875,413.5,139.0,273.7117064504791,158.15249161025704,-29.252997756324174,100.74700224367582,130.0,132.7513783623828,182.47563021747283,752.5026535155815,0.0,-97.63215130038003,placed,93.89922713002181,35.99223852844088,22.628925350986993,,
20260531_172135,run_20260531_172135,2026-05-31T17:21:35,2026-05-31,autonomous_missed_pick_recovery.py,bag_local_aabb_joint,20,6,Burts Bees,Burts Bees,0.970703125,189.875,113.4375,279.0,172.375,332.5213621096949,326.60137731939005,-44.400840073688414,85.59915992631159,130.0,3.0741453904312834,285.6027560444674,733.1598523342765,0.0,-52.29008520492303,placed,81.80929511071429,57.57339909848099,13.456214520584695,,
20260531_172135,run_20260531_172135,2026-05-31T17:21:35,2026-05-31,autonomous_missed_pick_recovery.py,bag_local_aabb_joint,21,7,Carmex Lip Balm,Carmex Lip Balm,0.86865234375,377.5,97.6875,451.0,202.75,159.02589421115908,166.67088518919118,40.24360481677897,170.24360481677897,130.0,37.94997160496419,,,,,pending,,,,,
20260531_173417,run_20260531_173417,2026-05-31T17:34:17,2026-05-31,autonomous_missed_pick_recovery.py,bag_local_aabb_joint,0,1,Bandaid,Bandaid,0.94482421875,134.875,246.375,321.75,400.5,94.82911041208648,440.574793461785,-15.041316028051217,114.95868397194879,130.0,172.9621412335315,,,,,pending,,,,,
20260531_173537,run_20260531_173537,2026-05-31T17:35:37,2026-05-31,autonomous_missed_pick_recovery.py,bag_local_aabb_joint,0,1,Pringles,Pringles,0.99267578125,357.0,6.5,426.75,118.8125,289.0663362232077,114.4003926099918,58.272031484895145,188.27203148489514,130.0,37.172922337007066,135.4772934733606,732.0120848340016,0.0,-155.0,placed,65.95458694672115,49.02416966800313,101.34585344028312,object1_placed,
20260531_173537,run_20260531_173537,2026-05-31T17:35:37,2026-05-31,autonomous_missed_pick_recovery.py,bag_local_aabb_joint,1,2,Dove Deodorant,Dove Deodorant,0.97607421875,262.25,45.6875,321.75,155.125,282.74902312440975,264.53608195080665,77.22725411881478,207.22725411881478,130.0,46.66067009950825,133.35354287503884,717.2055083848799,90.0,-155.0,placed,51.707085750077695,19.41101676975962,125.27349454973299,object2_placed,
20260531_173537,run_20260531_173537,2026-05-31T17:35:37,2026-05-31,autonomous_missed_pick_recovery.py,bag_local_aabb_joint,2,3,Bandaid,Bandaid,0.8916015625,335.0,31.4375,460.5,119.875,273.73100884329966,118.5847906249245,43.036686819959534,173.03668681995953,130.0,148.4527449275076,259.97643296180956,727.1262835315908,0.0,-53.65414655971688,placed,125.04713392361919,39.252567063181694,82.09021601492984,,
20260531_173537,run_20260531_173537,2026-05-31T17:35:37,2026-05-31,autonomous_missed_pick_recovery.py,bag_local_aabb_joint,3,4,Carmex Lip Balm,Carmex Lip Balm,0.9033203125,377.5,110.0,472.75,182.25,171.98818947092803,139.72880460562232,-29.17493202473837,100.82506797526163,130.0,51.693432162255675,157.31228396008902,772.9494512641268,0.0,-53.65414655971688,placed,99.62456792017801,59.101096528253606,7.1323855366444455,,
20260531_173537,run_20260531_173537,2026-05-31T17:35:37,2026-05-31,autonomous_missed_pick_recovery.py,bag_local_aabb_joint,4,5,Lays Chips,Lays Chips,0.9833984375,50.125,99.875,276.75,272.0,291.62945153736575,430.55088793773245,-4.787527002590604,125.21247299740939,130.0,7.989215567098398,157.31228396008902,772.9494512641268,0.0,-46.52176102307243,placed,169.17602798400168,116.83124059823956,30.606298248091814,,
20260531_173537,run_20260531_173537,2026-05-31T17:35:37,2026-05-31,autonomous_missed_pick_recovery.py,bag_local_aabb_joint,5,6,Chex Mix,Chex Mix,0.9794921875,210.375,183.375,410.75,330.5,125.92988711471097,327.72121884625426,-16.571760008750108,113.4282399912499,130.0,179.1407564880473,259.97643296180956,727.1262835315908,0.0,28.43606945521296,placed,132.63203945463994,99.13970497735264,28.989873725550115,,
20260531_173928,run_20260531_173928,2026-05-31T17:39:28,2026-05-31,autonomous_missed_pick_recovery.py,bag_local_aabb_joint,0,1,Bandaid,Bandaid,0.66015625,387.5,109.25,499.75,237.0,130.10224180718075,147.70770077866428,-12.329492586538171,117.67050741346183,130.0,73.9554703284882,164.92956925363765,756.0606662399517,0.0,-155.0,placed,114.8591385072753,97.12133247990343,34.84550954398203,object1_placed,
20260531_173928,run_20260531_173928,2026-05-31T17:39:28,2026-05-31,autonomous_missed_pick_recovery.py,bag_local_aabb_joint,1,2,Dove Deodorant,Dove Deodorant,0.91650390625,164.875,176.25,293.5,225.0,235.29395028617654,368.9007706412907,-32.39421646572174,97.60578353427826,130.0,158.1899022227423,164.92956925363765,756.0606662399517,0.0,-155.0,miss,119.19996308357514,49.30478640252129,14.813414918919424,,
20260531_173928,run_20260531_173928,2026-05-31T17:39:28,2026-05-31,autonomous_missed_pick_recovery.py,bag_local_aabb_joint,2,3,Lays Chips,Lays Chips,0.96484375,294.5,138.5,536.5,354.75,70.34349473491844,229.9790856036297,-3.183181707930681,126.81681829206931,130.0,91.17113617075402,164.92956925363765,756.0606662399517,0.0,-120.15449045601798,placed,164.47956501786268,117.30190531520537,32.47743573388833,,
20260531_173928,run_20260531_173928,2026-05-31T17:39:28,2026-05-31,autonomous_missed_pick_recovery.py,bag_local_aabb_joint,3,4,Chex Mix,Chex Mix,0.986328125,317.0,59.03125,457.75,168.625,237.81623455186008,135.35306737580868,-16.56689455534746,113.43310544465254,130.0,135.03081341558294,164.92956925363765,756.0606662399517,0.0,-87.67705472212964,miss,145.14655588058878,65.01198598100531,44.351752116332996,,WD-7
20260531_173928,run_20260531_173928,2026-05-31T17:39:28,2026-05-31,autonomous_missed_pick_recovery.py,bag_local_aabb_joint,4,5,Pringles,Pringles,0.98046875,242.375,169.625,326.0,295.5,131.71101957385596,358.2421191804299,57.47713099804473,187.47713099804474,130.0,0.9964239584924997,281.4625841160283,736.3462990507991,0.0,-43.32530260579665,placed,62.07483223205663,57.69259810159812,88.96838790654131,,
20260531_173928,run_20260531_173928,2026-05-31T17:39:28,2026-05-31,autonomous_missed_pick_recovery.py,bag_local_aabb_joint,5,6,Burts Bees,Burts Bees,0.970703125,370.0,99.8125,435.75,166.375,220.41589969888253,128.55732589234879,-39.72369098070512,90.27630901929487,130.0,40.52751457825249,281.4625841160283,736.3462990507991,0.0,45.64308530074466,placed,76.29746964758597,60.98949874705774,15.372301943966441,,
20260531_173928,run_20260531_173928,2026-05-31T17:39:28,2026-05-31,autonomous_missed_pick_recovery.py,bag_local_aabb_joint,6,7,Carmex Lip Balm,Carmex Lip Balm,0.94287109375,225.5,97.125,329.75,167.25,302.3259775088052,275.9903079404245,-27.842090462096216,102.15790953790378,130.0,16.23258691916854,281.4625841160283,736.3462990507991,0.0,61.01538724471111,placed,98.79180118507082,59.029114400784806,7.01368923399253,,WD-7
20260531_173928,run_20260531_173928,2026-05-31T17:39:28,2026-05-31,autonomous_missed_pick_recovery.py,bag_local_aabb_joint,7,8,Chex Mix,Chex Mix,0.56396484375,246.0,129.5,363.0,210.75,211.18879889834673,287.77408152397163,14.78315847122937,144.78315847122937,130.0,160.78244986921973,164.92956925363765,756.0606662399517,0.0,-43.32530260579665,placed,103.19105177026071,38.64538609894696,54.36575639870824,,
20260531_173928,run_20260531_173928,2026-05-31T17:39:28,2026-05-31,autonomous_missed_pick_recovery.py,bag_local_aabb_joint,8,9,Dove Deodorant,Dove Deodorant,0.9638671875,255.375,144.75,346.0,210.5,218.5681036066064,284.0371918903752,-15.766953005496658,114.23304699450334,130.0,158.74275319010334,274.63325478975986,778.3488999143489,0.0,68.02907647870363,placed,84.92780557951971,48.302199828697724,36.68457610407473,,
20260531_173928,run_20260531_173928,2026-05-31T17:39:28,2026-05-31,autonomous_missed_pick_recovery.py,bag_local_aabb_joint,9,1,Lays Chips,Lays Chips,0.67919921875,94.375,149.25,300.5,367.5,174.58735177983496,411.5142478680056,5.933485180377482,135.9334851803775,130.0,110.64244536665646,184.4527060029076,756.0765961591546,0.0,-155.0,placed,163.9054120058152,107.15319231830915,36.91915250750497,object1_placed,
20260531_173928,run_20260531_173928,2026-05-31T17:39:28,2026-05-31,autonomous_missed_pick_recovery.py,bag_local_aabb_joint,10,2,Bandaid,Bandaid,0.94189453125,282.0,105.25,398.5,231.5,199.92632083984273,245.33013023137767,-10.803594200821225,119.19640579917878,130.0,71.88790595127765,184.4527060029076,756.0765961591546,0.0,-155.0,placed,128.41675059287712,89.23253099420097,31.336827538816607,object2_placed,
20260531_173928,run_20260531_173928,2026-05-31T17:39:28,2026-05-31,autonomous_missed_pick_recovery.py,bag_local_aabb_joint,11,3,Pringles,Pringles,0.994140625,43.9375,94.625,158.0,221.5,313.37447911414836,470.4436950968075,52.74610197760603,182.74610197760603,130.0,101.22407857548313,283.0653925079575,736.4579273818933,180.0,-118.08084749249502,placed,67.9158547637866,58.86921501591494,96.80928612383497,,
20260531_173928,run_20260531_173928,2026-05-31T17:39:28,2026-05-31,autonomous_missed_pick_recovery.py,bag_local_aabb_joint,12,4,Chex Mix,Chex Mix,0.9775390625,149.25,206.0,302.5,367.25,135.91091785995758,429.55395577540617,-13.41851654958974,116.58148345041026,130.0,57.02960627523254,184.4527060029076,756.0765961591546,0.0,-118.08084749249502,miss,128.06685382822215,97.40097126921961,38.56381869636725,,WD-7
20260531_173928,run_20260531_173928,2026-05-31T17:39:28,2026-05-31,autonomous_missed_pick_recovery.py,bag_local_aabb_joint,13,5,Dove Deodorant,Dove Deodorant,0.98095703125,390.25,91.875,482.5,178.125,186.54412426878355,94.9092921674381,-31.645453925649974,98.35454607435003,130.0,86.92952786007147,184.4527060029076,756.0765961591546,0.0,-79.51702879612776,placed,118.76864883574717,49.31024796228799,19.154819255001797,,
20260531_173928,run_20260531_173928,2026-05-31T17:39:28,2026-05-31,autonomous_missed_pick_recovery.py,bag_local_aabb_joint,14,6,Burts Bees,Burts Bees,0.9453125,268.5,130.875,342.0,181.25,258.2243760068241,264.3660918184584,-37.466277104690235,92.53372289530977,130.0,148.9052160358061,283.0653925079575,736.4579273818933,0.0,-21.27156136866006,placed,78.84264356389966,57.05287786148779,19.247087485475696,,
20260531_173928,run_20260531_173928,2026-05-31T17:39:28,2026-05-31,autonomous_missed_pick_recovery.py,bag_local_aabb_joint,15,7,Carmex Lip Balm,Carmex Lip Balm,0.7705078125,353.25,170.75,458.75,265.75,101.1283742804641,209.79324109605852,-30.504177075494,99.495822924506,130.0,14.247136791630453,283.0653925079575,736.4579273818933,0.0,-2.0244738831843634,placed,97.26534528243795,64.67151065167852,5.9500834739986175,,WD-7
20260531_173928,run_20260531_173928,2026-05-31T17:39:28,2026-05-31,autonomous_missed_pick_recovery.py,bag_local_aabb_joint,16,1,Chex Mix,Chex Mix,0.939453125,245.875,143.875,399.25,247.25,182.51805301103693,281.42734128119764,-19.858505756215617,110.14149424378438,130.0,146.94383922732678,182.67503780525126,755.5215142532892,0.0,-155.0,placed,150.35007561050253,96.04302850657828,28.665066877650634,object1_placed,
20260531_173928,run_20260531_173928,2026-05-31T17:39:28,2026-05-31,autonomous_missed_pick_recovery.py,bag_local_aabb_joint,17,2,Bandaid,Bandaid,0.9287109375,349.5,34.875,472.5,140.875,272.8719167429297,81.4560346986528,-10.872591366470274,119.12740863352973,130.0,102.34481423802293,182.67503780525126,755.5215142532892,0.0,-155.0,placed,129.05609062122738,94.75473444084443,30.868911609369526,object2_placed,
20260531_173928,run_20260531_173928,2026-05-31T17:39:28,2026-05-31,autonomous_missed_pick_recovery.py,bag_local_aabb_joint,18,3,Pringles,Pringles,0.99072265625,252.0,77.375,362.0,170.875,270.6187965492505,246.7670021550984,13.81691852284343,143.81691852284342,130.0,5.7954580626104075,182.67503780525126,755.5215142532892,0.0,-124.13108839063047,placed,102.54831350290456,55.932237664724326,42.61626994104445,,
20260531_173928,run_20260531_173928,2026-05-31T17:39:28,2026-05-31,autonomous_missed_pick_recovery.py,bag_local_aabb_joint,19,4,Lays Chips,Lays Chips,0.9736328125,54.875,118.0,253.5,331.25,249.3364232951501,461.32918459392283,-2.148800923255774,127.85119907674422,130.0,76.05616514667632,182.67503780525126,755.5215142532892,0.0,-81.51481844958602,placed,161.2468324546212,117.81455386133484,34.82393944285681,,WD-7
20260531_173928,run_20260531_173928,2026-05-31T17:39:28,2026-05-31,autonomous_missed_pick_recovery.py,bag_local_aabb_joint,20,5,Dove Deodorant,Dove Deodorant,0.98291015625,414.0,144.5,532.5,231.75,91.41890825294945,105.04879947768107,-36.57486837365987,93.42513162634013,130.0,115.80630676346077,182.67503780525126,755.5215142532892,0.0,-46.690879006729205,placed,116.77744510351783,50.47678081030905,14.971616014182302,,
20260531_173928,run_20260531_173928,2026-05-31T17:39:28,2026-05-31,autonomous_missed_pick_recovery.py,bag_local_aabb_joint,21,6,Burts Bees,Burts Bees,0.97998046875,370.75,77.3125,444.25,127.875,263.05758012360985,94.08160256258827,-38.707265919936916,91.29273408006308,130.0,155.73944404846276,283.9752634160734,729.7523656548576,180.0,-31.719262992546902,placed,84.50473130971531,57.04947283214678,17.87588322096972,,
20260531_173928,run_20260531_173928,2026-05-31T17:39:28,2026-05-31,autonomous_missed_pick_recovery.py,bag_local_aabb_joint,22,7,Carmex Lip Balm,Carmex Lip Balm,0.97607421875,263.0,225.25,395.5,315.75,90.00048388563997,325.06856360606014,-31.755659039748195,98.2443409602518,130.0,126.18229277348875,182.67503780525126,755.5215142532892,0.0,-31.719262992546902,miss,104.38736956740053,62.05647596868235,6.419532105007672,,WD-7
20260531_173928,run_20260531_173928,2026-05-31T17:39:28,2026-05-31,autonomous_missed_pick_recovery.py,bag_local_aabb_joint,23,1,Pringles,Pringles,0.9873046875,349.5,24.0,419.5,139.0,261.1454460837333,149.79489292718188,68.19758635712736,198.19758635712736,130.0,31.326186352919336,133.3167719264567,780.2276559132439,90.0,-155.0,placed,61.63354385291342,44.54468782648772,112.33122898273223,object1_placed,
20260531_173928,run_20260531_173928,2026-05-31T17:39:28,2026-05-31,autonomous_missed_pick_recovery.py,bag_local_aabb_joint,24,2,Bandaid,Bandaid,0.94384765625,370.75,85.8125,501.0,215.25,141.35822124517068,152.2718965593446,44.420773975988865,174.42077397598888,130.0,8.342039205212188,165.6743291365973,728.9854628810963,0.0,-155.0,placed,126.34865827319462,42.970925762192664,89.84429733949133,object2_placed,
20260531_175844,run_20260531_175844,2026-05-31T17:58:44,2026-05-31,autonomous_missed_pick_recovery.py,bag_local_aabb_joint,0,1,Chex Mix,Chex Mix,0.9521484375,315.5,79.4375,478.75,213.75,195.33442222269667,152.59178115170516,-17.58079208917917,112.41920791082083,130.0,104.47101464760657,178.1347710329069,755.9856457242635,0.0,-155.0,placed,141.26954206581382,96.97129144852687,26.147375853920437,object1_placed,
20260531_175844,run_20260531_175844,2026-05-31T17:58:44,2026-05-31,autonomous_missed_pick_recovery.py,bag_local_aabb_joint,1,2,Pringles,Pringles,0.99169921875,222.25,114.0,301.25,239.25,205.25861809999753,341.7765783104099,59.32470517487928,189.32470517487928,130.0,42.76135006305148,280.83796242650993,737.0065102327352,0.0,-155.0,placed,63.32407485301988,59.01302046547032,93.19389940283327,object2_placed,
20260531_175844,run_20260531_175844,2026-05-31T17:58:44,2026-05-31,autonomous_missed_pick_recovery.py,bag_local_aabb_joint,2,3,Lays Chips,Lays Chips,0.9580078125,282.5,43.9375,453.25,151.875,284.73976468602564,152.467397968561,2.256023878634283,132.25602387863427,130.0,161.42795706930562,178.1347710329069,755.9856457242635,0.0,-128.85262414607956,placed,169.27701663401965,113.79745807636503,31.967863276664335,,
20260531_175844,run_20260531_175844,2026-05-31T17:58:44,2026-05-31,autonomous_missed_pick_recovery.py,bag_local_aabb_joint,3,4,Bandaid,Bandaid,0.9580078125,463.5,109.625,574.5,260.75,40.61733255605857,96.79121280680138,42.62689001428473,172.62689001428473,130.0,31.28794418231348,178.1347710329069,755.9856457242635,0.0,-96.88476086941523,placed,113.77610941458138,42.081999300360806,92.71024112766683,,
20260531_175844,run_20260531_175844,2026-05-31T17:58:44,2026-05-31,autonomous_missed_pick_recovery.py,bag_local_aabb_joint,4,5,Dove Deodorant,Dove Deodorant,0.96484375,249.875,102.4375,317.0,210.75,209.64303798639816,314.339376846195,81.66983450805662,211.66983450805662,130.0,154.54225338208764,178.1347710329069,755.9856457242635,0.0,-4.174519741748398,placed,51.1068836928839,18.61673666323148,126.64869171836604,,
20260531_175844,run_20260531_175844,2026-05-31T17:58:44,2026-05-31,autonomous_missed_pick_recovery.py,bag_local_aabb_joint,5,6,Carmex Lip Balm,Carmex Lip Balm,0.7216796875,339.25,53.5,437.0,120.375,285.7594504683421,101.2551936218619,-21.35730159314133,108.64269840685867,130.0,113.31111266166413,178.1347710329069,755.9856457242635,0.0,122.47417197661764,placed,110.47446829897928,58.09678277928977,13.869411948451187,,
20260531_175844,run_20260531_175844,2026-05-31T17:58:44,2026-05-31,autonomous_missed_pick_recovery.py,bag_local_aabb_joint,6,7,Burts Bees,Burts Bees,0.96875,339.75,168.0,417.5,232.625,145.20311916267775,220.5711075433644,-35.655424740519344,94.34457525948065,130.0,137.0294888743044,178.1347710329069,755.9856457242635,0.0,136.34358392506886,placed,81.38330929468792,53.687042634578845,21.14243759021057,,
20260531_180309,run_20260531_180309,2026-05-31T18:03:09,2026-05-31,autonomous_missed_pick_recovery.py,bag_local_aabb_joint,0,1,Bandaid,Bandaid,0.91943359375,330.25,70.25,454.0,148.5,248.08137984822037,133.77640658073915,-9.943276044826291,120.05672395517371,130.0,157.60909515080925,171.716507555737,751.7940156225798,0.0,-155.0,placed,128.433015111474,88.5880312451596,31.67574004266028,object1_placed,
20260531_180309,run_20260531_180309,2026-05-31T18:03:09,2026-05-31,autonomous_missed_pick_recovery.py,bag_local_aabb_joint,1,2,Chex Mix,Chex Mix,0.9853515625,122.625,186.0,271.75,340.0,173.95031058982318,431.12071114208027,-23.594642174055092,106.4053578259449,130.0,51.111905418260676,171.716507555737,751.7940156225798,0.0,-155.0,placed,135.9391012403433,106.01302441619129,16.37716390756864,object2_placed,
20260531_180309,run_20260531_180309,2026-05-31T18:03:09,2026-05-31,autonomous_missed_pick_recovery.py,bag_local_aabb_joint,2,3,Pringles,Pringles,0.98095703125,315.5,119.4375,420.75,195.5,184.71789673102057,214.9249923645402,14.690059964802414,144.6900599648024,130.0,141.26527857715058,171.716507555737,751.7940156225798,0.0,-123.32425995733973,placed,97.01108446545979,45.77175862024147,39.70369582393607,,
20260531_180309,run_20260531_180309,2026-05-31T18:03:09,2026-05-31,autonomous_missed_pick_recovery.py,bag_local_aabb_joint,3,4,Dove Deodorant,Dove Deodorant,0.9765625,273.0,111.1875,372.5,206.75,234.72125823828515,247.49107391485512,-26.797380291611773,103.20261970838823,130.0,86.82252227187783,171.716507555737,751.7940156225798,0.0,-83.62056413340366,placed,123.09584638088808,50.8776058452936,21.59568852214499,,
20260531_180309,run_20260531_180309,2026-05-31T18:03:09,2026-05-31,autonomous_missed_pick_recovery.py,bag_local_aabb_joint,4,5,Lays Chips,Lays Chips,0.9130859375,208.0,82.8125,430.0,250.5,218.57353876809148,267.95564639370957,6.772914501672001,136.772914501672,130.0,174.27048080401178,171.716507555737,751.7940156225798,0.0,-62.024875611258665,placed,167.43607676606706,119.34803552985909,43.476408044100594,,
20260531_180309,run_20260531_180309,2026-05-31T18:03:09,2026-05-31,autonomous_missed_pick_recovery.py,bag_local_aabb_joint,5,6,Carmex Lip Balm,Carmex Lip Balm,0.8955078125,212.25,148.5,317.5,241.875,220.0608015363215,332.2999757065719,-29.037417304363057,100.96258269563694,130.0,21.200071724488197,279.4358263996911,735.5357638965743,180.0,-18.54846756715807,placed,96.07152779314853,66.12834679938219,8.336417988337008,,
20260531_180309,run_20260531_180309,2026-05-31T18:03:09,2026-05-31,autonomous_missed_pick_recovery.py,bag_local_aabb_joint,6,7,Burts Bees,Burts Bees,0.966796875,349.5,78.6875,419.0,142.25,262.33378916394213,127.67878865847226,-40.73093571479219,89.2690642852078,130.0,25.9707882110865,279.4358263996911,735.5357638965743,0.0,-10.212049578821063,placed,74.36799576096169,60.62417570032391,11.619612209321389,,
20260531_180309,run_20260531_180309,2026-05-31T18:03:09,2026-05-31,autonomous_missed_pick_recovery.py,bag_local_aabb_joint,7,1,Lays Chips,Lays Chips,0.96923828125,289.5,145.375,541.5,356.0,67.41286400757761,231.36657906355038,-3.8273964389965016,126.1726035610035,130.0,122.20129820115326,233.59736706774962,754.9407605336446,0.0,-155.0,placed,177.80526613549924,114.8815210672893,37.93199387373019,object1_placed,
20260531_180309,run_20260531_180309,2026-05-31T18:03:09,2026-05-31,autonomous_missed_pick_recovery.py,bag_local_aabb_joint,8,2,Bandaid,Bandaid,0.96630859375,59.5,140.0,213.25,291.0,268.82775087799973,467.4657400658374,-13.775583447411988,116.22441655258801,130.0,86.75933515626804,233.59736706774962,754.9407605336446,0.0,-155.0,placed,131.17194844122162,86.44071776702302,30.94364611831427,object2_placed,
20260531_180309,run_20260531_180309,2026-05-31T18:03:09,2026-05-31,autonomous_missed_pick_recovery.py,bag_local_aabb_joint,9,3,Pringles,Pringles,0.98681640625,219.0,86.625,323.0,198.5,268.1770715880865,299.6539505376335,9.33931490797268,139.3393149079727,130.0,91.10814427112675,233.59736706774962,754.9407605336446,0.0,-117.0680061262698,placed,115.01536711589719,56.16160237957828,37.509308709863355,,
20260531_180309,run_20260531_180309,2026-05-31T18:03:09,2026-05-31,autonomous_missed_pick_recovery.py,bag_local_aabb_joint,10,4,Chex Mix,Chex Mix,0.96484375,102.25,265.5,323.0,414.75,86.9350441170016,455.13654889493523,-18.69068651323083,111.30931348676917,130.0,142.28197693211976,233.59736706774962,754.9407605336446,0.0,-79.55869741640645,placed,148.3308714469096,97.90305084885851,21.021451587023563,,
20260531_180309,run_20260531_180309,2026-05-31T18:03:09,2026-05-31,autonomous_missed_pick_recovery.py,bag_local_aabb_joint,11,5,Dove Deodorant,Dove Deodorant,0.9814453125,300.75,65.75,354.0,147.25,310.57940683881986,194.61941179953027,-32.62765215663562,97.37234784336438,130.0,52.12922862493237,233.59736706774962,754.9407605336446,0.0,-58.53724582938288,placed,122.28550197357245,55.227241797753365,18.993953183588076,,
20260531_180309,run_20260531_180309,2026-05-31T18:03:09,2026-05-31,autonomous_missed_pick_recovery.py,bag_local_aabb_joint,12,6,Burts Bees,Burts Bees,0.95263671875,442.75,153.75,531.5,222.125,89.09956649362314,80.8344739419476,-44.03707130273321,85.96292869726679,130.0,106.87742540122777,135.65241522336146,727.3183153654086,180.0,-39.54329264579481,placed,79.63663073081719,56.3048304467229,13.127964500522538,,
20260531_180309,run_20260531_180309,2026-05-31T18:03:09,2026-05-31,autonomous_missed_pick_recovery.py,bag_local_aabb_joint,13,7,Carmex Lip Balm,Carmex Lip Balm,0.55078125,376.25,95.5,465.0,165.875,202.90772372884857,111.17794683278686,-29.30564545292873,100.69435454707127,130.0,18.66743318707978,233.59736706774962,754.9407605336446,0.0,-39.54329264579481,placed,96.71652341657493,64.8941634955522,8.995146646994812,,
20260531_181242,run_20260531_181242,2026-05-31T18:12:42,2026-05-31,autonomous_missed_pick_recovery.py,bag_local_aabb_joint,0,1,Lays Chips,Lays Chips,0.9677734375,362.0,103.375,510.75,279.0,101.6547084145603,161.84334706766379,8.7158663657066,138.7158663657066,130.0,36.65862283288095,167.94178888660147,755.9728711231596,0.0,-155.0,placed,140.88357777320294,116.94574224631913,59.414869229800715,object1_placed,
20260531_181242,run_20260531_181242,2026-05-31T18:12:42,2026-05-31,autonomous_missed_pick_recovery.py,bag_local_aabb_joint,1,2,Bandaid,Bandaid,0.85791015625,105.625,197.75,288.0,332.5,173.37146837164107,436.6315432283326,-14.228499695577568,115.77150030442243,130.0,129.88405644087015,167.94178888660147,755.9728711231596,0.0,-155.0,placed,131.43049933568588,85.84656978669302,29.259584821786845,object2_placed,
20260531_181242,run_20260531_181242,2026-05-31T18:12:42,2026-05-31,autonomous_missed_pick_recovery.py,bag_local_aabb_joint,2,3,Pringles,Pringles,0.97607421875,342.5,9.5625,409.75,123.125,285.6116953069772,146.09254564802487,58.66850835081877,188.66850835081877,130.0,47.34044239349515,282.1463023417145,777.1738155103865,0.0,-95.58513077019927,placed,60.70739468342892,50.65236902077282,99.63014154479717,,
20260531_181242,run_20260531_181242,2026-05-31T18:12:42,2026-05-31,autonomous_missed_pick_recovery.py,bag_local_aabb_joint,3,4,Chex Mix,Chex Mix,0.98193359375,237.0,118.9375,373.5,246.0,206.62177385123442,281.7302659270721,-19.594286104281522,110.40571389571848,130.0,40.032478875178526,167.94178888660147,755.9728711231596,0.0,-95.58513077019927,placed,118.51705654885738,102.46741856532792,28.84297518483409,,
20260531_181242,run_20260531_181242,2026-05-31T18:12:42,2026-05-31,autonomous_missed_pick_recovery.py,bag_local_aabb_joint,4,5,Dove Deodorant,Dove Deodorant,0.958984375,289.25,192.25,324.5,322.0,87.07468891976157,360.9971803418248,77.55524863712543,207.55524863712543,130.0,41.9043567071283,295.9438252623298,718.9330864326554,90.0,4.045010774597898,placed,43.11234852465967,22.86617286531088,137.88142370699066,,
20260531_181800,run_20260531_181800,2026-05-31T18:18:00,2026-05-31,autonomous_missed_pick_recovery.py,bag_local_aabb_joint,0,1,Bandaid,Bandaid,0.9599609375,209.25,141.0,371.0,288.0,176.26638914614819,323.2303175257706,-9.011919970368913,120.98808002963109,130.0,102.07450796950631,268.400997946191,750.437714144497,180.0,-155.0,placed,125.87542828899407,88.19800389238203,29.078493040592626,object1_placed,
20260531_181800,run_20260531_181800,2026-05-31T18:18:00,2026-05-31,autonomous_missed_pick_recovery.py,bag_local_aabb_joint,1,2,Chex Mix,Chex Mix,0.95751953125,318.75,65.9375,483.75,188.5,222.3238159153692,133.8965761867882,-14.956839900359387,115.04316009964062,130.0,97.85144633334475,268.400997946191,750.437714144497,0.0,-155.0,placed,149.5874969634328,100.66123733682414,28.3452448500804,object2_placed,
20260531_181800,run_20260531_181800,2026-05-31T18:18:00,2026-05-31,autonomous_missed_pick_recovery.py,bag_local_aabb_joint,2,3,Pringles,Pringles,0.9833984375,321.75,58.4375,425.25,146.5,264.0756141982649,157.23322059474535,22.335923008902018,152.33592300890203,130.0,3.416890285863758,268.400997946191,750.437714144497,0.0,-125.92150695940738,placed,98.85337087924783,47.235565447088035,57.34311186765612,,
20260531_181800,run_20260531_181800,2026-05-31T18:18:00,2026-05-31,autonomous_missed_pick_recovery.py,bag_local_aabb_joint,3,4,Dove Deodorant,Dove Deodorant,0.97607421875,367.75,67.1875,457.5,146.75,249.1108516778566,91.36382224955875,-30.841296433964516,99.15870356603548,130.0,80.59865396120327,268.400997946191,750.437714144497,0.0,-68.57839509175126,placed,118.82087504219373,48.279905789980944,20.502931063340938,,
20260531_181952,run_20260531_181952,2026-05-31T18:19:52,2026-05-31,autonomous_missed_pick_recovery.py,bag_local_aabb_joint,0,1,Chex Mix,Chex Mix,0.9814453125,203.25,170.0,380.5,311.25,171.06024160976318,286.20399444464107,-20.05779240257847,109.94220759742153,130.0,86.8131974210507,171.37529838844864,751.886891067548,0.0,-155.0,miss,129.44481943114204,89.47469827786996,26.175863692861157,,WD-7
20260531_181952,run_20260531_181952,2026-05-31T18:19:52,2026-05-31,autonomous_missed_pick_recovery.py,bag_local_aabb_joint,1,2,Bandaid,Bandaid,0.943359375,372.5,77.125,508.0,196.875,178.16410584061805,103.75710629022016,-9.547387666635291,120.45261233336471,130.0,89.10344306074852,171.37529838844864,751.886891067548,0.0,-155.0,placed,125.01258145842401,84.40346366101396,33.894282857652314,object2_placed,
20260531_181952,run_20260531_181952,2026-05-31T18:19:52,2026-05-31,autonomous_missed_pick_recovery.py,bag_local_aabb_joint,2,3,Dove Deodorant,Dove Deodorant,0.96630859375,152.75,176.375,238.5,296.75,215.85488273560557,425.8017731035438,-34.13986404074841,95.8601359592516,130.0,73.87796896497102,171.37529838844864,751.886891067548,0.0,-121.10571714234767,placed,116.94749396566337,51.58691934484853,15.326356687064639,,
20260531_182310,run_20260531_182310,2026-05-31T18:23:10,2026-05-31,autonomous_missed_pick_recovery.py,bag_local_aabb_joint,0,1,Bandaid,Bandaid,0.95458984375,439.75,113.3125,534.0,236.875,89.71647248325166,88.45809229700285,-12.580604805955774,117.41939519404423,130.0,40.32194552309508,277.2060234357772,773.0094948773357,180.0,-155.0,placed,113.9810097546714,85.58795287155431,40.778560831934826,object1_placed,
20260531_182310,run_20260531_182310,2026-05-31T18:23:10,2026-05-31,autonomous_missed_pick_recovery.py,bag_local_aabb_joint,1,2,Pringles,Pringles,0.98388671875,101.0625,175.25,211.5,308.5,213.65164793659613,465.2043626113409,10.516995474448233,140.51699547444824,130.0,80.24059756275449,151.61511186280535,728.5735920796769,0.0,-155.0,placed,103.23022372561071,57.14718415935382,53.69393574598388,object2_placed,
20260531_182310,run_20260531_182310,2026-05-31T18:23:10,2026-05-31,autonomous_missed_pick_recovery.py,bag_local_aabb_joint,2,3,Chex Mix,Chex Mix,0.97900390625,301.25,66.0,408.75,171.25,259.2996943673931,174.40788242031368,-21.013468483732197,108.9865315162678,130.0,46.26035663479348,277.2060234357772,773.0094948773357,0.0,-114.22143916806516,placed,125.34213214615934,101.22105422760467,24.240917248863127,,
20260531_182310,run_20260531_182310,2026-05-31T18:23:10,2026-05-31,autonomous_missed_pick_recovery.py,bag_local_aabb_joint,3,4,Dove Deodorant,Dove Deodorant,0.9697265625,246.75,194.0,381.0,288.5,137.57495177626453,321.0456756125468,-26.946368468980154,103.05363153101985,130.0,1.0370569992309413,151.23182396329443,786.1148683750736,0.0,-101.30606425401612,placed,112.46364792658885,47.77026275014723,16.449303592913935,,
20260531_182310,run_20260531_182310,2026-05-31T18:23:10,2026-05-31,autonomous_missed_pick_recovery.py,bag_local_aabb_joint,4,1,Pringles,Pringles,0.9833984375,354.75,24.4375,427.0,138.5,256.87636694453795,138.19341950793984,63.16187164991253,193.16187164991254,130.0,33.137663071475515,125.02721509973179,724.0145519943576,90.0,-155.0,placed,60.05443019946359,48.0291039887151,106.96476035307111,object1_placed,
20260531_182310,run_20260531_182310,2026-05-31T18:23:10,2026-05-31,autonomous_missed_pick_recovery.py,bag_local_aabb_joint,5,2,Bandaid,Bandaid,0.94384765625,257.5,126.5,352.25,249.625,194.6914815157504,296.4768317110923,-12.16773286915219,117.83226713084781,130.0,59.490462918275355,259.5372006034354,743.3347623696866,0.0,-155.0,placed,120.92559920687079,86.6695247393732,25.266845854599467,object2_placed,
20260531_182310,run_20260531_182310,2026-05-31T18:23:10,2026-05-31,autonomous_missed_pick_recovery.py,bag_local_aabb_joint,6,3,Chex Mix,Chex Mix,0.98583984375,301.0,58.6875,453.75,171.5,249.9654796732077,146.0530402388033,-17.69953467251892,112.30046532748108,130.0,117.6565542511628,259.5372006034354,743.3347623696866,0.0,-129.73315414540053,placed,141.06034372610216,91.89077219063964,34.40212398081924,,
20260531_182310,run_20260531_182310,2026-05-31T18:23:10,2026-05-31,autonomous_missed_pick_recovery.py,bag_local_aabb_joint,7,4,Dove Deodorant,Dove Deodorant,0.9580078125,389.25,173.125,509.0,218.25,99.78726378122283,143.02506562891523,-31.497099352303966,98.50290064769604,130.0,149.78665256590634,259.5372006034354,743.3347623696866,0.0,-95.3310301645813,placed,112.56112650306018,45.53468177374432,17.684728552842,,
20260531_182310,run_20260531_182310,2026-05-31T18:23:10,2026-05-31,autonomous_missed_pick_recovery.py,bag_local_aabb_joint,8,5,Lays Chips,Lays Chips,0.97998046875,110.875,83.5,286.0,284.0,275.1835990497523,404.1438255261387,6.828302479559523,136.8283024795595,130.0,80.4169343817656,259.5372006034354,743.3347623696866,0.0,-77.64630161173932,placed,151.3108117309058,112.33564552688773,43.927825668464614,,
20260531_182310,run_20260531_182310,2026-05-31T18:23:10,2026-05-31,autonomous_missed_pick_recovery.py,bag_local_aabb_joint,9,6,Burts Bees,Burts Bees,0.97119140625,137.375,307.0,246.0,395.75,107.06294918202074,482.53351797051863,-39.035200262130545,90.96479973786946,130.0,161.52714206493854,128.42481229691134,783.9360281341935,180.0,-48.035239646928886,placed,72.12794426838704,56.84962459382269,21.804186455435342,,
20260531_182310,run_20260531_182310,2026-05-31T18:23:10,2026-05-31,autonomous_missed_pick_recovery.py,bag_local_aabb_joint,10,7,Carmex Lip Balm,Carmex Lip Balm,0.95166015625,265.0,207.375,395.75,300.25,103.862630469158,314.34932907722987,-28.84366126038483,101.15633873961517,130.0,117.55713799096613,,,,,pending,,,,,
20260531_182948,run_20260531_182948,2026-05-31T18:29:48,2026-05-31,autonomous_missed_pick_recovery.py,bag_local_aabb_joint,0,1,Bandaid,Bandaid,0.9599609375,380.25,122.5625,529.0,245.75,108.82049871199303,135.99609987144908,-13.75146713786998,116.24853286213002,130.0,5.770646289841466,161.99429813414,743.4671852266484,0.0,-155.0,placed,123.98859626827999,86.93437045329689,34.54249017133904,object1_placed,
20260531_182948,run_20260531_182948,2026-05-31T18:29:48,2026-05-31,autonomous_missed_pick_recovery.py,bag_local_aabb_joint,1,2,Chex Mix,Chex Mix,0.98681640625,79.25,173.75,273.0,362.5,186.80195807758332,454.8096533591859,-19.94378636779932,110.05621363220068,130.0,104.12489748471222,272.3534562469616,744.7171581701705,180.0,-155.0,placed,129.43431634034104,95.29308849392321,24.60962075387465,object2_placed,
20260531_182948,run_20260531_182948,2026-05-31T18:29:48,2026-05-31,autonomous_missed_pick_recovery.py,bag_local_aabb_joint,2,3,Lays Chips,Lays Chips,0.97412109375,236.375,131.375,478.0,337.0,118.92183629248476,272.81477865977746,-1.9827890790150835,128.01721092098492,130.0,91.13977475529369,161.99429813414,743.4671852266484,0.0,-120.45750982866095,placed,162.73303455768158,111.3698452866238,27.79173017494345,,
20260531_182948,run_20260531_182948,2026-05-31T18:29:48,2026-05-31,autonomous_missed_pick_recovery.py,bag_local_aabb_joint,3,1,Lays Chips,Lays Chips,0.97509765625,331.0,121.0625,532.0,289.0,102.76696897324607,180.74552808377084,3.2583939597706135,133.25839395977061,130.0,126.62162484483218,177.56421668929895,752.6650587147802,0.0,-155.0,placed,155.1284333785979,105.33011742956039,32.50542064116337,object1_placed,
20260531_182948,run_20260531_182948,2026-05-31T18:29:48,2026-05-31,autonomous_missed_pick_recovery.py,bag_local_aabb_joint,4,2,Bandaid,Bandaid,0.97119140625,180.375,77.5625,320.25,205.5,298.79356495916466,310.7862423582643,-13.538458275298376,116.46154172470162,130.0,23.441937540389375,177.56421668929895,752.6650587147802,0.0,-155.0,placed,124.42120751838999,94.52662807202772,33.03998354612419,object2_placed,
20260531_182948,run_20260531_182948,2026-05-31T18:29:48,2026-05-31,autonomous_missed_pick_recovery.py,bag_local_aabb_joint,5,3,Chex Mix,Chex Mix,0.97900390625,88.125,225.5,265.5,350.5,164.9150483270359,465.01910114095585,-23.945692485614416,106.05430751438558,130.0,150.00721585783722,177.56421668929895,752.6650587147802,0.0,-121.96001645387582,placed,136.21602568180057,91.79930239286945,18.734667436603843,,
20260531_182948,run_20260531_182948,2026-05-31T18:29:48,2026-05-31,autonomous_missed_pick_recovery.py,bag_local_aabb_joint,6,4,Pringles,Pringles,0.9765625,289.0,175.75,412.25,295.25,106.68976771569201,292.2153174315594,11.780715915688836,141.78071591568883,130.0,91.01730486656797,177.56421668929895,752.6650587147802,0.0,-103.22534901727198,placed,96.29472627290572,51.77275299131616,33.640204285183344,,
20260531_182948,run_20260531_182948,2026-05-31T18:29:48,2026-05-31,autonomous_missed_pick_recovery.py,bag_local_aabb_joint,7,5,Carmex Lip Balm,Carmex Lip Balm,0.9833984375,450.5,171.25,528.0,255.875,57.747909116030485,104.99175997996993,-36.42034042440249,93.5796595755975,130.0,59.37004376435323,276.9109547387423,730.8986164779974,0.0,-69.58514473208862,placed,83.56504347748462,61.79723295599487,29.331939265249936,,
20260531_182948,run_20260531_182948,2026-05-31T18:29:48,2026-05-31,autonomous_missed_pick_recovery.py,bag_local_aabb_joint,8,6,Dove Deodorant,Dove Deodorant,0.9365234375,346.0,66.625,452.0,136.375,269.7089984773462,97.42735174925573,-30.246380329140266,99.75361967085973,130.0,111.12084074787437,276.9109547387423,730.8986164779974,0.0,-40.25320546683869,placed,113.78608415424296,38.06070710632743,20.55681358420246,,
20260531_182948,run_20260531_182948,2026-05-31T18:29:48,2026-05-31,autonomous_missed_pick_recovery.py,bag_local_aabb_joint,9,7,Burts Bees,Burts Bees,0.9775390625,317.75,123.5,385.75,194.75,223.5967408882212,207.31897629765567,-40.66222176216503,89.33777823783497,130.0,44.02403076702254,,,,,pending,,,,,
20260531_183430,run_20260531_183430,2026-05-31T18:34:30,2026-05-31,autonomous_missed_pick_recovery.py,bag_local_aabb_joint,0,1,Chex Mix,Chex Mix,0.97998046875,108.0,208.5,302.25,361.5,160.92304185650733,436.37113231674766,-5.618741818493009,124.381258181507,130.0,121.45313555454344,275.9942638339388,770.4473646302229,180.0,-155.0,placed,119.10527126044565,88.01147166787759,42.56286707885794,object1_placed,
20260531_183430,run_20260531_183430,2026-05-31T18:34:30,2026-05-31,autonomous_missed_pick_recovery.py,bag_local_aabb_joint,1,2,Carmex Lip Balm,Carmex Lip Balm,0.96533203125,370.0,189.0,482.5,258.5,91.5951131084594,183.78715480199605,-36.158509801904515,93.84149019809549,130.0,170.76745325552352,145.10193168287057,729.5201330688327,0.0,-155.0,miss,89.99571855707875,58.1006176391823,28.311692034255593,,
20260531_183430,run_20260531_183430,2026-05-31T18:34:30,2026-05-31,autonomous_missed_pick_recovery.py,bag_local_aabb_joint,2,3,Bandaid,Bandaid,0.958984375,270.0,84.6875,410.5,188.125,240.1601133906936,218.27609047493246,-10.183534465385335,119.81646553461466,130.0,12.781545749105788,145.10193168287057,729.5201330688327,0.0,-126.6883079657444,placed,129.95701374231874,88.35207520230863,29.295619181156198,,
20260531_183430,run_20260531_183430,2026-05-31T18:34:30,2026-05-31,autonomous_missed_pick_recovery.py,bag_local_aabb_joint,3,4,Lays Chips,Lays Chips,0.939453125,405.25,122.25,605.0,250.25,71.74616919816334,87.38321280082636,-6.661649061135231,123.33835093886476,130.0,156.11503764079683,145.10193168287057,729.5201330688327,0.0,-97.39268878458819,placed,156.6544664881404,106.48637614966043,33.98726815791537,,
20260531_183430,run_20260531_183430,2026-05-31T18:34:30,2026-05-31,autonomous_missed_pick_recovery.py,bag_local_aabb_joint,4,5,Pringles,Pringles,0.98486328125,286.5,181.0,398.0,312.75,99.54753243119512,306.9329860858283,9.39337399946316,139.39337399946317,130.0,77.95285857322887,145.10193168287057,729.5201330688327,0.0,-63.40542062667282,placed,99.62137181546328,51.42687719787031,50.505433985140655,,
20260531_183430,run_20260531_183430,2026-05-31T18:34:30,2026-05-31,autonomous_missed_pick_recovery.py,bag_local_aabb_joint,5,6,Dove Deodorant,Dove Deodorant,0.98193359375,181.875,224.0,299.5,354.25,128.53822969137067,412.1174850701875,-34.754106019102416,95.24589398089759,130.0,88.84322671983274,145.10193168287057,729.5201330688327,0.0,-12.899986641532166,placed,117.9375533617249,50.477210691454054,12.096199012501572,,
20260531_183430,run_20260531_183430,2026-05-31T18:34:30,2026-05-31,autonomous_missed_pick_recovery.py,bag_local_aabb_joint,6,7,Burts Bees,Burts Bees,0.97705078125,83.125,169.75,183.25,254.25,294.70360347654577,473.4813483888222,-44.01498021401282,85.98501978598718,130.0,3.9578385918414654,145.10193168287057,729.5201330688327,0.0,-0.8037876290305945,placed,74.52078049952199,55.29132803174713,17.7081428913973,,
20260531_183430,run_20260531_183430,2026-05-31T18:34:30,2026-05-31,autonomous_missed_pick_recovery.py,bag_local_aabb_joint,7,1,Bandaid,Bandaid,0.9560546875,422.0,138.875,560.5,277.0,53.4916452635475,116.56980846046041,-17.446737759477042,112.55326224052295,130.0,18.29621080730803,159.7018191325922,742.2090297591157,0.0,-155.0,placed,119.40363826518438,84.4180595182314,31.784162980560797,object1_placed,
20260531_183430,run_20260531_183430,2026-05-31T18:34:30,2026-05-31,autonomous_missed_pick_recovery.py,bag_local_aabb_joint,8,2,Chex Mix,Chex Mix,0.97216796875,312.75,52.875,472.5,160.25,262.5781966165094,115.37335930493043,-20.414328499574356,109.58567150042565,130.0,115.51150633985422,159.7018191325922,742.2090297591157,0.0,-155.0,placed,139.8397160941392,92.30957360970312,22.898255702402704,object2_placed,
20260531_183430,run_20260531_183430,2026-05-31T18:34:30,2026-05-31,autonomous_missed_pick_recovery.py,bag_local_aabb_joint,9,3,Pringles,Pringles,0.97998046875,159.75,210.0,265.25,349.0,134.72604669117067,434.42683618804324,11.290394915972351,141.29039491597234,130.0,42.92653795260779,291.6371910980341,727.4375959427864,180.0,-123.2158370194392,placed,94.87519188557287,56.725618196068154,35.354640335519335,,
20260531_183430,run_20260531_183430,2026-05-31T18:34:30,2026-05-31,autonomous_missed_pick_recovery.py,bag_local_aabb_joint,10,4,Burts Bees,Burts Bees,0.9677734375,281.25,231.625,376.5,314.0,96.9539170837522,321.70737206132844,-41.909195284084184,88.09080471591582,130.0,134.6161603768687,280.73909020247334,782.4553643661875,0.0,-87.86119668391987,placed,76.67139440494661,55.08927073237497,20.74588146627363,,
20260531_183430,run_20260531_183430,2026-05-31T18:34:30,2026-05-31,autonomous_missed_pick_recovery.py,bag_local_aabb_joint,11,5,Lays Chips,Lays Chips,0.92041015625,380.75,110.125,556.5,269.5,78.02524950397425,125.80394302948605,10.873984387529347,140.87398438752933,130.0,33.22437837808539,159.7018191325922,742.2090297591157,0.0,-123.2158370194392,placed,138.8411878308555,120.62259842736051,43.36622560392212,,
20260531_183430,run_20260531_183430,2026-05-31T18:34:30,2026-05-31,autonomous_missed_pick_recovery.py,bag_local_aabb_joint,12,6,Dove Deodorant,Dove Deodorant,0.982421875,167.5,124.8125,292.75,198.25,294.8221008256744,348.7415253599539,-33.45614064651302,96.54385935348698,130.0,175.46572813172196,280.73909020247334,782.4553643661875,0.0,-67.11531521764624,placed,114.79470910934049,48.69650990726098,13.176219334788676,,
20260531_183430,run_20260531_183430,2026-05-31T18:34:30,2026-05-31,autonomous_missed_pick_recovery.py,bag_local_aabb_joint,13,7,Carmex Lip Balm,Carmex Lip Balm,0.921875,347.75,117.25,440.0,197.75,183.64304739701046,168.53675318403162,-29.347521274782167,100.65247872521783,130.0,25.540477260531276,280.73909020247334,782.4553643661875,0.0,-53.93909588285757,placed,92.87130544915844,63.18822987660377,6.495656981774431,,
20260531_183430,run_20260531_183430,2026-05-31T18:34:30,2026-05-31,autonomous_missed_pick_recovery.py,bag_local_aabb_joint,14,1,Pringles,Pringles,0.9931640625,242.75,67.1875,315.75,189.75,257.67670024542053,292.86440843406734,59.51762968127531,189.5176296812753,130.0,42.01649910029363,292.9283339683558,731.1063134325971,90.0,-155.0,placed,62.21262686519404,54.143331936711526,101.42819348682076,object1_placed,
20260531_183430,run_20260531_183430,2026-05-31T18:34:30,2026-05-31,autonomous_missed_pick_recovery.py,bag_local_aabb_joint,15,2,Dove Deodorant,Dove Deodorant,0.97314453125,272.0,194.625,349.0,298.25,101.4117368833227,348.7984592032791,79.41002687432807,209.41002687432808,130.0,154.61106886856354,292.9283339683558,731.1063134325971,90.0,-155.0,placed,50.57648973409432,18.839554732874724,131.2407757723309,object2_placed,
20260531_183430,run_20260531_183430,2026-05-31T18:34:30,2026-05-31,autonomous_missed_pick_recovery.py,bag_local_aabb_joint,16,3,Carmex Lip Balm,Carmex Lip Balm,0.6689453125,382.5,75.0,454.5,143.0,235.60032822632857,89.14727603683565,-28.54131950225986,101.45868049774015,130.0,37.070630233931496,273.70406409434173,777.0612393390936,0.0,-23.759224227669108,placed,92.5918721886834,65.8775206781873,14.048382977061152,,
20260531_183430,run_20260531_183430,2026-05-31T18:34:30,2026-05-31,autonomous_missed_pick_recovery.py,bag_local_aabb_joint,17,4,Bandaid,Bandaid,0.9248046875,224.75,125.8125,338.5,256.5,206.0605652920135,316.9284256794843,-10.633432933759112,119.36656706624089,130.0,43.73089544494084,159.2105395487536,744.7470267789031,0.0,-9.710841250607956,placed,118.42107909750719,89.49405355780617,27.498207663547475,,
20260531_183430,run_20260531_183430,2026-05-31T18:34:30,2026-05-31,autonomous_missed_pick_recovery.py,bag_local_aabb_joint,18,5,Lays Chips,Lays Chips,0.91162109375,243.375,59.625,458.5,220.25,229.79673022816087,220.48510543170846,16.37709954469149,146.37709954469148,130.0,174.9743600482977,159.2105395487536,744.7470267789031,0.0,17.78736641293952,placed,152.099953377376,111.2101777254905,46.621578275648176,,
20260531_183430,run_20260531_183430,2026-05-31T18:34:30,2026-05-31,autonomous_missed_pick_recovery.py,bag_local_aabb_joint,19,6,Chex Mix,Chex Mix,0.97900390625,83.75,229.75,306.75,444.25,111.46533011358642,469.5849089681168,-25.094113986282224,104.90588601371778,130.0,90.98005167022207,159.2105395487536,744.7470267789031,0.0,64.4089446885877,placed,146.50220755689907,97.59248330903426,18.52533450911946,,
20260531_183430,run_20260531_183430,2026-05-31T18:34:30,2026-05-31,autonomous_missed_pick_recovery.py,bag_local_aabb_joint,20,7,Burts Bees,Burts Bees,0.8681640625,367.75,113.75,440.5,167.125,210.09592905393936,133.61890811755654,-39.45315064048171,90.54684935951829,130.0,82.5883558875959,159.2105395487536,744.7470267789031,0.0,82.93427919770716,placed,75.57498460471946,56.49075831294675,15.211605285633524,,
20260531_184606,run_20260531_184606,2026-05-31T18:46:06,2026-05-31,autonomous_missed_pick_recovery.py,bag_local_aabb_joint,0,1,Dove Deodorant,Dove Deodorant,0.97412109375,119.0,168.125,189.75,246.5,273.8685942788318,452.2880213625582,-36.95048021349415,93.04951978650584,130.0,41.480181660822325,287.07099937709245,725.334554071071,0.0,-155.0,miss,109.27311823794233,51.50297876023937,14.023248186741256,,WD-7
20260531_184606,run_20260531_184606,2026-05-31T18:46:06,2026-05-31,autonomous_missed_pick_recovery.py,bag_local_aabb_joint,1,2,Bandaid,Bandaid,0.92138671875,286.25,80.8125,426.5,194.0,235.7747944100592,193.43320507018058,-10.997086284956296,119.0029137150437,130.0,126.28088902916183,163.11642772348708,742.4055201696069,0.0,-155.0,placed,126.23285544697417,84.81104033921376,34.72939649148182,object2_placed,
20260531_184606,run_20260531_184606,2026-05-31T18:46:06,2026-05-31,autonomous_missed_pick_recovery.py,bag_local_aabb_joint,2,3,Chex Mix,Chex Mix,0.9775390625,204.625,166.875,379.5,324.5,151.88862915605637,345.03705150296946,-19.59679126527529,110.40320873472471,130.0,78.07946653499096,163.11642772348708,742.4055201696069,0.0,-120.27060350851819,placed,151.70749960436586,95.78002280536454,20.988113665844676,,
20260531_184606,run_20260531_184606,2026-05-31T18:46:06,2026-05-31,autonomous_missed_pick_recovery.py,bag_local_aabb_joint,3,4,Lays Chips,Lays Chips,0.98486328125,286.25,49.875,463.0,178.25,245.81048843284609,140.08352762971563,4.897362413271639,134.89736241327165,130.0,126.39406828855006,163.11642772348708,742.4055201696069,0.0,-99.28248984267351,placed,162.86607099994436,95.98786055536351,45.23649242011358,,
20260531_184606,run_20260531_184606,2026-05-31T18:46:06,2026-05-31,autonomous_missed_pick_recovery.py,bag_local_aabb_joint,4,5,Burts Bees,Burts Bees,0.97705078125,194.25,208.375,265.0,289.75,186.88599812486018,399.2694571621662,-40.61140385556233,89.38859614443767,130.0,51.19336785968227,285.3653745568091,780.6906827116674,0.0,-140.97675181325872,placed,69.26925111361821,58.61863542333473,21.138102558993722,,
20260531_184606,run_20260531_184606,2026-05-31T18:46:06,2026-05-31,autonomous_missed_pick_recovery.py,bag_local_aabb_joint,5,6,Carmex Lip Balm,Carmex Lip Balm,0.97021484375,191.0,114.0,302.5,176.0,300.69603730286417,313.3655436816086,-33.29920558794025,96.70079441205975,130.0,125.76204511761306,163.11642772348708,742.4055201696069,0.0,-54.04599742255993,placed,100.50309709649189,58.83351229369152,8.412727318629749,,
20260531_184606,run_20260531_184606,2026-05-31T18:46:06,2026-05-31,autonomous_missed_pick_recovery.py,bag_local_aabb_joint,6,7,Pringles,Pringles,0.98095703125,195.375,207.375,317.25,346.0,117.55932777303899,395.277056585313,10.812231731227719,140.8122317312277,130.0,27.87201108599004,163.11642772348708,742.4055201696069,0.0,-45.63327010393018,placed,93.78336142164687,55.23937485426162,45.255200156605376,,
20260531_184606,run_20260531_184606,2026-05-31T18:46:06,2026-05-31,autonomous_missed_pick_recovery.py,bag_local_aabb_joint,7,8,Chex Mix,Chex Mix,0.87255859375,264.0,122.375,376.5,189.25,219.9561713303425,260.561396691075,14.085427977694073,144.08542797769408,130.0,151.08131074120834,139.67263870178215,789.5714186963944,0.0,-0.3780699473248035,placed,99.34527740356427,38.343937392788796,54.61901059183712,,
20260531_184606,run_20260531_184606,2026-05-31T18:46:06,2026-05-31,autonomous_missed_pick_recovery.py,bag_local_aabb_joint,8,1,Chex Mix,Chex Mix,0.984375,298.75,187.25,488.0,353.5,54.91580968796704,258.66905371998814,-23.042091853433483,106.95790814656652,130.0,113.37871298453379,,,,,pending,,,,,WD-7
20260531_184606,run_20260531_184606,2026-05-31T18:46:06,2026-05-31,autonomous_missed_pick_recovery.py,bag_local_aabb_joint,9,1,Chex Mix,Chex Mix,0.9853515625,286.0,166.0,443.0,309.0,109.7165695866216,272.57608882886495,-21.680605798649623,108.31939420135038,130.0,59.25413694837641,252.96578224175505,748.7923377126499,0.0,-155.0,placed,134.0684364835101,97.58467542529968,20.363571234391287,object1_placed,WD-7
20260531_184606,run_20260531_184606,2026-05-31T18:46:06,2026-05-31,autonomous_missed_pick_recovery.py,bag_local_aabb_joint,10,2,Bandaid,Bandaid,0.95458984375,135.125,219.25,265.5,374.25,133.03475469099243,449.59074984096526,-14.937226232525234,115.06277376747477,130.0,50.911108559163125,144.6131636835817,739.6409033696373,180.0,-155.0,placed,119.28180673927457,89.22632736716338,23.512108423563575,object2_placed,
20260531_185404,run_20260531_185404,2026-05-31T18:54:04,2026-05-31,autonomous_missed_pick_recovery.py,bag_local_aabb_joint,0,1,Bandaid,Bandaid,0.9375,294.0,174.875,411.5,322.5,93.70421798976825,288.3712369634586,-13.889791817154922,116.11020818284507,130.0,37.69242430469325,159.24248986807063,744.0915290273525,0.0,-155.0,placed,118.48497973614128,88.18305805470511,26.667829147523157,object1_placed,
20260531_185404,run_20260531_185404,2026-05-31T18:54:04,2026-05-31,autonomous_missed_pick_recovery.py,bag_local_aabb_joint,1,2,Chex Mix,Chex Mix,0.9619140625,71.6875,248.375,284.5,425.75,113.17425847662736,484.2191579785676,-21.96305658708735,108.03694341291265,130.0,138.07065799041393,159.24248986807063,744.0915290273525,0.0,-155.0,placed,148.76753212328327,96.56494466963056,22.243362943447096,object2_placed,
20260531_185404,run_20260531_185404,2026-05-31T18:54:04,2026-05-31,autonomous_missed_pick_recovery.py,bag_local_aabb_joint,2,3,Pringles,Pringles,0.97998046875,94.75,141.625,223.0,226.25,280.53964586720735,433.05322681461206,11.67419180745602,141.67419180745603,130.0,165.18126718320147,,,,,pending,,,,,
20260531_185559,run_20260531_185559,2026-05-31T18:55:59,2026-05-31,autonomous_missed_pick_recovery.py,bag_local_aabb_joint,0,1,Bandaid,Bandaid,0.95947265625,260.5,82.75,398.5,209.5,200.35914762411193,185.79309612469822,-11.34834441233329,118.65165558766671,130.0,157.75022162020667,161.3032909090364,743.4459461943505,0.0,-155.0,placed,122.60658181807281,86.8918923887011,30.762221593040216,object1_placed,
20260531_185559,run_20260531_185559,2026-05-31T18:55:59,2026-05-31,autonomous_missed_pick_recovery.py,bag_local_aabb_joint,1,2,Dove Deodorant,Dove Deodorant,0.9716796875,418.5,149.5,535.5,213.0,140.7301991765232,94.42181442262005,-33.71906489576537,96.28093510423463,130.0,0.6194321557036346,161.3032909090364,743.4459461943505,0.0,-155.0,placed,112.58647140273489,43.39079166733321,21.846737862809526,object2_placed,
20260531_185839,run_20260531_185839,2026-05-31T18:58:39,2026-05-31,autonomous_missed_pick_recovery.py,bag_local_aabb_joint,0,1,Bandaid,Bandaid,0.9697265625,222.25,84.6875,365.5,212.5,259.0045888291819,270.10730852182746,-11.38370416288135,118.61629583711866,130.0,99.86518841833593,161.02038468634146,742.9405230827836,0.0,-155.0,placed,122.04076937268292,85.88104616556714,36.22761000411751,object1_placed,
20260531_185839,run_20260531_185839,2026-05-31T18:58:39,2026-05-31,autonomous_missed_pick_recovery.py,bag_local_aabb_joint,1,2,Chex Mix,Chex Mix,0.97998046875,97.9375,218.125,296.0,376.0,153.8418203151155,457.3786513270453,-26.951409326681254,103.04859067331874,130.0,161.6419678815549,161.02038468634146,742.9405230827836,0.0,-155.0,placed,141.19393745273527,97.02585459916436,16.92419842380036,object2_placed,
20260531_185839,run_20260531_185839,2026-05-31T18:58:39,2026-05-31,autonomous_missed_pick_recovery.py,bag_local_aabb_joint,2,3,Pringles,Pringles,0.978515625,140.75,128.625,259.75,197.25,281.4534371309869,383.9826888447685,12.816278813004882,142.81627881300489,130.0,153.91764029180356,275.80753813834144,724.3620256701029,0.0,-118.77238999588248,placed,98.38492427668288,48.72405134020575,35.57858031150441,,
20260531_185839,run_20260531_185839,2026-05-31T18:58:39,2026-05-31,autonomous_missed_pick_recovery.py,bag_local_aabb_joint,3,4,Dove Deodorant,Dove Deodorant,0.97216796875,418.5,149.75,535.5,212.75,96.79292865439182,96.44456402276708,-33.45930302351008,96.54069697648993,130.0,137.58485703413672,275.80753813834144,724.3620256701029,0.0,-83.19380968437807,placed,112.0732877123585,42.768888079343846,20.77216752232505,,
20260531_185839,run_20260531_185839,2026-05-31T18:58:39,2026-05-31,autonomous_missed_pick_recovery.py,bag_local_aabb_joint,4,5,Burts Bees,Burts Bees,0.97509765625,326.5,214.75,412.5,276.75,99.3306909214053,263.06303289717493,-41.935901160275584,88.06409883972441,130.0,155.06929371785446,292.9329230335216,786.8631719425755,180.0,-62.42164216205302,placed,76.27365588515099,54.13415406704318,18.1350192432282,,
20260531_185839,run_20260531_185839,2026-05-31T18:58:39,2026-05-31,autonomous_missed_pick_recovery.py,bag_local_aabb_joint,5,6,Lays Chips,Lays Chips,0.97607421875,108.125,104.75,344.5,273.0,254.31790347585192,368.1484236616395,0.9121787174893389,130.91217871748933,130.0,167.82940626074696,161.02038468634146,742.9405230827836,0.0,-118.77238999588248,placed,158.76832637884846,111.58398574941634,30.2914861701811,,
20260531_185839,run_20260531_185839,2026-05-31T18:58:39,2026-05-31,autonomous_missed_pick_recovery.py,bag_local_aabb_joint,6,7,Carmex Lip Balm,Carmex Lip Balm,0.92578125,365.75,68.0625,455.25,133.75,253.46459438859034,88.14489403288034,-27.625198353062647,102.37480164693736,130.0,91.353864540196,275.80753813834144,724.3620256701029,0.0,-62.42164216205302,placed,97.18250655633706,55.903473530572676,7.320818327324769,,
20260531_185839,run_20260531_185839,2026-05-31T18:58:39,2026-05-31,autonomous_missed_pick_recovery.py,bag_local_aabb_joint,7,8,Lays Chips,Lays Chips,0.9736328125,69.5,95.0,295.75,234.75,275.7834769389381,396.65889938318224,30.91708676212562,160.91708676212562,130.0,170.682524943201,161.02038468634146,742.9405230827836,0.0,-88.48090382570139,placed,144.5672180326472,87.34655863601034,76.96153799583152,,
20260531_185839,run_20260531_185839,2026-05-31T18:58:39,2026-05-31,autonomous_missed_pick_recovery.py,bag_local_aabb_joint,8,9,Chex Mix,Chex Mix,0.98095703125,127.75,207.375,326.5,367.0,141.38997086944312,423.1075833005742,-11.511391004004432,118.48860899599556,130.0,178.58582007160086,161.02038468634146,742.9405230827836,0.0,-11.51936582986987,placed,135.1866617083499,85.73756829103239,40.97667275154927,,
20260531_185839,run_20260531_185839,2026-05-31T18:58:39,2026-05-31,autonomous_missed_pick_recovery.py,bag_local_aabb_joint,9,1,Bandaid,Bandaid,0.9580078125,181.875,154.75,296.75,293.0,191.46696125973858,377.17795374156,-12.544042936671246,117.45595706332875,130.0,51.32575019924431,159.9637367578907,744.6899198554082,0.0,-155.0,placed,119.92747351578139,89.37983971081644,27.673550520808078,object1_placed,
20260531_185839,run_20260531_185839,2026-05-31T18:58:39,2026-05-31,autonomous_missed_pick_recovery.py,bag_local_aabb_joint,10,2,Chex Mix,Chex Mix,0.449462890625,313.75,93.25,485.75,219.375,187.19122626768726,164.2431066253754,-15.151087632931953,114.84891236706805,130.0,7.526339036736658,270.5565815035413,747.4417049986452,180.0,-155.0,placed,134.88340999729036,98.88683700708259,22.73156796018342,object2_placed,
20260531_185839,run_20260531_185839,2026-05-31T18:58:39,2026-05-31,autonomous_missed_pick_recovery.py,bag_local_aabb_joint,11,3,Pringles,Pringles,0.9833984375,469.75,110.3125,574.5,227.0,57.41429349306502,79.49636974501954,56.01506635452136,186.01506635452137,130.0,9.803416709866724,159.9637367578907,744.6899198554082,0.0,-127.32644947919192,placed,59.644957034217626,51.65489005310159,109.5360923478187,,
20260531_185839,run_20260531_185839,2026-05-31T18:58:39,2026-05-31,autonomous_missed_pick_recovery.py,bag_local_aabb_joint,12,4,Burts Bees,Burts Bees,0.9765625,143.375,250.0,245.25,328.5,169.92345320915874,451.91392531863056,-41.97804202768829,88.02195797231171,130.0,172.87667474564924,159.9637367578907,744.6899198554082,0.0,-17.790357131373234,placed,73.6276918363542,57.0879621165676,17.531884113043745,,
20260531_185839,run_20260531_185839,2026-05-31T18:58:39,2026-05-31,autonomous_missed_pick_recovery.py,bag_local_aabb_joint,13,5,Lays Chips,Lays Chips,0.9794921875,205.625,85.5,390.5,208.5,250.37935570495495,277.94327364443933,21.02904445843652,151.02904445843652,130.0,152.8331821892458,159.9637367578907,744.6899198554082,0.0,-0.25847301832948943,placed,152.80284749620932,92.57850588497175,56.02292539898552,,
20260531_185839,run_20260531_185839,2026-05-31T18:58:39,2026-05-31,autonomous_missed_pick_recovery.py,bag_local_aabb_joint,14,6,Dove Deodorant,Dove Deodorant,0.935546875,355.75,59.1875,454.0,99.125,302.42297869437436,71.605839640377,-31.83639408492622,98.16360591507379,130.0,175.1154429549378,145.567122919692,792.6479001509051,0.0,55.76445238065603,placed,111.13424583938398,34.70420030181028,17.367151618847792,,
20260531_185839,run_20260531_185839,2026-05-31T18:58:39,2026-05-31,autonomous_missed_pick_recovery.py,bag_local_aabb_joint,15,7,Carmex Lip Balm,Carmex Lip Balm,0.97216796875,247.5,202.5,376.25,294.25,123.94664496258113,331.36587958453043,-31.27675014292248,98.72324985707752,130.0,119.63333924005741,145.567122919692,792.6479001509051,0.0,73.13160399950382,placed,100.22412963525058,59.77511870481646,6.775533652581132,,
20260531_185839,run_20260531_185839,2026-05-31T18:58:39,2026-05-31,autonomous_missed_pick_recovery.py,bag_local_aabb_joint,16,8,Pringles,Pringles,0.78271484375,238.5,83.75,318.5,235.0,197.12419031942437,326.45243471793634,100.34716734195813,230.34716734195814,130.0,55.50488817480553,145.567122919692,792.6479001509051,90.0,79.90713765208497,placed,58.72127048772011,47.15254706235927,124.28696921960707,,
20260531_185839,run_20260531_185839,2026-05-31T18:58:39,2026-05-31,autonomous_missed_pick_recovery.py,bag_local_aabb_joint,17,9,Pringles,Pringles,0.96923828125,304.0,52.375,393.75,201.625,202.29126359416128,243.37240230724115,90.73862324538794,220.73862324538794,130.0,41.13992244428104,145.567122919692,792.6479001509051,0.0,204.19410687169204,placed,73.18269451520484,58.41585516224983,121.72968100654415,,
20260531_185839,run_20260531_185839,2026-05-31T18:58:39,2026-05-31,autonomous_missed_pick_recovery.py,bag_local_aabb_joint,18,10,Dove Deodorant,Dove Deodorant,0.96826171875,298.75,140.375,383.5,212.5,196.84375359670145,243.72347267697165,-13.083898672244935,116.91610132775506,130.0,172.35765798789038,145.567122919692,792.6479001509051,0.0,325.9237878782362,placed,76.21534670347971,47.91002346464901,39.86655583909261,,
20260531_185839,run_20260531_185839,2026-05-31T18:58:39,2026-05-31,autonomous_missed_pick_recovery.py,bag_local_aabb_joint,19,11,Pringles,Pringles,0.97265625,214.125,92.125,292.25,219.125,237.03223891513275,334.361636801822,61.04864391468343,191.04864391468342,130.0,52.822307799100614,145.567122919692,792.6479001509051,0.0,365.7903437173288,placed,60.20536135992653,55.669663907667285,100.98067019922158,,
20260608_094222,run_20260608_094222,2026-06-08T09:42:22,2026-06-08,autonomous_missed_pick_recovery.py,bag_local_aabb_joint,0,1,Lays Chips,Lays Chips,0.9658203125,289.0,76.9375,478.5,220.125,186.19362563039454,187.28458661179073,8.837294662445668,136.33729466244566,127.5,142.03750746675007,186.739140414197,752.4061379525432,0.0,-155.0,placed,173.47828082839402,104.81227590508645,53.14443651755768,object1_placed,
20260608_094222,run_20260608_094222,2026-06-08T09:42:22,2026-06-08,autonomous_missed_pick_recovery.py,bag_local_aabb_joint,1,2,Bandaid,Bandaid,0.9619140625,242.0,118.1875,394.5,246.125,203.9087131922097,284.57016600925533,-7.177807893217164,120.32219210678284,127.5,118.73159692266525,186.739140414197,752.4061379525432,0.0,-155.0,placed,130.22845879052002,87.68095550610396,30.52027776457966,object2_placed,
20260608_094222,run_20260608_094222,2026-06-08T09:42:22,2026-06-08,autonomous_missed_pick_recovery.py,bag_local_aabb_joint,2,3,Pringles,Pringles,0.99072265625,353.5,82.0625,430.75,202.5,174.64220756835996,206.94144288318594,61.71405424266134,189.21405424266135,127.5,23.359934333599313,288.5256828526809,726.8505642864633,0.0,-101.85556348244234,placed,62.94863370536182,53.70112857292649,108.53922960797892,,
20260608_094222,run_20260608_094222,2026-06-08T09:42:22,2026-06-08,autonomous_missed_pick_recovery.py,bag_local_aabb_joint,3,4,Dove Deodorant,Dove Deodorant,0.958984375,250.125,168.25,374.0,221.125,196.34130605862265,298.7364220570032,-25.198322600344767,102.30167739965523,127.5,149.4126289857428,186.739140414197,752.4061379525432,0.0,-101.85556348244234,placed,117.49252530177286,43.83503520348689,17.277014683876388,,
20260608_094222,run_20260608_094222,2026-06-08T09:42:22,2026-06-08,autonomous_missed_pick_recovery.py,bag_local_aabb_joint,4,5,Burts Bees,Burts Bees,0.9794921875,242.5,178.125,337.0,243.375,202.774285680406,322.9343017813617,-36.44076747360459,91.05923252639542,127.5,129.06532107745105,288.5256828526809,726.8505642864633,0.0,6.68366612553659,placed,80.91978423391781,56.68351865688371,17.544536245293777,,
20260608_094617,run_20260608_094617,2026-06-08T09:46:17,2026-06-08,autonomous_missed_pick_recovery.py,foundation_floor_future_aware,0,1,Pringles,Pringles,0.974609375,131.75,211.875,241.0,342.25,138.63724302089668,469.15308112578464,59.7461641456655,187.2461641456655,127.5,174.14091631722363,130.31678552890935,781.6616978995477,0.0,-155.0,placed,60.633571057818735,56.67660379909535,90.53424121867857,object1_placed,
20260608_094617,run_20260608_094617,2026-06-08T09:46:17,2026-06-08,autonomous_missed_pick_recovery.py,foundation_floor_future_aware,1,2,Bandaid,Bandaid,0.95947265625,162.625,133.5,306.0,230.625,255.72388227143685,369.2347457628198,-10.453991588356805,117.0460084116432,127.5,143.05993652006327,225.25070802727558,752.594728089155,0.0,-155.0,placed,129.23427405455112,84.81054417831,35.303370616965445,,
20260608_094617,run_20260608_094617,2026-06-08T09:46:17,2026-06-08,autonomous_missed_pick_recovery.py,foundation_floor_future_aware,2,3,Chex Mix,Chex Mix,0.95751953125,318.25,94.625,480.25,226.125,182.8479115954966,181.03817868858576,-14.662682755999777,112.83731724400022,127.5,95.44447417826791,225.25070802727558,752.594728089155,0.0,-119.69662938303456,placed,138.29794479161666,96.82538693524452,23.54304217736466,,
20260608_094617,run_20260608_094617,2026-06-08T09:46:17,2026-06-08,autonomous_missed_pick_recovery.py,foundation_floor_future_aware,3,4,Chex Mix,Chex Mix,0.98291015625,241.0,142.5,395.25,240.25,196.8768431812216,290.96160348761964,-6.565401626813898,120.9345983731861,127.5,135.35934390224807,225.25070802727558,752.594728089155,0.0,-96.1535872056699,placed,133.3268653506554,90.36227237260128,31.962310817596393,,
20260608_094617,run_20260608_094617,2026-06-08T09:46:17,2026-06-08,autonomous_missed_pick_recovery.py,foundation_floor_future_aware,4,5,Bandaid,Bandaid,0.90283203125,302.5,91.875,361.0,222.875,189.3711582994796,281.22970160004286,71.02702923923654,198.52702923923653,127.5,46.91790127287118,292.4940206787219,765.5666455035475,90.0,-64.19127638807349,placed,58.866709007095096,36.188681357443826,105.56938624858361,,
20260608_094617,run_20260608_094617,2026-06-08T09:46:17,2026-06-08,autonomous_missed_pick_recovery.py,foundation_floor_future_aware,5,1,Pringles,Pringles,0.9873046875,367.0,133.75,455.25,253.875,102.16949568580822,228.6470164410513,59.652725065603676,187.15272506560368,127.5,176.71518547505258,131.2463480142114,726.7305632200535,0.0,-155.0,placed,62.49269602842282,53.46112644010692,97.9580910467711,object1_placed,
20260608_094617,run_20260608_094617,2026-06-08T09:46:17,2026-06-08,autonomous_missed_pick_recovery.py,foundation_floor_future_aware,6,2,Burts Bees,Burts Bees,0.94091796875,371.75,63.4375,438.0,101.125,313.45787329297514,79.78154560441368,-39.523610593415945,87.97638940658405,127.5,144.08758355052743,201.6460317167112,748.4738620939265,0.0,-155.0,placed,78.30667143342247,56.947724187853126,21.798261726583796,,
20260608_094617,run_20260608_094617,2026-06-08T09:46:17,2026-06-08,autonomous_missed_pick_recovery.py,foundation_floor_future_aware,7,3,Chex Mix,Chex Mix,0.97216796875,388.25,99.375,534.5,210.5,152.74626642988073,90.75700293192153,-18.517369978690283,108.98263002130972,127.5,117.06549809813058,264.83307457151653,747.8212275274598,180.0,-133.2017382734162,placed,135.64245505491954,88.06741514303309,25.272516504640393,,
20260608_094617,run_20260608_094617,2026-06-08T09:46:17,2026-06-08,autonomous_missed_pick_recovery.py,foundation_floor_future_aware,8,4,Dove Deodorant,Dove Deodorant,0.98486328125,193.25,220.25,334.0,319.5,144.5328337274106,387.4559154018312,-29.38994784172678,98.11005215827322,127.5,175.95257718016197,156.70897418432324,781.7098121148965,0.0,-133.2017382734162,placed,113.41794836864649,49.524176229793184,15.471433557553468,,
20260608_094617,run_20260608_094617,2026-06-08T09:46:17,2026-06-08,autonomous_missed_pick_recovery.py,foundation_floor_future_aware,9,5,Lays Chips,Lays Chips,0.97216796875,50.1875,122.0,233.625,267.25,272.11591806300964,471.18673388564514,16.098953132561103,143.5989531325611,127.5,171.32663548402752,264.83307457151653,747.8212275274598,0.0,-107.92922176877579,placed,149.74930779256147,119.70600344512208,30.979796418954614,,
20260608_094617,run_20260608_094617,2026-06-08T09:46:17,2026-06-08,autonomous_missed_pick_recovery.py,foundation_floor_future_aware,10,6,Bandaid,Bandaid,0.94873046875,251.5,73.4375,357.0,189.5,283.9864855631814,261.7429602079945,-9.90783777475587,117.59216222524412,127.5,66.20501707130529,264.83307457151653,747.8212275274598,0.0,-76.94942534982118,placed,124.89120364858171,86.62525416686802,32.67322389003253,,
20260608_094617,run_20260608_094617,2026-06-08T09:46:17,2026-06-08,autonomous_missed_pick_recovery.py,foundation_floor_future_aware,11,1,Pringles,Pringles,0.9794921875,256.75,200.0,344.0,326.25,92.46859385161113,372.88849686530665,61.43174466040795,188.93174466040796,127.5,1.4824134803226912,130.47133657669133,781.5260314174618,0.0,-155.0,placed,60.94267315338264,56.94793683492361,93.12800377976005,object1_placed,
20260608_094617,run_20260608_094617,2026-06-08T09:46:17,2026-06-08,autonomous_missed_pick_recovery.py,foundation_floor_future_aware,12,2,Burts Bees,Burts Bees,0.978515625,362.0,185.25,453.5,255.375,113.87992947904766,213.44222098065512,-39.18751451017141,88.31248548982859,127.5,0.5208491496908891,,,,,pending,,,,,
20260608_095512,run_20260608_095512,2026-06-08T09:55:12,2026-06-08,autonomous_missed_pick_recovery.py,foundation_floor_future_aware,0,1,Burts Bees,Burts Bees,0.98095703125,398.25,191.5,481.5,250.25,90.3952237468699,182.4940608248429,-40.02899291121978,87.47100708878023,127.5,150.04380061360624,279.2627558071415,728.9365315339413,0.0,-155.0,placed,81.47448761428303,57.87306306788258,21.53742247778473,object1_placed,
20260608_095512,run_20260608_095512,2026-06-08T09:55:12,2026-06-08,autonomous_missed_pick_recovery.py,foundation_floor_future_aware,1,2,Chex Mix,Chex Mix,0.97900390625,327.5,60.5625,452.5,143.875,282.1968399476877,127.41699249563582,-25.134581677089837,102.36541832291016,127.5,135.74446288009895,167.92243160053576,748.9610177511204,0.0,-155.0,placed,135.84486320107152,97.92203550224069,20.055875016967736,object2_placed,
20260608_095512,run_20260608_095512,2026-06-08T09:55:12,2026-06-08,autonomous_missed_pick_recovery.py,foundation_floor_future_aware,2,3,Pringles,Pringles,0.98388671875,88.4375,105.625,191.5,222.0,291.1371456737328,455.9679542773124,59.39904650438676,186.89904650438677,127.5,99.48812645100148,,,,,pending,,,,,
20260608_100122,run_20260608_100122,2026-06-08T10:01:22,2026-06-08,autonomous_missed_pick_recovery.py,foundation_floor_future_aware,0,1,Pringles,Pringles,0.9853515625,87.5,105.5,189.875,222.0,292.20319467701506,456.6975319457773,58.51836860384577,186.01836860384577,127.5,103.5823153349485,289.41964182818657,781.3018453853318,0.0,-155.0,placed,61.160715656373114,57.39630877066372,73.92324441037317,object1_placed,
20260608_100122,run_20260608_100122,2026-06-08T10:01:22,2026-06-08,autonomous_missed_pick_recovery.py,foundation_floor_future_aware,1,2,Lays Chips,Lays Chips,0.98095703125,199.375,85.875,393.5,256.25,236.34521552639143,307.1947749180809,6.464371666958919,133.96437166695893,127.5,74.33925383113089,178.89053023783438,752.785449282467,0.0,-155.0,placed,157.78106047566877,114.42910056493405,31.700560719136632,object2_placed,
20260608_100122,run_20260608_100122,2026-06-08T10:01:22,2026-06-08,autonomous_missed_pick_recovery.py,foundation_floor_future_aware,2,3,Bandaid,Bandaid,0.94580078125,183.375,133.75,339.5,259.0,224.6124773864508,352.62080824080255,-9.289919280856974,118.21008071914302,127.5,178.0603827197574,178.89053023783438,752.785449282467,0.0,-123.29943928086335,placed,120.63876651784192,88.12499273106197,32.1865474815324,,
20260608_100928,run_20260608_100928,2026-06-08T10:09:28,2026-06-08,autonomous_missed_pick_recovery.py,foundation_floor_future_aware,0,1,Burts Bees,Burts Bees,0.97705078125,170.625,280.5,255.125,386.5,112.81247834404657,472.56541434406006,-40.27903468730316,87.22096531269685,127.5,69.70706874717276,282.66200437876813,729.5365141985855,0.0,-155.0,placed,74.67599075753627,59.07302839717094,20.500012346561675,object1_placed,
20260608_100928,run_20260608_100928,2026-06-08T10:09:28,2026-06-08,autonomous_missed_pick_recovery.py,foundation_floor_future_aware,1,2,Dove Deodorant,Dove Deodorant,0.7431640625,432.0,121.25,524.5,188.375,134.75427229877755,87.76420714595605,-29.92097969022069,97.57902030977931,127.5,76.36237654365716,252.77471598587198,762.8433916036739,0.0,-155.0,placed,94.45056797174395,47.54072720734778,13.32448320929928,object2_placed,
20260608_100928,run_20260608_100928,2026-06-08T10:09:28,2026-06-08,autonomous_missed_pick_recovery.py,foundation_floor_future_aware,2,3,Chex Mix,Chex Mix,0.98486328125,161.25,100.1875,313.0,231.0,287.29778615401256,362.5097468494279,-20.643403176577852,106.85659682342215,127.5,74.36507394122219,252.77471598587198,762.8433916036739,0.0,-141.67551679070073,placed,143.41257030468262,101.20631414593579,17.089175643248172,,
20260608_100928,run_20260608_100928,2026-06-08T10:09:28,2026-06-08,autonomous_missed_pick_recovery.py,foundation_floor_future_aware,3,4,Bandaid,Bandaid,0.955078125,305.25,61.5625,426.25,150.25,277.4269101158807,165.00360978513316,-7.719444097743076,119.78055590225692,127.5,141.8163923737581,252.77471598587198,762.8433916036739,0.0,-124.58634114745256,placed,125.71600716421453,81.66206003196933,41.47038390025922,,
20260608_100928,run_20260608_100928,2026-06-08T10:09:28,2026-06-08,autonomous_missed_pick_recovery.py,foundation_floor_future_aware,4,5,Pringles,Pringles,0.9892578125,151.375,193.75,253.0,321.75,150.3047968587341,447.682568717054,59.68562681802923,187.18562681802922,127.5,86.23270958043744,129.38326357932544,758.6638002139521,90.0,-83.11595724719334,placed,58.766527158650895,55.899910427904054,89.87151463200811,,
20260608_100928,run_20260608_100928,2026-06-08T10:09:28,2026-06-08,autonomous_missed_pick_recovery.py,foundation_floor_future_aware,5,6,Lays Chips,Lays Chips,0.97509765625,284.25,147.125,517.5,316.5,88.45367984813726,230.82302108315565,15.491489338089679,142.99148933808968,127.5,112.62358858114177,252.77471598587198,762.8433916036739,0.0,-83.11595724719334,placed,164.64461543351533,115.13537660752537,33.44291837455252,,
20260608_101557,run_20260608_101557,2026-06-08T10:15:57,2026-06-08,autonomous_missed_pick_recovery.py,foundation_floor_future_aware,0,1,Pringles,Pringles,0.9892578125,48.28125,100.375,162.0,226.75,317.60065621444596,486.12750671289507,58.49033734477299,185.990337344773,127.5,97.48393922903026,129.66854064153455,782.2156708665916,0.0,-155.0,placed,59.33708128306908,55.5686577331831,95.14795483568125,object1_placed,
20260608_101557,run_20260608_101557,2026-06-08T10:15:57,2026-06-08,autonomous_missed_pick_recovery.py,foundation_floor_future_aware,1,2,Bandaid,Bandaid,0.9599609375,177.5,79.125,313.5,188.25,312.4476388570853,331.5440256830627,-9.709614625216247,117.79038537478375,127.5,22.946285538054667,222.17852814175401,754.718162545431,0.0,-155.0,placed,125.68289428350802,90.56367509086203,26.424733829936734,object2_placed,
20260608_101557,run_20260608_101557,2026-06-08T10:15:57,2026-06-08,autonomous_missed_pick_recovery.py,foundation_floor_future_aware,2,3,Dove Deodorant,Dove Deodorant,0.966796875,316.0,65.4375,420.0,122.5625,313.4252337829473,140.93799223299462,-28.339895524121246,99.16010447587875,127.5,3.018438509150087,222.17852814175401,754.718162545431,0.0,-128.5752661700633,placed,113.41974200692074,46.81634024246424,17.00771956791776,,
20260608_101557,run_20260608_101557,2026-06-08T10:15:57,2026-06-08,autonomous_missed_pick_recovery.py,foundation_floor_future_aware,3,4,Chex Mix,Chex Mix,0.9619140625,377.5,114.1875,537.0,233.25,125.6805871980212,115.81507277584868,-24.188027941044982,103.31197205895502,127.5,125.59033645351921,222.17852814175401,754.718162545431,0.0,-111.56754660214551,placed,148.25517516352974,91.47643599548483,21.18731757449628,,
20260608_101557,run_20260608_101557,2026-06-08T10:15:57,2026-06-08,autonomous_missed_pick_recovery.py,foundation_floor_future_aware,4,5,Lays Chips,Lays Chips,0.95751953125,192.75,145.25,434.25,326.5,146.92167817160822,327.924348788737,6.771205046530603,134.2712050465306,127.5,170.6606444447342,222.17852814175401,754.718162545431,0.0,-90.38022902764922,placed,160.12707384707963,112.66952595623863,34.75840882446932,,
20260608_101557,run_20260608_101557,2026-06-08T10:15:57,2026-06-08,autonomous_missed_pick_recovery.py,foundation_floor_future_aware,5,6,Burts Bees,Burts Bees,0.98291015625,220.25,184.75,316.25,253.0,210.57131964894484,354.7048525822473,-37.53484334768001,89.96515665231999,127.5,120.69122090034308,222.17852814175401,754.718162545431,0.0,-55.62182020317991,placed,86.85231983372401,57.34389286326959,19.175479627321955,,
20260608_102330,run_20260608_102330,2026-06-08T10:23:30,2026-06-08,autonomous_missed_pick_recovery.py,foundation_floor_future_aware,0,1,Pringles,Pringles,0.99267578125,318.5,174.5,402.5,298.5,87.74894366359416,307.06170597716215,65.04100138386227,192.54100138386227,127.5,175.37370485941713,291.9082083453145,728.014998249415,0.0,-155.0,placed,56.18358269062908,56.029996498829995,100.00480105573862,object1_placed,
20260608_102330,run_20260608_102330,2026-06-08T10:23:30,2026-06-08,autonomous_missed_pick_recovery.py,foundation_floor_future_aware,1,2,Dove Deodorant,Dove Deodorant,0.95361328125,254.5,98.625,285.75,231.125,204.71077485565678,345.5121391977855,85.26329332082115,212.76329332082116,127.5,58.506123936047885,262.9598964644214,753.1622375468787,90.0,-155.0,placed,38.28695892884276,24.264483093757317,130.3514010624928,object2_placed,
20260608_102330,run_20260608_102330,2026-06-08T10:23:30,2026-06-08,autonomous_missed_pick_recovery.py,foundation_floor_future_aware,2,3,Chex Mix,Chex Mix,0.98193359375,97.6875,155.75,236.375,285.25,248.41287794853235,465.53916962978724,-17.58779568679266,109.91220431320734,127.5,67.97399030680236,169.00414956673822,747.6480372929593,0.0,-24.648598937507188,placed,138.00829913347644,95.29607458591869,17.758958222695185,,
20260608_102330,run_20260608_102330,2026-06-08T10:23:30,2026-06-08,autonomous_missed_pick_recovery.py,foundation_floor_future_aware,3,4,Bandaid,Bandaid,0.94970703125,347.75,34.375,423.5,193.125,199.62627628934248,206.8136697036823,95.94113476094573,223.44113476094572,127.5,67.15481824494856,267.826800863101,768.4548399885309,0.0,-24.648598937507188,placed,79.63700372620211,46.32072197706179,131.45731541410754,,
20260608_102752,run_20260608_102752,2026-06-08T10:27:52,2026-06-08,autonomous_missed_pick_recovery.py,foundation_floor_future_aware,0,1,Pringles,Pringles,0.9189453125,335.0,56.65625,409.0,175.0,228.4282964752624,202.62873483938188,60.74476967855528,188.2447696785553,127.5,44.212867594455076,290.33381134369125,728.8225650163514,0.0,-155.0,placed,59.33237668738251,57.6451300327028,95.89848235969947,object1_placed,
20260608_102752,run_20260608_102752,2026-06-08T10:27:52,2026-06-08,autonomous_missed_pick_recovery.py,foundation_floor_future_aware,1,2,Dove Deodorant,Dove Deodorant,0.80419921875,208.25,206.125,280.5,285.5,148.59222637762116,409.0943010239994,73.09430461158914,200.59430461158914,127.5,150.7252161507794,263.78612211079883,753.4024647153078,0.0,-155.0,placed,46.2369982215976,11.514669430615685,119.47619781308728,object2_placed,
20260608_102752,run_20260608_102752,2026-06-08T10:27:52,2026-06-08,autonomous_missed_pick_recovery.py,foundation_floor_future_aware,2,3,Chex Mix,Chex Mix,0.9775390625,160.0,111.8125,330.5,236.875,270.21951788429516,356.1351909405116,-13.206494135590106,114.2935058644099,127.5,7.564707287470384,170.7236702480252,747.3136060023926,0.0,-35.52380218691272,placed,141.44734049605037,94.62721200478518,24.970451330914898,,
20260608_102752,run_20260608_102752,2026-06-08T10:27:52,2026-06-08,autonomous_missed_pick_recovery.py,foundation_floor_future_aware,3,4,Bandaid,Bandaid,0.9541015625,355.0,88.875,460.0,254.5,114.88414586229385,234.05826587693346,94.67198129469968,222.17198129469966,127.5,14.10762308752868,261.87814096968333,759.0071665393917,0.0,-35.52380218691272,placed,80.86160193936668,39.6947350787835,116.09478413097867,,
20260608_102752,run_20260608_102752,2026-06-08T10:27:52,2026-06-08,autonomous_missed_pick_recovery.py,foundation_floor_future_aware,4,5,Pringles,Pringles,0.482421875,103.875,160.125,225.0,314.75,169.9414851409914,468.1770492343492,99.54820617508713,227.04820617508713,127.5,125.94960259008501,270.82064442470175,783.5260774887695,0.0,80.57098194406595,placed,58.74660884940345,49.343086977538846,119.10460093938568,,
20260608_102752,run_20260608_102752,2026-06-08T10:27:52,2026-06-08,autonomous_missed_pick_recovery.py,foundation_floor_future_aware,5,6,Bandaid,Bandaid,0.93359375,246.75,123.1875,364.5,255.5,151.2385768781605,332.64222128346444,94.82622760831069,222.3262276083107,127.5,163.76653519502383,273.61271128709274,775.7281259593481,0.0,199.67558288345163,placed,84.3307425741855,33.7471839186961,120.526800014247,,
20260608_103405,run_20260608_103405,2026-06-08T10:34:05,2026-06-08,autonomous_missed_pick_recovery.py,foundation_floor_future_aware,0,1,Pringles,Pringles,0.9755859375,228.0,65.5,301.0,185.625,278.2081559880085,314.3894736909916,58.86464793677876,186.36464793677877,127.5,49.27605911411362,131.52452673090028,782.987772310488,0.0,-155.0,placed,63.049053461800554,54.02445462097603,96.77678122345131,object1_placed,
20260608_103405,run_20260608_103405,2026-06-08T10:34:05,2026-06-08,autonomous_missed_pick_recovery.py,foundation_floor_future_aware,1,2,Burts Bees,Burts Bees,0.96826171875,151.0,251.75,254.75,357.75,149.57497141335256,467.1689703671169,-42.27008434158349,85.2299156584165,127.5,86.72511608107492,192.06846591435317,757.0603752814759,180.0,-155.0,placed,75.87924856295184,58.03882582870631,20.56218029537822,object2_placed,
20260608_103405,run_20260608_103405,2026-06-08T10:34:05,2026-06-08,autonomous_missed_pick_recovery.py,foundation_floor_future_aware,2,3,Dove Deodorant,Dove Deodorant,0.97900390625,419.5,129.0,499.0,226.25,122.99406165728092,123.94445708142592,-33.97230440794781,93.5276955920522,127.5,63.92448818412733,,,,,pending,,,,object3_stacked,
20260608_103405,run_20260608_103405,2026-06-08T10:34:05,2026-06-08,autonomous_missed_pick_recovery.py,foundation_floor_future_aware,3,1,Pringles,Pringles,0.98828125,173.875,223.5,275.5,349.5,107.84524659198797,442.53644202511316,58.20644515151081,185.70644515151082,127.5,92.50079126445792,289.74223695270115,781.6131024384958,0.0,-155.0,placed,60.51552590540224,56.77379487699164,81.29016095073882,object1_placed,
20260608_103405,run_20260608_103405,2026-06-08T10:34:05,2026-06-08,autonomous_missed_pick_recovery.py,foundation_floor_future_aware,4,2,Burts Bees,Burts Bees,0.953125,358.5,160.0,437.75,210.125,156.53834061215028,191.87745197457178,-39.13803504312605,88.36196495687395,127.5,6.2474628179039655,284.68320747129945,727.9236133440075,0.0,-155.0,miss,71.16762963457268,54.95882929505843,15.826363552819643,,
20260608_103405,run_20260608_103405,2026-06-08T10:34:05,2026-06-08,autonomous_missed_pick_recovery.py,foundation_floor_future_aware,5,3,Dove Deodorant,Dove Deodorant,0.9853515625,422.0,129.0,518.0,227.0,115.8974779315899,109.22210515423609,-33.008145325820294,94.4918546741797,127.5,78.43733360029401,156.28048759168064,778.7988707450431,0.0,-73.70983904926118,placed,112.56097518336125,51.14533149008629,20.527094946417733,,
20260608_103405,run_20260608_103405,2026-06-08T10:34:05,2026-06-08,autonomous_missed_pick_recovery.py,foundation_floor_future_aware,6,4,Chex Mix,Chex Mix,0.98193359375,251.75,60.28125,402.5,163.375,304.1987158441541,214.37121412822643,-20.16117064247719,107.33882935752281,127.5,25.262383566629694,,,,,pending,,,,,
20260608_104618,run_20260608_104618,2026-06-08T10:46:18,2026-06-08,autonomous_missed_pick_recovery.py,foundation_floor_future_aware,0,1,Pringles,Pringles,0.98681640625,423.0,105.75,519.5,225.125,96.96080850307371,143.55209934143892,60.544423827951604,188.04442382795162,127.5,9.39845068421323,130.9469911043471,784.3100812768992,0.0,-155.0,placed,61.89398220869419,51.379836553798384,107.90300192581631,object1_placed,
20260608_104618,run_20260608_104618,2026-06-08T10:46:18,2026-06-08,autonomous_missed_pick_recovery.py,foundation_floor_future_aware,1,2,Bandaid,Bandaid,0.93408203125,205.375,209.0,377.25,381.0,91.92464277113685,384.46042626569783,-11.642317028348032,115.85768297165197,127.5,25.910396071686847,221.68718673533718,754.8974629858399,0.0,-155.0,placed,119.58640947067435,90.2050739716797,22.49001247603212,object2_placed,
20260608_104618,run_20260608_104618,2026-06-08T10:46:18,2026-06-08,autonomous_missed_pick_recovery.py,foundation_floor_future_aware,2,3,Dove Deodorant,Dove Deodorant,0.98046875,245.75,120.25,318.5,218.75,256.8878810393562,313.3878881392428,-32.77385698199813,94.72614301800186,127.5,70.18581665340503,221.68718673533718,754.8974629858399,0.0,-132.50998752396788,miss,105.54275305213817,54.4755171989691,18.47047467194819,object3_stacked,WD-7
20260608_104618,run_20260608_104618,2026-06-08T10:46:18,2026-06-08,autonomous_missed_pick_recovery.py,foundation_floor_future_aware,3,4,Dove Deodorant,Dove Deodorant,0.9833984375,237.875,120.9375,299.0,218.0,264.7722675211909,271.5768738148391,-30.625270766776815,96.87472923322318,127.5,147.78387768837587,221.68718673533718,754.8974629858399,0.0,-114.0395128520197,placed,106.08491454501983,54.234496218294,18.558076039937298,,
20260608_104618,run_20260608_104618,2026-06-08T10:46:18,2026-06-08,autonomous_missed_pick_recovery.py,foundation_floor_future_aware,4,5,Burts Bees,Burts Bees,0.9794921875,324.5,184.25,418.75,272.25,126.2200465550894,257.4515970337312,-35.78326675878152,91.71673324121848,127.5,97.55231269818523,,,,,pending,,,,,
20260608_105001,run_20260608_105001,2026-06-08T10:50:01,2026-06-08,autonomous_missed_pick_recovery.py,foundation_floor_future_aware,0,1,Pringles,Pringles,0.984375,278.75,192.0,364.5,317.25,90.32527953390456,350.78639591489,59.31180019543642,186.81180019543643,127.5,3.6816057570975147,130.32485154845853,782.1918754279884,0.0,-155.0,placed,60.649703096917015,55.6162488559769,96.47320791719223,object1_placed,
20260608_105001,run_20260608_105001,2026-06-08T10:50:01,2026-06-08,autonomous_missed_pick_recovery.py,foundation_floor_future_aware,1,2,Pringles,Pringles,0.98388671875,278.75,191.875,364.5,317.5,85.64314601594177,316.4440639948698,59.771251941873686,187.2712519418737,127.5,60.87648740126362,190.86512614937448,761.8923138120722,0.0,-155.0,placed,60.430846298748975,55.01712562414428,96.20206603781037,object2_placed,
20260608_105001,run_20260608_105001,2026-06-08T10:50:01,2026-06-08,autonomous_missed_pick_recovery.py,foundation_floor_future_aware,2,3,Chex Mix,Chex Mix,0.986328125,253.75,99.25,402.5,225.25,236.8872092248103,262.22326686064713,-18.174608933898938,109.32539106610106,127.5,74.32582332029084,251.14931932751995,756.5022672794624,180.0,-58.79793396218963,placed,136.9954645589249,100.13754065503988,23.492374144735813,,
20260608_105001,run_20260608_105001,2026-06-08T10:50:01,2026-06-08,autonomous_missed_pick_recovery.py,foundation_floor_future_aware,3,4,Bandaid,Bandaid,0.96875,370.75,73.5625,493.25,185.75,199.6931040644257,108.56679065132872,-11.025541076854632,116.47445892314536,127.5,84.86221857605058,244.30958083808923,756.6387186148918,180.0,-35.305559817453826,placed,126.72256322978366,86.45806367617851,32.00714991088366,,
20260608_105001,run_20260608_105001,2026-06-08T10:50:01,2026-06-08,autonomous_missed_pick_recovery.py,foundation_floor_future_aware,4,5,Burts Bees,Burts Bees,0.9755859375,349.75,208.25,429.25,296.0,90.09573432102695,256.42573397589786,-39.592199645773015,87.90780035422699,127.5,67.81494834851797,,,,,pending,,,,,
20260608_105831,run_20260608_105831,2026-06-08T10:58:31,2026-06-08,autonomous_missed_pick_recovery.py,foundation_floor_future_aware,0,1,Burts Bees,Burts Bees,0.9765625,283.25,152.75,371.25,234.25,200.77690540878558,276.40588696505824,-38.57378114328274,88.92621885671727,127.5,26.599791155440386,137.65395112623045,780.3038829512878,0.0,-155.0,miss,82.65974950180426,53.91238044384598,18.452093996820757,,WD-7
20260608_105831,run_20260608_105831,2026-06-08T10:58:31,2026-06-08,autonomous_missed_pick_recovery.py,foundation_floor_future_aware,1,2,Bandaid,Bandaid,0.9599609375,343.75,104.4375,478.5,233.625,159.81563143225665,176.08779664888124,-9.236451838860583,118.26354816113941,127.5,84.78115029650392,240.6978408918223,753.6489111887096,0.0,-155.0,placed,123.4280297836446,87.2223243774191,32.42948452880335,object2_placed,
20260608_105831,run_20260608_105831,2026-06-08T10:58:31,2026-06-08,autonomous_missed_pick_recovery.py,foundation_floor_future_aware,2,3,Lays Chips,Lays Chips,0.966796875,136.75,124.875,379.5,334.0,183.14379743380954,376.53131848360346,11.816595514774212,139.3165955147742,127.5,112.24155533612081,240.6978408918223,753.6489111887096,0.0,-122.57051547119664,placed,169.9698734060942,108.62064925231026,42.678594166438394,,
20260608_105831,run_20260608_105831,2026-06-08T10:58:31,2026-06-08,autonomous_missed_pick_recovery.py,foundation_floor_future_aware,3,4,Pringles,Pringles,0.98876953125,331.25,71.375,403.25,190.625,205.73453357702454,222.87421452679155,64.86453092005682,192.36453092005684,127.5,34.55054611435119,131.2389999143753,736.3360239409658,90.0,-136.54790600317926,placed,62.47799982875066,53.99487388193164,102.16774790394965,,
20260608_110148,run_20260608_110148,2026-06-08T11:01:48,2026-06-08,autonomous_missed_pick_recovery.py,foundation_floor_future_aware,0,1,Pringles,Pringles,0.939453125,349.75,49.125,423.25,165.75,229.7880753097785,177.06118874027243,57.46604380062213,184.96604380062212,127.5,27.882494285553463,288.3349382509941,726.4214696455044,0.0,-155.0,placed,63.330122501988214,52.84293929100893,94.0350491089637,object1_placed,
20260608_110148,run_20260608_110148,2026-06-08T11:01:48,2026-06-08,autonomous_missed_pick_recovery.py,foundation_floor_future_aware,1,2,Chex Mix,Chex Mix,0.984375,55.5,150.625,233.5,317.0,268.2133161911712,485.21887238088556,-22.26098598542447,105.23901401457553,127.5,22.116876803215007,,,,,pending,,,,,
20260608_111219,run_20260608_111219,2026-06-08T11:12:19,2026-06-08,autonomous_missed_pick_recovery.py,foundation_floor_future_aware,0,1,Chex Mix,Chex Mix,0.98486328125,63.375,146.625,240.0,315.5,262.3864325429474,478.14831754038414,-18.86125196636316,108.63874803363684,127.5,24.067734195334737,165.56654319997273,759.3102592868521,0.0,-155.0,placed,131.13308639994548,101.37948057370427,28.242856040687993,object1_placed,
20260608_111219,run_20260608_111219,2026-06-08T11:12:19,2026-06-08,autonomous_missed_pick_recovery.py,foundation_floor_future_aware,1,2,Bandaid,Bandaid,0.9482421875,250.0,171.0,372.75,322.5,125.82738833915255,337.5471844233441,-7.909085486716421,119.59091451328358,127.5,47.53521697679736,256.56585682856553,751.6993463976611,180.0,-155.0,placed,116.60130679532219,90.86554165713102,30.476594289437926,object2_placed,
20260608_111219,run_20260608_111219,2026-06-08T11:12:19,2026-06-08,autonomous_missed_pick_recovery.py,foundation_floor_future_aware,2,3,Pringles,Pringles,0.9921875,90.25,110.875,196.5,237.0,281.1461868916124,456.64810051436064,56.8851626876981,184.38516268769808,127.5,99.48546964559011,256.56585682856553,751.6993463976611,0.0,-124.52340571056209,placed,58.8538243750034,57.645149148516055,91.80811748379784,,
20260608_111219,run_20260608_111219,2026-06-08T11:12:19,2026-06-08,autonomous_missed_pick_recovery.py,foundation_floor_future_aware,3,4,Dove Deodorant,Dove Deodorant,0.982421875,311.25,151.75,433.75,215.5,175.87333319476585,225.51616084256318,-25.95190379925108,101.54809620074892,127.5,163.47373556816726,256.56585682856553,751.6993463976611,0.0,-32.715288226764244,placed,116.11389610052687,48.37609578864506,16.545958737513356,,
20260608_112127,run_20260608_112127,2026-06-08T11:21:27,2026-06-08,autonomous_missed_pick_recovery.py,foundation_floor_future_aware,0,1,Burts Bees,Burts Bees,0.96826171875,207.75,243.25,301.5,317.5,139.56321098315877,409.9990095571052,-35.755517644260976,91.74448235573902,127.5,160.62648226576385,277.8859909839576,781.5348554863335,0.0,-155.0,miss,68.82016983180249,59.22941795690665,22.821856932157196,,
20260608_112127,run_20260608_112127,2026-06-08T11:21:27,2026-06-08,autonomous_missed_pick_recovery.py,foundation_floor_future_aware,1,2,Chex Mix,Chex Mix,0.97998046875,315.75,121.0625,470.0,267.5,142.55146773046272,222.27590501927597,-11.056024922912215,116.44397507708779,127.5,76.30036596108847,164.57701802228064,759.6246071778055,0.0,-155.0,placed,129.15403604456125,93.04991435561094,27.00987572824974,object2_placed,
20260608_112524,run_20260608_112524,2026-06-08T11:25:24,2026-06-08,autonomous_missed_pick_recovery.py,foundation_floor_future_aware,0,1,Pringles,Pringles,0.98583984375,127.8125,222.375,240.25,351.5,129.3993457278295,474.8571661462718,56.54169291518212,184.04169291518213,127.5,177.59370887515885,131.7331607226866,728.2458720359688,0.0,-155.0,placed,63.46632144537322,56.49174407193763,91.97319681567336,object1_placed,
20260608_112815,run_20260608_112815,2026-06-08T11:28:15,2026-06-08,autonomous_missed_pick_recovery.py,foundation_floor_future_aware,0,1,Chex Mix,Chex Mix,0.97998046875,65.75,186.5,255.5,323.75,217.70910253276662,472.2053378546201,-22.795080380048585,104.70491961995141,127.5,132.6982551608768,170.5134042495582,763.7351522694164,0.0,-155.0,placed,141.02680849911638,92.52969453883269,24.815065324879892,object1_placed,
20260608_112815,run_20260608_112815,2026-06-08T11:28:15,2026-06-08,autonomous_missed_pick_recovery.py,foundation_floor_future_aware,1,2,Lays Chips,Lays Chips,0.9267578125,175.5,73.875,395.0,219.75,274.431208298004,290.6357453560646,3.0534556103650417,130.55345561036503,127.5,8.003332223510796,170.5134042495582,763.7351522694164,0.0,-155.0,placed,166.17863575031387,113.19666000155424,30.605197346075286,object2_placed,
20260608_112815,run_20260608_112815,2026-06-08T11:28:15,2026-06-08,autonomous_missed_pick_recovery.py,foundation_floor_future_aware,2,3,Bandaid,Bandaid,0.9609375,336.75,37.3125,458.0,139.75,277.79256403655495,108.95395216239547,-11.265768070341654,116.23423192965835,127.5,158.1061688243078,170.5134042495582,763.7351522694164,0.0,-124.39480265392473,miss,119.53678447837004,90.65644469324371,34.113409656313905,object3_stacked,
20260608_112815,run_20260608_112815,2026-06-08T11:28:15,2026-06-08,autonomous_missed_pick_recovery.py,foundation_floor_future_aware,3,4,Dove Deodorant,Dove Deodorant,0.982421875,344.25,169.125,426.0,281.75,115.86724080343214,247.93987104603463,-30.305814229308925,97.19418577069108,127.5,65.82236722089509,,,,,pending,,,,,
20260608_113118,run_20260608_113118,2026-06-08T11:31:18,2026-06-08,autonomous_missed_pick_recovery.py,foundation_floor_future_aware,0,1,Dove Deodorant,Dove Deodorant,0.97998046875,322.25,164.75,385.5,277.75,143.3050540520999,273.277030427086,-31.448553813974023,96.05144618602597,127.5,59.71503068368388,268.3199633350084,785.999982438542,0.0,-155.0,placed,113.3600726700168,48.000034877084005,24.22764076489848,object1_placed,
20260608_113118,run_20260608_113118,2026-06-08T11:31:18,2026-06-08,autonomous_missed_pick_recovery.py,foundation_floor_future_aware,1,2,Burts Bees,Burts Bees,0.974609375,390.5,131.25,476.0,193.25,168.5923436274681,124.57912021937204,-41.374989124740566,86.12501087525943,127.5,106.24886245244129,250.49374007486915,729.1140825053083,0.0,-155.0,placed,77.7076261497383,58.22816501061651,13.853335380185129,object2_placed,
20260608_113118,run_20260608_113118,2026-06-08T11:31:18,2026-06-08,autonomous_missed_pick_recovery.py,foundation_floor_future_aware,2,3,Bandaid,Bandaid,0.96435546875,69.125,152.375,239.5,292.0,257.8624677857218,475.46609999247266,-14.034250295707865,113.46574970429214,127.5,175.5274189518393,161.88726349115126,745.6529650568042,0.0,-141.14666461981489,placed,123.77452698230253,91.3059301136083,31.58915984599026,,
20260608_113118,run_20260608_113118,2026-06-08T11:31:18,2026-06-08,autonomous_missed_pick_recovery.py,foundation_floor_future_aware,3,4,Chex Mix,Chex Mix,0.8818359375,201.25,105.625,383.0,205.25,257.43555621045454,292.0928702422177,-11.337679955779413,116.16232004422059,127.5,0.300257635930933,161.88726349115126,745.6529650568042,0.0,-109.55750477382463,placed,136.58579740354733,96.03847134002152,30.94420082193563,,
20260608_113118,run_20260608_113118,2026-06-08T11:31:18,2026-06-08,autonomous_missed_pick_recovery.py,foundation_floor_future_aware,4,5,Pringles,Pringles,0.98828125,244.25,195.25,331.0,321.5,103.62378418883009,380.7417783001432,64.65798956937522,193.32173326342883,128.664,174.09257601261749,161.88726349115126,745.6529650568042,0.0,-78.61330395188901,placed,60.081996360509706,58.67884212356372,102.28986549978231,,
20260608_113118,run_20260608_113118,2026-06-08T11:31:18,2026-06-08,autonomous_missed_pick_recovery.py,foundation_floor_future_aware,5,6,Lays Chips,Lays Chips,0.9697265625,357.75,120.6875,583.0,287.5,76.34283019610376,145.3480676595467,0.688192003686751,128.18819200368677,127.5,10.179070897982086,161.88726349115126,745.6529650568042,0.0,23.6765615478933,placed,163.8283845461995,112.66401928278631,29.956920226626295,,
20260608_113731,run_20260608_113731,2026-06-08T11:37:31,2026-06-08,autonomous_missed_pick_recovery.py,foundation_floor_future_aware,0,1,Dove Deodorant,Dove Deodorant,0.9765625,140.75,138.75,196.375,244.5,308.6635036122926,439.00075500066487,-31.962816851226314,95.53718314877369,127.5,66.04227217863891,159.81396774882913,773.7715538240552,0.0,-155.0,placed,119.62793549765827,52.45689164811046,13.83771437627383,object1_placed,
20260608_113731,run_20260608_113731,2026-06-08T11:37:31,2026-06-08,autonomous_missed_pick_recovery.py,foundation_floor_future_aware,1,2,Chex Mix,Chex Mix,0.98193359375,320.5,163.125,483.75,296.0,92.98140721758253,228.8328070355078,-22.15601616503534,105.34398383496466,127.5,135.73820187080025,159.81396774882913,773.7715538240552,0.0,-155.0,placed,142.98907103421564,93.71740788165822,25.11263456569631,object2_placed,
20260608_114105,run_20260608_114105,2026-06-08T11:41:05,2026-06-08,autonomous_missed_pick_recovery.py,foundation_floor_future_aware,0,1,Chex Mix,Chex Mix,0.98095703125,42.75,149.875,229.0,286.25,273.7318268387578,487.8265700748833,-12.388411542251726,115.11158845774827,127.5,41.67437436321919,257.9801564048676,756.6078805957252,0.0,-155.0,placed,124.03968680973519,93.21576119145028,32.154362376787326,object1_placed,
20260608_114105,run_20260608_114105,2026-06-08T11:41:05,2026-06-08,autonomous_missed_pick_recovery.py,foundation_floor_future_aware,1,2,Bandaid,Bandaid,0.96484375,285.25,65.125,411.25,158.0,281.80220467791054,190.5374995360333,-7.507952692840963,119.99204730715904,127.5,131.41019548821944,257.9801564048676,756.6078805957252,0.0,-155.0,placed,126.64051212515977,82.29630067893983,41.338967651577136,object2_placed,
20260608_114105,run_20260608_114105,2026-06-08T11:41:05,2026-06-08,autonomous_missed_pick_recovery.py,foundation_floor_future_aware,2,3,Dove Deodorant,Dove Deodorant,0.98046875,323.5,176.875,431.5,286.5,111.39688807571522,259.8947877701711,-30.934509564053656,96.56549043594634,127.5,22.68833062553088,156.3464438869445,741.08721400397,0.0,-113.66103234842285,placed,112.69288777388903,51.25496800793986,16.72862003424177,,
20260608_114338,run_20260608_114338,2026-06-08T11:43:38,2026-06-08,autonomous_missed_pick_recovery.py,foundation_floor_future_aware,0,1,Bandaid,Bandaid,0.95166015625,216.75,201.25,391.0,355.5,103.00140564649539,365.1315503649968,-8.826260219805175,118.67373978019482,127.5,176.00373288312898,259.69986384147177,756.1196814954744,0.0,-155.0,placed,120.60027168294351,87.76063699094877,26.468741653445672,object1_placed,
20260608_114338,run_20260608_114338,2026-06-08T11:43:38,2026-06-08,autonomous_missed_pick_recovery.py,foundation_floor_future_aware,1,2,Chex Mix,Chex Mix,0.9853515625,144.75,248.625,334.0,368.75,111.63739439844747,434.85227454487665,-17.106181445760086,110.39381855423991,127.5,145.01043217150414,259.69986384147177,756.1196814954744,0.0,-155.0,placed,137.4114304621731,88.6166119696373,18.427426332964927,object2_placed,
20260608_114515,run_20260608_114515,2026-06-08T11:45:15,2026-06-08,autonomous_missed_pick_recovery.py,foundation_floor_future_aware,0,1,Chex Mix,Chex Mix,0.974609375,336.5,129.0,494.5,264.5,121.66295589010852,190.5709658572686,-17.19297479562023,110.30702520437977,127.5,30.53274103680772,259.57529542268503,755.633536901222,0.0,-155.0,placed,130.8494088453701,98.73292580244397,26.858881642316774,object1_placed,
20260608_114515,run_20260608_114515,2026-06-08T11:45:15,2026-06-08,autonomous_missed_pick_recovery.py,foundation_floor_future_aware,1,2,Bandaid,Bandaid,0.96435546875,69.125,154.125,238.5,294.5,251.7547238665328,465.31609441482203,-13.225270130867203,114.2747298691328,127.5,118.32712442782538,259.57529542268503,755.633536901222,0.0,-155.0,placed,132.0326773996735,86.41807943096589,24.402317640497266,object2_placed,
20260608_114710,run_20260608_114710,2026-06-08T11:47:10,2026-06-08,autonomous_missed_pick_recovery.py,foundation_floor_future_aware,0,1,Burts Bees,Burts Bees,0.9599609375,250.125,145.0,323.0,197.375,261.6979691989057,310.65642857173077,-38.8501023560066,88.6498976439934,127.5,157.17509474126786,285.2735249028427,771.210732955583,0.0,-155.0,placed,69.45294980568542,57.578533911166076,12.767645846651853,object1_placed,
20260608_115250,run_20260608_115250,2026-06-08T11:52:50,2026-06-08,autonomous_missed_pick_recovery.py,foundation_floor_future_aware,0,1,Lays Chips,Lays Chips,0.42919921875,66.375,100.875,533.0,464.5,180.60680379917434,336.0887763820184,22.842817713026633,152.23007981510185,129.387,41.550491622968934,210.0,755.0,0.0,-155.0,placed,379.6533078278853,249.15393601958166,151.9580878640694,object1_placed,
20260608_115250,run_20260608_115250,2026-06-08T11:52:50,2026-06-08,autonomous_missed_pick_recovery.py,foundation_floor_future_aware,1,2,Pringles,Pringles,0.98046875,265.0,108.625,341.25,231.25,193.95951021734135,315.31370627778153,64.69857659709552,192.19857659709552,127.5,45.41811523606697,210.0,755.0,0.0,-155.0,placed,59.77476809142203,54.22055769826333,95.95621318333905,object2_placed,
20260608_115250,run_20260608_115250,2026-06-08T11:52:50,2026-06-08,autonomous_missed_pick_recovery.py,foundation_floor_future_aware,2,3,Burts Bees,Burts Bees,0.95751953125,267.25,195.75,350.25,283.5,150.3956850753428,333.5647697110438,-31.13416828069268,96.36583171930732,127.5,35.3981770447391,210.0,755.0,0.0,-3.041912135930602,placed,70.32253841604422,58.957149414893536,20.48975878398166,,
20260608_115250,run_20260608_115250,2026-06-08T11:52:50,2026-06-08,autonomous_missed_pick_recovery.py,foundation_floor_future_aware,3,4,Bandaid,Bandaid,0.9404296875,375.25,90.875,485.0,201.0,177.8315480273101,138.35286961486875,-5.161435815434842,122.33856418456516,127.5,65.92528727489005,210.0,755.0,0.0,17.44784664805106,placed,123.52326706218543,88.04122118782063,35.11234273744787,,
20260608_115614,run_20260608_115614,2026-06-08T11:56:14,2026-06-08,autonomous_missed_pick_recovery.py,foundation_floor_future_aware,0,1,Lays Chips,Lays Chips,0.63525390625,144.375,165.375,541.0,442.0,99.41740537089052,326.895239010243,-53.007464831614584,74.49253516838542,127.5,1.656864093243854,210.0,755.0,0.0,-155.0,placed,366.4807177316536,84.35887990733663,124.55781877820863,object1_placed,
20260608_120208,run_20260608_120208,2026-06-08T12:02:08,2026-06-08,autonomous_missed_pick_recovery.py,foundation_floor_future_aware,0,1,Bandaid,Bandaid,0.9541015625,364.0,100.875,465.5,223.875,159.88629841022913,169.1000928781806,-2.8440779900426634,124.65592200995734,127.5,44.07979561074683,261.768833326405,753.4102045196221,0.0,-155.0,placed,116.46233265281006,86.82040903924413,33.29821328894154,object1_placed,
20260608_120208,run_20260608_120208,2026-06-08T12:02:08,2026-06-08,autonomous_missed_pick_recovery.py,foundation_floor_future_aware,1,2,Lays Chips,Lays Chips,0.84716796875,166.125,79.625,546.5,441.5,176.93772115951856,275.24162333130863,-50.70939345590901,76.79060654409099,127.5,44.01581093334846,210.0,755.0,0.0,-155.0,placed,357.85842838870815,181.47639401564254,113.59822864340967,object2_placed,
20260608_120208,run_20260608_120208,2026-06-08T12:02:08,2026-06-08,autonomous_missed_pick_recovery.py,foundation_floor_future_aware,2,3,Burts Bees,Burts Bees,0.9775390625,269.0,131.25,337.0,189.625,256.30085795956734,279.6242534462345,-29.35451901181458,98.14548098818543,127.5,44.01670427018615,210.0,755.0,0.0,-41.40177135659033,placed,77.19050581068721,62.19724656279278,16.57213573234302,,
20260608_120208,run_20260608_120208,2026-06-08T12:02:08,2026-06-08,autonomous_missed_pick_recovery.py,foundation_floor_future_aware,3,4,Pringles,Pringles,0.9873046875,358.5,121.875,444.5,242.0,121.81936585470766,232.98110842427513,65.58351012082227,193.08351012082227,127.5,0.4807702785441279,210.0,755.0,0.0,-24.829635624247313,placed,60.36030846449148,51.562785937151894,94.41508589424188,,
20260608_120208,run_20260608_120208,2026-06-08T12:02:08,2026-06-08,autonomous_missed_pick_recovery.py,foundation_floor_future_aware,4,5,Dove Deodorant,Dove Deodorant,0.97314453125,136.875,282.75,294.5,398.75,94.46420619395028,480.47792991844614,-23.269261834067052,104.23073816593295,127.5,174.74856848527344,210.0,755.0,0.0,69.58545026999457,placed,110.33588803504614,50.195366213885364,13.52676443469224,,
20260608_120208,run_20260608_120208,2026-06-08T12:02:08,2026-06-08,autonomous_missed_pick_recovery.py,foundation_floor_future_aware,5,6,Chex Mix,Chex Mix,0.98046875,66.625,141.875,254.375,256.5,287.55598837283816,447.2137846910078,-16.159422627240374,111.34057737275963,127.5,134.28849590227802,210.0,755.0,0.0,83.1122147046868,placed,138.50594168681025,93.53499734837365,23.335983208163405,,
20260608_120428,run_20260608_120428,2026-06-08T12:04:28,2026-06-08,autonomous_missed_pick_recovery.py,foundation_floor_future_aware,0,1,Chex Mix,Chex Mix,0.9765625,300.0,58.59375,446.25,171.625,252.8499693016699,170.2068712499963,-13.798259275344323,113.70174072465568,127.5,135.5731009841009,170.58972272305652,754.0792515369054,0.0,-155.0,placed,141.17944544611308,88.15850307381076,26.946573521926616,object1_placed,
20260608_120428,run_20260608_120428,2026-06-08T12:04:28,2026-06-08,autonomous_missed_pick_recovery.py,foundation_floor_future_aware,1,2,Dove Deodorant,Dove Deodorant,0.98291015625,339.0,192.5,467.25,270.75,97.27366044524946,239.77182599475128,-24.35618724813672,103.14381275186328,127.5,169.1715512411065,250.66938131983454,757.2208140199084,180.0,-155.0,placed,114.4416280398167,48.97987263966912,14.683211680713683,object2_placed,
20260608_120428,run_20260608_120428,2026-06-08T12:04:28,2026-06-08,autonomous_missed_pick_recovery.py,foundation_floor_future_aware,2,3,Burts Bees,Burts Bees,0.9599609375,161.75,274.75,275.5,372.25,117.8835688029373,464.15162884768733,-33.24667858238837,94.25332141761163,127.5,9.743489225647949,170.58972272305652,754.0792515369054,0.0,-128.0534264780734,miss,75.41144611245007,58.72118891213871,16.8747670057123,object3_stacked,
20260608_120428,run_20260608_120428,2026-06-08T12:04:28,2026-06-08,autonomous_missed_pick_recovery.py,foundation_floor_future_aware,3,4,Bandaid,Bandaid,0.958984375,383.5,115.8125,486.5,247.25,122.67613922175795,163.37132773447308,-4.89761811951521,122.60238188048478,127.5,38.19857379410203,,,,,pending,,,,,
20260608_120739,run_20260608_120739,2026-06-08T12:07:39,2026-06-08,autonomous_missed_pick_recovery.py,foundation_floor_future_aware,0,1,Chex Mix,Chex Mix,0.96826171875,133.5,271.75,337.0,401.75,86.97454162178022,460.41643554563876,-16.890710347991515,110.60928965200848,127.5,154.30768636946533,,,,,pending,,,,,
20260608_120929,run_20260608_120929,2026-06-08T12:09:29,2026-06-08,autonomous_missed_pick_recovery.py,foundation_floor_future_aware,0,1,Chex Mix,Chex Mix,0.96484375,133.75,272.0,337.5,402.0,87.15920003719637,460.40417904633256,-17.80821659845001,109.69178340155,127.5,154.30718363678054,,,,,pending,,,,,
20260608_121511,run_20260608_121511,2026-06-08T12:15:11,2026-06-08,autonomous_missed_pick_recovery.py,foundation_floor_future_aware,0,1,Chex Mix,Chex Mix,0.95849609375,136.625,273.5,339.75,404.5,83.57667373309454,459.43190818380907,-15.854876598168444,111.64512340183155,127.5,152.4077855368615,,,,,pending,,,,,
20260608_121814,run_20260608_121814,2026-06-08T12:18:14,2026-06-08,autonomous_missed_pick_recovery.py,foundation_floor_future_aware,0,1,Chex Mix,Chex Mix,0.873046875,136.375,273.75,340.0,404.0,84.29342965387384,459.4997935175037,-18.84232589841034,108.65767410158966,127.5,154.3188001526565,255.3396664969273,756.632837857299,0.0,-155.0,placed,139.32066699385456,96.734323714598,18.6286668622944,object1_placed,
20260608_121814,run_20260608_121814,2026-06-08T12:18:14,2026-06-08,autonomous_missed_pick_recovery.py,foundation_floor_future_aware,1,2,Burts Bees,Burts Bees,0.9755859375,90.375,170.125,179.5,245.125,304.89670256501506,485.110538281314,-36.09523919956894,91.40476080043106,127.5,167.17323664916782,140.31162925791278,742.2557873114329,0.0,-155.0,placed,80.62325851582557,57.98022262286571,19.56884840548277,object2_placed,
20260608_121814,run_20260608_121814,2026-06-08T12:18:14,2026-06-08,autonomous_missed_pick_recovery.py,foundation_floor_future_aware,2,3,Pringles,Pringles,0.9912109375,209.75,115.4375,306.75,232.75,238.7759337115397,351.64977740600546,17.040612415657098,144.5406124156571,127.5,82.29493438936626,140.31162925791278,742.2557873114329,0.0,-135.43115159451725,placed,105.04425554622021,55.69466597033372,50.08449276646472,,
20260608_121814,run_20260608_121814,2026-06-08T12:18:14,2026-06-08,autonomous_missed_pick_recovery.py,foundation_floor_future_aware,3,4,Dove Deodorant,Dove Deodorant,0.80810546875,285.25,85.625,388.25,121.125,319.65957434251084,191.28960008392932,-25.458000975994164,102.04199902400583,127.5,153.66432361003177,140.31162925791278,742.2557873114329,0.0,-85.34665882805251,placed,113.07108060852654,40.12656672877373,22.754370679976372,,
20260608_121814,run_20260608_121814,2026-06-08T12:18:14,2026-06-08,autonomous_missed_pick_recovery.py,foundation_floor_future_aware,4,5,Bandaid,Bandaid,0.9619140625,374.25,119.5625,505.75,255.25,116.90780850719187,164.40352329504867,-6.965641362289205,120.5343586377108,127.5,25.06510576256298,140.31162925791278,742.2557873114329,0.0,-62.592288148076136,placed,118.09828694042994,85.64362396376441,34.52589734591476,,
20260608_121814,run_20260608_121814,2026-06-08T12:18:14,2026-06-08,autonomous_missed_pick_recovery.py,foundation_floor_future_aware,5,6,Lays Chips,Lays Chips,0.9765625,299.75,98.25,508.5,267.5,134.60009661747816,209.54166049455682,28.81255148042694,156.31255148042695,127.5,136.19493455612536,255.3396664969273,756.632837857299,0.0,-136.37133313770562,placed,167.51812081428656,103.50065071743063,60.51081003603686,,
20260608_121814,run_20260608_121814,2026-06-08T12:18:14,2026-06-08,autonomous_missed_pick_recovery.py,foundation_floor_future_aware,6,1,Chex Mix,Chex Mix,0.97998046875,350.0,67.5625,502.5,167.75,223.15784158305505,95.60888081195621,-18.298734103695995,109.20126589630401,127.5,129.61255671214295,173.12781021993698,754.291765865649,0.0,-155.0,placed,146.25562043987395,91.41646773129798,20.982615963700685,object1_placed,
20260608_121814,run_20260608_121814,2026-06-08T12:18:14,2026-06-08,autonomous_missed_pick_recovery.py,foundation_floor_future_aware,7,1,Bandaid,Bandaid,0.85986328125,139.5,225.0,265.25,380.0,126.38583225409809,466.03254146113136,-6.380086935753269,121.11991306424673,127.5,52.56340178584557,160.12254203953887,755.4420291280111,0.0,-155.0,placed,120.24508407907776,90.88405825602217,28.79392656975032,object1_placed,
20260608_121814,run_20260608_121814,2026-06-08T12:18:14,2026-06-08,autonomous_missed_pick_recovery.py,foundation_floor_future_aware,8,2,Dove Deodorant,Dove Deodorant,0.9775390625,223.375,108.5625,303.0,204.0,284.6595348643443,322.1826209434944,-28.250223040622412,99.24977695937758,127.5,38.12044083497332,258.69462955671094,748.174852775973,0.0,-155.0,placed,116.8990911134219,56.34970555194612,14.4125252185183,object2_placed,
20260608_121814,run_20260608_121814,2026-06-08T12:18:14,2026-06-08,autonomous_missed_pick_recovery.py,foundation_floor_future_aware,9,3,Pringles,Pringles,0.98193359375,328.75,140.875,409.0,262.75,119.48577965174889,281.03202619075677,68.2808278415585,195.7808278415585,127.5,179.52391208463214,160.12254203953887,755.4420291280111,0.0,-126.20607343024967,placed,58.19521033543554,56.13399997619082,104.93400261180284,,
20260608_121814,run_20260608_121814,2026-06-08T12:18:14,2026-06-08,autonomous_missed_pick_recovery.py,foundation_floor_future_aware,10,4,Burts Bees,Burts Bees,0.978515625,105.3125,160.125,174.75,225.875,323.83307062655354,474.50851420976954,-36.097876502584114,91.40212349741589,127.5,78.3409516450737,160.12254203953887,755.4420291280111,0.0,-21.272070818446835,placed,79.58246516522395,58.562022614899455,23.527041881236386,,
20260608_121814,run_20260608_121814,2026-06-08T12:18:14,2026-06-08,autonomous_missed_pick_recovery.py,foundation_floor_future_aware,11,5,Chex Mix,Chex Mix,0.98046875,188.5,92.375,361.0,218.875,281.3633830771769,310.3051498672887,-10.45766144453483,117.04233855546516,127.5,176.23678401668684,160.12254203953887,755.4420291280111,0.0,2.2549710627895507,placed,138.14283806068804,98.07832765294464,28.101763501675713,,
20260608_122405,run_20260608_122405,2026-06-08T12:24:05,2026-06-08,autonomous_missed_pick_recovery.py,foundation_floor_future_aware,0,1,Chex Mix,Chex Mix,0.875,244.375,94.5625,399.0,204.375,244.18649042916604,253.25478108308982,-11.326613282593824,116.17338671740617,127.5,0.4671567136491035,161.4614751618808,756.4973428963665,0.0,-155.0,placed,132.92295032376157,97.00531379273308,26.91206224920969,object1_placed,
20260608_122405,run_20260608_122405,2026-06-08T12:24:05,2026-06-08,autonomous_missed_pick_recovery.py,foundation_floor_future_aware,1,2,Burts Bees,Burts Bees,0.91796875,444.5,116.375,504.5,164.0,156.4449360716421,79.83159398785521,51.43396768272023,196.43396768272024,145.0,8.51003719377195,,,,,pending,,,,,WD-1
20260608_122527,run_20260608_122527GOODONE_ENDOFDAY,2026-06-08T12:25:27,2026-06-08,autonomous_missed_pick_recovery.py,foundation_floor_future_aware,0,1,Bandaid,Bandaid,0.8017578125,74.125,170.5,247.25,287.5,238.00898275586763,464.70461276215894,-6.879302751825406,120.6206972481746,127.5,134.35451813344656,252.2806519886986,757.8760029726974,0.0,-155.0,placed,135.43869597739717,84.24799394539488,37.71775938703963,object1_placed,
20260608_122527,run_20260608_122527GOODONE_ENDOFDAY,2026-06-08T12:25:27,2026-06-08,autonomous_missed_pick_recovery.py,foundation_floor_future_aware,1,2,Chex Mix,Chex Mix,0.97412109375,222.875,104.9375,400.25,239.875,231.5141436521778,282.17184131626817,-15.004366324968762,112.49563367503124,127.5,101.51762076040792,252.2806519886986,757.8760029726974,0.0,-155.0,placed,136.7284368003777,95.37030358725669,17.48923044400331,object2_placed,
20260608_122527,run_20260608_122527GOODONE_ENDOFDAY,2026-06-08T12:25:27,2026-06-08,autonomous_missed_pick_recovery.py,foundation_floor_future_aware,2,3,Burts Bees,Burts Bees,0.9716796875,349.25,82.625,414.25,144.25,274.52272598611535,141.68501045686168,-34.77286562405402,92.72713437594598,127.5,70.28428429256034,137.30585827985746,743.7759635623793,0.0,-155.0,placed,74.6117165597149,56.047915124758596,15.718020757160403,,
20260608_122527,run_20260608_122527GOODONE_ENDOFDAY,2026-06-08T12:25:27,2026-06-08,autonomous_missed_pick_recovery.py,foundation_floor_future_aware,3,4,Dove Deodorant,Dove Deodorant,0.95751953125,218.125,174.75,285.0,237.25,247.15643866670533,369.3709706373638,-24.137396567905228,103.36260343209477,127.5,86.70371962281193,252.2806519886986,757.8760029726974,0.0,-117.28224061296038,placed,54.69616187174205,48.20564295944114,18.238196911537656,,
20260608_122527,run_20260608_122527GOODONE_ENDOFDAY,2026-06-08T12:25:27,2026-06-08,autonomous_missed_pick_recovery.py,foundation_floor_future_aware,4,5,Pringles,Pringles,0.9677734375,344.5,33.3125,414.25,148.0,258.41313600609675,175.65050124451506,64.62916955152537,192.12916955152537,127.5,39.13998071784334,252.2806519886986,757.8760029726974,0.0,-99.04404370142271,placed,62.52147146547162,52.16114274619938,102.75453793202138,,
20260608_122802,run_20260608_122802,2026-06-08T12:28:02,2026-06-08,autonomous_missed_pick_recovery.py,foundation_floor_future_aware,0,1,Chex Mix,Chex Mix,0.98193359375,64.4375,122.125,256.0,267.75,297.13552422489397,447.99857956914684,-20.03056300269359,107.46943699730642,127.5,113.89756649924632,168.26036500979617,753.8518466326776,0.0,-155.0,placed,146.52073001959235,97.7036932653552,16.9670890325688,object1_placed,
20260608_122802,run_20260608_122802,2026-06-08T12:28:02,2026-06-08,autonomous_missed_pick_recovery.py,foundation_floor_future_aware,1,2,Bandaid,Bandaid,0.962890625,386.25,114.625,515.0,202.75,145.40699319381002,129.07799647206852,-5.670198586768255,121.82980141323175,127.5,148.40032938478913,263.35561353550725,751.5850081673628,180.0,-155.0,placed,123.17001633472576,83.6697670710145,37.84488940778484,object2_placed,
20260608_122802,run_20260608_122802,2026-06-08T12:28:02,2026-06-08,autonomous_missed_pick_recovery.py,foundation_floor_future_aware,2,3,Burts Bees,Burts Bees,0.962890625,148.625,139.625,239.0,211.625,312.60634958820054,410.17348659190554,-35.062535602757855,92.43746439724214,127.5,1.1202985904777165,263.35561353550725,751.5850081673628,0.0,-117.15511059221517,placed,76.22478288515666,59.283467401833654,19.52644999950421,,
20260608_122802,run_20260608_122802,2026-06-08T12:28:02,2026-06-08,autonomous_missed_pick_recovery.py,foundation_floor_future_aware,3,4,Carmex Lip Balm,Carmex Lip Balm,0.9775390625,108.125,224.625,237.75,317.75,194.3502291881106,483.66645445581764,-25.6378323143649,101.8621676856351,127.5,174.74904661906268,263.35561353550725,751.5850081673628,0.0,-97.62866059271096,placed,97.24272525002216,62.37582562902962,4.647417098269493,,WD-6
20260608_122802,run_20260608_122802,2026-06-08T12:28:02,2026-06-08,autonomous_missed_pick_recovery.py,foundation_floor_future_aware,4,5,Dove Deodorant,Dove Deodorant,0.98095703125,273.5,117.1875,330.5,215.25,242.36643655069904,289.46418283678736,-26.76404075071962,100.73595924928038,127.5,55.778251876182566,263.35561353550725,751.5850081673628,0.0,-92.98124349444146,placed,111.93843114742104,54.05402032310462,19.435561142921795,,
20260608_122802,run_20260608_122802,2026-06-08T12:28:02,2026-06-08,autonomous_missed_pick_recovery.py,foundation_floor_future_aware,5,6,Pringles,Pringles,0.986328125,367.0,6.5,435.75,119.125,286.60276408468576,122.11863060333965,65.81098001951396,193.31098001951398,127.5,40.2817409795837,263.35561353550725,751.5850081673628,0.0,-73.54568235151967,placed,61.84827775043847,49.93152882156854,104.99579247443681,,
20260608_122802,run_20260608_122802,2026-06-08T12:28:02,2026-06-08,autonomous_missed_pick_recovery.py,foundation_floor_future_aware,6,1,Bandaid,Bandaid,0.95361328125,405.25,135.5,516.0,294.0,49.00331480891337,197.99431107698967,45.83854231535954,173.33854231535955,127.5,30.651094546192184,145.37313105866605,729.8492960298968,0.0,-155.0,placed,110.74626211733211,39.69859205979345,86.63231922310985,object1_placed,
20260608_122802,run_20260608_122802,2026-06-08T12:28:02,2026-06-08,autonomous_missed_pick_recovery.py,foundation_floor_future_aware,7,2,Lays Chips,Lays Chips,0.95947265625,319.75,46.625,512.0,160.5,244.3734362914637,96.85944555481927,4.856209424418398,132.3562094244184,127.5,121.01238455408692,210.0,755.0,0.0,-155.0,placed,161.58870794121123,107.99348061306598,31.884754442020643,object2_placed,
20260608_122802,run_20260608_122802,2026-06-08T12:28:02,2026-06-08,autonomous_missed_pick_recovery.py,foundation_floor_future_aware,8,3,Burts Bees,Burts Bees,0.94189453125,293.25,152.75,375.5,218.0,203.26247269068563,265.85811049228266,-31.64036145668276,95.85963854331723,127.5,90.85905114945777,145.37313105866605,729.8492960298968,0.0,-68.36768077689015,placed,79.6780774215184,57.0455742670066,17.185961180214683,,
20260608_122802,run_20260608_122802,2026-06-08T12:28:02,2026-06-08,autonomous_missed_pick_recovery.py,foundation_floor_future_aware,9,4,Chex Mix,Chex Mix,0.98583984375,332.5,52.625,469.5,146.625,272.0579001889867,111.9560132407045,-14.372589603292994,113.127410396707,127.5,127.32877435220318,210.0,755.0,0.0,-123.11524555797935,placed,142.14033624471793,93.707755548803,30.945274984653615,,WD-6
20260608_122802,run_20260608_122802,2026-06-08T12:28:02,2026-06-08,autonomous_missed_pick_recovery.py,foundation_floor_future_aware,10,5,Pringles,Pringles,0.95556640625,130.25,101.75,207.25,142.125,290.4715069784911,417.2892338947237,64.47205961076418,191.97205961076418,127.5,84.35446580094141,288.85902416231414,746.1769791976618,90.0,-155.0,placed,62.35395839532355,36.1293403246283,7.1499803640329915,,
20260608_122802,run_20260608_122802,2026-06-08T12:28:02,2026-06-08,autonomous_missed_pick_recovery.py,foundation_floor_future_aware,11,6,Burts Bees,Burts Bees,0.513671875,309.0,77.4375,368.25,147.5,294.2330794710076,203.25458529061228,-20.34844526257989,107.15155473742011,127.5,56.25210232815574,145.37313105866605,729.8492960298968,0.0,-51.181719596675464,placed,98.2008031320231,65.1902055331193,8.366201471847557,,
20260608_122802,run_20260608_122802,2026-06-08T12:28:02,2026-06-08,autonomous_missed_pick_recovery.py,foundation_floor_future_aware,12,7,Dove Deodorant,Dove Deodorant,0.98193359375,361.25,166.25,483.75,242.625,115.510254078278,192.20892816230344,-27.358997032946345,100.14100296705365,127.5,173.30694698487233,145.37313105866605,729.8492960298968,0.0,-42.8155181248279,placed,114.6685435971555,51.64250140346551,14.048610048162328,,
20260608_122802,run_20260608_122802,2026-06-08T12:28:02,2026-06-08,autonomous_missed_pick_recovery.py,foundation_floor_future_aware,13,8,Pringles,Pringles,0.953125,310.25,148.0,386.75,231.125,185.44274667028697,257.25140061684544,-5.767594302053968,121.73240569794604,127.5,0.29904211131903935,145.37313105866605,729.8492960298968,0.0,-28.766908076665572,placed,69.5243663752234,68.21329980646819,45.94829425891395,,
20260608_122802,run_20260608_122802,2026-06-08T12:28:02,2026-06-08,autonomous_missed_pick_recovery.py,foundation_floor_future_aware,14,9,Lays Chips,Lays Chips,0.80908203125,69.875,65.5,538.0,439.75,191.944367077955,319.36067304143864,-54.35646636172074,73.14353363827925,127.5,93.00019820006298,210.0,755.0,0.0,-155.0,placed,379.7247185933746,264.57741234189376,95.60601326472667,,
20260608_122802,run_20260608_122802,2026-06-08T12:28:02,2026-06-08,autonomous_missed_pick_recovery.py,foundation_floor_future_aware,15,10,Lays Chips,Lays Chips,0.57958984375,80.75,69.5,544.0,440.5,191.26479896397402,321.0861890817064,-53.21437368107784,74.28562631892217,127.5,0.3010925111180427,210.0,755.0,0.0,-155.0,placed,378.87911009557223,262.2624644033774,97.82605817490122,,
20260608_122802,run_20260608_122802,2026-06-08T12:28:02,2026-06-08,autonomous_missed_pick_recovery.py,foundation_floor_future_aware,16,11,Burts Bees,Burts Bees,0.79052734375,358.0,61.875,417.25,123.75,280.0750877722384,139.0079655155678,23.952208532647045,151.45220853264703,127.5,0.7916886774594047,,,,,pending,,,,,
20260608_123524,run_20260608_123524,2026-06-08T12:35:24,2026-06-08,autonomous_missed_pick_recovery.py,foundation_floor_future_aware,0,1,Bandaid,Bandaid,0.97705078125,373.25,99.875,521.0,229.375,144.46991911990688,129.2743872717572,-5.095078204107461,122.40492179589253,127.5,101.6860806268611,162.9475041604089,753.4692691295563,0.0,-155.0,placed,125.89500832081781,86.9385382591127,37.27346483252733,object1_placed,
20260608_123524,run_20260608_123524,2026-06-08T12:35:24,2026-06-08,autonomous_missed_pick_recovery.py,foundation_floor_future_aware,1,2,Dove Deodorant,Dove Deodorant,0.9814453125,346.5,84.875,429.5,170.625,238.6315833756844,152.63145281811617,-22.182721646034846,105.31727835396515,127.5,31.26987055671367,257.9968835102722,755.3635024649668,0.0,-155.0,placed,104.20375102054439,53.15007092993374,23.059120955273837,object2_placed,
20260608_123524,run_20260608_123524,2026-06-08T12:35:24,2026-06-08,autonomous_missed_pick_recovery.py,foundation_floor_future_aware,2,3,Lays Chips,Lays Chips,0.95654296875,297.75,45.125,432.25,174.5,260.07693753540656,170.79571194977427,7.3483883890020465,134.84838838900205,127.5,46.831038192687686,162.9475041604089,753.4692691295563,0.0,-117.72653516747266,placed,149.28098432409618,121.47501213322148,30.2486183045061,,
20260608_123524,run_20260608_123524,2026-06-08T12:35:24,2026-06-08,autonomous_missed_pick_recovery.py,foundation_floor_future_aware,3,4,Chex Mix,Chex Mix,0.56591796875,221.25,120.5,382.5,212.5,231.13153851627806,283.7598729464895,-13.268158551032332,114.23184144896767,127.5,143.30544073252693,162.9475041604089,753.4692691295563,0.0,-87.47791686296657,placed,148.2913540148961,94.1577321542083,24.22361868931876,,
20260608_123524,run_20260608_123524,2026-06-08T12:35:24,2026-06-08,autonomous_missed_pick_recovery.py,foundation_floor_future_aware,4,5,Carmex Lip Balm,Carmex Lip Balm,0.9775390625,262.75,101.375,364.25,159.75,289.9397805944452,243.03882699208077,-24.532047485461163,102.96795251453884,127.5,171.07758377389172,162.9475041604089,753.4692691295563,0.0,-63.25429817364781,placed,97.2536312519269,60.611407225123145,6.044858334636956,,
20260608_123813,run_20260608_123813,2026-06-08T12:38:13,2026-06-08,autonomous_missed_pick_recovery.py,foundation_floor_future_aware,0,1,Pringles,Pringles,0.97607421875,363.5,47.8125,437.5,164.0,221.66553416042228,162.48195558729657,64.1537953077038,191.6537953077038,127.5,35.3568899332916,289.14081675744944,737.3281331420046,0.0,-155.0,placed,61.71836551489893,54.65626628400917,98.70619754004929,object1_placed,
20260608_123813,run_20260608_123813,2026-06-08T12:38:13,2026-06-08,autonomous_missed_pick_recovery.py,foundation_floor_future_aware,1,2,Bandaid,Bandaid,0.9501953125,301.0,52.375,434.0,160.0,280.24070279812963,159.56328662627936,-2.1798505364973346,125.32014946350266,127.5,118.69301070725113,165.3496462802406,752.4770194919563,0.0,-155.0,placed,130.69929256048118,84.9540389839125,40.212837217420066,object2_placed,
20260608_123813,run_20260608_123813,2026-06-08T12:38:13,2026-06-08,autonomous_missed_pick_recovery.py,foundation_floor_future_aware,2,3,Carmex Lip Balm,Carmex Lip Balm,0.79931640625,132.5,270.0,264.75,398.25,112.83016477551509,479.29317419425684,-31.716975142753654,95.78302485724635,127.5,97.07466084088239,289.14081675744944,737.3281331420046,0.0,-56.29380245995071,placed,98.34686516026453,62.18605999133345,7.091716867476464,,
20260608_123813,run_20260608_123813,2026-06-08T12:38:13,2026-06-08,autonomous_missed_pick_recovery.py,foundation_floor_future_aware,3,4,Chex Mix,Chex Mix,0.9775390625,175.0,123.3125,362.25,261.75,231.98750071008192,336.2559785468662,-17.053599015343877,110.44640098465612,127.5,105.72516260071217,165.3496462802406,752.4770194919563,0.0,-114.78716278257993,placed,159.099482664695,97.44135321471454,24.466568854531403,,
20260608_123813,run_20260608_123813,2026-06-08T12:38:13,2026-06-08,autonomous_missed_pick_recovery.py,foundation_floor_future_aware,4,5,Burts Bees,Burts Bees,0.96923828125,287.25,152.25,378.25,217.75,208.379903785546,255.73773869223717,-34.928812378509434,92.57118762149057,127.5,116.47414633406079,289.14081675744944,737.3281331420046,0.0,-49.20208559247425,placed,79.04020565497389,56.59460149296741,15.8287488618205,,
20260608_123813,run_20260608_123813,2026-06-08T12:38:13,2026-06-08,autonomous_missed_pick_recovery.py,foundation_floor_future_aware,5,6,Lays Chips,Lays Chips,0.9775390625,99.125,105.25,245.5,282.0,291.21589888700106,440.38356842997166,0.36559233582922707,127.86559233582923,127.5,70.02908456582831,165.3496462802406,752.4770194919563,0.0,-90.32059392804852,placed,152.25505563230317,121.17886547857972,36.746198654883806,,
20260608_123813,run_20260608_123813,2026-06-08T12:38:13,2026-06-08,autonomous_missed_pick_recovery.py,foundation_floor_future_aware,6,7,Dove Deodorant,Dove Deodorant,0.97265625,375.25,81.0,479.5,161.5,220.75762507651072,97.28264385647334,-23.354562523594996,104.14543747640501,127.5,97.40997268829267,165.3496462802406,752.4770194919563,0.0,-53.57439527316471,placed,116.77510202192272,46.73896715112224,17.050139404065884,,
20260608_124212,run_20260608_124212,2026-06-08T12:42:12,2026-06-08,autonomous_missed_pick_recovery.py,foundation_floor_future_aware,0,1,Chex Mix,Chex Mix,0.96630859375,227.0,176.875,419.0,317.5,133.4704150594174,320.76547427255275,-18.317138327031223,109.18286167296878,127.5,172.3654076108588,255.89190932334088,754.6150666509926,0.0,-155.0,placed,138.2161806466818,99.23013330198528,21.804809227287514,,
20260608_124212,run_20260608_124212,2026-06-08T12:42:12,2026-06-08,autonomous_missed_pick_recovery.py,foundation_floor_future_aware,1,2,Carmex Lip Balm,Carmex Lip Balm,0.97802734375,113.4375,147.0,227.25,232.125,303.58659923290134,434.2541470646613,-32.91994905936861,94.5800509406314,127.5,175.266102497631,149.27507016559468,767.6885625258286,0.0,-155.0,placed,98.55014033118934,63.083141051657314,6.614508396777566,,
20260608_124212,run_20260608_124212,2026-06-08T12:42:12,2026-06-08,autonomous_missed_pick_recovery.py,foundation_floor_future_aware,2,3,Bandaid,Bandaid,0.6318359375,87.125,180.125,281.0,354.0,149.81693973262082,459.81266785320094,32.059937960241314,159.74053278471376,127.681,148.23215456951021,255.89190932334088,754.6150666509926,0.0,-133.19519077271246,placed,118.6264559309418,71.80187503356404,51.82448589573093,,
20260608_124212,run_20260608_124212,2026-06-08T12:42:12,2026-06-08,autonomous_missed_pick_recovery.py,foundation_floor_future_aware,3,4,Dove Deodorant,Dove Deodorant,0.9765625,81.0,138.0,205.0,233.875,330.0457308735439,463.0347788130233,-39.30068966859489,88.19931033140512,127.5,10.336196732507318,255.89190932334088,754.6150666509926,0.0,-81.37070487698153,placed,114.43769266355586,47.792542325010864,13.78144813608467,,
20260608_124212,run_20260608_124212,2026-06-08T12:42:12,2026-06-08,autonomous_missed_pick_recovery.py,foundation_floor_future_aware,4,5,Pringles,Pringles,0.95458984375,403.0,16.875,479.5,127.8125,230.60086687426048,97.63319198552023,111.78387989980844,243.69310178487675,131.909,31.64859767262263,255.89190932334088,754.6150666509926,0.0,-67.58925674089687,miss,62.1695571897425,54.8332487011489,101.6659062120577,,
20260608_124212,run_20260608_124212,2026-06-08T12:42:12,2026-06-08,autonomous_missed_pick_recovery.py,foundation_floor_future_aware,5,6,Lays Chips,Lays Chips,0.85009765625,146.5,185.0,385.5,375.5,161.89215345695794,428.8163885626852,26.440317365994687,153.9403173659947,127.5,34.24901509362607,255.89190932334088,754.6150666509926,0.0,34.076649471160835,miss,154.6647590728296,119.94440983534798,20.8476001757144,,
20260608_124212,run_20260608_124212,2026-06-08T12:42:12,2026-06-08,autonomous_missed_pick_recovery.py,foundation_floor_future_aware,6,7,Burts Bees,Burts Bees,0.97802734375,368.0,119.25,442.0,177.0,202.91722938058376,150.32072882295475,-30.20469977180062,97.29530022819938,127.5,131.62668306289828,255.89190932334088,754.6150666509926,0.0,54.92424964687524,placed,80.96249749570482,54.887359819854495,18.22598969078105,,
20260608_124212,run_20260608_124212,2026-06-08T12:42:12,2026-06-08,autonomous_missed_pick_recovery.py,foundation_floor_future_aware,7,8,Lays Chips,Lays Chips,0.609375,89.75,68.625,562.0,440.0,179.37121494243456,270.9955631668357,-51.53878771581045,75.96121228418954,127.5,101.60052736258791,210.0,755.0,0.0,-155.0,miss,164.92631652956072,108.66933619641945,37.45985682065189,,
20260608_124212,run_20260608_124212,2026-06-08T12:42:12,2026-06-08,autonomous_missed_pick_recovery.py,foundation_floor_future_aware,8,9,Pringles,Pringles,0.984375,57.8125,125.5,184.125,229.25,327.6707375082269,475.0120709818839,8.00144909342888,135.50144909342887,127.5,0.4440886025264774,255.89190932334088,754.6150666509926,0.0,73.15023933765627,placed,95.0640859470715,44.1259753920869,42.720121080244425,,
20260608_124212,run_20260608_124212,2026-06-08T12:42:12,2026-06-08,autonomous_missed_pick_recovery.py,foundation_floor_future_aware,9,10,Carmex Lip Balm,Carmex Lip Balm,0.9521484375,248.5,118.125,350.0,201.125,252.86528925230158,280.02420223879125,-22.4596739625961,105.0403260374039,127.5,90.91461448634993,255.89190932334088,754.6150666509926,0.0,115.87036041790071,placed,99.02121082942065,60.35681866379645,8.41055779160854,,
20260608_124212,run_20260608_124212,2026-06-08T12:42:12,2026-06-08,autonomous_missed_pick_recovery.py,foundation_floor_future_aware,10,11,Bandaid,Bandaid,0.97412109375,181.75,73.25,318.75,189.375,326.1722326285168,309.3912390899096,-5.621723391721516,121.87827660827848,127.5,101.49654797049793,255.89190932334088,754.6150666509926,0.0,124.28091820950925,placed,130.8301159865103,86.4610205957419,37.58370620932781,,
20260608_124212,run_20260608_124212,2026-06-08T12:42:12,2026-06-08,autonomous_missed_pick_recovery.py,foundation_floor_future_aware,11,12,Dove Deodorant,Dove Deodorant,0.97607421875,361.0,107.125,474.5,189.375,191.47608979222747,138.22543696438015,-20.73078022134274,106.76921977865726,127.5,108.13470282222967,255.89190932334088,754.6150666509926,0.0,161.86462441883708,placed,113.78614921798905,44.09441885440301,20.456366918793265,,
20260608_124212,run_20260608_124212,2026-06-08T12:42:12,2026-06-08,autonomous_missed_pick_recovery.py,foundation_floor_future_aware,12,13,Chex Mix,Chex Mix,0.9814453125,107.625,141.375,293.75,290.25,252.84346791112273,420.24152483571663,-23.978125814613747,103.52187418538625,127.5,21.93733307131265,255.89190932334088,754.6150666509926,0.0,182.32099133763035,placed,130.877163863885,102.69915488652538,25.775965147467296,,
20260608_124212,run_20260608_124212,2026-06-08T12:42:12,2026-06-08,autonomous_missed_pick_recovery.py,foundation_floor_future_aware,13,14,Burts Bees,Burts Bees,0.9736328125,402.5,84.375,464.0,149.25,229.9853334561534,80.83485078628848,-29.590399463205777,97.90960053679422,127.5,42.863766880762824,255.89190932334088,754.6150666509926,0.0,208.09695648509762,placed,71.06885921832249,60.05919173524128,19.866762705721975,,
20260608_124212,run_20260608_124212,2026-06-08T12:42:12,2026-06-08,autonomous_missed_pick_recovery.py,foundation_floor_future_aware,14,1,Chex Mix,Chex Mix,0.90380859375,316.0,53.4375,477.0,194.25,249.0854405015495,154.39034721857814,97.39703727972933,224.89703727972932,127.5,105.09987709079542,,,,,pending,,,,,
20260608_125935,run_20260608_125935,2026-06-08T12:59:35,2026-06-08,autonomous_missed_pick_recovery.py,foundation_floor_future_aware,0,2,Dove Deodorant,Dove Deodorant,0.8671875,136.125,236.75,278.0,342.5,153.90997663547734,448.53869996141196,-31.699788028361766,95.80021197163823,127.5,114.1179850808232,258.62749977364575,757.9232289122036,0.0,-155.0,placed,121.54027280236063,48.95712759155372,14.091610069670537,object2_placed,
20260608_125935,run_20260608_125935,2026-06-08T12:59:35,2026-06-08,autonomous_missed_pick_recovery.py,foundation_floor_future_aware,1,3,Pringles,Pringles,0.9892578125,161.375,71.375,250.75,192.0,304.81848929338986,372.9407420573626,63.134769302827806,190.6347693028278,127.5,84.73618280739186,131.46051813356138,755.0005102800983,90.0,-155.0,placed,62.92103626712276,54.80256456019668,99.91202952689821,,
20260608_125935,run_20260608_125935,2026-06-08T12:59:35,2026-06-08,autonomous_missed_pick_recovery.py,foundation_floor_future_aware,2,4,Chex Mix,Chex Mix,0.98095703125,335.5,61.5,485.75,164.375,236.20771679266107,107.31796917626848,-10.553882365219518,116.94611763478048,127.5,129.57457924450372,258.62749977364575,757.9232289122036,0.0,-118.94253116761614,placed,138.84704471674914,96.95547981677299,26.820323418877525,,
20260608_125935,run_20260608_125935,2026-06-08T12:59:35,2026-06-08,autonomous_missed_pick_recovery.py,foundation_floor_future_aware,3,5,Pringles,Pringles,0.97607421875,393.5,63.75,477.0,180.5,173.52376030937896,141.69700895320565,66.97717784747357,194.47717784747357,127.5,22.803171538983605,131.46051813356138,755.0005102800983,90.0,-55.08797047310179,placed,60.82603790995843,53.633516163338406,94.14823359208316,,
20260608_125935,run_20260608_125935,2026-06-08T12:59:35,2026-06-08,autonomous_missed_pick_recovery.py,foundation_floor_future_aware,4,6,Bandaid,Bandaid,0.91552734375,225.875,95.0,323.0,250.25,188.11429111829028,360.4409726882543,97.43258434652122,224.93258434652122,127.5,100.64907695228926,131.46051813356138,755.0005102800983,90.0,39.06026311898137,placed,95.81688610228404,41.92341393475865,95.05509130018217,,
20260608_125935,run_20260608_125935,2026-06-08T12:59:35,2026-06-08,autonomous_missed_pick_recovery.py,foundation_floor_future_aware,5,8,Dove Deodorant,Dove Deodorant,0.7216796875,189.5,192.375,300.0,280.0,198.49172262689143,388.4041684550696,-22.209525943817674,105.53995744899947,127.749,179.20374591243942,131.46051813356138,755.0005102800983,90.0,134.11535441916354,placed,89.95184073600534,51.287052719698025,18.54242248116337,,
20260608_125935,run_20260608_125935,2026-06-08T12:59:35,2026-06-08,autonomous_missed_pick_recovery.py,foundation_floor_future_aware,6,9,Lays Chips,Lays Chips,0.96533203125,280.75,101.75,471.25,228.5,179.4610316559042,214.50883814596176,13.288068352381783,140.78806835238177,127.5,148.1919834272695,258.62749977364575,757.9232289122036,0.0,-59.9846058590286,placed,166.09243876844468,108.57888016412959,40.570124929702004,,
20260608_125935,run_20260608_125935,2026-06-08T12:59:35,2026-06-08,autonomous_missed_pick_recovery.py,foundation_floor_future_aware,7,11,Burts Bees,Burts Bees,0.9765625,133.0,176.25,230.0,244.625,272.2237869221499,434.7068308210333,-43.50567909053393,83.99432090946607,127.5,134.44577399824252,131.46051813356138,755.0005102800983,90.0,156.21813211097341,placed,78.16130177090764,54.8580391873117,14.591817376678627,,
20260608_125935,run_20260608_125935,2026-06-08T12:59:35,2026-06-08,autonomous_missed_pick_recovery.py,foundation_floor_future_aware,8,3,Lays Chips,Lays Chips,0.98193359375,336.0,41.625,511.75,172.375,231.27234332329303,112.21261405626053,9.793206018506377,137.29320601850637,127.5,74.39301249394529,217.65145501977895,755.9007878317946,0.0,-76.44628443590128,placed,162.9424950988898,112.2417573018409,33.355284827507546,,
20260608_125935,run_20260608_125935,2026-06-08T12:59:35,2026-06-08,autonomous_missed_pick_recovery.py,foundation_floor_future_aware,9,4,Burts Bees,Burts Bees,0.9794921875,246.75,155.625,327.5,215.5,233.60633556889968,311.4675971991449,-35.10101803707971,92.39898196292029,127.5,156.99873799514071,217.65145501977895,755.9007878317946,0.0,-43.09099960839373,placed,78.80122815962217,55.24710532082684,20.36219110889556,,
20260608_125935,run_20260608_125935,2026-06-08T12:59:35,2026-06-08,autonomous_missed_pick_recovery.py,foundation_floor_future_aware,10,5,Chex Mix,Chex Mix,0.93408203125,102.9375,134.625,241.0,264.25,280.8051220429302,440.65877694862434,-26.291520013906556,101.20847998609344,127.5,51.48430113471008,217.65145501977895,755.9007878317946,0.0,-22.72880849949817,placed,129.92426111926667,101.39179488761806,22.093753215354262,,
20260608_125935,run_20260608_125935,2026-06-08T12:59:35,2026-06-08,autonomous_missed_pick_recovery.py,foundation_floor_future_aware,11,6,Dove Deodorant,Dove Deodorant,0.97509765625,269.75,93.1875,380.5,169.625,283.20409805023075,225.73184614898508,-26.048141546007834,101.45185845399217,127.5,105.80058225165399,278.570104545411,753.3149531971221,90.0,-155.0,placed,117.41342639424433,48.14396909082201,16.63418387108542,,
20260608_125935,run_20260608_125935,2026-06-08T12:59:35,2026-06-08,autonomous_missed_pick_recovery.py,foundation_floor_future_aware,12,8,Pringles,Pringles,0.8642578125,238.625,96.0,319.5,242.0,187.7009388212581,341.31324917416384,99.71220310220079,227.2122031022008,127.5,71.05395084035841,217.65145501977895,755.9007878317946,0.0,6.865392122944513,placed,61.226240039197464,53.392256187057555,102.47362612515408,,
20260608_125935,run_20260608_125935,2026-06-08T12:59:35,2026-06-08,autonomous_missed_pick_recovery.py,foundation_floor_future_aware,13,9,Bandaid,Bandaid,0.455078125,339.5,81.875,432.25,202.75,199.82933220222077,192.0889209611164,21.29029276078405,148.79029276078404,127.5,92.74310074010943,217.65145501977895,755.9007878317946,0.0,109.3390182480986,placed,106.10244769969286,32.93615216434711,62.03344400596447,,
20260608_125935,run_20260608_125935,2026-06-08T12:59:35,2026-06-08,autonomous_missed_pick_recovery.py,foundation_floor_future_aware,14,10,Dove Deodorant,Dove Deodorant,0.97900390625,269.5,132.75,370.75,232.875,217.66526647604874,273.1754294690131,-40.94417585749824,86.55582414250176,127.5,84.52175975847531,,,,,pending,,,,,
